showtime,english_title,hebrew_title,english_href,hebrew_href,screening_type,screening_tech,original_language,dub_language,date_of_showing,release_year,release_date,directed_by,runtime,rating,screening_city,cinema,run_id
22:15,Obsession,אובססיה,https://tickets.hotcinema.co.il/site/1197/tickets?code=1197-142595&languageid=en_gb,https://tickets.hotcinema.co.il/site/1197/tickets?code=1197-142595&languageid=he_IL,Regular,2D,,,2026-07-26,2026,,,108,14+,Kfar Saba,Hot Cinema,574
18:40,Just an Illusion,אשליות מתוקות,https://tickets.hotcinema.co.il/site/1197/tickets?code=1197-142600&languageid=en_gb,https://tickets.hotcinema.co.il/site/1197/tickets?code=1197-142600&languageid=he_IL,Regular,2D,,,2026-07-26,2026,,,116,All,Kfar Saba,Hot Cinema,574
21:15,Just an Illusion,אשליות מתוקות,https://tickets.hotcinema.co.il/site/1197/tickets?code=1197-142601&languageid=en_gb,https://tickets.hotcinema.co.il/site/1197/tickets?code=1197-142601&languageid=he_IL,Regular,2D,,,2026-07-26,2026,,,116,All,Kfar Saba,Hot Cinema,574
11:10,The Odyssey,האודיסאה,https://tickets.hotcinema.co.il/site/1197/tickets?code=1197-142628&languageid=en_gb,https://tickets.hotcinema.co.il/site/1197/tickets?code=1197-142628&languageid=he_IL,Premium,2D,,,2026-07-26,2026,,,172,14+,Kfar Saba,Hot Cinema,574
13:30,The Odyssey,האודיסאה,https://tickets.hotcinema.co.il/site/1197/tickets?code=1197-142576&languageid=en_gb,https://tickets.hotcinema.co.il/site/1197/tickets?code=1197-142576&languageid=he_IL,Regular,2D,,,2026-07-26,2026,,,172,14+,Kfar Saba,Hot Cinema,574
14:50,The Odyssey,האודיסאה,https://tickets.hotcinema.co.il/site/1197/tickets?code=1197-142629&languageid=en_gb,https://tickets.hotcinema.co.il/site/1197/tickets?code=1197-142629&languageid=he_IL,Premium,2D,,,2026-07-26,2026,,,172,14+,Kfar Saba,Hot Cinema,574
19:10,The Odyssey,האודיסאה,https://tickets.hotcinema.co.il/site/1197/tickets?code=1197-142637&languageid=en_gb,https://tickets.hotcinema.co.il/site/1197/tickets?code=1197-142637&languageid=he_IL,Regular,2D,,,2026-07-26,2026,,,172,14+,Kfar Saba,Hot Cinema,574
20:00,The Odyssey,האודיסאה,https://tickets.hotcinema.co.il/site/1197/tickets?code=1197-142575&languageid=en_gb,https://tickets.hotcinema.co.il/site/1197/tickets?code=1197-142575&languageid=he_IL,Regular,2D,,,2026-07-26,2026,,,172,14+,Kfar Saba,Hot Cinema,574
20:40,The Odyssey,האודיסאה,https://tickets.hotcinema.co.il/site/1197/tickets?code=1197-142638&languageid=en_gb,https://tickets.hotcinema.co.il/site/1197/tickets?code=1197-142638&languageid=he_IL,Regular,2D,,,2026-07-26,2026,,,172,14+,Kfar Saba,Hot Cinema,574
21:30,The Odyssey,האודיסאה,https://tickets.hotcinema.co.il/site/1197/tickets?code=1197-142623&languageid=en_gb,https://tickets.hotcinema.co.il/site/1197/tickets?code=1197-142623&languageid=he_IL,Premium,2D,,,2026-07-26,2026,,,172,14+,Kfar Saba,Hot Cinema,574
22:15,The Odyssey,האודיסאה,https://tickets.hotcinema.co.il/site/1197/tickets?code=1197-142577&languageid=en_gb,https://tickets.hotcinema.co.il/site/1197/tickets?code=1197-142577&languageid=he_IL,Regular,2D,,,2026-07-26,2026,,,172,14+,Kfar Saba,Hot Cinema,574
19:10,The Invite,ההזמנה,https://tickets.hotcinema.co.il/site/1197/tickets?code=1197-142618&languageid=en_gb,https://tickets.hotcinema.co.il/site/1197/tickets?code=1197-142618&languageid=he_IL,Regular,2D,,,2026-07-26,2026,,,107,14+,Kfar Saba,Hot Cinema,574
21:30,The Invite,ההזמנה,https://tickets.hotcinema.co.il/site/1197/tickets?code=1197-142624&languageid=en_gb,https://tickets.hotcinema.co.il/site/1197/tickets?code=1197-142624&languageid=he_IL,Regular,2D,,,2026-07-26,2026,,,107,14+,Kfar Saba,Hot Cinema,574
19:30,American Hina,חינה אמריקאית,https://tickets.hotcinema.co.il/site/1197/tickets?code=1197-142619&languageid=en_gb,https://tickets.hotcinema.co.il/site/1197/tickets?code=1197-142619&languageid=he_IL,Regular,2D,,,2026-07-26,2026,,,100,All,Kfar Saba,Hot Cinema,574
21:40,American Hina,חינה אמריקאית,https://tickets.hotcinema.co.il/site/1197/tickets?code=1197-142620&languageid=en_gb,https://tickets.hotcinema.co.il/site/1197/tickets?code=1197-142620&languageid=he_IL,Regular,2D,,,2026-07-26,2026,,,100,All,Kfar Saba,Hot Cinema,574
10:40,Tafiti: Across the Desert,טפיטי: הרפתקה במדבר,https://tickets.hotcinema.co.il/site/1197/tickets?code=1197-142596&languageid=en_gb,https://tickets.hotcinema.co.il/site/1197/tickets?code=1197-142596&languageid=he_IL,Regular,2D,,,2026-07-26,,,,81,הגבלת גיל: עד גיל 8 בליווי מבוגר,Kfar Saba,Hot Cinema,574
12:40,Tafiti: Across the Desert,טפיטי: הרפתקה במדבר,https://tickets.hotcinema.co.il/site/1197/tickets?code=1197-142597&languageid=en_gb,https://tickets.hotcinema.co.il/site/1197/tickets?code=1197-142597&languageid=he_IL,Regular,2D,,,2026-07-26,,,,81,הגבלת גיל: עד גיל 8 בליווי מבוגר,Kfar Saba,Hot Cinema,574
14:40,Tafiti: Across the Desert,טפיטי: הרפתקה במדבר,https://tickets.hotcinema.co.il/site/1197/tickets?code=1197-142598&languageid=en_gb,https://tickets.hotcinema.co.il/site/1197/tickets?code=1197-142598&languageid=he_IL,Regular,2D,,,2026-07-26,,,,81,הגבלת גיל: עד גיל 8 בליווי מבוגר,Kfar Saba,Hot Cinema,574
16:40,Tafiti: Across the Desert,טפיטי: הרפתקה במדבר,https://tickets.hotcinema.co.il/site/1197/tickets?code=1197-142599&languageid=en_gb,https://tickets.hotcinema.co.il/site/1197/tickets?code=1197-142599&languageid=he_IL,Regular,2D,,,2026-07-26,,,,81,הגבלת גיל: עד גיל 8 בליווי מבוגר,Kfar Saba,Hot Cinema,574
21:45,כי את מכוערת,כי את מכוערת,https://tickets.hotcinema.co.il/site/1197/tickets?code=1197-142615&languageid=en_gb,https://tickets.hotcinema.co.il/site/1197/tickets?code=1197-142615&languageid=he_IL,Regular,2D,,,2026-07-26,2025,,,83,12+,Kfar Saba,Hot Cinema,574
10:30,MASHA and THE BEAR – WONDER PARK,מאשה והדוב – ההרפתקה הגדולה,https://tickets.hotcinema.co.il/site/1197/tickets?code=1197-142622&languageid=en_gb,https://tickets.hotcinema.co.il/site/1197/tickets?code=1197-142622&languageid=he_IL,Regular,2D,,Hebrew,2026-07-26,2026,,,73,All,Kfar Saba,Hot Cinema,574
12:30,MASHA and THE BEAR – WONDER PARK,מאשה והדוב – ההרפתקה הגדולה,https://tickets.hotcinema.co.il/site/1197/tickets?code=1197-142625&languageid=en_gb,https://tickets.hotcinema.co.il/site/1197/tickets?code=1197-142625&languageid=he_IL,Regular,2D,,Hebrew,2026-07-26,2026,,,73,All,Kfar Saba,Hot Cinema,574
19:25,Moana (Live Action),מואנה לייב אקשן,https://tickets.hotcinema.co.il/site/1197/tickets?code=1197-142640&languageid=en_gb,https://tickets.hotcinema.co.il/site/1197/tickets?code=1197-142640&languageid=he_IL,Regular,2D,,,2026-07-26,2026,,,115,All,Kfar Saba,Hot Cinema,574
21:50,Moana (Live Action),מואנה לייב אקשן,https://tickets.hotcinema.co.il/site/1197/tickets?code=1197-142621&languageid=en_gb,https://tickets.hotcinema.co.il/site/1197/tickets?code=1197-142621&languageid=he_IL,Regular,2D,,,2026-07-26,2026,,,115,All,Kfar Saba,Hot Cinema,574
11:30,Moana (Live Action),מואנה לייב אקשן,https://tickets.hotcinema.co.il/site/1197/tickets?code=1197-142587&languageid=en_gb,https://tickets.hotcinema.co.il/site/1197/tickets?code=1197-142587&languageid=he_IL,Regular,2D,,Hebrew,2026-07-26,2026,,,115,All,Kfar Saba,Hot Cinema,574
14:10,Moana (Live Action),מואנה לייב אקשן,https://tickets.hotcinema.co.il/site/1197/tickets?code=1197-142588&languageid=en_gb,https://tickets.hotcinema.co.il/site/1197/tickets?code=1197-142588&languageid=he_IL,Regular,2D,,Hebrew,2026-07-26,2026,,,115,All,Kfar Saba,Hot Cinema,574
16:45,Moana (Live Action),מואנה לייב אקשן,https://tickets.hotcinema.co.il/site/1197/tickets?code=1197-142589&languageid=en_gb,https://tickets.hotcinema.co.il/site/1197/tickets?code=1197-142589&languageid=he_IL,Regular,2D,,Hebrew,2026-07-26,2026,,,115,All,Kfar Saba,Hot Cinema,574
19:40,Minions & Monsters,מיניונים ומפלצות,https://tickets.hotcinema.co.il/site/1197/tickets?code=1197-142627&languageid=en_gb,https://tickets.hotcinema.co.il/site/1197/tickets?code=1197-142627&languageid=he_IL,Regular,2D,,,2026-07-26,2026,,,90,All,Kfar Saba,Hot Cinema,574
10:15,Minions & Monsters,מיניונים ומפלצות,https://tickets.hotcinema.co.il/site/1197/tickets?code=1197-142579&languageid=en_gb,https://tickets.hotcinema.co.il/site/1197/tickets?code=1197-142579&languageid=he_IL,Regular,2D,,Hebrew,2026-07-26,2026,,,90,All,Kfar Saba,Hot Cinema,574
11:45,Minions & Monsters,מיניונים ומפלצות,https://tickets.hotcinema.co.il/site/1197/tickets?code=1197-142617&languageid=en_gb,https://tickets.hotcinema.co.il/site/1197/tickets?code=1197-142617&languageid=he_IL,Regular,2D,,Hebrew,2026-07-26,2026,,,90,All,Kfar Saba,Hot Cinema,574
12:30,Minions & Monsters,מיניונים ומפלצות,https://tickets.hotcinema.co.il/site/1197/tickets?code=1197-142580&languageid=en_gb,https://tickets.hotcinema.co.il/site/1197/tickets?code=1197-142580&languageid=he_IL,Regular,2D,,Hebrew,2026-07-26,2026,,,90,All,Kfar Saba,Hot Cinema,574
14:40,Minions & Monsters,מיניונים ומפלצות,https://tickets.hotcinema.co.il/site/1197/tickets?code=1197-142581&languageid=en_gb,https://tickets.hotcinema.co.il/site/1197/tickets?code=1197-142581&languageid=he_IL,Regular,2D,,Hebrew,2026-07-26,2026,,,90,All,Kfar Saba,Hot Cinema,574
15:10,Minions & Monsters,מיניונים ומפלצות,https://tickets.hotcinema.co.il/site/1197/tickets?code=1197-142616&languageid=en_gb,https://tickets.hotcinema.co.il/site/1197/tickets?code=1197-142616&languageid=he_IL,Regular,2D,,Hebrew,2026-07-26,2026,,,90,All,Kfar Saba,Hot Cinema,574
16:50,Minions & Monsters,מיניונים ומפלצות,https://tickets.hotcinema.co.il/site/1197/tickets?code=1197-142582&languageid=en_gb,https://tickets.hotcinema.co.il/site/1197/tickets?code=1197-142582&languageid=he_IL,Regular,2D,,Hebrew,2026-07-26,2026,,,90,All,Kfar Saba,Hot Cinema,574
10:10,School of Magical Animals,סוד החיות הקסומות 3,https://tickets.hotcinema.co.il/site/1197/tickets?code=1197-142602&languageid=en_gb,https://tickets.hotcinema.co.il/site/1197/tickets?code=1197-142602&languageid=he_IL,Regular,2D,,Hebrew,2026-07-26,2024,,,105,All,Kfar Saba,Hot Cinema,574
12:30,School of Magical Animals,סוד החיות הקסומות 3,https://tickets.hotcinema.co.il/site/1197/tickets?code=1197-142603&languageid=en_gb,https://tickets.hotcinema.co.il/site/1197/tickets?code=1197-142603&languageid=he_IL,Regular,2D,,Hebrew,2026-07-26,2024,,,105,All,Kfar Saba,Hot Cinema,574
14:50,School of Magical Animals,סוד החיות הקסומות 3,https://tickets.hotcinema.co.il/site/1197/tickets?code=1197-142604&languageid=en_gb,https://tickets.hotcinema.co.il/site/1197/tickets?code=1197-142604&languageid=he_IL,Regular,2D,,Hebrew,2026-07-26,2024,,,105,All,Kfar Saba,Hot Cinema,574
17:10,School of Magical Animals,סוד החיות הקסומות 3,https://tickets.hotcinema.co.il/site/1197/tickets?code=1197-142605&languageid=en_gb,https://tickets.hotcinema.co.il/site/1197/tickets?code=1197-142605&languageid=he_IL,Regular,2D,,Hebrew,2026-07-26,2024,,,105,All,Kfar Saba,Hot Cinema,574
10:15,Saltiz,סולטיז הסרט - וולוג ה-100,https://tickets.hotcinema.co.il/site/1197/tickets?code=1197-142633&languageid=en_gb,https://tickets.hotcinema.co.il/site/1197/tickets?code=1197-142633&languageid=he_IL,Regular,2D,,,2026-07-26,2026,,,100,All,Kfar Saba,Hot Cinema,574
11:00,Saltiz,סולטיז הסרט - וולוג ה-100,https://tickets.hotcinema.co.il/site/1197/tickets?code=1197-142877&languageid=en_gb,https://tickets.hotcinema.co.il/site/1197/tickets?code=1197-142877&languageid=he_IL,Regular,2D,,,2026-07-26,2026,,,100,All,Kfar Saba,Hot Cinema,574
11:30,Saltiz,סולטיז הסרט - וולוג ה-100,https://tickets.hotcinema.co.il/site/1197/tickets?code=1197-142636&languageid=en_gb,https://tickets.hotcinema.co.il/site/1197/tickets?code=1197-142636&languageid=he_IL,Regular,2D,,,2026-07-26,2026,,,100,All,Kfar Saba,Hot Cinema,574
12:30,Saltiz,סולטיז הסרט - וולוג ה-100,https://tickets.hotcinema.co.il/site/1197/tickets?code=1197-142632&languageid=en_gb,https://tickets.hotcinema.co.il/site/1197/tickets?code=1197-142632&languageid=he_IL,Regular,2D,,,2026-07-26,2026,,,100,All,Kfar Saba,Hot Cinema,574
13:45,Saltiz,סולטיז הסרט - וולוג ה-100,https://tickets.hotcinema.co.il/site/1197/tickets?code=1197-142635&languageid=en_gb,https://tickets.hotcinema.co.il/site/1197/tickets?code=1197-142635&languageid=he_IL,Regular,2D,,,2026-07-26,2026,,,100,All,Kfar Saba,Hot Cinema,574
14:15,Saltiz,סולטיז הסרט - וולוג ה-100,https://tickets.hotcinema.co.il/site/1197/tickets?code=1197-142634&languageid=en_gb,https://tickets.hotcinema.co.il/site/1197/tickets?code=1197-142634&languageid=he_IL,Regular,2D,,,2026-07-26,2026,,,100,All,Kfar Saba,Hot Cinema,574
14:40,Saltiz,סולטיז הסרט - וולוג ה-100,https://tickets.hotcinema.co.il/site/1197/tickets?code=1197-142631&languageid=en_gb,https://tickets.hotcinema.co.il/site/1197/tickets?code=1197-142631&languageid=he_IL,Regular,2D,,,2026-07-26,2026,,,100,All,Kfar Saba,Hot Cinema,574
16:50,Saltiz,סולטיז הסרט - וולוג ה-100,https://tickets.hotcinema.co.il/site/1197/tickets?code=1197-142630&languageid=en_gb,https://tickets.hotcinema.co.il/site/1197/tickets?code=1197-142630&languageid=he_IL,Regular,2D,,,2026-07-26,2026,,,100,All,Kfar Saba,Hot Cinema,574
15:00,Supergirl,סופר גירל,https://tickets.hotcinema.co.il/site/1197/tickets?code=1197-142626&languageid=en_gb,https://tickets.hotcinema.co.il/site/1197/tickets?code=1197-142626&languageid=he_IL,Regular,2D,,,2026-07-26,2026,,,107,All,Kfar Saba,Hot Cinema,574
10:20,Three Wishes for Cinderella,סינדרלה ושלוש המשאלות,https://tickets.hotcinema.co.il/site/1197/tickets?code=1197-142610&languageid=en_gb,https://tickets.hotcinema.co.il/site/1197/tickets?code=1197-142610&languageid=he_IL,Regular,2D,,Hebrew,2026-07-26,2026,,,85,All,Kfar Saba,Hot Cinema,574
12:20,Three Wishes for Cinderella,סינדרלה ושלוש המשאלות,https://tickets.hotcinema.co.il/site/1197/tickets?code=1197-142611&languageid=en_gb,https://tickets.hotcinema.co.il/site/1197/tickets?code=1197-142611&languageid=he_IL,Regular,2D,,Hebrew,2026-07-26,2026,,,85,All,Kfar Saba,Hot Cinema,574
14:20,Three Wishes for Cinderella,סינדרלה ושלוש המשאלות,https://tickets.hotcinema.co.il/site/1197/tickets?code=1197-142612&languageid=en_gb,https://tickets.hotcinema.co.il/site/1197/tickets?code=1197-142612&languageid=he_IL,Regular,2D,,Hebrew,2026-07-26,2026,,,85,All,Kfar Saba,Hot Cinema,574
10:10,Toy Story 5,צעצוע של סיפור 5,https://tickets.hotcinema.co.il/site/1197/tickets?code=1197-142594&languageid=en_gb,https://tickets.hotcinema.co.il/site/1197/tickets?code=1197-142594&languageid=he_IL,Regular,2D,,Hebrew,2026-07-26,2026,,,102,All,Kfar Saba,Hot Cinema,574
12:30,Toy Story 5,צעצוע של סיפור 5,https://tickets.hotcinema.co.il/site/1197/tickets?code=1197-142593&languageid=en_gb,https://tickets.hotcinema.co.il/site/1197/tickets?code=1197-142593&languageid=he_IL,Regular,2D,,Hebrew,2026-07-26,2026,,,102,All,Kfar Saba,Hot Cinema,574
14:55,Toy Story 5,צעצוע של סיפור 5,https://tickets.hotcinema.co.il/site/1197/tickets?code=1197-142592&languageid=en_gb,https://tickets.hotcinema.co.il/site/1197/tickets?code=1197-142592&languageid=he_IL,Regular,2D,,Hebrew,2026-07-26,2026,,,102,All,Kfar Saba,Hot Cinema,574
11:40,קופה ראשית: הסרט,קופה ראשית: הסרט,https://tickets.hotcinema.co.il/site/1197/tickets?code=1197-142586&languageid=en_gb,https://tickets.hotcinema.co.il/site/1197/tickets?code=1197-142586&languageid=he_IL,Regular,2D,,,2026-07-26,2026,,,91,All,Kfar Saba,Hot Cinema,574
14:00,קופה ראשית: הסרט,קופה ראשית: הסרט,https://tickets.hotcinema.co.il/site/1197/tickets?code=1197-142585&languageid=en_gb,https://tickets.hotcinema.co.il/site/1197/tickets?code=1197-142585&languageid=he_IL,Regular,2D,,,2026-07-26,2026,,,91,All,Kfar Saba,Hot Cinema,574
16:10,קופה ראשית: הסרט,קופה ראשית: הסרט,https://tickets.hotcinema.co.il/site/1197/tickets?code=1197-142584&languageid=en_gb,https://tickets.hotcinema.co.il/site/1197/tickets?code=1197-142584&languageid=he_IL,Regular,2D,,,2026-07-26,2026,,,91,All,Kfar Saba,Hot Cinema,574
18:15,קופה ראשית: הסרט,קופה ראשית: הסרט,https://tickets.hotcinema.co.il/site/1197/tickets?code=1197-142583&languageid=en_gb,https://tickets.hotcinema.co.il/site/1197/tickets?code=1197-142583&languageid=he_IL,Regular,2D,,,2026-07-26,2026,,,91,All,Kfar Saba,Hot Cinema,574
19:20,קופה ראשית: הסרט,קופה ראשית: הסרט,https://tickets.hotcinema.co.il/site/1197/tickets?code=1197-142590&languageid=en_gb,https://tickets.hotcinema.co.il/site/1197/tickets?code=1197-142590&languageid=he_IL,Regular,2D,,,2026-07-26,2026,,,91,All,Kfar Saba,Hot Cinema,574
21:30,קופה ראשית: הסרט,קופה ראשית: הסרט,https://tickets.hotcinema.co.il/site/1197/tickets?code=1197-142591&languageid=en_gb,https://tickets.hotcinema.co.il/site/1197/tickets?code=1197-142591&languageid=he_IL,Regular,2D,,,2026-07-26,2026,,,91,All,Kfar Saba,Hot Cinema,574
18:50,Dream High,תיכון מגשימים,https://tickets.hotcinema.co.il/site/1197/tickets?code=1197-142613&languageid=en_gb,https://tickets.hotcinema.co.il/site/1197/tickets?code=1197-142613&languageid=he_IL,Regular,2D,,,2026-07-26,2026,,,100,12+,Kfar Saba,Hot Cinema,574
21:10,Dream High,תיכון מגשימים,https://tickets.hotcinema.co.il/site/1197/tickets?code=1197-142614&languageid=en_gb,https://tickets.hotcinema.co.il/site/1197/tickets?code=1197-142614&languageid=he_IL,Regular,2D,,,2026-07-26,2026,,,100,12+,Kfar Saba,Hot Cinema,574
19:35,Obsession,אובססיה,https://tickets.hotcinema.co.il/site/1197/tickets?code=1197-142394&languageid=en_gb,https://tickets.hotcinema.co.il/site/1197/tickets?code=1197-142394&languageid=he_IL,Regular,2D,,,2026-07-27,2026,,,108,14+,Kfar Saba,Hot Cinema,574
22:00,Obsession,אובססיה,https://tickets.hotcinema.co.il/site/1197/tickets?code=1197-142395&languageid=en_gb,https://tickets.hotcinema.co.il/site/1197/tickets?code=1197-142395&languageid=he_IL,Regular,2D,,,2026-07-27,2026,,,108,14+,Kfar Saba,Hot Cinema,574
18:40,Just an Illusion,אשליות מתוקות,https://tickets.hotcinema.co.il/site/1197/tickets?code=1197-142400&languageid=en_gb,https://tickets.hotcinema.co.il/site/1197/tickets?code=1197-142400&languageid=he_IL,Regular,2D,,,2026-07-27,2026,,,116,All,Kfar Saba,Hot Cinema,574
21:15,Just an Illusion,אשליות מתוקות,https://tickets.hotcinema.co.il/site/1197/tickets?code=1197-142401&languageid=en_gb,https://tickets.hotcinema.co.il/site/1197/tickets?code=1197-142401&languageid=he_IL,Regular,2D,,,2026-07-27,2026,,,116,All,Kfar Saba,Hot Cinema,574
19:50,Welcome To The Jungle,ברוכים הבאים לג'ונגל,https://tickets.hotcinema.co.il/site/1197/tickets?code=1197-142440&languageid=en_gb,https://tickets.hotcinema.co.il/site/1197/tickets?code=1197-142440&languageid=he_IL,Regular,2D,,,2026-07-27,2026,,,170,All,Kfar Saba,Hot Cinema,574
11:15,The Odyssey,האודיסאה,https://tickets.hotcinema.co.il/site/1197/tickets?code=1197-142372&languageid=en_gb,https://tickets.hotcinema.co.il/site/1197/tickets?code=1197-142372&languageid=he_IL,Regular,2D,,,2026-07-27,2026,,,172,14+,Kfar Saba,Hot Cinema,574
14:50,The Odyssey,האודיסאה,https://tickets.hotcinema.co.il/site/1197/tickets?code=1197-142373&languageid=en_gb,https://tickets.hotcinema.co.il/site/1197/tickets?code=1197-142373&languageid=he_IL,Regular,2D,,,2026-07-27,2026,,,172,14+,Kfar Saba,Hot Cinema,574
16:20,The Odyssey,האודיסאה,https://tickets.hotcinema.co.il/site/1197/tickets?code=1197-142367&languageid=en_gb,https://tickets.hotcinema.co.il/site/1197/tickets?code=1197-142367&languageid=he_IL,Regular,2D,,,2026-07-27,2026,,,172,14+,Kfar Saba,Hot Cinema,574
20:10,The Odyssey,האודיסאה,https://tickets.hotcinema.co.il/site/1197/tickets?code=1197-142371&languageid=en_gb,https://tickets.hotcinema.co.il/site/1197/tickets?code=1197-142371&languageid=he_IL,Regular,2D,,,2026-07-27,2026,,,172,14+,Kfar Saba,Hot Cinema,574
20:45,The Odyssey,האודיסאה,https://tickets.hotcinema.co.il/site/1197/tickets?code=1197-142370&languageid=en_gb,https://tickets.hotcinema.co.il/site/1197/tickets?code=1197-142370&languageid=he_IL,Premium,2D,,,2026-07-27,2026,,,172,14+,Kfar Saba,Hot Cinema,574
21:15,The Odyssey,האודיסאה,https://tickets.hotcinema.co.il/site/1197/tickets?code=1197-142426&languageid=en_gb,https://tickets.hotcinema.co.il/site/1197/tickets?code=1197-142426&languageid=he_IL,Regular,2D,,,2026-07-27,2026,,,172,14+,Kfar Saba,Hot Cinema,574
22:20,The Odyssey,האודיסאה,https://tickets.hotcinema.co.il/site/1197/tickets?code=1197-142374&languageid=en_gb,https://tickets.hotcinema.co.il/site/1197/tickets?code=1197-142374&languageid=he_IL,Regular,2D,,,2026-07-27,2026,,,172,14+,Kfar Saba,Hot Cinema,574
19:10,The Invite,ההזמנה,https://tickets.hotcinema.co.il/site/1197/tickets?code=1197-142422&languageid=en_gb,https://tickets.hotcinema.co.il/site/1197/tickets?code=1197-142422&languageid=he_IL,Regular,2D,,,2026-07-27,2026,,,107,14+,Kfar Saba,Hot Cinema,574
19:40,American Hina,חינה אמריקאית,https://tickets.hotcinema.co.il/site/1197/tickets?code=1197-142438&languageid=en_gb,https://tickets.hotcinema.co.il/site/1197/tickets?code=1197-142438&languageid=he_IL,Regular,2D,,,2026-07-27,2026,,,100,All,Kfar Saba,Hot Cinema,574
21:50,American Hina,חינה אמריקאית,https://tickets.hotcinema.co.il/site/1197/tickets?code=1197-142423&languageid=en_gb,https://tickets.hotcinema.co.il/site/1197/tickets?code=1197-142423&languageid=he_IL,Regular,2D,,,2026-07-27,2026,,,100,All,Kfar Saba,Hot Cinema,574
10:40,Tafiti: Across the Desert,טפיטי: הרפתקה במדבר,https://tickets.hotcinema.co.il/site/1197/tickets?code=1197-142396&languageid=en_gb,https://tickets.hotcinema.co.il/site/1197/tickets?code=1197-142396&languageid=he_IL,Regular,2D,,,2026-07-27,,,,81,הגבלת גיל: עד גיל 8 בליווי מבוגר,Kfar Saba,Hot Cinema,574
12:40,Tafiti: Across the Desert,טפיטי: הרפתקה במדבר,https://tickets.hotcinema.co.il/site/1197/tickets?code=1197-142397&languageid=en_gb,https://tickets.hotcinema.co.il/site/1197/tickets?code=1197-142397&languageid=he_IL,Regular,2D,,,2026-07-27,,,,81,הגבלת גיל: עד גיל 8 בליווי מבוגר,Kfar Saba,Hot Cinema,574
14:40,Tafiti: Across the Desert,טפיטי: הרפתקה במדבר,https://tickets.hotcinema.co.il/site/1197/tickets?code=1197-142398&languageid=en_gb,https://tickets.hotcinema.co.il/site/1197/tickets?code=1197-142398&languageid=he_IL,Regular,2D,,,2026-07-27,,,,81,הגבלת גיל: עד גיל 8 בליווי מבוגר,Kfar Saba,Hot Cinema,574
16:40,Tafiti: Across the Desert,טפיטי: הרפתקה במדבר,https://tickets.hotcinema.co.il/site/1197/tickets?code=1197-142399&languageid=en_gb,https://tickets.hotcinema.co.il/site/1197/tickets?code=1197-142399&languageid=he_IL,Regular,2D,,,2026-07-27,,,,81,הגבלת גיל: עד גיל 8 בליווי מבוגר,Kfar Saba,Hot Cinema,574
19:45,כי את מכוערת,כי את מכוערת,https://tickets.hotcinema.co.il/site/1197/tickets?code=1197-142416&languageid=en_gb,https://tickets.hotcinema.co.il/site/1197/tickets?code=1197-142416&languageid=he_IL,Regular,2D,,,2026-07-27,2025,,,83,12+,Kfar Saba,Hot Cinema,574
21:30,The Get Out,לצאת מהמשחק,https://tickets.hotcinema.co.il/site/1197/tickets?code=1197-142369&languageid=en_gb,https://tickets.hotcinema.co.il/site/1197/tickets?code=1197-142369&languageid=he_IL,Regular,2D,,,2026-07-27,2026,,,101,14+,Kfar Saba,Hot Cinema,574
10:30,MASHA and THE BEAR – WONDER PARK,מאשה והדוב – ההרפתקה הגדולה,https://tickets.hotcinema.co.il/site/1197/tickets?code=1197-142425&languageid=en_gb,https://tickets.hotcinema.co.il/site/1197/tickets?code=1197-142425&languageid=he_IL,Regular,2D,,Hebrew,2026-07-27,2026,,,73,All,Kfar Saba,Hot Cinema,574
12:30,MASHA and THE BEAR – WONDER PARK,מאשה והדוב – ההרפתקה הגדולה,https://tickets.hotcinema.co.il/site/1197/tickets?code=1197-142365&languageid=en_gb,https://tickets.hotcinema.co.il/site/1197/tickets?code=1197-142365&languageid=he_IL,Regular,2D,,Hebrew,2026-07-27,2026,,,73,All,Kfar Saba,Hot Cinema,574
20:45,Moana (Live Action),מואנה לייב אקשן,https://tickets.hotcinema.co.il/site/1197/tickets?code=1197-142424&languageid=en_gb,https://tickets.hotcinema.co.il/site/1197/tickets?code=1197-142424&languageid=he_IL,Regular,2D,,,2026-07-27,2026,,,115,All,Kfar Saba,Hot Cinema,574
10:30,Moana (Live Action),מואנה לייב אקשן,https://tickets.hotcinema.co.il/site/1197/tickets?code=1197-142364&languageid=en_gb,https://tickets.hotcinema.co.il/site/1197/tickets?code=1197-142364&languageid=he_IL,Regular,2D,,Hebrew,2026-07-27,2026,,,115,All,Kfar Saba,Hot Cinema,574
11:30,Moana (Live Action),מואנה לייב אקשן,https://tickets.hotcinema.co.il/site/1197/tickets?code=1197-142385&languageid=en_gb,https://tickets.hotcinema.co.il/site/1197/tickets?code=1197-142385&languageid=he_IL,Regular,2D,,Hebrew,2026-07-27,2026,,,115,All,Kfar Saba,Hot Cinema,574
14:10,Moana (Live Action),מואנה לייב אקשן,https://tickets.hotcinema.co.il/site/1197/tickets?code=1197-142386&languageid=en_gb,https://tickets.hotcinema.co.il/site/1197/tickets?code=1197-142386&languageid=he_IL,Regular,2D,,Hebrew,2026-07-27,2026,,,115,All,Kfar Saba,Hot Cinema,574
16:45,Moana (Live Action),מואנה לייב אקשן,https://tickets.hotcinema.co.il/site/1197/tickets?code=1197-142387&languageid=en_gb,https://tickets.hotcinema.co.il/site/1197/tickets?code=1197-142387&languageid=he_IL,Regular,2D,,Hebrew,2026-07-27,2026,,,115,All,Kfar Saba,Hot Cinema,574
19:10,Minions & Monsters,מיניונים ומפלצות,https://tickets.hotcinema.co.il/site/1197/tickets?code=1197-142421&languageid=en_gb,https://tickets.hotcinema.co.il/site/1197/tickets?code=1197-142421&languageid=he_IL,Regular,2D,,,2026-07-27,2026,,,90,All,Kfar Saba,Hot Cinema,574
21:40,Minions & Monsters,מיניונים ומפלצות,https://tickets.hotcinema.co.il/site/1197/tickets?code=1197-142368&languageid=en_gb,https://tickets.hotcinema.co.il/site/1197/tickets?code=1197-142368&languageid=he_IL,Regular,2D,,,2026-07-27,2026,,,90,All,Kfar Saba,Hot Cinema,574
10:15,Minions & Monsters,מיניונים ומפלצות,https://tickets.hotcinema.co.il/site/1197/tickets?code=1197-142375&languageid=en_gb,https://tickets.hotcinema.co.il/site/1197/tickets?code=1197-142375&languageid=he_IL,Regular,2D,,Hebrew,2026-07-27,2026,,,90,All,Kfar Saba,Hot Cinema,574
11:30,Minions & Monsters,מיניונים ומפלצות,https://tickets.hotcinema.co.il/site/1197/tickets?code=1197-142420&languageid=en_gb,https://tickets.hotcinema.co.il/site/1197/tickets?code=1197-142420&languageid=he_IL,Regular,2D,,Hebrew,2026-07-27,2026,,,90,All,Kfar Saba,Hot Cinema,574
12:40,Minions & Monsters,מיניונים ומפלצות,https://tickets.hotcinema.co.il/site/1197/tickets?code=1197-142376&languageid=en_gb,https://tickets.hotcinema.co.il/site/1197/tickets?code=1197-142376&languageid=he_IL,Regular,2D,,Hebrew,2026-07-27,2026,,,90,All,Kfar Saba,Hot Cinema,574
14:50,Minions & Monsters,מיניונים ומפלצות,https://tickets.hotcinema.co.il/site/1197/tickets?code=1197-142377&languageid=en_gb,https://tickets.hotcinema.co.il/site/1197/tickets?code=1197-142377&languageid=he_IL,Regular,2D,,Hebrew,2026-07-27,2026,,,90,All,Kfar Saba,Hot Cinema,574
15:30,Minions & Monsters,מיניונים ומפלצות,https://tickets.hotcinema.co.il/site/1197/tickets?code=1197-142418&languageid=en_gb,https://tickets.hotcinema.co.il/site/1197/tickets?code=1197-142418&languageid=he_IL,Regular,2D,,Hebrew,2026-07-27,2026,,,90,All,Kfar Saba,Hot Cinema,574
17:00,Minions & Monsters,מיניונים ומפלצות,https://tickets.hotcinema.co.il/site/1197/tickets?code=1197-142378&languageid=en_gb,https://tickets.hotcinema.co.il/site/1197/tickets?code=1197-142378&languageid=he_IL,Regular,2D,,Hebrew,2026-07-27,2026,,,90,All,Kfar Saba,Hot Cinema,574
10:20,School of Magical Animals,סוד החיות הקסומות 3,https://tickets.hotcinema.co.il/site/1197/tickets?code=1197-142439&languageid=en_gb,https://tickets.hotcinema.co.il/site/1197/tickets?code=1197-142439&languageid=he_IL,Regular,2D,,Hebrew,2026-07-27,2024,,,105,All,Kfar Saba,Hot Cinema,574
12:40,School of Magical Animals,סוד החיות הקסומות 3,https://tickets.hotcinema.co.il/site/1197/tickets?code=1197-142402&languageid=en_gb,https://tickets.hotcinema.co.il/site/1197/tickets?code=1197-142402&languageid=he_IL,Regular,2D,,Hebrew,2026-07-27,2024,,,105,All,Kfar Saba,Hot Cinema,574
15:00,School of Magical Animals,סוד החיות הקסומות 3,https://tickets.hotcinema.co.il/site/1197/tickets?code=1197-142403&languageid=en_gb,https://tickets.hotcinema.co.il/site/1197/tickets?code=1197-142403&languageid=he_IL,Regular,2D,,Hebrew,2026-07-27,2024,,,105,All,Kfar Saba,Hot Cinema,574
17:20,School of Magical Animals,סוד החיות הקסומות 3,https://tickets.hotcinema.co.il/site/1197/tickets?code=1197-142404&languageid=en_gb,https://tickets.hotcinema.co.il/site/1197/tickets?code=1197-142404&languageid=he_IL,Regular,2D,,Hebrew,2026-07-27,2024,,,105,All,Kfar Saba,Hot Cinema,574
10:15,Saltiz,סולטיז הסרט - וולוג ה-100,https://tickets.hotcinema.co.il/site/1197/tickets?code=1197-142432&languageid=en_gb,https://tickets.hotcinema.co.il/site/1197/tickets?code=1197-142432&languageid=he_IL,Regular,2D,,,2026-07-27,2026,,,100,All,Kfar Saba,Hot Cinema,574
11:00,Saltiz,סולטיז הסרט - וולוג ה-100,https://tickets.hotcinema.co.il/site/1197/tickets?code=1197-142428&languageid=en_gb,https://tickets.hotcinema.co.il/site/1197/tickets?code=1197-142428&languageid=he_IL,Premium,2D,,,2026-07-27,2026,,,100,All,Kfar Saba,Hot Cinema,574
12:00,Saltiz,סולטיז הסרט - וולוג ה-100,https://tickets.hotcinema.co.il/site/1197/tickets?code=1197-142436&languageid=en_gb,https://tickets.hotcinema.co.il/site/1197/tickets?code=1197-142436&languageid=he_IL,Regular,2D,,,2026-07-27,2026,,,100,All,Kfar Saba,Hot Cinema,574
12:30,Saltiz,סולטיז הסרט - וולוג ה-100,https://tickets.hotcinema.co.il/site/1197/tickets?code=1197-142433&languageid=en_gb,https://tickets.hotcinema.co.il/site/1197/tickets?code=1197-142433&languageid=he_IL,Regular,2D,,,2026-07-27,2026,,,100,All,Kfar Saba,Hot Cinema,574
13:30,Saltiz,סולטיז הסרט - וולוג ה-100,https://tickets.hotcinema.co.il/site/1197/tickets?code=1197-142429&languageid=en_gb,https://tickets.hotcinema.co.il/site/1197/tickets?code=1197-142429&languageid=he_IL,Premium,2D,,,2026-07-27,2026,,,100,All,Kfar Saba,Hot Cinema,574
13:50,Saltiz,סולטיז הסרט - וולוג ה-100,https://tickets.hotcinema.co.il/site/1197/tickets?code=1197-142435&languageid=en_gb,https://tickets.hotcinema.co.il/site/1197/tickets?code=1197-142435&languageid=he_IL,Regular,2D,,,2026-07-27,2026,,,100,All,Kfar Saba,Hot Cinema,574
14:30,Saltiz,סולטיז הסרט - וולוג ה-100,https://tickets.hotcinema.co.il/site/1197/tickets?code=1197-142437&languageid=en_gb,https://tickets.hotcinema.co.il/site/1197/tickets?code=1197-142437&languageid=he_IL,Regular,2D,,,2026-07-27,2026,,,100,All,Kfar Saba,Hot Cinema,574
14:40,Saltiz,סולטיז הסרט - וולוג ה-100,https://tickets.hotcinema.co.il/site/1197/tickets?code=1197-142442&languageid=en_gb,https://tickets.hotcinema.co.il/site/1197/tickets?code=1197-142442&languageid=he_IL,Regular,2D,,,2026-07-27,2026,,,100,All,Kfar Saba,Hot Cinema,574
16:10,Saltiz,סולטיז הסרט - וולוג ה-100,https://tickets.hotcinema.co.il/site/1197/tickets?code=1197-142430&languageid=en_gb,https://tickets.hotcinema.co.il/site/1197/tickets?code=1197-142430&languageid=he_IL,Premium,2D,,,2026-07-27,2026,,,100,All,Kfar Saba,Hot Cinema,574
16:50,Saltiz,סולטיז הסרט - וולוג ה-100,https://tickets.hotcinema.co.il/site/1197/tickets?code=1197-142434&languageid=en_gb,https://tickets.hotcinema.co.il/site/1197/tickets?code=1197-142434&languageid=he_IL,Regular,2D,,,2026-07-27,2026,,,100,All,Kfar Saba,Hot Cinema,574
18:30,Saltiz,סולטיז הסרט - וולוג ה-100,https://tickets.hotcinema.co.il/site/1197/tickets?code=1197-142431&languageid=en_gb,https://tickets.hotcinema.co.il/site/1197/tickets?code=1197-142431&languageid=he_IL,Premium,2D,,,2026-07-27,2026,,,100,All,Kfar Saba,Hot Cinema,574
15:00,Supergirl,סופר גירל,https://tickets.hotcinema.co.il/site/1197/tickets?code=1197-142366&languageid=en_gb,https://tickets.hotcinema.co.il/site/1197/tickets?code=1197-142366&languageid=he_IL,Regular,2D,,,2026-07-27,2026,,,107,All,Kfar Saba,Hot Cinema,574
10:20,Three Wishes for Cinderella,סינדרלה ושלוש המשאלות,https://tickets.hotcinema.co.il/site/1197/tickets?code=1197-142409&languageid=en_gb,https://tickets.hotcinema.co.il/site/1197/tickets?code=1197-142409&languageid=he_IL,Regular,2D,,Hebrew,2026-07-27,2026,,,85,All,Kfar Saba,Hot Cinema,574
12:20,Three Wishes for Cinderella,סינדרלה ושלוש המשאלות,https://tickets.hotcinema.co.il/site/1197/tickets?code=1197-142410&languageid=en_gb,https://tickets.hotcinema.co.il/site/1197/tickets?code=1197-142410&languageid=he_IL,Regular,2D,,Hebrew,2026-07-27,2026,,,85,All,Kfar Saba,Hot Cinema,574
14:20,Three Wishes for Cinderella,סינדרלה ושלוש המשאלות,https://tickets.hotcinema.co.il/site/1197/tickets?code=1197-142411&languageid=en_gb,https://tickets.hotcinema.co.il/site/1197/tickets?code=1197-142411&languageid=he_IL,Regular,2D,,Hebrew,2026-07-27,2026,,,85,All,Kfar Saba,Hot Cinema,574
16:30,Three Wishes for Cinderella,סינדרלה ושלוש המשאלות,https://tickets.hotcinema.co.il/site/1197/tickets?code=1197-142412&languageid=en_gb,https://tickets.hotcinema.co.il/site/1197/tickets?code=1197-142412&languageid=he_IL,Regular,2D,,Hebrew,2026-07-27,2026,,,85,All,Kfar Saba,Hot Cinema,574
18:30,Toy Story 5,צעצוע של סיפור 5,https://tickets.hotcinema.co.il/site/1197/tickets?code=1197-142427&languageid=en_gb,https://tickets.hotcinema.co.il/site/1197/tickets?code=1197-142427&languageid=he_IL,Regular,2D,,,2026-07-27,2026,,,102,All,Kfar Saba,Hot Cinema,574
10:10,Toy Story 5,צעצוע של סיפור 5,https://tickets.hotcinema.co.il/site/1197/tickets?code=1197-142393&languageid=en_gb,https://tickets.hotcinema.co.il/site/1197/tickets?code=1197-142393&languageid=he_IL,Regular,2D,,Hebrew,2026-07-27,2026,,,102,All,Kfar Saba,Hot Cinema,574
12:30,Toy Story 5,צעצוע של סיפור 5,https://tickets.hotcinema.co.il/site/1197/tickets?code=1197-142392&languageid=en_gb,https://tickets.hotcinema.co.il/site/1197/tickets?code=1197-142392&languageid=he_IL,Regular,2D,,Hebrew,2026-07-27,2026,,,102,All,Kfar Saba,Hot Cinema,574
14:55,Toy Story 5,צעצוע של סיפור 5,https://tickets.hotcinema.co.il/site/1197/tickets?code=1197-142391&languageid=en_gb,https://tickets.hotcinema.co.il/site/1197/tickets?code=1197-142391&languageid=he_IL,Regular,2D,,Hebrew,2026-07-27,2026,,,102,All,Kfar Saba,Hot Cinema,574
17:15,Toy Story 5,צעצוע של סיפור 5,https://tickets.hotcinema.co.il/site/1197/tickets?code=1197-142390&languageid=en_gb,https://tickets.hotcinema.co.il/site/1197/tickets?code=1197-142390&languageid=he_IL,Regular,2D,,Hebrew,2026-07-27,2026,,,102,All,Kfar Saba,Hot Cinema,574
11:40,קופה ראשית: הסרט,קופה ראשית: הסרט,https://tickets.hotcinema.co.il/site/1197/tickets?code=1197-142384&languageid=en_gb,https://tickets.hotcinema.co.il/site/1197/tickets?code=1197-142384&languageid=he_IL,Regular,2D,,,2026-07-27,2026,,,91,All,Kfar Saba,Hot Cinema,574
13:10,קופה ראשית: הסרט,קופה ראשית: הסרט,https://tickets.hotcinema.co.il/site/1197/tickets?code=1197-142419&languageid=en_gb,https://tickets.hotcinema.co.il/site/1197/tickets?code=1197-142419&languageid=he_IL,Regular,2D,,,2026-07-27,2026,,,91,All,Kfar Saba,Hot Cinema,574
14:00,קופה ראשית: הסרט,קופה ראשית: הסרט,https://tickets.hotcinema.co.il/site/1197/tickets?code=1197-142383&languageid=en_gb,https://tickets.hotcinema.co.il/site/1197/tickets?code=1197-142383&languageid=he_IL,Regular,2D,,,2026-07-27,2026,,,91,All,Kfar Saba,Hot Cinema,574
16:10,קופה ראשית: הסרט,קופה ראשית: הסרט,https://tickets.hotcinema.co.il/site/1197/tickets?code=1197-142382&languageid=en_gb,https://tickets.hotcinema.co.il/site/1197/tickets?code=1197-142382&languageid=he_IL,Regular,2D,,,2026-07-27,2026,,,91,All,Kfar Saba,Hot Cinema,574
17:40,קופה ראשית: הסרט,קופה ראשית: הסרט,https://tickets.hotcinema.co.il/site/1197/tickets?code=1197-142417&languageid=en_gb,https://tickets.hotcinema.co.il/site/1197/tickets?code=1197-142417&languageid=he_IL,Regular,2D,,,2026-07-27,2026,,,91,All,Kfar Saba,Hot Cinema,574
18:15,קופה ראשית: הסרט,קופה ראשית: הסרט,https://tickets.hotcinema.co.il/site/1197/tickets?code=1197-142381&languageid=en_gb,https://tickets.hotcinema.co.il/site/1197/tickets?code=1197-142381&languageid=he_IL,Regular,2D,,,2026-07-27,2026,,,91,All,Kfar Saba,Hot Cinema,574
19:20,קופה ראשית: הסרט,קופה ראשית: הסרט,https://tickets.hotcinema.co.il/site/1197/tickets?code=1197-142388&languageid=en_gb,https://tickets.hotcinema.co.il/site/1197/tickets?code=1197-142388&languageid=he_IL,Regular,2D,,,2026-07-27,2026,,,91,All,Kfar Saba,Hot Cinema,574
20:20,קופה ראשית: הסרט,קופה ראשית: הסרט,https://tickets.hotcinema.co.il/site/1197/tickets?code=1197-142380&languageid=en_gb,https://tickets.hotcinema.co.il/site/1197/tickets?code=1197-142380&languageid=he_IL,Regular,2D,,,2026-07-27,2026,,,91,All,Kfar Saba,Hot Cinema,574
21:30,קופה ראשית: הסרט,קופה ראשית: הסרט,https://tickets.hotcinema.co.il/site/1197/tickets?code=1197-142389&languageid=en_gb,https://tickets.hotcinema.co.il/site/1197/tickets?code=1197-142389&languageid=he_IL,Regular,2D,,,2026-07-27,2026,,,91,All,Kfar Saba,Hot Cinema,574
22:30,קופה ראשית: הסרט,קופה ראשית: הסרט,https://tickets.hotcinema.co.il/site/1197/tickets?code=1197-142379&languageid=en_gb,https://tickets.hotcinema.co.il/site/1197/tickets?code=1197-142379&languageid=he_IL,Regular,2D,,,2026-07-27,2026,,,91,All,Kfar Saba,Hot Cinema,574
17:30,Dream High,תיכון מגשימים,https://tickets.hotcinema.co.il/site/1197/tickets?code=1197-142413&languageid=en_gb,https://tickets.hotcinema.co.il/site/1197/tickets?code=1197-142413&languageid=he_IL,Regular,2D,,,2026-07-27,2026,,,100,12+,Kfar Saba,Hot Cinema,574
18:50,Dream High,תיכון מגשימים,https://tickets.hotcinema.co.il/site/1197/tickets?code=1197-142414&languageid=en_gb,https://tickets.hotcinema.co.il/site/1197/tickets?code=1197-142414&languageid=he_IL,Regular,2D,,,2026-07-27,2026,,,100,12+,Kfar Saba,Hot Cinema,574
21:10,Dream High,תיכון מגשימים,https://tickets.hotcinema.co.il/site/1197/tickets?code=1197-142415&languageid=en_gb,https://tickets.hotcinema.co.il/site/1197/tickets?code=1197-142415&languageid=he_IL,Regular,2D,,,2026-07-27,2026,,,100,12+,Kfar Saba,Hot Cinema,574
22:00,Obsession,אובססיה,https://tickets.hotcinema.co.il/site/1197/tickets?code=1197-142661&languageid=en_gb,https://tickets.hotcinema.co.il/site/1197/tickets?code=1197-142661&languageid=he_IL,Regular,2D,,,2026-07-28,2026,,,108,14+,Kfar Saba,Hot Cinema,574
11:10,Just an Illusion,אשליות מתוקות,https://tickets.hotcinema.co.il/site/1197/tickets?code=1197-142701&languageid=en_gb,https://tickets.hotcinema.co.il/site/1197/tickets?code=1197-142701&languageid=he_IL,Regular,2D,,,2026-07-28,2026,,,116,All,Kfar Saba,Hot Cinema,574
13:50,Just an Illusion,אשליות מתוקות,https://tickets.hotcinema.co.il/site/1197/tickets?code=1197-142700&languageid=en_gb,https://tickets.hotcinema.co.il/site/1197/tickets?code=1197-142700&languageid=he_IL,Regular,2D,,,2026-07-28,2026,,,116,All,Kfar Saba,Hot Cinema,574
16:30,Just an Illusion,אשליות מתוקות,https://tickets.hotcinema.co.il/site/1197/tickets?code=1197-142699&languageid=en_gb,https://tickets.hotcinema.co.il/site/1197/tickets?code=1197-142699&languageid=he_IL,Regular,2D,,,2026-07-28,2026,,,116,All,Kfar Saba,Hot Cinema,574
19:15,Just an Illusion,אשליות מתוקות,https://tickets.hotcinema.co.il/site/1197/tickets?code=1197-142666&languageid=en_gb,https://tickets.hotcinema.co.il/site/1197/tickets?code=1197-142666&languageid=he_IL,Regular,2D,,,2026-07-28,2026,,,116,All,Kfar Saba,Hot Cinema,574
21:45,Just an Illusion,אשליות מתוקות,https://tickets.hotcinema.co.il/site/1197/tickets?code=1197-142667&languageid=en_gb,https://tickets.hotcinema.co.il/site/1197/tickets?code=1197-142667&languageid=he_IL,Regular,2D,,,2026-07-28,2026,,,116,All,Kfar Saba,Hot Cinema,574
12:45,The Odyssey,האודיסאה,https://tickets.hotcinema.co.il/site/1197/tickets?code=1197-142693&languageid=en_gb,https://tickets.hotcinema.co.il/site/1197/tickets?code=1197-142693&languageid=he_IL,Premium,2D,,,2026-07-28,2026,,,172,14+,Kfar Saba,Hot Cinema,574
13:10,The Odyssey,האודיסאה,https://tickets.hotcinema.co.il/site/1197/tickets?code=1197-142644&languageid=en_gb,https://tickets.hotcinema.co.il/site/1197/tickets?code=1197-142644&languageid=he_IL,Regular,2D,,,2026-07-28,2026,,,172,14+,Kfar Saba,Hot Cinema,574
16:20,The Odyssey,האודיסאה,https://tickets.hotcinema.co.il/site/1197/tickets?code=1197-142694&languageid=en_gb,https://tickets.hotcinema.co.il/site/1197/tickets?code=1197-142694&languageid=he_IL,Premium,2D,,,2026-07-28,2026,,,172,14+,Kfar Saba,Hot Cinema,574
18:50,The Odyssey,האודיסאה,https://tickets.hotcinema.co.il/site/1197/tickets?code=1197-142642&languageid=en_gb,https://tickets.hotcinema.co.il/site/1197/tickets?code=1197-142642&languageid=he_IL,Regular,2D,,,2026-07-28,2026,,,172,14+,Kfar Saba,Hot Cinema,574
20:00,The Odyssey,האודיסאה,https://tickets.hotcinema.co.il/site/1197/tickets?code=1197-142641&languageid=en_gb,https://tickets.hotcinema.co.il/site/1197/tickets?code=1197-142641&languageid=he_IL,Regular,2D,,,2026-07-28,2026,,,172,14+,Kfar Saba,Hot Cinema,574
21:10,The Odyssey,האודיסאה,https://tickets.hotcinema.co.il/site/1197/tickets?code=1197-142643&languageid=en_gb,https://tickets.hotcinema.co.il/site/1197/tickets?code=1197-142643&languageid=he_IL,Regular,2D,,,2026-07-28,2026,,,172,14+,Kfar Saba,Hot Cinema,574
21:40,The Odyssey,האודיסאה,https://tickets.hotcinema.co.il/site/1197/tickets?code=1197-142690&languageid=en_gb,https://tickets.hotcinema.co.il/site/1197/tickets?code=1197-142690&languageid=he_IL,Regular,2D,,,2026-07-28,2026,,,172,14+,Kfar Saba,Hot Cinema,574
22:30,The Odyssey,האודיסאה,https://tickets.hotcinema.co.il/site/1197/tickets?code=1197-142707&languageid=en_gb,https://tickets.hotcinema.co.il/site/1197/tickets?code=1197-142707&languageid=he_IL,Regular,2D,,,2026-07-28,2026,,,172,14+,Kfar Saba,Hot Cinema,574
19:10,The Invite,ההזמנה,https://tickets.hotcinema.co.il/site/1197/tickets?code=1197-142685&languageid=en_gb,https://tickets.hotcinema.co.il/site/1197/tickets?code=1197-142685&languageid=he_IL,Regular,2D,,,2026-07-28,2026,,,107,14+,Kfar Saba,Hot Cinema,574
21:30,The Invite,ההזמנה,https://tickets.hotcinema.co.il/site/1197/tickets?code=1197-142691&languageid=en_gb,https://tickets.hotcinema.co.il/site/1197/tickets?code=1197-142691&languageid=he_IL,Regular,2D,,,2026-07-28,2026,,,107,14+,Kfar Saba,Hot Cinema,574
15:10,American Hina,חינה אמריקאית,https://tickets.hotcinema.co.il/site/1197/tickets?code=1197-142704&languageid=en_gb,https://tickets.hotcinema.co.il/site/1197/tickets?code=1197-142704&languageid=he_IL,Regular,2D,,,2026-07-28,2026,,,100,All,Kfar Saba,Hot Cinema,574
19:30,American Hina,חינה אמריקאית,https://tickets.hotcinema.co.il/site/1197/tickets?code=1197-142686&languageid=en_gb,https://tickets.hotcinema.co.il/site/1197/tickets?code=1197-142686&languageid=he_IL,Regular,2D,,,2026-07-28,2026,,,100,All,Kfar Saba,Hot Cinema,574
21:40,American Hina,חינה אמריקאית,https://tickets.hotcinema.co.il/site/1197/tickets?code=1197-142687&languageid=en_gb,https://tickets.hotcinema.co.il/site/1197/tickets?code=1197-142687&languageid=he_IL,Regular,2D,,,2026-07-28,2026,,,100,All,Kfar Saba,Hot Cinema,574
10:40,Tafiti: Across the Desert,טפיטי: הרפתקה במדבר,https://tickets.hotcinema.co.il/site/1197/tickets?code=1197-142662&languageid=en_gb,https://tickets.hotcinema.co.il/site/1197/tickets?code=1197-142662&languageid=he_IL,Regular,2D,,,2026-07-28,,,,81,הגבלת גיל: עד גיל 8 בליווי מבוגר,Kfar Saba,Hot Cinema,574
12:40,Tafiti: Across the Desert,טפיטי: הרפתקה במדבר,https://tickets.hotcinema.co.il/site/1197/tickets?code=1197-142663&languageid=en_gb,https://tickets.hotcinema.co.il/site/1197/tickets?code=1197-142663&languageid=he_IL,Regular,2D,,,2026-07-28,,,,81,הגבלת גיל: עד גיל 8 בליווי מבוגר,Kfar Saba,Hot Cinema,574
14:40,Tafiti: Across the Desert,טפיטי: הרפתקה במדבר,https://tickets.hotcinema.co.il/site/1197/tickets?code=1197-142664&languageid=en_gb,https://tickets.hotcinema.co.il/site/1197/tickets?code=1197-142664&languageid=he_IL,Regular,2D,,,2026-07-28,,,,81,הגבלת גיל: עד גיל 8 בליווי מבוגר,Kfar Saba,Hot Cinema,574
16:40,Tafiti: Across the Desert,טפיטי: הרפתקה במדבר,https://tickets.hotcinema.co.il/site/1197/tickets?code=1197-142665&languageid=en_gb,https://tickets.hotcinema.co.il/site/1197/tickets?code=1197-142665&languageid=he_IL,Regular,2D,,,2026-07-28,,,,81,הגבלת גיל: עד גיל 8 בליווי מבוגר,Kfar Saba,Hot Cinema,574
20:00,One night only,"טרום בכורה בט""ו באב - לגמור את הלילה",https://tickets.hotcinema.co.il/site/1197/tickets?code=1197-142713&languageid=en_gb,https://tickets.hotcinema.co.il/site/1197/tickets?code=1197-142713&languageid=he_IL,Premium,2D,,,2026-07-28,2026,,,102,14+,Kfar Saba,Hot Cinema,574
22:20,One night only,"טרום בכורה בט""ו באב - לגמור את הלילה",https://tickets.hotcinema.co.il/site/1197/tickets?code=1197-142714&languageid=en_gb,https://tickets.hotcinema.co.il/site/1197/tickets?code=1197-142714&languageid=he_IL,Premium,2D,,,2026-07-28,2026,,,102,14+,Kfar Saba,Hot Cinema,574
18:40,Diamonds,יהלומים,https://tickets.hotcinema.co.il/site/1197/tickets?code=1197-142705&languageid=en_gb,https://tickets.hotcinema.co.il/site/1197/tickets?code=1197-142705&languageid=he_IL,Regular,2D,,,2026-07-28,2024,,,135,All,Kfar Saba,Hot Cinema,574
19:45,כי את מכוערת,כי את מכוערת,https://tickets.hotcinema.co.il/site/1197/tickets?code=1197-142683&languageid=en_gb,https://tickets.hotcinema.co.il/site/1197/tickets?code=1197-142683&languageid=he_IL,Regular,2D,,,2026-07-28,2025,,,83,12+,Kfar Saba,Hot Cinema,574
20:20,For the Love of a Woman,כימים אחדים,https://tickets.hotcinema.co.il/site/1197/tickets?code=1197-142706&languageid=en_gb,https://tickets.hotcinema.co.il/site/1197/tickets?code=1197-142706&languageid=he_IL,Regular,2D,,,2026-07-28,2025,,,117,הגבלת גיל: הותר מגיל 9,Kfar Saba,Hot Cinema,574
10:30,מאמא,מאמא,https://tickets.hotcinema.co.il/site/1197/tickets?code=1197-142716&languageid=en_gb,https://tickets.hotcinema.co.il/site/1197/tickets?code=1197-142716&languageid=he_IL,Premium,2D,,,2026-07-28,2026,,,92,12+,Kfar Saba,Hot Cinema,574
11:40,מאמא,מאמא,https://tickets.hotcinema.co.il/site/1197/tickets?code=1197-142698&languageid=en_gb,https://tickets.hotcinema.co.il/site/1197/tickets?code=1197-142698&languageid=he_IL,Regular,2D,,,2026-07-28,2026,,,92,12+,Kfar Saba,Hot Cinema,574
14:00,מאמא,מאמא,https://tickets.hotcinema.co.il/site/1197/tickets?code=1197-142697&languageid=en_gb,https://tickets.hotcinema.co.il/site/1197/tickets?code=1197-142697&languageid=he_IL,Regular,2D,,,2026-07-28,2026,,,92,12+,Kfar Saba,Hot Cinema,574
16:20,מאמא,מאמא,https://tickets.hotcinema.co.il/site/1197/tickets?code=1197-142696&languageid=en_gb,https://tickets.hotcinema.co.il/site/1197/tickets?code=1197-142696&languageid=he_IL,Regular,2D,,,2026-07-28,2026,,,92,12+,Kfar Saba,Hot Cinema,574
19:00,מאמא,מאמא,https://tickets.hotcinema.co.il/site/1197/tickets?code=1197-142695&languageid=en_gb,https://tickets.hotcinema.co.il/site/1197/tickets?code=1197-142695&languageid=he_IL,Regular,2D,,,2026-07-28,2026,,,92,12+,Kfar Saba,Hot Cinema,574
10:30,MASHA and THE BEAR – WONDER PARK,מאשה והדוב – ההרפתקה הגדולה,https://tickets.hotcinema.co.il/site/1197/tickets?code=1197-142689&languageid=en_gb,https://tickets.hotcinema.co.il/site/1197/tickets?code=1197-142689&languageid=he_IL,Regular,2D,,Hebrew,2026-07-28,2026,,,73,All,Kfar Saba,Hot Cinema,574
21:50,Moana (Live Action),מואנה לייב אקשן,https://tickets.hotcinema.co.il/site/1197/tickets?code=1197-142688&languageid=en_gb,https://tickets.hotcinema.co.il/site/1197/tickets?code=1197-142688&languageid=he_IL,Regular,2D,,,2026-07-28,2026,,,115,All,Kfar Saba,Hot Cinema,574
11:30,Moana (Live Action),מואנה לייב אקשן,https://tickets.hotcinema.co.il/site/1197/tickets?code=1197-142653&languageid=en_gb,https://tickets.hotcinema.co.il/site/1197/tickets?code=1197-142653&languageid=he_IL,Regular,2D,,Hebrew,2026-07-28,2026,,,115,All,Kfar Saba,Hot Cinema,574
14:10,Moana (Live Action),מואנה לייב אקשן,https://tickets.hotcinema.co.il/site/1197/tickets?code=1197-142654&languageid=en_gb,https://tickets.hotcinema.co.il/site/1197/tickets?code=1197-142654&languageid=he_IL,Regular,2D,,Hebrew,2026-07-28,2026,,,115,All,Kfar Saba,Hot Cinema,574
16:45,Moana (Live Action),מואנה לייב אקשן,https://tickets.hotcinema.co.il/site/1197/tickets?code=1197-142655&languageid=en_gb,https://tickets.hotcinema.co.il/site/1197/tickets?code=1197-142655&languageid=he_IL,Regular,2D,,Hebrew,2026-07-28,2026,,,115,All,Kfar Saba,Hot Cinema,574
10:10,Minions & Monsters,מיניונים ומפלצות,https://tickets.hotcinema.co.il/site/1197/tickets?code=1197-142645&languageid=en_gb,https://tickets.hotcinema.co.il/site/1197/tickets?code=1197-142645&languageid=he_IL,Regular,2D,,Hebrew,2026-07-28,2026,,,90,All,Kfar Saba,Hot Cinema,574
11:45,Minions & Monsters,מיניונים ומפלצות,https://tickets.hotcinema.co.il/site/1197/tickets?code=1197-142684&languageid=en_gb,https://tickets.hotcinema.co.il/site/1197/tickets?code=1197-142684&languageid=he_IL,Regular,2D,,Hebrew,2026-07-28,2026,,,90,All,Kfar Saba,Hot Cinema,574
12:20,Minions & Monsters,מיניונים ומפלצות,https://tickets.hotcinema.co.il/site/1197/tickets?code=1197-142646&languageid=en_gb,https://tickets.hotcinema.co.il/site/1197/tickets?code=1197-142646&languageid=he_IL,Regular,2D,,Hebrew,2026-07-28,2026,,,90,All,Kfar Saba,Hot Cinema,574
14:30,Minions & Monsters,מיניונים ומפלצות,https://tickets.hotcinema.co.il/site/1197/tickets?code=1197-142647&languageid=en_gb,https://tickets.hotcinema.co.il/site/1197/tickets?code=1197-142647&languageid=he_IL,Regular,2D,,Hebrew,2026-07-28,2026,,,90,All,Kfar Saba,Hot Cinema,574
16:45,Minions & Monsters,מיניונים ומפלצות,https://tickets.hotcinema.co.il/site/1197/tickets?code=1197-142648&languageid=en_gb,https://tickets.hotcinema.co.il/site/1197/tickets?code=1197-142648&languageid=he_IL,Regular,2D,,Hebrew,2026-07-28,2026,,,90,All,Kfar Saba,Hot Cinema,574
10:10,School of Magical Animals,סוד החיות הקסומות 3,https://tickets.hotcinema.co.il/site/1197/tickets?code=1197-142668&languageid=en_gb,https://tickets.hotcinema.co.il/site/1197/tickets?code=1197-142668&languageid=he_IL,Regular,2D,,Hebrew,2026-07-28,2024,,,105,All,Kfar Saba,Hot Cinema,574
12:30,School of Magical Animals,סוד החיות הקסומות 3,https://tickets.hotcinema.co.il/site/1197/tickets?code=1197-142669&languageid=en_gb,https://tickets.hotcinema.co.il/site/1197/tickets?code=1197-142669&languageid=he_IL,Regular,2D,,Hebrew,2026-07-28,2024,,,105,All,Kfar Saba,Hot Cinema,574
14:50,School of Magical Animals,סוד החיות הקסומות 3,https://tickets.hotcinema.co.il/site/1197/tickets?code=1197-142670&languageid=en_gb,https://tickets.hotcinema.co.il/site/1197/tickets?code=1197-142670&languageid=he_IL,Regular,2D,,Hebrew,2026-07-28,2024,,,105,All,Kfar Saba,Hot Cinema,574
17:10,School of Magical Animals,סוד החיות הקסומות 3,https://tickets.hotcinema.co.il/site/1197/tickets?code=1197-142671&languageid=en_gb,https://tickets.hotcinema.co.il/site/1197/tickets?code=1197-142671&languageid=he_IL,Regular,2D,,Hebrew,2026-07-28,2024,,,105,All,Kfar Saba,Hot Cinema,574
10:40,Saltiz,סולטיז הסרט - וולוג ה-100,https://tickets.hotcinema.co.il/site/1197/tickets?code=1197-142715&languageid=en_gb,https://tickets.hotcinema.co.il/site/1197/tickets?code=1197-142715&languageid=he_IL,Regular,2D,,,2026-07-28,2026,,,100,All,Kfar Saba,Hot Cinema,574
13:50,Saltiz,סולטיז הסרט - וולוג ה-100,https://tickets.hotcinema.co.il/site/1197/tickets?code=1197-142711&languageid=en_gb,https://tickets.hotcinema.co.il/site/1197/tickets?code=1197-142711&languageid=he_IL,Regular,2D,,,2026-07-28,2026,,,100,All,Kfar Saba,Hot Cinema,574
14:40,Saltiz,סולטיז הסרט - וולוג ה-100,https://tickets.hotcinema.co.il/site/1197/tickets?code=1197-142708&languageid=en_gb,https://tickets.hotcinema.co.il/site/1197/tickets?code=1197-142708&languageid=he_IL,Regular,2D,,,2026-07-28,2026,,,100,All,Kfar Saba,Hot Cinema,574
16:30,Saltiz,סולטיז הסרט - וולוג ה-100,https://tickets.hotcinema.co.il/site/1197/tickets?code=1197-142712&languageid=en_gb,https://tickets.hotcinema.co.il/site/1197/tickets?code=1197-142712&languageid=he_IL,Regular,2D,,,2026-07-28,2026,,,100,All,Kfar Saba,Hot Cinema,574
17:20,Saltiz,סולטיז הסרט - וולוג ה-100,https://tickets.hotcinema.co.il/site/1197/tickets?code=1197-142709&languageid=en_gb,https://tickets.hotcinema.co.il/site/1197/tickets?code=1197-142709&languageid=he_IL,Regular,2D,,,2026-07-28,2026,,,100,All,Kfar Saba,Hot Cinema,574
10:20,Three Wishes for Cinderella,סינדרלה ושלוש המשאלות,https://tickets.hotcinema.co.il/site/1197/tickets?code=1197-142676&languageid=en_gb,https://tickets.hotcinema.co.il/site/1197/tickets?code=1197-142676&languageid=he_IL,Regular,2D,,Hebrew,2026-07-28,2026,,,85,All,Kfar Saba,Hot Cinema,574
12:20,Three Wishes for Cinderella,סינדרלה ושלוש המשאלות,https://tickets.hotcinema.co.il/site/1197/tickets?code=1197-142677&languageid=en_gb,https://tickets.hotcinema.co.il/site/1197/tickets?code=1197-142677&languageid=he_IL,Regular,2D,,Hebrew,2026-07-28,2026,,,85,All,Kfar Saba,Hot Cinema,574
14:20,Three Wishes for Cinderella,סינדרלה ושלוש המשאלות,https://tickets.hotcinema.co.il/site/1197/tickets?code=1197-142678&languageid=en_gb,https://tickets.hotcinema.co.il/site/1197/tickets?code=1197-142678&languageid=he_IL,Regular,2D,,Hebrew,2026-07-28,2026,,,85,All,Kfar Saba,Hot Cinema,574
16:30,Three Wishes for Cinderella,סינדרלה ושלוש המשאלות,https://tickets.hotcinema.co.il/site/1197/tickets?code=1197-142679&languageid=en_gb,https://tickets.hotcinema.co.il/site/1197/tickets?code=1197-142679&languageid=he_IL,Regular,2D,,Hebrew,2026-07-28,2026,,,85,All,Kfar Saba,Hot Cinema,574
12:15,Sentimental Value,ערך סנטימנטלי,https://tickets.hotcinema.co.il/site/1197/tickets?code=1197-142703&languageid=en_gb,https://tickets.hotcinema.co.il/site/1197/tickets?code=1197-142703&languageid=he_IL,Regular,2D,,,2026-07-28,2025,,,132,All,Kfar Saba,Hot Cinema,574
18:45,Sentimental Value,ערך סנטימנטלי,https://tickets.hotcinema.co.il/site/1197/tickets?code=1197-142702&languageid=en_gb,https://tickets.hotcinema.co.il/site/1197/tickets?code=1197-142702&languageid=he_IL,Regular,2D,,,2026-07-28,2025,,,132,All,Kfar Saba,Hot Cinema,574
21:40,How To Make a Killing,עשיר רצח,https://tickets.hotcinema.co.il/site/1197/tickets?code=1197-142692&languageid=en_gb,https://tickets.hotcinema.co.il/site/1197/tickets?code=1197-142692&languageid=he_IL,Regular,2D,,,2026-07-28,2026,,,98,All,Kfar Saba,Hot Cinema,574
12:00,Toy Story 5,צעצוע של סיפור 5,https://tickets.hotcinema.co.il/site/1197/tickets?code=1197-142660&languageid=en_gb,https://tickets.hotcinema.co.il/site/1197/tickets?code=1197-142660&languageid=he_IL,Regular,2D,,Hebrew,2026-07-28,2026,,,102,All,Kfar Saba,Hot Cinema,574
14:30,Toy Story 5,צעצוע של סיפור 5,https://tickets.hotcinema.co.il/site/1197/tickets?code=1197-142659&languageid=en_gb,https://tickets.hotcinema.co.il/site/1197/tickets?code=1197-142659&languageid=he_IL,Regular,2D,,Hebrew,2026-07-28,2026,,,102,All,Kfar Saba,Hot Cinema,574
16:50,Toy Story 5,צעצוע של סיפור 5,https://tickets.hotcinema.co.il/site/1197/tickets?code=1197-142658&languageid=en_gb,https://tickets.hotcinema.co.il/site/1197/tickets?code=1197-142658&languageid=he_IL,Regular,2D,,Hebrew,2026-07-28,2026,,,102,All,Kfar Saba,Hot Cinema,574
11:40,קופה ראשית: הסרט,קופה ראשית: הסרט,https://tickets.hotcinema.co.il/site/1197/tickets?code=1197-142652&languageid=en_gb,https://tickets.hotcinema.co.il/site/1197/tickets?code=1197-142652&languageid=he_IL,Regular,2D,,,2026-07-28,2026,,,91,All,Kfar Saba,Hot Cinema,574
14:00,קופה ראשית: הסרט,קופה ראשית: הסרט,https://tickets.hotcinema.co.il/site/1197/tickets?code=1197-142651&languageid=en_gb,https://tickets.hotcinema.co.il/site/1197/tickets?code=1197-142651&languageid=he_IL,Regular,2D,,,2026-07-28,2026,,,91,All,Kfar Saba,Hot Cinema,574
16:10,קופה ראשית: הסרט,קופה ראשית: הסרט,https://tickets.hotcinema.co.il/site/1197/tickets?code=1197-142650&languageid=en_gb,https://tickets.hotcinema.co.il/site/1197/tickets?code=1197-142650&languageid=he_IL,Regular,2D,,,2026-07-28,2026,,,91,All,Kfar Saba,Hot Cinema,574
18:15,קופה ראשית: הסרט,קופה ראשית: הסרט,https://tickets.hotcinema.co.il/site/1197/tickets?code=1197-142649&languageid=en_gb,https://tickets.hotcinema.co.il/site/1197/tickets?code=1197-142649&languageid=he_IL,Regular,2D,,,2026-07-28,2026,,,91,All,Kfar Saba,Hot Cinema,574
19:20,קופה ראשית: הסרט,קופה ראשית: הסרט,https://tickets.hotcinema.co.il/site/1197/tickets?code=1197-142656&languageid=en_gb,https://tickets.hotcinema.co.il/site/1197/tickets?code=1197-142656&languageid=he_IL,Regular,2D,,,2026-07-28,2026,,,91,All,Kfar Saba,Hot Cinema,574
21:30,קופה ראשית: הסרט,קופה ראשית: הסרט,https://tickets.hotcinema.co.il/site/1197/tickets?code=1197-142657&languageid=en_gb,https://tickets.hotcinema.co.il/site/1197/tickets?code=1197-142657&languageid=he_IL,Regular,2D,,,2026-07-28,2026,,,91,All,Kfar Saba,Hot Cinema,574
17:30,Dream High,תיכון מגשימים,https://tickets.hotcinema.co.il/site/1197/tickets?code=1197-142680&languageid=en_gb,https://tickets.hotcinema.co.il/site/1197/tickets?code=1197-142680&languageid=he_IL,Regular,2D,,,2026-07-28,2026,,,100,12+,Kfar Saba,Hot Cinema,574
18:50,Dream High,תיכון מגשימים,https://tickets.hotcinema.co.il/site/1197/tickets?code=1197-142681&languageid=en_gb,https://tickets.hotcinema.co.il/site/1197/tickets?code=1197-142681&languageid=he_IL,Regular,2D,,,2026-07-28,2026,,,100,12+,Kfar Saba,Hot Cinema,574
21:10,Dream High,תיכון מגשימים,https://tickets.hotcinema.co.il/site/1197/tickets?code=1197-142682&languageid=en_gb,https://tickets.hotcinema.co.il/site/1197/tickets?code=1197-142682&languageid=he_IL,Regular,2D,,,2026-07-28,2026,,,100,12+,Kfar Saba,Hot Cinema,574
18:40,Just an Illusion,אשליות מתוקות,https://tickets.hotcinema.co.il/site/1197/tickets?code=1197-142463&languageid=en_gb,https://tickets.hotcinema.co.il/site/1197/tickets?code=1197-142463&languageid=he_IL,Regular,2D,,,2026-07-29,2026,,,116,All,Kfar Saba,Hot Cinema,574
12:30,The Odyssey,האודיסאה,https://tickets.hotcinema.co.il/site/1197/tickets?code=1197-142494&languageid=en_gb,https://tickets.hotcinema.co.il/site/1197/tickets?code=1197-142494&languageid=he_IL,Regular,2D,,,2026-07-29,2026,,,172,14+,Kfar Saba,Hot Cinema,574
14:50,The Odyssey,האודיסאה,https://tickets.hotcinema.co.il/site/1197/tickets?code=1197-142497&languageid=en_gb,https://tickets.hotcinema.co.il/site/1197/tickets?code=1197-142497&languageid=he_IL,Regular,2D,,,2026-07-29,2026,,,172,14+,Kfar Saba,Hot Cinema,574
18:20,The Odyssey,האודיסאה,https://tickets.hotcinema.co.il/site/1197/tickets?code=1197-142495&languageid=en_gb,https://tickets.hotcinema.co.il/site/1197/tickets?code=1197-142495&languageid=he_IL,Regular,2D,,,2026-07-29,2026,,,172,14+,Kfar Saba,Hot Cinema,574
20:30,The Odyssey,האודיסאה,https://tickets.hotcinema.co.il/site/1197/tickets?code=1197-142452&languageid=en_gb,https://tickets.hotcinema.co.il/site/1197/tickets?code=1197-142452&languageid=he_IL,Regular,2D,,,2026-07-29,2026,,,172,14+,Kfar Saba,Hot Cinema,574
21:15,The Odyssey,האודיסאה,https://tickets.hotcinema.co.il/site/1197/tickets?code=1197-142493&languageid=en_gb,https://tickets.hotcinema.co.il/site/1197/tickets?code=1197-142493&languageid=he_IL,Regular,2D,,,2026-07-29,2026,,,172,14+,Kfar Saba,Hot Cinema,574
21:50,The Odyssey,האודיסאה,https://tickets.hotcinema.co.il/site/1197/tickets?code=1197-142496&languageid=en_gb,https://tickets.hotcinema.co.il/site/1197/tickets?code=1197-142496&languageid=he_IL,Regular,2D,,,2026-07-29,2026,,,172,14+,Kfar Saba,Hot Cinema,574
20:00,American Hina,חינה אמריקאית,https://tickets.hotcinema.co.il/site/1197/tickets?code=1197-142492&languageid=en_gb,https://tickets.hotcinema.co.il/site/1197/tickets?code=1197-142492&languageid=he_IL,Regular,2D,,,2026-07-29,2026,,,100,All,Kfar Saba,Hot Cinema,574
22:10,American Hina,חינה אמריקאית,https://tickets.hotcinema.co.il/site/1197/tickets?code=1197-142476&languageid=en_gb,https://tickets.hotcinema.co.il/site/1197/tickets?code=1197-142476&languageid=he_IL,Regular,2D,,,2026-07-29,2026,,,100,All,Kfar Saba,Hot Cinema,574
10:40,Tafiti: Across the Desert,טפיטי: הרפתקה במדבר,https://tickets.hotcinema.co.il/site/1197/tickets?code=1197-142459&languageid=en_gb,https://tickets.hotcinema.co.il/site/1197/tickets?code=1197-142459&languageid=he_IL,Regular,2D,,,2026-07-29,,,,81,הגבלת גיל: עד גיל 8 בליווי מבוגר,Kfar Saba,Hot Cinema,574
12:40,Tafiti: Across the Desert,טפיטי: הרפתקה במדבר,https://tickets.hotcinema.co.il/site/1197/tickets?code=1197-142460&languageid=en_gb,https://tickets.hotcinema.co.il/site/1197/tickets?code=1197-142460&languageid=he_IL,Regular,2D,,,2026-07-29,,,,81,הגבלת גיל: עד גיל 8 בליווי מבוגר,Kfar Saba,Hot Cinema,574
14:40,Tafiti: Across the Desert,טפיטי: הרפתקה במדבר,https://tickets.hotcinema.co.il/site/1197/tickets?code=1197-142461&languageid=en_gb,https://tickets.hotcinema.co.il/site/1197/tickets?code=1197-142461&languageid=he_IL,Regular,2D,,,2026-07-29,,,,81,הגבלת גיל: עד גיל 8 בליווי מבוגר,Kfar Saba,Hot Cinema,574
16:40,Tafiti: Across the Desert,טפיטי: הרפתקה במדבר,https://tickets.hotcinema.co.il/site/1197/tickets?code=1197-142462&languageid=en_gb,https://tickets.hotcinema.co.il/site/1197/tickets?code=1197-142462&languageid=he_IL,Regular,2D,,,2026-07-29,,,,81,הגבלת גיל: עד גיל 8 בליווי מבוגר,Kfar Saba,Hot Cinema,574
20:00,One night only,"טרום בכורה בט""ו באב - לגמור את הלילה",https://tickets.hotcinema.co.il/site/1197/tickets?code=1197-142498&languageid=en_gb,https://tickets.hotcinema.co.il/site/1197/tickets?code=1197-142498&languageid=he_IL,Regular,2D,,,2026-07-29,2026,,,102,14+,Kfar Saba,Hot Cinema,574
22:15,One night only,"טרום בכורה בט""ו באב - לגמור את הלילה",https://tickets.hotcinema.co.il/site/1197/tickets?code=1197-142499&languageid=en_gb,https://tickets.hotcinema.co.il/site/1197/tickets?code=1197-142499&languageid=he_IL,Regular,2D,,,2026-07-29,2026,,,102,14+,Kfar Saba,Hot Cinema,574
10:30,MASHA and THE BEAR – WONDER PARK,מאשה והדוב – ההרפתקה הגדולה,https://tickets.hotcinema.co.il/site/1197/tickets?code=1197-142477&languageid=en_gb,https://tickets.hotcinema.co.il/site/1197/tickets?code=1197-142477&languageid=he_IL,Regular,2D,,Hebrew,2026-07-29,2026,,,73,All,Kfar Saba,Hot Cinema,574
12:30,MASHA and THE BEAR – WONDER PARK,מאשה והדוב – ההרפתקה הגדולה,https://tickets.hotcinema.co.il/site/1197/tickets?code=1197-142478&languageid=en_gb,https://tickets.hotcinema.co.il/site/1197/tickets?code=1197-142478&languageid=he_IL,Regular,2D,,Hebrew,2026-07-29,2026,,,73,All,Kfar Saba,Hot Cinema,574
14:15,MASHA and THE BEAR – WONDER PARK,מאשה והדוב – ההרפתקה הגדולה,https://tickets.hotcinema.co.il/site/1197/tickets?code=1197-142488&languageid=en_gb,https://tickets.hotcinema.co.il/site/1197/tickets?code=1197-142488&languageid=he_IL,Regular,2D,,Hebrew,2026-07-29,2026,,,73,All,Kfar Saba,Hot Cinema,574
17:30,Moana,מואנה - לייב אקשן,https://tickets.hotcinema.co.il/site/1197/tickets?code=1197-140596&languageid=en_gb,https://tickets.hotcinema.co.il/site/1197/tickets?code=1197-140596&languageid=he_IL,Regular,2D,,French,2026-07-29,2026,,,115,All,Kfar Saba,Hot Cinema,574
10:30,Moana (Live Action),מואנה לייב אקשן,https://tickets.hotcinema.co.il/site/1197/tickets?code=1197-142485&languageid=en_gb,https://tickets.hotcinema.co.il/site/1197/tickets?code=1197-142485&languageid=he_IL,Regular,2D,,Hebrew,2026-07-29,2026,,,115,All,Kfar Saba,Hot Cinema,574
13:10,Moana (Live Action),מואנה לייב אקשן,https://tickets.hotcinema.co.il/site/1197/tickets?code=1197-142454&languageid=en_gb,https://tickets.hotcinema.co.il/site/1197/tickets?code=1197-142454&languageid=he_IL,Regular,2D,,Hebrew,2026-07-29,2026,,,115,All,Kfar Saba,Hot Cinema,574
15:45,Moana (Live Action),מואנה לייב אקשן,https://tickets.hotcinema.co.il/site/1197/tickets?code=1197-142455&languageid=en_gb,https://tickets.hotcinema.co.il/site/1197/tickets?code=1197-142455&languageid=he_IL,Regular,2D,,Hebrew,2026-07-29,2026,,,115,All,Kfar Saba,Hot Cinema,574
10:40,Minions & Monsters,מיניונים ומפלצות,https://tickets.hotcinema.co.il/site/1197/tickets?code=1197-142484&languageid=en_gb,https://tickets.hotcinema.co.il/site/1197/tickets?code=1197-142484&languageid=he_IL,Premium,2D,,Hebrew,2026-07-29,2026,,,90,All,Kfar Saba,Hot Cinema,574
11:15,Minions & Monsters,מיניונים ומפלצות,https://tickets.hotcinema.co.il/site/1197/tickets?code=1197-142475&languageid=en_gb,https://tickets.hotcinema.co.il/site/1197/tickets?code=1197-142475&languageid=he_IL,Regular,2D,,Hebrew,2026-07-29,2026,,,90,All,Kfar Saba,Hot Cinema,574
13:40,Minions & Monsters,מיניונים ומפלצות,https://tickets.hotcinema.co.il/site/1197/tickets?code=1197-142487&languageid=en_gb,https://tickets.hotcinema.co.il/site/1197/tickets?code=1197-142487&languageid=he_IL,Regular,2D,,Hebrew,2026-07-29,2026,,,90,All,Kfar Saba,Hot Cinema,574
10:10,School of Magical Animals,סוד החיות הקסומות 3,https://tickets.hotcinema.co.il/site/1197/tickets?code=1197-142464&languageid=en_gb,https://tickets.hotcinema.co.il/site/1197/tickets?code=1197-142464&languageid=he_IL,Regular,2D,,Hebrew,2026-07-29,2024,,,105,All,Kfar Saba,Hot Cinema,574
12:30,School of Magical Animals,סוד החיות הקסומות 3,https://tickets.hotcinema.co.il/site/1197/tickets?code=1197-142465&languageid=en_gb,https://tickets.hotcinema.co.il/site/1197/tickets?code=1197-142465&languageid=he_IL,Regular,2D,,Hebrew,2026-07-29,2024,,,105,All,Kfar Saba,Hot Cinema,574
14:50,School of Magical Animals,סוד החיות הקסומות 3,https://tickets.hotcinema.co.il/site/1197/tickets?code=1197-142466&languageid=en_gb,https://tickets.hotcinema.co.il/site/1197/tickets?code=1197-142466&languageid=he_IL,Regular,2D,,Hebrew,2026-07-29,2024,,,105,All,Kfar Saba,Hot Cinema,574
10:15,Saltiz,סולטיז הסרט - וולוג ה-100,https://tickets.hotcinema.co.il/site/1197/tickets?code=1197-142482&languageid=en_gb,https://tickets.hotcinema.co.il/site/1197/tickets?code=1197-142482&languageid=he_IL,Regular,2D,,,2026-07-29,2026,,,100,All,Kfar Saba,Hot Cinema,574
10:40,Saltiz,סולטיז הסרט - וולוג ה-100,https://tickets.hotcinema.co.il/site/1197/tickets?code=1197-142451&languageid=en_gb,https://tickets.hotcinema.co.il/site/1197/tickets?code=1197-142451&languageid=he_IL,Regular,2D,,,2026-07-29,2026,,,100,All,Kfar Saba,Hot Cinema,574
12:30,Saltiz,סולטיז הסרט - וולוג ה-100,https://tickets.hotcinema.co.il/site/1197/tickets?code=1197-142481&languageid=en_gb,https://tickets.hotcinema.co.il/site/1197/tickets?code=1197-142481&languageid=he_IL,Regular,2D,,,2026-07-29,2026,,,100,All,Kfar Saba,Hot Cinema,574
13:10,Saltiz,סולטיז הסרט - וולוג ה-100,https://tickets.hotcinema.co.il/site/1197/tickets?code=1197-142450&languageid=en_gb,https://tickets.hotcinema.co.il/site/1197/tickets?code=1197-142450&languageid=he_IL,Regular,2D,,,2026-07-29,2026,,,100,All,Kfar Saba,Hot Cinema,574
14:40,Saltiz,סולטיז הסרט - וולוג ה-100,https://tickets.hotcinema.co.il/site/1197/tickets?code=1197-142480&languageid=en_gb,https://tickets.hotcinema.co.il/site/1197/tickets?code=1197-142480&languageid=he_IL,Regular,2D,,,2026-07-29,2026,,,100,All,Kfar Saba,Hot Cinema,574
15:50,Saltiz,סולטיז הסרט - וולוג ה-100,https://tickets.hotcinema.co.il/site/1197/tickets?code=1197-142449&languageid=en_gb,https://tickets.hotcinema.co.il/site/1197/tickets?code=1197-142449&languageid=he_IL,Regular,2D,,,2026-07-29,2026,,,100,All,Kfar Saba,Hot Cinema,574
16:50,Saltiz,סולטיז הסרט - וולוג ה-100,https://tickets.hotcinema.co.il/site/1197/tickets?code=1197-142479&languageid=en_gb,https://tickets.hotcinema.co.il/site/1197/tickets?code=1197-142479&languageid=he_IL,Regular,2D,,,2026-07-29,2026,,,100,All,Kfar Saba,Hot Cinema,574
10:20,Three Wishes for Cinderella,סינדרלה ושלוש המשאלות,https://tickets.hotcinema.co.il/site/1197/tickets?code=1197-142469&languageid=en_gb,https://tickets.hotcinema.co.il/site/1197/tickets?code=1197-142469&languageid=he_IL,Regular,2D,,Hebrew,2026-07-29,2026,,,85,All,Kfar Saba,Hot Cinema,574
12:20,Three Wishes for Cinderella,סינדרלה ושלוש המשאלות,https://tickets.hotcinema.co.il/site/1197/tickets?code=1197-142470&languageid=en_gb,https://tickets.hotcinema.co.il/site/1197/tickets?code=1197-142470&languageid=he_IL,Regular,2D,,Hebrew,2026-07-29,2026,,,85,All,Kfar Saba,Hot Cinema,574
14:20,Three Wishes for Cinderella,סינדרלה ושלוש המשאלות,https://tickets.hotcinema.co.il/site/1197/tickets?code=1197-142471&languageid=en_gb,https://tickets.hotcinema.co.il/site/1197/tickets?code=1197-142471&languageid=he_IL,Regular,2D,,Hebrew,2026-07-29,2026,,,85,All,Kfar Saba,Hot Cinema,574
10:45,Spider-Man: Brand new day,ספיידרמן: יום חדש,https://tickets.hotcinema.co.il/site/1197/tickets?code=1197-142490&languageid=en_gb,https://tickets.hotcinema.co.il/site/1197/tickets?code=1197-142490&languageid=he_IL,Regular,2D,,,2026-07-29,2026,,,145,,Kfar Saba,Hot Cinema,574
11:45,Spider-Man: Brand new day,ספיידרמן: יום חדש,https://tickets.hotcinema.co.il/site/1197/tickets?code=1197-136801&languageid=en_gb,https://tickets.hotcinema.co.il/site/1197/tickets?code=1197-136801&languageid=he_IL,Regular,2D Atmos,,,2026-07-29,2026,,,145,,Kfar Saba,Hot Cinema,574
12:50,Spider-Man: Brand new day,ספיידרמן: יום חדש,https://tickets.hotcinema.co.il/site/1197/tickets?code=1197-142483&languageid=en_gb,https://tickets.hotcinema.co.il/site/1197/tickets?code=1197-142483&languageid=he_IL,Premium,2D,,,2026-07-29,2026,,,145,,Kfar Saba,Hot Cinema,574
13:45,Spider-Man: Brand new day,ספיידרמן: יום חדש,https://tickets.hotcinema.co.il/site/1197/tickets?code=1197-142491&languageid=en_gb,https://tickets.hotcinema.co.il/site/1197/tickets?code=1197-142491&languageid=he_IL,Regular,2D,,,2026-07-29,2026,,,145,,Kfar Saba,Hot Cinema,574
15:15,Spider-Man: Brand new day,ספיידרמן: יום חדש,https://tickets.hotcinema.co.il/site/1197/tickets?code=1197-136800&languageid=en_gb,https://tickets.hotcinema.co.il/site/1197/tickets?code=1197-136800&languageid=he_IL,Regular,2D Atmos,,,2026-07-29,2026,,,145,,Kfar Saba,Hot Cinema,574
16:45,Spider-Man: Brand new day,ספיידרמן: יום חדש,https://tickets.hotcinema.co.il/site/1197/tickets?code=1197-139382&languageid=en_gb,https://tickets.hotcinema.co.il/site/1197/tickets?code=1197-139382&languageid=he_IL,Regular,2D,,,2026-07-29,2026,,,145,,Kfar Saba,Hot Cinema,574
17:30,Spider-Man: Brand new day,ספיידרמן: יום חדש,https://tickets.hotcinema.co.il/site/1197/tickets?code=1197-136798&languageid=en_gb,https://tickets.hotcinema.co.il/site/1197/tickets?code=1197-136798&languageid=he_IL,Premium,2D Atmos,,,2026-07-29,2026,,,145,,Kfar Saba,Hot Cinema,574
18:30,Spider-Man: Brand new day,ספיידרמן: יום חדש,https://tickets.hotcinema.co.il/site/1197/tickets?code=1197-136799&languageid=en_gb,https://tickets.hotcinema.co.il/site/1197/tickets?code=1197-136799&languageid=he_IL,Regular,2D Atmos,,,2026-07-29,2026,,,145,,Kfar Saba,Hot Cinema,574
19:00,Spider-Man: Brand new day,ספיידרמן: יום חדש,https://tickets.hotcinema.co.il/site/1197/tickets?code=1197-142502&languageid=en_gb,https://tickets.hotcinema.co.il/site/1197/tickets?code=1197-142502&languageid=he_IL,Regular,2D,,,2026-07-29,2026,,,145,,Kfar Saba,Hot Cinema,574
20:00,Spider-Man: Brand new day,ספיידרמן: יום חדש,https://tickets.hotcinema.co.il/site/1197/tickets?code=1197-139381&languageid=en_gb,https://tickets.hotcinema.co.il/site/1197/tickets?code=1197-139381&languageid=he_IL,Regular,2D,,,2026-07-29,2026,,,145,,Kfar Saba,Hot Cinema,574
20:30,Spider-Man: Brand new day,ספיידרמן: יום חדש,https://tickets.hotcinema.co.il/site/1197/tickets?code=1197-142486&languageid=en_gb,https://tickets.hotcinema.co.il/site/1197/tickets?code=1197-142486&languageid=he_IL,Regular,2D,,,2026-07-29,2026,,,145,,Kfar Saba,Hot Cinema,574
20:45,Spider-Man: Brand new day,ספיידרמן: יום חדש,https://tickets.hotcinema.co.il/site/1197/tickets?code=1197-136797&languageid=en_gb,https://tickets.hotcinema.co.il/site/1197/tickets?code=1197-136797&languageid=he_IL,Premium,2D Atmos,,,2026-07-29,2026,,,145,,Kfar Saba,Hot Cinema,574
21:00,Spider-Man: Brand new day,ספיידרמן: יום חדש,https://tickets.hotcinema.co.il/site/1197/tickets?code=1197-142500&languageid=en_gb,https://tickets.hotcinema.co.il/site/1197/tickets?code=1197-142500&languageid=he_IL,Regular,2D,,,2026-07-29,2026,,,145,,Kfar Saba,Hot Cinema,574
21:15,Spider-Man: Brand new day,ספיידרמן: יום חדש,https://tickets.hotcinema.co.il/site/1197/tickets?code=1197-142501&languageid=en_gb,https://tickets.hotcinema.co.il/site/1197/tickets?code=1197-142501&languageid=he_IL,Regular,2D,,,2026-07-29,2026,,,145,,Kfar Saba,Hot Cinema,574
21:50,Spider-Man: Brand new day,ספיידרמן: יום חדש,https://tickets.hotcinema.co.il/site/1197/tickets?code=1197-136802&languageid=en_gb,https://tickets.hotcinema.co.il/site/1197/tickets?code=1197-136802&languageid=he_IL,Regular,2D Atmos,,,2026-07-29,2026,,,145,,Kfar Saba,Hot Cinema,574
22:00,Spider-Man: Brand new day,ספיידרמן: יום חדש,https://tickets.hotcinema.co.il/site/1197/tickets?code=1197-142503&languageid=en_gb,https://tickets.hotcinema.co.il/site/1197/tickets?code=1197-142503&languageid=he_IL,Regular,2D,,,2026-07-29,2026,,,145,,Kfar Saba,Hot Cinema,574
20:00,Forrest Gump,פורסט גאמפ,https://tickets.hotcinema.co.il/site/1197/tickets?code=1197-132691&languageid=en_gb,https://tickets.hotcinema.co.il/site/1197/tickets?code=1197-132691&languageid=he_IL,Not Just Cinema,2D,,,2026-07-29,1994,,,142,16+,Kfar Saba,Hot Cinema,574
11:00,Toy Story 5,צעצוע של סיפור 5,https://tickets.hotcinema.co.il/site/1197/tickets?code=1197-142458&languageid=en_gb,https://tickets.hotcinema.co.il/site/1197/tickets?code=1197-142458&languageid=he_IL,Regular,2D,,Hebrew,2026-07-29,2026,,,102,All,Kfar Saba,Hot Cinema,574
13:30,Toy Story 5,צעצוע של סיפור 5,https://tickets.hotcinema.co.il/site/1197/tickets?code=1197-142457&languageid=en_gb,https://tickets.hotcinema.co.il/site/1197/tickets?code=1197-142457&languageid=he_IL,Regular,2D,,Hebrew,2026-07-29,2026,,,102,All,Kfar Saba,Hot Cinema,574
11:40,קופה ראשית: הסרט,קופה ראשית: הסרט,https://tickets.hotcinema.co.il/site/1197/tickets?code=1197-142489&languageid=en_gb,https://tickets.hotcinema.co.il/site/1197/tickets?code=1197-142489&languageid=he_IL,Regular,2D,,,2026-07-29,2026,,,91,All,Kfar Saba,Hot Cinema,574
13:50,קופה ראשית: הסרט,קופה ראשית: הסרט,https://tickets.hotcinema.co.il/site/1197/tickets?code=1197-142474&languageid=en_gb,https://tickets.hotcinema.co.il/site/1197/tickets?code=1197-142474&languageid=he_IL,Regular,2D,,,2026-07-29,2026,,,91,All,Kfar Saba,Hot Cinema,574
21:45,קופה ראשית: הסרט,קופה ראשית: הסרט,https://tickets.hotcinema.co.il/site/1197/tickets?code=1197-142456&languageid=en_gb,https://tickets.hotcinema.co.il/site/1197/tickets?code=1197-142456&languageid=he_IL,Regular,2D,,,2026-07-29,2026,,,91,All,Kfar Saba,Hot Cinema,574
23:00,קופה ראשית: הסרט,קופה ראשית: הסרט,https://tickets.hotcinema.co.il/site/1197/tickets?code=1197-142453&languageid=en_gb,https://tickets.hotcinema.co.il/site/1197/tickets?code=1197-142453&languageid=he_IL,Regular,2D,,,2026-07-29,2026,,,91,All,Kfar Saba,Hot Cinema,574
19:45,Dream High,תיכון מגשימים,https://tickets.hotcinema.co.il/site/1197/tickets?code=1197-142472&languageid=en_gb,https://tickets.hotcinema.co.il/site/1197/tickets?code=1197-142472&languageid=he_IL,Regular,2D,,,2026-07-29,2026,,,100,12+,Kfar Saba,Hot Cinema,574
22:00,Dream High,תיכון מגשימים,https://tickets.hotcinema.co.il/site/1197/tickets?code=1197-142473&languageid=en_gb,https://tickets.hotcinema.co.il/site/1197/tickets?code=1197-142473&languageid=he_IL,Regular,2D,,,2026-07-29,2026,,,100,12+,Kfar Saba,Hot Cinema,574
17:30,Edward Scissorhands,סינמה נוסטלגיה - המספריים של אדוארד,https://tickets.hotcinema.co.il/site/1197/tickets?code=1197-135676&languageid=en_gb,https://tickets.hotcinema.co.il/site/1197/tickets?code=1197-135676&languageid=he_IL,Not Just Cinema,2D,,,2026-07-30,1990,,,105,All,Kfar Saba,Hot Cinema,574
11:15,Spider-Man: Brand new day,ספיידרמן: יום חדש,https://tickets.hotcinema.co.il/site/1197/tickets?code=1197-136813&languageid=en_gb,https://tickets.hotcinema.co.il/site/1197/tickets?code=1197-136813&languageid=he_IL,Regular,2D Atmos,,,2026-07-30,2026,,,145,,Kfar Saba,Hot Cinema,574
14:50,Spider-Man: Brand new day,ספיידרמן: יום חדש,https://tickets.hotcinema.co.il/site/1197/tickets?code=1197-136812&languageid=en_gb,https://tickets.hotcinema.co.il/site/1197/tickets?code=1197-136812&languageid=he_IL,Regular,2D Atmos,,,2026-07-30,2026,,,145,,Kfar Saba,Hot Cinema,574
17:00,Spider-Man: Brand new day,ספיידרמן: יום חדש,https://tickets.hotcinema.co.il/site/1197/tickets?code=1197-136809&languageid=en_gb,https://tickets.hotcinema.co.il/site/1197/tickets?code=1197-136809&languageid=he_IL,Premium,2D Atmos,,,2026-07-30,2026,,,145,,Kfar Saba,Hot Cinema,574
18:20,Spider-Man: Brand new day,ספיידרמן: יום חדש,https://tickets.hotcinema.co.il/site/1197/tickets?code=1197-136810&languageid=en_gb,https://tickets.hotcinema.co.il/site/1197/tickets?code=1197-136810&languageid=he_IL,Regular,2D Atmos,,,2026-07-30,2026,,,145,,Kfar Saba,Hot Cinema,574
20:15,Spider-Man: Brand new day,ספיידרמן: יום חדש,https://tickets.hotcinema.co.il/site/1197/tickets?code=1197-136808&languageid=en_gb,https://tickets.hotcinema.co.il/site/1197/tickets?code=1197-136808&languageid=he_IL,Premium,2D Atmos,,,2026-07-30,2026,,,145,,Kfar Saba,Hot Cinema,574
21:50,Spider-Man: Brand new day,ספיידרמן: יום חדש,https://tickets.hotcinema.co.il/site/1197/tickets?code=1197-136811&languageid=en_gb,https://tickets.hotcinema.co.il/site/1197/tickets?code=1197-136811&languageid=he_IL,Regular,2D Atmos,,,2026-07-30,2026,,,145,,Kfar Saba,Hot Cinema,574
17:00,Spider-Man: Brand new day,ספיידרמן: יום חדש,https://tickets.hotcinema.co.il/site/1197/tickets?code=1197-136807&languageid=en_gb,https://tickets.hotcinema.co.il/site/1197/tickets?code=1197-136807&languageid=he_IL,Regular,2D Atmos,,,2026-07-31,2026,,,145,,Kfar Saba,Hot Cinema,574
18:45,Spider-Man: Brand new day,ספיידרמן: יום חדש,https://tickets.hotcinema.co.il/site/1197/tickets?code=1197-136804&languageid=en_gb,https://tickets.hotcinema.co.il/site/1197/tickets?code=1197-136804&languageid=he_IL,Premium,2D Atmos,,,2026-07-31,2026,,,145,,Kfar Saba,Hot Cinema,574
20:30,Spider-Man: Brand new day,ספיידרמן: יום חדש,https://tickets.hotcinema.co.il/site/1197/tickets?code=1197-136806&languageid=en_gb,https://tickets.hotcinema.co.il/site/1197/tickets?code=1197-136806&languageid=he_IL,Regular,2D Atmos,,,2026-07-31,2026,,,145,,Kfar Saba,Hot Cinema,574
21:30,Spider-Man: Brand new day,ספיידרמן: יום חדש,https://tickets.hotcinema.co.il/site/1197/tickets?code=1197-136805&languageid=en_gb,https://tickets.hotcinema.co.il/site/1197/tickets?code=1197-136805&languageid=he_IL,Regular,2D Atmos,,,2026-07-31,2026,,,145,,Kfar Saba,Hot Cinema,574
22:00,Spider-Man: Brand new day,ספיידרמן: יום חדש,https://tickets.hotcinema.co.il/site/1197/tickets?code=1197-136803&languageid=en_gb,https://tickets.hotcinema.co.il/site/1197/tickets?code=1197-136803&languageid=he_IL,Premium,2D Atmos,,,2026-07-31,2026,,,145,,Kfar Saba,Hot Cinema,574
11:00,הכל אני יכול בחופש הגדול - ההצגה,הכל אני יכול בחופש הגדול - ההצגה,https://tickets.hotcinema.co.il/site/1197/tickets?code=1197-140577&languageid=en_gb,https://tickets.hotcinema.co.il/site/1197/tickets?code=1197-140577&languageid=he_IL,Not Just Cinema,2D,,,2026-08-01,,,,60,All,Kfar Saba,Hot Cinema,574
11:00,חנן הגנן,הצגה - חנן הגנן,https://tickets.hotcinema.co.il/site/1197/tickets?code=1197-134567&languageid=en_gb,https://tickets.hotcinema.co.il/site/1197/tickets?code=1197-134567&languageid=he_IL,Not Just Cinema,2D,,,2026-08-01,,,,45,All,Kfar Saba,Hot Cinema,574
14:50,Spider-Man: Brand new day,ספיידרמן: יום חדש,https://tickets.hotcinema.co.il/site/1197/tickets?code=1197-136795&languageid=en_gb,https://tickets.hotcinema.co.il/site/1197/tickets?code=1197-136795&languageid=he_IL,Regular,2D Atmos,,,2026-08-01,2026,,,145,,Kfar Saba,Hot Cinema,574
17:00,Spider-Man: Brand new day,ספיידרמן: יום חדש,https://tickets.hotcinema.co.il/site/1197/tickets?code=1197-136792&languageid=en_gb,https://tickets.hotcinema.co.il/site/1197/tickets?code=1197-136792&languageid=he_IL,Premium,2D Atmos,,,2026-08-01,2026,,,145,,Kfar Saba,Hot Cinema,574
18:20,Spider-Man: Brand new day,ספיידרמן: יום חדש,https://tickets.hotcinema.co.il/site/1197/tickets?code=1197-136794&languageid=en_gb,https://tickets.hotcinema.co.il/site/1197/tickets?code=1197-136794&languageid=he_IL,Regular,2D Atmos,,,2026-08-01,2026,,,145,,Kfar Saba,Hot Cinema,574
20:15,Spider-Man: Brand new day,ספיידרמן: יום חדש,https://tickets.hotcinema.co.il/site/1197/tickets?code=1197-136791&languageid=en_gb,https://tickets.hotcinema.co.il/site/1197/tickets?code=1197-136791&languageid=he_IL,Premium,2D Atmos,,,2026-08-01,2026,,,145,,Kfar Saba,Hot Cinema,574
21:50,Spider-Man: Brand new day,ספיידרמן: יום חדש,https://tickets.hotcinema.co.il/site/1197/tickets?code=1197-136793&languageid=en_gb,https://tickets.hotcinema.co.il/site/1197/tickets?code=1197-136793&languageid=he_IL,Regular,2D Atmos,,,2026-08-01,2026,,,145,,Kfar Saba,Hot Cinema,574
17:30,Minions & Monsters,מיניונים ומפלצות,https://tickets.hotcinema.co.il/site/1197/tickets?code=1197-141215&languageid=en_gb,https://tickets.hotcinema.co.il/site/1197/tickets?code=1197-141215&languageid=he_IL,Not Just Cinema,2D,,Hebrew,2026-08-02,2026,,,90,All,Kfar Saba,Hot Cinema,574
20:00,המדע של המוזיקה והאהבה – ירמי קפלן ודר' ליאת יקיר,המדע של המוזיקה והאהבה – ירמי קפלן ודר' ליאת יקיר,https://tickets.hotcinema.co.il/site/1197/tickets?code=1197-134565&languageid=en_gb,https://tickets.hotcinema.co.il/site/1197/tickets?code=1197-134565&languageid=he_IL,Not Just Cinema,2D,,,2026-08-04,,,,75,,Kfar Saba,Hot Cinema,574
17:30,Moana (Live Action),מואנה לייב אקשן,https://tickets.hotcinema.co.il/site/1197/tickets?code=1197-141662&languageid=en_gb,https://tickets.hotcinema.co.il/site/1197/tickets?code=1197-141662&languageid=he_IL,Not Just Cinema,2D,,,2026-08-04,2026,,,115,All,Kfar Saba,Hot Cinema,574
20:00,Spider-Man: Brand new day,ספיידרמן: יום חדש,https://tickets.hotcinema.co.il/site/1197/tickets?code=1197-139359&languageid=en_gb,https://tickets.hotcinema.co.il/site/1197/tickets?code=1197-139359&languageid=he_IL,Regular,2D,,French,2026-08-04,2026,,,145,,Kfar Saba,Hot Cinema,574
17:30,WALL·E,סינמה נוסטלגיה - וול-E,https://tickets.hotcinema.co.il/site/1197/tickets?code=1197-136815&languageid=en_gb,https://tickets.hotcinema.co.il/site/1197/tickets?code=1197-136815&languageid=he_IL,Not Just Cinema,2D,,Hebrew,2026-08-06,2008,,,98,All,Kfar Saba,Hot Cinema,574
20:30,Spider-Man: Brand new day,ספיידרמן: יום חדש,https://tickets.hotcinema.co.il/site/1197/tickets?code=1197-139357&languageid=en_gb,https://tickets.hotcinema.co.il/site/1197/tickets?code=1197-139357&languageid=he_IL,Regular,2D,,French,2026-08-06,2026,,,145,,Kfar Saba,Hot Cinema,574
21:00,Mamma Mia!,סינמה נוסטלגיה - מאמה מיה!,https://tickets.hotcinema.co.il/site/1197/tickets?code=1197-134573&languageid=en_gb,https://tickets.hotcinema.co.il/site/1197/tickets?code=1197-134573&languageid=he_IL,Not Just Cinema,2D,,,2026-08-07,2008,,,108,12+,Kfar Saba,Hot Cinema,574
11:00,Five Baloons,מעשה בחמישה בלונים,https://tickets.hotcinema.co.il/site/1197/tickets?code=1197-131691&languageid=en_gb,https://tickets.hotcinema.co.il/site/1197/tickets?code=1197-131691&languageid=he_IL,Not Just Cinema,2D,,,2026-08-08,,,,45,All,Kfar Saba,Hot Cinema,574
16:00,חגיגות 10 שנים יחד עם מאפין,חגיגות 10 שנים יחד עם מאפין,https://tickets.hotcinema.co.il/site/1197/tickets?code=1197-136760&languageid=en_gb,https://tickets.hotcinema.co.il/site/1197/tickets?code=1197-136760&languageid=he_IL,Not Just Cinema,2D,,,2026-08-10,,,,120,,Kfar Saba,Hot Cinema,574
20:30,Spider-Man: Brand new day,ספיידרמן: יום חדש,https://tickets.hotcinema.co.il/site/1197/tickets?code=1197-139358&languageid=en_gb,https://tickets.hotcinema.co.il/site/1197/tickets?code=1197-139358&languageid=he_IL,Regular,2D,,French,2026-08-10,2026,,,145,,Kfar Saba,Hot Cinema,574
19:00,Moana (Live Action),מואנה לייב אקשן,https://tickets.hotcinema.co.il/site/1197/tickets?code=1197-142876&languageid=en_gb,https://tickets.hotcinema.co.il/site/1197/tickets?code=1197-142876&languageid=he_IL,Not Just Cinema,2D,,,2026-08-11,2026,,,115,All,Kfar Saba,Hot Cinema,574
20:00,דני קושמרו,דני קושמרו,https://tickets.hotcinema.co.il/site/1197/tickets?code=1197-131710&languageid=en_gb,https://tickets.hotcinema.co.il/site/1197/tickets?code=1197-131710&languageid=he_IL,Not Just Cinema,2D,,,2026-08-12,,,,60,,Kfar Saba,Hot Cinema,574
21:00,מירית גליצקי מוגזמת,מירית גליצקי מוגזמת,https://tickets.hotcinema.co.il/site/1197/tickets?code=1197-112533&languageid=en_gb,https://tickets.hotcinema.co.il/site/1197/tickets?code=1197-112533&languageid=he_IL,Not Just Cinema,2D,,,2026-08-13,,,,70,,Kfar Saba,Hot Cinema,574
20:00,Superman - 1978,סינמה נוסטלגיה - סופרמן 1978,https://tickets.hotcinema.co.il/site/1197/tickets?code=1197-138071&languageid=en_gb,https://tickets.hotcinema.co.il/site/1197/tickets?code=1197-138071&languageid=he_IL,Not Just Cinema,2D,,,2026-08-13,1978,,,143,,Kfar Saba,Hot Cinema,574
20:30,Spider-Man: Brand new day,ספיידרמן: יום חדש,https://tickets.hotcinema.co.il/site/1197/tickets?code=1197-139360&languageid=en_gb,https://tickets.hotcinema.co.il/site/1197/tickets?code=1197-139360&languageid=he_IL,Regular,2D,,French,2026-08-13,2026,,,145,,Kfar Saba,Hot Cinema,574
19:30,ערב תרבות בקולנוע - יהודה אליאס,ערב תרבות בקולנוע - יהודה אליאס,https://tickets.hotcinema.co.il/site/1197/tickets?code=1197-134571&languageid=en_gb,https://tickets.hotcinema.co.il/site/1197/tickets?code=1197-134571&languageid=he_IL,Not Just Cinema,2D,,,2026-08-13,,,,60,,Kfar Saba,Hot Cinema,574
21:00,Mamma Mia!,סינמה נוסטלגיה - מאמה מיה!,https://tickets.hotcinema.co.il/site/1197/tickets?code=1197-140604&languageid=en_gb,https://tickets.hotcinema.co.il/site/1197/tickets?code=1197-140604&languageid=he_IL,Not Just Cinema,2D,,,2026-08-14,2008,,,108,12+,Kfar Saba,Hot Cinema,574
11:00,Shmulikipod,שמוליקיפוד,https://tickets.hotcinema.co.il/site/1197/tickets?code=1197-133192&languageid=en_gb,https://tickets.hotcinema.co.il/site/1197/tickets?code=1197-133192&languageid=he_IL,Not Just Cinema,2D,,,2026-08-15,2024,,,45,All,Kfar Saba,Hot Cinema,574
20:00,Superman 2 The Richard Donner Cut,סינמה נוסטלגיה - סופרמן 2 גרסת הבמאי,https://tickets.hotcinema.co.il/site/1197/tickets?code=1197-139386&languageid=en_gb,https://tickets.hotcinema.co.il/site/1197/tickets?code=1197-139386&languageid=he_IL,Not Just Cinema,2D,,,2026-08-20,2006,,,116,All,Kfar Saba,Hot Cinema,574
11:00,הבית של יעל,הבית של יעל,https://tickets.hotcinema.co.il/site/1197/tickets?code=1197-133194&languageid=en_gb,https://tickets.hotcinema.co.il/site/1197/tickets?code=1197-133194&languageid=he_IL,Not Just Cinema,2D,,,2026-08-22,,,,60,All,Kfar Saba,Hot Cinema,574
17:00,ערב אישי עם אליאור בילוקס,ערב אישי עם אליאור בילוקס,https://tickets.hotcinema.co.il/site/1197/tickets?code=1197-142879&languageid=en_gb,https://tickets.hotcinema.co.il/site/1197/tickets?code=1197-142879&languageid=he_IL,Not Just Cinema,2D,,,2026-08-25,,,,70,,Kfar Saba,Hot Cinema,574
17:30,נתי הגעתי הופעתי,נתי הגעתי הופעתי,https://tickets.hotcinema.co.il/site/1197/tickets?code=1197-121768&languageid=en_gb,https://tickets.hotcinema.co.il/site/1197/tickets?code=1197-121768&languageid=he_IL,Not Just Cinema,2D,,,2026-08-27,,,,70,All,Kfar Saba,Hot Cinema,574
17:30,Tangled,סינמה נוסטלגיה - פלונטר,https://tickets.hotcinema.co.il/site/1197/tickets?code=1197-139390&languageid=en_gb,https://tickets.hotcinema.co.il/site/1197/tickets?code=1197-139390&languageid=he_IL,Not Just Cinema,2D,,Hebrew,2026-08-27,2010,,,100,All,Kfar Saba,Hot Cinema,574
17:30,Tangled,סינמה נוסטלגיה - פלונטר,https://tickets.hotcinema.co.il/site/1197/tickets?code=1197-139392&languageid=en_gb,https://tickets.hotcinema.co.il/site/1197/tickets?code=1197-139392&languageid=he_IL,Not Just Cinema,2D,,Hebrew,2026-08-28,2010,,,100,All,Kfar Saba,Hot Cinema,574
11:00,איילת מטיילת,איילת מטיילת,https://tickets.hotcinema.co.il/site/1197/tickets?code=1197-134550&languageid=en_gb,https://tickets.hotcinema.co.il/site/1197/tickets?code=1197-134550&languageid=he_IL,Not Just Cinema,2D,,,2026-08-29,,,,,All,Kfar Saba,Hot Cinema,574
17:30,Tangled,סינמה נוסטלגיה - פלונטר,https://tickets.hotcinema.co.il/site/1197/tickets?code=1197-139391&languageid=en_gb,https://tickets.hotcinema.co.il/site/1197/tickets?code=1197-139391&languageid=he_IL,Not Just Cinema,2D,,Hebrew,2026-08-29,2010,,,100,All,Kfar Saba,Hot Cinema,574
20:00,Obsession,אובססיה,https://tickets.hotcinema.co.il/site/1194/tickets?code=1194-89061&languageid=en_gb,https://tickets.hotcinema.co.il/site/1194/tickets?code=1194-89061&languageid=he_IL,Regular,2D,,,2026-07-26,2026,,,108,14+,Petach Tikvah,Hot Cinema,574
22:30,Obsession,אובססיה,https://tickets.hotcinema.co.il/site/1194/tickets?code=1194-89036&languageid=en_gb,https://tickets.hotcinema.co.il/site/1194/tickets?code=1194-89036&languageid=he_IL,Regular,2D,,,2026-07-26,2026,,,108,14+,Petach Tikvah,Hot Cinema,574
16:45,The Odyssey,האודיסאה,https://tickets.hotcinema.co.il/site/1194/tickets?code=1194-89026&languageid=en_gb,https://tickets.hotcinema.co.il/site/1194/tickets?code=1194-89026&languageid=he_IL,Regular,2D,,,2026-07-26,2026,,,172,14+,Petach Tikvah,Hot Cinema,574
17:30,The Odyssey,האודיסאה,https://tickets.hotcinema.co.il/site/1194/tickets?code=1194-89066&languageid=en_gb,https://tickets.hotcinema.co.il/site/1194/tickets?code=1194-89066&languageid=he_IL,Regular,2D,,,2026-07-26,2026,,,172,14+,Petach Tikvah,Hot Cinema,574
20:15,The Odyssey,האודיסאה,https://tickets.hotcinema.co.il/site/1194/tickets?code=1194-89024&languageid=en_gb,https://tickets.hotcinema.co.il/site/1194/tickets?code=1194-89024&languageid=he_IL,Regular,2D,,,2026-07-26,2026,,,172,14+,Petach Tikvah,Hot Cinema,574
21:10,The Odyssey,האודיסאה,https://tickets.hotcinema.co.il/site/1194/tickets?code=1194-89025&languageid=en_gb,https://tickets.hotcinema.co.il/site/1194/tickets?code=1194-89025&languageid=he_IL,Regular,2D,,,2026-07-26,2026,,,172,14+,Petach Tikvah,Hot Cinema,574
21:40,The Odyssey,האודיסאה,https://tickets.hotcinema.co.il/site/1194/tickets?code=1194-89053&languageid=en_gb,https://tickets.hotcinema.co.il/site/1194/tickets?code=1194-89053&languageid=he_IL,Regular,2D,,,2026-07-26,2026,,,172,14+,Petach Tikvah,Hot Cinema,574
22:20,The Odyssey,האודיסאה,https://tickets.hotcinema.co.il/site/1194/tickets?code=1194-89052&languageid=en_gb,https://tickets.hotcinema.co.il/site/1194/tickets?code=1194-89052&languageid=he_IL,Regular,2D,,,2026-07-26,2026,,,172,14+,Petach Tikvah,Hot Cinema,574
19:30,American Hina,חינה אמריקאית,https://tickets.hotcinema.co.il/site/1194/tickets?code=1194-89037&languageid=en_gb,https://tickets.hotcinema.co.il/site/1194/tickets?code=1194-89037&languageid=he_IL,Regular,2D,,,2026-07-26,2026,,,100,All,Petach Tikvah,Hot Cinema,574
14:50,Tafiti: Across the Desert,טפיטי: הרפתקה במדבר,https://tickets.hotcinema.co.il/site/1194/tickets?code=1194-89043&languageid=en_gb,https://tickets.hotcinema.co.il/site/1194/tickets?code=1194-89043&languageid=he_IL,Regular,2D,,,2026-07-26,,,,81,הגבלת גיל: עד גיל 8 בליווי מבוגר,Petach Tikvah,Hot Cinema,574
10:30,MASHA and THE BEAR – WONDER PARK,מאשה והדוב – ההרפתקה הגדולה,https://tickets.hotcinema.co.il/site/1194/tickets?code=1194-89067&languageid=en_gb,https://tickets.hotcinema.co.il/site/1194/tickets?code=1194-89067&languageid=he_IL,Regular,2D,,Hebrew,2026-07-26,2026,,,73,All,Petach Tikvah,Hot Cinema,574
22:30,Moana (Live Action),מואנה לייב אקשן,https://tickets.hotcinema.co.il/site/1194/tickets?code=1194-89063&languageid=en_gb,https://tickets.hotcinema.co.il/site/1194/tickets?code=1194-89063&languageid=he_IL,Regular,2D,,,2026-07-26,2026,,,115,All,Petach Tikvah,Hot Cinema,574
12:30,Moana (Live Action),מואנה לייב אקשן,https://tickets.hotcinema.co.il/site/1194/tickets?code=1194-89035&languageid=en_gb,https://tickets.hotcinema.co.il/site/1194/tickets?code=1194-89035&languageid=he_IL,Regular,2D,,Hebrew,2026-07-26,2026,,,115,All,Petach Tikvah,Hot Cinema,574
15:00,Moana (Live Action),מואנה לייב אקשן,https://tickets.hotcinema.co.il/site/1194/tickets?code=1194-89034&languageid=en_gb,https://tickets.hotcinema.co.il/site/1194/tickets?code=1194-89034&languageid=he_IL,Regular,2D,,Hebrew,2026-07-26,2026,,,115,All,Petach Tikvah,Hot Cinema,574
16:20,Moana (Live Action),מואנה לייב אקשן,https://tickets.hotcinema.co.il/site/1194/tickets?code=1194-89033&languageid=en_gb,https://tickets.hotcinema.co.il/site/1194/tickets?code=1194-89033&languageid=he_IL,Regular,2D,,Hebrew,2026-07-26,2026,,,115,All,Petach Tikvah,Hot Cinema,574
11:00,Minions & Monsters,מיניונים ומפלצות,https://tickets.hotcinema.co.il/site/1194/tickets?code=1194-89030&languageid=en_gb,https://tickets.hotcinema.co.il/site/1194/tickets?code=1194-89030&languageid=he_IL,Regular,2D,,Hebrew,2026-07-26,2026,,,90,All,Petach Tikvah,Hot Cinema,574
13:10,Minions & Monsters,מיניונים ומפלצות,https://tickets.hotcinema.co.il/site/1194/tickets?code=1194-89029&languageid=en_gb,https://tickets.hotcinema.co.il/site/1194/tickets?code=1194-89029&languageid=he_IL,Regular,2D,,Hebrew,2026-07-26,2026,,,90,All,Petach Tikvah,Hot Cinema,574
15:15,Minions & Monsters,מיניונים ומפלצות,https://tickets.hotcinema.co.il/site/1194/tickets?code=1194-89028&languageid=en_gb,https://tickets.hotcinema.co.il/site/1194/tickets?code=1194-89028&languageid=he_IL,Regular,2D,,Hebrew,2026-07-26,2026,,,90,All,Petach Tikvah,Hot Cinema,574
17:20,Minions & Monsters,מיניונים ומפלצות,https://tickets.hotcinema.co.il/site/1194/tickets?code=1194-89027&languageid=en_gb,https://tickets.hotcinema.co.il/site/1194/tickets?code=1194-89027&languageid=he_IL,Regular,2D,,Hebrew,2026-07-26,2026,,,90,All,Petach Tikvah,Hot Cinema,574
10:50,School of Magical Animals,סוד החיות הקסומות 3,https://tickets.hotcinema.co.il/site/1194/tickets?code=1194-89048&languageid=en_gb,https://tickets.hotcinema.co.il/site/1194/tickets?code=1194-89048&languageid=he_IL,Regular,2D,,Hebrew,2026-07-26,2024,,,105,All,Petach Tikvah,Hot Cinema,574
13:10,School of Magical Animals,סוד החיות הקסומות 3,https://tickets.hotcinema.co.il/site/1194/tickets?code=1194-89047&languageid=en_gb,https://tickets.hotcinema.co.il/site/1194/tickets?code=1194-89047&languageid=he_IL,Regular,2D,,Hebrew,2026-07-26,2024,,,105,All,Petach Tikvah,Hot Cinema,574
15:30,School of Magical Animals,סוד החיות הקסומות 3,https://tickets.hotcinema.co.il/site/1194/tickets?code=1194-89049&languageid=en_gb,https://tickets.hotcinema.co.il/site/1194/tickets?code=1194-89049&languageid=he_IL,Regular,2D,,Hebrew,2026-07-26,2024,,,105,All,Petach Tikvah,Hot Cinema,574
10:45,Saltiz,סולטיז הסרט - וולוג ה-100,https://tickets.hotcinema.co.il/site/1194/tickets?code=1194-89059&languageid=en_gb,https://tickets.hotcinema.co.il/site/1194/tickets?code=1194-89059&languageid=he_IL,Regular,2D,,,2026-07-26,2026,,,100,All,Petach Tikvah,Hot Cinema,574
13:10,Saltiz,סולטיז הסרט - וולוג ה-100,https://tickets.hotcinema.co.il/site/1194/tickets?code=1194-89058&languageid=en_gb,https://tickets.hotcinema.co.il/site/1194/tickets?code=1194-89058&languageid=he_IL,Regular,2D,,,2026-07-26,2026,,,100,All,Petach Tikvah,Hot Cinema,574
15:30,Saltiz,סולטיז הסרט - וולוג ה-100,https://tickets.hotcinema.co.il/site/1194/tickets?code=1194-89057&languageid=en_gb,https://tickets.hotcinema.co.il/site/1194/tickets?code=1194-89057&languageid=he_IL,Regular,2D,,,2026-07-26,2026,,,100,All,Petach Tikvah,Hot Cinema,574
17:50,Saltiz,סולטיז הסרט - וולוג ה-100,https://tickets.hotcinema.co.il/site/1194/tickets?code=1194-89056&languageid=en_gb,https://tickets.hotcinema.co.il/site/1194/tickets?code=1194-89056&languageid=he_IL,Regular,2D,,,2026-07-26,2026,,,100,All,Petach Tikvah,Hot Cinema,574
12:50,Super Mario Galaxy,סופר מריו גלקסי הסרט,https://tickets.hotcinema.co.il/site/1194/tickets?code=1194-89060&languageid=en_gb,https://tickets.hotcinema.co.il/site/1194/tickets?code=1194-89060&languageid=he_IL,Regular,2D,,Hebrew,2026-07-26,2026,,,100,All,Petach Tikvah,Hot Cinema,574
15:15,Three Wishes for Cinderella,סינדרלה ושלוש המשאלות,https://tickets.hotcinema.co.il/site/1194/tickets?code=1194-89042&languageid=en_gb,https://tickets.hotcinema.co.il/site/1194/tickets?code=1194-89042&languageid=he_IL,Regular,2D,,Hebrew,2026-07-26,2026,,,85,All,Petach Tikvah,Hot Cinema,574
17:45,Three Wishes for Cinderella,סינדרלה ושלוש המשאלות,https://tickets.hotcinema.co.il/site/1194/tickets?code=1194-89068&languageid=en_gb,https://tickets.hotcinema.co.il/site/1194/tickets?code=1194-89068&languageid=he_IL,Regular,2D,,Hebrew,2026-07-26,2026,,,85,All,Petach Tikvah,Hot Cinema,574
10:15,Toy Story 5,צעצוע של סיפור 5,https://tickets.hotcinema.co.il/site/1194/tickets?code=1194-89046&languageid=en_gb,https://tickets.hotcinema.co.il/site/1194/tickets?code=1194-89046&languageid=he_IL,Regular,2D,,Hebrew,2026-07-26,2026,,,102,All,Petach Tikvah,Hot Cinema,574
12:30,Toy Story 5,צעצוע של סיפור 5,https://tickets.hotcinema.co.il/site/1194/tickets?code=1194-89045&languageid=en_gb,https://tickets.hotcinema.co.il/site/1194/tickets?code=1194-89045&languageid=he_IL,Regular,2D,,Hebrew,2026-07-26,2026,,,102,All,Petach Tikvah,Hot Cinema,574
14:50,Toy Story 5,צעצוע של סיפור 5,https://tickets.hotcinema.co.il/site/1194/tickets?code=1194-89055&languageid=en_gb,https://tickets.hotcinema.co.il/site/1194/tickets?code=1194-89055&languageid=he_IL,Regular,2D,,Hebrew,2026-07-26,2026,,,102,All,Petach Tikvah,Hot Cinema,574
17:10,Toy Story 5,צעצוע של סיפור 5,https://tickets.hotcinema.co.il/site/1194/tickets?code=1194-89051&languageid=en_gb,https://tickets.hotcinema.co.il/site/1194/tickets?code=1194-89051&languageid=he_IL,Regular,2D,,Hebrew,2026-07-26,2026,,,102,All,Petach Tikvah,Hot Cinema,574
14:15,קופה ראשית: הסרט,קופה ראשית: הסרט,https://tickets.hotcinema.co.il/site/1194/tickets?code=1194-89050&languageid=en_gb,https://tickets.hotcinema.co.il/site/1194/tickets?code=1194-89050&languageid=he_IL,Regular,2D,,,2026-07-26,2026,,,91,All,Petach Tikvah,Hot Cinema,574
17:50,קופה ראשית: הסרט,קופה ראשית: הסרט,https://tickets.hotcinema.co.il/site/1194/tickets?code=1194-89032&languageid=en_gb,https://tickets.hotcinema.co.il/site/1194/tickets?code=1194-89032&languageid=he_IL,Regular,2D,,,2026-07-26,2026,,,91,All,Petach Tikvah,Hot Cinema,574
19:30,קופה ראשית: הסרט,קופה ראשית: הסרט,https://tickets.hotcinema.co.il/site/1194/tickets?code=1194-89031&languageid=en_gb,https://tickets.hotcinema.co.il/site/1194/tickets?code=1194-89031&languageid=he_IL,Regular,2D,,,2026-07-26,2026,,,91,All,Petach Tikvah,Hot Cinema,574
20:20,קופה ראשית: הסרט,קופה ראשית: הסרט,https://tickets.hotcinema.co.il/site/1194/tickets?code=1194-89040&languageid=en_gb,https://tickets.hotcinema.co.il/site/1194/tickets?code=1194-89040&languageid=he_IL,Regular,2D,,,2026-07-26,2026,,,91,All,Petach Tikvah,Hot Cinema,574
21:45,קופה ראשית: הסרט,קופה ראשית: הסרט,https://tickets.hotcinema.co.il/site/1194/tickets?code=1194-89054&languageid=en_gb,https://tickets.hotcinema.co.il/site/1194/tickets?code=1194-89054&languageid=he_IL,Regular,2D,,,2026-07-26,2026,,,91,All,Petach Tikvah,Hot Cinema,574
22:30,קופה ראשית: הסרט,קופה ראשית: הסרט,https://tickets.hotcinema.co.il/site/1194/tickets?code=1194-89041&languageid=en_gb,https://tickets.hotcinema.co.il/site/1194/tickets?code=1194-89041&languageid=he_IL,Regular,2D,,,2026-07-26,2026,,,91,All,Petach Tikvah,Hot Cinema,574
22:30,Obsession,אובססיה,https://tickets.hotcinema.co.il/site/1194/tickets?code=1194-88916&languageid=en_gb,https://tickets.hotcinema.co.il/site/1194/tickets?code=1194-88916&languageid=he_IL,Regular,2D,,,2026-07-27,2026,,,108,14+,Petach Tikvah,Hot Cinema,574
19:15,Just an Illusion,אשליות מתוקות,https://tickets.hotcinema.co.il/site/1194/tickets?code=1194-88931&languageid=en_gb,https://tickets.hotcinema.co.il/site/1194/tickets?code=1194-88931&languageid=he_IL,Regular,2D,,,2026-07-27,2026,,,116,All,Petach Tikvah,Hot Cinema,574
19:30,Welcome To The Jungle,ברוכים הבאים לג'ונגל,https://tickets.hotcinema.co.il/site/1194/tickets?code=1194-88948&languageid=en_gb,https://tickets.hotcinema.co.il/site/1194/tickets?code=1194-88948&languageid=he_IL,Regular,2D,,,2026-07-27,2026,,,170,All,Petach Tikvah,Hot Cinema,574
16:45,The Odyssey,האודיסאה,https://tickets.hotcinema.co.il/site/1194/tickets?code=1194-88906&languageid=en_gb,https://tickets.hotcinema.co.il/site/1194/tickets?code=1194-88906&languageid=he_IL,Regular,2D,,,2026-07-27,2026,,,172,14+,Petach Tikvah,Hot Cinema,574
18:40,The Odyssey,האודיסאה,https://tickets.hotcinema.co.il/site/1194/tickets?code=1194-88905&languageid=en_gb,https://tickets.hotcinema.co.il/site/1194/tickets?code=1194-88905&languageid=he_IL,Regular,2D,,,2026-07-27,2026,,,172,14+,Petach Tikvah,Hot Cinema,574
20:15,The Odyssey,האודיסאה,https://tickets.hotcinema.co.il/site/1194/tickets?code=1194-88904&languageid=en_gb,https://tickets.hotcinema.co.il/site/1194/tickets?code=1194-88904&languageid=he_IL,Regular,2D,,,2026-07-27,2026,,,172,14+,Petach Tikvah,Hot Cinema,574
21:10,The Odyssey,האודיסאה,https://tickets.hotcinema.co.il/site/1194/tickets?code=1194-88936&languageid=en_gb,https://tickets.hotcinema.co.il/site/1194/tickets?code=1194-88936&languageid=he_IL,Regular,2D,,,2026-07-27,2026,,,172,14+,Petach Tikvah,Hot Cinema,574
21:40,The Odyssey,האודיסאה,https://tickets.hotcinema.co.il/site/1194/tickets?code=1194-88934&languageid=en_gb,https://tickets.hotcinema.co.il/site/1194/tickets?code=1194-88934&languageid=he_IL,Regular,2D,,,2026-07-27,2026,,,172,14+,Petach Tikvah,Hot Cinema,574
22:15,The Odyssey,האודיסאה,https://tickets.hotcinema.co.il/site/1194/tickets?code=1194-88933&languageid=en_gb,https://tickets.hotcinema.co.il/site/1194/tickets?code=1194-88933&languageid=he_IL,Regular,2D,,,2026-07-27,2026,,,172,14+,Petach Tikvah,Hot Cinema,574
12:40,Tafiti: Across the Desert,טפיטי: הרפתקה במדבר,https://tickets.hotcinema.co.il/site/1194/tickets?code=1194-88928&languageid=en_gb,https://tickets.hotcinema.co.il/site/1194/tickets?code=1194-88928&languageid=he_IL,Regular,2D,,,2026-07-27,,,,81,הגבלת גיל: עד גיל 8 בליווי מבוגר,Petach Tikvah,Hot Cinema,574
14:50,Tafiti: Across the Desert,טפיטי: הרפתקה במדבר,https://tickets.hotcinema.co.il/site/1194/tickets?code=1194-88923&languageid=en_gb,https://tickets.hotcinema.co.il/site/1194/tickets?code=1194-88923&languageid=he_IL,Regular,2D,,,2026-07-27,,,,81,הגבלת גיל: עד גיל 8 בליווי מבוגר,Petach Tikvah,Hot Cinema,574
19:15,כי את מכוערת,כי את מכוערת,https://tickets.hotcinema.co.il/site/1194/tickets?code=1194-88935&languageid=en_gb,https://tickets.hotcinema.co.il/site/1194/tickets?code=1194-88935&languageid=he_IL,Regular,2D,,,2026-07-27,2025,,,83,12+,Petach Tikvah,Hot Cinema,574
10:30,MASHA and THE BEAR – WONDER PARK,מאשה והדוב – ההרפתקה הגדולה,https://tickets.hotcinema.co.il/site/1194/tickets?code=1194-88945&languageid=en_gb,https://tickets.hotcinema.co.il/site/1194/tickets?code=1194-88945&languageid=he_IL,Regular,2D,,Hebrew,2026-07-27,2026,,,73,All,Petach Tikvah,Hot Cinema,574
20:00,Moana (Live Action),מואנה לייב אקשן,https://tickets.hotcinema.co.il/site/1194/tickets?code=1194-88946&languageid=en_gb,https://tickets.hotcinema.co.il/site/1194/tickets?code=1194-88946&languageid=he_IL,Regular,2D,,,2026-07-27,2026,,,115,All,Petach Tikvah,Hot Cinema,574
11:15,Moana (Live Action),מואנה לייב אקשן,https://tickets.hotcinema.co.il/site/1194/tickets?code=1194-88915&languageid=en_gb,https://tickets.hotcinema.co.il/site/1194/tickets?code=1194-88915&languageid=he_IL,Regular,2D,,Hebrew,2026-07-27,2026,,,115,All,Petach Tikvah,Hot Cinema,574
13:45,Moana (Live Action),מואנה לייב אקשן,https://tickets.hotcinema.co.il/site/1194/tickets?code=1194-88914&languageid=en_gb,https://tickets.hotcinema.co.il/site/1194/tickets?code=1194-88914&languageid=he_IL,Regular,2D,,Hebrew,2026-07-27,2026,,,115,All,Petach Tikvah,Hot Cinema,574
16:40,Moana (Live Action),מואנה לייב אקשן,https://tickets.hotcinema.co.il/site/1194/tickets?code=1194-88913&languageid=en_gb,https://tickets.hotcinema.co.il/site/1194/tickets?code=1194-88913&languageid=he_IL,Regular,2D,,Hebrew,2026-07-27,2026,,,115,All,Petach Tikvah,Hot Cinema,574
11:00,Minions & Monsters,מיניונים ומפלצות,https://tickets.hotcinema.co.il/site/1194/tickets?code=1194-88910&languageid=en_gb,https://tickets.hotcinema.co.il/site/1194/tickets?code=1194-88910&languageid=he_IL,Regular,2D,,Hebrew,2026-07-27,2026,,,90,All,Petach Tikvah,Hot Cinema,574
13:10,Minions & Monsters,מיניונים ומפלצות,https://tickets.hotcinema.co.il/site/1194/tickets?code=1194-88909&languageid=en_gb,https://tickets.hotcinema.co.il/site/1194/tickets?code=1194-88909&languageid=he_IL,Regular,2D,,Hebrew,2026-07-27,2026,,,90,All,Petach Tikvah,Hot Cinema,574
15:15,Minions & Monsters,מיניונים ומפלצות,https://tickets.hotcinema.co.il/site/1194/tickets?code=1194-88908&languageid=en_gb,https://tickets.hotcinema.co.il/site/1194/tickets?code=1194-88908&languageid=he_IL,Regular,2D,,Hebrew,2026-07-27,2026,,,90,All,Petach Tikvah,Hot Cinema,574
17:20,Minions & Monsters,מיניונים ומפלצות,https://tickets.hotcinema.co.il/site/1194/tickets?code=1194-88907&languageid=en_gb,https://tickets.hotcinema.co.il/site/1194/tickets?code=1194-88907&languageid=he_IL,Regular,2D,,Hebrew,2026-07-27,2026,,,90,All,Petach Tikvah,Hot Cinema,574
10:50,School of Magical Animals,סוד החיות הקסומות 3,https://tickets.hotcinema.co.il/site/1194/tickets?code=1194-88927&languageid=en_gb,https://tickets.hotcinema.co.il/site/1194/tickets?code=1194-88927&languageid=he_IL,Regular,2D,,Hebrew,2026-07-27,2024,,,105,All,Petach Tikvah,Hot Cinema,574
13:10,School of Magical Animals,סוד החיות הקסומות 3,https://tickets.hotcinema.co.il/site/1194/tickets?code=1194-88926&languageid=en_gb,https://tickets.hotcinema.co.il/site/1194/tickets?code=1194-88926&languageid=he_IL,Regular,2D,,Hebrew,2026-07-27,2024,,,105,All,Petach Tikvah,Hot Cinema,574
15:30,School of Magical Animals,סוד החיות הקסומות 3,https://tickets.hotcinema.co.il/site/1194/tickets?code=1194-88929&languageid=en_gb,https://tickets.hotcinema.co.il/site/1194/tickets?code=1194-88929&languageid=he_IL,Regular,2D,,Hebrew,2026-07-27,2024,,,105,All,Petach Tikvah,Hot Cinema,574
10:45,Saltiz,סולטיז הסרט - וולוג ה-100,https://tickets.hotcinema.co.il/site/1194/tickets?code=1194-88941&languageid=en_gb,https://tickets.hotcinema.co.il/site/1194/tickets?code=1194-88941&languageid=he_IL,Regular,2D,,,2026-07-27,2026,,,100,All,Petach Tikvah,Hot Cinema,574
13:10,Saltiz,סולטיז הסרט - וולוג ה-100,https://tickets.hotcinema.co.il/site/1194/tickets?code=1194-88940&languageid=en_gb,https://tickets.hotcinema.co.il/site/1194/tickets?code=1194-88940&languageid=he_IL,Regular,2D,,,2026-07-27,2026,,,100,All,Petach Tikvah,Hot Cinema,574
15:30,Saltiz,סולטיז הסרט - וולוג ה-100,https://tickets.hotcinema.co.il/site/1194/tickets?code=1194-88939&languageid=en_gb,https://tickets.hotcinema.co.il/site/1194/tickets?code=1194-88939&languageid=he_IL,Regular,2D,,,2026-07-27,2026,,,100,All,Petach Tikvah,Hot Cinema,574
16:20,Saltiz,סולטיז הסרט - וולוג ה-100,https://tickets.hotcinema.co.il/site/1194/tickets?code=1194-88942&languageid=en_gb,https://tickets.hotcinema.co.il/site/1194/tickets?code=1194-88942&languageid=he_IL,Regular,2D,,,2026-07-27,2026,,,100,All,Petach Tikvah,Hot Cinema,574
17:50,Saltiz,סולטיז הסרט - וולוג ה-100,https://tickets.hotcinema.co.il/site/1194/tickets?code=1194-88938&languageid=en_gb,https://tickets.hotcinema.co.il/site/1194/tickets?code=1194-88938&languageid=he_IL,Regular,2D,,,2026-07-27,2026,,,100,All,Petach Tikvah,Hot Cinema,574
21:50,Supergirl,סופר גירל,https://tickets.hotcinema.co.il/site/1194/tickets?code=1194-88943&languageid=en_gb,https://tickets.hotcinema.co.il/site/1194/tickets?code=1194-88943&languageid=he_IL,Regular,2D,,,2026-07-27,2026,,,107,All,Petach Tikvah,Hot Cinema,574
12:20,Super Mario Galaxy,סופר מריו גלקסי הסרט,https://tickets.hotcinema.co.il/site/1194/tickets?code=1194-88944&languageid=en_gb,https://tickets.hotcinema.co.il/site/1194/tickets?code=1194-88944&languageid=he_IL,Regular,2D,,Hebrew,2026-07-27,2026,,,100,All,Petach Tikvah,Hot Cinema,574
10:15,Three Wishes for Cinderella,סינדרלה ושלוש המשאלות,https://tickets.hotcinema.co.il/site/1194/tickets?code=1194-88922&languageid=en_gb,https://tickets.hotcinema.co.il/site/1194/tickets?code=1194-88922&languageid=he_IL,Regular,2D,,Hebrew,2026-07-27,2026,,,85,All,Petach Tikvah,Hot Cinema,574
10:15,Toy Story 5,צעצוע של סיפור 5,https://tickets.hotcinema.co.il/site/1194/tickets?code=1194-88925&languageid=en_gb,https://tickets.hotcinema.co.il/site/1194/tickets?code=1194-88925&languageid=he_IL,Regular,2D,,Hebrew,2026-07-27,2026,,,102,All,Petach Tikvah,Hot Cinema,574
12:30,Toy Story 5,צעצוע של סיפור 5,https://tickets.hotcinema.co.il/site/1194/tickets?code=1194-88924&languageid=en_gb,https://tickets.hotcinema.co.il/site/1194/tickets?code=1194-88924&languageid=he_IL,Regular,2D,,Hebrew,2026-07-27,2026,,,102,All,Petach Tikvah,Hot Cinema,574
14:50,Toy Story 5,צעצוע של סיפור 5,https://tickets.hotcinema.co.il/site/1194/tickets?code=1194-88937&languageid=en_gb,https://tickets.hotcinema.co.il/site/1194/tickets?code=1194-88937&languageid=he_IL,Regular,2D,,Hebrew,2026-07-27,2026,,,102,All,Petach Tikvah,Hot Cinema,574
17:10,Toy Story 5,צעצוע של סיפור 5,https://tickets.hotcinema.co.il/site/1194/tickets?code=1194-88932&languageid=en_gb,https://tickets.hotcinema.co.il/site/1194/tickets?code=1194-88932&languageid=he_IL,Regular,2D,,Hebrew,2026-07-27,2026,,,102,All,Petach Tikvah,Hot Cinema,574
14:20,קופה ראשית: הסרט,קופה ראשית: הסרט,https://tickets.hotcinema.co.il/site/1194/tickets?code=1194-88930&languageid=en_gb,https://tickets.hotcinema.co.il/site/1194/tickets?code=1194-88930&languageid=he_IL,Regular,2D,,,2026-07-27,2026,,,91,All,Petach Tikvah,Hot Cinema,574
17:50,קופה ראשית: הסרט,קופה ראשית: הסרט,https://tickets.hotcinema.co.il/site/1194/tickets?code=1194-88912&languageid=en_gb,https://tickets.hotcinema.co.il/site/1194/tickets?code=1194-88912&languageid=he_IL,Regular,2D,,,2026-07-27,2026,,,91,All,Petach Tikvah,Hot Cinema,574
19:30,קופה ראשית: הסרט,קופה ראשית: הסרט,https://tickets.hotcinema.co.il/site/1194/tickets?code=1194-88911&languageid=en_gb,https://tickets.hotcinema.co.il/site/1194/tickets?code=1194-88911&languageid=he_IL,Regular,2D,,,2026-07-27,2026,,,91,All,Petach Tikvah,Hot Cinema,574
20:20,קופה ראשית: הסרט,קופה ראשית: הסרט,https://tickets.hotcinema.co.il/site/1194/tickets?code=1194-88920&languageid=en_gb,https://tickets.hotcinema.co.il/site/1194/tickets?code=1194-88920&languageid=he_IL,Regular,2D,,,2026-07-27,2026,,,91,All,Petach Tikvah,Hot Cinema,574
22:30,קופה ראשית: הסרט,קופה ראשית: הסרט,https://tickets.hotcinema.co.il/site/1194/tickets?code=1194-88921&languageid=en_gb,https://tickets.hotcinema.co.il/site/1194/tickets?code=1194-88921&languageid=he_IL,Regular,2D,,,2026-07-27,2026,,,91,All,Petach Tikvah,Hot Cinema,574
14:40,Dream High,תיכון מגשימים,https://tickets.hotcinema.co.il/site/1194/tickets?code=1194-88919&languageid=en_gb,https://tickets.hotcinema.co.il/site/1194/tickets?code=1194-88919&languageid=he_IL,Regular,2D,,,2026-07-27,2026,,,100,12+,Petach Tikvah,Hot Cinema,574
22:10,Obsession,אובססיה,https://tickets.hotcinema.co.il/site/1194/tickets?code=1194-89122&languageid=en_gb,https://tickets.hotcinema.co.il/site/1194/tickets?code=1194-89122&languageid=he_IL,Regular,2D,,,2026-07-28,2026,,,108,14+,Petach Tikvah,Hot Cinema,574
19:30,Just an Illusion,אשליות מתוקות,https://tickets.hotcinema.co.il/site/1194/tickets?code=1194-89135&languageid=en_gb,https://tickets.hotcinema.co.il/site/1194/tickets?code=1194-89135&languageid=he_IL,Regular,2D,,,2026-07-28,2026,,,116,All,Petach Tikvah,Hot Cinema,574
10:45,The Odyssey,האודיסאה,https://tickets.hotcinema.co.il/site/1194/tickets?code=1194-89139&languageid=en_gb,https://tickets.hotcinema.co.il/site/1194/tickets?code=1194-89139&languageid=he_IL,Regular,2D,,,2026-07-28,2026,,,172,14+,Petach Tikvah,Hot Cinema,574
14:20,The Odyssey,האודיסאה,https://tickets.hotcinema.co.il/site/1194/tickets?code=1194-89138&languageid=en_gb,https://tickets.hotcinema.co.il/site/1194/tickets?code=1194-89138&languageid=he_IL,Regular,2D,,,2026-07-28,2026,,,172,14+,Petach Tikvah,Hot Cinema,574
18:00,The Odyssey,האודיסאה,https://tickets.hotcinema.co.il/site/1194/tickets?code=1194-89115&languageid=en_gb,https://tickets.hotcinema.co.il/site/1194/tickets?code=1194-89115&languageid=he_IL,Regular,2D,,,2026-07-28,2026,,,172,14+,Petach Tikvah,Hot Cinema,574
19:00,The Odyssey,האודיסאה,https://tickets.hotcinema.co.il/site/1194/tickets?code=1194-89114&languageid=en_gb,https://tickets.hotcinema.co.il/site/1194/tickets?code=1194-89114&languageid=he_IL,Regular,2D,,,2026-07-28,2026,,,172,14+,Petach Tikvah,Hot Cinema,574
21:40,The Odyssey,האודיסאה,https://tickets.hotcinema.co.il/site/1194/tickets?code=1194-89113&languageid=en_gb,https://tickets.hotcinema.co.il/site/1194/tickets?code=1194-89113&languageid=he_IL,Regular,2D,,,2026-07-28,2026,,,172,14+,Petach Tikvah,Hot Cinema,574
22:30,The Odyssey,האודיסאה,https://tickets.hotcinema.co.il/site/1194/tickets?code=1194-89136&languageid=en_gb,https://tickets.hotcinema.co.il/site/1194/tickets?code=1194-89136&languageid=he_IL,Regular,2D,,,2026-07-28,2026,,,172,14+,Petach Tikvah,Hot Cinema,574
21:20,American Hina,חינה אמריקאית,https://tickets.hotcinema.co.il/site/1194/tickets?code=1194-89145&languageid=en_gb,https://tickets.hotcinema.co.il/site/1194/tickets?code=1194-89145&languageid=he_IL,Regular,2D,,,2026-07-28,2026,,,100,All,Petach Tikvah,Hot Cinema,574
10:15,Tafiti: Across the Desert,טפיטי: הרפתקה במדבר,https://tickets.hotcinema.co.il/site/1194/tickets?code=1194-89133&languageid=en_gb,https://tickets.hotcinema.co.il/site/1194/tickets?code=1194-89133&languageid=he_IL,Regular,2D,,,2026-07-28,,,,81,הגבלת גיל: עד גיל 8 בליווי מבוגר,Petach Tikvah,Hot Cinema,574
20:00,One night only,"טרום בכורה בט""ו באב - לגמור את הלילה",https://tickets.hotcinema.co.il/site/1194/tickets?code=1194-89140&languageid=en_gb,https://tickets.hotcinema.co.il/site/1194/tickets?code=1194-89140&languageid=he_IL,Regular,2D,,,2026-07-28,2026,,,102,14+,Petach Tikvah,Hot Cinema,574
22:15,One night only,"טרום בכורה בט""ו באב - לגמור את הלילה",https://tickets.hotcinema.co.il/site/1194/tickets?code=1194-89141&languageid=en_gb,https://tickets.hotcinema.co.il/site/1194/tickets?code=1194-89141&languageid=he_IL,Regular,2D,,,2026-07-28,2026,,,102,14+,Petach Tikvah,Hot Cinema,574
12:20,Diamonds,יהלומים,https://tickets.hotcinema.co.il/site/1194/tickets?code=1194-89151&languageid=en_gb,https://tickets.hotcinema.co.il/site/1194/tickets?code=1194-89151&languageid=he_IL,Regular,2D,,,2026-07-28,2024,,,135,All,Petach Tikvah,Hot Cinema,574
19:20,כי את מכוערת,כי את מכוערת,https://tickets.hotcinema.co.il/site/1194/tickets?code=1194-89155&languageid=en_gb,https://tickets.hotcinema.co.il/site/1194/tickets?code=1194-89155&languageid=he_IL,Regular,2D,,,2026-07-28,2025,,,83,12+,Petach Tikvah,Hot Cinema,574
12:50,For the Love of a Woman,כימים אחדים,https://tickets.hotcinema.co.il/site/1194/tickets?code=1194-89149&languageid=en_gb,https://tickets.hotcinema.co.il/site/1194/tickets?code=1194-89149&languageid=he_IL,Regular,2D,,,2026-07-28,2025,,,117,הגבלת גיל: הותר מגיל 9,Petach Tikvah,Hot Cinema,574
12:10,מאמא,מאמא,https://tickets.hotcinema.co.il/site/1194/tickets?code=1194-89147&languageid=en_gb,https://tickets.hotcinema.co.il/site/1194/tickets?code=1194-89147&languageid=he_IL,Regular,2D,,,2026-07-28,2026,,,92,12+,Petach Tikvah,Hot Cinema,574
14:15,מאמא,מאמא,https://tickets.hotcinema.co.il/site/1194/tickets?code=1194-89146&languageid=en_gb,https://tickets.hotcinema.co.il/site/1194/tickets?code=1194-89146&languageid=he_IL,Regular,2D,,,2026-07-28,2026,,,92,12+,Petach Tikvah,Hot Cinema,574
16:20,מאמא,מאמא,https://tickets.hotcinema.co.il/site/1194/tickets?code=1194-89157&languageid=en_gb,https://tickets.hotcinema.co.il/site/1194/tickets?code=1194-89157&languageid=he_IL,Regular,2D,,,2026-07-28,2026,,,92,12+,Petach Tikvah,Hot Cinema,574
18:30,מאמא,מאמא,https://tickets.hotcinema.co.il/site/1194/tickets?code=1194-89148&languageid=en_gb,https://tickets.hotcinema.co.il/site/1194/tickets?code=1194-89148&languageid=he_IL,Regular,2D,,,2026-07-28,2026,,,92,12+,Petach Tikvah,Hot Cinema,574
17:40,The ties that bind us,מה שמחבר בינינו,https://tickets.hotcinema.co.il/site/1194/tickets?code=1194-89144&languageid=en_gb,https://tickets.hotcinema.co.il/site/1194/tickets?code=1194-89144&languageid=he_IL,Regular,2D,,,2026-07-28,2024,,,106,All,Petach Tikvah,Hot Cinema,574
11:30,Moana (Live Action),מואנה לייב אקשן,https://tickets.hotcinema.co.il/site/1194/tickets?code=1194-89121&languageid=en_gb,https://tickets.hotcinema.co.il/site/1194/tickets?code=1194-89121&languageid=he_IL,Regular,2D,,Hebrew,2026-07-28,2026,,,115,All,Petach Tikvah,Hot Cinema,574
14:00,Moana (Live Action),מואנה לייב אקשן,https://tickets.hotcinema.co.il/site/1194/tickets?code=1194-89120&languageid=en_gb,https://tickets.hotcinema.co.il/site/1194/tickets?code=1194-89120&languageid=he_IL,Regular,2D,,Hebrew,2026-07-28,2026,,,115,All,Petach Tikvah,Hot Cinema,574
16:50,Moana (Live Action),מואנה לייב אקשן,https://tickets.hotcinema.co.il/site/1194/tickets?code=1194-89154&languageid=en_gb,https://tickets.hotcinema.co.il/site/1194/tickets?code=1194-89154&languageid=he_IL,Regular,2D,,Hebrew,2026-07-28,2026,,,115,All,Petach Tikvah,Hot Cinema,574
22:10,Michael,מייקל,https://tickets.hotcinema.co.il/site/1194/tickets?code=1194-89150&languageid=en_gb,https://tickets.hotcinema.co.il/site/1194/tickets?code=1194-89150&languageid=he_IL,Regular,2D,,,2026-07-28,2026,,,127,All,Petach Tikvah,Hot Cinema,574
11:00,Minions & Monsters,מיניונים ומפלצות,https://tickets.hotcinema.co.il/site/1194/tickets?code=1194-89118&languageid=en_gb,https://tickets.hotcinema.co.il/site/1194/tickets?code=1194-89118&languageid=he_IL,Regular,2D,,Hebrew,2026-07-28,2026,,,90,All,Petach Tikvah,Hot Cinema,574
13:10,Minions & Monsters,מיניונים ומפלצות,https://tickets.hotcinema.co.il/site/1194/tickets?code=1194-89117&languageid=en_gb,https://tickets.hotcinema.co.il/site/1194/tickets?code=1194-89117&languageid=he_IL,Regular,2D,,Hebrew,2026-07-28,2026,,,90,All,Petach Tikvah,Hot Cinema,574
15:15,Minions & Monsters,מיניונים ומפלצות,https://tickets.hotcinema.co.il/site/1194/tickets?code=1194-89116&languageid=en_gb,https://tickets.hotcinema.co.il/site/1194/tickets?code=1194-89116&languageid=he_IL,Regular,2D,,Hebrew,2026-07-28,2026,,,90,All,Petach Tikvah,Hot Cinema,574
17:20,Minions & Monsters,מיניונים ומפלצות,https://tickets.hotcinema.co.il/site/1194/tickets?code=1194-89158&languageid=en_gb,https://tickets.hotcinema.co.il/site/1194/tickets?code=1194-89158&languageid=he_IL,Regular,2D,,Hebrew,2026-07-28,2026,,,90,All,Petach Tikvah,Hot Cinema,574
10:30,School of Magical Animals,סוד החיות הקסומות 3,https://tickets.hotcinema.co.il/site/1194/tickets?code=1194-89132&languageid=en_gb,https://tickets.hotcinema.co.il/site/1194/tickets?code=1194-89132&languageid=he_IL,Regular,2D,,Hebrew,2026-07-28,2024,,,105,All,Petach Tikvah,Hot Cinema,574
15:20,School of Magical Animals,סוד החיות הקסומות 3,https://tickets.hotcinema.co.il/site/1194/tickets?code=1194-89134&languageid=en_gb,https://tickets.hotcinema.co.il/site/1194/tickets?code=1194-89134&languageid=he_IL,Regular,2D,,Hebrew,2026-07-28,2024,,,105,All,Petach Tikvah,Hot Cinema,574
15:00,Saltiz,סולטיז הסרט - וולוג ה-100,https://tickets.hotcinema.co.il/site/1194/tickets?code=1194-89143&languageid=en_gb,https://tickets.hotcinema.co.il/site/1194/tickets?code=1194-89143&languageid=he_IL,Regular,2D,,,2026-07-28,2026,,,100,All,Petach Tikvah,Hot Cinema,574
16:45,Saltiz,סולטיז הסרט - וולוג ה-100,https://tickets.hotcinema.co.il/site/1194/tickets?code=1194-89142&languageid=en_gb,https://tickets.hotcinema.co.il/site/1194/tickets?code=1194-89142&languageid=he_IL,Regular,2D,,,2026-07-28,2026,,,100,All,Petach Tikvah,Hot Cinema,574
17:15,Saltiz,סולטיז הסרט - וולוג ה-100,https://tickets.hotcinema.co.il/site/1194/tickets?code=1194-89153&languageid=en_gb,https://tickets.hotcinema.co.il/site/1194/tickets?code=1194-89153&languageid=he_IL,Regular,2D,,,2026-07-28,2026,,,100,All,Petach Tikvah,Hot Cinema,574
10:20,Three Wishes for Cinderella,סינדרלה ושלוש המשאלות,https://tickets.hotcinema.co.il/site/1194/tickets?code=1194-89129&languageid=en_gb,https://tickets.hotcinema.co.il/site/1194/tickets?code=1194-89129&languageid=he_IL,Regular,2D,,Hebrew,2026-07-28,2026,,,85,All,Petach Tikvah,Hot Cinema,574
15:10,Three Wishes for Cinderella,סינדרלה ושלוש המשאלות,https://tickets.hotcinema.co.il/site/1194/tickets?code=1194-89128&languageid=en_gb,https://tickets.hotcinema.co.il/site/1194/tickets?code=1194-89128&languageid=he_IL,Regular,2D,,Hebrew,2026-07-28,2026,,,85,All,Petach Tikvah,Hot Cinema,574
19:20,Sentimental Value,ערך סנטימנטלי,https://tickets.hotcinema.co.il/site/1194/tickets?code=1194-89156&languageid=en_gb,https://tickets.hotcinema.co.il/site/1194/tickets?code=1194-89156&languageid=he_IL,Regular,2D,,,2026-07-28,2025,,,132,All,Petach Tikvah,Hot Cinema,574
14:15,Colours of Time,צבעי הזמן,https://tickets.hotcinema.co.il/site/1194/tickets?code=1194-89152&languageid=en_gb,https://tickets.hotcinema.co.il/site/1194/tickets?code=1194-89152&languageid=he_IL,Regular,2D,,,2026-07-28,2026,,,124,All,Petach Tikvah,Hot Cinema,574
10:15,Toy Story 5,צעצוע של סיפור 5,https://tickets.hotcinema.co.il/site/1194/tickets?code=1194-89131&languageid=en_gb,https://tickets.hotcinema.co.il/site/1194/tickets?code=1194-89131&languageid=he_IL,Regular,2D,,Hebrew,2026-07-28,2026,,,102,All,Petach Tikvah,Hot Cinema,574
12:40,Toy Story 5,צעצוע של סיפור 5,https://tickets.hotcinema.co.il/site/1194/tickets?code=1194-89130&languageid=en_gb,https://tickets.hotcinema.co.il/site/1194/tickets?code=1194-89130&languageid=he_IL,Regular,2D,,Hebrew,2026-07-28,2026,,,102,All,Petach Tikvah,Hot Cinema,574
19:30,קופה ראשית: הסרט,קופה ראשית: הסרט,https://tickets.hotcinema.co.il/site/1194/tickets?code=1194-89119&languageid=en_gb,https://tickets.hotcinema.co.il/site/1194/tickets?code=1194-89119&languageid=he_IL,Regular,2D,,,2026-07-28,2026,,,91,All,Petach Tikvah,Hot Cinema,574
20:40,קופה ראשית: הסרט,קופה ראשית: הסרט,https://tickets.hotcinema.co.il/site/1194/tickets?code=1194-89126&languageid=en_gb,https://tickets.hotcinema.co.il/site/1194/tickets?code=1194-89126&languageid=he_IL,Regular,2D,,,2026-07-28,2026,,,91,All,Petach Tikvah,Hot Cinema,574
21:40,קופה ראשית: הסרט,קופה ראשית: הסרט,https://tickets.hotcinema.co.il/site/1194/tickets?code=1194-89137&languageid=en_gb,https://tickets.hotcinema.co.il/site/1194/tickets?code=1194-89137&languageid=he_IL,Regular,2D,,,2026-07-28,2026,,,91,All,Petach Tikvah,Hot Cinema,574
17:10,Dream High,תיכון מגשימים,https://tickets.hotcinema.co.il/site/1194/tickets?code=1194-89125&languageid=en_gb,https://tickets.hotcinema.co.il/site/1194/tickets?code=1194-89125&languageid=he_IL,Regular,2D,,,2026-07-28,2026,,,100,12+,Petach Tikvah,Hot Cinema,574
16:50,The Odyssey,האודיסאה,https://tickets.hotcinema.co.il/site/1194/tickets?code=1194-88990&languageid=en_gb,https://tickets.hotcinema.co.il/site/1194/tickets?code=1194-88990&languageid=he_IL,Regular,2D,,,2026-07-29,2026,,,172,14+,Petach Tikvah,Hot Cinema,574
20:30,The Odyssey,האודיסאה,https://tickets.hotcinema.co.il/site/1194/tickets?code=1194-89013&languageid=en_gb,https://tickets.hotcinema.co.il/site/1194/tickets?code=1194-89013&languageid=he_IL,Regular,2D,,,2026-07-29,2026,,,172,14+,Petach Tikvah,Hot Cinema,574
21:20,The Odyssey,האודיסאה,https://tickets.hotcinema.co.il/site/1194/tickets?code=1194-89009&languageid=en_gb,https://tickets.hotcinema.co.il/site/1194/tickets?code=1194-89009&languageid=he_IL,Regular,2D,,,2026-07-29,2026,,,172,14+,Petach Tikvah,Hot Cinema,574
21:45,American Hina,חינה אמריקאית,https://tickets.hotcinema.co.il/site/1194/tickets?code=1194-89008&languageid=en_gb,https://tickets.hotcinema.co.il/site/1194/tickets?code=1194-89008&languageid=he_IL,Regular,2D,,,2026-07-29,2026,,,100,All,Petach Tikvah,Hot Cinema,574
10:50,Tafiti: Across the Desert,טפיטי: הרפתקה במדבר,https://tickets.hotcinema.co.il/site/1194/tickets?code=1194-89003&languageid=en_gb,https://tickets.hotcinema.co.il/site/1194/tickets?code=1194-89003&languageid=he_IL,Regular,2D,,,2026-07-29,,,,81,הגבלת גיל: עד גיל 8 בליווי מבוגר,Petach Tikvah,Hot Cinema,574
12:50,Tafiti: Across the Desert,טפיטי: הרפתקה במדבר,https://tickets.hotcinema.co.il/site/1194/tickets?code=1194-89007&languageid=en_gb,https://tickets.hotcinema.co.il/site/1194/tickets?code=1194-89007&languageid=he_IL,Regular,2D,,,2026-07-29,,,,81,הגבלת גיל: עד גיל 8 בליווי מבוגר,Petach Tikvah,Hot Cinema,574
14:50,Tafiti: Across the Desert,טפיטי: הרפתקה במדבר,https://tickets.hotcinema.co.il/site/1194/tickets?code=1194-89001&languageid=en_gb,https://tickets.hotcinema.co.il/site/1194/tickets?code=1194-89001&languageid=he_IL,Regular,2D,,,2026-07-29,,,,81,הגבלת גיל: עד גיל 8 בליווי מבוגר,Petach Tikvah,Hot Cinema,574
19:30,One night only,"טרום בכורה בט""ו באב - לגמור את הלילה",https://tickets.hotcinema.co.il/site/1194/tickets?code=1194-89016&languageid=en_gb,https://tickets.hotcinema.co.il/site/1194/tickets?code=1194-89016&languageid=he_IL,Regular,2D,,,2026-07-29,2026,,,102,14+,Petach Tikvah,Hot Cinema,574
22:15,One night only,"טרום בכורה בט""ו באב - לגמור את הלילה",https://tickets.hotcinema.co.il/site/1194/tickets?code=1194-89015&languageid=en_gb,https://tickets.hotcinema.co.il/site/1194/tickets?code=1194-89015&languageid=he_IL,Regular,2D,,,2026-07-29,2026,,,102,14+,Petach Tikvah,Hot Cinema,574
11:30,Minions & Monsters,מיניונים ומפלצות,https://tickets.hotcinema.co.il/site/1194/tickets?code=1194-88993&languageid=en_gb,https://tickets.hotcinema.co.il/site/1194/tickets?code=1194-88993&languageid=he_IL,Regular,2D,,Hebrew,2026-07-29,2026,,,90,All,Petach Tikvah,Hot Cinema,574
13:50,Minions & Monsters,מיניונים ומפלצות,https://tickets.hotcinema.co.il/site/1194/tickets?code=1194-88992&languageid=en_gb,https://tickets.hotcinema.co.il/site/1194/tickets?code=1194-88992&languageid=he_IL,Regular,2D,,Hebrew,2026-07-29,2026,,,90,All,Petach Tikvah,Hot Cinema,574
16:00,Minions & Monsters,מיניונים ומפלצות,https://tickets.hotcinema.co.il/site/1194/tickets?code=1194-88991&languageid=en_gb,https://tickets.hotcinema.co.il/site/1194/tickets?code=1194-88991&languageid=he_IL,Regular,2D,,Hebrew,2026-07-29,2026,,,90,All,Petach Tikvah,Hot Cinema,574
10:50,School of Magical Animals,סוד החיות הקסומות 3,https://tickets.hotcinema.co.il/site/1194/tickets?code=1194-89006&languageid=en_gb,https://tickets.hotcinema.co.il/site/1194/tickets?code=1194-89006&languageid=he_IL,Regular,2D,,Hebrew,2026-07-29,2024,,,105,All,Petach Tikvah,Hot Cinema,574
13:30,School of Magical Animals,סוד החיות הקסומות 3,https://tickets.hotcinema.co.il/site/1194/tickets?code=1194-89005&languageid=en_gb,https://tickets.hotcinema.co.il/site/1194/tickets?code=1194-89005&languageid=he_IL,Regular,2D,,Hebrew,2026-07-29,2024,,,105,All,Petach Tikvah,Hot Cinema,574
12:45,Saltiz,סולטיז הסרט - וולוג ה-100,https://tickets.hotcinema.co.il/site/1194/tickets?code=1194-89020&languageid=en_gb,https://tickets.hotcinema.co.il/site/1194/tickets?code=1194-89020&languageid=he_IL,Regular,2D,,,2026-07-29,2026,,,100,All,Petach Tikvah,Hot Cinema,574
15:00,Saltiz,סולטיז הסרט - וולוג ה-100,https://tickets.hotcinema.co.il/site/1194/tickets?code=1194-89019&languageid=en_gb,https://tickets.hotcinema.co.il/site/1194/tickets?code=1194-89019&languageid=he_IL,Regular,2D,,,2026-07-29,2026,,,100,All,Petach Tikvah,Hot Cinema,574
17:15,Saltiz,סולטיז הסרט - וולוג ה-100,https://tickets.hotcinema.co.il/site/1194/tickets?code=1194-89010&languageid=en_gb,https://tickets.hotcinema.co.il/site/1194/tickets?code=1194-89010&languageid=he_IL,Regular,2D,,,2026-07-29,2026,,,100,All,Petach Tikvah,Hot Cinema,574
11:00,Three Wishes for Cinderella,סינדרלה ושלוש המשאלות,https://tickets.hotcinema.co.il/site/1194/tickets?code=1194-89000&languageid=en_gb,https://tickets.hotcinema.co.il/site/1194/tickets?code=1194-89000&languageid=he_IL,Regular,2D,,Hebrew,2026-07-29,2026,,,85,All,Petach Tikvah,Hot Cinema,574
13:10,Three Wishes for Cinderella,סינדרלה ושלוש המשאלות,https://tickets.hotcinema.co.il/site/1194/tickets?code=1194-89002&languageid=en_gb,https://tickets.hotcinema.co.il/site/1194/tickets?code=1194-89002&languageid=he_IL,Regular,2D,,Hebrew,2026-07-29,2026,,,85,All,Petach Tikvah,Hot Cinema,574
15:10,Three Wishes for Cinderella,סינדרלה ושלוש המשאלות,https://tickets.hotcinema.co.il/site/1194/tickets?code=1194-88999&languageid=en_gb,https://tickets.hotcinema.co.il/site/1194/tickets?code=1194-88999&languageid=he_IL,Regular,2D,,Hebrew,2026-07-29,2026,,,85,All,Petach Tikvah,Hot Cinema,574
10:40,Spider-Man: Brand new day,ספיידרמן: יום חדש,https://tickets.hotcinema.co.il/site/1194/tickets?code=1194-89018&languageid=en_gb,https://tickets.hotcinema.co.il/site/1194/tickets?code=1194-89018&languageid=he_IL,Regular,2D,,,2026-07-29,2026,,,145,,Petach Tikvah,Hot Cinema,574
11:10,Spider-Man: Brand new day,ספיידרמן: יום חדש,https://tickets.hotcinema.co.il/site/1194/tickets?code=1194-85490&languageid=en_gb,https://tickets.hotcinema.co.il/site/1194/tickets?code=1194-85490&languageid=he_IL,Regular,2D Atmos,,,2026-07-29,2026,,,145,,Petach Tikvah,Hot Cinema,574
12:40,Spider-Man: Brand new day,ספיידרמן: יום חדש,https://tickets.hotcinema.co.il/site/1194/tickets?code=1194-89314&languageid=en_gb,https://tickets.hotcinema.co.il/site/1194/tickets?code=1194-89314&languageid=he_IL,Regular,2D,,,2026-07-29,2026,,,145,,Petach Tikvah,Hot Cinema,574
13:50,Spider-Man: Brand new day,ספיידרמן: יום חדש,https://tickets.hotcinema.co.il/site/1194/tickets?code=1194-89017&languageid=en_gb,https://tickets.hotcinema.co.il/site/1194/tickets?code=1194-89017&languageid=he_IL,Regular,2D,,,2026-07-29,2026,,,145,,Petach Tikvah,Hot Cinema,574
14:30,Spider-Man: Brand new day,ספיידרמן: יום חדש,https://tickets.hotcinema.co.il/site/1194/tickets?code=1194-85489&languageid=en_gb,https://tickets.hotcinema.co.il/site/1194/tickets?code=1194-85489&languageid=he_IL,Regular,2D Atmos,,,2026-07-29,2026,,,145,,Petach Tikvah,Hot Cinema,574
16:00,Spider-Man: Brand new day,ספיידרמן: יום חדש,https://tickets.hotcinema.co.il/site/1194/tickets?code=1194-89021&languageid=en_gb,https://tickets.hotcinema.co.il/site/1194/tickets?code=1194-89021&languageid=he_IL,Regular,2D,,,2026-07-29,2026,,,145,,Petach Tikvah,Hot Cinema,574
17:00,Spider-Man: Brand new day,ספיידרמן: יום חדש,https://tickets.hotcinema.co.il/site/1194/tickets?code=1194-85493&languageid=en_gb,https://tickets.hotcinema.co.il/site/1194/tickets?code=1194-85493&languageid=he_IL,Regular,2D,,,2026-07-29,2026,,,145,,Petach Tikvah,Hot Cinema,574
19:30,Spider-Man: Brand new day,ספיידרמן: יום חדש,https://tickets.hotcinema.co.il/site/1194/tickets?code=1194-89012&languageid=en_gb,https://tickets.hotcinema.co.il/site/1194/tickets?code=1194-89012&languageid=he_IL,Regular,2D,,,2026-07-29,2026,,,145,,Petach Tikvah,Hot Cinema,574
20:15,Spider-Man: Brand new day,ספיידרמן: יום חדש,https://tickets.hotcinema.co.il/site/1194/tickets?code=1194-85492&languageid=en_gb,https://tickets.hotcinema.co.il/site/1194/tickets?code=1194-85492&languageid=he_IL,Regular,2D,,,2026-07-29,2026,,,145,,Petach Tikvah,Hot Cinema,574
21:30,Spider-Man: Brand new day,ספיידרמן: יום חדש,https://tickets.hotcinema.co.il/site/1194/tickets?code=1194-85491&languageid=en_gb,https://tickets.hotcinema.co.il/site/1194/tickets?code=1194-85491&languageid=he_IL,Regular,2D Atmos,,,2026-07-29,2026,,,145,,Petach Tikvah,Hot Cinema,574
22:30,Spider-Man: Brand new day,ספיידרמן: יום חדש,https://tickets.hotcinema.co.il/site/1194/tickets?code=1194-89022&languageid=en_gb,https://tickets.hotcinema.co.il/site/1194/tickets?code=1194-89022&languageid=he_IL,Regular,2D,,,2026-07-29,2026,,,145,,Petach Tikvah,Hot Cinema,574
10:15,Toy Story 5,צעצוע של סיפור 5,https://tickets.hotcinema.co.il/site/1194/tickets?code=1194-89004&languageid=en_gb,https://tickets.hotcinema.co.il/site/1194/tickets?code=1194-89004&languageid=he_IL,Regular,2D,,Hebrew,2026-07-29,2026,,,102,All,Petach Tikvah,Hot Cinema,574
16:25,קופה ראשית: הסרט,קופה ראשית: הסרט,https://tickets.hotcinema.co.il/site/1194/tickets?code=1194-89023&languageid=en_gb,https://tickets.hotcinema.co.il/site/1194/tickets?code=1194-89023&languageid=he_IL,Regular,2D,,,2026-07-29,2026,,,91,All,Petach Tikvah,Hot Cinema,574
19:10,קופה ראשית: הסרט,קופה ראשית: הסרט,https://tickets.hotcinema.co.il/site/1194/tickets?code=1194-88997&languageid=en_gb,https://tickets.hotcinema.co.il/site/1194/tickets?code=1194-88997&languageid=he_IL,Regular,2D,,,2026-07-29,2026,,,91,All,Petach Tikvah,Hot Cinema,574
21:50,קופה ראשית: הסרט,קופה ראשית: הסרט,https://tickets.hotcinema.co.il/site/1194/tickets?code=1194-88998&languageid=en_gb,https://tickets.hotcinema.co.il/site/1194/tickets?code=1194-88998&languageid=he_IL,Regular,2D,,,2026-07-29,2026,,,91,All,Petach Tikvah,Hot Cinema,574
17:10,Dream High,תיכון מגשימים,https://tickets.hotcinema.co.il/site/1194/tickets?code=1194-88996&languageid=en_gb,https://tickets.hotcinema.co.il/site/1194/tickets?code=1194-88996&languageid=he_IL,Regular,2D,,,2026-07-29,2026,,,100,12+,Petach Tikvah,Hot Cinema,574
20:00,The Odyssey,האודיסאה,https://tickets.hotcinema.co.il/site/1194/tickets?code=1194-89259&languageid=en_gb,https://tickets.hotcinema.co.il/site/1194/tickets?code=1194-89259&languageid=he_IL,Regular,2D,,,2026-07-30,2026,,,172,14+,Petach Tikvah,Hot Cinema,574
15:20,Minions & Monsters,מיניונים ומפלצות,https://tickets.hotcinema.co.il/site/1194/tickets?code=1194-89260&languageid=en_gb,https://tickets.hotcinema.co.il/site/1194/tickets?code=1194-89260&languageid=he_IL,Regular,2D,,Hebrew,2026-07-30,2026,,,90,All,Petach Tikvah,Hot Cinema,574
17:30,Edward Scissorhands,סינמה נוסטלגיה - המספריים של אדוארד,https://tickets.hotcinema.co.il/site/1194/tickets?code=1194-84834&languageid=en_gb,https://tickets.hotcinema.co.il/site/1194/tickets?code=1194-84834&languageid=he_IL,Not Just Cinema,2D,,,2026-07-30,1990,,,105,All,Petach Tikvah,Hot Cinema,574
11:50,Spider-Man: Brand new day,ספיידרמן: יום חדש,https://tickets.hotcinema.co.il/site/1194/tickets?code=1194-85503&languageid=en_gb,https://tickets.hotcinema.co.il/site/1194/tickets?code=1194-85503&languageid=he_IL,Regular,2D Atmos,,,2026-07-30,2026,,,145,,Petach Tikvah,Hot Cinema,574
15:10,Spider-Man: Brand new day,ספיידרמן: יום חדש,https://tickets.hotcinema.co.il/site/1194/tickets?code=1194-85502&languageid=en_gb,https://tickets.hotcinema.co.il/site/1194/tickets?code=1194-85502&languageid=he_IL,Regular,2D Atmos,,,2026-07-30,2026,,,145,,Petach Tikvah,Hot Cinema,574
17:00,Spider-Man: Brand new day,ספיידרמן: יום חדש,https://tickets.hotcinema.co.il/site/1194/tickets?code=1194-85505&languageid=en_gb,https://tickets.hotcinema.co.il/site/1194/tickets?code=1194-85505&languageid=he_IL,Regular,2D,,,2026-07-30,2026,,,145,,Petach Tikvah,Hot Cinema,574
18:30,Spider-Man: Brand new day,ספיידרמן: יום חדש,https://tickets.hotcinema.co.il/site/1194/tickets?code=1194-85501&languageid=en_gb,https://tickets.hotcinema.co.il/site/1194/tickets?code=1194-85501&languageid=he_IL,Regular,2D Atmos,,,2026-07-30,2026,,,145,,Petach Tikvah,Hot Cinema,574
20:15,Spider-Man: Brand new day,ספיידרמן: יום חדש,https://tickets.hotcinema.co.il/site/1194/tickets?code=1194-85504&languageid=en_gb,https://tickets.hotcinema.co.il/site/1194/tickets?code=1194-85504&languageid=he_IL,Regular,2D,,,2026-07-30,2026,,,145,,Petach Tikvah,Hot Cinema,574
21:50,Spider-Man: Brand new day,ספיידרמן: יום חדש,https://tickets.hotcinema.co.il/site/1194/tickets?code=1194-85500&languageid=en_gb,https://tickets.hotcinema.co.il/site/1194/tickets?code=1194-85500&languageid=he_IL,Regular,2D Atmos,,,2026-07-30,2026,,,145,,Petach Tikvah,Hot Cinema,574
19:10,The Odyssey,האודיסאה,https://tickets.hotcinema.co.il/site/1194/tickets?code=1194-89258&languageid=en_gb,https://tickets.hotcinema.co.il/site/1194/tickets?code=1194-89258&languageid=he_IL,Regular,2D,,,2026-07-31,2026,,,172,14+,Petach Tikvah,Hot Cinema,574
17:00,Minions & Monsters,מיניונים ומפלצות,https://tickets.hotcinema.co.il/site/1194/tickets?code=1194-89257&languageid=en_gb,https://tickets.hotcinema.co.il/site/1194/tickets?code=1194-89257&languageid=he_IL,Regular,2D,,Hebrew,2026-07-31,2026,,,90,All,Petach Tikvah,Hot Cinema,574
11:50,Spider-Man: Brand new day,ספיידרמן: יום חדש,https://tickets.hotcinema.co.il/site/1194/tickets?code=1194-85497&languageid=en_gb,https://tickets.hotcinema.co.il/site/1194/tickets?code=1194-85497&languageid=he_IL,Regular,2D Atmos,,,2026-07-31,2026,,,145,,Petach Tikvah,Hot Cinema,574
15:10,Spider-Man: Brand new day,ספיידרמן: יום חדש,https://tickets.hotcinema.co.il/site/1194/tickets?code=1194-85496&languageid=en_gb,https://tickets.hotcinema.co.il/site/1194/tickets?code=1194-85496&languageid=he_IL,Regular,2D Atmos,,,2026-07-31,2026,,,145,,Petach Tikvah,Hot Cinema,574
17:00,Spider-Man: Brand new day,ספיידרמן: יום חדש,https://tickets.hotcinema.co.il/site/1194/tickets?code=1194-85499&languageid=en_gb,https://tickets.hotcinema.co.il/site/1194/tickets?code=1194-85499&languageid=he_IL,Regular,2D,,,2026-07-31,2026,,,145,,Petach Tikvah,Hot Cinema,574
18:30,Spider-Man: Brand new day,ספיידרמן: יום חדש,https://tickets.hotcinema.co.il/site/1194/tickets?code=1194-85495&languageid=en_gb,https://tickets.hotcinema.co.il/site/1194/tickets?code=1194-85495&languageid=he_IL,Regular,2D Atmos,,,2026-07-31,2026,,,145,,Petach Tikvah,Hot Cinema,574
20:15,Spider-Man: Brand new day,ספיידרמן: יום חדש,https://tickets.hotcinema.co.il/site/1194/tickets?code=1194-85498&languageid=en_gb,https://tickets.hotcinema.co.il/site/1194/tickets?code=1194-85498&languageid=he_IL,Regular,2D,,,2026-07-31,2026,,,145,,Petach Tikvah,Hot Cinema,574
21:50,Spider-Man: Brand new day,ספיידרמן: יום חדש,https://tickets.hotcinema.co.il/site/1194/tickets?code=1194-85494&languageid=en_gb,https://tickets.hotcinema.co.il/site/1194/tickets?code=1194-85494&languageid=he_IL,Regular,2D Atmos,,,2026-07-31,2026,,,145,,Petach Tikvah,Hot Cinema,574
18:50,The Odyssey,האודיסאה,https://tickets.hotcinema.co.il/site/1194/tickets?code=1194-89251&languageid=en_gb,https://tickets.hotcinema.co.il/site/1194/tickets?code=1194-89251&languageid=he_IL,Regular,2D,,,2026-08-01,2026,,,172,14+,Petach Tikvah,Hot Cinema,574
16:45,Minions & Monsters,מיניונים ומפלצות,https://tickets.hotcinema.co.il/site/1194/tickets?code=1194-89252&languageid=en_gb,https://tickets.hotcinema.co.il/site/1194/tickets?code=1194-89252&languageid=he_IL,Regular,2D,,Hebrew,2026-08-01,2026,,,90,All,Petach Tikvah,Hot Cinema,574
11:50,Spider-Man: Brand new day,ספיידרמן: יום חדש,https://tickets.hotcinema.co.il/site/1194/tickets?code=1194-85486&languageid=en_gb,https://tickets.hotcinema.co.il/site/1194/tickets?code=1194-85486&languageid=he_IL,Regular,2D Atmos,,,2026-08-01,2026,,,145,,Petach Tikvah,Hot Cinema,574
15:10,Spider-Man: Brand new day,ספיידרמן: יום חדש,https://tickets.hotcinema.co.il/site/1194/tickets?code=1194-85485&languageid=en_gb,https://tickets.hotcinema.co.il/site/1194/tickets?code=1194-85485&languageid=he_IL,Regular,2D Atmos,,,2026-08-01,2026,,,145,,Petach Tikvah,Hot Cinema,574
17:00,Spider-Man: Brand new day,ספיידרמן: יום חדש,https://tickets.hotcinema.co.il/site/1194/tickets?code=1194-85488&languageid=en_gb,https://tickets.hotcinema.co.il/site/1194/tickets?code=1194-85488&languageid=he_IL,Regular,2D,,,2026-08-01,2026,,,145,,Petach Tikvah,Hot Cinema,574
18:30,Spider-Man: Brand new day,ספיידרמן: יום חדש,https://tickets.hotcinema.co.il/site/1194/tickets?code=1194-85484&languageid=en_gb,https://tickets.hotcinema.co.il/site/1194/tickets?code=1194-85484&languageid=he_IL,Regular,2D Atmos,,,2026-08-01,2026,,,145,,Petach Tikvah,Hot Cinema,574
20:15,Spider-Man: Brand new day,ספיידרמן: יום חדש,https://tickets.hotcinema.co.il/site/1194/tickets?code=1194-85487&languageid=en_gb,https://tickets.hotcinema.co.il/site/1194/tickets?code=1194-85487&languageid=he_IL,Regular,2D,,,2026-08-01,2026,,,145,,Petach Tikvah,Hot Cinema,574
21:50,Spider-Man: Brand new day,ספיידרמן: יום חדש,https://tickets.hotcinema.co.il/site/1194/tickets?code=1194-85483&languageid=en_gb,https://tickets.hotcinema.co.il/site/1194/tickets?code=1194-85483&languageid=he_IL,Regular,2D Atmos,,,2026-08-01,2026,,,145,,Petach Tikvah,Hot Cinema,574
18:30,Moana (Live Action),מואנה לייב אקשן,https://tickets.hotcinema.co.il/site/1194/tickets?code=1194-87178&languageid=en_gb,https://tickets.hotcinema.co.il/site/1194/tickets?code=1194-87178&languageid=he_IL,Not Just Cinema,2D,,,2026-08-05,2026,,,115,All,Petach Tikvah,Hot Cinema,574
17:30,WALL·E,סינמה נוסטלגיה - וול-E,https://tickets.hotcinema.co.il/site/1194/tickets?code=1194-85507&languageid=en_gb,https://tickets.hotcinema.co.il/site/1194/tickets?code=1194-85507&languageid=he_IL,Not Just Cinema,2D,,Hebrew,2026-08-06,2008,,,98,All,Petach Tikvah,Hot Cinema,574
20:00,Superman - 1978,סינמה נוסטלגיה - סופרמן 1978,https://tickets.hotcinema.co.il/site/1194/tickets?code=1194-86320&languageid=en_gb,https://tickets.hotcinema.co.il/site/1194/tickets?code=1194-86320&languageid=he_IL,Not Just Cinema,2D,,,2026-08-13,1978,,,143,,Petach Tikvah,Hot Cinema,574
20:00,Superman 2 The Richard Donner Cut,סינמה נוסטלגיה - סופרמן 2 גרסת הבמאי,https://tickets.hotcinema.co.il/site/1194/tickets?code=1194-87145&languageid=en_gb,https://tickets.hotcinema.co.il/site/1194/tickets?code=1194-87145&languageid=he_IL,Not Just Cinema,2D,,,2026-08-20,2006,,,116,All,Petach Tikvah,Hot Cinema,574
17:30,Tangled,סינמה נוסטלגיה - פלונטר,https://tickets.hotcinema.co.il/site/1194/tickets?code=1194-87149&languageid=en_gb,https://tickets.hotcinema.co.il/site/1194/tickets?code=1194-87149&languageid=he_IL,Not Just Cinema,2D,,Hebrew,2026-08-27,2010,,,100,All,Petach Tikvah,Hot Cinema,574
17:30,Tangled,סינמה נוסטלגיה - פלונטר,https://tickets.hotcinema.co.il/site/1194/tickets?code=1194-87150&languageid=en_gb,https://tickets.hotcinema.co.il/site/1194/tickets?code=1194-87150&languageid=he_IL,Not Just Cinema,2D,,Hebrew,2026-08-28,2010,,,100,All,Petach Tikvah,Hot Cinema,574
17:30,Tangled,סינמה נוסטלגיה - פלונטר,https://tickets.hotcinema.co.il/site/1194/tickets?code=1194-87151&languageid=en_gb,https://tickets.hotcinema.co.il/site/1194/tickets?code=1194-87151&languageid=he_IL,Not Just Cinema,2D,,Hebrew,2026-08-29,2010,,,100,All,Petach Tikvah,Hot Cinema,574
22:40,Obsession,אובססיה,https://tickets.hotcinema.co.il/site/1183/tickets?code=1183-95896&languageid=en_gb,https://tickets.hotcinema.co.il/site/1183/tickets?code=1183-95896&languageid=he_IL,Regular,2D,,,2026-07-26,2026,,,108,14+,Modiin,Hot Cinema,574
20:00,Just an Illusion,אשליות מתוקות,https://tickets.hotcinema.co.il/site/1183/tickets?code=1183-95933&languageid=en_gb,https://tickets.hotcinema.co.il/site/1183/tickets?code=1183-95933&languageid=he_IL,Regular,2D,,,2026-07-26,2026,,,116,All,Modiin,Hot Cinema,574
11:00,The Odyssey,האודיסאה,https://tickets.hotcinema.co.il/site/1183/tickets?code=1183-95914&languageid=en_gb,https://tickets.hotcinema.co.il/site/1183/tickets?code=1183-95914&languageid=he_IL,Regular,2D,,,2026-07-26,2026,,,172,14+,Modiin,Hot Cinema,574
14:30,The Odyssey,האודיסאה,https://tickets.hotcinema.co.il/site/1183/tickets?code=1183-95910&languageid=en_gb,https://tickets.hotcinema.co.il/site/1183/tickets?code=1183-95910&languageid=he_IL,Regular,2D,,,2026-07-26,2026,,,172,14+,Modiin,Hot Cinema,574
16:30,The Odyssey,האודיסאה,https://tickets.hotcinema.co.il/site/1183/tickets?code=1183-95905&languageid=en_gb,https://tickets.hotcinema.co.il/site/1183/tickets?code=1183-95905&languageid=he_IL,Regular,2D,,,2026-07-26,2026,,,172,14+,Modiin,Hot Cinema,574
18:00,The Odyssey,האודיסאה,https://tickets.hotcinema.co.il/site/1183/tickets?code=1183-95911&languageid=en_gb,https://tickets.hotcinema.co.il/site/1183/tickets?code=1183-95911&languageid=he_IL,Regular,2D,,,2026-07-26,2026,,,172,14+,Modiin,Hot Cinema,574
19:20,The Odyssey,האודיסאה,https://tickets.hotcinema.co.il/site/1183/tickets?code=1183-95907&languageid=en_gb,https://tickets.hotcinema.co.il/site/1183/tickets?code=1183-95907&languageid=he_IL,Regular,2D,,,2026-07-26,2026,,,172,14+,Modiin,Hot Cinema,574
20:30,The Odyssey,האודיסאה,https://tickets.hotcinema.co.il/site/1183/tickets?code=1183-95922&languageid=en_gb,https://tickets.hotcinema.co.il/site/1183/tickets?code=1183-95922&languageid=he_IL,Regular,2D,,,2026-07-26,2026,,,172,14+,Modiin,Hot Cinema,574
21:10,The Odyssey,האודיסאה,https://tickets.hotcinema.co.il/site/1183/tickets?code=1183-95916&languageid=en_gb,https://tickets.hotcinema.co.il/site/1183/tickets?code=1183-95916&languageid=he_IL,Regular,2D,,,2026-07-26,2026,,,172,14+,Modiin,Hot Cinema,574
21:30,The Odyssey,האודיסאה,https://tickets.hotcinema.co.il/site/1183/tickets?code=1183-95906&languageid=en_gb,https://tickets.hotcinema.co.il/site/1183/tickets?code=1183-95906&languageid=he_IL,Regular,2D,,,2026-07-26,2026,,,172,14+,Modiin,Hot Cinema,574
10:30,Tafiti: Across the Desert,טפיטי: הרפתקה במדבר,https://tickets.hotcinema.co.il/site/1183/tickets?code=1183-95894&languageid=en_gb,https://tickets.hotcinema.co.il/site/1183/tickets?code=1183-95894&languageid=he_IL,Regular,2D,,,2026-07-26,,,,81,הגבלת גיל: עד גיל 8 בליווי מבוגר,Modiin,Hot Cinema,574
14:30,Tafiti: Across the Desert,טפיטי: הרפתקה במדבר,https://tickets.hotcinema.co.il/site/1183/tickets?code=1183-95913&languageid=en_gb,https://tickets.hotcinema.co.il/site/1183/tickets?code=1183-95913&languageid=he_IL,Regular,2D,,,2026-07-26,,,,81,הגבלת גיל: עד גיל 8 בליווי מבוגר,Modiin,Hot Cinema,574
14:30,MASHA and THE BEAR – WONDER PARK,מאשה והדוב – ההרפתקה הגדולה,https://tickets.hotcinema.co.il/site/1183/tickets?code=1183-95931&languageid=en_gb,https://tickets.hotcinema.co.il/site/1183/tickets?code=1183-95931&languageid=he_IL,Regular,2D,,Hebrew,2026-07-26,2026,,,73,All,Modiin,Hot Cinema,574
17:30,Moana,מואנה - לייב אקשן,https://tickets.hotcinema.co.il/site/1183/tickets?code=1183-94451&languageid=en_gb,https://tickets.hotcinema.co.il/site/1183/tickets?code=1183-94451&languageid=he_IL,Regular,2D,,French,2026-07-26,2026,,,115,All,Modiin,Hot Cinema,574
11:30,Moana (Live Action),מואנה לייב אקשן,https://tickets.hotcinema.co.il/site/1183/tickets?code=1183-95898&languageid=en_gb,https://tickets.hotcinema.co.il/site/1183/tickets?code=1183-95898&languageid=he_IL,Regular,2D,,Hebrew,2026-07-26,2026,,,115,All,Modiin,Hot Cinema,574
14:00,Moana (Live Action),מואנה לייב אקשן,https://tickets.hotcinema.co.il/site/1183/tickets?code=1183-95899&languageid=en_gb,https://tickets.hotcinema.co.il/site/1183/tickets?code=1183-95899&languageid=he_IL,Regular,2D,,Hebrew,2026-07-26,2026,,,115,All,Modiin,Hot Cinema,574
16:30,Moana (Live Action),מואנה לייב אקשן,https://tickets.hotcinema.co.il/site/1183/tickets?code=1183-95900&languageid=en_gb,https://tickets.hotcinema.co.il/site/1183/tickets?code=1183-95900&languageid=he_IL,Regular,2D,,Hebrew,2026-07-26,2026,,,115,All,Modiin,Hot Cinema,574
11:15,Minions & Monsters,מיניונים ומפלצות,https://tickets.hotcinema.co.il/site/1183/tickets?code=1183-95924&languageid=en_gb,https://tickets.hotcinema.co.il/site/1183/tickets?code=1183-95924&languageid=he_IL,Regular,2D,,Hebrew,2026-07-26,2026,,,90,All,Modiin,Hot Cinema,574
13:20,Minions & Monsters,מיניונים ומפלצות,https://tickets.hotcinema.co.il/site/1183/tickets?code=1183-95923&languageid=en_gb,https://tickets.hotcinema.co.il/site/1183/tickets?code=1183-95923&languageid=he_IL,Regular,2D,,Hebrew,2026-07-26,2026,,,90,All,Modiin,Hot Cinema,574
15:30,Minions & Monsters,מיניונים ומפלצות,https://tickets.hotcinema.co.il/site/1183/tickets?code=1183-95903&languageid=en_gb,https://tickets.hotcinema.co.il/site/1183/tickets?code=1183-95903&languageid=he_IL,Regular,2D,,Hebrew,2026-07-26,2026,,,90,All,Modiin,Hot Cinema,574
17:40,Minions & Monsters,מיניונים ומפלצות,https://tickets.hotcinema.co.il/site/1183/tickets?code=1183-95930&languageid=en_gb,https://tickets.hotcinema.co.il/site/1183/tickets?code=1183-95930&languageid=he_IL,Regular,2D,,Hebrew,2026-07-26,2026,,,90,All,Modiin,Hot Cinema,574
20:00,Minions & Monsters,מיניונים ומפלצות,https://tickets.hotcinema.co.il/site/1183/tickets?code=1183-95904&languageid=en_gb,https://tickets.hotcinema.co.il/site/1183/tickets?code=1183-95904&languageid=he_IL,Regular,2D,,Hebrew,2026-07-26,2026,,,90,All,Modiin,Hot Cinema,574
12:15,School of Magical Animals,סוד החיות הקסומות 3,https://tickets.hotcinema.co.il/site/1183/tickets?code=1183-95891&languageid=en_gb,https://tickets.hotcinema.co.il/site/1183/tickets?code=1183-95891&languageid=he_IL,Regular,2D,,Hebrew,2026-07-26,2024,,,105,All,Modiin,Hot Cinema,574
15:25,School of Magical Animals,סוד החיות הקסומות 3,https://tickets.hotcinema.co.il/site/1183/tickets?code=1183-95932&languageid=en_gb,https://tickets.hotcinema.co.il/site/1183/tickets?code=1183-95932&languageid=he_IL,Regular,2D,,Hebrew,2026-07-26,2024,,,105,All,Modiin,Hot Cinema,574
10:15,Saltiz,סולטיז הסרט - וולוג ה-100,https://tickets.hotcinema.co.il/site/1183/tickets?code=1183-95929&languageid=en_gb,https://tickets.hotcinema.co.il/site/1183/tickets?code=1183-95929&languageid=he_IL,Regular,2D,,,2026-07-26,2026,,,100,All,Modiin,Hot Cinema,574
12:30,Saltiz,סולטיז הסרט - וולוג ה-100,https://tickets.hotcinema.co.il/site/1183/tickets?code=1183-95928&languageid=en_gb,https://tickets.hotcinema.co.il/site/1183/tickets?code=1183-95928&languageid=he_IL,Regular,2D,,,2026-07-26,2026,,,100,All,Modiin,Hot Cinema,574
14:45,Saltiz,סולטיז הסרט - וולוג ה-100,https://tickets.hotcinema.co.il/site/1183/tickets?code=1183-95927&languageid=en_gb,https://tickets.hotcinema.co.il/site/1183/tickets?code=1183-95927&languageid=he_IL,Regular,2D,,,2026-07-26,2026,,,100,All,Modiin,Hot Cinema,574
17:00,Saltiz,סולטיז הסרט - וולוג ה-100,https://tickets.hotcinema.co.il/site/1183/tickets?code=1183-95926&languageid=en_gb,https://tickets.hotcinema.co.il/site/1183/tickets?code=1183-95926&languageid=he_IL,Regular,2D,,,2026-07-26,2026,,,100,All,Modiin,Hot Cinema,574
10:20,Three Wishes for Cinderella,סינדרלה ושלוש המשאלות,https://tickets.hotcinema.co.il/site/1183/tickets?code=1183-95895&languageid=en_gb,https://tickets.hotcinema.co.il/site/1183/tickets?code=1183-95895&languageid=he_IL,Regular,2D,,Hebrew,2026-07-26,2026,,,85,All,Modiin,Hot Cinema,574
16:15,Three Wishes for Cinderella,סינדרלה ושלוש המשאלות,https://tickets.hotcinema.co.il/site/1183/tickets?code=1183-95908&languageid=en_gb,https://tickets.hotcinema.co.il/site/1183/tickets?code=1183-95908&languageid=he_IL,Regular,2D,,Hebrew,2026-07-26,2026,,,85,All,Modiin,Hot Cinema,574
19:30,Toy Story 5,צעצוע של סיפור 5,https://tickets.hotcinema.co.il/site/1183/tickets?code=1183-95902&languageid=en_gb,https://tickets.hotcinema.co.il/site/1183/tickets?code=1183-95902&languageid=he_IL,Regular,2D,,,2026-07-26,2026,,,102,All,Modiin,Hot Cinema,574
10:50,Toy Story 5,צעצוע של סיפור 5,https://tickets.hotcinema.co.il/site/1183/tickets?code=1183-95892&languageid=en_gb,https://tickets.hotcinema.co.il/site/1183/tickets?code=1183-95892&languageid=he_IL,Regular,2D,,Hebrew,2026-07-26,2026,,,102,All,Modiin,Hot Cinema,574
13:10,Toy Story 5,צעצוע של סיפור 5,https://tickets.hotcinema.co.il/site/1183/tickets?code=1183-95893&languageid=en_gb,https://tickets.hotcinema.co.il/site/1183/tickets?code=1183-95893&languageid=he_IL,Regular,2D,,Hebrew,2026-07-26,2026,,,102,All,Modiin,Hot Cinema,574
11:30,קופה ראשית: הסרט,קופה ראשית: הסרט,https://tickets.hotcinema.co.il/site/1183/tickets?code=1183-95921&languageid=en_gb,https://tickets.hotcinema.co.il/site/1183/tickets?code=1183-95921&languageid=he_IL,Regular,2D,,,2026-07-26,2026,,,91,All,Modiin,Hot Cinema,574
13:30,קופה ראשית: הסרט,קופה ראשית: הסרט,https://tickets.hotcinema.co.il/site/1183/tickets?code=1183-95920&languageid=en_gb,https://tickets.hotcinema.co.il/site/1183/tickets?code=1183-95920&languageid=he_IL,Regular,2D,,,2026-07-26,2026,,,91,All,Modiin,Hot Cinema,574
15:30,קופה ראשית: הסרט,קופה ראשית: הסרט,https://tickets.hotcinema.co.il/site/1183/tickets?code=1183-95919&languageid=en_gb,https://tickets.hotcinema.co.il/site/1183/tickets?code=1183-95919&languageid=he_IL,Regular,2D,,,2026-07-26,2026,,,91,All,Modiin,Hot Cinema,574
17:30,קופה ראשית: הסרט,קופה ראשית: הסרט,https://tickets.hotcinema.co.il/site/1183/tickets?code=1183-95918&languageid=en_gb,https://tickets.hotcinema.co.il/site/1183/tickets?code=1183-95918&languageid=he_IL,Regular,2D,,,2026-07-26,2026,,,91,All,Modiin,Hot Cinema,574
19:00,קופה ראשית: הסרט,קופה ראשית: הסרט,https://tickets.hotcinema.co.il/site/1183/tickets?code=1183-95925&languageid=en_gb,https://tickets.hotcinema.co.il/site/1183/tickets?code=1183-95925&languageid=he_IL,Regular,2D,,,2026-07-26,2026,,,91,All,Modiin,Hot Cinema,574
21:40,קופה ראשית: הסרט,קופה ראשית: הסרט,https://tickets.hotcinema.co.il/site/1183/tickets?code=1183-95901&languageid=en_gb,https://tickets.hotcinema.co.il/site/1183/tickets?code=1183-95901&languageid=he_IL,Regular,2D,,,2026-07-26,2026,,,91,All,Modiin,Hot Cinema,574
22:30,קופה ראשית: הסרט,קופה ראשית: הסרט,https://tickets.hotcinema.co.il/site/1183/tickets?code=1183-95897&languageid=en_gb,https://tickets.hotcinema.co.il/site/1183/tickets?code=1183-95897&languageid=he_IL,Regular,2D,,,2026-07-26,2026,,,91,All,Modiin,Hot Cinema,574
18:15,Dream High,תיכון מגשימים,https://tickets.hotcinema.co.il/site/1183/tickets?code=1183-95912&languageid=en_gb,https://tickets.hotcinema.co.il/site/1183/tickets?code=1183-95912&languageid=he_IL,Regular,2D,,,2026-07-26,2026,,,100,12+,Modiin,Hot Cinema,574
19:40,Dream High,תיכון מגשימים,https://tickets.hotcinema.co.il/site/1183/tickets?code=1183-95909&languageid=en_gb,https://tickets.hotcinema.co.il/site/1183/tickets?code=1183-95909&languageid=he_IL,Regular,2D,,,2026-07-26,2026,,,100,12+,Modiin,Hot Cinema,574
22:00,Dream High,תיכון מגשימים,https://tickets.hotcinema.co.il/site/1183/tickets?code=1183-95917&languageid=en_gb,https://tickets.hotcinema.co.il/site/1183/tickets?code=1183-95917&languageid=he_IL,Regular,2D,,,2026-07-26,2026,,,100,12+,Modiin,Hot Cinema,574
22:30,Obsession,אובססיה,https://tickets.hotcinema.co.il/site/1183/tickets?code=1183-95777&languageid=en_gb,https://tickets.hotcinema.co.il/site/1183/tickets?code=1183-95777&languageid=he_IL,Regular,2D,,,2026-07-27,2026,,,108,14+,Modiin,Hot Cinema,574
19:00,Welcome To The Jungle,ברוכים הבאים לג'ונגל,https://tickets.hotcinema.co.il/site/1183/tickets?code=1183-95814&languageid=en_gb,https://tickets.hotcinema.co.il/site/1183/tickets?code=1183-95814&languageid=he_IL,Regular,2D,,,2026-07-27,2026,,,170,All,Modiin,Hot Cinema,574
14:30,The Odyssey,האודיסאה,https://tickets.hotcinema.co.il/site/1183/tickets?code=1183-95792&languageid=en_gb,https://tickets.hotcinema.co.il/site/1183/tickets?code=1183-95792&languageid=he_IL,Regular,2D,,,2026-07-27,2026,,,172,14+,Modiin,Hot Cinema,574
17:00,The Odyssey,האודיסאה,https://tickets.hotcinema.co.il/site/1183/tickets?code=1183-95786&languageid=en_gb,https://tickets.hotcinema.co.il/site/1183/tickets?code=1183-95786&languageid=he_IL,Regular,2D,,,2026-07-27,2026,,,172,14+,Modiin,Hot Cinema,574
18:00,The Odyssey,האודיסאה,https://tickets.hotcinema.co.il/site/1183/tickets?code=1183-95793&languageid=en_gb,https://tickets.hotcinema.co.il/site/1183/tickets?code=1183-95793&languageid=he_IL,Regular,2D,,,2026-07-27,2026,,,172,14+,Modiin,Hot Cinema,574
19:20,The Odyssey,האודיסאה,https://tickets.hotcinema.co.il/site/1183/tickets?code=1183-95788&languageid=en_gb,https://tickets.hotcinema.co.il/site/1183/tickets?code=1183-95788&languageid=he_IL,Regular,2D,,,2026-07-27,2026,,,172,14+,Modiin,Hot Cinema,574
20:30,The Odyssey,האודיסאה,https://tickets.hotcinema.co.il/site/1183/tickets?code=1183-95803&languageid=en_gb,https://tickets.hotcinema.co.il/site/1183/tickets?code=1183-95803&languageid=he_IL,Regular,2D,,,2026-07-27,2026,,,172,14+,Modiin,Hot Cinema,574
21:30,The Odyssey,האודיסאה,https://tickets.hotcinema.co.il/site/1183/tickets?code=1183-95787&languageid=en_gb,https://tickets.hotcinema.co.il/site/1183/tickets?code=1183-95787&languageid=he_IL,Regular,2D,,,2026-07-27,2026,,,172,14+,Modiin,Hot Cinema,574
21:50,American Hina,חינה אמריקאית,https://tickets.hotcinema.co.il/site/1183/tickets?code=1183-95795&languageid=en_gb,https://tickets.hotcinema.co.il/site/1183/tickets?code=1183-95795&languageid=he_IL,Regular,2D,,,2026-07-27,2026,,,100,All,Modiin,Hot Cinema,574
13:00,Tafiti: Across the Desert,טפיטי: הרפתקה במדבר,https://tickets.hotcinema.co.il/site/1183/tickets?code=1183-95776&languageid=en_gb,https://tickets.hotcinema.co.il/site/1183/tickets?code=1183-95776&languageid=he_IL,Regular,2D,,,2026-07-27,,,,81,הגבלת גיל: עד גיל 8 בליווי מבוגר,Modiin,Hot Cinema,574
19:45,כי את מכוערת,כי את מכוערת,https://tickets.hotcinema.co.il/site/1183/tickets?code=1183-95784&languageid=en_gb,https://tickets.hotcinema.co.il/site/1183/tickets?code=1183-95784&languageid=he_IL,Regular,2D,,,2026-07-27,2025,,,83,12+,Modiin,Hot Cinema,574
12:25,MASHA and THE BEAR – WONDER PARK,מאשה והדוב – ההרפתקה הגדולה,https://tickets.hotcinema.co.il/site/1183/tickets?code=1183-95812&languageid=en_gb,https://tickets.hotcinema.co.il/site/1183/tickets?code=1183-95812&languageid=he_IL,Regular,2D,,Hebrew,2026-07-27,2026,,,73,All,Modiin,Hot Cinema,574
15:00,Moana (Live Action),מואנה לייב אקשן,https://tickets.hotcinema.co.il/site/1183/tickets?code=1183-95811&languageid=en_gb,https://tickets.hotcinema.co.il/site/1183/tickets?code=1183-95811&languageid=he_IL,Regular,2D,,,2026-07-27,2026,,,115,All,Modiin,Hot Cinema,574
14:00,Moana (Live Action),מואנה לייב אקשן,https://tickets.hotcinema.co.il/site/1183/tickets?code=1183-95781&languageid=en_gb,https://tickets.hotcinema.co.il/site/1183/tickets?code=1183-95781&languageid=he_IL,Regular,2D,,Hebrew,2026-07-27,2026,,,115,All,Modiin,Hot Cinema,574
16:30,Moana (Live Action),מואנה לייב אקשן,https://tickets.hotcinema.co.il/site/1183/tickets?code=1183-95782&languageid=en_gb,https://tickets.hotcinema.co.il/site/1183/tickets?code=1183-95782&languageid=he_IL,Regular,2D,,Hebrew,2026-07-27,2026,,,115,All,Modiin,Hot Cinema,574
17:25,Minions & Monsters,מיניונים ומפלצות,https://tickets.hotcinema.co.il/site/1183/tickets?code=1183-95816&languageid=en_gb,https://tickets.hotcinema.co.il/site/1183/tickets?code=1183-95816&languageid=he_IL,Regular,2D,,,2026-07-27,2026,,,90,All,Modiin,Hot Cinema,574
11:15,Minions & Monsters,מיניונים ומפלצות,https://tickets.hotcinema.co.il/site/1183/tickets?code=1183-95805&languageid=en_gb,https://tickets.hotcinema.co.il/site/1183/tickets?code=1183-95805&languageid=he_IL,Regular,2D,,Hebrew,2026-07-27,2026,,,90,All,Modiin,Hot Cinema,574
13:20,Minions & Monsters,מיניונים ומפלצות,https://tickets.hotcinema.co.il/site/1183/tickets?code=1183-95804&languageid=en_gb,https://tickets.hotcinema.co.il/site/1183/tickets?code=1183-95804&languageid=he_IL,Regular,2D,,Hebrew,2026-07-27,2026,,,90,All,Modiin,Hot Cinema,574
15:30,Minions & Monsters,מיניונים ומפלצות,https://tickets.hotcinema.co.il/site/1183/tickets?code=1183-95785&languageid=en_gb,https://tickets.hotcinema.co.il/site/1183/tickets?code=1183-95785&languageid=he_IL,Regular,2D,,Hebrew,2026-07-27,2026,,,90,All,Modiin,Hot Cinema,574
17:40,Minions & Monsters,מיניונים ומפלצות,https://tickets.hotcinema.co.il/site/1183/tickets?code=1183-95810&languageid=en_gb,https://tickets.hotcinema.co.il/site/1183/tickets?code=1183-95810&languageid=he_IL,Regular,2D,,Hebrew,2026-07-27,2026,,,90,All,Modiin,Hot Cinema,574
10:10,School of Magical Animals,סוד החיות הקסומות 3,https://tickets.hotcinema.co.il/site/1183/tickets?code=1183-95774&languageid=en_gb,https://tickets.hotcinema.co.il/site/1183/tickets?code=1183-95774&languageid=he_IL,Regular,2D,,Hebrew,2026-07-27,2024,,,105,All,Modiin,Hot Cinema,574
14:10,School of Magical Animals,סוד החיות הקסומות 3,https://tickets.hotcinema.co.il/site/1183/tickets?code=1183-95773&languageid=en_gb,https://tickets.hotcinema.co.il/site/1183/tickets?code=1183-95773&languageid=he_IL,Regular,2D,,Hebrew,2026-07-27,2024,,,105,All,Modiin,Hot Cinema,574
10:15,Saltiz,סולטיז הסרט - וולוג ה-100,https://tickets.hotcinema.co.il/site/1183/tickets?code=1183-95809&languageid=en_gb,https://tickets.hotcinema.co.il/site/1183/tickets?code=1183-95809&languageid=he_IL,Regular,2D,,,2026-07-27,2026,,,100,All,Modiin,Hot Cinema,574
12:30,Saltiz,סולטיז הסרט - וולוג ה-100,https://tickets.hotcinema.co.il/site/1183/tickets?code=1183-95808&languageid=en_gb,https://tickets.hotcinema.co.il/site/1183/tickets?code=1183-95808&languageid=he_IL,Regular,2D,,,2026-07-27,2026,,,100,All,Modiin,Hot Cinema,574
14:45,Saltiz,סולטיז הסרט - וולוג ה-100,https://tickets.hotcinema.co.il/site/1183/tickets?code=1183-95807&languageid=en_gb,https://tickets.hotcinema.co.il/site/1183/tickets?code=1183-95807&languageid=he_IL,Regular,2D,,,2026-07-27,2026,,,100,All,Modiin,Hot Cinema,574
17:00,Saltiz,סולטיז הסרט - וולוג ה-100,https://tickets.hotcinema.co.il/site/1183/tickets?code=1183-95806&languageid=en_gb,https://tickets.hotcinema.co.il/site/1183/tickets?code=1183-95806&languageid=he_IL,Regular,2D,,,2026-07-27,2026,,,100,All,Modiin,Hot Cinema,574
10:30,Super Mario Galaxy,סופר מריו גלקסי הסרט,https://tickets.hotcinema.co.il/site/1183/tickets?code=1183-95813&languageid=en_gb,https://tickets.hotcinema.co.il/site/1183/tickets?code=1183-95813&languageid=he_IL,Regular,2D,,Hebrew,2026-07-27,2026,,,100,All,Modiin,Hot Cinema,574
16:25,Three Wishes for Cinderella,סינדרלה ושלוש המשאלות,https://tickets.hotcinema.co.il/site/1183/tickets?code=1183-95789&languageid=en_gb,https://tickets.hotcinema.co.il/site/1183/tickets?code=1183-95789&languageid=he_IL,Regular,2D,,Hebrew,2026-07-27,2026,,,85,All,Modiin,Hot Cinema,574
21:40,Toy Story 5,צעצוע של סיפור 5,https://tickets.hotcinema.co.il/site/1183/tickets?code=1183-95783&languageid=en_gb,https://tickets.hotcinema.co.il/site/1183/tickets?code=1183-95783&languageid=he_IL,Regular,2D,,,2026-07-27,2026,,,102,All,Modiin,Hot Cinema,574
12:45,Toy Story 5,צעצוע של סיפור 5,https://tickets.hotcinema.co.il/site/1183/tickets?code=1183-95775&languageid=en_gb,https://tickets.hotcinema.co.il/site/1183/tickets?code=1183-95775&languageid=he_IL,Regular,2D,,Hebrew,2026-07-27,2026,,,102,All,Modiin,Hot Cinema,574
11:30,קופה ראשית: הסרט,קופה ראשית: הסרט,https://tickets.hotcinema.co.il/site/1183/tickets?code=1183-95802&languageid=en_gb,https://tickets.hotcinema.co.il/site/1183/tickets?code=1183-95802&languageid=he_IL,Regular,2D,,,2026-07-27,2026,,,91,All,Modiin,Hot Cinema,574
13:30,קופה ראשית: הסרט,קופה ראשית: הסרט,https://tickets.hotcinema.co.il/site/1183/tickets?code=1183-95801&languageid=en_gb,https://tickets.hotcinema.co.il/site/1183/tickets?code=1183-95801&languageid=he_IL,Regular,2D,,,2026-07-27,2026,,,91,All,Modiin,Hot Cinema,574
15:30,קופה ראשית: הסרט,קופה ראשית: הסרט,https://tickets.hotcinema.co.il/site/1183/tickets?code=1183-95800&languageid=en_gb,https://tickets.hotcinema.co.il/site/1183/tickets?code=1183-95800&languageid=he_IL,Regular,2D,,,2026-07-27,2026,,,91,All,Modiin,Hot Cinema,574
17:30,קופה ראשית: הסרט,קופה ראשית: הסרט,https://tickets.hotcinema.co.il/site/1183/tickets?code=1183-95799&languageid=en_gb,https://tickets.hotcinema.co.il/site/1183/tickets?code=1183-95799&languageid=he_IL,Regular,2D,,,2026-07-27,2026,,,91,All,Modiin,Hot Cinema,574
19:50,קופה ראשית: הסרט,קופה ראשית: הסרט,https://tickets.hotcinema.co.il/site/1183/tickets?code=1183-95790&languageid=en_gb,https://tickets.hotcinema.co.il/site/1183/tickets?code=1183-95790&languageid=he_IL,Regular,2D,,,2026-07-27,2026,,,91,All,Modiin,Hot Cinema,574
20:40,קופה ראשית: הסרט,קופה ראשית: הסרט,https://tickets.hotcinema.co.il/site/1183/tickets?code=1183-95778&languageid=en_gb,https://tickets.hotcinema.co.il/site/1183/tickets?code=1183-95778&languageid=he_IL,Regular,2D,,,2026-07-27,2026,,,91,All,Modiin,Hot Cinema,574
21:50,קופה ראשית: הסרט,קופה ראשית: הסרט,https://tickets.hotcinema.co.il/site/1183/tickets?code=1183-95779&languageid=en_gb,https://tickets.hotcinema.co.il/site/1183/tickets?code=1183-95779&languageid=he_IL,Regular,2D,,,2026-07-27,2026,,,91,All,Modiin,Hot Cinema,574
22:30,קופה ראשית: הסרט,קופה ראשית: הסרט,https://tickets.hotcinema.co.il/site/1183/tickets?code=1183-95815&languageid=en_gb,https://tickets.hotcinema.co.il/site/1183/tickets?code=1183-95815&languageid=he_IL,Regular,2D,,,2026-07-27,2026,,,91,All,Modiin,Hot Cinema,574
18:20,Dream High,תיכון מגשימים,https://tickets.hotcinema.co.il/site/1183/tickets?code=1183-95794&languageid=en_gb,https://tickets.hotcinema.co.il/site/1183/tickets?code=1183-95794&languageid=he_IL,Regular,2D,,,2026-07-27,2026,,,100,12+,Modiin,Hot Cinema,574
19:40,Dream High,תיכון מגשימים,https://tickets.hotcinema.co.il/site/1183/tickets?code=1183-95791&languageid=en_gb,https://tickets.hotcinema.co.il/site/1183/tickets?code=1183-95791&languageid=he_IL,Regular,2D,,,2026-07-27,2026,,,100,12+,Modiin,Hot Cinema,574
20:00,Just an Illusion,אשליות מתוקות,https://tickets.hotcinema.co.il/site/1183/tickets?code=1183-95950&languageid=en_gb,https://tickets.hotcinema.co.il/site/1183/tickets?code=1183-95950&languageid=he_IL,Regular,2D,,,2026-07-28,2026,,,116,All,Modiin,Hot Cinema,574
10:30,The Odyssey,האודיסאה,https://tickets.hotcinema.co.il/site/1183/tickets?code=1183-95975&languageid=en_gb,https://tickets.hotcinema.co.il/site/1183/tickets?code=1183-95975&languageid=he_IL,Regular,2D,,,2026-07-28,2026,,,172,14+,Modiin,Hot Cinema,574
16:15,The Odyssey,האודיסאה,https://tickets.hotcinema.co.il/site/1183/tickets?code=1183-95969&languageid=en_gb,https://tickets.hotcinema.co.il/site/1183/tickets?code=1183-95969&languageid=he_IL,Regular,2D,,,2026-07-28,2026,,,172,14+,Modiin,Hot Cinema,574
18:20,The Odyssey,האודיסאה,https://tickets.hotcinema.co.il/site/1183/tickets?code=1183-95976&languageid=en_gb,https://tickets.hotcinema.co.il/site/1183/tickets?code=1183-95976&languageid=he_IL,Regular,2D,,,2026-07-28,2026,,,172,14+,Modiin,Hot Cinema,574
20:15,The Odyssey,האודיסאה,https://tickets.hotcinema.co.il/site/1183/tickets?code=1183-95971&languageid=en_gb,https://tickets.hotcinema.co.il/site/1183/tickets?code=1183-95971&languageid=he_IL,Regular,2D,,,2026-07-28,2026,,,172,14+,Modiin,Hot Cinema,574
21:30,The Odyssey,האודיסאה,https://tickets.hotcinema.co.il/site/1183/tickets?code=1183-95970&languageid=en_gb,https://tickets.hotcinema.co.il/site/1183/tickets?code=1183-95970&languageid=he_IL,Regular,2D,,,2026-07-28,2026,,,172,14+,Modiin,Hot Cinema,574
22:10,American Hina,חינה אמריקאית,https://tickets.hotcinema.co.il/site/1183/tickets?code=1183-95944&languageid=en_gb,https://tickets.hotcinema.co.il/site/1183/tickets?code=1183-95944&languageid=he_IL,Regular,2D,,,2026-07-28,2026,,,100,All,Modiin,Hot Cinema,574
14:20,Tafiti: Across the Desert,טפיטי: הרפתקה במדבר,https://tickets.hotcinema.co.il/site/1183/tickets?code=1183-95954&languageid=en_gb,https://tickets.hotcinema.co.il/site/1183/tickets?code=1183-95954&languageid=he_IL,Regular,2D,,,2026-07-28,,,,81,הגבלת גיל: עד גיל 8 בליווי מבוגר,Modiin,Hot Cinema,574
20:45,One night only,"טרום בכורה בט""ו באב - לגמור את הלילה",https://tickets.hotcinema.co.il/site/1183/tickets?code=1183-95946&languageid=en_gb,https://tickets.hotcinema.co.il/site/1183/tickets?code=1183-95946&languageid=he_IL,Regular,2D,,,2026-07-28,2026,,,102,14+,Modiin,Hot Cinema,574
23:00,One night only,"טרום בכורה בט""ו באב - לגמור את הלילה",https://tickets.hotcinema.co.il/site/1183/tickets?code=1183-95941&languageid=en_gb,https://tickets.hotcinema.co.il/site/1183/tickets?code=1183-95941&languageid=he_IL,Regular,2D,,,2026-07-28,2026,,,102,14+,Modiin,Hot Cinema,574
19:20,Diamonds,יהלומים,https://tickets.hotcinema.co.il/site/1183/tickets?code=1183-95935&languageid=en_gb,https://tickets.hotcinema.co.il/site/1183/tickets?code=1183-95935&languageid=he_IL,Regular,2D,,,2026-07-28,2024,,,135,All,Modiin,Hot Cinema,574
19:00,כי את מכוערת,כי את מכוערת,https://tickets.hotcinema.co.il/site/1183/tickets?code=1183-95947&languageid=en_gb,https://tickets.hotcinema.co.il/site/1183/tickets?code=1183-95947&languageid=he_IL,Regular,2D,,,2026-07-28,2025,,,83,12+,Modiin,Hot Cinema,574
17:45,For the Love of a Woman,כימים אחדים,https://tickets.hotcinema.co.il/site/1183/tickets?code=1183-95934&languageid=en_gb,https://tickets.hotcinema.co.il/site/1183/tickets?code=1183-95934&languageid=he_IL,Regular,2D,,,2026-07-28,2025,,,117,הגבלת גיל: הותר מגיל 9,Modiin,Hot Cinema,574
12:40,מאמא,מאמא,https://tickets.hotcinema.co.il/site/1183/tickets?code=1183-95980&languageid=en_gb,https://tickets.hotcinema.co.il/site/1183/tickets?code=1183-95980&languageid=he_IL,Regular,2D,,,2026-07-28,2026,,,92,12+,Modiin,Hot Cinema,574
19:30,מאמא,מאמא,https://tickets.hotcinema.co.il/site/1183/tickets?code=1183-95979&languageid=en_gb,https://tickets.hotcinema.co.il/site/1183/tickets?code=1183-95979&languageid=he_IL,Regular,2D,,,2026-07-28,2026,,,92,12+,Modiin,Hot Cinema,574
10:15,Moana (Live Action),מואנה לייב אקשן,https://tickets.hotcinema.co.il/site/1183/tickets?code=1183-95959&languageid=en_gb,https://tickets.hotcinema.co.il/site/1183/tickets?code=1183-95959&languageid=he_IL,Regular,2D,,Hebrew,2026-07-28,2026,,,115,All,Modiin,Hot Cinema,574
14:40,Moana (Live Action),מואנה לייב אקשן,https://tickets.hotcinema.co.il/site/1183/tickets?code=1183-95960&languageid=en_gb,https://tickets.hotcinema.co.il/site/1183/tickets?code=1183-95960&languageid=he_IL,Regular,2D,,Hebrew,2026-07-28,2026,,,115,All,Modiin,Hot Cinema,574
17:05,Moana (Live Action),מואנה לייב אקשן,https://tickets.hotcinema.co.il/site/1183/tickets?code=1183-95961&languageid=en_gb,https://tickets.hotcinema.co.il/site/1183/tickets?code=1183-95961&languageid=he_IL,Regular,2D,,Hebrew,2026-07-28,2026,,,115,All,Modiin,Hot Cinema,574
22:00,Michael,מייקל,https://tickets.hotcinema.co.il/site/1183/tickets?code=1183-95942&languageid=en_gb,https://tickets.hotcinema.co.il/site/1183/tickets?code=1183-95942&languageid=he_IL,Regular,2D,,,2026-07-28,2026,,,127,All,Modiin,Hot Cinema,574
10:30,Minions & Monsters,מיניונים ומפלצות,https://tickets.hotcinema.co.il/site/1183/tickets?code=1183-95965&languageid=en_gb,https://tickets.hotcinema.co.il/site/1183/tickets?code=1183-95965&languageid=he_IL,Regular,2D,,Hebrew,2026-07-28,2026,,,90,All,Modiin,Hot Cinema,574
12:30,Minions & Monsters,מיניונים ומפלצות,https://tickets.hotcinema.co.il/site/1183/tickets?code=1183-95966&languageid=en_gb,https://tickets.hotcinema.co.il/site/1183/tickets?code=1183-95966&languageid=he_IL,Regular,2D,,Hebrew,2026-07-28,2026,,,90,All,Modiin,Hot Cinema,574
14:30,Minions & Monsters,מיניונים ומפלצות,https://tickets.hotcinema.co.il/site/1183/tickets?code=1183-95967&languageid=en_gb,https://tickets.hotcinema.co.il/site/1183/tickets?code=1183-95967&languageid=he_IL,Regular,2D,,Hebrew,2026-07-28,2026,,,90,All,Modiin,Hot Cinema,574
16:30,Minions & Monsters,מיניונים ומפלצות,https://tickets.hotcinema.co.il/site/1183/tickets?code=1183-95968&languageid=en_gb,https://tickets.hotcinema.co.il/site/1183/tickets?code=1183-95968&languageid=he_IL,Regular,2D,,Hebrew,2026-07-28,2026,,,90,All,Modiin,Hot Cinema,574
10:30,School of Magical Animals,סוד החיות הקסומות 3,https://tickets.hotcinema.co.il/site/1183/tickets?code=1183-95949&languageid=en_gb,https://tickets.hotcinema.co.il/site/1183/tickets?code=1183-95949&languageid=he_IL,Regular,2D,,Hebrew,2026-07-28,2024,,,105,All,Modiin,Hot Cinema,574
12:10,School of Magical Animals,סוד החיות הקסומות 3,https://tickets.hotcinema.co.il/site/1183/tickets?code=1183-95952&languageid=en_gb,https://tickets.hotcinema.co.il/site/1183/tickets?code=1183-95952&languageid=he_IL,Regular,2D,,Hebrew,2026-07-28,2024,,,105,All,Modiin,Hot Cinema,574
14:55,School of Magical Animals,סוד החיות הקסומות 3,https://tickets.hotcinema.co.il/site/1183/tickets?code=1183-95945&languageid=en_gb,https://tickets.hotcinema.co.il/site/1183/tickets?code=1183-95945&languageid=he_IL,Regular,2D,,Hebrew,2026-07-28,2024,,,105,All,Modiin,Hot Cinema,574
10:50,Saltiz,סולטיז הסרט - וולוג ה-100,https://tickets.hotcinema.co.il/site/1183/tickets?code=1183-95940&languageid=en_gb,https://tickets.hotcinema.co.il/site/1183/tickets?code=1183-95940&languageid=he_IL,Regular,2D,,,2026-07-28,2026,,,100,All,Modiin,Hot Cinema,574
13:10,Saltiz,סולטיז הסרט - וולוג ה-100,https://tickets.hotcinema.co.il/site/1183/tickets?code=1183-95939&languageid=en_gb,https://tickets.hotcinema.co.il/site/1183/tickets?code=1183-95939&languageid=he_IL,Regular,2D,,,2026-07-28,2026,,,100,All,Modiin,Hot Cinema,574
15:30,Saltiz,סולטיז הסרט - וולוג ה-100,https://tickets.hotcinema.co.il/site/1183/tickets?code=1183-95943&languageid=en_gb,https://tickets.hotcinema.co.il/site/1183/tickets?code=1183-95943&languageid=he_IL,Regular,2D,,,2026-07-28,2026,,,100,All,Modiin,Hot Cinema,574
17:10,Saltiz,סולטיז הסרט - וולוג ה-100,https://tickets.hotcinema.co.il/site/1183/tickets?code=1183-95938&languageid=en_gb,https://tickets.hotcinema.co.il/site/1183/tickets?code=1183-95938&languageid=he_IL,Regular,2D,,,2026-07-28,2026,,,100,All,Modiin,Hot Cinema,574
18:30,Saltiz,סולטיז הסרט - וולוג ה-100,https://tickets.hotcinema.co.il/site/1183/tickets?code=1183-95948&languageid=en_gb,https://tickets.hotcinema.co.il/site/1183/tickets?code=1183-95948&languageid=he_IL,Regular,2D,,,2026-07-28,2026,,,100,All,Modiin,Hot Cinema,574
10:15,Three Wishes for Cinderella,סינדרלה ושלוש המשאלות,https://tickets.hotcinema.co.il/site/1183/tickets?code=1183-95955&languageid=en_gb,https://tickets.hotcinema.co.il/site/1183/tickets?code=1183-95955&languageid=he_IL,Regular,2D,,Hebrew,2026-07-28,2026,,,85,All,Modiin,Hot Cinema,574
14:25,Three Wishes for Cinderella,סינדרלה ושלוש המשאלות,https://tickets.hotcinema.co.il/site/1183/tickets?code=1183-95956&languageid=en_gb,https://tickets.hotcinema.co.il/site/1183/tickets?code=1183-95956&languageid=he_IL,Regular,2D,,Hebrew,2026-07-28,2026,,,85,All,Modiin,Hot Cinema,574
21:00,Sentimental Value,ערך סנטימנטלי,https://tickets.hotcinema.co.il/site/1183/tickets?code=1183-95978&languageid=en_gb,https://tickets.hotcinema.co.il/site/1183/tickets?code=1183-95978&languageid=he_IL,Regular,2D,,,2026-07-28,2025,,,132,All,Modiin,Hot Cinema,574
12:45,Toy Story 5,צעצוע של סיפור 5,https://tickets.hotcinema.co.il/site/1183/tickets?code=1183-95953&languageid=en_gb,https://tickets.hotcinema.co.il/site/1183/tickets?code=1183-95953&languageid=he_IL,Regular,2D,,Hebrew,2026-07-28,2026,,,102,All,Modiin,Hot Cinema,574
16:10,Toy Story 5,צעצוע של סיפור 5,https://tickets.hotcinema.co.il/site/1183/tickets?code=1183-95974&languageid=en_gb,https://tickets.hotcinema.co.il/site/1183/tickets?code=1183-95974&languageid=he_IL,Regular,2D,,Hebrew,2026-07-28,2026,,,102,All,Modiin,Hot Cinema,574
11:00,קופה ראשית: הסרט,קופה ראשית: הסרט,https://tickets.hotcinema.co.il/site/1183/tickets?code=1183-95973&languageid=en_gb,https://tickets.hotcinema.co.il/site/1183/tickets?code=1183-95973&languageid=he_IL,Regular,2D,,,2026-07-28,2026,,,91,All,Modiin,Hot Cinema,574
13:00,קופה ראשית: הסרט,קופה ראשית: הסרט,https://tickets.hotcinema.co.il/site/1183/tickets?code=1183-95972&languageid=en_gb,https://tickets.hotcinema.co.il/site/1183/tickets?code=1183-95972&languageid=he_IL,Regular,2D,,,2026-07-28,2026,,,91,All,Modiin,Hot Cinema,574
15:10,קופה ראשית: הסרט,קופה ראשית: הסרט,https://tickets.hotcinema.co.il/site/1183/tickets?code=1183-95951&languageid=en_gb,https://tickets.hotcinema.co.il/site/1183/tickets?code=1183-95951&languageid=he_IL,Regular,2D,,,2026-07-28,2026,,,91,All,Modiin,Hot Cinema,574
17:15,קופה ראשית: הסרט,קופה ראשית: הסרט,https://tickets.hotcinema.co.il/site/1183/tickets?code=1183-95962&languageid=en_gb,https://tickets.hotcinema.co.il/site/1183/tickets?code=1183-95962&languageid=he_IL,Regular,2D,,,2026-07-28,2026,,,91,All,Modiin,Hot Cinema,574
19:20,קופה ראשית: הסרט,קופה ראשית: הסרט,https://tickets.hotcinema.co.il/site/1183/tickets?code=1183-95964&languageid=en_gb,https://tickets.hotcinema.co.il/site/1183/tickets?code=1183-95964&languageid=he_IL,Regular,2D,,,2026-07-28,2026,,,91,All,Modiin,Hot Cinema,574
21:30,קופה ראשית: הסרט,קופה ראשית: הסרט,https://tickets.hotcinema.co.il/site/1183/tickets?code=1183-95963&languageid=en_gb,https://tickets.hotcinema.co.il/site/1183/tickets?code=1183-95963&languageid=he_IL,Regular,2D,,,2026-07-28,2026,,,91,All,Modiin,Hot Cinema,574
22:30,קופה ראשית: הסרט,קופה ראשית: הסרט,https://tickets.hotcinema.co.il/site/1183/tickets?code=1183-95937&languageid=en_gb,https://tickets.hotcinema.co.il/site/1183/tickets?code=1183-95937&languageid=he_IL,Regular,2D,,,2026-07-28,2026,,,91,All,Modiin,Hot Cinema,574
14:05,Sarah Bernhardt La Divine,שרה ברנארד - האלוהית,https://tickets.hotcinema.co.il/site/1183/tickets?code=1183-95936&languageid=en_gb,https://tickets.hotcinema.co.il/site/1183/tickets?code=1183-95936&languageid=he_IL,Regular,2D,,,2026-07-28,2024,,,96,12+,Modiin,Hot Cinema,574
16:45,Dream High,תיכון מגשימים,https://tickets.hotcinema.co.il/site/1183/tickets?code=1183-95977&languageid=en_gb,https://tickets.hotcinema.co.il/site/1183/tickets?code=1183-95977&languageid=he_IL,Regular,2D,,,2026-07-28,2026,,,100,12+,Modiin,Hot Cinema,574
11:10,The Odyssey,האודיסאה,https://tickets.hotcinema.co.il/site/1183/tickets?code=1183-95874&languageid=en_gb,https://tickets.hotcinema.co.il/site/1183/tickets?code=1183-95874&languageid=he_IL,Regular,2D,,,2026-07-29,2026,,,172,14+,Modiin,Hot Cinema,574
14:45,The Odyssey,האודיסאה,https://tickets.hotcinema.co.il/site/1183/tickets?code=1183-95871&languageid=en_gb,https://tickets.hotcinema.co.il/site/1183/tickets?code=1183-95871&languageid=he_IL,Regular,2D,,,2026-07-29,2026,,,172,14+,Modiin,Hot Cinema,574
17:00,The Odyssey,האודיסאה,https://tickets.hotcinema.co.il/site/1183/tickets?code=1183-95869&languageid=en_gb,https://tickets.hotcinema.co.il/site/1183/tickets?code=1183-95869&languageid=he_IL,Regular,2D,,,2026-07-29,2026,,,172,14+,Modiin,Hot Cinema,574
18:15,The Odyssey,האודיסאה,https://tickets.hotcinema.co.il/site/1183/tickets?code=1183-95872&languageid=en_gb,https://tickets.hotcinema.co.il/site/1183/tickets?code=1183-95872&languageid=he_IL,Regular,2D,,,2026-07-29,2026,,,172,14+,Modiin,Hot Cinema,574
19:00,The Odyssey,האודיסאה,https://tickets.hotcinema.co.il/site/1183/tickets?code=1183-95879&languageid=en_gb,https://tickets.hotcinema.co.il/site/1183/tickets?code=1183-95879&languageid=he_IL,Regular,2D,,,2026-07-29,2026,,,172,14+,Modiin,Hot Cinema,574
21:20,The Odyssey,האודיסאה,https://tickets.hotcinema.co.il/site/1183/tickets?code=1183-95877&languageid=en_gb,https://tickets.hotcinema.co.il/site/1183/tickets?code=1183-95877&languageid=he_IL,Regular,2D,,,2026-07-29,2026,,,172,14+,Modiin,Hot Cinema,574
21:50,The Odyssey,האודיסאה,https://tickets.hotcinema.co.il/site/1183/tickets?code=1183-95870&languageid=en_gb,https://tickets.hotcinema.co.il/site/1183/tickets?code=1183-95870&languageid=he_IL,Regular,2D,,,2026-07-29,2026,,,172,14+,Modiin,Hot Cinema,574
13:00,Tafiti: Across the Desert,טפיטי: הרפתקה במדבר,https://tickets.hotcinema.co.il/site/1183/tickets?code=1183-95858&languageid=en_gb,https://tickets.hotcinema.co.il/site/1183/tickets?code=1183-95858&languageid=he_IL,Regular,2D,,,2026-07-29,,,,81,הגבלת גיל: עד גיל 8 בליווי מבוגר,Modiin,Hot Cinema,574
19:30,One night only,"טרום בכורה בט""ו באב - לגמור את הלילה",https://tickets.hotcinema.co.il/site/1183/tickets?code=1183-95880&languageid=en_gb,https://tickets.hotcinema.co.il/site/1183/tickets?code=1183-95880&languageid=he_IL,Regular,2D,,,2026-07-29,2026,,,102,14+,Modiin,Hot Cinema,574
21:45,One night only,"טרום בכורה בט""ו באב - לגמור את הלילה",https://tickets.hotcinema.co.il/site/1183/tickets?code=1183-95881&languageid=en_gb,https://tickets.hotcinema.co.il/site/1183/tickets?code=1183-95881&languageid=he_IL,Regular,2D,,,2026-07-29,2026,,,102,14+,Modiin,Hot Cinema,574
22:45,One night only,"טרום בכורה בט""ו באב - לגמור את הלילה",https://tickets.hotcinema.co.il/site/1183/tickets?code=1183-95889&languageid=en_gb,https://tickets.hotcinema.co.il/site/1183/tickets?code=1183-95889&languageid=he_IL,Regular,2D,,,2026-07-29,2026,,,102,14+,Modiin,Hot Cinema,574
14:10,Moana (Live Action),מואנה לייב אקשן,https://tickets.hotcinema.co.il/site/1183/tickets?code=1183-95863&languageid=en_gb,https://tickets.hotcinema.co.il/site/1183/tickets?code=1183-95863&languageid=he_IL,Regular,2D,,Hebrew,2026-07-29,2026,,,115,All,Modiin,Hot Cinema,574
16:40,Moana (Live Action),מואנה לייב אקשן,https://tickets.hotcinema.co.il/site/1183/tickets?code=1183-95864&languageid=en_gb,https://tickets.hotcinema.co.il/site/1183/tickets?code=1183-95864&languageid=he_IL,Regular,2D,,Hebrew,2026-07-29,2026,,,115,All,Modiin,Hot Cinema,574
11:30,Minions & Monsters,מיניונים ומפלצות,https://tickets.hotcinema.co.il/site/1183/tickets?code=1183-95865&languageid=en_gb,https://tickets.hotcinema.co.il/site/1183/tickets?code=1183-95865&languageid=he_IL,Regular,2D,,Hebrew,2026-07-29,2026,,,90,All,Modiin,Hot Cinema,574
13:40,Minions & Monsters,מיניונים ומפלצות,https://tickets.hotcinema.co.il/site/1183/tickets?code=1183-95866&languageid=en_gb,https://tickets.hotcinema.co.il/site/1183/tickets?code=1183-95866&languageid=he_IL,Regular,2D,,Hebrew,2026-07-29,2026,,,90,All,Modiin,Hot Cinema,574
15:40,Minions & Monsters,מיניונים ומפלצות,https://tickets.hotcinema.co.il/site/1183/tickets?code=1183-95867&languageid=en_gb,https://tickets.hotcinema.co.il/site/1183/tickets?code=1183-95867&languageid=he_IL,Regular,2D,,Hebrew,2026-07-29,2026,,,90,All,Modiin,Hot Cinema,574
17:45,Minions & Monsters,מיניונים ומפלצות,https://tickets.hotcinema.co.il/site/1183/tickets?code=1183-95868&languageid=en_gb,https://tickets.hotcinema.co.il/site/1183/tickets?code=1183-95868&languageid=he_IL,Regular,2D,,Hebrew,2026-07-29,2026,,,90,All,Modiin,Hot Cinema,574
12:30,School of Magical Animals,סוד החיות הקסומות 3,https://tickets.hotcinema.co.il/site/1183/tickets?code=1183-95890&languageid=en_gb,https://tickets.hotcinema.co.il/site/1183/tickets?code=1183-95890&languageid=he_IL,Regular,2D,,Hebrew,2026-07-29,2024,,,105,All,Modiin,Hot Cinema,574
14:30,School of Magical Animals,סוד החיות הקסומות 3,https://tickets.hotcinema.co.il/site/1183/tickets?code=1183-95856&languageid=en_gb,https://tickets.hotcinema.co.il/site/1183/tickets?code=1183-95856&languageid=he_IL,Regular,2D,,Hebrew,2026-07-29,2024,,,105,All,Modiin,Hot Cinema,574
15:00,Saltiz,סולטיז הסרט - וולוג ה-100,https://tickets.hotcinema.co.il/site/1183/tickets?code=1183-95883&languageid=en_gb,https://tickets.hotcinema.co.il/site/1183/tickets?code=1183-95883&languageid=he_IL,Regular,2D,,,2026-07-29,2026,,,100,All,Modiin,Hot Cinema,574
17:10,Saltiz,סולטיז הסרט - וולוג ה-100,https://tickets.hotcinema.co.il/site/1183/tickets?code=1183-95882&languageid=en_gb,https://tickets.hotcinema.co.il/site/1183/tickets?code=1183-95882&languageid=he_IL,Regular,2D,,,2026-07-29,2026,,,100,All,Modiin,Hot Cinema,574
10:20,Three Wishes for Cinderella,סינדרלה ושלוש המשאלות,https://tickets.hotcinema.co.il/site/1183/tickets?code=1183-95859&languageid=en_gb,https://tickets.hotcinema.co.il/site/1183/tickets?code=1183-95859&languageid=he_IL,Regular,2D,,Hebrew,2026-07-29,2026,,,85,All,Modiin,Hot Cinema,574
11:15,Spider-Man: Brand new day,ספיידרמן: יום חדש,https://tickets.hotcinema.co.il/site/1183/tickets?code=1183-95886&languageid=en_gb,https://tickets.hotcinema.co.il/site/1183/tickets?code=1183-95886&languageid=he_IL,Regular,2D,,,2026-07-29,2026,,,145,,Modiin,Hot Cinema,574
12:15,Spider-Man: Brand new day,ספיידרמן: יום חדש,https://tickets.hotcinema.co.il/site/1183/tickets?code=1183-91912&languageid=en_gb,https://tickets.hotcinema.co.il/site/1183/tickets?code=1183-91912&languageid=he_IL,Regular,2D,,,2026-07-29,2026,,,145,,Modiin,Hot Cinema,574
14:10,Spider-Man: Brand new day,ספיידרמן: יום חדש,https://tickets.hotcinema.co.il/site/1183/tickets?code=1183-95885&languageid=en_gb,https://tickets.hotcinema.co.il/site/1183/tickets?code=1183-95885&languageid=he_IL,Regular,2D,,,2026-07-29,2026,,,145,,Modiin,Hot Cinema,574
15:30,Spider-Man: Brand new day,ספיידרמן: יום חדש,https://tickets.hotcinema.co.il/site/1183/tickets?code=1183-91911&languageid=en_gb,https://tickets.hotcinema.co.il/site/1183/tickets?code=1183-91911&languageid=he_IL,Regular,2D,,,2026-07-29,2026,,,145,,Modiin,Hot Cinema,574
17:15,Spider-Man: Brand new day,ספיידרמן: יום חדש,https://tickets.hotcinema.co.il/site/1183/tickets?code=1183-91916&languageid=en_gb,https://tickets.hotcinema.co.il/site/1183/tickets?code=1183-91916&languageid=he_IL,Regular,2D,,,2026-07-29,2026,,,145,,Modiin,Hot Cinema,574
18:40,Spider-Man: Brand new day,ספיידרמן: יום חדש,https://tickets.hotcinema.co.il/site/1183/tickets?code=1183-91914&languageid=en_gb,https://tickets.hotcinema.co.il/site/1183/tickets?code=1183-91914&languageid=he_IL,Regular,2D,,,2026-07-29,2026,,,145,,Modiin,Hot Cinema,574
19:45,Spider-Man: Brand new day,ספיידרמן: יום חדש,https://tickets.hotcinema.co.il/site/1183/tickets?code=1183-95887&languageid=en_gb,https://tickets.hotcinema.co.il/site/1183/tickets?code=1183-95887&languageid=he_IL,Regular,2D,,,2026-07-29,2026,,,145,,Modiin,Hot Cinema,574
20:30,Spider-Man: Brand new day,ספיידרמן: יום חדש,https://tickets.hotcinema.co.il/site/1183/tickets?code=1183-91915&languageid=en_gb,https://tickets.hotcinema.co.il/site/1183/tickets?code=1183-91915&languageid=he_IL,Regular,2D,,,2026-07-29,2026,,,145,,Modiin,Hot Cinema,574
21:50,Spider-Man: Brand new day,ספיידרמן: יום חדש,https://tickets.hotcinema.co.il/site/1183/tickets?code=1183-91913&languageid=en_gb,https://tickets.hotcinema.co.il/site/1183/tickets?code=1183-91913&languageid=he_IL,Regular,2D,,,2026-07-29,2026,,,145,,Modiin,Hot Cinema,574
22:30,Spider-Man: Brand new day,ספיידרמן: יום חדש,https://tickets.hotcinema.co.il/site/1183/tickets?code=1183-95884&languageid=en_gb,https://tickets.hotcinema.co.il/site/1183/tickets?code=1183-95884&languageid=he_IL,Regular,2D,,,2026-07-29,2026,,,145,,Modiin,Hot Cinema,574
10:00,Toy Story 5,צעצוע של סיפור 5,https://tickets.hotcinema.co.il/site/1183/tickets?code=1183-96061&languageid=en_gb,https://tickets.hotcinema.co.il/site/1183/tickets?code=1183-96061&languageid=he_IL,Not Just Cinema,2D,,,2026-07-29,2026,,,102,All,Modiin,Hot Cinema,574
10:15,Toy Story 5,צעצוע של סיפור 5,https://tickets.hotcinema.co.il/site/1183/tickets?code=1183-95857&languageid=en_gb,https://tickets.hotcinema.co.il/site/1183/tickets?code=1183-95857&languageid=he_IL,Regular,2D,,Hebrew,2026-07-29,2026,,,102,All,Modiin,Hot Cinema,574
19:10,קופה ראשית: הסרט,קופה ראשית: הסרט,https://tickets.hotcinema.co.il/site/1183/tickets?code=1183-95878&languageid=en_gb,https://tickets.hotcinema.co.il/site/1183/tickets?code=1183-95878&languageid=he_IL,Regular,2D,,,2026-07-29,2026,,,91,All,Modiin,Hot Cinema,574
20:40,קופה ראשית: הסרט,קופה ראשית: הסרט,https://tickets.hotcinema.co.il/site/1183/tickets?code=1183-95861&languageid=en_gb,https://tickets.hotcinema.co.il/site/1183/tickets?code=1183-95861&languageid=he_IL,Regular,2D,,,2026-07-29,2026,,,91,All,Modiin,Hot Cinema,574
22:40,קופה ראשית: הסרט,קופה ראשית: הסרט,https://tickets.hotcinema.co.il/site/1183/tickets?code=1183-95860&languageid=en_gb,https://tickets.hotcinema.co.il/site/1183/tickets?code=1183-95860&languageid=he_IL,Regular,2D,,,2026-07-29,2026,,,91,All,Modiin,Hot Cinema,574
12:15,Dream High,תיכון מגשימים,https://tickets.hotcinema.co.il/site/1183/tickets?code=1183-95888&languageid=en_gb,https://tickets.hotcinema.co.il/site/1183/tickets?code=1183-95888&languageid=he_IL,Regular,2D,,,2026-07-29,2026,,,100,12+,Modiin,Hot Cinema,574
16:45,Dream High,תיכון מגשימים,https://tickets.hotcinema.co.il/site/1183/tickets?code=1183-95873&languageid=en_gb,https://tickets.hotcinema.co.il/site/1183/tickets?code=1183-95873&languageid=he_IL,Regular,2D,,,2026-07-29,2026,,,100,12+,Modiin,Hot Cinema,574
18:20,The Odyssey,האודיסאה,https://tickets.hotcinema.co.il/site/1183/tickets?code=1183-96117&languageid=en_gb,https://tickets.hotcinema.co.il/site/1183/tickets?code=1183-96117&languageid=he_IL,Regular,2D,,,2026-07-30,2026,,,172,14+,Modiin,Hot Cinema,574
16:15,Minions & Monsters,מיניונים ומפלצות,https://tickets.hotcinema.co.il/site/1183/tickets?code=1183-96118&languageid=en_gb,https://tickets.hotcinema.co.il/site/1183/tickets?code=1183-96118&languageid=he_IL,Regular,2D,,Hebrew,2026-07-30,2026,,,90,All,Modiin,Hot Cinema,574
17:30,Edward Scissorhands,סינמה נוסטלגיה - המספריים של אדוארד,https://tickets.hotcinema.co.il/site/1183/tickets?code=1183-91274&languageid=en_gb,https://tickets.hotcinema.co.il/site/1183/tickets?code=1183-91274&languageid=he_IL,Not Just Cinema,2D,,,2026-07-30,1990,,,105,All,Modiin,Hot Cinema,574
12:15,Spider-Man: Brand new day,ספיידרמן: יום חדש,https://tickets.hotcinema.co.il/site/1183/tickets?code=1183-91924&languageid=en_gb,https://tickets.hotcinema.co.il/site/1183/tickets?code=1183-91924&languageid=he_IL,Regular,2D,,,2026-07-30,2026,,,145,,Modiin,Hot Cinema,574
15:30,Spider-Man: Brand new day,ספיידרמן: יום חדש,https://tickets.hotcinema.co.il/site/1183/tickets?code=1183-91923&languageid=en_gb,https://tickets.hotcinema.co.il/site/1183/tickets?code=1183-91923&languageid=he_IL,Regular,2D,,,2026-07-30,2026,,,145,,Modiin,Hot Cinema,574
17:15,Spider-Man: Brand new day,ספיידרמן: יום חדש,https://tickets.hotcinema.co.il/site/1183/tickets?code=1183-91928&languageid=en_gb,https://tickets.hotcinema.co.il/site/1183/tickets?code=1183-91928&languageid=he_IL,Regular,2D,,,2026-07-30,2026,,,145,,Modiin,Hot Cinema,574
18:40,Spider-Man: Brand new day,ספיידרמן: יום חדש,https://tickets.hotcinema.co.il/site/1183/tickets?code=1183-91926&languageid=en_gb,https://tickets.hotcinema.co.il/site/1183/tickets?code=1183-91926&languageid=he_IL,Regular,2D,,,2026-07-30,2026,,,145,,Modiin,Hot Cinema,574
20:30,Spider-Man: Brand new day,ספיידרמן: יום חדש,https://tickets.hotcinema.co.il/site/1183/tickets?code=1183-91927&languageid=en_gb,https://tickets.hotcinema.co.il/site/1183/tickets?code=1183-91927&languageid=he_IL,Regular,2D,,,2026-07-30,2026,,,145,,Modiin,Hot Cinema,574
21:50,Spider-Man: Brand new day,ספיידרמן: יום חדש,https://tickets.hotcinema.co.il/site/1183/tickets?code=1183-91925&languageid=en_gb,https://tickets.hotcinema.co.il/site/1183/tickets?code=1183-91925&languageid=he_IL,Regular,2D,,,2026-07-30,2026,,,145,,Modiin,Hot Cinema,574
18:20,The Odyssey,האודיסאה,https://tickets.hotcinema.co.il/site/1183/tickets?code=1183-96115&languageid=en_gb,https://tickets.hotcinema.co.il/site/1183/tickets?code=1183-96115&languageid=he_IL,Regular,2D,,,2026-07-31,2026,,,172,14+,Modiin,Hot Cinema,574
16:15,Minions & Monsters,מיניונים ומפלצות,https://tickets.hotcinema.co.il/site/1183/tickets?code=1183-96116&languageid=en_gb,https://tickets.hotcinema.co.il/site/1183/tickets?code=1183-96116&languageid=he_IL,Regular,2D,,Hebrew,2026-07-31,2026,,,90,All,Modiin,Hot Cinema,574
12:15,Spider-Man: Brand new day,ספיידרמן: יום חדש,https://tickets.hotcinema.co.il/site/1183/tickets?code=1183-91917&languageid=en_gb,https://tickets.hotcinema.co.il/site/1183/tickets?code=1183-91917&languageid=he_IL,Regular,2D,,,2026-07-31,2026,,,145,,Modiin,Hot Cinema,574
15:30,Spider-Man: Brand new day,ספיידרמן: יום חדש,https://tickets.hotcinema.co.il/site/1183/tickets?code=1183-91920&languageid=en_gb,https://tickets.hotcinema.co.il/site/1183/tickets?code=1183-91920&languageid=he_IL,Regular,2D,,,2026-07-31,2026,,,145,,Modiin,Hot Cinema,574
17:15,Spider-Man: Brand new day,ספיידרמן: יום חדש,https://tickets.hotcinema.co.il/site/1183/tickets?code=1183-91922&languageid=en_gb,https://tickets.hotcinema.co.il/site/1183/tickets?code=1183-91922&languageid=he_IL,Regular,2D,,,2026-07-31,2026,,,145,,Modiin,Hot Cinema,574
18:40,Spider-Man: Brand new day,ספיידרמן: יום חדש,https://tickets.hotcinema.co.il/site/1183/tickets?code=1183-91919&languageid=en_gb,https://tickets.hotcinema.co.il/site/1183/tickets?code=1183-91919&languageid=he_IL,Regular,2D,,,2026-07-31,2026,,,145,,Modiin,Hot Cinema,574
20:30,Spider-Man: Brand new day,ספיידרמן: יום חדש,https://tickets.hotcinema.co.il/site/1183/tickets?code=1183-91921&languageid=en_gb,https://tickets.hotcinema.co.il/site/1183/tickets?code=1183-91921&languageid=he_IL,Regular,2D,,,2026-07-31,2026,,,145,,Modiin,Hot Cinema,574
21:50,Spider-Man: Brand new day,ספיידרמן: יום חדש,https://tickets.hotcinema.co.il/site/1183/tickets?code=1183-91918&languageid=en_gb,https://tickets.hotcinema.co.il/site/1183/tickets?code=1183-91918&languageid=he_IL,Regular,2D,,,2026-07-31,2026,,,145,,Modiin,Hot Cinema,574
18:20,The Odyssey,האודיסאה,https://tickets.hotcinema.co.il/site/1183/tickets?code=1183-96109&languageid=en_gb,https://tickets.hotcinema.co.il/site/1183/tickets?code=1183-96109&languageid=he_IL,Regular,2D,,,2026-08-01,2026,,,172,14+,Modiin,Hot Cinema,574
16:15,Minions & Monsters,מיניונים ומפלצות,https://tickets.hotcinema.co.il/site/1183/tickets?code=1183-96110&languageid=en_gb,https://tickets.hotcinema.co.il/site/1183/tickets?code=1183-96110&languageid=he_IL,Regular,2D,,Hebrew,2026-08-01,2026,,,90,All,Modiin,Hot Cinema,574
12:15,Spider-Man: Brand new day,ספיידרמן: יום חדש,https://tickets.hotcinema.co.il/site/1183/tickets?code=1183-91908&languageid=en_gb,https://tickets.hotcinema.co.il/site/1183/tickets?code=1183-91908&languageid=he_IL,Regular,2D,,,2026-08-01,2026,,,145,,Modiin,Hot Cinema,574
15:30,Spider-Man: Brand new day,ספיידרמן: יום חדש,https://tickets.hotcinema.co.il/site/1183/tickets?code=1183-91907&languageid=en_gb,https://tickets.hotcinema.co.il/site/1183/tickets?code=1183-91907&languageid=he_IL,Regular,2D,,,2026-08-01,2026,,,145,,Modiin,Hot Cinema,574
17:15,Spider-Man: Brand new day,ספיידרמן: יום חדש,https://tickets.hotcinema.co.il/site/1183/tickets?code=1183-91910&languageid=en_gb,https://tickets.hotcinema.co.il/site/1183/tickets?code=1183-91910&languageid=he_IL,Regular,2D,,,2026-08-01,2026,,,145,,Modiin,Hot Cinema,574
18:40,Spider-Man: Brand new day,ספיידרמן: יום חדש,https://tickets.hotcinema.co.il/site/1183/tickets?code=1183-91906&languageid=en_gb,https://tickets.hotcinema.co.il/site/1183/tickets?code=1183-91906&languageid=he_IL,Regular,2D,,,2026-08-01,2026,,,145,,Modiin,Hot Cinema,574
20:30,Spider-Man: Brand new day,ספיידרמן: יום חדש,https://tickets.hotcinema.co.il/site/1183/tickets?code=1183-91909&languageid=en_gb,https://tickets.hotcinema.co.il/site/1183/tickets?code=1183-91909&languageid=he_IL,Regular,2D,,,2026-08-01,2026,,,145,,Modiin,Hot Cinema,574
21:50,Spider-Man: Brand new day,ספיידרמן: יום חדש,https://tickets.hotcinema.co.il/site/1183/tickets?code=1183-91905&languageid=en_gb,https://tickets.hotcinema.co.il/site/1183/tickets?code=1183-91905&languageid=he_IL,Regular,2D,,,2026-08-01,2026,,,145,,Modiin,Hot Cinema,574
20:30,Spider-Man: Brand new day,ספיידרמן: יום חדש,https://tickets.hotcinema.co.il/site/1183/tickets?code=1183-93634&languageid=en_gb,https://tickets.hotcinema.co.il/site/1183/tickets?code=1183-93634&languageid=he_IL,Regular,2D,,French,2026-08-05,2026,,,145,,Modiin,Hot Cinema,574
17:30,WALL·E,סינמה נוסטלגיה - וול-E,https://tickets.hotcinema.co.il/site/1183/tickets?code=1183-91930&languageid=en_gb,https://tickets.hotcinema.co.il/site/1183/tickets?code=1183-91930&languageid=he_IL,Not Just Cinema,2D,,Hebrew,2026-08-06,2008,,,98,All,Modiin,Hot Cinema,574
20:30,יעקוב חמו מגיע לעשות סטנדאפ ב-HOT CINEMA,יעקוב חמו מגיע לעשות סטנדאפ ב-HOT CINEMA,https://tickets.hotcinema.co.il/site/1183/tickets?code=1183-90667&languageid=en_gb,https://tickets.hotcinema.co.il/site/1183/tickets?code=1183-90667&languageid=he_IL,Not Just Cinema,2D,,,2026-08-13,2026,,,70,,Modiin,Hot Cinema,574
20:00,Superman - 1978,סינמה נוסטלגיה - סופרמן 1978,https://tickets.hotcinema.co.il/site/1183/tickets?code=1183-92699&languageid=en_gb,https://tickets.hotcinema.co.il/site/1183/tickets?code=1183-92699&languageid=he_IL,Not Just Cinema,2D,,,2026-08-13,1978,,,143,,Modiin,Hot Cinema,574
20:00,Superman 2 The Richard Donner Cut,סינמה נוסטלגיה - סופרמן 2 גרסת הבמאי,https://tickets.hotcinema.co.il/site/1183/tickets?code=1183-93684&languageid=en_gb,https://tickets.hotcinema.co.il/site/1183/tickets?code=1183-93684&languageid=he_IL,Not Just Cinema,2D,,,2026-08-20,2006,,,116,All,Modiin,Hot Cinema,574
17:30,Tangled,סינמה נוסטלגיה - פלונטר,https://tickets.hotcinema.co.il/site/1183/tickets?code=1183-93688&languageid=en_gb,https://tickets.hotcinema.co.il/site/1183/tickets?code=1183-93688&languageid=he_IL,Not Just Cinema,2D,,Hebrew,2026-08-27,2010,,,100,All,Modiin,Hot Cinema,574
17:30,Tangled,סינמה נוסטלגיה - פלונטר,https://tickets.hotcinema.co.il/site/1183/tickets?code=1183-93689&languageid=en_gb,https://tickets.hotcinema.co.il/site/1183/tickets?code=1183-93689&languageid=he_IL,Not Just Cinema,2D,,Hebrew,2026-08-28,2010,,,100,All,Modiin,Hot Cinema,574
17:30,Tangled,סינמה נוסטלגיה - פלונטר,https://tickets.hotcinema.co.il/site/1183/tickets?code=1183-93690&languageid=en_gb,https://tickets.hotcinema.co.il/site/1183/tickets?code=1183-93690&languageid=he_IL,Not Just Cinema,2D,,Hebrew,2026-08-29,2010,,,100,All,Modiin,Hot Cinema,574
22:25,Obsession,אובססיה,https://tickets.hotcinema.co.il/site/1191/tickets?code=1191-80934&languageid=en_gb,https://tickets.hotcinema.co.il/site/1191/tickets?code=1191-80934&languageid=he_IL,Regular,2D,,,2026-07-26,2026,,,108,14+,Rehovot,Hot Cinema,574
21:30,Just an Illusion,אשליות מתוקות,https://tickets.hotcinema.co.il/site/1191/tickets?code=1191-80922&languageid=en_gb,https://tickets.hotcinema.co.il/site/1191/tickets?code=1191-80922&languageid=he_IL,Regular,2D,,,2026-07-26,2026,,,116,All,Rehovot,Hot Cinema,574
15:20,The Odyssey,האודיסאה,https://tickets.hotcinema.co.il/site/1191/tickets?code=1191-80944&languageid=en_gb,https://tickets.hotcinema.co.il/site/1191/tickets?code=1191-80944&languageid=he_IL,Regular,2D,,,2026-07-26,2026,,,172,14+,Rehovot,Hot Cinema,574
20:20,The Odyssey,האודיסאה,https://tickets.hotcinema.co.il/site/1191/tickets?code=1191-80946&languageid=en_gb,https://tickets.hotcinema.co.il/site/1191/tickets?code=1191-80946&languageid=he_IL,Regular,2D,,,2026-07-26,2026,,,172,14+,Rehovot,Hot Cinema,574
21:15,The Odyssey,האודיסאה,https://tickets.hotcinema.co.il/site/1191/tickets?code=1191-80945&languageid=en_gb,https://tickets.hotcinema.co.il/site/1191/tickets?code=1191-80945&languageid=he_IL,Regular,2D,,,2026-07-26,2026,,,172,14+,Rehovot,Hot Cinema,574
22:00,The Odyssey,האודיסאה,https://tickets.hotcinema.co.il/site/1191/tickets?code=1191-80952&languageid=en_gb,https://tickets.hotcinema.co.il/site/1191/tickets?code=1191-80952&languageid=he_IL,Regular,2D,,,2026-07-26,2026,,,172,14+,Rehovot,Hot Cinema,574
11:20,Tafiti: Across the Desert,טפיטי: הרפתקה במדבר,https://tickets.hotcinema.co.il/site/1191/tickets?code=1191-80925&languageid=en_gb,https://tickets.hotcinema.co.il/site/1191/tickets?code=1191-80925&languageid=he_IL,Regular,2D,,,2026-07-26,,,,81,הגבלת גיל: עד גיל 8 בליווי מבוגר,Rehovot,Hot Cinema,574
13:20,Tafiti: Across the Desert,טפיטי: הרפתקה במדבר,https://tickets.hotcinema.co.il/site/1191/tickets?code=1191-80953&languageid=en_gb,https://tickets.hotcinema.co.il/site/1191/tickets?code=1191-80953&languageid=he_IL,Regular,2D,,,2026-07-26,,,,81,הגבלת גיל: עד גיל 8 בליווי מבוגר,Rehovot,Hot Cinema,574
18:45,Moana (Live Action),מואנה לייב אקשן,https://tickets.hotcinema.co.il/site/1191/tickets?code=1191-80933&languageid=en_gb,https://tickets.hotcinema.co.il/site/1191/tickets?code=1191-80933&languageid=he_IL,Regular,2D,,,2026-07-26,2026,,,115,All,Rehovot,Hot Cinema,574
11:30,Moana (Live Action),מואנה לייב אקשן,https://tickets.hotcinema.co.il/site/1191/tickets?code=1191-80935&languageid=en_gb,https://tickets.hotcinema.co.il/site/1191/tickets?code=1191-80935&languageid=he_IL,Regular,2D,,Hebrew,2026-07-26,2026,,,115,All,Rehovot,Hot Cinema,574
14:00,Moana (Live Action),מואנה לייב אקשן,https://tickets.hotcinema.co.il/site/1191/tickets?code=1191-80936&languageid=en_gb,https://tickets.hotcinema.co.il/site/1191/tickets?code=1191-80936&languageid=he_IL,Regular,2D,,Hebrew,2026-07-26,2026,,,115,All,Rehovot,Hot Cinema,574
16:30,Moana (Live Action),מואנה לייב אקשן,https://tickets.hotcinema.co.il/site/1191/tickets?code=1191-80937&languageid=en_gb,https://tickets.hotcinema.co.il/site/1191/tickets?code=1191-80937&languageid=he_IL,Regular,2D,,Hebrew,2026-07-26,2026,,,115,All,Rehovot,Hot Cinema,574
11:00,Minions & Monsters,מיניונים ומפלצות,https://tickets.hotcinema.co.il/site/1191/tickets?code=1191-80947&languageid=en_gb,https://tickets.hotcinema.co.il/site/1191/tickets?code=1191-80947&languageid=he_IL,Regular,2D,,Hebrew,2026-07-26,2026,,,90,All,Rehovot,Hot Cinema,574
13:15,Minions & Monsters,מיניונים ומפלצות,https://tickets.hotcinema.co.il/site/1191/tickets?code=1191-80941&languageid=en_gb,https://tickets.hotcinema.co.il/site/1191/tickets?code=1191-80941&languageid=he_IL,Regular,2D,,Hebrew,2026-07-26,2026,,,90,All,Rehovot,Hot Cinema,574
15:10,Minions & Monsters,מיניונים ומפלצות,https://tickets.hotcinema.co.il/site/1191/tickets?code=1191-80942&languageid=en_gb,https://tickets.hotcinema.co.il/site/1191/tickets?code=1191-80942&languageid=he_IL,Regular,2D,,Hebrew,2026-07-26,2026,,,90,All,Rehovot,Hot Cinema,574
17:20,Minions & Monsters,מיניונים ומפלצות,https://tickets.hotcinema.co.il/site/1191/tickets?code=1191-80943&languageid=en_gb,https://tickets.hotcinema.co.il/site/1191/tickets?code=1191-80943&languageid=he_IL,Regular,2D,,Hebrew,2026-07-26,2026,,,90,All,Rehovot,Hot Cinema,574
13:10,School of Magical Animals,סוד החיות הקסומות 3,https://tickets.hotcinema.co.il/site/1191/tickets?code=1191-80926&languageid=en_gb,https://tickets.hotcinema.co.il/site/1191/tickets?code=1191-80926&languageid=he_IL,Regular,2D,,Hebrew,2026-07-26,2024,,,105,All,Rehovot,Hot Cinema,574
15:30,School of Magical Animals,סוד החיות הקסומות 3,https://tickets.hotcinema.co.il/site/1191/tickets?code=1191-80924&languageid=en_gb,https://tickets.hotcinema.co.il/site/1191/tickets?code=1191-80924&languageid=he_IL,Regular,2D,,Hebrew,2026-07-26,2024,,,105,All,Rehovot,Hot Cinema,574
10:20,Saltiz,סולטיז הסרט - וולוג ה-100,https://tickets.hotcinema.co.il/site/1191/tickets?code=1191-80961&languageid=en_gb,https://tickets.hotcinema.co.il/site/1191/tickets?code=1191-80961&languageid=he_IL,Regular,2D,,,2026-07-26,2026,,,100,All,Rehovot,Hot Cinema,574
12:30,Saltiz,סולטיז הסרט - וולוג ה-100,https://tickets.hotcinema.co.il/site/1191/tickets?code=1191-80960&languageid=en_gb,https://tickets.hotcinema.co.il/site/1191/tickets?code=1191-80960&languageid=he_IL,Regular,2D,,,2026-07-26,2026,,,100,All,Rehovot,Hot Cinema,574
14:45,Saltiz,סולטיז הסרט - וולוג ה-100,https://tickets.hotcinema.co.il/site/1191/tickets?code=1191-80959&languageid=en_gb,https://tickets.hotcinema.co.il/site/1191/tickets?code=1191-80959&languageid=he_IL,Regular,2D,,,2026-07-26,2026,,,100,All,Rehovot,Hot Cinema,574
15:30,Saltiz,סולטיז הסרט - וולוג ה-100,https://tickets.hotcinema.co.il/site/1191/tickets?code=1191-80957&languageid=en_gb,https://tickets.hotcinema.co.il/site/1191/tickets?code=1191-80957&languageid=he_IL,Regular,2D,,,2026-07-26,2026,,,100,All,Rehovot,Hot Cinema,574
17:00,Saltiz,סולטיז הסרט - וולוג ה-100,https://tickets.hotcinema.co.il/site/1191/tickets?code=1191-80958&languageid=en_gb,https://tickets.hotcinema.co.il/site/1191/tickets?code=1191-80958&languageid=he_IL,Regular,2D,,,2026-07-26,2026,,,100,All,Rehovot,Hot Cinema,574
18:00,Saltiz,סולטיז הסרט - וולוג ה-100,https://tickets.hotcinema.co.il/site/1191/tickets?code=1191-80956&languageid=en_gb,https://tickets.hotcinema.co.il/site/1191/tickets?code=1191-80956&languageid=he_IL,Regular,2D,,,2026-07-26,2026,,,100,All,Rehovot,Hot Cinema,574
19:15,Saltiz,סולטיז הסרט - וולוג ה-100,https://tickets.hotcinema.co.il/site/1191/tickets?code=1191-80962&languageid=en_gb,https://tickets.hotcinema.co.il/site/1191/tickets?code=1191-80962&languageid=he_IL,Regular,2D,,,2026-07-26,2026,,,100,All,Rehovot,Hot Cinema,574
11:15,Three Wishes for Cinderella,סינדרלה ושלוש המשאלות,https://tickets.hotcinema.co.il/site/1191/tickets?code=1191-80929&languageid=en_gb,https://tickets.hotcinema.co.il/site/1191/tickets?code=1191-80929&languageid=he_IL,Regular,2D,,Hebrew,2026-07-26,2026,,,85,All,Rehovot,Hot Cinema,574
17:50,Three Wishes for Cinderella,סינדרלה ושלוש המשאלות,https://tickets.hotcinema.co.il/site/1191/tickets?code=1191-80930&languageid=en_gb,https://tickets.hotcinema.co.il/site/1191/tickets?code=1191-80930&languageid=he_IL,Regular,2D,,Hebrew,2026-07-26,2026,,,85,All,Rehovot,Hot Cinema,574
11:00,Toy Story 5,צעצוע של סיפור 5,https://tickets.hotcinema.co.il/site/1191/tickets?code=1191-80951&languageid=en_gb,https://tickets.hotcinema.co.il/site/1191/tickets?code=1191-80951&languageid=he_IL,Regular,2D,,Hebrew,2026-07-26,2026,,,102,All,Rehovot,Hot Cinema,574
13:15,Toy Story 5,צעצוע של סיפור 5,https://tickets.hotcinema.co.il/site/1191/tickets?code=1191-80927&languageid=en_gb,https://tickets.hotcinema.co.il/site/1191/tickets?code=1191-80927&languageid=he_IL,Regular,2D,,Hebrew,2026-07-26,2026,,,102,All,Rehovot,Hot Cinema,574
15:30,Toy Story 5,צעצוע של סיפור 5,https://tickets.hotcinema.co.il/site/1191/tickets?code=1191-80966&languageid=en_gb,https://tickets.hotcinema.co.il/site/1191/tickets?code=1191-80966&languageid=he_IL,Regular,2D,,Hebrew,2026-07-26,2026,,,102,All,Rehovot,Hot Cinema,574
17:45,Toy Story 5,צעצוע של סיפור 5,https://tickets.hotcinema.co.il/site/1191/tickets?code=1191-80928&languageid=en_gb,https://tickets.hotcinema.co.il/site/1191/tickets?code=1191-80928&languageid=he_IL,Regular,2D,,Hebrew,2026-07-26,2026,,,102,All,Rehovot,Hot Cinema,574
20:00,Toy Story 5,צעצוע של סיפור 5,https://tickets.hotcinema.co.il/site/1191/tickets?code=1191-80964&languageid=en_gb,https://tickets.hotcinema.co.il/site/1191/tickets?code=1191-80964&languageid=he_IL,Regular,2D,,Hebrew,2026-07-26,2026,,,102,All,Rehovot,Hot Cinema,574
10:50,קופה ראשית: הסרט,קופה ראשית: הסרט,https://tickets.hotcinema.co.il/site/1191/tickets?code=1191-80949&languageid=en_gb,https://tickets.hotcinema.co.il/site/1191/tickets?code=1191-80949&languageid=he_IL,Regular,2D,,,2026-07-26,2026,,,91,All,Rehovot,Hot Cinema,574
13:00,קופה ראשית: הסרט,קופה ראשית: הסרט,https://tickets.hotcinema.co.il/site/1191/tickets?code=1191-80948&languageid=en_gb,https://tickets.hotcinema.co.il/site/1191/tickets?code=1191-80948&languageid=he_IL,Regular,2D,,,2026-07-26,2026,,,91,All,Rehovot,Hot Cinema,574
14:30,קופה ראשית: הסרט,קופה ראשית: הסרט,https://tickets.hotcinema.co.il/site/1191/tickets?code=1191-80923&languageid=en_gb,https://tickets.hotcinema.co.il/site/1191/tickets?code=1191-80923&languageid=he_IL,Regular,2D,,,2026-07-26,2026,,,91,All,Rehovot,Hot Cinema,574
16:40,קופה ראשית: הסרט,קופה ראשית: הסרט,https://tickets.hotcinema.co.il/site/1191/tickets?code=1191-80938&languageid=en_gb,https://tickets.hotcinema.co.il/site/1191/tickets?code=1191-80938&languageid=he_IL,Regular,2D,,,2026-07-26,2026,,,91,All,Rehovot,Hot Cinema,574
19:00,קופה ראשית: הסרט,קופה ראשית: הסרט,https://tickets.hotcinema.co.il/site/1191/tickets?code=1191-80950&languageid=en_gb,https://tickets.hotcinema.co.il/site/1191/tickets?code=1191-80950&languageid=he_IL,Regular,2D,,,2026-07-26,2026,,,91,All,Rehovot,Hot Cinema,574
19:40,קופה ראשית: הסרט,קופה ראשית: הסרט,https://tickets.hotcinema.co.il/site/1191/tickets?code=1191-80940&languageid=en_gb,https://tickets.hotcinema.co.il/site/1191/tickets?code=1191-80940&languageid=he_IL,Regular,2D,,,2026-07-26,2026,,,91,All,Rehovot,Hot Cinema,574
21:15,קופה ראשית: הסרט,קופה ראשית: הסרט,https://tickets.hotcinema.co.il/site/1191/tickets?code=1191-80955&languageid=en_gb,https://tickets.hotcinema.co.il/site/1191/tickets?code=1191-80955&languageid=he_IL,Regular,2D,,,2026-07-26,2026,,,91,All,Rehovot,Hot Cinema,574
21:50,קופה ראשית: הסרט,קופה ראשית: הסרט,https://tickets.hotcinema.co.il/site/1191/tickets?code=1191-80939&languageid=en_gb,https://tickets.hotcinema.co.il/site/1191/tickets?code=1191-80939&languageid=he_IL,Regular,2D,,,2026-07-26,2026,,,91,All,Rehovot,Hot Cinema,574
22:40,קופה ראשית: הסרט,קופה ראשית: הסרט,https://tickets.hotcinema.co.il/site/1191/tickets?code=1191-80954&languageid=en_gb,https://tickets.hotcinema.co.il/site/1191/tickets?code=1191-80954&languageid=he_IL,Regular,2D,,,2026-07-26,2026,,,91,All,Rehovot,Hot Cinema,574
19:50,Dream High,תיכון מגשימים,https://tickets.hotcinema.co.il/site/1191/tickets?code=1191-80963&languageid=en_gb,https://tickets.hotcinema.co.il/site/1191/tickets?code=1191-80963&languageid=he_IL,Regular,2D,,,2026-07-26,2026,,,100,12+,Rehovot,Hot Cinema,574
22:25,Obsession,אובססיה,https://tickets.hotcinema.co.il/site/1191/tickets?code=1191-80810&languageid=en_gb,https://tickets.hotcinema.co.il/site/1191/tickets?code=1191-80810&languageid=he_IL,Regular,2D,,,2026-07-27,2026,,,108,14+,Rehovot,Hot Cinema,574
19:10,Welcome To The Jungle,ברוכים הבאים לג'ונגל,https://tickets.hotcinema.co.il/site/1191/tickets?code=1191-80843&languageid=en_gb,https://tickets.hotcinema.co.il/site/1191/tickets?code=1191-80843&languageid=he_IL,Regular,2D,,,2026-07-27,2026,,,170,All,Rehovot,Hot Cinema,574
15:20,The Odyssey,האודיסאה,https://tickets.hotcinema.co.il/site/1191/tickets?code=1191-80819&languageid=en_gb,https://tickets.hotcinema.co.il/site/1191/tickets?code=1191-80819&languageid=he_IL,Regular,2D,,,2026-07-27,2026,,,172,14+,Rehovot,Hot Cinema,574
19:00,The Odyssey,האודיסאה,https://tickets.hotcinema.co.il/site/1191/tickets?code=1191-80824&languageid=en_gb,https://tickets.hotcinema.co.il/site/1191/tickets?code=1191-80824&languageid=he_IL,Regular,2D,,,2026-07-27,2026,,,172,14+,Rehovot,Hot Cinema,574
20:20,The Odyssey,האודיסאה,https://tickets.hotcinema.co.il/site/1191/tickets?code=1191-80821&languageid=en_gb,https://tickets.hotcinema.co.il/site/1191/tickets?code=1191-80821&languageid=he_IL,Regular,2D,,,2026-07-27,2026,,,172,14+,Rehovot,Hot Cinema,574
21:15,The Odyssey,האודיסאה,https://tickets.hotcinema.co.il/site/1191/tickets?code=1191-80820&languageid=en_gb,https://tickets.hotcinema.co.il/site/1191/tickets?code=1191-80820&languageid=he_IL,Regular,2D,,,2026-07-27,2026,,,172,14+,Rehovot,Hot Cinema,574
22:00,The Odyssey,האודיסאה,https://tickets.hotcinema.co.il/site/1191/tickets?code=1191-80827&languageid=en_gb,https://tickets.hotcinema.co.il/site/1191/tickets?code=1191-80827&languageid=he_IL,Regular,2D,,,2026-07-27,2026,,,172,14+,Rehovot,Hot Cinema,574
19:50,American Hina,חינה אמריקאית,https://tickets.hotcinema.co.il/site/1191/tickets?code=1191-80839&languageid=en_gb,https://tickets.hotcinema.co.il/site/1191/tickets?code=1191-80839&languageid=he_IL,Regular,2D,,,2026-07-27,2026,,,100,All,Rehovot,Hot Cinema,574
11:20,Tafiti: Across the Desert,טפיטי: הרפתקה במדבר,https://tickets.hotcinema.co.il/site/1191/tickets?code=1191-80802&languageid=en_gb,https://tickets.hotcinema.co.il/site/1191/tickets?code=1191-80802&languageid=he_IL,Regular,2D,,,2026-07-27,,,,81,הגבלת גיל: עד גיל 8 בליווי מבוגר,Rehovot,Hot Cinema,574
13:20,Tafiti: Across the Desert,טפיטי: הרפתקה במדבר,https://tickets.hotcinema.co.il/site/1191/tickets?code=1191-80828&languageid=en_gb,https://tickets.hotcinema.co.il/site/1191/tickets?code=1191-80828&languageid=he_IL,Regular,2D,,,2026-07-27,,,,81,הגבלת גיל: עד גיל 8 בליווי מבוגר,Rehovot,Hot Cinema,574
19:30,כי את מכוערת,כי את מכוערת,https://tickets.hotcinema.co.il/site/1191/tickets?code=1191-80844&languageid=en_gb,https://tickets.hotcinema.co.il/site/1191/tickets?code=1191-80844&languageid=he_IL,Regular,2D,,,2026-07-27,2025,,,83,12+,Rehovot,Hot Cinema,574
16:00,MASHA and THE BEAR – WONDER PARK,מאשה והדוב – ההרפתקה הגדולה,https://tickets.hotcinema.co.il/site/1191/tickets?code=1191-80838&languageid=en_gb,https://tickets.hotcinema.co.il/site/1191/tickets?code=1191-80838&languageid=he_IL,Regular,2D,,Hebrew,2026-07-27,2026,,,73,All,Rehovot,Hot Cinema,574
20:50,Moana (Live Action),מואנה לייב אקשן,https://tickets.hotcinema.co.il/site/1191/tickets?code=1191-80809&languageid=en_gb,https://tickets.hotcinema.co.il/site/1191/tickets?code=1191-80809&languageid=he_IL,Regular,2D,,,2026-07-27,2026,,,115,All,Rehovot,Hot Cinema,574
11:30,Moana (Live Action),מואנה לייב אקשן,https://tickets.hotcinema.co.il/site/1191/tickets?code=1191-80811&languageid=en_gb,https://tickets.hotcinema.co.il/site/1191/tickets?code=1191-80811&languageid=he_IL,Regular,2D,,Hebrew,2026-07-27,2026,,,115,All,Rehovot,Hot Cinema,574
14:00,Moana (Live Action),מואנה לייב אקשן,https://tickets.hotcinema.co.il/site/1191/tickets?code=1191-80812&languageid=en_gb,https://tickets.hotcinema.co.il/site/1191/tickets?code=1191-80812&languageid=he_IL,Regular,2D,,Hebrew,2026-07-27,2026,,,115,All,Rehovot,Hot Cinema,574
16:30,Moana (Live Action),מואנה לייב אקשן,https://tickets.hotcinema.co.il/site/1191/tickets?code=1191-80813&languageid=en_gb,https://tickets.hotcinema.co.il/site/1191/tickets?code=1191-80813&languageid=he_IL,Regular,2D,,Hebrew,2026-07-27,2026,,,115,All,Rehovot,Hot Cinema,574
11:00,Minions & Monsters,מיניונים ומפלצות,https://tickets.hotcinema.co.il/site/1191/tickets?code=1191-80822&languageid=en_gb,https://tickets.hotcinema.co.il/site/1191/tickets?code=1191-80822&languageid=he_IL,Regular,2D,,Hebrew,2026-07-27,2026,,,90,All,Rehovot,Hot Cinema,574
13:15,Minions & Monsters,מיניונים ומפלצות,https://tickets.hotcinema.co.il/site/1191/tickets?code=1191-80816&languageid=en_gb,https://tickets.hotcinema.co.il/site/1191/tickets?code=1191-80816&languageid=he_IL,Regular,2D,,Hebrew,2026-07-27,2026,,,90,All,Rehovot,Hot Cinema,574
15:10,Minions & Monsters,מיניונים ומפלצות,https://tickets.hotcinema.co.il/site/1191/tickets?code=1191-80817&languageid=en_gb,https://tickets.hotcinema.co.il/site/1191/tickets?code=1191-80817&languageid=he_IL,Regular,2D,,Hebrew,2026-07-27,2026,,,90,All,Rehovot,Hot Cinema,574
17:20,Minions & Monsters,מיניונים ומפלצות,https://tickets.hotcinema.co.il/site/1191/tickets?code=1191-80818&languageid=en_gb,https://tickets.hotcinema.co.il/site/1191/tickets?code=1191-80818&languageid=he_IL,Regular,2D,,Hebrew,2026-07-27,2026,,,90,All,Rehovot,Hot Cinema,574
13:40,School of Magical Animals,סוד החיות הקסומות 3,https://tickets.hotcinema.co.il/site/1191/tickets?code=1191-80803&languageid=en_gb,https://tickets.hotcinema.co.il/site/1191/tickets?code=1191-80803&languageid=he_IL,Regular,2D,,Hebrew,2026-07-27,2024,,,105,All,Rehovot,Hot Cinema,574
15:30,School of Magical Animals,סוד החיות הקסומות 3,https://tickets.hotcinema.co.il/site/1191/tickets?code=1191-80801&languageid=en_gb,https://tickets.hotcinema.co.il/site/1191/tickets?code=1191-80801&languageid=he_IL,Regular,2D,,Hebrew,2026-07-27,2024,,,105,All,Rehovot,Hot Cinema,574
10:20,Saltiz,סולטיז הסרט - וולוג ה-100,https://tickets.hotcinema.co.il/site/1191/tickets?code=1191-80835&languageid=en_gb,https://tickets.hotcinema.co.il/site/1191/tickets?code=1191-80835&languageid=he_IL,Regular,2D,,,2026-07-27,2026,,,100,All,Rehovot,Hot Cinema,574
12:30,Saltiz,סולטיז הסרט - וולוג ה-100,https://tickets.hotcinema.co.il/site/1191/tickets?code=1191-80834&languageid=en_gb,https://tickets.hotcinema.co.il/site/1191/tickets?code=1191-80834&languageid=he_IL,Regular,2D,,,2026-07-27,2026,,,100,All,Rehovot,Hot Cinema,574
14:45,Saltiz,סולטיז הסרט - וולוג ה-100,https://tickets.hotcinema.co.il/site/1191/tickets?code=1191-80833&languageid=en_gb,https://tickets.hotcinema.co.il/site/1191/tickets?code=1191-80833&languageid=he_IL,Regular,2D,,,2026-07-27,2026,,,100,All,Rehovot,Hot Cinema,574
15:30,Saltiz,סולטיז הסרט - וולוג ה-100,https://tickets.hotcinema.co.il/site/1191/tickets?code=1191-80831&languageid=en_gb,https://tickets.hotcinema.co.il/site/1191/tickets?code=1191-80831&languageid=he_IL,Regular,2D,,,2026-07-27,2026,,,100,All,Rehovot,Hot Cinema,574
17:00,Saltiz,סולטיז הסרט - וולוג ה-100,https://tickets.hotcinema.co.il/site/1191/tickets?code=1191-80832&languageid=en_gb,https://tickets.hotcinema.co.il/site/1191/tickets?code=1191-80832&languageid=he_IL,Regular,2D,,,2026-07-27,2026,,,100,All,Rehovot,Hot Cinema,574
18:00,Saltiz,סולטיז הסרט - וולוג ה-100,https://tickets.hotcinema.co.il/site/1191/tickets?code=1191-80830&languageid=en_gb,https://tickets.hotcinema.co.il/site/1191/tickets?code=1191-80830&languageid=he_IL,Regular,2D,,,2026-07-27,2026,,,100,All,Rehovot,Hot Cinema,574
22:30,Supergirl,סופר גירל,https://tickets.hotcinema.co.il/site/1191/tickets?code=1191-80840&languageid=en_gb,https://tickets.hotcinema.co.il/site/1191/tickets?code=1191-80840&languageid=he_IL,Regular,2D,,,2026-07-27,2026,,,107,All,Rehovot,Hot Cinema,574
10:40,Super Mario Galaxy,סופר מריו גלקסי הסרט,https://tickets.hotcinema.co.il/site/1191/tickets?code=1191-80841&languageid=en_gb,https://tickets.hotcinema.co.il/site/1191/tickets?code=1191-80841&languageid=he_IL,Regular,2D,,Hebrew,2026-07-27,2026,,,100,All,Rehovot,Hot Cinema,574
11:40,Three Wishes for Cinderella,סינדרלה ושלוש המשאלות,https://tickets.hotcinema.co.il/site/1191/tickets?code=1191-80806&languageid=en_gb,https://tickets.hotcinema.co.il/site/1191/tickets?code=1191-80806&languageid=he_IL,Regular,2D,,Hebrew,2026-07-27,2026,,,85,All,Rehovot,Hot Cinema,574
11:00,Toy Story 5,צעצוע של סיפור 5,https://tickets.hotcinema.co.il/site/1191/tickets?code=1191-80826&languageid=en_gb,https://tickets.hotcinema.co.il/site/1191/tickets?code=1191-80826&languageid=he_IL,Regular,2D,,Hebrew,2026-07-27,2026,,,102,All,Rehovot,Hot Cinema,574
13:15,Toy Story 5,צעצוע של סיפור 5,https://tickets.hotcinema.co.il/site/1191/tickets?code=1191-80804&languageid=en_gb,https://tickets.hotcinema.co.il/site/1191/tickets?code=1191-80804&languageid=he_IL,Regular,2D,,Hebrew,2026-07-27,2026,,,102,All,Rehovot,Hot Cinema,574
17:45,Toy Story 5,צעצוע של סיפור 5,https://tickets.hotcinema.co.il/site/1191/tickets?code=1191-80805&languageid=en_gb,https://tickets.hotcinema.co.il/site/1191/tickets?code=1191-80805&languageid=he_IL,Regular,2D,,Hebrew,2026-07-27,2026,,,102,All,Rehovot,Hot Cinema,574
20:00,Toy Story 5,צעצוע של סיפור 5,https://tickets.hotcinema.co.il/site/1191/tickets?code=1191-80837&languageid=en_gb,https://tickets.hotcinema.co.il/site/1191/tickets?code=1191-80837&languageid=he_IL,Regular,2D,,Hebrew,2026-07-27,2026,,,102,All,Rehovot,Hot Cinema,574
13:00,קופה ראשית: הסרט,קופה ראשית: הסרט,https://tickets.hotcinema.co.il/site/1191/tickets?code=1191-80823&languageid=en_gb,https://tickets.hotcinema.co.il/site/1191/tickets?code=1191-80823&languageid=he_IL,Regular,2D,,,2026-07-27,2026,,,91,All,Rehovot,Hot Cinema,574
14:30,קופה ראשית: הסרט,קופה ראשית: הסרט,https://tickets.hotcinema.co.il/site/1191/tickets?code=1191-80800&languageid=en_gb,https://tickets.hotcinema.co.il/site/1191/tickets?code=1191-80800&languageid=he_IL,Regular,2D,,,2026-07-27,2026,,,91,All,Rehovot,Hot Cinema,574
16:40,קופה ראשית: הסרט,קופה ראשית: הסרט,https://tickets.hotcinema.co.il/site/1191/tickets?code=1191-80814&languageid=en_gb,https://tickets.hotcinema.co.il/site/1191/tickets?code=1191-80814&languageid=he_IL,Regular,2D,,,2026-07-27,2026,,,91,All,Rehovot,Hot Cinema,574
19:00,קופה ראשית: הסרט,קופה ראשית: הסרט,https://tickets.hotcinema.co.il/site/1191/tickets?code=1191-80825&languageid=en_gb,https://tickets.hotcinema.co.il/site/1191/tickets?code=1191-80825&languageid=he_IL,Regular,2D,,,2026-07-27,2026,,,91,All,Rehovot,Hot Cinema,574
21:30,קופה ראשית: הסרט,קופה ראשית: הסרט,https://tickets.hotcinema.co.il/site/1191/tickets?code=1191-80815&languageid=en_gb,https://tickets.hotcinema.co.il/site/1191/tickets?code=1191-80815&languageid=he_IL,Regular,2D,,,2026-07-27,2026,,,91,All,Rehovot,Hot Cinema,574
22:40,קופה ראשית: הסרט,קופה ראשית: הסרט,https://tickets.hotcinema.co.il/site/1191/tickets?code=1191-80829&languageid=en_gb,https://tickets.hotcinema.co.il/site/1191/tickets?code=1191-80829&languageid=he_IL,Regular,2D,,,2026-07-27,2026,,,91,All,Rehovot,Hot Cinema,574
17:40,Dream High,תיכון מגשימים,https://tickets.hotcinema.co.il/site/1191/tickets?code=1191-80836&languageid=en_gb,https://tickets.hotcinema.co.il/site/1191/tickets?code=1191-80836&languageid=he_IL,Regular,2D,,,2026-07-27,2026,,,100,12+,Rehovot,Hot Cinema,574
22:40,Obsession,אובססיה,https://tickets.hotcinema.co.il/site/1191/tickets?code=1191-80972&languageid=en_gb,https://tickets.hotcinema.co.il/site/1191/tickets?code=1191-80972&languageid=he_IL,Regular,2D,,,2026-07-28,2026,,,108,14+,Rehovot,Hot Cinema,574
21:40,Just an Illusion,אשליות מתוקות,https://tickets.hotcinema.co.il/site/1191/tickets?code=1191-81006&languageid=en_gb,https://tickets.hotcinema.co.il/site/1191/tickets?code=1191-81006&languageid=he_IL,Regular,2D,,,2026-07-28,2026,,,116,All,Rehovot,Hot Cinema,574
12:50,The Odyssey,האודיסאה,https://tickets.hotcinema.co.il/site/1191/tickets?code=1191-80993&languageid=en_gb,https://tickets.hotcinema.co.il/site/1191/tickets?code=1191-80993&languageid=he_IL,Regular,2D,,,2026-07-28,2026,,,172,14+,Rehovot,Hot Cinema,574
15:20,The Odyssey,האודיסאה,https://tickets.hotcinema.co.il/site/1191/tickets?code=1191-80980&languageid=en_gb,https://tickets.hotcinema.co.il/site/1191/tickets?code=1191-80980&languageid=he_IL,Regular,2D,,,2026-07-28,2026,,,172,14+,Rehovot,Hot Cinema,574
16:30,The Odyssey,האודיסאה,https://tickets.hotcinema.co.il/site/1191/tickets?code=1191-80992&languageid=en_gb,https://tickets.hotcinema.co.il/site/1191/tickets?code=1191-80992&languageid=he_IL,Regular,2D,,,2026-07-28,2026,,,172,14+,Rehovot,Hot Cinema,574
19:00,The Odyssey,האודיסאה,https://tickets.hotcinema.co.il/site/1191/tickets?code=1191-80984&languageid=en_gb,https://tickets.hotcinema.co.il/site/1191/tickets?code=1191-80984&languageid=he_IL,Regular,2D,,,2026-07-28,2026,,,172,14+,Rehovot,Hot Cinema,574
20:20,The Odyssey,האודיסאה,https://tickets.hotcinema.co.il/site/1191/tickets?code=1191-80982&languageid=en_gb,https://tickets.hotcinema.co.il/site/1191/tickets?code=1191-80982&languageid=he_IL,Regular,2D,,,2026-07-28,2026,,,172,14+,Rehovot,Hot Cinema,574
21:30,The Odyssey,האודיסאה,https://tickets.hotcinema.co.il/site/1191/tickets?code=1191-80981&languageid=en_gb,https://tickets.hotcinema.co.il/site/1191/tickets?code=1191-80981&languageid=he_IL,Regular,2D,,,2026-07-28,2026,,,172,14+,Rehovot,Hot Cinema,574
22:00,The Odyssey,האודיסאה,https://tickets.hotcinema.co.il/site/1191/tickets?code=1191-80985&languageid=en_gb,https://tickets.hotcinema.co.il/site/1191/tickets?code=1191-80985&languageid=he_IL,Regular,2D,,,2026-07-28,2026,,,172,14+,Rehovot,Hot Cinema,574
19:50,American Hina,חינה אמריקאית,https://tickets.hotcinema.co.il/site/1191/tickets?code=1191-80971&languageid=en_gb,https://tickets.hotcinema.co.il/site/1191/tickets?code=1191-80971&languageid=he_IL,Regular,2D,,,2026-07-28,2026,,,100,All,Rehovot,Hot Cinema,574
13:20,Tafiti: Across the Desert,טפיטי: הרפתקה במדבר,https://tickets.hotcinema.co.il/site/1191/tickets?code=1191-80986&languageid=en_gb,https://tickets.hotcinema.co.il/site/1191/tickets?code=1191-80986&languageid=he_IL,Regular,2D,,,2026-07-28,,,,81,הגבלת גיל: עד גיל 8 בליווי מבוגר,Rehovot,Hot Cinema,574
22:20,One night only,"טרום בכורה בט""ו באב - לגמור את הלילה",https://tickets.hotcinema.co.il/site/1191/tickets?code=1191-81001&languageid=en_gb,https://tickets.hotcinema.co.il/site/1191/tickets?code=1191-81001&languageid=he_IL,Regular,2D,,,2026-07-28,2026,,,102,14+,Rehovot,Hot Cinema,574
13:00,Diamonds,יהלומים,https://tickets.hotcinema.co.il/site/1191/tickets?code=1191-81000&languageid=en_gb,https://tickets.hotcinema.co.il/site/1191/tickets?code=1191-81000&languageid=he_IL,Regular,2D,,,2026-07-28,2024,,,135,All,Rehovot,Hot Cinema,574
17:30,כי את מכוערת,כי את מכוערת,https://tickets.hotcinema.co.il/site/1191/tickets?code=1191-81004&languageid=en_gb,https://tickets.hotcinema.co.il/site/1191/tickets?code=1191-81004&languageid=he_IL,Regular,2D,,,2026-07-28,2025,,,83,12+,Rehovot,Hot Cinema,574
19:15,For the Love of a Woman,כימים אחדים,https://tickets.hotcinema.co.il/site/1191/tickets?code=1191-81003&languageid=en_gb,https://tickets.hotcinema.co.il/site/1191/tickets?code=1191-81003&languageid=he_IL,Regular,2D,,,2026-07-28,2025,,,117,הגבלת גיל: הותר מגיל 9,Rehovot,Hot Cinema,574
10:30,מאמא,מאמא,https://tickets.hotcinema.co.il/site/1191/tickets?code=1191-81098&languageid=en_gb,https://tickets.hotcinema.co.il/site/1191/tickets?code=1191-81098&languageid=he_IL,Regular,2D,,,2026-07-28,2026,,,92,12+,Rehovot,Hot Cinema,574
12:35,מאמא,מאמא,https://tickets.hotcinema.co.il/site/1191/tickets?code=1191-81097&languageid=en_gb,https://tickets.hotcinema.co.il/site/1191/tickets?code=1191-81097&languageid=he_IL,Regular,2D,,,2026-07-28,2026,,,92,12+,Rehovot,Hot Cinema,574
14:40,מאמא,מאמא,https://tickets.hotcinema.co.il/site/1191/tickets?code=1191-80999&languageid=en_gb,https://tickets.hotcinema.co.il/site/1191/tickets?code=1191-80999&languageid=he_IL,Regular,2D,,,2026-07-28,2026,,,92,12+,Rehovot,Hot Cinema,574
19:25,מאמא,מאמא,https://tickets.hotcinema.co.il/site/1191/tickets?code=1191-80998&languageid=en_gb,https://tickets.hotcinema.co.il/site/1191/tickets?code=1191-80998&languageid=he_IL,Regular,2D,,,2026-07-28,2026,,,92,12+,Rehovot,Hot Cinema,574
18:05,The ties that bind us,מה שמחבר בינינו,https://tickets.hotcinema.co.il/site/1191/tickets?code=1191-80995&languageid=en_gb,https://tickets.hotcinema.co.il/site/1191/tickets?code=1191-80995&languageid=he_IL,Regular,2D,,,2026-07-28,2024,,,106,All,Rehovot,Hot Cinema,574
16:50,Moana (Live Action),מואנה לייב אקשן,https://tickets.hotcinema.co.il/site/1191/tickets?code=1191-80974&languageid=en_gb,https://tickets.hotcinema.co.il/site/1191/tickets?code=1191-80974&languageid=he_IL,Regular,2D,,Hebrew,2026-07-28,2026,,,115,All,Rehovot,Hot Cinema,574
10:40,Minions & Monsters,מיניונים ומפלצות,https://tickets.hotcinema.co.il/site/1191/tickets?code=1191-80983&languageid=en_gb,https://tickets.hotcinema.co.il/site/1191/tickets?code=1191-80983&languageid=he_IL,Regular,2D,,Hebrew,2026-07-28,2026,,,90,All,Rehovot,Hot Cinema,574
13:00,Minions & Monsters,מיניונים ומפלצות,https://tickets.hotcinema.co.il/site/1191/tickets?code=1191-80978&languageid=en_gb,https://tickets.hotcinema.co.il/site/1191/tickets?code=1191-80978&languageid=he_IL,Regular,2D,,Hebrew,2026-07-28,2026,,,90,All,Rehovot,Hot Cinema,574
15:10,Minions & Monsters,מיניונים ומפלצות,https://tickets.hotcinema.co.il/site/1191/tickets?code=1191-80979&languageid=en_gb,https://tickets.hotcinema.co.il/site/1191/tickets?code=1191-80979&languageid=he_IL,Regular,2D,,Hebrew,2026-07-28,2026,,,90,All,Rehovot,Hot Cinema,574
10:45,School of Magical Animals,סוד החיות הקסומות 3,https://tickets.hotcinema.co.il/site/1191/tickets?code=1191-81010&languageid=en_gb,https://tickets.hotcinema.co.il/site/1191/tickets?code=1191-81010&languageid=he_IL,Regular,2D,,Hebrew,2026-07-28,2024,,,105,All,Rehovot,Hot Cinema,574
15:30,School of Magical Animals,סוד החיות הקסומות 3,https://tickets.hotcinema.co.il/site/1191/tickets?code=1191-81008&languageid=en_gb,https://tickets.hotcinema.co.il/site/1191/tickets?code=1191-81008&languageid=he_IL,Regular,2D,,Hebrew,2026-07-28,2024,,,105,All,Rehovot,Hot Cinema,574
10:20,Saltiz,סולטיז הסרט - וולוג ה-100,https://tickets.hotcinema.co.il/site/1191/tickets?code=1191-80988&languageid=en_gb,https://tickets.hotcinema.co.il/site/1191/tickets?code=1191-80988&languageid=he_IL,Regular,2D,,,2026-07-28,2026,,,100,All,Rehovot,Hot Cinema,574
12:30,Saltiz,סולטיז הסרט - וולוג ה-100,https://tickets.hotcinema.co.il/site/1191/tickets?code=1191-80989&languageid=en_gb,https://tickets.hotcinema.co.il/site/1191/tickets?code=1191-80989&languageid=he_IL,Regular,2D,,,2026-07-28,2026,,,100,All,Rehovot,Hot Cinema,574
14:45,Saltiz,סולטיז הסרט - וולוג ה-100,https://tickets.hotcinema.co.il/site/1191/tickets?code=1191-80990&languageid=en_gb,https://tickets.hotcinema.co.il/site/1191/tickets?code=1191-80990&languageid=he_IL,Regular,2D,,,2026-07-28,2026,,,100,All,Rehovot,Hot Cinema,574
17:00,Saltiz,סולטיז הסרט - וולוג ה-100,https://tickets.hotcinema.co.il/site/1191/tickets?code=1191-80991&languageid=en_gb,https://tickets.hotcinema.co.il/site/1191/tickets?code=1191-80991&languageid=he_IL,Regular,2D,,,2026-07-28,2026,,,100,All,Rehovot,Hot Cinema,574
15:45,Three Wishes for Cinderella,סינדרלה ושלוש המשאלות,https://tickets.hotcinema.co.il/site/1191/tickets?code=1191-80967&languageid=en_gb,https://tickets.hotcinema.co.il/site/1191/tickets?code=1191-80967&languageid=he_IL,Regular,2D,,Hebrew,2026-07-28,2026,,,85,All,Rehovot,Hot Cinema,574
10:30,Sentimental Value,ערך סנטימנטלי,https://tickets.hotcinema.co.il/site/1191/tickets?code=1191-80997&languageid=en_gb,https://tickets.hotcinema.co.il/site/1191/tickets?code=1191-80997&languageid=he_IL,Regular,2D,,,2026-07-28,2025,,,132,All,Rehovot,Hot Cinema,574
20:00,Sentimental Value,ערך סנטימנטלי,https://tickets.hotcinema.co.il/site/1191/tickets?code=1191-80996&languageid=en_gb,https://tickets.hotcinema.co.il/site/1191/tickets?code=1191-80996&languageid=he_IL,Regular,2D,,,2026-07-28,2025,,,132,All,Rehovot,Hot Cinema,574
10:40,Colours of Time,צבעי הזמן,https://tickets.hotcinema.co.il/site/1191/tickets?code=1191-81002&languageid=en_gb,https://tickets.hotcinema.co.il/site/1191/tickets?code=1191-81002&languageid=he_IL,Regular,2D,,,2026-07-28,2026,,,124,All,Rehovot,Hot Cinema,574
13:15,Toy Story 5,צעצוע של סיפור 5,https://tickets.hotcinema.co.il/site/1191/tickets?code=1191-81011&languageid=en_gb,https://tickets.hotcinema.co.il/site/1191/tickets?code=1191-81011&languageid=he_IL,Regular,2D,,Hebrew,2026-07-28,2026,,,102,All,Rehovot,Hot Cinema,574
17:45,Toy Story 5,צעצוע של סיפור 5,https://tickets.hotcinema.co.il/site/1191/tickets?code=1191-81012&languageid=en_gb,https://tickets.hotcinema.co.il/site/1191/tickets?code=1191-81012&languageid=he_IL,Regular,2D,,Hebrew,2026-07-28,2026,,,102,All,Rehovot,Hot Cinema,574
10:50,קופה ראשית: הסרט,קופה ראשית: הסרט,https://tickets.hotcinema.co.il/site/1191/tickets?code=1191-80994&languageid=en_gb,https://tickets.hotcinema.co.il/site/1191/tickets?code=1191-80994&languageid=he_IL,Regular,2D,,,2026-07-28,2026,,,91,All,Rehovot,Hot Cinema,574
14:05,קופה ראשית: הסרט,קופה ראשית: הסרט,https://tickets.hotcinema.co.il/site/1191/tickets?code=1191-81007&languageid=en_gb,https://tickets.hotcinema.co.il/site/1191/tickets?code=1191-81007&languageid=he_IL,Regular,2D,,,2026-07-28,2026,,,91,All,Rehovot,Hot Cinema,574
16:05,קופה ראשית: הסרט,קופה ראשית: הסרט,https://tickets.hotcinema.co.il/site/1191/tickets?code=1191-80975&languageid=en_gb,https://tickets.hotcinema.co.il/site/1191/tickets?code=1191-80975&languageid=he_IL,Regular,2D,,,2026-07-28,2026,,,91,All,Rehovot,Hot Cinema,574
19:30,קופה ראשית: הסרט,קופה ראשית: הסרט,https://tickets.hotcinema.co.il/site/1191/tickets?code=1191-80977&languageid=en_gb,https://tickets.hotcinema.co.il/site/1191/tickets?code=1191-80977&languageid=he_IL,Regular,2D,,,2026-07-28,2026,,,91,All,Rehovot,Hot Cinema,574
20:20,קופה ראשית: הסרט,קופה ראשית: הסרט,https://tickets.hotcinema.co.il/site/1191/tickets?code=1191-80987&languageid=en_gb,https://tickets.hotcinema.co.il/site/1191/tickets?code=1191-80987&languageid=he_IL,Regular,2D,,,2026-07-28,2026,,,91,All,Rehovot,Hot Cinema,574
21:40,קופה ראשית: הסרט,קופה ראשית: הסרט,https://tickets.hotcinema.co.il/site/1191/tickets?code=1191-80976&languageid=en_gb,https://tickets.hotcinema.co.il/site/1191/tickets?code=1191-80976&languageid=he_IL,Regular,2D,,,2026-07-28,2026,,,91,All,Rehovot,Hot Cinema,574
22:45,קופה ראשית: הסרט,קופה ראשית: הסרט,https://tickets.hotcinema.co.il/site/1191/tickets?code=1191-81005&languageid=en_gb,https://tickets.hotcinema.co.il/site/1191/tickets?code=1191-81005&languageid=he_IL,Regular,2D,,,2026-07-28,2026,,,91,All,Rehovot,Hot Cinema,574
17:40,Dream High,תיכון מגשימים,https://tickets.hotcinema.co.il/site/1191/tickets?code=1191-80968&languageid=en_gb,https://tickets.hotcinema.co.il/site/1191/tickets?code=1191-80968&languageid=he_IL,Regular,2D,,,2026-07-28,2026,,,100,12+,Rehovot,Hot Cinema,574
22:30,Obsession,אובססיה,https://tickets.hotcinema.co.il/site/1191/tickets?code=1191-80893&languageid=en_gb,https://tickets.hotcinema.co.il/site/1191/tickets?code=1191-80893&languageid=he_IL,Regular,2D,,,2026-07-29,2026,,,108,14+,Rehovot,Hot Cinema,574
15:20,The Odyssey,האודיסאה,https://tickets.hotcinema.co.il/site/1191/tickets?code=1191-80901&languageid=en_gb,https://tickets.hotcinema.co.il/site/1191/tickets?code=1191-80901&languageid=he_IL,Regular,2D,,,2026-07-29,2026,,,172,14+,Rehovot,Hot Cinema,574
17:50,The Odyssey,האודיסאה,https://tickets.hotcinema.co.il/site/1191/tickets?code=1191-80902&languageid=en_gb,https://tickets.hotcinema.co.il/site/1191/tickets?code=1191-80902&languageid=he_IL,Regular,2D,,,2026-07-29,2026,,,172,14+,Rehovot,Hot Cinema,574
19:00,The Odyssey,האודיסאה,https://tickets.hotcinema.co.il/site/1191/tickets?code=1191-80903&languageid=en_gb,https://tickets.hotcinema.co.il/site/1191/tickets?code=1191-80903&languageid=he_IL,Regular,2D,,,2026-07-29,2026,,,172,14+,Rehovot,Hot Cinema,574
20:50,The Odyssey,האודיסאה,https://tickets.hotcinema.co.il/site/1191/tickets?code=1191-80904&languageid=en_gb,https://tickets.hotcinema.co.il/site/1191/tickets?code=1191-80904&languageid=he_IL,Regular,2D,,,2026-07-29,2026,,,172,14+,Rehovot,Hot Cinema,574
21:30,The Odyssey,האודיסאה,https://tickets.hotcinema.co.il/site/1191/tickets?code=1191-80908&languageid=en_gb,https://tickets.hotcinema.co.il/site/1191/tickets?code=1191-80908&languageid=he_IL,Regular,2D,,,2026-07-29,2026,,,172,14+,Rehovot,Hot Cinema,574
11:20,Tafiti: Across the Desert,טפיטי: הרפתקה במדבר,https://tickets.hotcinema.co.il/site/1191/tickets?code=1191-80887&languageid=en_gb,https://tickets.hotcinema.co.il/site/1191/tickets?code=1191-80887&languageid=he_IL,Regular,2D,,,2026-07-29,,,,81,הגבלת גיל: עד גיל 8 בליווי מבוגר,Rehovot,Hot Cinema,574
13:20,Tafiti: Across the Desert,טפיטי: הרפתקה במדבר,https://tickets.hotcinema.co.il/site/1191/tickets?code=1191-80905&languageid=en_gb,https://tickets.hotcinema.co.il/site/1191/tickets?code=1191-80905&languageid=he_IL,Regular,2D,,,2026-07-29,,,,81,הגבלת גיל: עד גיל 8 בליווי מבוגר,Rehovot,Hot Cinema,574
19:50,One night only,"טרום בכורה בט""ו באב - לגמור את הלילה",https://tickets.hotcinema.co.il/site/1191/tickets?code=1191-80916&languageid=en_gb,https://tickets.hotcinema.co.il/site/1191/tickets?code=1191-80916&languageid=he_IL,Regular,2D,,,2026-07-29,2026,,,102,14+,Rehovot,Hot Cinema,574
22:10,One night only,"טרום בכורה בט""ו באב - לגמור את הלילה",https://tickets.hotcinema.co.il/site/1191/tickets?code=1191-80917&languageid=en_gb,https://tickets.hotcinema.co.il/site/1191/tickets?code=1191-80917&languageid=he_IL,Regular,2D,,,2026-07-29,2026,,,102,14+,Rehovot,Hot Cinema,574
10:20,Moana (Live Action),מואנה לייב אקשן,https://tickets.hotcinema.co.il/site/1191/tickets?code=1191-80894&languageid=en_gb,https://tickets.hotcinema.co.il/site/1191/tickets?code=1191-80894&languageid=he_IL,Regular,2D,,Hebrew,2026-07-29,2026,,,115,All,Rehovot,Hot Cinema,574
12:50,Moana (Live Action),מואנה לייב אקשן,https://tickets.hotcinema.co.il/site/1191/tickets?code=1191-80895&languageid=en_gb,https://tickets.hotcinema.co.il/site/1191/tickets?code=1191-80895&languageid=he_IL,Regular,2D,,Hebrew,2026-07-29,2026,,,115,All,Rehovot,Hot Cinema,574
15:20,Moana (Live Action),מואנה לייב אקשן,https://tickets.hotcinema.co.il/site/1191/tickets?code=1191-80896&languageid=en_gb,https://tickets.hotcinema.co.il/site/1191/tickets?code=1191-80896&languageid=he_IL,Regular,2D,,Hebrew,2026-07-29,2026,,,115,All,Rehovot,Hot Cinema,574
10:40,Minions & Monsters,מיניונים ומפלצות,https://tickets.hotcinema.co.il/site/1191/tickets?code=1191-80919&languageid=en_gb,https://tickets.hotcinema.co.il/site/1191/tickets?code=1191-80919&languageid=he_IL,Regular,2D,,Hebrew,2026-07-29,2026,,,90,All,Rehovot,Hot Cinema,574
12:50,Minions & Monsters,מיניונים ומפלצות,https://tickets.hotcinema.co.il/site/1191/tickets?code=1191-80918&languageid=en_gb,https://tickets.hotcinema.co.il/site/1191/tickets?code=1191-80918&languageid=he_IL,Regular,2D,,Hebrew,2026-07-29,2026,,,90,All,Rehovot,Hot Cinema,574
15:00,Minions & Monsters,מיניונים ומפלצות,https://tickets.hotcinema.co.il/site/1191/tickets?code=1191-80899&languageid=en_gb,https://tickets.hotcinema.co.il/site/1191/tickets?code=1191-80899&languageid=he_IL,Regular,2D,,Hebrew,2026-07-29,2026,,,90,All,Rehovot,Hot Cinema,574
17:15,Minions & Monsters,מיניונים ומפלצות,https://tickets.hotcinema.co.il/site/1191/tickets?code=1191-80900&languageid=en_gb,https://tickets.hotcinema.co.il/site/1191/tickets?code=1191-80900&languageid=he_IL,Regular,2D,,Hebrew,2026-07-29,2026,,,90,All,Rehovot,Hot Cinema,574
10:30,School of Magical Animals,סוד החיות הקסומות 3,https://tickets.hotcinema.co.il/site/1191/tickets?code=1191-80888&languageid=en_gb,https://tickets.hotcinema.co.il/site/1191/tickets?code=1191-80888&languageid=he_IL,Regular,2D,,Hebrew,2026-07-29,2024,,,105,All,Rehovot,Hot Cinema,574
10:45,Saltiz,סולטיז הסרט - וולוג ה-100,https://tickets.hotcinema.co.il/site/1191/tickets?code=1191-80915&languageid=en_gb,https://tickets.hotcinema.co.il/site/1191/tickets?code=1191-80915&languageid=he_IL,Regular,2D,,,2026-07-29,2026,,,100,All,Rehovot,Hot Cinema,574
13:00,Saltiz,סולטיז הסרט - וולוג ה-100,https://tickets.hotcinema.co.il/site/1191/tickets?code=1191-80914&languageid=en_gb,https://tickets.hotcinema.co.il/site/1191/tickets?code=1191-80914&languageid=he_IL,Regular,2D,,,2026-07-29,2026,,,100,All,Rehovot,Hot Cinema,574
15:15,Saltiz,סולטיז הסרט - וולוג ה-100,https://tickets.hotcinema.co.il/site/1191/tickets?code=1191-80913&languageid=en_gb,https://tickets.hotcinema.co.il/site/1191/tickets?code=1191-80913&languageid=he_IL,Regular,2D,,,2026-07-29,2026,,,100,All,Rehovot,Hot Cinema,574
17:30,Saltiz,סולטיז הסרט - וולוג ה-100,https://tickets.hotcinema.co.il/site/1191/tickets?code=1191-80912&languageid=en_gb,https://tickets.hotcinema.co.il/site/1191/tickets?code=1191-80912&languageid=he_IL,Regular,2D,,,2026-07-29,2026,,,100,All,Rehovot,Hot Cinema,574
12:45,Three Wishes for Cinderella,סינדרלה ושלוש המשאלות,https://tickets.hotcinema.co.il/site/1191/tickets?code=1191-80889&languageid=en_gb,https://tickets.hotcinema.co.il/site/1191/tickets?code=1191-80889&languageid=he_IL,Regular,2D,,Hebrew,2026-07-29,2026,,,85,All,Rehovot,Hot Cinema,574
14:40,Three Wishes for Cinderella,סינדרלה ושלוש המשאלות,https://tickets.hotcinema.co.il/site/1191/tickets?code=1191-80890&languageid=en_gb,https://tickets.hotcinema.co.il/site/1191/tickets?code=1191-80890&languageid=he_IL,Regular,2D,,Hebrew,2026-07-29,2026,,,85,All,Rehovot,Hot Cinema,574
11:50,Spider-Man: Brand new day,ספיידרמן: יום חדש,https://tickets.hotcinema.co.il/site/1191/tickets?code=1191-77683&languageid=en_gb,https://tickets.hotcinema.co.il/site/1191/tickets?code=1191-77683&languageid=he_IL,Regular,2D Atmos,,,2026-07-29,2026,,,145,,Rehovot,Hot Cinema,574
13:50,Spider-Man: Brand new day,ספיידרמן: יום חדש,https://tickets.hotcinema.co.il/site/1191/tickets?code=1191-80911&languageid=en_gb,https://tickets.hotcinema.co.il/site/1191/tickets?code=1191-80911&languageid=he_IL,Regular,2D,,,2026-07-29,2026,,,145,,Rehovot,Hot Cinema,574
15:10,Spider-Man: Brand new day,ספיידרמן: יום חדש,https://tickets.hotcinema.co.il/site/1191/tickets?code=1191-77682&languageid=en_gb,https://tickets.hotcinema.co.il/site/1191/tickets?code=1191-77682&languageid=he_IL,Regular,2D Atmos,,,2026-07-29,2026,,,145,,Rehovot,Hot Cinema,574
16:50,Spider-Man: Brand new day,ספיידרמן: יום חדש,https://tickets.hotcinema.co.il/site/1191/tickets?code=1191-79138&languageid=en_gb,https://tickets.hotcinema.co.il/site/1191/tickets?code=1191-79138&languageid=he_IL,Regular,2D,,,2026-07-29,2026,,,145,,Rehovot,Hot Cinema,574
18:30,Spider-Man: Brand new day,ספיידרמן: יום חדש,https://tickets.hotcinema.co.il/site/1191/tickets?code=1191-77681&languageid=en_gb,https://tickets.hotcinema.co.il/site/1191/tickets?code=1191-77681&languageid=he_IL,Regular,2D Atmos,,,2026-07-29,2026,,,145,,Rehovot,Hot Cinema,574
19:30,Spider-Man: Brand new day,ספיידרמן: יום חדש,https://tickets.hotcinema.co.il/site/1191/tickets?code=1191-80909&languageid=en_gb,https://tickets.hotcinema.co.il/site/1191/tickets?code=1191-80909&languageid=he_IL,Regular,2D,,,2026-07-29,2026,,,145,,Rehovot,Hot Cinema,574
20:00,Spider-Man: Brand new day,ספיידרמן: יום חדש,https://tickets.hotcinema.co.il/site/1191/tickets?code=1191-79137&languageid=en_gb,https://tickets.hotcinema.co.il/site/1191/tickets?code=1191-79137&languageid=he_IL,Regular,2D,,,2026-07-29,2026,,,145,,Rehovot,Hot Cinema,574
21:50,Spider-Man: Brand new day,ספיידרמן: יום חדש,https://tickets.hotcinema.co.il/site/1191/tickets?code=1191-77680&languageid=en_gb,https://tickets.hotcinema.co.il/site/1191/tickets?code=1191-77680&languageid=he_IL,Regular,2D Atmos,,,2026-07-29,2026,,,145,,Rehovot,Hot Cinema,574
22:30,Spider-Man: Brand new day,ספיידרמן: יום חדש,https://tickets.hotcinema.co.il/site/1191/tickets?code=1191-80910&languageid=en_gb,https://tickets.hotcinema.co.il/site/1191/tickets?code=1191-80910&languageid=he_IL,Regular,2D,,,2026-07-29,2026,,,145,,Rehovot,Hot Cinema,574
11:30,Toy Story 5,צעצוע של סיפור 5,https://tickets.hotcinema.co.il/site/1191/tickets?code=1191-80921&languageid=en_gb,https://tickets.hotcinema.co.il/site/1191/tickets?code=1191-80921&languageid=he_IL,Regular,2D,,Hebrew,2026-07-29,2026,,,102,All,Rehovot,Hot Cinema,574
14:10,קופה ראשית: הסרט,קופה ראשית: הסרט,https://tickets.hotcinema.co.il/site/1191/tickets?code=1191-80886&languageid=en_gb,https://tickets.hotcinema.co.il/site/1191/tickets?code=1191-80886&languageid=he_IL,Regular,2D,,,2026-07-29,2026,,,91,All,Rehovot,Hot Cinema,574
16:20,קופה ראשית: הסרט,קופה ראשית: הסרט,https://tickets.hotcinema.co.il/site/1191/tickets?code=1191-80897&languageid=en_gb,https://tickets.hotcinema.co.il/site/1191/tickets?code=1191-80897&languageid=he_IL,Regular,2D,,,2026-07-29,2026,,,91,All,Rehovot,Hot Cinema,574
18:25,קופה ראשית: הסרט,קופה ראשית: הסרט,https://tickets.hotcinema.co.il/site/1191/tickets?code=1191-80898&languageid=en_gb,https://tickets.hotcinema.co.il/site/1191/tickets?code=1191-80898&languageid=he_IL,Regular,2D,,,2026-07-29,2026,,,91,All,Rehovot,Hot Cinema,574
20:30,קופה ראשית: הסרט,קופה ראשית: הסרט,https://tickets.hotcinema.co.il/site/1191/tickets?code=1191-80907&languageid=en_gb,https://tickets.hotcinema.co.il/site/1191/tickets?code=1191-80907&languageid=he_IL,Regular,2D,,,2026-07-29,2026,,,91,All,Rehovot,Hot Cinema,574
22:40,קופה ראשית: הסרט,קופה ראשית: הסרט,https://tickets.hotcinema.co.il/site/1191/tickets?code=1191-80906&languageid=en_gb,https://tickets.hotcinema.co.il/site/1191/tickets?code=1191-80906&languageid=he_IL,Regular,2D,,,2026-07-29,2026,,,91,All,Rehovot,Hot Cinema,574
19:00,The Odyssey,האודיסאה,https://tickets.hotcinema.co.il/site/1191/tickets?code=1191-81156&languageid=en_gb,https://tickets.hotcinema.co.il/site/1191/tickets?code=1191-81156&languageid=he_IL,Regular,2D,,,2026-07-30,2026,,,172,14+,Rehovot,Hot Cinema,574
17:00,Minions & Monsters,מיניונים ומפלצות,https://tickets.hotcinema.co.il/site/1191/tickets?code=1191-81155&languageid=en_gb,https://tickets.hotcinema.co.il/site/1191/tickets?code=1191-81155&languageid=he_IL,Regular,2D,,Hebrew,2026-07-30,2026,,,90,All,Rehovot,Hot Cinema,574
17:30,Edward Scissorhands,סינמה נוסטלגיה - המספריים של אדוארד,https://tickets.hotcinema.co.il/site/1191/tickets?code=1191-77094&languageid=en_gb,https://tickets.hotcinema.co.il/site/1191/tickets?code=1191-77094&languageid=he_IL,Not Just Cinema,2D,,,2026-07-30,1990,,,105,All,Rehovot,Hot Cinema,574
11:50,Spider-Man: Brand new day,ספיידרמן: יום חדש,https://tickets.hotcinema.co.il/site/1191/tickets?code=1191-77691&languageid=en_gb,https://tickets.hotcinema.co.il/site/1191/tickets?code=1191-77691&languageid=he_IL,Regular,2D Atmos,,,2026-07-30,2026,,,145,,Rehovot,Hot Cinema,574
15:10,Spider-Man: Brand new day,ספיידרמן: יום חדש,https://tickets.hotcinema.co.il/site/1191/tickets?code=1191-77690&languageid=en_gb,https://tickets.hotcinema.co.il/site/1191/tickets?code=1191-77690&languageid=he_IL,Regular,2D Atmos,,,2026-07-30,2026,,,145,,Rehovot,Hot Cinema,574
18:30,Spider-Man: Brand new day,ספיידרמן: יום חדש,https://tickets.hotcinema.co.il/site/1191/tickets?code=1191-77689&languageid=en_gb,https://tickets.hotcinema.co.il/site/1191/tickets?code=1191-77689&languageid=he_IL,Regular,2D Atmos,,,2026-07-30,2026,,,145,,Rehovot,Hot Cinema,574
21:50,Spider-Man: Brand new day,ספיידרמן: יום חדש,https://tickets.hotcinema.co.il/site/1191/tickets?code=1191-77688&languageid=en_gb,https://tickets.hotcinema.co.il/site/1191/tickets?code=1191-77688&languageid=he_IL,Regular,2D Atmos,,,2026-07-30,2026,,,145,,Rehovot,Hot Cinema,574
19:00,The Odyssey,האודיסאה,https://tickets.hotcinema.co.il/site/1191/tickets?code=1191-81153&languageid=en_gb,https://tickets.hotcinema.co.il/site/1191/tickets?code=1191-81153&languageid=he_IL,Regular,2D,,,2026-07-31,2026,,,172,14+,Rehovot,Hot Cinema,574
17:00,Minions & Monsters,מיניונים ומפלצות,https://tickets.hotcinema.co.il/site/1191/tickets?code=1191-81154&languageid=en_gb,https://tickets.hotcinema.co.il/site/1191/tickets?code=1191-81154&languageid=he_IL,Regular,2D,,Hebrew,2026-07-31,2026,,,90,All,Rehovot,Hot Cinema,574
11:50,Spider-Man: Brand new day,ספיידרמן: יום חדש,https://tickets.hotcinema.co.il/site/1191/tickets?code=1191-77687&languageid=en_gb,https://tickets.hotcinema.co.il/site/1191/tickets?code=1191-77687&languageid=he_IL,Regular,2D Atmos,,,2026-07-31,2026,,,145,,Rehovot,Hot Cinema,574
15:10,Spider-Man: Brand new day,ספיידרמן: יום חדש,https://tickets.hotcinema.co.il/site/1191/tickets?code=1191-77686&languageid=en_gb,https://tickets.hotcinema.co.il/site/1191/tickets?code=1191-77686&languageid=he_IL,Regular,2D Atmos,,,2026-07-31,2026,,,145,,Rehovot,Hot Cinema,574
18:30,Spider-Man: Brand new day,ספיידרמן: יום חדש,https://tickets.hotcinema.co.il/site/1191/tickets?code=1191-77685&languageid=en_gb,https://tickets.hotcinema.co.il/site/1191/tickets?code=1191-77685&languageid=he_IL,Regular,2D,,,2026-07-31,2026,,,145,,Rehovot,Hot Cinema,574
21:50,Spider-Man: Brand new day,ספיידרמן: יום חדש,https://tickets.hotcinema.co.il/site/1191/tickets?code=1191-77684&languageid=en_gb,https://tickets.hotcinema.co.il/site/1191/tickets?code=1191-77684&languageid=he_IL,Regular,2D Atmos,,,2026-07-31,2026,,,145,,Rehovot,Hot Cinema,574
19:00,The Odyssey,האודיסאה,https://tickets.hotcinema.co.il/site/1191/tickets?code=1191-81148&languageid=en_gb,https://tickets.hotcinema.co.il/site/1191/tickets?code=1191-81148&languageid=he_IL,Regular,2D,,,2026-08-01,2026,,,172,14+,Rehovot,Hot Cinema,574
17:00,Minions & Monsters,מיניונים ומפלצות,https://tickets.hotcinema.co.il/site/1191/tickets?code=1191-81146&languageid=en_gb,https://tickets.hotcinema.co.il/site/1191/tickets?code=1191-81146&languageid=he_IL,Regular,2D,,Hebrew,2026-08-01,2026,,,90,All,Rehovot,Hot Cinema,574
11:50,Spider-Man: Brand new day,ספיידרמן: יום חדש,https://tickets.hotcinema.co.il/site/1191/tickets?code=1191-77679&languageid=en_gb,https://tickets.hotcinema.co.il/site/1191/tickets?code=1191-77679&languageid=he_IL,Regular,2D Atmos,,,2026-08-01,2026,,,145,,Rehovot,Hot Cinema,574
15:10,Spider-Man: Brand new day,ספיידרמן: יום חדש,https://tickets.hotcinema.co.il/site/1191/tickets?code=1191-77678&languageid=en_gb,https://tickets.hotcinema.co.il/site/1191/tickets?code=1191-77678&languageid=he_IL,Regular,2D Atmos,,,2026-08-01,2026,,,145,,Rehovot,Hot Cinema,574
18:30,Spider-Man: Brand new day,ספיידרמן: יום חדש,https://tickets.hotcinema.co.il/site/1191/tickets?code=1191-77677&languageid=en_gb,https://tickets.hotcinema.co.il/site/1191/tickets?code=1191-77677&languageid=he_IL,Regular,2D Atmos,,,2026-08-01,2026,,,145,,Rehovot,Hot Cinema,574
21:50,Spider-Man: Brand new day,ספיידרמן: יום חדש,https://tickets.hotcinema.co.il/site/1191/tickets?code=1191-77676&languageid=en_gb,https://tickets.hotcinema.co.il/site/1191/tickets?code=1191-77676&languageid=he_IL,Regular,2D Atmos,,,2026-08-01,2026,,,145,,Rehovot,Hot Cinema,574
20:00,Cocktail 2,קוקטייל 2,https://tickets.hotcinema.co.il/site/1191/tickets?code=1191-77418&languageid=en_gb,https://tickets.hotcinema.co.il/site/1191/tickets?code=1191-77418&languageid=he_IL,Not Just Cinema,2D,,,2026-08-05,2026,,,150,All,Rehovot,Hot Cinema,574
17:30,WALL·E,סינמה נוסטלגיה - וול-E,https://tickets.hotcinema.co.il/site/1191/tickets?code=1191-77693&languageid=en_gb,https://tickets.hotcinema.co.il/site/1191/tickets?code=1191-77693&languageid=he_IL,Not Just Cinema,2D,,Hebrew,2026-08-06,2008,,,98,All,Rehovot,Hot Cinema,574
16:30,Minions & Monsters,מיניונים ומפלצות,https://tickets.hotcinema.co.il/site/1191/tickets?code=1191-78350&languageid=en_gb,https://tickets.hotcinema.co.il/site/1191/tickets?code=1191-78350&languageid=he_IL,Not Just Cinema,2D,,Hebrew,2026-08-13,2026,,,90,All,Rehovot,Hot Cinema,574
20:00,Superman - 1978,סינמה נוסטלגיה - סופרמן 1978,https://tickets.hotcinema.co.il/site/1191/tickets?code=1191-78352&languageid=en_gb,https://tickets.hotcinema.co.il/site/1191/tickets?code=1191-78352&languageid=he_IL,Not Just Cinema,2D,,,2026-08-13,1978,,,143,,Rehovot,Hot Cinema,574
20:00,Superman 2 The Richard Donner Cut,סינמה נוסטלגיה - סופרמן 2 גרסת הבמאי,https://tickets.hotcinema.co.il/site/1191/tickets?code=1191-79140&languageid=en_gb,https://tickets.hotcinema.co.il/site/1191/tickets?code=1191-79140&languageid=he_IL,Not Just Cinema,2D,,,2026-08-20,2006,,,116,All,Rehovot,Hot Cinema,574
17:30,Tangled,סינמה נוסטלגיה - פלונטר,https://tickets.hotcinema.co.il/site/1191/tickets?code=1191-79144&languageid=en_gb,https://tickets.hotcinema.co.il/site/1191/tickets?code=1191-79144&languageid=he_IL,Not Just Cinema,2D,,Hebrew,2026-08-27,2010,,,100,All,Rehovot,Hot Cinema,574
17:30,Tangled,סינמה נוסטלגיה - פלונטר,https://tickets.hotcinema.co.il/site/1191/tickets?code=1191-79145&languageid=en_gb,https://tickets.hotcinema.co.il/site/1191/tickets?code=1191-79145&languageid=he_IL,Not Just Cinema,2D,,Hebrew,2026-08-28,2010,,,100,All,Rehovot,Hot Cinema,574
17:30,Tangled,סינמה נוסטלגיה - פלונטר,https://tickets.hotcinema.co.il/site/1191/tickets?code=1191-79146&languageid=en_gb,https://tickets.hotcinema.co.il/site/1191/tickets?code=1191-79146&languageid=he_IL,Not Just Cinema,2D,,Hebrew,2026-08-29,2010,,,100,All,Rehovot,Hot Cinema,574
19:20,Obsession,אובססיה,https://tickets.hotcinema.co.il/site/1195/tickets?code=1195-167067&languageid=en_gb,https://tickets.hotcinema.co.il/site/1195/tickets?code=1195-167067&languageid=he_IL,Regular,2D,,,2026-07-26,2026,,,108,14+,Haifa,Hot Cinema,574
21:40,Obsession,אובססיה,https://tickets.hotcinema.co.il/site/1195/tickets?code=1195-167066&languageid=en_gb,https://tickets.hotcinema.co.il/site/1195/tickets?code=1195-167066&languageid=he_IL,Regular,2D,,,2026-07-26,2026,,,108,14+,Haifa,Hot Cinema,574
22:45,Obsession,אובססיה,https://tickets.hotcinema.co.il/site/1195/tickets?code=1195-167060&languageid=en_gb,https://tickets.hotcinema.co.il/site/1195/tickets?code=1195-167060&languageid=he_IL,Regular,2D,,,2026-07-26,2026,,,108,14+,Haifa,Hot Cinema,574
12:30,Just an Illusion,אשליות מתוקות,https://tickets.hotcinema.co.il/site/1195/tickets?code=1195-167124&languageid=en_gb,https://tickets.hotcinema.co.il/site/1195/tickets?code=1195-167124&languageid=he_IL,Regular,2D,,,2026-07-26,2026,,,116,All,Haifa,Hot Cinema,574
18:40,Just an Illusion,אשליות מתוקות,https://tickets.hotcinema.co.il/site/1195/tickets?code=1195-167135&languageid=en_gb,https://tickets.hotcinema.co.il/site/1195/tickets?code=1195-167135&languageid=he_IL,Regular,2D,,,2026-07-26,2026,,,116,All,Haifa,Hot Cinema,574
21:10,Just an Illusion,אשליות מתוקות,https://tickets.hotcinema.co.il/site/1195/tickets?code=1195-167134&languageid=en_gb,https://tickets.hotcinema.co.il/site/1195/tickets?code=1195-167134&languageid=he_IL,Regular,2D,,,2026-07-26,2026,,,116,All,Haifa,Hot Cinema,574
11:00,The Odyssey,האודיסאה,https://tickets.hotcinema.co.il/site/1195/tickets?code=1195-167089&languageid=en_gb,https://tickets.hotcinema.co.il/site/1195/tickets?code=1195-167089&languageid=he_IL,Regular,2D,,,2026-07-26,2026,,,172,14+,Haifa,Hot Cinema,574
13:15,The Odyssey,האודיסאה,https://tickets.hotcinema.co.il/site/1195/tickets?code=1195-167126&languageid=en_gb,https://tickets.hotcinema.co.il/site/1195/tickets?code=1195-167126&languageid=he_IL,Regular,2D,,,2026-07-26,2026,,,172,14+,Haifa,Hot Cinema,574
14:40,The Odyssey,האודיסאה,https://tickets.hotcinema.co.il/site/1195/tickets?code=1195-167090&languageid=en_gb,https://tickets.hotcinema.co.il/site/1195/tickets?code=1195-167090&languageid=he_IL,Regular,2D,,,2026-07-26,2026,,,172,14+,Haifa,Hot Cinema,574
16:50,The Odyssey,האודיסאה,https://tickets.hotcinema.co.il/site/1195/tickets?code=1195-167127&languageid=en_gb,https://tickets.hotcinema.co.il/site/1195/tickets?code=1195-167127&languageid=he_IL,Regular,2D,,,2026-07-26,2026,,,172,14+,Haifa,Hot Cinema,574
18:15,The Odyssey,האודיסאה,https://tickets.hotcinema.co.il/site/1195/tickets?code=1195-167091&languageid=en_gb,https://tickets.hotcinema.co.il/site/1195/tickets?code=1195-167091&languageid=he_IL,Regular,2D,,,2026-07-26,2026,,,172,14+,Haifa,Hot Cinema,574
19:00,The Odyssey,האודיסאה,https://tickets.hotcinema.co.il/site/1195/tickets?code=1195-167085&languageid=en_gb,https://tickets.hotcinema.co.il/site/1195/tickets?code=1195-167085&languageid=he_IL,Regular,2D,,,2026-07-26,2026,,,172,14+,Haifa,Hot Cinema,574
20:00,The Odyssey,האודיסאה,https://tickets.hotcinema.co.il/site/1195/tickets?code=1195-167103&languageid=en_gb,https://tickets.hotcinema.co.il/site/1195/tickets?code=1195-167103&languageid=he_IL,Regular,2D,,,2026-07-26,2026,,,172,14+,Haifa,Hot Cinema,574
21:00,The Odyssey,האודיסאה,https://tickets.hotcinema.co.il/site/1195/tickets?code=1195-167080&languageid=en_gb,https://tickets.hotcinema.co.il/site/1195/tickets?code=1195-167080&languageid=he_IL,Regular,2D,,,2026-07-26,2026,,,172,14+,Haifa,Hot Cinema,574
21:50,The Odyssey,האודיסאה,https://tickets.hotcinema.co.il/site/1195/tickets?code=1195-167092&languageid=en_gb,https://tickets.hotcinema.co.il/site/1195/tickets?code=1195-167092&languageid=he_IL,Regular,2D,,,2026-07-26,2026,,,172,14+,Haifa,Hot Cinema,574
20:10,The Invite,ההזמנה,https://tickets.hotcinema.co.il/site/1195/tickets?code=1195-167138&languageid=en_gb,https://tickets.hotcinema.co.il/site/1195/tickets?code=1195-167138&languageid=he_IL,Regular,2D,,,2026-07-26,2026,,,107,14+,Haifa,Hot Cinema,574
21:30,The Invite,ההזמנה,https://tickets.hotcinema.co.il/site/1195/tickets?code=1195-167150&languageid=en_gb,https://tickets.hotcinema.co.il/site/1195/tickets?code=1195-167150&languageid=he_IL,Regular,2D,,,2026-07-26,2026,,,107,14+,Haifa,Hot Cinema,574
10:20,Animal Farm,חוות החיות,https://tickets.hotcinema.co.il/site/1195/tickets?code=1195-167081&languageid=en_gb,https://tickets.hotcinema.co.il/site/1195/tickets?code=1195-167081&languageid=he_IL,Regular,2D,,Hebrew,2026-07-26,2026,,,95,All,Haifa,Hot Cinema,574
15:10,American Hina,חינה אמריקאית,https://tickets.hotcinema.co.il/site/1195/tickets?code=1195-167121&languageid=en_gb,https://tickets.hotcinema.co.il/site/1195/tickets?code=1195-167121&languageid=he_IL,Regular,2D,,,2026-07-26,2026,,,100,All,Haifa,Hot Cinema,574
19:30,American Hina,חינה אמריקאית,https://tickets.hotcinema.co.il/site/1195/tickets?code=1195-167122&languageid=en_gb,https://tickets.hotcinema.co.il/site/1195/tickets?code=1195-167122&languageid=he_IL,Regular,2D,,,2026-07-26,2026,,,100,All,Haifa,Hot Cinema,574
21:40,American Hina,חינה אמריקאית,https://tickets.hotcinema.co.il/site/1195/tickets?code=1195-167123&languageid=en_gb,https://tickets.hotcinema.co.il/site/1195/tickets?code=1195-167123&languageid=he_IL,Regular,2D,,,2026-07-26,2026,,,100,All,Haifa,Hot Cinema,574
10:50,Tafiti: Across the Desert,טפיטי: הרפתקה במדבר,https://tickets.hotcinema.co.il/site/1195/tickets?code=1195-167130&languageid=en_gb,https://tickets.hotcinema.co.il/site/1195/tickets?code=1195-167130&languageid=he_IL,Regular,2D,,,2026-07-26,,,,81,הגבלת גיל: עד גיל 8 בליווי מבוגר,Haifa,Hot Cinema,574
12:50,Tafiti: Across the Desert,טפיטי: הרפתקה במדבר,https://tickets.hotcinema.co.il/site/1195/tickets?code=1195-167131&languageid=en_gb,https://tickets.hotcinema.co.il/site/1195/tickets?code=1195-167131&languageid=he_IL,Regular,2D,,,2026-07-26,,,,81,הגבלת גיל: עד גיל 8 בליווי מבוגר,Haifa,Hot Cinema,574
14:45,Tafiti: Across the Desert,טפיטי: הרפתקה במדבר,https://tickets.hotcinema.co.il/site/1195/tickets?code=1195-167132&languageid=en_gb,https://tickets.hotcinema.co.il/site/1195/tickets?code=1195-167132&languageid=he_IL,Regular,2D,,,2026-07-26,,,,81,הגבלת גיל: עד גיל 8 בליווי מבוגר,Haifa,Hot Cinema,574
16:40,Tafiti: Across the Desert,טפיטי: הרפתקה במדבר,https://tickets.hotcinema.co.il/site/1195/tickets?code=1195-167133&languageid=en_gb,https://tickets.hotcinema.co.il/site/1195/tickets?code=1195-167133&languageid=he_IL,Regular,2D,,,2026-07-26,,,,81,הגבלת גיל: עד גיל 8 בליווי מבוגר,Haifa,Hot Cinema,574
18:15,כי את מכוערת,כי את מכוערת,https://tickets.hotcinema.co.il/site/1195/tickets?code=1195-167136&languageid=en_gb,https://tickets.hotcinema.co.il/site/1195/tickets?code=1195-167136&languageid=he_IL,Regular,2D,,,2026-07-26,2025,,,83,12+,Haifa,Hot Cinema,574
11:10,מאמא,מאמא,https://tickets.hotcinema.co.il/site/1195/tickets?code=1195-167129&languageid=en_gb,https://tickets.hotcinema.co.il/site/1195/tickets?code=1195-167129&languageid=he_IL,Regular,2D,,,2026-07-26,2026,,,92,12+,Haifa,Hot Cinema,574
19:00,מאמא,מאמא,https://tickets.hotcinema.co.il/site/1195/tickets?code=1195-167151&languageid=en_gb,https://tickets.hotcinema.co.il/site/1195/tickets?code=1195-167151&languageid=he_IL,Regular,2D,,,2026-07-26,2026,,,92,12+,Haifa,Hot Cinema,574
10:30,MASHA and THE BEAR – WONDER PARK,מאשה והדוב – ההרפתקה הגדולה,https://tickets.hotcinema.co.il/site/1195/tickets?code=1195-167077&languageid=en_gb,https://tickets.hotcinema.co.il/site/1195/tickets?code=1195-167077&languageid=he_IL,Regular,2D,,Hebrew,2026-07-26,2026,,,73,All,Haifa,Hot Cinema,574
17:30,Moana,מואנה - לייב אקשן,https://tickets.hotcinema.co.il/site/1195/tickets?code=1195-164656&languageid=en_gb,https://tickets.hotcinema.co.il/site/1195/tickets?code=1195-164656&languageid=he_IL,Regular,2D,,French,2026-07-26,2026,,,115,All,Haifa,Hot Cinema,574
12:20,Moana (Live Action),מואנה לייב אקשן,https://tickets.hotcinema.co.il/site/1195/tickets?code=1195-167076&languageid=en_gb,https://tickets.hotcinema.co.il/site/1195/tickets?code=1195-167076&languageid=he_IL,Regular,2D,,,2026-07-26,2026,,,115,All,Haifa,Hot Cinema,574
14:50,Moana (Live Action),מואנה לייב אקשן,https://tickets.hotcinema.co.il/site/1195/tickets?code=1195-167075&languageid=en_gb,https://tickets.hotcinema.co.il/site/1195/tickets?code=1195-167075&languageid=he_IL,Regular,2D,,,2026-07-26,2026,,,115,All,Haifa,Hot Cinema,574
17:15,Moana (Live Action),מואנה לייב אקשן,https://tickets.hotcinema.co.il/site/1195/tickets?code=1195-167074&languageid=en_gb,https://tickets.hotcinema.co.il/site/1195/tickets?code=1195-167074&languageid=he_IL,Regular,2D,,,2026-07-26,2026,,,115,All,Haifa,Hot Cinema,574
19:35,Moana (Live Action),מואנה לייב אקשן,https://tickets.hotcinema.co.il/site/1195/tickets?code=1195-167114&languageid=en_gb,https://tickets.hotcinema.co.il/site/1195/tickets?code=1195-167114&languageid=he_IL,Regular,2D,,,2026-07-26,2026,,,115,All,Haifa,Hot Cinema,574
22:00,Moana (Live Action),מואנה לייב אקשן,https://tickets.hotcinema.co.il/site/1195/tickets?code=1195-167115&languageid=en_gb,https://tickets.hotcinema.co.il/site/1195/tickets?code=1195-167115&languageid=he_IL,Regular,2D,,,2026-07-26,2026,,,115,All,Haifa,Hot Cinema,574
10:10,Moana (Live Action),מואנה לייב אקשן,https://tickets.hotcinema.co.il/site/1195/tickets?code=1195-167110&languageid=en_gb,https://tickets.hotcinema.co.il/site/1195/tickets?code=1195-167110&languageid=he_IL,Regular,2D,,Hebrew,2026-07-26,2026,,,115,All,Haifa,Hot Cinema,574
12:40,Moana (Live Action),מואנה לייב אקשן,https://tickets.hotcinema.co.il/site/1195/tickets?code=1195-167113&languageid=en_gb,https://tickets.hotcinema.co.il/site/1195/tickets?code=1195-167113&languageid=he_IL,Regular,2D,,Hebrew,2026-07-26,2026,,,115,All,Haifa,Hot Cinema,574
15:10,Moana (Live Action),מואנה לייב אקשן,https://tickets.hotcinema.co.il/site/1195/tickets?code=1195-167112&languageid=en_gb,https://tickets.hotcinema.co.il/site/1195/tickets?code=1195-167112&languageid=he_IL,Regular,2D,,Hebrew,2026-07-26,2026,,,115,All,Haifa,Hot Cinema,574
17:40,Moana (Live Action),מואנה לייב אקשן,https://tickets.hotcinema.co.il/site/1195/tickets?code=1195-167111&languageid=en_gb,https://tickets.hotcinema.co.il/site/1195/tickets?code=1195-167111&languageid=he_IL,Regular,2D,,Hebrew,2026-07-26,2026,,,115,All,Haifa,Hot Cinema,574
22:30,EVIL DEAD BURN,מוות אכזרי אש,https://tickets.hotcinema.co.il/site/1195/tickets?code=1195-167137&languageid=en_gb,https://tickets.hotcinema.co.il/site/1195/tickets?code=1195-167137&languageid=he_IL,Regular,2D,,,2026-07-26,2026,,,110,הגבלת גיל: הותר מגיל 18 בהצגת תעודה מזהה,Haifa,Hot Cinema,574
13:30,Minions & Monsters,מיניונים ומפלצות,https://tickets.hotcinema.co.il/site/1195/tickets?code=1195-167070&languageid=en_gb,https://tickets.hotcinema.co.il/site/1195/tickets?code=1195-167070&languageid=he_IL,Regular,2D,,,2026-07-26,2026,,,90,All,Haifa,Hot Cinema,574
17:45,Minions & Monsters,מיניונים ומפלצות,https://tickets.hotcinema.co.il/site/1195/tickets?code=1195-167071&languageid=en_gb,https://tickets.hotcinema.co.il/site/1195/tickets?code=1195-167071&languageid=he_IL,Regular,2D,,,2026-07-26,2026,,,90,All,Haifa,Hot Cinema,574
19:45,Minions & Monsters,מיניונים ומפלצות,https://tickets.hotcinema.co.il/site/1195/tickets?code=1195-167072&languageid=en_gb,https://tickets.hotcinema.co.il/site/1195/tickets?code=1195-167072&languageid=he_IL,Regular,2D,,,2026-07-26,2026,,,90,All,Haifa,Hot Cinema,574
21:45,Minions & Monsters,מיניונים ומפלצות,https://tickets.hotcinema.co.il/site/1195/tickets?code=1195-167073&languageid=en_gb,https://tickets.hotcinema.co.il/site/1195/tickets?code=1195-167073&languageid=he_IL,Regular,2D,,,2026-07-26,2026,,,90,All,Haifa,Hot Cinema,574
10:10,Minions & Monsters,מיניונים ומפלצות,https://tickets.hotcinema.co.il/site/1195/tickets?code=1195-167148&languageid=en_gb,https://tickets.hotcinema.co.il/site/1195/tickets?code=1195-167148&languageid=he_IL,Regular,2D,,Hebrew,2026-07-26,2026,,,90,All,Haifa,Hot Cinema,574
11:10,Minions & Monsters,מיניונים ומפלצות,https://tickets.hotcinema.co.il/site/1195/tickets?code=1195-167093&languageid=en_gb,https://tickets.hotcinema.co.il/site/1195/tickets?code=1195-167093&languageid=he_IL,Regular,2D,,Hebrew,2026-07-26,2026,,,90,All,Haifa,Hot Cinema,574
12:20,Minions & Monsters,מיניונים ומפלצות,https://tickets.hotcinema.co.il/site/1195/tickets?code=1195-167149&languageid=en_gb,https://tickets.hotcinema.co.il/site/1195/tickets?code=1195-167149&languageid=he_IL,Regular,2D,,Hebrew,2026-07-26,2026,,,90,All,Haifa,Hot Cinema,574
13:15,Minions & Monsters,מיניונים ומפלצות,https://tickets.hotcinema.co.il/site/1195/tickets?code=1195-167094&languageid=en_gb,https://tickets.hotcinema.co.il/site/1195/tickets?code=1195-167094&languageid=he_IL,Regular,2D,,Hebrew,2026-07-26,2026,,,90,All,Haifa,Hot Cinema,574
14:30,Minions & Monsters,מיניונים ומפלצות,https://tickets.hotcinema.co.il/site/1195/tickets?code=1195-167147&languageid=en_gb,https://tickets.hotcinema.co.il/site/1195/tickets?code=1195-167147&languageid=he_IL,Regular,2D,,Hebrew,2026-07-26,2026,,,90,All,Haifa,Hot Cinema,574
15:25,Minions & Monsters,מיניונים ומפלצות,https://tickets.hotcinema.co.il/site/1195/tickets?code=1195-167095&languageid=en_gb,https://tickets.hotcinema.co.il/site/1195/tickets?code=1195-167095&languageid=he_IL,Regular,2D,,Hebrew,2026-07-26,2026,,,90,All,Haifa,Hot Cinema,574
17:30,Minions & Monsters,מיניונים ומפלצות,https://tickets.hotcinema.co.il/site/1195/tickets?code=1195-167096&languageid=en_gb,https://tickets.hotcinema.co.il/site/1195/tickets?code=1195-167096&languageid=he_IL,Regular,2D,,Hebrew,2026-07-26,2026,,,90,All,Haifa,Hot Cinema,574
10:10,School of Magical Animals,סוד החיות הקסומות 3,https://tickets.hotcinema.co.il/site/1195/tickets?code=1195-167119&languageid=en_gb,https://tickets.hotcinema.co.il/site/1195/tickets?code=1195-167119&languageid=he_IL,Regular,2D,,Hebrew,2026-07-26,2024,,,105,All,Haifa,Hot Cinema,574
12:30,School of Magical Animals,סוד החיות הקסומות 3,https://tickets.hotcinema.co.il/site/1195/tickets?code=1195-167118&languageid=en_gb,https://tickets.hotcinema.co.il/site/1195/tickets?code=1195-167118&languageid=he_IL,Regular,2D,,Hebrew,2026-07-26,2024,,,105,All,Haifa,Hot Cinema,574
14:55,School of Magical Animals,סוד החיות הקסומות 3,https://tickets.hotcinema.co.il/site/1195/tickets?code=1195-167117&languageid=en_gb,https://tickets.hotcinema.co.il/site/1195/tickets?code=1195-167117&languageid=he_IL,Regular,2D,,Hebrew,2026-07-26,2024,,,105,All,Haifa,Hot Cinema,574
17:15,School of Magical Animals,סוד החיות הקסומות 3,https://tickets.hotcinema.co.il/site/1195/tickets?code=1195-167116&languageid=en_gb,https://tickets.hotcinema.co.il/site/1195/tickets?code=1195-167116&languageid=he_IL,Regular,2D,,Hebrew,2026-07-26,2024,,,105,All,Haifa,Hot Cinema,574
10:45,Saltiz,סולטיז הסרט - וולוג ה-100,https://tickets.hotcinema.co.il/site/1195/tickets?code=1195-167104&languageid=en_gb,https://tickets.hotcinema.co.il/site/1195/tickets?code=1195-167104&languageid=he_IL,Regular,2D,,,2026-07-26,2026,,,100,All,Haifa,Hot Cinema,574
11:50,Saltiz,סולטיז הסרט - וולוג ה-100,https://tickets.hotcinema.co.il/site/1195/tickets?code=1195-167086&languageid=en_gb,https://tickets.hotcinema.co.il/site/1195/tickets?code=1195-167086&languageid=he_IL,Regular,2D,,,2026-07-26,2026,,,100,All,Haifa,Hot Cinema,574
12:30,Saltiz,סולטיז הסרט - וולוג ה-100,https://tickets.hotcinema.co.il/site/1195/tickets?code=1195-167082&languageid=en_gb,https://tickets.hotcinema.co.il/site/1195/tickets?code=1195-167082&languageid=he_IL,Regular,2D,,,2026-07-26,2026,,,100,All,Haifa,Hot Cinema,574
13:00,Saltiz,סולטיז הסרט - וולוג ה-100,https://tickets.hotcinema.co.il/site/1195/tickets?code=1195-167105&languageid=en_gb,https://tickets.hotcinema.co.il/site/1195/tickets?code=1195-167105&languageid=he_IL,Regular,2D,,,2026-07-26,2026,,,100,All,Haifa,Hot Cinema,574
14:20,Saltiz,סולטיז הסרט - וולוג ה-100,https://tickets.hotcinema.co.il/site/1195/tickets?code=1195-167087&languageid=en_gb,https://tickets.hotcinema.co.il/site/1195/tickets?code=1195-167087&languageid=he_IL,Regular,2D,,,2026-07-26,2026,,,100,All,Haifa,Hot Cinema,574
14:50,Saltiz,סולטיז הסרט - וולוג ה-100,https://tickets.hotcinema.co.il/site/1195/tickets?code=1195-167083&languageid=en_gb,https://tickets.hotcinema.co.il/site/1195/tickets?code=1195-167083&languageid=he_IL,Regular,2D,,,2026-07-26,2026,,,100,All,Haifa,Hot Cinema,574
15:20,Saltiz,סולטיז הסרט - וולוג ה-100,https://tickets.hotcinema.co.il/site/1195/tickets?code=1195-167106&languageid=en_gb,https://tickets.hotcinema.co.il/site/1195/tickets?code=1195-167106&languageid=he_IL,Regular,2D,,,2026-07-26,2026,,,100,All,Haifa,Hot Cinema,574
16:40,Saltiz,סולטיז הסרט - וולוג ה-100,https://tickets.hotcinema.co.il/site/1195/tickets?code=1195-167088&languageid=en_gb,https://tickets.hotcinema.co.il/site/1195/tickets?code=1195-167088&languageid=he_IL,Regular,2D,,,2026-07-26,2026,,,100,All,Haifa,Hot Cinema,574
17:45,Saltiz,סולטיז הסרט - וולוג ה-100,https://tickets.hotcinema.co.il/site/1195/tickets?code=1195-167107&languageid=en_gb,https://tickets.hotcinema.co.il/site/1195/tickets?code=1195-167107&languageid=he_IL,Regular,2D,,,2026-07-26,2026,,,100,All,Haifa,Hot Cinema,574
10:15,Super Mario Galaxy,סופר מריו גלקסי הסרט,https://tickets.hotcinema.co.il/site/1195/tickets?code=1195-167125&languageid=en_gb,https://tickets.hotcinema.co.il/site/1195/tickets?code=1195-167125&languageid=he_IL,Regular,2D,,Hebrew,2026-07-26,2026,,,100,All,Haifa,Hot Cinema,574
10:15,Three Wishes for Cinderella,סינדרלה ושלוש המשאלות,https://tickets.hotcinema.co.il/site/1195/tickets?code=1195-167142&languageid=en_gb,https://tickets.hotcinema.co.il/site/1195/tickets?code=1195-167142&languageid=he_IL,Regular,2D,,Hebrew,2026-07-26,2026,,,85,All,Haifa,Hot Cinema,574
12:15,Three Wishes for Cinderella,סינדרלה ושלוש המשאלות,https://tickets.hotcinema.co.il/site/1195/tickets?code=1195-167141&languageid=en_gb,https://tickets.hotcinema.co.il/site/1195/tickets?code=1195-167141&languageid=he_IL,Regular,2D,,Hebrew,2026-07-26,2026,,,85,All,Haifa,Hot Cinema,574
14:15,Three Wishes for Cinderella,סינדרלה ושלוש המשאלות,https://tickets.hotcinema.co.il/site/1195/tickets?code=1195-167140&languageid=en_gb,https://tickets.hotcinema.co.il/site/1195/tickets?code=1195-167140&languageid=he_IL,Regular,2D,,Hebrew,2026-07-26,2026,,,85,All,Haifa,Hot Cinema,574
16:15,Three Wishes for Cinderella,סינדרלה ושלוש המשאלות,https://tickets.hotcinema.co.il/site/1195/tickets?code=1195-167139&languageid=en_gb,https://tickets.hotcinema.co.il/site/1195/tickets?code=1195-167139&languageid=he_IL,Regular,2D,,Hebrew,2026-07-26,2026,,,85,All,Haifa,Hot Cinema,574
20:00,batman,סינמה נוסטלגיה - באטמן 1989,https://tickets.hotcinema.co.il/site/1195/tickets?code=1195-167061&languageid=en_gb,https://tickets.hotcinema.co.il/site/1195/tickets?code=1195-167061&languageid=he_IL,Regular,2D,,,2026-07-26,1989,,,126,12+,Haifa,Hot Cinema,574
15:30,Toy Story 5,צעצוע של סיפור 5,https://tickets.hotcinema.co.il/site/1195/tickets?code=1195-167069&languageid=en_gb,https://tickets.hotcinema.co.il/site/1195/tickets?code=1195-167069&languageid=he_IL,Regular,2D,,,2026-07-26,2026,,,102,All,Haifa,Hot Cinema,574
10:15,Toy Story 5,צעצוע של סיפור 5,https://tickets.hotcinema.co.il/site/1195/tickets?code=1195-167062&languageid=en_gb,https://tickets.hotcinema.co.il/site/1195/tickets?code=1195-167062&languageid=he_IL,Regular,2D,,Hebrew,2026-07-26,2026,,,102,All,Haifa,Hot Cinema,574
11:15,Toy Story 5,צעצוע של סיפור 5,https://tickets.hotcinema.co.il/site/1195/tickets?code=1195-167068&languageid=en_gb,https://tickets.hotcinema.co.il/site/1195/tickets?code=1195-167068&languageid=he_IL,Regular,2D,,Hebrew,2026-07-26,2026,,,102,All,Haifa,Hot Cinema,574
12:30,Toy Story 5,צעצוע של סיפור 5,https://tickets.hotcinema.co.il/site/1195/tickets?code=1195-167063&languageid=en_gb,https://tickets.hotcinema.co.il/site/1195/tickets?code=1195-167063&languageid=he_IL,Regular,2D,,Hebrew,2026-07-26,2026,,,102,All,Haifa,Hot Cinema,574
14:45,Toy Story 5,צעצוע של סיפור 5,https://tickets.hotcinema.co.il/site/1195/tickets?code=1195-167064&languageid=en_gb,https://tickets.hotcinema.co.il/site/1195/tickets?code=1195-167064&languageid=he_IL,Regular,2D,,Hebrew,2026-07-26,2026,,,102,All,Haifa,Hot Cinema,574
17:00,Toy Story 5,צעצוע של סיפור 5,https://tickets.hotcinema.co.il/site/1195/tickets?code=1195-167065&languageid=en_gb,https://tickets.hotcinema.co.il/site/1195/tickets?code=1195-167065&languageid=he_IL,Regular,2D,,Hebrew,2026-07-26,2026,,,102,All,Haifa,Hot Cinema,574
11:30,קופה ראשית: הסרט,קופה ראשית: הסרט,https://tickets.hotcinema.co.il/site/1195/tickets?code=1195-167099&languageid=en_gb,https://tickets.hotcinema.co.il/site/1195/tickets?code=1195-167099&languageid=he_IL,Regular,2D,,,2026-07-26,2026,,,91,All,Haifa,Hot Cinema,574
13:40,קופה ראשית: הסרט,קופה ראשית: הסרט,https://tickets.hotcinema.co.il/site/1195/tickets?code=1195-167100&languageid=en_gb,https://tickets.hotcinema.co.il/site/1195/tickets?code=1195-167100&languageid=he_IL,Regular,2D,,,2026-07-26,2026,,,91,All,Haifa,Hot Cinema,574
15:45,קופה ראשית: הסרט,קופה ראשית: הסרט,https://tickets.hotcinema.co.il/site/1195/tickets?code=1195-167101&languageid=en_gb,https://tickets.hotcinema.co.il/site/1195/tickets?code=1195-167101&languageid=he_IL,Regular,2D,,,2026-07-26,2026,,,91,All,Haifa,Hot Cinema,574
17:50,קופה ראשית: הסרט,קופה ראשית: הסרט,https://tickets.hotcinema.co.il/site/1195/tickets?code=1195-167102&languageid=en_gb,https://tickets.hotcinema.co.il/site/1195/tickets?code=1195-167102&languageid=he_IL,Regular,2D,,,2026-07-26,2026,,,91,All,Haifa,Hot Cinema,574
18:45,קופה ראשית: הסרט,קופה ראשית: הסרט,https://tickets.hotcinema.co.il/site/1195/tickets?code=1195-167146&languageid=en_gb,https://tickets.hotcinema.co.il/site/1195/tickets?code=1195-167146&languageid=he_IL,Regular,2D,,,2026-07-26,2026,,,91,All,Haifa,Hot Cinema,574
19:40,קופה ראשית: הסרט,קופה ראשית: הסרט,https://tickets.hotcinema.co.il/site/1195/tickets?code=1195-167097&languageid=en_gb,https://tickets.hotcinema.co.il/site/1195/tickets?code=1195-167097&languageid=he_IL,Regular,2D,,,2026-07-26,2026,,,91,All,Haifa,Hot Cinema,574
20:20,קופה ראשית: הסרט,קופה ראשית: הסרט,https://tickets.hotcinema.co.il/site/1195/tickets?code=1195-167109&languageid=en_gb,https://tickets.hotcinema.co.il/site/1195/tickets?code=1195-167109&languageid=he_IL,Regular,2D,,,2026-07-26,2026,,,91,All,Haifa,Hot Cinema,574
20:50,קופה ראשית: הסרט,קופה ראשית: הסרט,https://tickets.hotcinema.co.il/site/1195/tickets?code=1195-167145&languageid=en_gb,https://tickets.hotcinema.co.il/site/1195/tickets?code=1195-167145&languageid=he_IL,Regular,2D,,,2026-07-26,2026,,,91,All,Haifa,Hot Cinema,574
21:45,קופה ראשית: הסרט,קופה ראשית: הסרט,https://tickets.hotcinema.co.il/site/1195/tickets?code=1195-167098&languageid=en_gb,https://tickets.hotcinema.co.il/site/1195/tickets?code=1195-167098&languageid=he_IL,Regular,2D,,,2026-07-26,2026,,,91,All,Haifa,Hot Cinema,574
22:40,קופה ראשית: הסרט,קופה ראשית: הסרט,https://tickets.hotcinema.co.il/site/1195/tickets?code=1195-167108&languageid=en_gb,https://tickets.hotcinema.co.il/site/1195/tickets?code=1195-167108&languageid=he_IL,Regular,2D,,,2026-07-26,2026,,,91,All,Haifa,Hot Cinema,574
23:00,קופה ראשית: הסרט,קופה ראשית: הסרט,https://tickets.hotcinema.co.il/site/1195/tickets?code=1195-167144&languageid=en_gb,https://tickets.hotcinema.co.il/site/1195/tickets?code=1195-167144&languageid=he_IL,Regular,2D,,,2026-07-26,2026,,,91,All,Haifa,Hot Cinema,574
17:20,Dream High,תיכון מגשימים,https://tickets.hotcinema.co.il/site/1195/tickets?code=1195-167120&languageid=en_gb,https://tickets.hotcinema.co.il/site/1195/tickets?code=1195-167120&languageid=he_IL,Regular,2D,,,2026-07-26,2026,,,100,12+,Haifa,Hot Cinema,574
19:40,Dream High,תיכון מגשימים,https://tickets.hotcinema.co.il/site/1195/tickets?code=1195-167079&languageid=en_gb,https://tickets.hotcinema.co.il/site/1195/tickets?code=1195-167079&languageid=he_IL,Regular,2D,,,2026-07-26,2026,,,100,12+,Haifa,Hot Cinema,574
21:50,Dream High,תיכון מגשימים,https://tickets.hotcinema.co.il/site/1195/tickets?code=1195-167078&languageid=en_gb,https://tickets.hotcinema.co.il/site/1195/tickets?code=1195-167078&languageid=he_IL,Regular,2D,,,2026-07-26,2026,,,100,12+,Haifa,Hot Cinema,574
19:20,Obsession,אובססיה,https://tickets.hotcinema.co.il/site/1195/tickets?code=1195-166797&languageid=en_gb,https://tickets.hotcinema.co.il/site/1195/tickets?code=1195-166797&languageid=he_IL,Regular,2D,,,2026-07-27,2026,,,108,14+,Haifa,Hot Cinema,574
21:40,Obsession,אובססיה,https://tickets.hotcinema.co.il/site/1195/tickets?code=1195-166796&languageid=en_gb,https://tickets.hotcinema.co.il/site/1195/tickets?code=1195-166796&languageid=he_IL,Regular,2D,,,2026-07-27,2026,,,108,14+,Haifa,Hot Cinema,574
22:45,Obsession,אובססיה,https://tickets.hotcinema.co.il/site/1195/tickets?code=1195-166832&languageid=en_gb,https://tickets.hotcinema.co.il/site/1195/tickets?code=1195-166832&languageid=he_IL,Regular,2D,,,2026-07-27,2026,,,108,14+,Haifa,Hot Cinema,574
12:30,Just an Illusion,אשליות מתוקות,https://tickets.hotcinema.co.il/site/1195/tickets?code=1195-166854&languageid=en_gb,https://tickets.hotcinema.co.il/site/1195/tickets?code=1195-166854&languageid=he_IL,Regular,2D,,,2026-07-27,2026,,,116,All,Haifa,Hot Cinema,574
18:40,Just an Illusion,אשליות מתוקות,https://tickets.hotcinema.co.il/site/1195/tickets?code=1195-166868&languageid=en_gb,https://tickets.hotcinema.co.il/site/1195/tickets?code=1195-166868&languageid=he_IL,Regular,2D,,,2026-07-27,2026,,,116,All,Haifa,Hot Cinema,574
21:10,Just an Illusion,אשליות מתוקות,https://tickets.hotcinema.co.il/site/1195/tickets?code=1195-166867&languageid=en_gb,https://tickets.hotcinema.co.il/site/1195/tickets?code=1195-166867&languageid=he_IL,Regular,2D,,,2026-07-27,2026,,,116,All,Haifa,Hot Cinema,574
11:00,The Odyssey,האודיסאה,https://tickets.hotcinema.co.il/site/1195/tickets?code=1195-166822&languageid=en_gb,https://tickets.hotcinema.co.il/site/1195/tickets?code=1195-166822&languageid=he_IL,Regular,2D,,,2026-07-27,2026,,,172,14+,Haifa,Hot Cinema,574
13:15,The Odyssey,האודיסאה,https://tickets.hotcinema.co.il/site/1195/tickets?code=1195-166862&languageid=en_gb,https://tickets.hotcinema.co.il/site/1195/tickets?code=1195-166862&languageid=he_IL,Regular,2D,,,2026-07-27,2026,,,172,14+,Haifa,Hot Cinema,574
14:40,The Odyssey,האודיסאה,https://tickets.hotcinema.co.il/site/1195/tickets?code=1195-166823&languageid=en_gb,https://tickets.hotcinema.co.il/site/1195/tickets?code=1195-166823&languageid=he_IL,Regular,2D,,,2026-07-27,2026,,,172,14+,Haifa,Hot Cinema,574
16:50,The Odyssey,האודיסאה,https://tickets.hotcinema.co.il/site/1195/tickets?code=1195-166861&languageid=en_gb,https://tickets.hotcinema.co.il/site/1195/tickets?code=1195-166861&languageid=he_IL,Regular,2D,,,2026-07-27,2026,,,172,14+,Haifa,Hot Cinema,574
18:15,The Odyssey,האודיסאה,https://tickets.hotcinema.co.il/site/1195/tickets?code=1195-166824&languageid=en_gb,https://tickets.hotcinema.co.il/site/1195/tickets?code=1195-166824&languageid=he_IL,Regular,2D,,,2026-07-27,2026,,,172,14+,Haifa,Hot Cinema,574
19:10,The Odyssey,האודיסאה,https://tickets.hotcinema.co.il/site/1195/tickets?code=1195-166818&languageid=en_gb,https://tickets.hotcinema.co.il/site/1195/tickets?code=1195-166818&languageid=he_IL,Regular,2D,,,2026-07-27,2026,,,172,14+,Haifa,Hot Cinema,574
20:00,The Odyssey,האודיסאה,https://tickets.hotcinema.co.il/site/1195/tickets?code=1195-166837&languageid=en_gb,https://tickets.hotcinema.co.il/site/1195/tickets?code=1195-166837&languageid=he_IL,Regular,2D,,,2026-07-27,2026,,,172,14+,Haifa,Hot Cinema,574
20:40,The Odyssey,האודיסאה,https://tickets.hotcinema.co.il/site/1195/tickets?code=1195-166860&languageid=en_gb,https://tickets.hotcinema.co.il/site/1195/tickets?code=1195-166860&languageid=he_IL,Regular,2D,,,2026-07-27,2026,,,172,14+,Haifa,Hot Cinema,574
21:20,The Odyssey,האודיסאה,https://tickets.hotcinema.co.il/site/1195/tickets?code=1195-166810&languageid=en_gb,https://tickets.hotcinema.co.il/site/1195/tickets?code=1195-166810&languageid=he_IL,Regular,2D,,,2026-07-27,2026,,,172,14+,Haifa,Hot Cinema,574
21:50,The Odyssey,האודיסאה,https://tickets.hotcinema.co.il/site/1195/tickets?code=1195-166825&languageid=en_gb,https://tickets.hotcinema.co.il/site/1195/tickets?code=1195-166825&languageid=he_IL,Regular,2D,,,2026-07-27,2026,,,172,14+,Haifa,Hot Cinema,574
21:15,The Invite,ההזמנה,https://tickets.hotcinema.co.il/site/1195/tickets?code=1195-166884&languageid=en_gb,https://tickets.hotcinema.co.il/site/1195/tickets?code=1195-166884&languageid=he_IL,Regular,2D,,,2026-07-27,2026,,,107,14+,Haifa,Hot Cinema,574
10:20,Animal Farm,חוות החיות,https://tickets.hotcinema.co.il/site/1195/tickets?code=1195-166811&languageid=en_gb,https://tickets.hotcinema.co.il/site/1195/tickets?code=1195-166811&languageid=he_IL,Regular,2D,,Hebrew,2026-07-27,2026,,,95,All,Haifa,Hot Cinema,574
15:10,American Hina,חינה אמריקאית,https://tickets.hotcinema.co.il/site/1195/tickets?code=1195-166857&languageid=en_gb,https://tickets.hotcinema.co.il/site/1195/tickets?code=1195-166857&languageid=he_IL,Regular,2D,,,2026-07-27,2026,,,100,All,Haifa,Hot Cinema,574
19:40,American Hina,חינה אמריקאית,https://tickets.hotcinema.co.il/site/1195/tickets?code=1195-166855&languageid=en_gb,https://tickets.hotcinema.co.il/site/1195/tickets?code=1195-166855&languageid=he_IL,Regular,2D,,,2026-07-27,2026,,,100,All,Haifa,Hot Cinema,574
21:50,American Hina,חינה אמריקאית,https://tickets.hotcinema.co.il/site/1195/tickets?code=1195-166856&languageid=en_gb,https://tickets.hotcinema.co.il/site/1195/tickets?code=1195-166856&languageid=he_IL,Regular,2D,,,2026-07-27,2026,,,100,All,Haifa,Hot Cinema,574
10:50,Tafiti: Across the Desert,טפיטי: הרפתקה במדבר,https://tickets.hotcinema.co.il/site/1195/tickets?code=1195-166863&languageid=en_gb,https://tickets.hotcinema.co.il/site/1195/tickets?code=1195-166863&languageid=he_IL,Regular,2D,,,2026-07-27,,,,81,הגבלת גיל: עד גיל 8 בליווי מבוגר,Haifa,Hot Cinema,574
12:50,Tafiti: Across the Desert,טפיטי: הרפתקה במדבר,https://tickets.hotcinema.co.il/site/1195/tickets?code=1195-166864&languageid=en_gb,https://tickets.hotcinema.co.il/site/1195/tickets?code=1195-166864&languageid=he_IL,Regular,2D,,,2026-07-27,,,,81,הגבלת גיל: עד גיל 8 בליווי מבוגר,Haifa,Hot Cinema,574
14:45,Tafiti: Across the Desert,טפיטי: הרפתקה במדבר,https://tickets.hotcinema.co.il/site/1195/tickets?code=1195-166865&languageid=en_gb,https://tickets.hotcinema.co.il/site/1195/tickets?code=1195-166865&languageid=he_IL,Regular,2D,,,2026-07-27,,,,81,הגבלת גיל: עד גיל 8 בליווי מבוגר,Haifa,Hot Cinema,574
16:40,Tafiti: Across the Desert,טפיטי: הרפתקה במדבר,https://tickets.hotcinema.co.il/site/1195/tickets?code=1195-166866&languageid=en_gb,https://tickets.hotcinema.co.il/site/1195/tickets?code=1195-166866&languageid=he_IL,Regular,2D,,,2026-07-27,,,,81,הגבלת גיל: עד גיל 8 בליווי מבוגר,Haifa,Hot Cinema,574
18:15,כי את מכוערת,כי את מכוערת,https://tickets.hotcinema.co.il/site/1195/tickets?code=1195-166870&languageid=en_gb,https://tickets.hotcinema.co.il/site/1195/tickets?code=1195-166870&languageid=he_IL,Regular,2D,,,2026-07-27,2025,,,83,12+,Haifa,Hot Cinema,574
20:15,כי את מכוערת,כי את מכוערת,https://tickets.hotcinema.co.il/site/1195/tickets?code=1195-166869&languageid=en_gb,https://tickets.hotcinema.co.il/site/1195/tickets?code=1195-166869&languageid=he_IL,Regular,2D,,,2026-07-27,2025,,,83,12+,Haifa,Hot Cinema,574
18:50,For the Love of a Woman,כימים אחדים,https://tickets.hotcinema.co.il/site/1195/tickets?code=1195-166816&languageid=en_gb,https://tickets.hotcinema.co.il/site/1195/tickets?code=1195-166816&languageid=he_IL,Regular,2D,,,2026-07-27,2025,,,117,הגבלת גיל: הותר מגיל 9,Haifa,Hot Cinema,574
11:10,מאמא,מאמא,https://tickets.hotcinema.co.il/site/1195/tickets?code=1195-166883&languageid=en_gb,https://tickets.hotcinema.co.il/site/1195/tickets?code=1195-166883&languageid=he_IL,Regular,2D,,,2026-07-27,2026,,,92,12+,Haifa,Hot Cinema,574
10:30,MASHA and THE BEAR – WONDER PARK,מאשה והדוב – ההרפתקה הגדולה,https://tickets.hotcinema.co.il/site/1195/tickets?code=1195-166804&languageid=en_gb,https://tickets.hotcinema.co.il/site/1195/tickets?code=1195-166804&languageid=he_IL,Regular,2D,,Hebrew,2026-07-27,2026,,,73,All,Haifa,Hot Cinema,574
12:20,Moana (Live Action),מואנה לייב אקשן,https://tickets.hotcinema.co.il/site/1195/tickets?code=1195-166807&languageid=en_gb,https://tickets.hotcinema.co.il/site/1195/tickets?code=1195-166807&languageid=he_IL,Regular,2D,,,2026-07-27,2026,,,115,All,Haifa,Hot Cinema,574
14:50,Moana (Live Action),מואנה לייב אקשן,https://tickets.hotcinema.co.il/site/1195/tickets?code=1195-166806&languageid=en_gb,https://tickets.hotcinema.co.il/site/1195/tickets?code=1195-166806&languageid=he_IL,Regular,2D,,,2026-07-27,2026,,,115,All,Haifa,Hot Cinema,574
22:00,Moana (Live Action),מואנה לייב אקשן,https://tickets.hotcinema.co.il/site/1195/tickets?code=1195-166849&languageid=en_gb,https://tickets.hotcinema.co.il/site/1195/tickets?code=1195-166849&languageid=he_IL,Regular,2D,,,2026-07-27,2026,,,115,All,Haifa,Hot Cinema,574
10:10,Moana (Live Action),מואנה לייב אקשן,https://tickets.hotcinema.co.il/site/1195/tickets?code=1195-166844&languageid=en_gb,https://tickets.hotcinema.co.il/site/1195/tickets?code=1195-166844&languageid=he_IL,Regular,2D,,Hebrew,2026-07-27,2026,,,115,All,Haifa,Hot Cinema,574
12:40,Moana (Live Action),מואנה לייב אקשן,https://tickets.hotcinema.co.il/site/1195/tickets?code=1195-166847&languageid=en_gb,https://tickets.hotcinema.co.il/site/1195/tickets?code=1195-166847&languageid=he_IL,Regular,2D,,Hebrew,2026-07-27,2026,,,115,All,Haifa,Hot Cinema,574
15:10,Moana (Live Action),מואנה לייב אקשן,https://tickets.hotcinema.co.il/site/1195/tickets?code=1195-166846&languageid=en_gb,https://tickets.hotcinema.co.il/site/1195/tickets?code=1195-166846&languageid=he_IL,Regular,2D,,Hebrew,2026-07-27,2026,,,115,All,Haifa,Hot Cinema,574
17:40,Moana (Live Action),מואנה לייב אקשן,https://tickets.hotcinema.co.il/site/1195/tickets?code=1195-166845&languageid=en_gb,https://tickets.hotcinema.co.il/site/1195/tickets?code=1195-166845&languageid=he_IL,Regular,2D,,Hebrew,2026-07-27,2026,,,115,All,Haifa,Hot Cinema,574
19:30,Moana (Live Action),מואנה לייב אקשן,https://tickets.hotcinema.co.il/site/1195/tickets?code=1195-166848&languageid=en_gb,https://tickets.hotcinema.co.il/site/1195/tickets?code=1195-166848&languageid=he_IL,Regular,2D,,Hebrew,2026-07-27,2026,,,115,All,Haifa,Hot Cinema,574
22:15,EVIL DEAD BURN,מוות אכזרי אש,https://tickets.hotcinema.co.il/site/1195/tickets?code=1195-166871&languageid=en_gb,https://tickets.hotcinema.co.il/site/1195/tickets?code=1195-166871&languageid=he_IL,Regular,2D,,,2026-07-27,2026,,,110,הגבלת גיל: הותר מגיל 18 בהצגת תעודה מזהה,Haifa,Hot Cinema,574
13:30,Minions & Monsters,מיניונים ומפלצות,https://tickets.hotcinema.co.il/site/1195/tickets?code=1195-166800&languageid=en_gb,https://tickets.hotcinema.co.il/site/1195/tickets?code=1195-166800&languageid=he_IL,Regular,2D,,,2026-07-27,2026,,,90,All,Haifa,Hot Cinema,574
17:45,Minions & Monsters,מיניונים ומפלצות,https://tickets.hotcinema.co.il/site/1195/tickets?code=1195-166801&languageid=en_gb,https://tickets.hotcinema.co.il/site/1195/tickets?code=1195-166801&languageid=he_IL,Regular,2D,,,2026-07-27,2026,,,90,All,Haifa,Hot Cinema,574
21:50,Minions & Monsters,מיניונים ומפלצות,https://tickets.hotcinema.co.il/site/1195/tickets?code=1195-166802&languageid=en_gb,https://tickets.hotcinema.co.il/site/1195/tickets?code=1195-166802&languageid=he_IL,Regular,2D,,,2026-07-27,2026,,,90,All,Haifa,Hot Cinema,574
10:10,Minions & Monsters,מיניונים ומפלצות,https://tickets.hotcinema.co.il/site/1195/tickets?code=1195-166881&languageid=en_gb,https://tickets.hotcinema.co.il/site/1195/tickets?code=1195-166881&languageid=he_IL,Regular,2D,,Hebrew,2026-07-27,2026,,,90,All,Haifa,Hot Cinema,574
11:10,Minions & Monsters,מיניונים ומפלצות,https://tickets.hotcinema.co.il/site/1195/tickets?code=1195-166826&languageid=en_gb,https://tickets.hotcinema.co.il/site/1195/tickets?code=1195-166826&languageid=he_IL,Regular,2D,,Hebrew,2026-07-27,2026,,,90,All,Haifa,Hot Cinema,574
12:20,Minions & Monsters,מיניונים ומפלצות,https://tickets.hotcinema.co.il/site/1195/tickets?code=1195-166882&languageid=en_gb,https://tickets.hotcinema.co.il/site/1195/tickets?code=1195-166882&languageid=he_IL,Regular,2D,,Hebrew,2026-07-27,2026,,,90,All,Haifa,Hot Cinema,574
13:15,Minions & Monsters,מיניונים ומפלצות,https://tickets.hotcinema.co.il/site/1195/tickets?code=1195-166827&languageid=en_gb,https://tickets.hotcinema.co.il/site/1195/tickets?code=1195-166827&languageid=he_IL,Regular,2D,,Hebrew,2026-07-27,2026,,,90,All,Haifa,Hot Cinema,574
14:30,Minions & Monsters,מיניונים ומפלצות,https://tickets.hotcinema.co.il/site/1195/tickets?code=1195-166880&languageid=en_gb,https://tickets.hotcinema.co.il/site/1195/tickets?code=1195-166880&languageid=he_IL,Regular,2D,,Hebrew,2026-07-27,2026,,,90,All,Haifa,Hot Cinema,574
15:25,Minions & Monsters,מיניונים ומפלצות,https://tickets.hotcinema.co.il/site/1195/tickets?code=1195-166828&languageid=en_gb,https://tickets.hotcinema.co.il/site/1195/tickets?code=1195-166828&languageid=he_IL,Regular,2D,,Hebrew,2026-07-27,2026,,,90,All,Haifa,Hot Cinema,574
17:30,Minions & Monsters,מיניונים ומפלצות,https://tickets.hotcinema.co.il/site/1195/tickets?code=1195-166829&languageid=en_gb,https://tickets.hotcinema.co.il/site/1195/tickets?code=1195-166829&languageid=he_IL,Regular,2D,,Hebrew,2026-07-27,2026,,,90,All,Haifa,Hot Cinema,574
19:45,Minions & Monsters,מיניונים ומפלצות,https://tickets.hotcinema.co.il/site/1195/tickets?code=1195-166803&languageid=en_gb,https://tickets.hotcinema.co.il/site/1195/tickets?code=1195-166803&languageid=he_IL,Regular,2D,,Hebrew,2026-07-27,2026,,,90,All,Haifa,Hot Cinema,574
10:10,School of Magical Animals,סוד החיות הקסומות 3,https://tickets.hotcinema.co.il/site/1195/tickets?code=1195-166853&languageid=en_gb,https://tickets.hotcinema.co.il/site/1195/tickets?code=1195-166853&languageid=he_IL,Regular,2D,,Hebrew,2026-07-27,2024,,,105,All,Haifa,Hot Cinema,574
12:30,School of Magical Animals,סוד החיות הקסומות 3,https://tickets.hotcinema.co.il/site/1195/tickets?code=1195-166852&languageid=en_gb,https://tickets.hotcinema.co.il/site/1195/tickets?code=1195-166852&languageid=he_IL,Regular,2D,,Hebrew,2026-07-27,2024,,,105,All,Haifa,Hot Cinema,574
14:50,School of Magical Animals,סוד החיות הקסומות 3,https://tickets.hotcinema.co.il/site/1195/tickets?code=1195-166851&languageid=en_gb,https://tickets.hotcinema.co.il/site/1195/tickets?code=1195-166851&languageid=he_IL,Regular,2D,,Hebrew,2026-07-27,2024,,,105,All,Haifa,Hot Cinema,574
17:10,School of Magical Animals,סוד החיות הקסומות 3,https://tickets.hotcinema.co.il/site/1195/tickets?code=1195-166850&languageid=en_gb,https://tickets.hotcinema.co.il/site/1195/tickets?code=1195-166850&languageid=he_IL,Regular,2D,,Hebrew,2026-07-27,2024,,,105,All,Haifa,Hot Cinema,574
10:45,Saltiz,סולטיז הסרט - וולוג ה-100,https://tickets.hotcinema.co.il/site/1195/tickets?code=1195-166838&languageid=en_gb,https://tickets.hotcinema.co.il/site/1195/tickets?code=1195-166838&languageid=he_IL,Regular,2D,,,2026-07-27,2026,,,100,All,Haifa,Hot Cinema,574
11:50,Saltiz,סולטיז הסרט - וולוג ה-100,https://tickets.hotcinema.co.il/site/1195/tickets?code=1195-166819&languageid=en_gb,https://tickets.hotcinema.co.il/site/1195/tickets?code=1195-166819&languageid=he_IL,Regular,2D,,,2026-07-27,2026,,,100,All,Haifa,Hot Cinema,574
12:30,Saltiz,סולטיז הסרט - וולוג ה-100,https://tickets.hotcinema.co.il/site/1195/tickets?code=1195-166812&languageid=en_gb,https://tickets.hotcinema.co.il/site/1195/tickets?code=1195-166812&languageid=he_IL,Regular,2D,,,2026-07-27,2026,,,100,All,Haifa,Hot Cinema,574
13:00,Saltiz,סולטיז הסרט - וולוג ה-100,https://tickets.hotcinema.co.il/site/1195/tickets?code=1195-166839&languageid=en_gb,https://tickets.hotcinema.co.il/site/1195/tickets?code=1195-166839&languageid=he_IL,Regular,2D,,,2026-07-27,2026,,,100,All,Haifa,Hot Cinema,574
14:10,Saltiz,סולטיז הסרט - וולוג ה-100,https://tickets.hotcinema.co.il/site/1195/tickets?code=1195-166820&languageid=en_gb,https://tickets.hotcinema.co.il/site/1195/tickets?code=1195-166820&languageid=he_IL,Regular,2D,,,2026-07-27,2026,,,100,All,Haifa,Hot Cinema,574
14:40,Saltiz,סולטיז הסרט - וולוג ה-100,https://tickets.hotcinema.co.il/site/1195/tickets?code=1195-166813&languageid=en_gb,https://tickets.hotcinema.co.il/site/1195/tickets?code=1195-166813&languageid=he_IL,Regular,2D,,,2026-07-27,2026,,,100,All,Haifa,Hot Cinema,574
15:20,Saltiz,סולטיז הסרט - וולוג ה-100,https://tickets.hotcinema.co.il/site/1195/tickets?code=1195-166840&languageid=en_gb,https://tickets.hotcinema.co.il/site/1195/tickets?code=1195-166840&languageid=he_IL,Regular,2D,,,2026-07-27,2026,,,100,All,Haifa,Hot Cinema,574
16:40,Saltiz,סולטיז הסרט - וולוג ה-100,https://tickets.hotcinema.co.il/site/1195/tickets?code=1195-166821&languageid=en_gb,https://tickets.hotcinema.co.il/site/1195/tickets?code=1195-166821&languageid=he_IL,Regular,2D,,,2026-07-27,2026,,,100,All,Haifa,Hot Cinema,574
17:00,Saltiz,סולטיז הסרט - וולוג ה-100,https://tickets.hotcinema.co.il/site/1195/tickets?code=1195-166814&languageid=en_gb,https://tickets.hotcinema.co.il/site/1195/tickets?code=1195-166814&languageid=he_IL,Regular,2D,,,2026-07-27,2026,,,100,All,Haifa,Hot Cinema,574
17:45,Saltiz,סולטיז הסרט - וולוג ה-100,https://tickets.hotcinema.co.il/site/1195/tickets?code=1195-166841&languageid=en_gb,https://tickets.hotcinema.co.il/site/1195/tickets?code=1195-166841&languageid=he_IL,Regular,2D,,,2026-07-27,2026,,,100,All,Haifa,Hot Cinema,574
19:10,Saltiz,סולטיז הסרט - וולוג ה-100,https://tickets.hotcinema.co.il/site/1195/tickets?code=1195-166815&languageid=en_gb,https://tickets.hotcinema.co.il/site/1195/tickets?code=1195-166815&languageid=he_IL,Regular,2D,,,2026-07-27,2026,,,100,All,Haifa,Hot Cinema,574
17:15,Supergirl,סופר גירל,https://tickets.hotcinema.co.il/site/1195/tickets?code=1195-166805&languageid=en_gb,https://tickets.hotcinema.co.il/site/1195/tickets?code=1195-166805&languageid=he_IL,Regular,2D,,,2026-07-27,2026,,,107,All,Haifa,Hot Cinema,574
10:15,Super Mario Galaxy,סופר מריו גלקסי הסרט,https://tickets.hotcinema.co.il/site/1195/tickets?code=1195-166859&languageid=en_gb,https://tickets.hotcinema.co.il/site/1195/tickets?code=1195-166859&languageid=he_IL,Regular,2D,,Hebrew,2026-07-27,2026,,,100,All,Haifa,Hot Cinema,574
10:15,Three Wishes for Cinderella,סינדרלה ושלוש המשאלות,https://tickets.hotcinema.co.il/site/1195/tickets?code=1195-166875&languageid=en_gb,https://tickets.hotcinema.co.il/site/1195/tickets?code=1195-166875&languageid=he_IL,Regular,2D,,Hebrew,2026-07-27,2026,,,85,All,Haifa,Hot Cinema,574
12:15,Three Wishes for Cinderella,סינדרלה ושלוש המשאלות,https://tickets.hotcinema.co.il/site/1195/tickets?code=1195-166874&languageid=en_gb,https://tickets.hotcinema.co.il/site/1195/tickets?code=1195-166874&languageid=he_IL,Regular,2D,,Hebrew,2026-07-27,2026,,,85,All,Haifa,Hot Cinema,574
14:15,Three Wishes for Cinderella,סינדרלה ושלוש המשאלות,https://tickets.hotcinema.co.il/site/1195/tickets?code=1195-166873&languageid=en_gb,https://tickets.hotcinema.co.il/site/1195/tickets?code=1195-166873&languageid=he_IL,Regular,2D,,Hebrew,2026-07-27,2026,,,85,All,Haifa,Hot Cinema,574
16:15,Three Wishes for Cinderella,סינדרלה ושלוש המשאלות,https://tickets.hotcinema.co.il/site/1195/tickets?code=1195-166872&languageid=en_gb,https://tickets.hotcinema.co.il/site/1195/tickets?code=1195-166872&languageid=he_IL,Regular,2D,,Hebrew,2026-07-27,2026,,,85,All,Haifa,Hot Cinema,574
20:00,batman,סינמה נוסטלגיה - באטמן 1989,https://tickets.hotcinema.co.il/site/1195/tickets?code=1195-166791&languageid=en_gb,https://tickets.hotcinema.co.il/site/1195/tickets?code=1195-166791&languageid=he_IL,Regular,2D,,,2026-07-27,1989,,,126,12+,Haifa,Hot Cinema,574
15:30,Toy Story 5,צעצוע של סיפור 5,https://tickets.hotcinema.co.il/site/1195/tickets?code=1195-166799&languageid=en_gb,https://tickets.hotcinema.co.il/site/1195/tickets?code=1195-166799&languageid=he_IL,Regular,2D,,,2026-07-27,2026,,,102,All,Haifa,Hot Cinema,574
10:15,Toy Story 5,צעצוע של סיפור 5,https://tickets.hotcinema.co.il/site/1195/tickets?code=1195-166792&languageid=en_gb,https://tickets.hotcinema.co.il/site/1195/tickets?code=1195-166792&languageid=he_IL,Regular,2D,,Hebrew,2026-07-27,2026,,,102,All,Haifa,Hot Cinema,574
11:15,Toy Story 5,צעצוע של סיפור 5,https://tickets.hotcinema.co.il/site/1195/tickets?code=1195-166798&languageid=en_gb,https://tickets.hotcinema.co.il/site/1195/tickets?code=1195-166798&languageid=he_IL,Regular,2D,,Hebrew,2026-07-27,2026,,,102,All,Haifa,Hot Cinema,574
12:30,Toy Story 5,צעצוע של סיפור 5,https://tickets.hotcinema.co.il/site/1195/tickets?code=1195-166793&languageid=en_gb,https://tickets.hotcinema.co.il/site/1195/tickets?code=1195-166793&languageid=he_IL,Regular,2D,,Hebrew,2026-07-27,2026,,,102,All,Haifa,Hot Cinema,574
14:45,Toy Story 5,צעצוע של סיפור 5,https://tickets.hotcinema.co.il/site/1195/tickets?code=1195-166794&languageid=en_gb,https://tickets.hotcinema.co.il/site/1195/tickets?code=1195-166794&languageid=he_IL,Regular,2D,,Hebrew,2026-07-27,2026,,,102,All,Haifa,Hot Cinema,574
17:00,Toy Story 5,צעצוע של סיפור 5,https://tickets.hotcinema.co.il/site/1195/tickets?code=1195-166795&languageid=en_gb,https://tickets.hotcinema.co.il/site/1195/tickets?code=1195-166795&languageid=he_IL,Regular,2D,,Hebrew,2026-07-27,2026,,,102,All,Haifa,Hot Cinema,574
11:30,קופה ראשית: הסרט,קופה ראשית: הסרט,https://tickets.hotcinema.co.il/site/1195/tickets?code=1195-166833&languageid=en_gb,https://tickets.hotcinema.co.il/site/1195/tickets?code=1195-166833&languageid=he_IL,Regular,2D,,,2026-07-27,2026,,,91,All,Haifa,Hot Cinema,574
13:40,קופה ראשית: הסרט,קופה ראשית: הסרט,https://tickets.hotcinema.co.il/site/1195/tickets?code=1195-166834&languageid=en_gb,https://tickets.hotcinema.co.il/site/1195/tickets?code=1195-166834&languageid=he_IL,Regular,2D,,,2026-07-27,2026,,,91,All,Haifa,Hot Cinema,574
15:45,קופה ראשית: הסרט,קופה ראשית: הסרט,https://tickets.hotcinema.co.il/site/1195/tickets?code=1195-166835&languageid=en_gb,https://tickets.hotcinema.co.il/site/1195/tickets?code=1195-166835&languageid=he_IL,Regular,2D,,,2026-07-27,2026,,,91,All,Haifa,Hot Cinema,574
17:50,קופה ראשית: הסרט,קופה ראשית: הסרט,https://tickets.hotcinema.co.il/site/1195/tickets?code=1195-166836&languageid=en_gb,https://tickets.hotcinema.co.il/site/1195/tickets?code=1195-166836&languageid=he_IL,Regular,2D,,,2026-07-27,2026,,,91,All,Haifa,Hot Cinema,574
18:45,קופה ראשית: הסרט,קופה ראשית: הסרט,https://tickets.hotcinema.co.il/site/1195/tickets?code=1195-166879&languageid=en_gb,https://tickets.hotcinema.co.il/site/1195/tickets?code=1195-166879&languageid=he_IL,Regular,2D,,,2026-07-27,2026,,,91,All,Haifa,Hot Cinema,574
19:40,קופה ראשית: הסרט,קופה ראשית: הסרט,https://tickets.hotcinema.co.il/site/1195/tickets?code=1195-166830&languageid=en_gb,https://tickets.hotcinema.co.il/site/1195/tickets?code=1195-166830&languageid=he_IL,Regular,2D,,,2026-07-27,2026,,,91,All,Haifa,Hot Cinema,574
20:20,קופה ראשית: הסרט,קופה ראשית: הסרט,https://tickets.hotcinema.co.il/site/1195/tickets?code=1195-166843&languageid=en_gb,https://tickets.hotcinema.co.il/site/1195/tickets?code=1195-166843&languageid=he_IL,Regular,2D,,,2026-07-27,2026,,,91,All,Haifa,Hot Cinema,574
20:50,קופה ראשית: הסרט,קופה ראשית: הסרט,https://tickets.hotcinema.co.il/site/1195/tickets?code=1195-166878&languageid=en_gb,https://tickets.hotcinema.co.il/site/1195/tickets?code=1195-166878&languageid=he_IL,Regular,2D,,,2026-07-27,2026,,,91,All,Haifa,Hot Cinema,574
21:45,קופה ראשית: הסרט,קופה ראשית: הסרט,https://tickets.hotcinema.co.il/site/1195/tickets?code=1195-166831&languageid=en_gb,https://tickets.hotcinema.co.il/site/1195/tickets?code=1195-166831&languageid=he_IL,Regular,2D,,,2026-07-27,2026,,,91,All,Haifa,Hot Cinema,574
22:40,קופה ראשית: הסרט,קופה ראשית: הסרט,https://tickets.hotcinema.co.il/site/1195/tickets?code=1195-166842&languageid=en_gb,https://tickets.hotcinema.co.il/site/1195/tickets?code=1195-166842&languageid=he_IL,Regular,2D,,,2026-07-27,2026,,,91,All,Haifa,Hot Cinema,574
23:00,קופה ראשית: הסרט,קופה ראשית: הסרט,https://tickets.hotcinema.co.il/site/1195/tickets?code=1195-166877&languageid=en_gb,https://tickets.hotcinema.co.il/site/1195/tickets?code=1195-166877&languageid=he_IL,Regular,2D,,,2026-07-27,2026,,,91,All,Haifa,Hot Cinema,574
19:40,Dream High,תיכון מגשימים,https://tickets.hotcinema.co.il/site/1195/tickets?code=1195-166809&languageid=en_gb,https://tickets.hotcinema.co.il/site/1195/tickets?code=1195-166809&languageid=he_IL,Regular,2D,,,2026-07-27,2026,,,100,12+,Haifa,Hot Cinema,574
21:50,Dream High,תיכון מגשימים,https://tickets.hotcinema.co.il/site/1195/tickets?code=1195-166808&languageid=en_gb,https://tickets.hotcinema.co.il/site/1195/tickets?code=1195-166808&languageid=he_IL,Regular,2D,,,2026-07-27,2026,,,100,12+,Haifa,Hot Cinema,574
22:45,Obsession,אובססיה,https://tickets.hotcinema.co.il/site/1195/tickets?code=1195-167250&languageid=en_gb,https://tickets.hotcinema.co.il/site/1195/tickets?code=1195-167250&languageid=he_IL,Regular,2D,,,2026-07-28,2026,,,108,14+,Haifa,Hot Cinema,574
10:40,Just an Illusion,אשליות מתוקות,https://tickets.hotcinema.co.il/site/1195/tickets?code=1195-167321&languageid=en_gb,https://tickets.hotcinema.co.il/site/1195/tickets?code=1195-167321&languageid=he_IL,Regular,2D,,,2026-07-28,2026,,,116,All,Haifa,Hot Cinema,574
12:30,Just an Illusion,אשליות מתוקות,https://tickets.hotcinema.co.il/site/1195/tickets?code=1195-167311&languageid=en_gb,https://tickets.hotcinema.co.il/site/1195/tickets?code=1195-167311&languageid=he_IL,Regular,2D,,,2026-07-28,2026,,,116,All,Haifa,Hot Cinema,574
14:15,Just an Illusion,אשליות מתוקות,https://tickets.hotcinema.co.il/site/1195/tickets?code=1195-167286&languageid=en_gb,https://tickets.hotcinema.co.il/site/1195/tickets?code=1195-167286&languageid=he_IL,Regular,2D,,,2026-07-28,2026,,,116,All,Haifa,Hot Cinema,574
16:45,Just an Illusion,אשליות מתוקות,https://tickets.hotcinema.co.il/site/1195/tickets?code=1195-167285&languageid=en_gb,https://tickets.hotcinema.co.il/site/1195/tickets?code=1195-167285&languageid=he_IL,Regular,2D,,,2026-07-28,2026,,,116,All,Haifa,Hot Cinema,574
19:15,Just an Illusion,אשליות מתוקות,https://tickets.hotcinema.co.il/site/1195/tickets?code=1195-167284&languageid=en_gb,https://tickets.hotcinema.co.il/site/1195/tickets?code=1195-167284&languageid=he_IL,Regular,2D,,,2026-07-28,2026,,,116,All,Haifa,Hot Cinema,574
21:50,Just an Illusion,אשליות מתוקות,https://tickets.hotcinema.co.il/site/1195/tickets?code=1195-167320&languageid=en_gb,https://tickets.hotcinema.co.il/site/1195/tickets?code=1195-167320&languageid=he_IL,Regular,2D,,,2026-07-28,2026,,,116,All,Haifa,Hot Cinema,574
10:40,The Odyssey,האודיסאה,https://tickets.hotcinema.co.il/site/1195/tickets?code=1195-167287&languageid=en_gb,https://tickets.hotcinema.co.il/site/1195/tickets?code=1195-167287&languageid=he_IL,Regular,2D,,,2026-07-28,2026,,,172,14+,Haifa,Hot Cinema,574
13:00,The Odyssey,האודיסאה,https://tickets.hotcinema.co.il/site/1195/tickets?code=1195-167297&languageid=en_gb,https://tickets.hotcinema.co.il/site/1195/tickets?code=1195-167297&languageid=he_IL,Regular,2D,,,2026-07-28,2026,,,172,14+,Haifa,Hot Cinema,574
16:40,The Odyssey,האודיסאה,https://tickets.hotcinema.co.il/site/1195/tickets?code=1195-167298&languageid=en_gb,https://tickets.hotcinema.co.il/site/1195/tickets?code=1195-167298&languageid=he_IL,Regular,2D,,,2026-07-28,2026,,,172,14+,Haifa,Hot Cinema,574
19:10,The Odyssey,האודיסאה,https://tickets.hotcinema.co.il/site/1195/tickets?code=1195-167279&languageid=en_gb,https://tickets.hotcinema.co.il/site/1195/tickets?code=1195-167279&languageid=he_IL,Regular,2D,,,2026-07-28,2026,,,172,14+,Haifa,Hot Cinema,574
20:15,The Odyssey,האודיסאה,https://tickets.hotcinema.co.il/site/1195/tickets?code=1195-167296&languageid=en_gb,https://tickets.hotcinema.co.il/site/1195/tickets?code=1195-167296&languageid=he_IL,Regular,2D,,,2026-07-28,2026,,,172,14+,Haifa,Hot Cinema,574
20:40,The Odyssey,האודיסאה,https://tickets.hotcinema.co.il/site/1195/tickets?code=1195-167316&languageid=en_gb,https://tickets.hotcinema.co.il/site/1195/tickets?code=1195-167316&languageid=he_IL,Regular,2D,,,2026-07-28,2026,,,172,14+,Haifa,Hot Cinema,574
21:20,The Odyssey,האודיסאה,https://tickets.hotcinema.co.il/site/1195/tickets?code=1195-167272&languageid=en_gb,https://tickets.hotcinema.co.il/site/1195/tickets?code=1195-167272&languageid=he_IL,Regular,2D,,,2026-07-28,2026,,,172,14+,Haifa,Hot Cinema,574
21:50,The Odyssey,האודיסאה,https://tickets.hotcinema.co.il/site/1195/tickets?code=1195-167288&languageid=en_gb,https://tickets.hotcinema.co.il/site/1195/tickets?code=1195-167288&languageid=he_IL,Regular,2D,,,2026-07-28,2026,,,172,14+,Haifa,Hot Cinema,574
13:30,The Invite,ההזמנה,https://tickets.hotcinema.co.il/site/1195/tickets?code=1195-167338&languageid=en_gb,https://tickets.hotcinema.co.il/site/1195/tickets?code=1195-167338&languageid=he_IL,Regular,2D,,,2026-07-28,2026,,,107,14+,Haifa,Hot Cinema,574
15:50,The Invite,ההזמנה,https://tickets.hotcinema.co.il/site/1195/tickets?code=1195-167337&languageid=en_gb,https://tickets.hotcinema.co.il/site/1195/tickets?code=1195-167337&languageid=he_IL,Regular,2D,,,2026-07-28,2026,,,107,14+,Haifa,Hot Cinema,574
21:30,The Invite,ההזמנה,https://tickets.hotcinema.co.il/site/1195/tickets?code=1195-167339&languageid=en_gb,https://tickets.hotcinema.co.il/site/1195/tickets?code=1195-167339&languageid=he_IL,Regular,2D,,,2026-07-28,2026,,,107,14+,Haifa,Hot Cinema,574
15:10,American Hina,חינה אמריקאית,https://tickets.hotcinema.co.il/site/1195/tickets?code=1195-167315&languageid=en_gb,https://tickets.hotcinema.co.il/site/1195/tickets?code=1195-167315&languageid=he_IL,Regular,2D,,,2026-07-28,2026,,,100,All,Haifa,Hot Cinema,574
17:20,American Hina,חינה אמריקאית,https://tickets.hotcinema.co.il/site/1195/tickets?code=1195-167312&languageid=en_gb,https://tickets.hotcinema.co.il/site/1195/tickets?code=1195-167312&languageid=he_IL,Regular,2D,,,2026-07-28,2026,,,100,All,Haifa,Hot Cinema,574
19:30,American Hina,חינה אמריקאית,https://tickets.hotcinema.co.il/site/1195/tickets?code=1195-167313&languageid=en_gb,https://tickets.hotcinema.co.il/site/1195/tickets?code=1195-167313&languageid=he_IL,Regular,2D,,,2026-07-28,2026,,,100,All,Haifa,Hot Cinema,574
21:40,American Hina,חינה אמריקאית,https://tickets.hotcinema.co.il/site/1195/tickets?code=1195-167314&languageid=en_gb,https://tickets.hotcinema.co.il/site/1195/tickets?code=1195-167314&languageid=he_IL,Regular,2D,,,2026-07-28,2026,,,100,All,Haifa,Hot Cinema,574
13:10,Tafiti: Across the Desert,טפיטי: הרפתקה במדבר,https://tickets.hotcinema.co.il/site/1195/tickets?code=1195-167317&languageid=en_gb,https://tickets.hotcinema.co.il/site/1195/tickets?code=1195-167317&languageid=he_IL,Regular,2D,,,2026-07-28,,,,81,הגבלת גיל: עד גיל 8 בליווי מבוגר,Haifa,Hot Cinema,574
15:05,Tafiti: Across the Desert,טפיטי: הרפתקה במדבר,https://tickets.hotcinema.co.il/site/1195/tickets?code=1195-167318&languageid=en_gb,https://tickets.hotcinema.co.il/site/1195/tickets?code=1195-167318&languageid=he_IL,Regular,2D,,,2026-07-28,,,,81,הגבלת גיל: עד גיל 8 בליווי מבוגר,Haifa,Hot Cinema,574
17:00,Tafiti: Across the Desert,טפיטי: הרפתקה במדבר,https://tickets.hotcinema.co.il/site/1195/tickets?code=1195-167319&languageid=en_gb,https://tickets.hotcinema.co.il/site/1195/tickets?code=1195-167319&languageid=he_IL,Regular,2D,,,2026-07-28,,,,81,הגבלת גיל: עד גיל 8 בליווי מבוגר,Haifa,Hot Cinema,574
19:15,One night only,"טרום בכורה בט""ו באב - לגמור את הלילה",https://tickets.hotcinema.co.il/site/1195/tickets?code=1195-167259&languageid=en_gb,https://tickets.hotcinema.co.il/site/1195/tickets?code=1195-167259&languageid=he_IL,Regular,2D,,,2026-07-28,2026,,,102,14+,Haifa,Hot Cinema,574
21:30,One night only,"טרום בכורה בט""ו באב - לגמור את הלילה",https://tickets.hotcinema.co.il/site/1195/tickets?code=1195-167260&languageid=en_gb,https://tickets.hotcinema.co.il/site/1195/tickets?code=1195-167260&languageid=he_IL,Regular,2D,,,2026-07-28,2026,,,102,14+,Haifa,Hot Cinema,574
11:10,Diamonds,יהלומים,https://tickets.hotcinema.co.il/site/1195/tickets?code=1195-167269&languageid=en_gb,https://tickets.hotcinema.co.il/site/1195/tickets?code=1195-167269&languageid=he_IL,Regular,2D,,,2026-07-28,2024,,,135,All,Haifa,Hot Cinema,574
14:00,Diamonds,יהלומים,https://tickets.hotcinema.co.il/site/1195/tickets?code=1195-167268&languageid=en_gb,https://tickets.hotcinema.co.il/site/1195/tickets?code=1195-167268&languageid=he_IL,Regular,2D,,,2026-07-28,2024,,,135,All,Haifa,Hot Cinema,574
16:45,Diamonds,יהלומים,https://tickets.hotcinema.co.il/site/1195/tickets?code=1195-167441&languageid=en_gb,https://tickets.hotcinema.co.il/site/1195/tickets?code=1195-167441&languageid=he_IL,Regular,2D,,,2026-07-28,2024,,,135,All,Haifa,Hot Cinema,574
19:00,Diamonds,יהלומים,https://tickets.hotcinema.co.il/site/1195/tickets?code=1195-167322&languageid=en_gb,https://tickets.hotcinema.co.il/site/1195/tickets?code=1195-167322&languageid=he_IL,Regular,2D,,,2026-07-28,2024,,,135,All,Haifa,Hot Cinema,574
18:15,כי את מכוערת,כי את מכוערת,https://tickets.hotcinema.co.il/site/1195/tickets?code=1195-167324&languageid=en_gb,https://tickets.hotcinema.co.il/site/1195/tickets?code=1195-167324&languageid=he_IL,Regular,2D,,,2026-07-28,2025,,,83,12+,Haifa,Hot Cinema,574
20:10,כי את מכוערת,כי את מכוערת,https://tickets.hotcinema.co.il/site/1195/tickets?code=1195-167323&languageid=en_gb,https://tickets.hotcinema.co.il/site/1195/tickets?code=1195-167323&languageid=he_IL,Regular,2D,,,2026-07-28,2025,,,83,12+,Haifa,Hot Cinema,574
11:15,For the Love of a Woman,כימים אחדים,https://tickets.hotcinema.co.il/site/1195/tickets?code=1195-167334&languageid=en_gb,https://tickets.hotcinema.co.il/site/1195/tickets?code=1195-167334&languageid=he_IL,Regular,2D,,,2026-07-28,2025,,,117,הגבלת גיל: הותר מגיל 9,Haifa,Hot Cinema,574
16:20,For the Love of a Woman,כימים אחדים,https://tickets.hotcinema.co.il/site/1195/tickets?code=1195-167333&languageid=en_gb,https://tickets.hotcinema.co.il/site/1195/tickets?code=1195-167333&languageid=he_IL,Regular,2D,,,2026-07-28,2025,,,117,הגבלת גיל: הותר מגיל 9,Haifa,Hot Cinema,574
18:45,For the Love of a Woman,כימים אחדים,https://tickets.hotcinema.co.il/site/1195/tickets?code=1195-167277&languageid=en_gb,https://tickets.hotcinema.co.il/site/1195/tickets?code=1195-167277&languageid=he_IL,Regular,2D,,,2026-07-28,2025,,,117,הגבלת גיל: הותר מגיל 9,Haifa,Hot Cinema,574
13:50,The Get Out,לצאת מהמשחק,https://tickets.hotcinema.co.il/site/1195/tickets?code=1195-167330&languageid=en_gb,https://tickets.hotcinema.co.il/site/1195/tickets?code=1195-167330&languageid=he_IL,Regular,2D,,,2026-07-28,2026,,,101,14+,Haifa,Hot Cinema,574
19:45,The Get Out,לצאת מהמשחק,https://tickets.hotcinema.co.il/site/1195/tickets?code=1195-167264&languageid=en_gb,https://tickets.hotcinema.co.il/site/1195/tickets?code=1195-167264&languageid=he_IL,Regular,2D,,,2026-07-28,2026,,,101,14+,Haifa,Hot Cinema,574
10:30,מאמא,מאמא,https://tickets.hotcinema.co.il/site/1195/tickets?code=1195-167299&languageid=en_gb,https://tickets.hotcinema.co.il/site/1195/tickets?code=1195-167299&languageid=he_IL,Regular,2D,,,2026-07-28,2026,,,92,12+,Haifa,Hot Cinema,574
11:30,מאמא,מאמא,https://tickets.hotcinema.co.il/site/1195/tickets?code=1195-167254&languageid=en_gb,https://tickets.hotcinema.co.il/site/1195/tickets?code=1195-167254&languageid=he_IL,Regular,2D,,,2026-07-28,2026,,,92,12+,Haifa,Hot Cinema,574
13:40,מאמא,מאמא,https://tickets.hotcinema.co.il/site/1195/tickets?code=1195-167253&languageid=en_gb,https://tickets.hotcinema.co.il/site/1195/tickets?code=1195-167253&languageid=he_IL,Regular,2D,,,2026-07-28,2026,,,92,12+,Haifa,Hot Cinema,574
15:45,מאמא,מאמא,https://tickets.hotcinema.co.il/site/1195/tickets?code=1195-167252&languageid=en_gb,https://tickets.hotcinema.co.il/site/1195/tickets?code=1195-167252&languageid=he_IL,Regular,2D,,,2026-07-28,2026,,,92,12+,Haifa,Hot Cinema,574
18:10,מאמא,מאמא,https://tickets.hotcinema.co.il/site/1195/tickets?code=1195-167335&languageid=en_gb,https://tickets.hotcinema.co.il/site/1195/tickets?code=1195-167335&languageid=he_IL,Regular,2D,,,2026-07-28,2026,,,92,12+,Haifa,Hot Cinema,574
20:00,מאמא,מאמא,https://tickets.hotcinema.co.il/site/1195/tickets?code=1195-167251&languageid=en_gb,https://tickets.hotcinema.co.il/site/1195/tickets?code=1195-167251&languageid=he_IL,Regular,2D,,,2026-07-28,2026,,,92,12+,Haifa,Hot Cinema,574
11:00,The ties that bind us,מה שמחבר בינינו,https://tickets.hotcinema.co.il/site/1195/tickets?code=1195-167336&languageid=en_gb,https://tickets.hotcinema.co.il/site/1195/tickets?code=1195-167336&languageid=he_IL,Regular,2D,,,2026-07-28,2024,,,106,All,Haifa,Hot Cinema,574
22:00,Moana (Live Action),מואנה לייב אקשן,https://tickets.hotcinema.co.il/site/1195/tickets?code=1195-167306&languageid=en_gb,https://tickets.hotcinema.co.il/site/1195/tickets?code=1195-167306&languageid=he_IL,Regular,2D,,,2026-07-28,2026,,,115,All,Haifa,Hot Cinema,574
10:10,Moana (Live Action),מואנה לייב אקשן,https://tickets.hotcinema.co.il/site/1195/tickets?code=1195-167302&languageid=en_gb,https://tickets.hotcinema.co.il/site/1195/tickets?code=1195-167302&languageid=he_IL,Regular,2D,,Hebrew,2026-07-28,2026,,,115,All,Haifa,Hot Cinema,574
12:40,Moana (Live Action),מואנה לייב אקשן,https://tickets.hotcinema.co.il/site/1195/tickets?code=1195-167305&languageid=en_gb,https://tickets.hotcinema.co.il/site/1195/tickets?code=1195-167305&languageid=he_IL,Regular,2D,,Hebrew,2026-07-28,2026,,,115,All,Haifa,Hot Cinema,574
15:10,Moana (Live Action),מואנה לייב אקשן,https://tickets.hotcinema.co.il/site/1195/tickets?code=1195-167304&languageid=en_gb,https://tickets.hotcinema.co.il/site/1195/tickets?code=1195-167304&languageid=he_IL,Regular,2D,,Hebrew,2026-07-28,2026,,,115,All,Haifa,Hot Cinema,574
17:40,Moana (Live Action),מואנה לייב אקשן,https://tickets.hotcinema.co.il/site/1195/tickets?code=1195-167303&languageid=en_gb,https://tickets.hotcinema.co.il/site/1195/tickets?code=1195-167303&languageid=he_IL,Regular,2D,,Hebrew,2026-07-28,2026,,,115,All,Haifa,Hot Cinema,574
22:10,EVIL DEAD BURN,מוות אכזרי אש,https://tickets.hotcinema.co.il/site/1195/tickets?code=1195-167325&languageid=en_gb,https://tickets.hotcinema.co.il/site/1195/tickets?code=1195-167325&languageid=he_IL,Regular,2D,,,2026-07-28,2026,,,110,הגבלת גיל: הותר מגיל 18 בהצגת תעודה מזהה,Haifa,Hot Cinema,574
17:45,Minions & Monsters,מיניונים ומפלצות,https://tickets.hotcinema.co.il/site/1195/tickets?code=1195-167265&languageid=en_gb,https://tickets.hotcinema.co.il/site/1195/tickets?code=1195-167265&languageid=he_IL,Regular,2D,,,2026-07-28,2026,,,90,All,Haifa,Hot Cinema,574
22:00,Minions & Monsters,מיניונים ומפלצות,https://tickets.hotcinema.co.il/site/1195/tickets?code=1195-167266&languageid=en_gb,https://tickets.hotcinema.co.il/site/1195/tickets?code=1195-167266&languageid=he_IL,Regular,2D,,,2026-07-28,2026,,,90,All,Haifa,Hot Cinema,574
11:10,Minions & Monsters,מיניונים ומפלצות,https://tickets.hotcinema.co.il/site/1195/tickets?code=1195-167289&languageid=en_gb,https://tickets.hotcinema.co.il/site/1195/tickets?code=1195-167289&languageid=he_IL,Regular,2D,,Hebrew,2026-07-28,2026,,,90,All,Haifa,Hot Cinema,574
13:15,Minions & Monsters,מיניונים ומפלצות,https://tickets.hotcinema.co.il/site/1195/tickets?code=1195-167290&languageid=en_gb,https://tickets.hotcinema.co.il/site/1195/tickets?code=1195-167290&languageid=he_IL,Regular,2D,,Hebrew,2026-07-28,2026,,,90,All,Haifa,Hot Cinema,574
15:25,Minions & Monsters,מיניונים ומפלצות,https://tickets.hotcinema.co.il/site/1195/tickets?code=1195-167291&languageid=en_gb,https://tickets.hotcinema.co.il/site/1195/tickets?code=1195-167291&languageid=he_IL,Regular,2D,,Hebrew,2026-07-28,2026,,,90,All,Haifa,Hot Cinema,574
17:30,Minions & Monsters,מיניונים ומפלצות,https://tickets.hotcinema.co.il/site/1195/tickets?code=1195-167292&languageid=en_gb,https://tickets.hotcinema.co.il/site/1195/tickets?code=1195-167292&languageid=he_IL,Regular,2D,,Hebrew,2026-07-28,2026,,,90,All,Haifa,Hot Cinema,574
10:15,School of Magical Animals,סוד החיות הקסומות 3,https://tickets.hotcinema.co.il/site/1195/tickets?code=1195-167310&languageid=en_gb,https://tickets.hotcinema.co.il/site/1195/tickets?code=1195-167310&languageid=he_IL,Regular,2D,,Hebrew,2026-07-28,2024,,,105,All,Haifa,Hot Cinema,574
12:35,School of Magical Animals,סוד החיות הקסומות 3,https://tickets.hotcinema.co.il/site/1195/tickets?code=1195-167309&languageid=en_gb,https://tickets.hotcinema.co.il/site/1195/tickets?code=1195-167309&languageid=he_IL,Regular,2D,,Hebrew,2026-07-28,2024,,,105,All,Haifa,Hot Cinema,574
14:55,School of Magical Animals,סוד החיות הקסומות 3,https://tickets.hotcinema.co.il/site/1195/tickets?code=1195-167308&languageid=en_gb,https://tickets.hotcinema.co.il/site/1195/tickets?code=1195-167308&languageid=he_IL,Regular,2D,,Hebrew,2026-07-28,2024,,,105,All,Haifa,Hot Cinema,574
17:15,School of Magical Animals,סוד החיות הקסומות 3,https://tickets.hotcinema.co.il/site/1195/tickets?code=1195-167307&languageid=en_gb,https://tickets.hotcinema.co.il/site/1195/tickets?code=1195-167307&languageid=he_IL,Regular,2D,,Hebrew,2026-07-28,2024,,,105,All,Haifa,Hot Cinema,574
10:30,Saltiz,סולטיז הסרט - וולוג ה-100,https://tickets.hotcinema.co.il/site/1195/tickets?code=1195-167280&languageid=en_gb,https://tickets.hotcinema.co.il/site/1195/tickets?code=1195-167280&languageid=he_IL,Regular,2D,,,2026-07-28,2026,,,100,All,Haifa,Hot Cinema,574
12:40,Saltiz,סולטיז הסרט - וולוג ה-100,https://tickets.hotcinema.co.il/site/1195/tickets?code=1195-167281&languageid=en_gb,https://tickets.hotcinema.co.il/site/1195/tickets?code=1195-167281&languageid=he_IL,Regular,2D,,,2026-07-28,2026,,,100,All,Haifa,Hot Cinema,574
14:50,Saltiz,סולטיז הסרט - וולוג ה-100,https://tickets.hotcinema.co.il/site/1195/tickets?code=1195-167282&languageid=en_gb,https://tickets.hotcinema.co.il/site/1195/tickets?code=1195-167282&languageid=he_IL,Regular,2D,,,2026-07-28,2026,,,100,All,Haifa,Hot Cinema,574
17:00,Saltiz,סולטיז הסרט - וולוג ה-100,https://tickets.hotcinema.co.il/site/1195/tickets?code=1195-167283&languageid=en_gb,https://tickets.hotcinema.co.il/site/1195/tickets?code=1195-167283&languageid=he_IL,Regular,2D,,,2026-07-28,2026,,,100,All,Haifa,Hot Cinema,574
10:15,Three Wishes for Cinderella,סינדרלה ושלוש המשאלות,https://tickets.hotcinema.co.il/site/1195/tickets?code=1195-167329&languageid=en_gb,https://tickets.hotcinema.co.il/site/1195/tickets?code=1195-167329&languageid=he_IL,Regular,2D,,Hebrew,2026-07-28,2026,,,85,All,Haifa,Hot Cinema,574
12:15,Three Wishes for Cinderella,סינדרלה ושלוש המשאלות,https://tickets.hotcinema.co.il/site/1195/tickets?code=1195-167328&languageid=en_gb,https://tickets.hotcinema.co.il/site/1195/tickets?code=1195-167328&languageid=he_IL,Regular,2D,,Hebrew,2026-07-28,2026,,,85,All,Haifa,Hot Cinema,574
14:15,Three Wishes for Cinderella,סינדרלה ושלוש המשאלות,https://tickets.hotcinema.co.il/site/1195/tickets?code=1195-167327&languageid=en_gb,https://tickets.hotcinema.co.il/site/1195/tickets?code=1195-167327&languageid=he_IL,Regular,2D,,Hebrew,2026-07-28,2026,,,85,All,Haifa,Hot Cinema,574
16:15,Three Wishes for Cinderella,סינדרלה ושלוש המשאלות,https://tickets.hotcinema.co.il/site/1195/tickets?code=1195-167326&languageid=en_gb,https://tickets.hotcinema.co.il/site/1195/tickets?code=1195-167326&languageid=he_IL,Regular,2D,,Hebrew,2026-07-28,2026,,,85,All,Haifa,Hot Cinema,574
10:20,Sentimental Value,ערך סנטימנטלי,https://tickets.hotcinema.co.il/site/1195/tickets?code=1195-167276&languageid=en_gb,https://tickets.hotcinema.co.il/site/1195/tickets?code=1195-167276&languageid=he_IL,Regular,2D,,,2026-07-28,2025,,,132,All,Haifa,Hot Cinema,574
13:05,Sentimental Value,ערך סנטימנטלי,https://tickets.hotcinema.co.il/site/1195/tickets?code=1195-167275&languageid=en_gb,https://tickets.hotcinema.co.il/site/1195/tickets?code=1195-167275&languageid=he_IL,Regular,2D,,,2026-07-28,2025,,,132,All,Haifa,Hot Cinema,574
15:50,Sentimental Value,ערך סנטימנטלי,https://tickets.hotcinema.co.il/site/1195/tickets?code=1195-167274&languageid=en_gb,https://tickets.hotcinema.co.il/site/1195/tickets?code=1195-167274&languageid=he_IL,Regular,2D,,,2026-07-28,2025,,,132,All,Haifa,Hot Cinema,574
18:35,Sentimental Value,ערך סנטימנטלי,https://tickets.hotcinema.co.il/site/1195/tickets?code=1195-167273&languageid=en_gb,https://tickets.hotcinema.co.il/site/1195/tickets?code=1195-167273&languageid=he_IL,Regular,2D,,,2026-07-28,2025,,,132,All,Haifa,Hot Cinema,574
10:15,Toy Story 5,צעצוע של סיפור 5,https://tickets.hotcinema.co.il/site/1195/tickets?code=1195-167255&languageid=en_gb,https://tickets.hotcinema.co.il/site/1195/tickets?code=1195-167255&languageid=he_IL,Regular,2D,,Hebrew,2026-07-28,2026,,,102,All,Haifa,Hot Cinema,574
12:30,Toy Story 5,צעצוע של סיפור 5,https://tickets.hotcinema.co.il/site/1195/tickets?code=1195-167256&languageid=en_gb,https://tickets.hotcinema.co.il/site/1195/tickets?code=1195-167256&languageid=he_IL,Regular,2D,,Hebrew,2026-07-28,2026,,,102,All,Haifa,Hot Cinema,574
14:45,Toy Story 5,צעצוע של סיפור 5,https://tickets.hotcinema.co.il/site/1195/tickets?code=1195-167257&languageid=en_gb,https://tickets.hotcinema.co.il/site/1195/tickets?code=1195-167257&languageid=he_IL,Regular,2D,,Hebrew,2026-07-28,2026,,,102,All,Haifa,Hot Cinema,574
17:00,Toy Story 5,צעצוע של סיפור 5,https://tickets.hotcinema.co.il/site/1195/tickets?code=1195-167258&languageid=en_gb,https://tickets.hotcinema.co.il/site/1195/tickets?code=1195-167258&languageid=he_IL,Regular,2D,,Hebrew,2026-07-28,2026,,,102,All,Haifa,Hot Cinema,574
11:20,קופה ראשית: הסרט,קופה ראשית: הסרט,https://tickets.hotcinema.co.il/site/1195/tickets?code=1195-167261&languageid=en_gb,https://tickets.hotcinema.co.il/site/1195/tickets?code=1195-167261&languageid=he_IL,Regular,2D,,,2026-07-28,2026,,,91,All,Haifa,Hot Cinema,574
13:30,קופה ראשית: הסרט,קופה ראשית: הסרט,https://tickets.hotcinema.co.il/site/1195/tickets?code=1195-167262&languageid=en_gb,https://tickets.hotcinema.co.il/site/1195/tickets?code=1195-167262&languageid=he_IL,Regular,2D,,,2026-07-28,2026,,,91,All,Haifa,Hot Cinema,574
15:40,קופה ראשית: הסרט,קופה ראשית: הסרט,https://tickets.hotcinema.co.il/site/1195/tickets?code=1195-167263&languageid=en_gb,https://tickets.hotcinema.co.il/site/1195/tickets?code=1195-167263&languageid=he_IL,Regular,2D,,,2026-07-28,2026,,,91,All,Haifa,Hot Cinema,574
17:50,קופה ראשית: הסרט,קופה ראשית: הסרט,https://tickets.hotcinema.co.il/site/1195/tickets?code=1195-167295&languageid=en_gb,https://tickets.hotcinema.co.il/site/1195/tickets?code=1195-167295&languageid=he_IL,Regular,2D,,,2026-07-28,2026,,,91,All,Haifa,Hot Cinema,574
18:50,קופה ראשית: הסרט,קופה ראשית: הסרט,https://tickets.hotcinema.co.il/site/1195/tickets?code=1195-167332&languageid=en_gb,https://tickets.hotcinema.co.il/site/1195/tickets?code=1195-167332&languageid=he_IL,Regular,2D,,,2026-07-28,2026,,,91,All,Haifa,Hot Cinema,574
19:40,קופה ראשית: הסרט,קופה ראשית: הסרט,https://tickets.hotcinema.co.il/site/1195/tickets?code=1195-167293&languageid=en_gb,https://tickets.hotcinema.co.il/site/1195/tickets?code=1195-167293&languageid=he_IL,Regular,2D,,,2026-07-28,2026,,,91,All,Haifa,Hot Cinema,574
20:20,קופה ראשית: הסרט,קופה ראשית: הסרט,https://tickets.hotcinema.co.il/site/1195/tickets?code=1195-167301&languageid=en_gb,https://tickets.hotcinema.co.il/site/1195/tickets?code=1195-167301&languageid=he_IL,Regular,2D,,,2026-07-28,2026,,,91,All,Haifa,Hot Cinema,574
21:00,קופה ראשית: הסרט,קופה ראשית: הסרט,https://tickets.hotcinema.co.il/site/1195/tickets?code=1195-167331&languageid=en_gb,https://tickets.hotcinema.co.il/site/1195/tickets?code=1195-167331&languageid=he_IL,Regular,2D,,,2026-07-28,2026,,,91,All,Haifa,Hot Cinema,574
21:45,קופה ראשית: הסרט,קופה ראשית: הסרט,https://tickets.hotcinema.co.il/site/1195/tickets?code=1195-167294&languageid=en_gb,https://tickets.hotcinema.co.il/site/1195/tickets?code=1195-167294&languageid=he_IL,Regular,2D,,,2026-07-28,2026,,,91,All,Haifa,Hot Cinema,574
22:40,קופה ראשית: הסרט,קופה ראשית: הסרט,https://tickets.hotcinema.co.il/site/1195/tickets?code=1195-167300&languageid=en_gb,https://tickets.hotcinema.co.il/site/1195/tickets?code=1195-167300&languageid=he_IL,Regular,2D,,,2026-07-28,2026,,,91,All,Haifa,Hot Cinema,574
19:30,Dream High,תיכון מגשימים,https://tickets.hotcinema.co.il/site/1195/tickets?code=1195-167271&languageid=en_gb,https://tickets.hotcinema.co.il/site/1195/tickets?code=1195-167271&languageid=he_IL,Regular,2D,,,2026-07-28,2026,,,100,12+,Haifa,Hot Cinema,574
21:45,Dream High,תיכון מגשימים,https://tickets.hotcinema.co.il/site/1195/tickets?code=1195-167270&languageid=en_gb,https://tickets.hotcinema.co.il/site/1195/tickets?code=1195-167270&languageid=he_IL,Regular,2D,,,2026-07-28,2026,,,100,12+,Haifa,Hot Cinema,574
12:30,Just an Illusion,אשליות מתוקות,https://tickets.hotcinema.co.il/site/1195/tickets?code=1195-166940&languageid=en_gb,https://tickets.hotcinema.co.il/site/1195/tickets?code=1195-166940&languageid=he_IL,Regular,2D,,,2026-07-29,2026,,,116,All,Haifa,Hot Cinema,574
18:15,Just an Illusion,אשליות מתוקות,https://tickets.hotcinema.co.il/site/1195/tickets?code=1195-166954&languageid=en_gb,https://tickets.hotcinema.co.il/site/1195/tickets?code=1195-166954&languageid=he_IL,Regular,2D,,,2026-07-29,2026,,,116,All,Haifa,Hot Cinema,574
11:00,The Odyssey,האודיסאה,https://tickets.hotcinema.co.il/site/1195/tickets?code=1195-166919&languageid=en_gb,https://tickets.hotcinema.co.il/site/1195/tickets?code=1195-166919&languageid=he_IL,Regular,2D,,,2026-07-29,2026,,,172,14+,Haifa,Hot Cinema,574
13:15,The Odyssey,האודיסאה,https://tickets.hotcinema.co.il/site/1195/tickets?code=1195-166945&languageid=en_gb,https://tickets.hotcinema.co.il/site/1195/tickets?code=1195-166945&languageid=he_IL,Regular,2D,,,2026-07-29,2026,,,172,14+,Haifa,Hot Cinema,574
17:00,The Odyssey,האודיסאה,https://tickets.hotcinema.co.il/site/1195/tickets?code=1195-166946&languageid=en_gb,https://tickets.hotcinema.co.il/site/1195/tickets?code=1195-166946&languageid=he_IL,Regular,2D,,,2026-07-29,2026,,,172,14+,Haifa,Hot Cinema,574
19:10,The Odyssey,האודיסאה,https://tickets.hotcinema.co.il/site/1195/tickets?code=1195-166908&languageid=en_gb,https://tickets.hotcinema.co.il/site/1195/tickets?code=1195-166908&languageid=he_IL,Regular,2D,,,2026-07-29,2026,,,172,14+,Haifa,Hot Cinema,574
20:45,The Odyssey,האודיסאה,https://tickets.hotcinema.co.il/site/1195/tickets?code=1195-166955&languageid=en_gb,https://tickets.hotcinema.co.il/site/1195/tickets?code=1195-166955&languageid=he_IL,Regular,2D,,,2026-07-29,2026,,,172,14+,Haifa,Hot Cinema,574
21:30,The Odyssey,האודיסאה,https://tickets.hotcinema.co.il/site/1195/tickets?code=1195-166920&languageid=en_gb,https://tickets.hotcinema.co.il/site/1195/tickets?code=1195-166920&languageid=he_IL,Regular,2D,,,2026-07-29,2026,,,172,14+,Haifa,Hot Cinema,574
21:15,The Invite,ההזמנה,https://tickets.hotcinema.co.il/site/1195/tickets?code=1195-166913&languageid=en_gb,https://tickets.hotcinema.co.il/site/1195/tickets?code=1195-166913&languageid=he_IL,Regular,2D,,,2026-07-29,2026,,,107,14+,Haifa,Hot Cinema,574
10:20,Animal Farm,חוות החיות,https://tickets.hotcinema.co.il/site/1195/tickets?code=1195-166909&languageid=en_gb,https://tickets.hotcinema.co.il/site/1195/tickets?code=1195-166909&languageid=he_IL,Regular,2D,,Hebrew,2026-07-29,2026,,,95,All,Haifa,Hot Cinema,574
15:10,American Hina,חינה אמריקאית,https://tickets.hotcinema.co.il/site/1195/tickets?code=1195-166941&languageid=en_gb,https://tickets.hotcinema.co.il/site/1195/tickets?code=1195-166941&languageid=he_IL,Regular,2D,,,2026-07-29,2026,,,100,All,Haifa,Hot Cinema,574
19:30,American Hina,חינה אמריקאית,https://tickets.hotcinema.co.il/site/1195/tickets?code=1195-166942&languageid=en_gb,https://tickets.hotcinema.co.il/site/1195/tickets?code=1195-166942&languageid=he_IL,Regular,2D,,,2026-07-29,2026,,,100,All,Haifa,Hot Cinema,574
21:40,American Hina,חינה אמריקאית,https://tickets.hotcinema.co.il/site/1195/tickets?code=1195-166943&languageid=en_gb,https://tickets.hotcinema.co.il/site/1195/tickets?code=1195-166943&languageid=he_IL,Regular,2D,,,2026-07-29,2026,,,100,All,Haifa,Hot Cinema,574
10:30,Tafiti: Across the Desert,טפיטי: הרפתקה במדבר,https://tickets.hotcinema.co.il/site/1195/tickets?code=1195-166950&languageid=en_gb,https://tickets.hotcinema.co.il/site/1195/tickets?code=1195-166950&languageid=he_IL,Regular,2D,,,2026-07-29,,,,81,הגבלת גיל: עד גיל 8 בליווי מבוגר,Haifa,Hot Cinema,574
12:30,Tafiti: Across the Desert,טפיטי: הרפתקה במדבר,https://tickets.hotcinema.co.il/site/1195/tickets?code=1195-166951&languageid=en_gb,https://tickets.hotcinema.co.il/site/1195/tickets?code=1195-166951&languageid=he_IL,Regular,2D,,,2026-07-29,,,,81,הגבלת גיל: עד גיל 8 בליווי מבוגר,Haifa,Hot Cinema,574
14:25,Tafiti: Across the Desert,טפיטי: הרפתקה במדבר,https://tickets.hotcinema.co.il/site/1195/tickets?code=1195-166952&languageid=en_gb,https://tickets.hotcinema.co.il/site/1195/tickets?code=1195-166952&languageid=he_IL,Regular,2D,,,2026-07-29,,,,81,הגבלת גיל: עד גיל 8 בליווי מבוגר,Haifa,Hot Cinema,574
16:20,Tafiti: Across the Desert,טפיטי: הרפתקה במדבר,https://tickets.hotcinema.co.il/site/1195/tickets?code=1195-166953&languageid=en_gb,https://tickets.hotcinema.co.il/site/1195/tickets?code=1195-166953&languageid=he_IL,Regular,2D,,,2026-07-29,,,,81,הגבלת גיל: עד גיל 8 בליווי מבוגר,Haifa,Hot Cinema,574
19:15,One night only,"טרום בכורה בט""ו באב - לגמור את הלילה",https://tickets.hotcinema.co.il/site/1195/tickets?code=1195-166894&languageid=en_gb,https://tickets.hotcinema.co.il/site/1195/tickets?code=1195-166894&languageid=he_IL,Regular,2D,,,2026-07-29,2026,,,102,14+,Haifa,Hot Cinema,574
21:30,One night only,"טרום בכורה בט""ו באב - לגמור את הלילה",https://tickets.hotcinema.co.il/site/1195/tickets?code=1195-166895&languageid=en_gb,https://tickets.hotcinema.co.il/site/1195/tickets?code=1195-166895&languageid=he_IL,Regular,2D,,,2026-07-29,2026,,,102,14+,Haifa,Hot Cinema,574
18:15,כי את מכוערת,כי את מכוערת,https://tickets.hotcinema.co.il/site/1195/tickets?code=1195-166956&languageid=en_gb,https://tickets.hotcinema.co.il/site/1195/tickets?code=1195-166956&languageid=he_IL,Regular,2D,,,2026-07-29,2025,,,83,12+,Haifa,Hot Cinema,574
20:15,כי את מכוערת,כי את מכוערת,https://tickets.hotcinema.co.il/site/1195/tickets?code=1195-166957&languageid=en_gb,https://tickets.hotcinema.co.il/site/1195/tickets?code=1195-166957&languageid=he_IL,Regular,2D,,,2026-07-29,2025,,,83,12+,Haifa,Hot Cinema,574
18:50,For the Love of a Woman,כימים אחדים,https://tickets.hotcinema.co.il/site/1195/tickets?code=1195-166912&languageid=en_gb,https://tickets.hotcinema.co.il/site/1195/tickets?code=1195-166912&languageid=he_IL,Regular,2D,,,2026-07-29,2025,,,117,הגבלת גיל: הותר מגיל 9,Haifa,Hot Cinema,574
11:10,מאמא,מאמא,https://tickets.hotcinema.co.il/site/1195/tickets?code=1195-166964&languageid=en_gb,https://tickets.hotcinema.co.il/site/1195/tickets?code=1195-166964&languageid=he_IL,Regular,2D,,,2026-07-29,2026,,,92,12+,Haifa,Hot Cinema,574
10:30,MASHA and THE BEAR – WONDER PARK,מאשה והדוב – ההרפתקה הגדולה,https://tickets.hotcinema.co.il/site/1195/tickets?code=1195-166902&languageid=en_gb,https://tickets.hotcinema.co.il/site/1195/tickets?code=1195-166902&languageid=he_IL,Regular,2D,,Hebrew,2026-07-29,2026,,,73,All,Haifa,Hot Cinema,574
12:20,Moana (Live Action),מואנה לייב אקשן,https://tickets.hotcinema.co.il/site/1195/tickets?code=1195-166901&languageid=en_gb,https://tickets.hotcinema.co.il/site/1195/tickets?code=1195-166901&languageid=he_IL,Regular,2D,,,2026-07-29,2026,,,115,All,Haifa,Hot Cinema,574
10:10,Moana (Live Action),מואנה לייב אקשן,https://tickets.hotcinema.co.il/site/1195/tickets?code=1195-166930&languageid=en_gb,https://tickets.hotcinema.co.il/site/1195/tickets?code=1195-166930&languageid=he_IL,Regular,2D,,Hebrew,2026-07-29,2026,,,115,All,Haifa,Hot Cinema,574
12:40,Moana (Live Action),מואנה לייב אקשן,https://tickets.hotcinema.co.il/site/1195/tickets?code=1195-166933&languageid=en_gb,https://tickets.hotcinema.co.il/site/1195/tickets?code=1195-166933&languageid=he_IL,Regular,2D,,Hebrew,2026-07-29,2026,,,115,All,Haifa,Hot Cinema,574
15:10,Moana (Live Action),מואנה לייב אקשן,https://tickets.hotcinema.co.il/site/1195/tickets?code=1195-166932&languageid=en_gb,https://tickets.hotcinema.co.il/site/1195/tickets?code=1195-166932&languageid=he_IL,Regular,2D,,Hebrew,2026-07-29,2026,,,115,All,Haifa,Hot Cinema,574
17:40,Moana (Live Action),מואנה לייב אקשן,https://tickets.hotcinema.co.il/site/1195/tickets?code=1195-166931&languageid=en_gb,https://tickets.hotcinema.co.il/site/1195/tickets?code=1195-166931&languageid=he_IL,Regular,2D,,Hebrew,2026-07-29,2026,,,115,All,Haifa,Hot Cinema,574
22:15,EVIL DEAD BURN,מוות אכזרי אש,https://tickets.hotcinema.co.il/site/1195/tickets?code=1195-166958&languageid=en_gb,https://tickets.hotcinema.co.il/site/1195/tickets?code=1195-166958&languageid=he_IL,Regular,2D,,,2026-07-29,2026,,,110,הגבלת גיל: הותר מגיל 18 בהצגת תעודה מזהה,Haifa,Hot Cinema,574
10:10,Minions & Monsters,מיניונים ומפלצות,https://tickets.hotcinema.co.il/site/1195/tickets?code=1195-166963&languageid=en_gb,https://tickets.hotcinema.co.il/site/1195/tickets?code=1195-166963&languageid=he_IL,Regular,2D,,Hebrew,2026-07-29,2026,,,90,All,Haifa,Hot Cinema,574
11:00,Minions & Monsters,מיניונים ומפלצות,https://tickets.hotcinema.co.il/site/1195/tickets?code=1195-166898&languageid=en_gb,https://tickets.hotcinema.co.il/site/1195/tickets?code=1195-166898&languageid=he_IL,Regular,2D,,Hebrew,2026-07-29,2026,,,90,All,Haifa,Hot Cinema,574
13:20,Minions & Monsters,מיניונים ומפלצות,https://tickets.hotcinema.co.il/site/1195/tickets?code=1195-166897&languageid=en_gb,https://tickets.hotcinema.co.il/site/1195/tickets?code=1195-166897&languageid=he_IL,Regular,2D,,Hebrew,2026-07-29,2026,,,90,All,Haifa,Hot Cinema,574
15:30,Minions & Monsters,מיניונים ומפלצות,https://tickets.hotcinema.co.il/site/1195/tickets?code=1195-166899&languageid=en_gb,https://tickets.hotcinema.co.il/site/1195/tickets?code=1195-166899&languageid=he_IL,Regular,2D,,Hebrew,2026-07-29,2026,,,90,All,Haifa,Hot Cinema,574
17:40,Minions & Monsters,מיניונים ומפלצות,https://tickets.hotcinema.co.il/site/1195/tickets?code=1195-166900&languageid=en_gb,https://tickets.hotcinema.co.il/site/1195/tickets?code=1195-166900&languageid=he_IL,Regular,2D,,Hebrew,2026-07-29,2026,,,90,All,Haifa,Hot Cinema,574
10:20,School of Magical Animals,סוד החיות הקסומות 3,https://tickets.hotcinema.co.il/site/1195/tickets?code=1195-166938&languageid=en_gb,https://tickets.hotcinema.co.il/site/1195/tickets?code=1195-166938&languageid=he_IL,Regular,2D,,Hebrew,2026-07-29,2024,,,105,All,Haifa,Hot Cinema,574
12:40,School of Magical Animals,סוד החיות הקסומות 3,https://tickets.hotcinema.co.il/site/1195/tickets?code=1195-166937&languageid=en_gb,https://tickets.hotcinema.co.il/site/1195/tickets?code=1195-166937&languageid=he_IL,Regular,2D,,Hebrew,2026-07-29,2024,,,105,All,Haifa,Hot Cinema,574
15:00,School of Magical Animals,סוד החיות הקסומות 3,https://tickets.hotcinema.co.il/site/1195/tickets?code=1195-166936&languageid=en_gb,https://tickets.hotcinema.co.il/site/1195/tickets?code=1195-166936&languageid=he_IL,Regular,2D,,Hebrew,2026-07-29,2024,,,105,All,Haifa,Hot Cinema,574
17:20,School of Magical Animals,סוד החיות הקסומות 3,https://tickets.hotcinema.co.il/site/1195/tickets?code=1195-166935&languageid=en_gb,https://tickets.hotcinema.co.il/site/1195/tickets?code=1195-166935&languageid=he_IL,Regular,2D,,Hebrew,2026-07-29,2024,,,105,All,Haifa,Hot Cinema,574
11:30,Saltiz,סולטיז הסרט - וולוג ה-100,https://tickets.hotcinema.co.il/site/1195/tickets?code=1195-166914&languageid=en_gb,https://tickets.hotcinema.co.il/site/1195/tickets?code=1195-166914&languageid=he_IL,Regular,2D,,,2026-07-29,2026,,,100,All,Haifa,Hot Cinema,574
12:30,Saltiz,סולטיז הסרט - וולוג ה-100,https://tickets.hotcinema.co.il/site/1195/tickets?code=1195-166910&languageid=en_gb,https://tickets.hotcinema.co.il/site/1195/tickets?code=1195-166910&languageid=he_IL,Regular,2D,,,2026-07-29,2026,,,100,All,Haifa,Hot Cinema,574
13:50,Saltiz,סולטיז הסרט - וולוג ה-100,https://tickets.hotcinema.co.il/site/1195/tickets?code=1195-166915&languageid=en_gb,https://tickets.hotcinema.co.il/site/1195/tickets?code=1195-166915&languageid=he_IL,Regular,2D,,,2026-07-29,2026,,,100,All,Haifa,Hot Cinema,574
14:40,Saltiz,סולטיז הסרט - וולוג ה-100,https://tickets.hotcinema.co.il/site/1195/tickets?code=1195-166948&languageid=en_gb,https://tickets.hotcinema.co.il/site/1195/tickets?code=1195-166948&languageid=he_IL,Regular,2D,,,2026-07-29,2026,,,100,All,Haifa,Hot Cinema,574
16:00,Saltiz,סולטיז הסרט - וולוג ה-100,https://tickets.hotcinema.co.il/site/1195/tickets?code=1195-166916&languageid=en_gb,https://tickets.hotcinema.co.il/site/1195/tickets?code=1195-166916&languageid=he_IL,Regular,2D,,,2026-07-29,2026,,,100,All,Haifa,Hot Cinema,574
17:00,Saltiz,סולטיז הסרט - וולוג ה-100,https://tickets.hotcinema.co.il/site/1195/tickets?code=1195-166949&languageid=en_gb,https://tickets.hotcinema.co.il/site/1195/tickets?code=1195-166949&languageid=he_IL,Regular,2D,,,2026-07-29,2026,,,100,All,Haifa,Hot Cinema,574
10:15,Super Mario Galaxy,סופר מריו גלקסי הסרט,https://tickets.hotcinema.co.il/site/1195/tickets?code=1195-166944&languageid=en_gb,https://tickets.hotcinema.co.il/site/1195/tickets?code=1195-166944&languageid=he_IL,Regular,2D,,Hebrew,2026-07-29,2026,,,100,All,Haifa,Hot Cinema,574
10:15,Three Wishes for Cinderella,סינדרלה ושלוש המשאלות,https://tickets.hotcinema.co.il/site/1195/tickets?code=1195-166962&languageid=en_gb,https://tickets.hotcinema.co.il/site/1195/tickets?code=1195-166962&languageid=he_IL,Regular,2D,,Hebrew,2026-07-29,2026,,,85,All,Haifa,Hot Cinema,574
12:15,Three Wishes for Cinderella,סינדרלה ושלוש המשאלות,https://tickets.hotcinema.co.il/site/1195/tickets?code=1195-166961&languageid=en_gb,https://tickets.hotcinema.co.il/site/1195/tickets?code=1195-166961&languageid=he_IL,Regular,2D,,Hebrew,2026-07-29,2026,,,85,All,Haifa,Hot Cinema,574
14:15,Three Wishes for Cinderella,סינדרלה ושלוש המשאלות,https://tickets.hotcinema.co.il/site/1195/tickets?code=1195-166960&languageid=en_gb,https://tickets.hotcinema.co.il/site/1195/tickets?code=1195-166960&languageid=he_IL,Regular,2D,,Hebrew,2026-07-29,2026,,,85,All,Haifa,Hot Cinema,574
16:15,Three Wishes for Cinderella,סינדרלה ושלוש המשאלות,https://tickets.hotcinema.co.il/site/1195/tickets?code=1195-166959&languageid=en_gb,https://tickets.hotcinema.co.il/site/1195/tickets?code=1195-166959&languageid=he_IL,Regular,2D,,Hebrew,2026-07-29,2026,,,85,All,Haifa,Hot Cinema,574
10:15,Spider-Man: Brand new day,ספיידרמן: יום חדש,https://tickets.hotcinema.co.il/site/1195/tickets?code=1195-166927&languageid=en_gb,https://tickets.hotcinema.co.il/site/1195/tickets?code=1195-166927&languageid=he_IL,Regular,2D,,,2026-07-29,2026,,,145,,Haifa,Hot Cinema,574
11:00,Spider-Man: Brand new day,ספיידרמן: יום חדש,https://tickets.hotcinema.co.il/site/1195/tickets?code=1195-166922&languageid=en_gb,https://tickets.hotcinema.co.il/site/1195/tickets?code=1195-166922&languageid=he_IL,Regular,2D,,,2026-07-29,2026,,,145,,Haifa,Hot Cinema,574
12:15,Spider-Man: Brand new day,ספיידרמן: יום חדש,https://tickets.hotcinema.co.il/site/1195/tickets?code=1195-160299&languageid=en_gb,https://tickets.hotcinema.co.il/site/1195/tickets?code=1195-160299&languageid=he_IL,Regular,2D Atmos,,,2026-07-29,2026,,,145,,Haifa,Hot Cinema,574
13:15,Spider-Man: Brand new day,ספיידרמן: יום חדש,https://tickets.hotcinema.co.il/site/1195/tickets?code=1195-166926&languageid=en_gb,https://tickets.hotcinema.co.il/site/1195/tickets?code=1195-166926&languageid=he_IL,Regular,2D,,,2026-07-29,2026,,,145,,Haifa,Hot Cinema,574
14:00,Spider-Man: Brand new day,ספיידרמן: יום חדש,https://tickets.hotcinema.co.il/site/1195/tickets?code=1195-166921&languageid=en_gb,https://tickets.hotcinema.co.il/site/1195/tickets?code=1195-166921&languageid=he_IL,Regular,2D,,,2026-07-29,2026,,,145,,Haifa,Hot Cinema,574
14:50,Spider-Man: Brand new day,ספיידרמן: יום חדש,https://tickets.hotcinema.co.il/site/1195/tickets?code=1195-166918&languageid=en_gb,https://tickets.hotcinema.co.il/site/1195/tickets?code=1195-166918&languageid=he_IL,Regular,2D,,,2026-07-29,2026,,,145,,Haifa,Hot Cinema,574
15:30,Spider-Man: Brand new day,ספיידרמן: יום חדש,https://tickets.hotcinema.co.il/site/1195/tickets?code=1195-160298&languageid=en_gb,https://tickets.hotcinema.co.il/site/1195/tickets?code=1195-160298&languageid=he_IL,Regular,2D Atmos,,,2026-07-29,2026,,,145,,Haifa,Hot Cinema,574
16:15,Spider-Man: Brand new day,ספיידרמן: יום חדש,https://tickets.hotcinema.co.il/site/1195/tickets?code=1195-166925&languageid=en_gb,https://tickets.hotcinema.co.il/site/1195/tickets?code=1195-166925&languageid=he_IL,Regular,2D,,,2026-07-29,2026,,,145,,Haifa,Hot Cinema,574
16:15,Spider-Man: Brand new day,ספיידרמן: יום חדש,https://tickets.hotcinema.co.il/site/1195/tickets?code=1195-166925&languageid=en_gb,https://tickets.hotcinema.co.il/site/1195/tickets?code=1195-166925&languageid=he_IL,Regular,2D,,,2026-07-29,2026,,,145,,Haifa,Hot Cinema,574
17:00,Spider-Man: Brand new day,ספיידרמן: יום חדש,https://tickets.hotcinema.co.il/site/1195/tickets?code=1195-160301&languageid=en_gb,https://tickets.hotcinema.co.il/site/1195/tickets?code=1195-160301&languageid=he_IL,Regular,2D Atmos,,,2026-07-29,2026,,,145,,Haifa,Hot Cinema,574
18:40,Spider-Man: Brand new day,ספיידרמן: יום חדש,https://tickets.hotcinema.co.il/site/1195/tickets?code=1195-160297&languageid=en_gb,https://tickets.hotcinema.co.il/site/1195/tickets?code=1195-160297&languageid=he_IL,Regular,2D Atmos,,,2026-07-29,2026,,,145,,Haifa,Hot Cinema,574
19:30,Spider-Man: Brand new day,ספיידרמן: יום חדש,https://tickets.hotcinema.co.il/site/1195/tickets?code=1195-163230&languageid=en_gb,https://tickets.hotcinema.co.il/site/1195/tickets?code=1195-163230&languageid=he_IL,Regular,2D,,,2026-07-29,2026,,,145,,Haifa,Hot Cinema,574
19:40,Spider-Man: Brand new day,ספיידרמן: יום חדש,https://tickets.hotcinema.co.il/site/1195/tickets?code=1195-166934&languageid=en_gb,https://tickets.hotcinema.co.il/site/1195/tickets?code=1195-166934&languageid=he_IL,Regular,2D,,,2026-07-29,2026,,,145,,Haifa,Hot Cinema,574
20:00,Spider-Man: Brand new day,ספיידרמן: יום חדש,https://tickets.hotcinema.co.il/site/1195/tickets?code=1195-166896&languageid=en_gb,https://tickets.hotcinema.co.il/site/1195/tickets?code=1195-166896&languageid=he_IL,Regular,2D,,,2026-07-29,2026,,,145,,Haifa,Hot Cinema,574
20:15,Spider-Man: Brand new day,ספיידרמן: יום חדש,https://tickets.hotcinema.co.il/site/1195/tickets?code=1195-160300&languageid=en_gb,https://tickets.hotcinema.co.il/site/1195/tickets?code=1195-160300&languageid=he_IL,Regular,2D Atmos,,,2026-07-29,2026,,,145,,Haifa,Hot Cinema,574
21:50,Spider-Man: Brand new day,ספיידרמן: יום חדש,https://tickets.hotcinema.co.il/site/1195/tickets?code=1195-166917&languageid=en_gb,https://tickets.hotcinema.co.il/site/1195/tickets?code=1195-166917&languageid=he_IL,Regular,2D Atmos,,,2026-07-29,2026,,,145,,Haifa,Hot Cinema,574
21:50,Spider-Man: Brand new day,ספיידרמן: יום חדש,https://tickets.hotcinema.co.il/site/1195/tickets?code=1195-166917&languageid=en_gb,https://tickets.hotcinema.co.il/site/1195/tickets?code=1195-166917&languageid=he_IL,Regular,2D,,,2026-07-29,2026,,,145,,Haifa,Hot Cinema,574
22:45,Spider-Man: Brand new day,ספיידרמן: יום חדש,https://tickets.hotcinema.co.il/site/1195/tickets?code=1195-166889&languageid=en_gb,https://tickets.hotcinema.co.il/site/1195/tickets?code=1195-166889&languageid=he_IL,Regular,2D,,,2026-07-29,2026,,,145,,Haifa,Hot Cinema,574
20:00,Colours of Time,צבעי הזמן,https://tickets.hotcinema.co.il/site/1195/tickets?code=1195-159032&languageid=en_gb,https://tickets.hotcinema.co.il/site/1195/tickets?code=1195-159032&languageid=he_IL,Not Just Cinema,2D,,,2026-07-29,2026,,,124,All,Haifa,Hot Cinema,574
10:15,Toy Story 5,צעצוע של סיפור 5,https://tickets.hotcinema.co.il/site/1195/tickets?code=1195-166890&languageid=en_gb,https://tickets.hotcinema.co.il/site/1195/tickets?code=1195-166890&languageid=he_IL,Regular,2D,,Hebrew,2026-07-29,2026,,,102,All,Haifa,Hot Cinema,574
12:30,Toy Story 5,צעצוע של סיפור 5,https://tickets.hotcinema.co.il/site/1195/tickets?code=1195-166891&languageid=en_gb,https://tickets.hotcinema.co.il/site/1195/tickets?code=1195-166891&languageid=he_IL,Regular,2D,,Hebrew,2026-07-29,2026,,,102,All,Haifa,Hot Cinema,574
14:45,Toy Story 5,צעצוע של סיפור 5,https://tickets.hotcinema.co.il/site/1195/tickets?code=1195-166892&languageid=en_gb,https://tickets.hotcinema.co.il/site/1195/tickets?code=1195-166892&languageid=he_IL,Regular,2D,,Hebrew,2026-07-29,2026,,,102,All,Haifa,Hot Cinema,574
17:00,Toy Story 5,צעצוע של סיפור 5,https://tickets.hotcinema.co.il/site/1195/tickets?code=1195-166893&languageid=en_gb,https://tickets.hotcinema.co.il/site/1195/tickets?code=1195-166893&languageid=he_IL,Regular,2D,,Hebrew,2026-07-29,2026,,,102,All,Haifa,Hot Cinema,574
11:30,קופה ראשית: הסרט,קופה ראשית: הסרט,https://tickets.hotcinema.co.il/site/1195/tickets?code=1195-166923&languageid=en_gb,https://tickets.hotcinema.co.il/site/1195/tickets?code=1195-166923&languageid=he_IL,Regular,2D,,,2026-07-29,2026,,,91,All,Haifa,Hot Cinema,574
13:40,קופה ראשית: הסרט,קופה ראשית: הסרט,https://tickets.hotcinema.co.il/site/1195/tickets?code=1195-166924&languageid=en_gb,https://tickets.hotcinema.co.il/site/1195/tickets?code=1195-166924&languageid=he_IL,Regular,2D,,,2026-07-29,2026,,,91,All,Haifa,Hot Cinema,574
15:00,קופה ראשית: הסרט,קופה ראשית: הסרט,https://tickets.hotcinema.co.il/site/1195/tickets?code=1195-166905&languageid=en_gb,https://tickets.hotcinema.co.il/site/1195/tickets?code=1195-166905&languageid=he_IL,Regular,2D,,,2026-07-29,2026,,,91,All,Haifa,Hot Cinema,574
17:10,קופה ראשית: הסרט,קופה ראשית: הסרט,https://tickets.hotcinema.co.il/site/1195/tickets?code=1195-166906&languageid=en_gb,https://tickets.hotcinema.co.il/site/1195/tickets?code=1195-166906&languageid=he_IL,Regular,2D,,,2026-07-29,2026,,,91,All,Haifa,Hot Cinema,574
20:20,קופה ראשית: הסרט,קופה ראשית: הסרט,https://tickets.hotcinema.co.il/site/1195/tickets?code=1195-166929&languageid=en_gb,https://tickets.hotcinema.co.il/site/1195/tickets?code=1195-166929&languageid=he_IL,Regular,2D,,,2026-07-29,2026,,,91,All,Haifa,Hot Cinema,574
22:40,קופה ראשית: הסרט,קופה ראשית: הסרט,https://tickets.hotcinema.co.il/site/1195/tickets?code=1195-166928&languageid=en_gb,https://tickets.hotcinema.co.il/site/1195/tickets?code=1195-166928&languageid=he_IL,Regular,2D,,,2026-07-29,2026,,,91,All,Haifa,Hot Cinema,574
17:20,Dream High,תיכון מגשימים,https://tickets.hotcinema.co.il/site/1195/tickets?code=1195-166939&languageid=en_gb,https://tickets.hotcinema.co.il/site/1195/tickets?code=1195-166939&languageid=he_IL,Regular,2D,,,2026-07-29,2026,,,100,12+,Haifa,Hot Cinema,574
19:40,Dream High,תיכון מגשימים,https://tickets.hotcinema.co.il/site/1195/tickets?code=1195-166904&languageid=en_gb,https://tickets.hotcinema.co.il/site/1195/tickets?code=1195-166904&languageid=he_IL,Regular,2D,,,2026-07-29,2026,,,100,12+,Haifa,Hot Cinema,574
21:50,Dream High,תיכון מגשימים,https://tickets.hotcinema.co.il/site/1195/tickets?code=1195-166903&languageid=en_gb,https://tickets.hotcinema.co.il/site/1195/tickets?code=1195-166903&languageid=he_IL,Regular,2D,,,2026-07-29,2026,,,100,12+,Haifa,Hot Cinema,574
17:30,Edward Scissorhands,סינמה נוסטלגיה - המספריים של אדוארד,https://tickets.hotcinema.co.il/site/1195/tickets?code=1195-159050&languageid=en_gb,https://tickets.hotcinema.co.il/site/1195/tickets?code=1195-159050&languageid=he_IL,Not Just Cinema,2D,,,2026-07-30,1990,,,105,All,Haifa,Hot Cinema,574
12:15,Spider-Man: Brand new day,ספיידרמן: יום חדש,https://tickets.hotcinema.co.il/site/1195/tickets?code=1195-160310&languageid=en_gb,https://tickets.hotcinema.co.il/site/1195/tickets?code=1195-160310&languageid=he_IL,Regular,2D Atmos,,,2026-07-30,2026,,,145,,Haifa,Hot Cinema,574
15:30,Spider-Man: Brand new day,ספיידרמן: יום חדש,https://tickets.hotcinema.co.il/site/1195/tickets?code=1195-160309&languageid=en_gb,https://tickets.hotcinema.co.il/site/1195/tickets?code=1195-160309&languageid=he_IL,Regular,2D Atmos,,,2026-07-30,2026,,,145,,Haifa,Hot Cinema,574
17:00,Spider-Man: Brand new day,ספיידרמן: יום חדש,https://tickets.hotcinema.co.il/site/1195/tickets?code=1195-160313&languageid=en_gb,https://tickets.hotcinema.co.il/site/1195/tickets?code=1195-160313&languageid=he_IL,Regular,2D Atmos,,,2026-07-30,2026,,,145,,Haifa,Hot Cinema,574
18:40,Spider-Man: Brand new day,ספיידרמן: יום חדש,https://tickets.hotcinema.co.il/site/1195/tickets?code=1195-160308&languageid=en_gb,https://tickets.hotcinema.co.il/site/1195/tickets?code=1195-160308&languageid=he_IL,Regular,2D Atmos,,,2026-07-30,2026,,,145,,Haifa,Hot Cinema,574
20:15,Spider-Man: Brand new day,ספיידרמן: יום חדש,https://tickets.hotcinema.co.il/site/1195/tickets?code=1195-160312&languageid=en_gb,https://tickets.hotcinema.co.il/site/1195/tickets?code=1195-160312&languageid=he_IL,Regular,2D Atmos,,,2026-07-30,2026,,,145,,Haifa,Hot Cinema,574
21:50,Spider-Man: Brand new day,ספיידרמן: יום חדש,https://tickets.hotcinema.co.il/site/1195/tickets?code=1195-160311&languageid=en_gb,https://tickets.hotcinema.co.il/site/1195/tickets?code=1195-160311&languageid=he_IL,Regular,2D Atmos,,,2026-07-30,2026,,,145,,Haifa,Hot Cinema,574
11:50,Spider-Man: Brand new day,ספיידרמן: יום חדש,https://tickets.hotcinema.co.il/site/1195/tickets?code=1195-160305&languageid=en_gb,https://tickets.hotcinema.co.il/site/1195/tickets?code=1195-160305&languageid=he_IL,Regular,2D Atmos,,,2026-07-31,2026,,,145,,Haifa,Hot Cinema,574
15:10,Spider-Man: Brand new day,ספיידרמן: יום חדש,https://tickets.hotcinema.co.il/site/1195/tickets?code=1195-160304&languageid=en_gb,https://tickets.hotcinema.co.il/site/1195/tickets?code=1195-160304&languageid=he_IL,Regular,2D Atmos,,,2026-07-31,2026,,,145,,Haifa,Hot Cinema,574
17:00,Spider-Man: Brand new day,ספיידרמן: יום חדש,https://tickets.hotcinema.co.il/site/1195/tickets?code=1195-160307&languageid=en_gb,https://tickets.hotcinema.co.il/site/1195/tickets?code=1195-160307&languageid=he_IL,Regular,2D Atmos,,,2026-07-31,2026,,,145,,Haifa,Hot Cinema,574
18:30,Spider-Man: Brand new day,ספיידרמן: יום חדש,https://tickets.hotcinema.co.il/site/1195/tickets?code=1195-160303&languageid=en_gb,https://tickets.hotcinema.co.il/site/1195/tickets?code=1195-160303&languageid=he_IL,Regular,2D Atmos,,,2026-07-31,2026,,,145,,Haifa,Hot Cinema,574
20:15,Spider-Man: Brand new day,ספיידרמן: יום חדש,https://tickets.hotcinema.co.il/site/1195/tickets?code=1195-160306&languageid=en_gb,https://tickets.hotcinema.co.il/site/1195/tickets?code=1195-160306&languageid=he_IL,Regular,2D Atmos,,,2026-07-31,2026,,,145,,Haifa,Hot Cinema,574
21:50,Spider-Man: Brand new day,ספיידרמן: יום חדש,https://tickets.hotcinema.co.il/site/1195/tickets?code=1195-160302&languageid=en_gb,https://tickets.hotcinema.co.il/site/1195/tickets?code=1195-160302&languageid=he_IL,Regular,2D Atmos,,,2026-07-31,2026,,,145,,Haifa,Hot Cinema,574
20:10,The Odyssey,האודיסאה,https://tickets.hotcinema.co.il/site/1195/tickets?code=1195-167475&languageid=en_gb,https://tickets.hotcinema.co.il/site/1195/tickets?code=1195-167475&languageid=he_IL,Regular,2D,,,2026-08-01,2026,,,172,14+,Haifa,Hot Cinema,574
11:50,Spider-Man: Brand new day,ספיידרמן: יום חדש,https://tickets.hotcinema.co.il/site/1195/tickets?code=1195-160293&languageid=en_gb,https://tickets.hotcinema.co.il/site/1195/tickets?code=1195-160293&languageid=he_IL,Regular,2D Atmos,,,2026-08-01,2026,,,145,,Haifa,Hot Cinema,574
15:10,Spider-Man: Brand new day,ספיידרמן: יום חדש,https://tickets.hotcinema.co.il/site/1195/tickets?code=1195-160292&languageid=en_gb,https://tickets.hotcinema.co.il/site/1195/tickets?code=1195-160292&languageid=he_IL,Regular,2D Atmos,,,2026-08-01,2026,,,145,,Haifa,Hot Cinema,574
17:00,Spider-Man: Brand new day,ספיידרמן: יום חדש,https://tickets.hotcinema.co.il/site/1195/tickets?code=1195-160295&languageid=en_gb,https://tickets.hotcinema.co.il/site/1195/tickets?code=1195-160295&languageid=he_IL,Regular,2D Atmos,,,2026-08-01,2026,,,145,,Haifa,Hot Cinema,574
18:30,Spider-Man: Brand new day,ספיידרמן: יום חדש,https://tickets.hotcinema.co.il/site/1195/tickets?code=1195-160291&languageid=en_gb,https://tickets.hotcinema.co.il/site/1195/tickets?code=1195-160291&languageid=he_IL,Regular,2D Atmos,,,2026-08-01,2026,,,145,,Haifa,Hot Cinema,574
20:15,Spider-Man: Brand new day,ספיידרמן: יום חדש,https://tickets.hotcinema.co.il/site/1195/tickets?code=1195-160294&languageid=en_gb,https://tickets.hotcinema.co.il/site/1195/tickets?code=1195-160294&languageid=he_IL,Regular,2D Atmos,,,2026-08-01,2026,,,145,,Haifa,Hot Cinema,574
21:50,Spider-Man: Brand new day,ספיידרמן: יום חדש,https://tickets.hotcinema.co.il/site/1195/tickets?code=1195-160290&languageid=en_gb,https://tickets.hotcinema.co.il/site/1195/tickets?code=1195-160290&languageid=he_IL,Regular,2D Atmos,,,2026-08-01,2026,,,145,,Haifa,Hot Cinema,574
20:00,The Get Out,לצאת מהמשחק,https://tickets.hotcinema.co.il/site/1195/tickets?code=1195-159048&languageid=en_gb,https://tickets.hotcinema.co.il/site/1195/tickets?code=1195-159048&languageid=he_IL,Not Just Cinema,2D,,,2026-08-05,2026,,,101,14+,Haifa,Hot Cinema,574
20:30,Spider-Man: Brand new day,ספיידרמן: יום חדש,https://tickets.hotcinema.co.il/site/1195/tickets?code=1195-163215&languageid=en_gb,https://tickets.hotcinema.co.il/site/1195/tickets?code=1195-163215&languageid=he_IL,Regular,2D,,French,2026-08-05,2026,,,145,,Haifa,Hot Cinema,574
17:30,WALL·E,סינמה נוסטלגיה - וול-E,https://tickets.hotcinema.co.il/site/1195/tickets?code=1195-160315&languageid=en_gb,https://tickets.hotcinema.co.il/site/1195/tickets?code=1195-160315&languageid=he_IL,Not Just Cinema,2D,,Hebrew,2026-08-06,2008,,,98,All,Haifa,Hot Cinema,574
20:00,Pretty Woman,סינמה נוסטלגיה - אישה יפה,https://tickets.hotcinema.co.il/site/1195/tickets?code=1195-159741&languageid=en_gb,https://tickets.hotcinema.co.il/site/1195/tickets?code=1195-159741&languageid=he_IL,Not Just Cinema,2D,,,2026-08-13,1990,,,119,16+,Haifa,Hot Cinema,574
20:00,Superman - 1978,סינמה נוסטלגיה - סופרמן 1978,https://tickets.hotcinema.co.il/site/1195/tickets?code=1195-161647&languageid=en_gb,https://tickets.hotcinema.co.il/site/1195/tickets?code=1195-161647&languageid=he_IL,Not Just Cinema,2D,,,2026-08-13,1978,,,143,,Haifa,Hot Cinema,574
20:00,Superman 2 The Richard Donner Cut,סינמה נוסטלגיה - סופרמן 2 גרסת הבמאי,https://tickets.hotcinema.co.il/site/1195/tickets?code=1195-163233&languageid=en_gb,https://tickets.hotcinema.co.il/site/1195/tickets?code=1195-163233&languageid=he_IL,Not Just Cinema,2D,,,2026-08-20,2006,,,116,All,Haifa,Hot Cinema,574
17:30,Tangled,סינמה נוסטלגיה - פלונטר,https://tickets.hotcinema.co.il/site/1195/tickets?code=1195-163237&languageid=en_gb,https://tickets.hotcinema.co.il/site/1195/tickets?code=1195-163237&languageid=he_IL,Not Just Cinema,2D,,Hebrew,2026-08-27,2010,,,100,All,Haifa,Hot Cinema,574
17:30,Tangled,סינמה נוסטלגיה - פלונטר,https://tickets.hotcinema.co.il/site/1195/tickets?code=1195-163239&languageid=en_gb,https://tickets.hotcinema.co.il/site/1195/tickets?code=1195-163239&languageid=he_IL,Not Just Cinema,2D,,Hebrew,2026-08-28,2010,,,100,All,Haifa,Hot Cinema,574
17:30,Tangled,סינמה נוסטלגיה - פלונטר,https://tickets.hotcinema.co.il/site/1195/tickets?code=1195-163238&languageid=en_gb,https://tickets.hotcinema.co.il/site/1195/tickets?code=1195-163238&languageid=he_IL,Not Just Cinema,2D,,Hebrew,2026-08-29,2010,,,100,All,Haifa,Hot Cinema,574
19:20,Obsession,אובססיה,https://tickets.hotcinema.co.il/site/1184/tickets?code=1184-169548&languageid=en_gb,https://tickets.hotcinema.co.il/site/1184/tickets?code=1184-169548&languageid=he_IL,Regular,2D,,,2026-07-26,2026,,,108,14+,Kiryat Bialik,Hot Cinema,574
21:40,Obsession,אובססיה,https://tickets.hotcinema.co.il/site/1184/tickets?code=1184-169549&languageid=en_gb,https://tickets.hotcinema.co.il/site/1184/tickets?code=1184-169549&languageid=he_IL,Regular,2D,,,2026-07-26,2026,,,108,14+,Kiryat Bialik,Hot Cinema,574
22:45,Obsession,אובססיה,https://tickets.hotcinema.co.il/site/1184/tickets?code=1184-169597&languageid=en_gb,https://tickets.hotcinema.co.il/site/1184/tickets?code=1184-169597&languageid=he_IL,Regular,2D,,,2026-07-26,2026,,,108,14+,Kiryat Bialik,Hot Cinema,574
18:40,Just an Illusion,אשליות מתוקות,https://tickets.hotcinema.co.il/site/1184/tickets?code=1184-169554&languageid=en_gb,https://tickets.hotcinema.co.il/site/1184/tickets?code=1184-169554&languageid=he_IL,Regular,2D,,,2026-07-26,2026,,,116,All,Kiryat Bialik,Hot Cinema,574
21:10,Just an Illusion,אשליות מתוקות,https://tickets.hotcinema.co.il/site/1184/tickets?code=1184-169555&languageid=en_gb,https://tickets.hotcinema.co.il/site/1184/tickets?code=1184-169555&languageid=he_IL,Regular,2D,,,2026-07-26,2026,,,116,All,Kiryat Bialik,Hot Cinema,574
11:00,The Odyssey,האודיסאה,https://tickets.hotcinema.co.il/site/1184/tickets?code=1184-169581&languageid=en_gb,https://tickets.hotcinema.co.il/site/1184/tickets?code=1184-169581&languageid=he_IL,Regular,2D,,,2026-07-26,2026,,,172,14+,Kiryat Bialik,Hot Cinema,574
14:40,The Odyssey,האודיסאה,https://tickets.hotcinema.co.il/site/1184/tickets?code=1184-169580&languageid=en_gb,https://tickets.hotcinema.co.il/site/1184/tickets?code=1184-169580&languageid=he_IL,Regular,2D,,,2026-07-26,2026,,,172,14+,Kiryat Bialik,Hot Cinema,574
16:50,The Odyssey,האודיסאה,https://tickets.hotcinema.co.il/site/1184/tickets?code=1184-169564&languageid=en_gb,https://tickets.hotcinema.co.il/site/1184/tickets?code=1184-169564&languageid=he_IL,Regular,2D,,,2026-07-26,2026,,,172,14+,Kiryat Bialik,Hot Cinema,574
18:15,The Odyssey,האודיסאה,https://tickets.hotcinema.co.il/site/1184/tickets?code=1184-169579&languageid=en_gb,https://tickets.hotcinema.co.il/site/1184/tickets?code=1184-169579&languageid=he_IL,Regular,2D,,,2026-07-26,2026,,,172,14+,Kiryat Bialik,Hot Cinema,574
19:00,The Odyssey,האודיסאה,https://tickets.hotcinema.co.il/site/1184/tickets?code=1184-169609&languageid=en_gb,https://tickets.hotcinema.co.il/site/1184/tickets?code=1184-169609&languageid=he_IL,Regular,2D,,,2026-07-26,2026,,,172,14+,Kiryat Bialik,Hot Cinema,574
20:00,The Odyssey,האודיסאה,https://tickets.hotcinema.co.il/site/1184/tickets?code=1184-169582&languageid=en_gb,https://tickets.hotcinema.co.il/site/1184/tickets?code=1184-169582&languageid=he_IL,Regular,2D,,,2026-07-26,2026,,,172,14+,Kiryat Bialik,Hot Cinema,574
20:40,The Odyssey,האודיסאה,https://tickets.hotcinema.co.il/site/1184/tickets?code=1184-169566&languageid=en_gb,https://tickets.hotcinema.co.il/site/1184/tickets?code=1184-169566&languageid=he_IL,Regular,2D,,,2026-07-26,2026,,,172,14+,Kiryat Bialik,Hot Cinema,574
21:50,The Odyssey,האודיסאה,https://tickets.hotcinema.co.il/site/1184/tickets?code=1184-169578&languageid=en_gb,https://tickets.hotcinema.co.il/site/1184/tickets?code=1184-169578&languageid=he_IL,Regular,2D,,,2026-07-26,2026,,,172,14+,Kiryat Bialik,Hot Cinema,574
22:30,The Odyssey,האודיסאה,https://tickets.hotcinema.co.il/site/1184/tickets?code=1184-169610&languageid=en_gb,https://tickets.hotcinema.co.il/site/1184/tickets?code=1184-169610&languageid=he_IL,Regular,2D,,,2026-07-26,2026,,,172,14+,Kiryat Bialik,Hot Cinema,574
19:30,American Hina,חינה אמריקאית,https://tickets.hotcinema.co.il/site/1184/tickets?code=1184-169612&languageid=en_gb,https://tickets.hotcinema.co.il/site/1184/tickets?code=1184-169612&languageid=he_IL,Regular,2D,,,2026-07-26,2026,,,100,All,Kiryat Bialik,Hot Cinema,574
21:40,American Hina,חינה אמריקאית,https://tickets.hotcinema.co.il/site/1184/tickets?code=1184-169611&languageid=en_gb,https://tickets.hotcinema.co.il/site/1184/tickets?code=1184-169611&languageid=he_IL,Regular,2D,,,2026-07-26,2026,,,100,All,Kiryat Bialik,Hot Cinema,574
10:50,Tafiti: Across the Desert,טפיטי: הרפתקה במדבר,https://tickets.hotcinema.co.il/site/1184/tickets?code=1184-169553&languageid=en_gb,https://tickets.hotcinema.co.il/site/1184/tickets?code=1184-169553&languageid=he_IL,Regular,2D,,,2026-07-26,,,,81,הגבלת גיל: עד גיל 8 בליווי מבוגר,Kiryat Bialik,Hot Cinema,574
12:50,Tafiti: Across the Desert,טפיטי: הרפתקה במדבר,https://tickets.hotcinema.co.il/site/1184/tickets?code=1184-169552&languageid=en_gb,https://tickets.hotcinema.co.il/site/1184/tickets?code=1184-169552&languageid=he_IL,Regular,2D,,,2026-07-26,,,,81,הגבלת גיל: עד גיל 8 בליווי מבוגר,Kiryat Bialik,Hot Cinema,574
14:45,Tafiti: Across the Desert,טפיטי: הרפתקה במדבר,https://tickets.hotcinema.co.il/site/1184/tickets?code=1184-169551&languageid=en_gb,https://tickets.hotcinema.co.il/site/1184/tickets?code=1184-169551&languageid=he_IL,Regular,2D,,,2026-07-26,,,,81,הגבלת גיל: עד גיל 8 בליווי מבוגר,Kiryat Bialik,Hot Cinema,574
16:40,Tafiti: Across the Desert,טפיטי: הרפתקה במדבר,https://tickets.hotcinema.co.il/site/1184/tickets?code=1184-169550&languageid=en_gb,https://tickets.hotcinema.co.il/site/1184/tickets?code=1184-169550&languageid=he_IL,Regular,2D,,,2026-07-26,,,,81,הגבלת גיל: עד גיל 8 בליווי מבוגר,Kiryat Bialik,Hot Cinema,574
21:30,The Get Out,לצאת מהמשחק,https://tickets.hotcinema.co.il/site/1184/tickets?code=1184-169540&languageid=en_gb,https://tickets.hotcinema.co.il/site/1184/tickets?code=1184-169540&languageid=he_IL,Regular,2D,,,2026-07-26,2026,,,101,14+,Kiryat Bialik,Hot Cinema,574
14:15,Moana (Live Action),מואנה לייב אקשן,https://tickets.hotcinema.co.il/site/1184/tickets?code=1184-169591&languageid=en_gb,https://tickets.hotcinema.co.il/site/1184/tickets?code=1184-169591&languageid=he_IL,Regular,2D,,,2026-07-26,2026,,,115,All,Kiryat Bialik,Hot Cinema,574
19:15,Moana (Live Action),מואנה לייב אקשן,https://tickets.hotcinema.co.il/site/1184/tickets?code=1184-169590&languageid=en_gb,https://tickets.hotcinema.co.il/site/1184/tickets?code=1184-169590&languageid=he_IL,Regular,2D,,,2026-07-26,2026,,,115,All,Kiryat Bialik,Hot Cinema,574
21:50,Moana (Live Action),מואנה לייב אקשן,https://tickets.hotcinema.co.il/site/1184/tickets?code=1184-169589&languageid=en_gb,https://tickets.hotcinema.co.il/site/1184/tickets?code=1184-169589&languageid=he_IL,Regular,2D,,,2026-07-26,2026,,,115,All,Kiryat Bialik,Hot Cinema,574
10:10,Moana (Live Action),מואנה לייב אקשן,https://tickets.hotcinema.co.il/site/1184/tickets?code=1184-169608&languageid=en_gb,https://tickets.hotcinema.co.il/site/1184/tickets?code=1184-169608&languageid=he_IL,Regular,2D,,Hebrew,2026-07-26,2026,,,115,All,Kiryat Bialik,Hot Cinema,574
12:40,Moana (Live Action),מואנה לייב אקשן,https://tickets.hotcinema.co.il/site/1184/tickets?code=1184-169605&languageid=en_gb,https://tickets.hotcinema.co.il/site/1184/tickets?code=1184-169605&languageid=he_IL,Regular,2D,,Hebrew,2026-07-26,2026,,,115,All,Kiryat Bialik,Hot Cinema,574
15:10,Moana (Live Action),מואנה לייב אקשן,https://tickets.hotcinema.co.il/site/1184/tickets?code=1184-169606&languageid=en_gb,https://tickets.hotcinema.co.il/site/1184/tickets?code=1184-169606&languageid=he_IL,Regular,2D,,Hebrew,2026-07-26,2026,,,115,All,Kiryat Bialik,Hot Cinema,574
17:40,Moana (Live Action),מואנה לייב אקשן,https://tickets.hotcinema.co.il/site/1184/tickets?code=1184-169607&languageid=en_gb,https://tickets.hotcinema.co.il/site/1184/tickets?code=1184-169607&languageid=he_IL,Regular,2D,,Hebrew,2026-07-26,2026,,,115,All,Kiryat Bialik,Hot Cinema,574
13:15,Minions & Monsters,מיניונים ומפלצות,https://tickets.hotcinema.co.il/site/1184/tickets?code=1184-169538&languageid=en_gb,https://tickets.hotcinema.co.il/site/1184/tickets?code=1184-169538&languageid=he_IL,Regular,2D,,,2026-07-26,2026,,,90,All,Kiryat Bialik,Hot Cinema,574
16:40,Minions & Monsters,מיניונים ומפלצות,https://tickets.hotcinema.co.il/site/1184/tickets?code=1184-169546&languageid=en_gb,https://tickets.hotcinema.co.il/site/1184/tickets?code=1184-169546&languageid=he_IL,Regular,2D,,,2026-07-26,2026,,,90,All,Kiryat Bialik,Hot Cinema,574
19:30,Minions & Monsters,מיניונים ומפלצות,https://tickets.hotcinema.co.il/site/1184/tickets?code=1184-169539&languageid=en_gb,https://tickets.hotcinema.co.il/site/1184/tickets?code=1184-169539&languageid=he_IL,Regular,2D,,,2026-07-26,2026,,,90,All,Kiryat Bialik,Hot Cinema,574
10:10,Minions & Monsters,מיניונים ומפלצות,https://tickets.hotcinema.co.il/site/1184/tickets?code=1184-169543&languageid=en_gb,https://tickets.hotcinema.co.il/site/1184/tickets?code=1184-169543&languageid=he_IL,Regular,2D,,Hebrew,2026-07-26,2026,,,90,All,Kiryat Bialik,Hot Cinema,574
11:10,Minions & Monsters,מיניונים ומפלצות,https://tickets.hotcinema.co.il/site/1184/tickets?code=1184-169577&languageid=en_gb,https://tickets.hotcinema.co.il/site/1184/tickets?code=1184-169577&languageid=he_IL,Regular,2D,,Hebrew,2026-07-26,2026,,,90,All,Kiryat Bialik,Hot Cinema,574
12:20,Minions & Monsters,מיניונים ומפלצות,https://tickets.hotcinema.co.il/site/1184/tickets?code=1184-169542&languageid=en_gb,https://tickets.hotcinema.co.il/site/1184/tickets?code=1184-169542&languageid=he_IL,Regular,2D,,Hebrew,2026-07-26,2026,,,90,All,Kiryat Bialik,Hot Cinema,574
13:15,Minions & Monsters,מיניונים ומפלצות,https://tickets.hotcinema.co.il/site/1184/tickets?code=1184-169576&languageid=en_gb,https://tickets.hotcinema.co.il/site/1184/tickets?code=1184-169576&languageid=he_IL,Regular,2D,,Hebrew,2026-07-26,2026,,,90,All,Kiryat Bialik,Hot Cinema,574
14:30,Minions & Monsters,מיניונים ומפלצות,https://tickets.hotcinema.co.il/site/1184/tickets?code=1184-169544&languageid=en_gb,https://tickets.hotcinema.co.il/site/1184/tickets?code=1184-169544&languageid=he_IL,Regular,2D,,Hebrew,2026-07-26,2026,,,90,All,Kiryat Bialik,Hot Cinema,574
15:25,Minions & Monsters,מיניונים ומפלצות,https://tickets.hotcinema.co.il/site/1184/tickets?code=1184-169575&languageid=en_gb,https://tickets.hotcinema.co.il/site/1184/tickets?code=1184-169575&languageid=he_IL,Regular,2D,,Hebrew,2026-07-26,2026,,,90,All,Kiryat Bialik,Hot Cinema,574
17:30,Minions & Monsters,מיניונים ומפלצות,https://tickets.hotcinema.co.il/site/1184/tickets?code=1184-169574&languageid=en_gb,https://tickets.hotcinema.co.il/site/1184/tickets?code=1184-169574&languageid=he_IL,Regular,2D,,Hebrew,2026-07-26,2026,,,90,All,Kiryat Bialik,Hot Cinema,574
18:45,Minions & Monsters,מיניונים ומפלצות,https://tickets.hotcinema.co.il/site/1184/tickets?code=1184-169545&languageid=en_gb,https://tickets.hotcinema.co.il/site/1184/tickets?code=1184-169545&languageid=he_IL,Regular,2D,,Hebrew,2026-07-26,2026,,,90,All,Kiryat Bialik,Hot Cinema,574
10:10,School of Magical Animals,סוד החיות הקסומות 3,https://tickets.hotcinema.co.il/site/1184/tickets?code=1184-169529&languageid=en_gb,https://tickets.hotcinema.co.il/site/1184/tickets?code=1184-169529&languageid=he_IL,Regular,2D,,Hebrew,2026-07-26,2024,,,105,All,Kiryat Bialik,Hot Cinema,574
12:30,School of Magical Animals,סוד החיות הקסומות 3,https://tickets.hotcinema.co.il/site/1184/tickets?code=1184-169530&languageid=en_gb,https://tickets.hotcinema.co.il/site/1184/tickets?code=1184-169530&languageid=he_IL,Regular,2D,,Hebrew,2026-07-26,2024,,,105,All,Kiryat Bialik,Hot Cinema,574
14:50,School of Magical Animals,סוד החיות הקסומות 3,https://tickets.hotcinema.co.il/site/1184/tickets?code=1184-169531&languageid=en_gb,https://tickets.hotcinema.co.il/site/1184/tickets?code=1184-169531&languageid=he_IL,Regular,2D,,Hebrew,2026-07-26,2024,,,105,All,Kiryat Bialik,Hot Cinema,574
17:10,School of Magical Animals,סוד החיות הקסומות 3,https://tickets.hotcinema.co.il/site/1184/tickets?code=1184-169532&languageid=en_gb,https://tickets.hotcinema.co.il/site/1184/tickets?code=1184-169532&languageid=he_IL,Regular,2D,,Hebrew,2026-07-26,2024,,,105,All,Kiryat Bialik,Hot Cinema,574
10:40,Saltiz,סולטיז הסרט - וולוג ה-100,https://tickets.hotcinema.co.il/site/1184/tickets?code=1184-169583&languageid=en_gb,https://tickets.hotcinema.co.il/site/1184/tickets?code=1184-169583&languageid=he_IL,Regular,2D,,,2026-07-26,2026,,,100,All,Kiryat Bialik,Hot Cinema,574
11:50,Saltiz,סולטיז הסרט - וולוג ה-100,https://tickets.hotcinema.co.il/site/1184/tickets?code=1184-169569&languageid=en_gb,https://tickets.hotcinema.co.il/site/1184/tickets?code=1184-169569&languageid=he_IL,Regular,2D,,,2026-07-26,2026,,,100,All,Kiryat Bialik,Hot Cinema,574
13:00,Saltiz,סולטיז הסרט - וולוג ה-100,https://tickets.hotcinema.co.il/site/1184/tickets?code=1184-169584&languageid=en_gb,https://tickets.hotcinema.co.il/site/1184/tickets?code=1184-169584&languageid=he_IL,Regular,2D,,,2026-07-26,2026,,,100,All,Kiryat Bialik,Hot Cinema,574
14:10,Saltiz,סולטיז הסרט - וולוג ה-100,https://tickets.hotcinema.co.il/site/1184/tickets?code=1184-169570&languageid=en_gb,https://tickets.hotcinema.co.il/site/1184/tickets?code=1184-169570&languageid=he_IL,Regular,2D,,,2026-07-26,2026,,,100,All,Kiryat Bialik,Hot Cinema,574
15:20,Saltiz,סולטיז הסרט - וולוג ה-100,https://tickets.hotcinema.co.il/site/1184/tickets?code=1184-169585&languageid=en_gb,https://tickets.hotcinema.co.il/site/1184/tickets?code=1184-169585&languageid=he_IL,Regular,2D,,,2026-07-26,2026,,,100,All,Kiryat Bialik,Hot Cinema,574
16:30,Saltiz,סולטיז הסרט - וולוג ה-100,https://tickets.hotcinema.co.il/site/1184/tickets?code=1184-169571&languageid=en_gb,https://tickets.hotcinema.co.il/site/1184/tickets?code=1184-169571&languageid=he_IL,Regular,2D,,,2026-07-26,2026,,,100,All,Kiryat Bialik,Hot Cinema,574
17:40,Saltiz,סולטיז הסרט - וולוג ה-100,https://tickets.hotcinema.co.il/site/1184/tickets?code=1184-169586&languageid=en_gb,https://tickets.hotcinema.co.il/site/1184/tickets?code=1184-169586&languageid=he_IL,Regular,2D,,,2026-07-26,2026,,,100,All,Kiryat Bialik,Hot Cinema,574
10:15,Three Wishes for Cinderella,סינדרלה ושלוש המשאלות,https://tickets.hotcinema.co.il/site/1184/tickets?code=1184-169614&languageid=en_gb,https://tickets.hotcinema.co.il/site/1184/tickets?code=1184-169614&languageid=he_IL,Regular,2D,,Hebrew,2026-07-26,2026,,,85,All,Kiryat Bialik,Hot Cinema,574
12:15,Three Wishes for Cinderella,סינדרלה ושלוש המשאלות,https://tickets.hotcinema.co.il/site/1184/tickets?code=1184-169613&languageid=en_gb,https://tickets.hotcinema.co.il/site/1184/tickets?code=1184-169613&languageid=he_IL,Regular,2D,,Hebrew,2026-07-26,2026,,,85,All,Kiryat Bialik,Hot Cinema,574
14:15,Three Wishes for Cinderella,סינדרלה ושלוש המשאלות,https://tickets.hotcinema.co.il/site/1184/tickets?code=1184-169592&languageid=en_gb,https://tickets.hotcinema.co.il/site/1184/tickets?code=1184-169592&languageid=he_IL,Regular,2D,,Hebrew,2026-07-26,2026,,,85,All,Kiryat Bialik,Hot Cinema,574
20:00,batman,סינמה נוסטלגיה - באטמן 1989,https://tickets.hotcinema.co.il/site/1184/tickets?code=1184-169602&languageid=en_gb,https://tickets.hotcinema.co.il/site/1184/tickets?code=1184-169602&languageid=he_IL,Regular,2D,,,2026-07-26,1989,,,126,12+,Kiryat Bialik,Hot Cinema,574
11:00,Toy Story 5,צעצוע של סיפור 5,https://tickets.hotcinema.co.il/site/1184/tickets?code=1184-169537&languageid=en_gb,https://tickets.hotcinema.co.il/site/1184/tickets?code=1184-169537&languageid=he_IL,Regular,2D,,,2026-07-26,2026,,,102,All,Kiryat Bialik,Hot Cinema,574
15:15,Toy Story 5,צעצוע של סיפור 5,https://tickets.hotcinema.co.il/site/1184/tickets?code=1184-169536&languageid=en_gb,https://tickets.hotcinema.co.il/site/1184/tickets?code=1184-169536&languageid=he_IL,Regular,2D,,,2026-07-26,2026,,,102,All,Kiryat Bialik,Hot Cinema,574
10:15,Toy Story 5,צעצוע של סיפור 5,https://tickets.hotcinema.co.il/site/1184/tickets?code=1184-169596&languageid=en_gb,https://tickets.hotcinema.co.il/site/1184/tickets?code=1184-169596&languageid=he_IL,Regular,2D,,Hebrew,2026-07-26,2026,,,102,All,Kiryat Bialik,Hot Cinema,574
11:50,Toy Story 5,צעצוע של סיפור 5,https://tickets.hotcinema.co.il/site/1184/tickets?code=1184-169588&languageid=en_gb,https://tickets.hotcinema.co.il/site/1184/tickets?code=1184-169588&languageid=he_IL,Regular,2D,,Hebrew,2026-07-26,2026,,,102,All,Kiryat Bialik,Hot Cinema,574
12:30,Toy Story 5,צעצוע של סיפור 5,https://tickets.hotcinema.co.il/site/1184/tickets?code=1184-169595&languageid=en_gb,https://tickets.hotcinema.co.il/site/1184/tickets?code=1184-169595&languageid=he_IL,Regular,2D,,Hebrew,2026-07-26,2026,,,102,All,Kiryat Bialik,Hot Cinema,574
14:45,Toy Story 5,צעצוע של סיפור 5,https://tickets.hotcinema.co.il/site/1184/tickets?code=1184-169594&languageid=en_gb,https://tickets.hotcinema.co.il/site/1184/tickets?code=1184-169594&languageid=he_IL,Regular,2D,,Hebrew,2026-07-26,2026,,,102,All,Kiryat Bialik,Hot Cinema,574
17:00,Toy Story 5,צעצוע של סיפור 5,https://tickets.hotcinema.co.il/site/1184/tickets?code=1184-169593&languageid=en_gb,https://tickets.hotcinema.co.il/site/1184/tickets?code=1184-169593&languageid=he_IL,Regular,2D,,Hebrew,2026-07-26,2026,,,102,All,Kiryat Bialik,Hot Cinema,574
11:30,קופה ראשית: הסרט,קופה ראשית: הסרט,https://tickets.hotcinema.co.il/site/1184/tickets?code=1184-169601&languageid=en_gb,https://tickets.hotcinema.co.il/site/1184/tickets?code=1184-169601&languageid=he_IL,Regular,2D,,,2026-07-26,2026,,,91,All,Kiryat Bialik,Hot Cinema,574
13:40,קופה ראשית: הסרט,קופה ראשית: הסרט,https://tickets.hotcinema.co.il/site/1184/tickets?code=1184-169600&languageid=en_gb,https://tickets.hotcinema.co.il/site/1184/tickets?code=1184-169600&languageid=he_IL,Regular,2D,,,2026-07-26,2026,,,91,All,Kiryat Bialik,Hot Cinema,574
15:45,קופה ראשית: הסרט,קופה ראשית: הסרט,https://tickets.hotcinema.co.il/site/1184/tickets?code=1184-169599&languageid=en_gb,https://tickets.hotcinema.co.il/site/1184/tickets?code=1184-169599&languageid=he_IL,Regular,2D,,,2026-07-26,2026,,,91,All,Kiryat Bialik,Hot Cinema,574
17:50,קופה ראשית: הסרט,קופה ראשית: הסרט,https://tickets.hotcinema.co.il/site/1184/tickets?code=1184-169598&languageid=en_gb,https://tickets.hotcinema.co.il/site/1184/tickets?code=1184-169598&languageid=he_IL,Regular,2D,,,2026-07-26,2026,,,91,All,Kiryat Bialik,Hot Cinema,574
19:40,קופה ראשית: הסרט,קופה ראשית: הסרט,https://tickets.hotcinema.co.il/site/1184/tickets?code=1184-169573&languageid=en_gb,https://tickets.hotcinema.co.il/site/1184/tickets?code=1184-169573&languageid=he_IL,Regular,2D,,,2026-07-26,2026,,,91,All,Kiryat Bialik,Hot Cinema,574
20:20,קופה ראשית: הסרט,קופה ראשית: הסרט,https://tickets.hotcinema.co.il/site/1184/tickets?code=1184-169603&languageid=en_gb,https://tickets.hotcinema.co.il/site/1184/tickets?code=1184-169603&languageid=he_IL,Regular,2D,,,2026-07-26,2026,,,91,All,Kiryat Bialik,Hot Cinema,574
21:00,קופה ראשית: הסרט,קופה ראשית: הסרט,https://tickets.hotcinema.co.il/site/1184/tickets?code=1184-169547&languageid=en_gb,https://tickets.hotcinema.co.il/site/1184/tickets?code=1184-169547&languageid=he_IL,Regular,2D,,,2026-07-26,2026,,,91,All,Kiryat Bialik,Hot Cinema,574
21:45,קופה ראשית: הסרט,קופה ראשית: הסרט,https://tickets.hotcinema.co.il/site/1184/tickets?code=1184-169572&languageid=en_gb,https://tickets.hotcinema.co.il/site/1184/tickets?code=1184-169572&languageid=he_IL,Regular,2D,,,2026-07-26,2026,,,91,All,Kiryat Bialik,Hot Cinema,574
22:40,קופה ראשית: הסרט,קופה ראשית: הסרט,https://tickets.hotcinema.co.il/site/1184/tickets?code=1184-169604&languageid=en_gb,https://tickets.hotcinema.co.il/site/1184/tickets?code=1184-169604&languageid=he_IL,Regular,2D,,,2026-07-26,2026,,,91,All,Kiryat Bialik,Hot Cinema,574
17:20,Dream High,תיכון מגשימים,https://tickets.hotcinema.co.il/site/1184/tickets?code=1184-169615&languageid=en_gb,https://tickets.hotcinema.co.il/site/1184/tickets?code=1184-169615&languageid=he_IL,Regular,2D,,,2026-07-26,2026,,,100,12+,Kiryat Bialik,Hot Cinema,574
19:30,Dream High,תיכון מגשימים,https://tickets.hotcinema.co.il/site/1184/tickets?code=1184-169535&languageid=en_gb,https://tickets.hotcinema.co.il/site/1184/tickets?code=1184-169535&languageid=he_IL,Regular,2D,,,2026-07-26,2026,,,100,12+,Kiryat Bialik,Hot Cinema,574
21:45,Dream High,תיכון מגשימים,https://tickets.hotcinema.co.il/site/1184/tickets?code=1184-169533&languageid=en_gb,https://tickets.hotcinema.co.il/site/1184/tickets?code=1184-169533&languageid=he_IL,Regular,2D,,,2026-07-26,2026,,,100,12+,Kiryat Bialik,Hot Cinema,574
19:20,Obsession,אובססיה,https://tickets.hotcinema.co.il/site/1184/tickets?code=1184-169285&languageid=en_gb,https://tickets.hotcinema.co.il/site/1184/tickets?code=1184-169285&languageid=he_IL,Regular,2D,,,2026-07-27,2026,,,108,14+,Kiryat Bialik,Hot Cinema,574
21:40,Obsession,אובססיה,https://tickets.hotcinema.co.il/site/1184/tickets?code=1184-169286&languageid=en_gb,https://tickets.hotcinema.co.il/site/1184/tickets?code=1184-169286&languageid=he_IL,Regular,2D,,,2026-07-27,2026,,,108,14+,Kiryat Bialik,Hot Cinema,574
22:45,Obsession,אובססיה,https://tickets.hotcinema.co.il/site/1184/tickets?code=1184-169336&languageid=en_gb,https://tickets.hotcinema.co.il/site/1184/tickets?code=1184-169336&languageid=he_IL,Regular,2D,,,2026-07-27,2026,,,108,14+,Kiryat Bialik,Hot Cinema,574
18:40,Just an Illusion,אשליות מתוקות,https://tickets.hotcinema.co.il/site/1184/tickets?code=1184-169287&languageid=en_gb,https://tickets.hotcinema.co.il/site/1184/tickets?code=1184-169287&languageid=he_IL,Regular,2D,,,2026-07-27,2026,,,116,All,Kiryat Bialik,Hot Cinema,574
21:10,Just an Illusion,אשליות מתוקות,https://tickets.hotcinema.co.il/site/1184/tickets?code=1184-169288&languageid=en_gb,https://tickets.hotcinema.co.il/site/1184/tickets?code=1184-169288&languageid=he_IL,Regular,2D,,,2026-07-27,2026,,,116,All,Kiryat Bialik,Hot Cinema,574
11:00,The Odyssey,האודיסאה,https://tickets.hotcinema.co.il/site/1184/tickets?code=1184-169317&languageid=en_gb,https://tickets.hotcinema.co.il/site/1184/tickets?code=1184-169317&languageid=he_IL,Regular,2D,,,2026-07-27,2026,,,172,14+,Kiryat Bialik,Hot Cinema,574
14:40,The Odyssey,האודיסאה,https://tickets.hotcinema.co.il/site/1184/tickets?code=1184-169316&languageid=en_gb,https://tickets.hotcinema.co.il/site/1184/tickets?code=1184-169316&languageid=he_IL,Regular,2D,,,2026-07-27,2026,,,172,14+,Kiryat Bialik,Hot Cinema,574
16:50,The Odyssey,האודיסאה,https://tickets.hotcinema.co.il/site/1184/tickets?code=1184-169296&languageid=en_gb,https://tickets.hotcinema.co.il/site/1184/tickets?code=1184-169296&languageid=he_IL,Regular,2D,,,2026-07-27,2026,,,172,14+,Kiryat Bialik,Hot Cinema,574
18:15,The Odyssey,האודיסאה,https://tickets.hotcinema.co.il/site/1184/tickets?code=1184-169315&languageid=en_gb,https://tickets.hotcinema.co.il/site/1184/tickets?code=1184-169315&languageid=he_IL,Regular,2D,,,2026-07-27,2026,,,172,14+,Kiryat Bialik,Hot Cinema,574
20:00,The Odyssey,האודיסאה,https://tickets.hotcinema.co.il/site/1184/tickets?code=1184-169318&languageid=en_gb,https://tickets.hotcinema.co.il/site/1184/tickets?code=1184-169318&languageid=he_IL,Regular,2D,,,2026-07-27,2026,,,172,14+,Kiryat Bialik,Hot Cinema,574
20:40,The Odyssey,האודיסאה,https://tickets.hotcinema.co.il/site/1184/tickets?code=1184-169297&languageid=en_gb,https://tickets.hotcinema.co.il/site/1184/tickets?code=1184-169297&languageid=he_IL,Regular,2D,,,2026-07-27,2026,,,172,14+,Kiryat Bialik,Hot Cinema,574
21:50,The Odyssey,האודיסאה,https://tickets.hotcinema.co.il/site/1184/tickets?code=1184-169314&languageid=en_gb,https://tickets.hotcinema.co.il/site/1184/tickets?code=1184-169314&languageid=he_IL,Regular,2D,,,2026-07-27,2026,,,172,14+,Kiryat Bialik,Hot Cinema,574
22:30,The Odyssey,האודיסאה,https://tickets.hotcinema.co.il/site/1184/tickets?code=1184-169348&languageid=en_gb,https://tickets.hotcinema.co.il/site/1184/tickets?code=1184-169348&languageid=he_IL,Regular,2D,,,2026-07-27,2026,,,172,14+,Kiryat Bialik,Hot Cinema,574
17:20,American Hina,חינה אמריקאית,https://tickets.hotcinema.co.il/site/1184/tickets?code=1184-169329&languageid=en_gb,https://tickets.hotcinema.co.il/site/1184/tickets?code=1184-169329&languageid=he_IL,Regular,2D,,,2026-07-27,2026,,,100,All,Kiryat Bialik,Hot Cinema,574
19:30,American Hina,חינה אמריקאית,https://tickets.hotcinema.co.il/site/1184/tickets?code=1184-169331&languageid=en_gb,https://tickets.hotcinema.co.il/site/1184/tickets?code=1184-169331&languageid=he_IL,Regular,2D,,,2026-07-27,2026,,,100,All,Kiryat Bialik,Hot Cinema,574
21:40,American Hina,חינה אמריקאית,https://tickets.hotcinema.co.il/site/1184/tickets?code=1184-169330&languageid=en_gb,https://tickets.hotcinema.co.il/site/1184/tickets?code=1184-169330&languageid=he_IL,Regular,2D,,,2026-07-27,2026,,,100,All,Kiryat Bialik,Hot Cinema,574
10:50,Tafiti: Across the Desert,טפיטי: הרפתקה במדבר,https://tickets.hotcinema.co.il/site/1184/tickets?code=1184-169354&languageid=en_gb,https://tickets.hotcinema.co.il/site/1184/tickets?code=1184-169354&languageid=he_IL,Regular,2D,,,2026-07-27,,,,81,הגבלת גיל: עד גיל 8 בליווי מבוגר,Kiryat Bialik,Hot Cinema,574
12:50,Tafiti: Across the Desert,טפיטי: הרפתקה במדבר,https://tickets.hotcinema.co.il/site/1184/tickets?code=1184-169353&languageid=en_gb,https://tickets.hotcinema.co.il/site/1184/tickets?code=1184-169353&languageid=he_IL,Regular,2D,,,2026-07-27,,,,81,הגבלת גיל: עד גיל 8 בליווי מבוגר,Kiryat Bialik,Hot Cinema,574
14:45,Tafiti: Across the Desert,טפיטי: הרפתקה במדבר,https://tickets.hotcinema.co.il/site/1184/tickets?code=1184-169352&languageid=en_gb,https://tickets.hotcinema.co.il/site/1184/tickets?code=1184-169352&languageid=he_IL,Regular,2D,,,2026-07-27,,,,81,הגבלת גיל: עד גיל 8 בליווי מבוגר,Kiryat Bialik,Hot Cinema,574
16:40,Tafiti: Across the Desert,טפיטי: הרפתקה במדבר,https://tickets.hotcinema.co.il/site/1184/tickets?code=1184-169351&languageid=en_gb,https://tickets.hotcinema.co.il/site/1184/tickets?code=1184-169351&languageid=he_IL,Regular,2D,,,2026-07-27,,,,81,הגבלת גיל: עד גיל 8 בליווי מבוגר,Kiryat Bialik,Hot Cinema,574
14:15,Moana (Live Action),מואנה לייב אקשן,https://tickets.hotcinema.co.il/site/1184/tickets?code=1184-169327&languageid=en_gb,https://tickets.hotcinema.co.il/site/1184/tickets?code=1184-169327&languageid=he_IL,Regular,2D,,,2026-07-27,2026,,,115,All,Kiryat Bialik,Hot Cinema,574
19:15,Moana (Live Action),מואנה לייב אקשן,https://tickets.hotcinema.co.il/site/1184/tickets?code=1184-169326&languageid=en_gb,https://tickets.hotcinema.co.il/site/1184/tickets?code=1184-169326&languageid=he_IL,Regular,2D,,,2026-07-27,2026,,,115,All,Kiryat Bialik,Hot Cinema,574
21:50,Moana (Live Action),מואנה לייב אקשן,https://tickets.hotcinema.co.il/site/1184/tickets?code=1184-169325&languageid=en_gb,https://tickets.hotcinema.co.il/site/1184/tickets?code=1184-169325&languageid=he_IL,Regular,2D,,,2026-07-27,2026,,,115,All,Kiryat Bialik,Hot Cinema,574
10:10,Moana (Live Action),מואנה לייב אקשן,https://tickets.hotcinema.co.il/site/1184/tickets?code=1184-169347&languageid=en_gb,https://tickets.hotcinema.co.il/site/1184/tickets?code=1184-169347&languageid=he_IL,Regular,2D,,Hebrew,2026-07-27,2026,,,115,All,Kiryat Bialik,Hot Cinema,574
12:40,Moana (Live Action),מואנה לייב אקשן,https://tickets.hotcinema.co.il/site/1184/tickets?code=1184-169344&languageid=en_gb,https://tickets.hotcinema.co.il/site/1184/tickets?code=1184-169344&languageid=he_IL,Regular,2D,,Hebrew,2026-07-27,2026,,,115,All,Kiryat Bialik,Hot Cinema,574
15:10,Moana (Live Action),מואנה לייב אקשן,https://tickets.hotcinema.co.il/site/1184/tickets?code=1184-169345&languageid=en_gb,https://tickets.hotcinema.co.il/site/1184/tickets?code=1184-169345&languageid=he_IL,Regular,2D,,Hebrew,2026-07-27,2026,,,115,All,Kiryat Bialik,Hot Cinema,574
17:40,Moana (Live Action),מואנה לייב אקשן,https://tickets.hotcinema.co.il/site/1184/tickets?code=1184-169346&languageid=en_gb,https://tickets.hotcinema.co.il/site/1184/tickets?code=1184-169346&languageid=he_IL,Regular,2D,,Hebrew,2026-07-27,2026,,,115,All,Kiryat Bialik,Hot Cinema,574
13:15,Minions & Monsters,מיניונים ומפלצות,https://tickets.hotcinema.co.il/site/1184/tickets?code=1184-169276&languageid=en_gb,https://tickets.hotcinema.co.il/site/1184/tickets?code=1184-169276&languageid=he_IL,Regular,2D,,,2026-07-27,2026,,,90,All,Kiryat Bialik,Hot Cinema,574
17:30,Minions & Monsters,מיניונים ומפלצות,https://tickets.hotcinema.co.il/site/1184/tickets?code=1184-169275&languageid=en_gb,https://tickets.hotcinema.co.il/site/1184/tickets?code=1184-169275&languageid=he_IL,Regular,2D,,,2026-07-27,2026,,,90,All,Kiryat Bialik,Hot Cinema,574
19:30,Minions & Monsters,מיניונים ומפלצות,https://tickets.hotcinema.co.il/site/1184/tickets?code=1184-169274&languageid=en_gb,https://tickets.hotcinema.co.il/site/1184/tickets?code=1184-169274&languageid=he_IL,Regular,2D,,,2026-07-27,2026,,,90,All,Kiryat Bialik,Hot Cinema,574
21:30,Minions & Monsters,מיניונים ומפלצות,https://tickets.hotcinema.co.il/site/1184/tickets?code=1184-169277&languageid=en_gb,https://tickets.hotcinema.co.il/site/1184/tickets?code=1184-169277&languageid=he_IL,Regular,2D,,,2026-07-27,2026,,,90,All,Kiryat Bialik,Hot Cinema,574
10:10,Minions & Monsters,מיניונים ומפלצות,https://tickets.hotcinema.co.il/site/1184/tickets?code=1184-169281&languageid=en_gb,https://tickets.hotcinema.co.il/site/1184/tickets?code=1184-169281&languageid=he_IL,Regular,2D,,Hebrew,2026-07-27,2026,,,90,All,Kiryat Bialik,Hot Cinema,574
11:10,Minions & Monsters,מיניונים ומפלצות,https://tickets.hotcinema.co.il/site/1184/tickets?code=1184-169313&languageid=en_gb,https://tickets.hotcinema.co.il/site/1184/tickets?code=1184-169313&languageid=he_IL,Regular,2D,,Hebrew,2026-07-27,2026,,,90,All,Kiryat Bialik,Hot Cinema,574
12:20,Minions & Monsters,מיניונים ומפלצות,https://tickets.hotcinema.co.il/site/1184/tickets?code=1184-169280&languageid=en_gb,https://tickets.hotcinema.co.il/site/1184/tickets?code=1184-169280&languageid=he_IL,Regular,2D,,Hebrew,2026-07-27,2026,,,90,All,Kiryat Bialik,Hot Cinema,574
13:15,Minions & Monsters,מיניונים ומפלצות,https://tickets.hotcinema.co.il/site/1184/tickets?code=1184-169312&languageid=en_gb,https://tickets.hotcinema.co.il/site/1184/tickets?code=1184-169312&languageid=he_IL,Regular,2D,,Hebrew,2026-07-27,2026,,,90,All,Kiryat Bialik,Hot Cinema,574
14:30,Minions & Monsters,מיניונים ומפלצות,https://tickets.hotcinema.co.il/site/1184/tickets?code=1184-169282&languageid=en_gb,https://tickets.hotcinema.co.il/site/1184/tickets?code=1184-169282&languageid=he_IL,Regular,2D,,Hebrew,2026-07-27,2026,,,90,All,Kiryat Bialik,Hot Cinema,574
15:25,Minions & Monsters,מיניונים ומפלצות,https://tickets.hotcinema.co.il/site/1184/tickets?code=1184-169311&languageid=en_gb,https://tickets.hotcinema.co.il/site/1184/tickets?code=1184-169311&languageid=he_IL,Regular,2D,,Hebrew,2026-07-27,2026,,,90,All,Kiryat Bialik,Hot Cinema,574
16:40,Minions & Monsters,מיניונים ומפלצות,https://tickets.hotcinema.co.il/site/1184/tickets?code=1184-169279&languageid=en_gb,https://tickets.hotcinema.co.il/site/1184/tickets?code=1184-169279&languageid=he_IL,Regular,2D,,Hebrew,2026-07-27,2026,,,90,All,Kiryat Bialik,Hot Cinema,574
17:30,Minions & Monsters,מיניונים ומפלצות,https://tickets.hotcinema.co.il/site/1184/tickets?code=1184-169310&languageid=en_gb,https://tickets.hotcinema.co.il/site/1184/tickets?code=1184-169310&languageid=he_IL,Regular,2D,,Hebrew,2026-07-27,2026,,,90,All,Kiryat Bialik,Hot Cinema,574
10:10,School of Magical Animals,סוד החיות הקסומות 3,https://tickets.hotcinema.co.il/site/1184/tickets?code=1184-169268&languageid=en_gb,https://tickets.hotcinema.co.il/site/1184/tickets?code=1184-169268&languageid=he_IL,Regular,2D,,Hebrew,2026-07-27,2024,,,105,All,Kiryat Bialik,Hot Cinema,574
12:30,School of Magical Animals,סוד החיות הקסומות 3,https://tickets.hotcinema.co.il/site/1184/tickets?code=1184-169269&languageid=en_gb,https://tickets.hotcinema.co.il/site/1184/tickets?code=1184-169269&languageid=he_IL,Regular,2D,,Hebrew,2026-07-27,2024,,,105,All,Kiryat Bialik,Hot Cinema,574
14:50,School of Magical Animals,סוד החיות הקסומות 3,https://tickets.hotcinema.co.il/site/1184/tickets?code=1184-169270&languageid=en_gb,https://tickets.hotcinema.co.il/site/1184/tickets?code=1184-169270&languageid=he_IL,Regular,2D,,Hebrew,2026-07-27,2024,,,105,All,Kiryat Bialik,Hot Cinema,574
17:10,School of Magical Animals,סוד החיות הקסומות 3,https://tickets.hotcinema.co.il/site/1184/tickets?code=1184-169271&languageid=en_gb,https://tickets.hotcinema.co.il/site/1184/tickets?code=1184-169271&languageid=he_IL,Regular,2D,,Hebrew,2026-07-27,2024,,,105,All,Kiryat Bialik,Hot Cinema,574
10:40,Saltiz,סולטיז הסרט - וולוג ה-100,https://tickets.hotcinema.co.il/site/1184/tickets?code=1184-169319&languageid=en_gb,https://tickets.hotcinema.co.il/site/1184/tickets?code=1184-169319&languageid=he_IL,Regular,2D,,,2026-07-27,2026,,,100,All,Kiryat Bialik,Hot Cinema,574
11:50,Saltiz,סולטיז הסרט - וולוג ה-100,https://tickets.hotcinema.co.il/site/1184/tickets?code=1184-169304&languageid=en_gb,https://tickets.hotcinema.co.il/site/1184/tickets?code=1184-169304&languageid=he_IL,Regular,2D,,,2026-07-27,2026,,,100,All,Kiryat Bialik,Hot Cinema,574
13:00,Saltiz,סולטיז הסרט - וולוג ה-100,https://tickets.hotcinema.co.il/site/1184/tickets?code=1184-169320&languageid=en_gb,https://tickets.hotcinema.co.il/site/1184/tickets?code=1184-169320&languageid=he_IL,Regular,2D,,,2026-07-27,2026,,,100,All,Kiryat Bialik,Hot Cinema,574
14:10,Saltiz,סולטיז הסרט - וולוג ה-100,https://tickets.hotcinema.co.il/site/1184/tickets?code=1184-169305&languageid=en_gb,https://tickets.hotcinema.co.il/site/1184/tickets?code=1184-169305&languageid=he_IL,Regular,2D,,,2026-07-27,2026,,,100,All,Kiryat Bialik,Hot Cinema,574
15:20,Saltiz,סולטיז הסרט - וולוג ה-100,https://tickets.hotcinema.co.il/site/1184/tickets?code=1184-169321&languageid=en_gb,https://tickets.hotcinema.co.il/site/1184/tickets?code=1184-169321&languageid=he_IL,Regular,2D,,,2026-07-27,2026,,,100,All,Kiryat Bialik,Hot Cinema,574
16:30,Saltiz,סולטיז הסרט - וולוג ה-100,https://tickets.hotcinema.co.il/site/1184/tickets?code=1184-169306&languageid=en_gb,https://tickets.hotcinema.co.il/site/1184/tickets?code=1184-169306&languageid=he_IL,Regular,2D,,,2026-07-27,2026,,,100,All,Kiryat Bialik,Hot Cinema,574
17:40,Saltiz,סולטיז הסרט - וולוג ה-100,https://tickets.hotcinema.co.il/site/1184/tickets?code=1184-169322&languageid=en_gb,https://tickets.hotcinema.co.il/site/1184/tickets?code=1184-169322&languageid=he_IL,Regular,2D,,,2026-07-27,2026,,,100,All,Kiryat Bialik,Hot Cinema,574
10:15,Three Wishes for Cinderella,סינדרלה ושלוש המשאלות,https://tickets.hotcinema.co.il/site/1184/tickets?code=1184-169349&languageid=en_gb,https://tickets.hotcinema.co.il/site/1184/tickets?code=1184-169349&languageid=he_IL,Regular,2D,,Hebrew,2026-07-27,2026,,,85,All,Kiryat Bialik,Hot Cinema,574
12:15,Three Wishes for Cinderella,סינדרלה ושלוש המשאלות,https://tickets.hotcinema.co.il/site/1184/tickets?code=1184-169350&languageid=en_gb,https://tickets.hotcinema.co.il/site/1184/tickets?code=1184-169350&languageid=he_IL,Regular,2D,,Hebrew,2026-07-27,2026,,,85,All,Kiryat Bialik,Hot Cinema,574
14:15,Three Wishes for Cinderella,סינדרלה ושלוש המשאלות,https://tickets.hotcinema.co.il/site/1184/tickets?code=1184-169328&languageid=en_gb,https://tickets.hotcinema.co.il/site/1184/tickets?code=1184-169328&languageid=he_IL,Regular,2D,,Hebrew,2026-07-27,2026,,,85,All,Kiryat Bialik,Hot Cinema,574
20:00,batman,סינמה נוסטלגיה - באטמן 1989,https://tickets.hotcinema.co.il/site/1184/tickets?code=1184-169341&languageid=en_gb,https://tickets.hotcinema.co.il/site/1184/tickets?code=1184-169341&languageid=he_IL,Regular,2D,,,2026-07-27,1989,,,126,12+,Kiryat Bialik,Hot Cinema,574
11:00,Toy Story 5,צעצוע של סיפור 5,https://tickets.hotcinema.co.il/site/1184/tickets?code=1184-169273&languageid=en_gb,https://tickets.hotcinema.co.il/site/1184/tickets?code=1184-169273&languageid=he_IL,Regular,2D,,,2026-07-27,2026,,,102,All,Kiryat Bialik,Hot Cinema,574
10:15,Toy Story 5,צעצוע של סיפור 5,https://tickets.hotcinema.co.il/site/1184/tickets?code=1184-169335&languageid=en_gb,https://tickets.hotcinema.co.il/site/1184/tickets?code=1184-169335&languageid=he_IL,Regular,2D,,Hebrew,2026-07-27,2026,,,102,All,Kiryat Bialik,Hot Cinema,574
11:50,Toy Story 5,צעצוע של סיפור 5,https://tickets.hotcinema.co.il/site/1184/tickets?code=1184-169324&languageid=en_gb,https://tickets.hotcinema.co.il/site/1184/tickets?code=1184-169324&languageid=he_IL,Regular,2D,,Hebrew,2026-07-27,2026,,,102,All,Kiryat Bialik,Hot Cinema,574
12:30,Toy Story 5,צעצוע של סיפור 5,https://tickets.hotcinema.co.il/site/1184/tickets?code=1184-169334&languageid=en_gb,https://tickets.hotcinema.co.il/site/1184/tickets?code=1184-169334&languageid=he_IL,Regular,2D,,Hebrew,2026-07-27,2026,,,102,All,Kiryat Bialik,Hot Cinema,574
14:45,Toy Story 5,צעצוע של סיפור 5,https://tickets.hotcinema.co.il/site/1184/tickets?code=1184-169333&languageid=en_gb,https://tickets.hotcinema.co.il/site/1184/tickets?code=1184-169333&languageid=he_IL,Regular,2D,,Hebrew,2026-07-27,2026,,,102,All,Kiryat Bialik,Hot Cinema,574
17:00,Toy Story 5,צעצוע של סיפור 5,https://tickets.hotcinema.co.il/site/1184/tickets?code=1184-169332&languageid=en_gb,https://tickets.hotcinema.co.il/site/1184/tickets?code=1184-169332&languageid=he_IL,Regular,2D,,Hebrew,2026-07-27,2026,,,102,All,Kiryat Bialik,Hot Cinema,574
11:30,קופה ראשית: הסרט,קופה ראשית: הסרט,https://tickets.hotcinema.co.il/site/1184/tickets?code=1184-169340&languageid=en_gb,https://tickets.hotcinema.co.il/site/1184/tickets?code=1184-169340&languageid=he_IL,Regular,2D,,,2026-07-27,2026,,,91,All,Kiryat Bialik,Hot Cinema,574
13:40,קופה ראשית: הסרט,קופה ראשית: הסרט,https://tickets.hotcinema.co.il/site/1184/tickets?code=1184-169339&languageid=en_gb,https://tickets.hotcinema.co.il/site/1184/tickets?code=1184-169339&languageid=he_IL,Regular,2D,,,2026-07-27,2026,,,91,All,Kiryat Bialik,Hot Cinema,574
15:45,קופה ראשית: הסרט,קופה ראשית: הסרט,https://tickets.hotcinema.co.il/site/1184/tickets?code=1184-169338&languageid=en_gb,https://tickets.hotcinema.co.il/site/1184/tickets?code=1184-169338&languageid=he_IL,Regular,2D,,,2026-07-27,2026,,,91,All,Kiryat Bialik,Hot Cinema,574
17:50,קופה ראשית: הסרט,קופה ראשית: הסרט,https://tickets.hotcinema.co.il/site/1184/tickets?code=1184-169337&languageid=en_gb,https://tickets.hotcinema.co.il/site/1184/tickets?code=1184-169337&languageid=he_IL,Regular,2D,,,2026-07-27,2026,,,91,All,Kiryat Bialik,Hot Cinema,574
18:45,קופה ראשית: הסרט,קופה ראשית: הסרט,https://tickets.hotcinema.co.il/site/1184/tickets?code=1184-169284&languageid=en_gb,https://tickets.hotcinema.co.il/site/1184/tickets?code=1184-169284&languageid=he_IL,Regular,2D,,,2026-07-27,2026,,,91,All,Kiryat Bialik,Hot Cinema,574
19:40,קופה ראשית: הסרט,קופה ראשית: הסרט,https://tickets.hotcinema.co.il/site/1184/tickets?code=1184-169309&languageid=en_gb,https://tickets.hotcinema.co.il/site/1184/tickets?code=1184-169309&languageid=he_IL,Regular,2D,,,2026-07-27,2026,,,91,All,Kiryat Bialik,Hot Cinema,574
20:20,קופה ראשית: הסרט,קופה ראשית: הסרט,https://tickets.hotcinema.co.il/site/1184/tickets?code=1184-169342&languageid=en_gb,https://tickets.hotcinema.co.il/site/1184/tickets?code=1184-169342&languageid=he_IL,Regular,2D,,,2026-07-27,2026,,,91,All,Kiryat Bialik,Hot Cinema,574
21:00,קופה ראשית: הסרט,קופה ראשית: הסרט,https://tickets.hotcinema.co.il/site/1184/tickets?code=1184-169283&languageid=en_gb,https://tickets.hotcinema.co.il/site/1184/tickets?code=1184-169283&languageid=he_IL,Regular,2D,,,2026-07-27,2026,,,91,All,Kiryat Bialik,Hot Cinema,574
21:45,קופה ראשית: הסרט,קופה ראשית: הסרט,https://tickets.hotcinema.co.il/site/1184/tickets?code=1184-169308&languageid=en_gb,https://tickets.hotcinema.co.il/site/1184/tickets?code=1184-169308&languageid=he_IL,Regular,2D,,,2026-07-27,2026,,,91,All,Kiryat Bialik,Hot Cinema,574
22:40,קופה ראשית: הסרט,קופה ראשית: הסרט,https://tickets.hotcinema.co.il/site/1184/tickets?code=1184-169343&languageid=en_gb,https://tickets.hotcinema.co.il/site/1184/tickets?code=1184-169343&languageid=he_IL,Regular,2D,,,2026-07-27,2026,,,91,All,Kiryat Bialik,Hot Cinema,574
19:30,Dream High,תיכון מגשימים,https://tickets.hotcinema.co.il/site/1184/tickets?code=1184-169272&languageid=en_gb,https://tickets.hotcinema.co.il/site/1184/tickets?code=1184-169272&languageid=he_IL,Regular,2D,,,2026-07-27,2026,,,100,12+,Kiryat Bialik,Hot Cinema,574
21:45,Dream High,תיכון מגשימים,https://tickets.hotcinema.co.il/site/1184/tickets?code=1184-169267&languageid=en_gb,https://tickets.hotcinema.co.il/site/1184/tickets?code=1184-169267&languageid=he_IL,Regular,2D,,,2026-07-27,2026,,,100,12+,Kiryat Bialik,Hot Cinema,574
21:40,Obsession,אובססיה,https://tickets.hotcinema.co.il/site/1184/tickets?code=1184-169732&languageid=en_gb,https://tickets.hotcinema.co.il/site/1184/tickets?code=1184-169732&languageid=he_IL,Regular,2D,,,2026-07-28,2026,,,108,14+,Kiryat Bialik,Hot Cinema,574
22:45,Obsession,אובססיה,https://tickets.hotcinema.co.il/site/1184/tickets?code=1184-169780&languageid=en_gb,https://tickets.hotcinema.co.il/site/1184/tickets?code=1184-169780&languageid=he_IL,Regular,2D,,,2026-07-28,2026,,,108,14+,Kiryat Bialik,Hot Cinema,574
12:10,Just an Illusion,אשליות מתוקות,https://tickets.hotcinema.co.il/site/1184/tickets?code=1184-169768&languageid=en_gb,https://tickets.hotcinema.co.il/site/1184/tickets?code=1184-169768&languageid=he_IL,Regular,2D,,,2026-07-28,2026,,,116,All,Kiryat Bialik,Hot Cinema,574
14:45,Just an Illusion,אשליות מתוקות,https://tickets.hotcinema.co.il/site/1184/tickets?code=1184-169767&languageid=en_gb,https://tickets.hotcinema.co.il/site/1184/tickets?code=1184-169767&languageid=he_IL,Regular,2D,,,2026-07-28,2026,,,116,All,Kiryat Bialik,Hot Cinema,574
20:00,Just an Illusion,אשליות מתוקות,https://tickets.hotcinema.co.il/site/1184/tickets?code=1184-169779&languageid=en_gb,https://tickets.hotcinema.co.il/site/1184/tickets?code=1184-169779&languageid=he_IL,Regular,2D,,,2026-07-28,2026,,,116,All,Kiryat Bialik,Hot Cinema,574
21:30,Just an Illusion,אשליות מתוקות,https://tickets.hotcinema.co.il/site/1184/tickets?code=1184-169733&languageid=en_gb,https://tickets.hotcinema.co.il/site/1184/tickets?code=1184-169733&languageid=he_IL,Regular,2D,,,2026-07-28,2026,,,116,All,Kiryat Bialik,Hot Cinema,574
11:40,The Odyssey,האודיסאה,https://tickets.hotcinema.co.il/site/1184/tickets?code=1184-169763&languageid=en_gb,https://tickets.hotcinema.co.il/site/1184/tickets?code=1184-169763&languageid=he_IL,Regular,2D,,,2026-07-28,2026,,,172,14+,Kiryat Bialik,Hot Cinema,574
14:30,The Odyssey,האודיסאה,https://tickets.hotcinema.co.il/site/1184/tickets?code=1184-169760&languageid=en_gb,https://tickets.hotcinema.co.il/site/1184/tickets?code=1184-169760&languageid=he_IL,Regular,2D,,,2026-07-28,2026,,,172,14+,Kiryat Bialik,Hot Cinema,574
16:50,The Odyssey,האודיסאה,https://tickets.hotcinema.co.il/site/1184/tickets?code=1184-169744&languageid=en_gb,https://tickets.hotcinema.co.il/site/1184/tickets?code=1184-169744&languageid=he_IL,Regular,2D,,,2026-07-28,2026,,,172,14+,Kiryat Bialik,Hot Cinema,574
18:15,The Odyssey,האודיסאה,https://tickets.hotcinema.co.il/site/1184/tickets?code=1184-169759&languageid=en_gb,https://tickets.hotcinema.co.il/site/1184/tickets?code=1184-169759&languageid=he_IL,Regular,2D,,,2026-07-28,2026,,,172,14+,Kiryat Bialik,Hot Cinema,574
19:00,The Odyssey,האודיסאה,https://tickets.hotcinema.co.il/site/1184/tickets?code=1184-169747&languageid=en_gb,https://tickets.hotcinema.co.il/site/1184/tickets?code=1184-169747&languageid=he_IL,Regular,2D,,,2026-07-28,2026,,,172,14+,Kiryat Bialik,Hot Cinema,574
20:00,The Odyssey,האודיסאה,https://tickets.hotcinema.co.il/site/1184/tickets?code=1184-169762&languageid=en_gb,https://tickets.hotcinema.co.il/site/1184/tickets?code=1184-169762&languageid=he_IL,Regular,2D,,,2026-07-28,2026,,,172,14+,Kiryat Bialik,Hot Cinema,574
20:40,The Odyssey,האודיסאה,https://tickets.hotcinema.co.il/site/1184/tickets?code=1184-169741&languageid=en_gb,https://tickets.hotcinema.co.il/site/1184/tickets?code=1184-169741&languageid=he_IL,Regular,2D,,,2026-07-28,2026,,,172,14+,Kiryat Bialik,Hot Cinema,574
21:50,The Odyssey,האודיסאה,https://tickets.hotcinema.co.il/site/1184/tickets?code=1184-169758&languageid=en_gb,https://tickets.hotcinema.co.il/site/1184/tickets?code=1184-169758&languageid=he_IL,Regular,2D,,,2026-07-28,2026,,,172,14+,Kiryat Bialik,Hot Cinema,574
22:30,The Odyssey,האודיסאה,https://tickets.hotcinema.co.il/site/1184/tickets?code=1184-169748&languageid=en_gb,https://tickets.hotcinema.co.il/site/1184/tickets?code=1184-169748&languageid=he_IL,Regular,2D,,,2026-07-28,2026,,,172,14+,Kiryat Bialik,Hot Cinema,574
19:30,American Hina,חינה אמריקאית,https://tickets.hotcinema.co.il/site/1184/tickets?code=1184-169772&languageid=en_gb,https://tickets.hotcinema.co.il/site/1184/tickets?code=1184-169772&languageid=he_IL,Regular,2D,,,2026-07-28,2026,,,100,All,Kiryat Bialik,Hot Cinema,574
21:40,American Hina,חינה אמריקאית,https://tickets.hotcinema.co.il/site/1184/tickets?code=1184-169771&languageid=en_gb,https://tickets.hotcinema.co.il/site/1184/tickets?code=1184-169771&languageid=he_IL,Regular,2D,,,2026-07-28,2026,,,100,All,Kiryat Bialik,Hot Cinema,574
10:50,Tafiti: Across the Desert,טפיטי: הרפתקה במדבר,https://tickets.hotcinema.co.il/site/1184/tickets?code=1184-169797&languageid=en_gb,https://tickets.hotcinema.co.il/site/1184/tickets?code=1184-169797&languageid=he_IL,Regular,2D,,,2026-07-28,,,,81,הגבלת גיל: עד גיל 8 בליווי מבוגר,Kiryat Bialik,Hot Cinema,574
12:50,Tafiti: Across the Desert,טפיטי: הרפתקה במדבר,https://tickets.hotcinema.co.il/site/1184/tickets?code=1184-169796&languageid=en_gb,https://tickets.hotcinema.co.il/site/1184/tickets?code=1184-169796&languageid=he_IL,Regular,2D,,,2026-07-28,,,,81,הגבלת גיל: עד גיל 8 בליווי מבוגר,Kiryat Bialik,Hot Cinema,574
14:45,Tafiti: Across the Desert,טפיטי: הרפתקה במדבר,https://tickets.hotcinema.co.il/site/1184/tickets?code=1184-169795&languageid=en_gb,https://tickets.hotcinema.co.il/site/1184/tickets?code=1184-169795&languageid=he_IL,Regular,2D,,,2026-07-28,,,,81,הגבלת גיל: עד גיל 8 בליווי מבוגר,Kiryat Bialik,Hot Cinema,574
16:40,Tafiti: Across the Desert,טפיטי: הרפתקה במדבר,https://tickets.hotcinema.co.il/site/1184/tickets?code=1184-169794&languageid=en_gb,https://tickets.hotcinema.co.il/site/1184/tickets?code=1184-169794&languageid=he_IL,Regular,2D,,,2026-07-28,,,,81,הגבלת גיל: עד גיל 8 בליווי מבוגר,Kiryat Bialik,Hot Cinema,574
19:10,One night only,"טרום בכורה בט""ו באב - לגמור את הלילה",https://tickets.hotcinema.co.il/site/1184/tickets?code=1184-169729&languageid=en_gb,https://tickets.hotcinema.co.il/site/1184/tickets?code=1184-169729&languageid=he_IL,Regular,2D,,,2026-07-28,2026,,,102,14+,Kiryat Bialik,Hot Cinema,574
21:30,One night only,"טרום בכורה בט""ו באב - לגמור את הלילה",https://tickets.hotcinema.co.il/site/1184/tickets?code=1184-169730&languageid=en_gb,https://tickets.hotcinema.co.il/site/1184/tickets?code=1184-169730&languageid=he_IL,Regular,2D,,,2026-07-28,2026,,,102,14+,Kiryat Bialik,Hot Cinema,574
11:50,For the Love of a Woman,כימים אחדים,https://tickets.hotcinema.co.il/site/1184/tickets?code=1184-169761&languageid=en_gb,https://tickets.hotcinema.co.il/site/1184/tickets?code=1184-169761&languageid=he_IL,Regular,2D,,,2026-07-28,2025,,,117,הגבלת גיל: הותר מגיל 9,Kiryat Bialik,Hot Cinema,574
19:15,For the Love of a Woman,כימים אחדים,https://tickets.hotcinema.co.il/site/1184/tickets?code=1184-169721&languageid=en_gb,https://tickets.hotcinema.co.il/site/1184/tickets?code=1184-169721&languageid=he_IL,Regular,2D,,,2026-07-28,2025,,,117,הגבלת גיל: הותר מגיל 9,Kiryat Bialik,Hot Cinema,574
19:20,The Get Out,לצאת מהמשחק,https://tickets.hotcinema.co.il/site/1184/tickets?code=1184-169766&languageid=en_gb,https://tickets.hotcinema.co.il/site/1184/tickets?code=1184-169766&languageid=he_IL,Regular,2D,,,2026-07-28,2026,,,101,14+,Kiryat Bialik,Hot Cinema,574
10:40,מאמא,מאמא,https://tickets.hotcinema.co.il/site/1184/tickets?code=1184-169724&languageid=en_gb,https://tickets.hotcinema.co.il/site/1184/tickets?code=1184-169724&languageid=he_IL,Regular,2D,,,2026-07-28,2026,,,92,12+,Kiryat Bialik,Hot Cinema,574
12:45,מאמא,מאמא,https://tickets.hotcinema.co.il/site/1184/tickets?code=1184-169726&languageid=en_gb,https://tickets.hotcinema.co.il/site/1184/tickets?code=1184-169726&languageid=he_IL,Regular,2D,,,2026-07-28,2026,,,92,12+,Kiryat Bialik,Hot Cinema,574
14:50,מאמא,מאמא,https://tickets.hotcinema.co.il/site/1184/tickets?code=1184-169723&languageid=en_gb,https://tickets.hotcinema.co.il/site/1184/tickets?code=1184-169723&languageid=he_IL,Regular,2D,,,2026-07-28,2026,,,92,12+,Kiryat Bialik,Hot Cinema,574
17:00,מאמא,מאמא,https://tickets.hotcinema.co.il/site/1184/tickets?code=1184-169725&languageid=en_gb,https://tickets.hotcinema.co.il/site/1184/tickets?code=1184-169725&languageid=he_IL,Regular,2D,,,2026-07-28,2026,,,92,12+,Kiryat Bialik,Hot Cinema,574
19:20,מאמא,מאמא,https://tickets.hotcinema.co.il/site/1184/tickets?code=1184-169731&languageid=en_gb,https://tickets.hotcinema.co.il/site/1184/tickets?code=1184-169731&languageid=he_IL,Regular,2D,,,2026-07-28,2026,,,92,12+,Kiryat Bialik,Hot Cinema,574
21:50,Moana (Live Action),מואנה לייב אקשן,https://tickets.hotcinema.co.il/site/1184/tickets?code=1184-169770&languageid=en_gb,https://tickets.hotcinema.co.il/site/1184/tickets?code=1184-169770&languageid=he_IL,Regular,2D,,,2026-07-28,2026,,,115,All,Kiryat Bialik,Hot Cinema,574
10:10,Moana (Live Action),מואנה לייב אקשן,https://tickets.hotcinema.co.il/site/1184/tickets?code=1184-169790&languageid=en_gb,https://tickets.hotcinema.co.il/site/1184/tickets?code=1184-169790&languageid=he_IL,Regular,2D,,Hebrew,2026-07-28,2026,,,115,All,Kiryat Bialik,Hot Cinema,574
12:40,Moana (Live Action),מואנה לייב אקשן,https://tickets.hotcinema.co.il/site/1184/tickets?code=1184-169787&languageid=en_gb,https://tickets.hotcinema.co.il/site/1184/tickets?code=1184-169787&languageid=he_IL,Regular,2D,,Hebrew,2026-07-28,2026,,,115,All,Kiryat Bialik,Hot Cinema,574
15:10,Moana (Live Action),מואנה לייב אקשן,https://tickets.hotcinema.co.il/site/1184/tickets?code=1184-169788&languageid=en_gb,https://tickets.hotcinema.co.il/site/1184/tickets?code=1184-169788&languageid=he_IL,Regular,2D,,Hebrew,2026-07-28,2026,,,115,All,Kiryat Bialik,Hot Cinema,574
17:40,Moana (Live Action),מואנה לייב אקשן,https://tickets.hotcinema.co.il/site/1184/tickets?code=1184-169789&languageid=en_gb,https://tickets.hotcinema.co.il/site/1184/tickets?code=1184-169789&languageid=he_IL,Regular,2D,,Hebrew,2026-07-28,2026,,,115,All,Kiryat Bialik,Hot Cinema,574
21:45,Minions & Monsters,מיניונים ומפלצות,https://tickets.hotcinema.co.il/site/1184/tickets?code=1184-169722&languageid=en_gb,https://tickets.hotcinema.co.il/site/1184/tickets?code=1184-169722&languageid=he_IL,Regular,2D,,,2026-07-28,2026,,,90,All,Kiryat Bialik,Hot Cinema,574
11:10,Minions & Monsters,מיניונים ומפלצות,https://tickets.hotcinema.co.il/site/1184/tickets?code=1184-169757&languageid=en_gb,https://tickets.hotcinema.co.il/site/1184/tickets?code=1184-169757&languageid=he_IL,Regular,2D,,Hebrew,2026-07-28,2026,,,90,All,Kiryat Bialik,Hot Cinema,574
13:15,Minions & Monsters,מיניונים ומפלצות,https://tickets.hotcinema.co.il/site/1184/tickets?code=1184-169756&languageid=en_gb,https://tickets.hotcinema.co.il/site/1184/tickets?code=1184-169756&languageid=he_IL,Regular,2D,,Hebrew,2026-07-28,2026,,,90,All,Kiryat Bialik,Hot Cinema,574
14:30,Minions & Monsters,מיניונים ומפלצות,https://tickets.hotcinema.co.il/site/1184/tickets?code=1184-169728&languageid=en_gb,https://tickets.hotcinema.co.il/site/1184/tickets?code=1184-169728&languageid=he_IL,Regular,2D,,Hebrew,2026-07-28,2026,,,90,All,Kiryat Bialik,Hot Cinema,574
15:25,Minions & Monsters,מיניונים ומפלצות,https://tickets.hotcinema.co.il/site/1184/tickets?code=1184-169755&languageid=en_gb,https://tickets.hotcinema.co.il/site/1184/tickets?code=1184-169755&languageid=he_IL,Regular,2D,,Hebrew,2026-07-28,2026,,,90,All,Kiryat Bialik,Hot Cinema,574
16:40,Minions & Monsters,מיניונים ומפלצות,https://tickets.hotcinema.co.il/site/1184/tickets?code=1184-169727&languageid=en_gb,https://tickets.hotcinema.co.il/site/1184/tickets?code=1184-169727&languageid=he_IL,Regular,2D,,Hebrew,2026-07-28,2026,,,90,All,Kiryat Bialik,Hot Cinema,574
17:30,Minions & Monsters,מיניונים ומפלצות,https://tickets.hotcinema.co.il/site/1184/tickets?code=1184-169754&languageid=en_gb,https://tickets.hotcinema.co.il/site/1184/tickets?code=1184-169754&languageid=he_IL,Regular,2D,,Hebrew,2026-07-28,2026,,,90,All,Kiryat Bialik,Hot Cinema,574
10:10,School of Magical Animals,סוד החיות הקסומות 3,https://tickets.hotcinema.co.il/site/1184/tickets?code=1184-169715&languageid=en_gb,https://tickets.hotcinema.co.il/site/1184/tickets?code=1184-169715&languageid=he_IL,Regular,2D,,Hebrew,2026-07-28,2024,,,105,All,Kiryat Bialik,Hot Cinema,574
12:30,School of Magical Animals,סוד החיות הקסומות 3,https://tickets.hotcinema.co.il/site/1184/tickets?code=1184-169716&languageid=en_gb,https://tickets.hotcinema.co.il/site/1184/tickets?code=1184-169716&languageid=he_IL,Regular,2D,,Hebrew,2026-07-28,2024,,,105,All,Kiryat Bialik,Hot Cinema,574
14:50,School of Magical Animals,סוד החיות הקסומות 3,https://tickets.hotcinema.co.il/site/1184/tickets?code=1184-169717&languageid=en_gb,https://tickets.hotcinema.co.il/site/1184/tickets?code=1184-169717&languageid=he_IL,Regular,2D,,Hebrew,2026-07-28,2024,,,105,All,Kiryat Bialik,Hot Cinema,574
17:10,School of Magical Animals,סוד החיות הקסומות 3,https://tickets.hotcinema.co.il/site/1184/tickets?code=1184-169718&languageid=en_gb,https://tickets.hotcinema.co.il/site/1184/tickets?code=1184-169718&languageid=he_IL,Regular,2D,,Hebrew,2026-07-28,2024,,,105,All,Kiryat Bialik,Hot Cinema,574
11:50,Saltiz,סולטיז הסרט - וולוג ה-100,https://tickets.hotcinema.co.il/site/1184/tickets?code=1184-169749&languageid=en_gb,https://tickets.hotcinema.co.il/site/1184/tickets?code=1184-169749&languageid=he_IL,Regular,2D,,,2026-07-28,2026,,,100,All,Kiryat Bialik,Hot Cinema,574
14:15,Saltiz,סולטיז הסרט - וולוג ה-100,https://tickets.hotcinema.co.il/site/1184/tickets?code=1184-169750&languageid=en_gb,https://tickets.hotcinema.co.il/site/1184/tickets?code=1184-169750&languageid=he_IL,Regular,2D,,,2026-07-28,2026,,,100,All,Kiryat Bialik,Hot Cinema,574
15:20,Saltiz,סולטיז הסרט - וולוג ה-100,https://tickets.hotcinema.co.il/site/1184/tickets?code=1184-169764&languageid=en_gb,https://tickets.hotcinema.co.il/site/1184/tickets?code=1184-169764&languageid=he_IL,Regular,2D,,,2026-07-28,2026,,,100,All,Kiryat Bialik,Hot Cinema,574
16:40,Saltiz,סולטיז הסרט - וולוג ה-100,https://tickets.hotcinema.co.il/site/1184/tickets?code=1184-169751&languageid=en_gb,https://tickets.hotcinema.co.il/site/1184/tickets?code=1184-169751&languageid=he_IL,Regular,2D,,,2026-07-28,2026,,,100,All,Kiryat Bialik,Hot Cinema,574
17:40,Saltiz,סולטיז הסרט - וולוג ה-100,https://tickets.hotcinema.co.il/site/1184/tickets?code=1184-169765&languageid=en_gb,https://tickets.hotcinema.co.il/site/1184/tickets?code=1184-169765&languageid=he_IL,Regular,2D,,,2026-07-28,2026,,,100,All,Kiryat Bialik,Hot Cinema,574
10:15,Three Wishes for Cinderella,סינדרלה ושלוש המשאלות,https://tickets.hotcinema.co.il/site/1184/tickets?code=1184-169791&languageid=en_gb,https://tickets.hotcinema.co.il/site/1184/tickets?code=1184-169791&languageid=he_IL,Regular,2D,,Hebrew,2026-07-28,2026,,,85,All,Kiryat Bialik,Hot Cinema,574
12:15,Three Wishes for Cinderella,סינדרלה ושלוש המשאלות,https://tickets.hotcinema.co.il/site/1184/tickets?code=1184-169774&languageid=en_gb,https://tickets.hotcinema.co.il/site/1184/tickets?code=1184-169774&languageid=he_IL,Regular,2D,,Hebrew,2026-07-28,2026,,,85,All,Kiryat Bialik,Hot Cinema,574
14:15,Three Wishes for Cinderella,סינדרלה ושלוש המשאלות,https://tickets.hotcinema.co.il/site/1184/tickets?code=1184-169773&languageid=en_gb,https://tickets.hotcinema.co.il/site/1184/tickets?code=1184-169773&languageid=he_IL,Regular,2D,,Hebrew,2026-07-28,2026,,,85,All,Kiryat Bialik,Hot Cinema,574
18:45,Sentimental Value,ערך סנטימנטלי,https://tickets.hotcinema.co.il/site/1184/tickets?code=1184-169793&languageid=en_gb,https://tickets.hotcinema.co.il/site/1184/tickets?code=1184-169793&languageid=he_IL,Regular,2D,,,2026-07-28,2025,,,132,All,Kiryat Bialik,Hot Cinema,574
10:15,Toy Story 5,צעצוע של סיפור 5,https://tickets.hotcinema.co.il/site/1184/tickets?code=1184-169778&languageid=en_gb,https://tickets.hotcinema.co.il/site/1184/tickets?code=1184-169778&languageid=he_IL,Regular,2D,,Hebrew,2026-07-28,2026,,,102,All,Kiryat Bialik,Hot Cinema,574
12:30,Toy Story 5,צעצוע של סיפור 5,https://tickets.hotcinema.co.il/site/1184/tickets?code=1184-169777&languageid=en_gb,https://tickets.hotcinema.co.il/site/1184/tickets?code=1184-169777&languageid=he_IL,Regular,2D,,Hebrew,2026-07-28,2026,,,102,All,Kiryat Bialik,Hot Cinema,574
14:45,Toy Story 5,צעצוע של סיפור 5,https://tickets.hotcinema.co.il/site/1184/tickets?code=1184-169776&languageid=en_gb,https://tickets.hotcinema.co.il/site/1184/tickets?code=1184-169776&languageid=he_IL,Regular,2D,,Hebrew,2026-07-28,2026,,,102,All,Kiryat Bialik,Hot Cinema,574
17:00,Toy Story 5,צעצוע של סיפור 5,https://tickets.hotcinema.co.il/site/1184/tickets?code=1184-169775&languageid=en_gb,https://tickets.hotcinema.co.il/site/1184/tickets?code=1184-169775&languageid=he_IL,Regular,2D,,Hebrew,2026-07-28,2026,,,102,All,Kiryat Bialik,Hot Cinema,574
11:30,קופה ראשית: הסרט,קופה ראשית: הסרט,https://tickets.hotcinema.co.il/site/1184/tickets?code=1184-169784&languageid=en_gb,https://tickets.hotcinema.co.il/site/1184/tickets?code=1184-169784&languageid=he_IL,Regular,2D,,,2026-07-28,2026,,,91,All,Kiryat Bialik,Hot Cinema,574
13:40,קופה ראשית: הסרט,קופה ראשית: הסרט,https://tickets.hotcinema.co.il/site/1184/tickets?code=1184-169783&languageid=en_gb,https://tickets.hotcinema.co.il/site/1184/tickets?code=1184-169783&languageid=he_IL,Regular,2D,,,2026-07-28,2026,,,91,All,Kiryat Bialik,Hot Cinema,574
15:45,קופה ראשית: הסרט,קופה ראשית: הסרט,https://tickets.hotcinema.co.il/site/1184/tickets?code=1184-169782&languageid=en_gb,https://tickets.hotcinema.co.il/site/1184/tickets?code=1184-169782&languageid=he_IL,Regular,2D,,,2026-07-28,2026,,,91,All,Kiryat Bialik,Hot Cinema,574
17:50,קופה ראשית: הסרט,קופה ראשית: הסרט,https://tickets.hotcinema.co.il/site/1184/tickets?code=1184-169781&languageid=en_gb,https://tickets.hotcinema.co.il/site/1184/tickets?code=1184-169781&languageid=he_IL,Regular,2D,,,2026-07-28,2026,,,91,All,Kiryat Bialik,Hot Cinema,574
19:40,קופה ראשית: הסרט,קופה ראשית: הסרט,https://tickets.hotcinema.co.il/site/1184/tickets?code=1184-169753&languageid=en_gb,https://tickets.hotcinema.co.il/site/1184/tickets?code=1184-169753&languageid=he_IL,Regular,2D,,,2026-07-28,2026,,,91,All,Kiryat Bialik,Hot Cinema,574
20:30,קופה ראשית: הסרט,קופה ראשית: הסרט,https://tickets.hotcinema.co.il/site/1184/tickets?code=1184-169785&languageid=en_gb,https://tickets.hotcinema.co.il/site/1184/tickets?code=1184-169785&languageid=he_IL,Regular,2D,,,2026-07-28,2026,,,91,All,Kiryat Bialik,Hot Cinema,574
21:45,קופה ראשית: הסרט,קופה ראשית: הסרט,https://tickets.hotcinema.co.il/site/1184/tickets?code=1184-169752&languageid=en_gb,https://tickets.hotcinema.co.il/site/1184/tickets?code=1184-169752&languageid=he_IL,Regular,2D,,,2026-07-28,2026,,,91,All,Kiryat Bialik,Hot Cinema,574
22:40,קופה ראשית: הסרט,קופה ראשית: הסרט,https://tickets.hotcinema.co.il/site/1184/tickets?code=1184-169786&languageid=en_gb,https://tickets.hotcinema.co.il/site/1184/tickets?code=1184-169786&languageid=he_IL,Regular,2D,,,2026-07-28,2026,,,91,All,Kiryat Bialik,Hot Cinema,574
17:20,Dream High,תיכון מגשימים,https://tickets.hotcinema.co.il/site/1184/tickets?code=1184-169792&languageid=en_gb,https://tickets.hotcinema.co.il/site/1184/tickets?code=1184-169792&languageid=he_IL,Regular,2D,,,2026-07-28,2026,,,100,12+,Kiryat Bialik,Hot Cinema,574
19:30,Dream High,תיכון מגשימים,https://tickets.hotcinema.co.il/site/1184/tickets?code=1184-169720&languageid=en_gb,https://tickets.hotcinema.co.il/site/1184/tickets?code=1184-169720&languageid=he_IL,Regular,2D,,,2026-07-28,2026,,,100,12+,Kiryat Bialik,Hot Cinema,574
21:45,Dream High,תיכון מגשימים,https://tickets.hotcinema.co.il/site/1184/tickets?code=1184-169714&languageid=en_gb,https://tickets.hotcinema.co.il/site/1184/tickets?code=1184-169714&languageid=he_IL,Regular,2D,,,2026-07-28,2026,,,100,12+,Kiryat Bialik,Hot Cinema,574
18:40,Just an Illusion,אשליות מתוקות,https://tickets.hotcinema.co.il/site/1184/tickets?code=1184-169375&languageid=en_gb,https://tickets.hotcinema.co.il/site/1184/tickets?code=1184-169375&languageid=he_IL,Regular,2D,,,2026-07-29,2026,,,116,All,Kiryat Bialik,Hot Cinema,574
21:15,Just an Illusion,אשליות מתוקות,https://tickets.hotcinema.co.il/site/1184/tickets?code=1184-169376&languageid=en_gb,https://tickets.hotcinema.co.il/site/1184/tickets?code=1184-169376&languageid=he_IL,Regular,2D,,,2026-07-29,2026,,,116,All,Kiryat Bialik,Hot Cinema,574
11:45,The Odyssey,האודיסאה,https://tickets.hotcinema.co.il/site/1184/tickets?code=1184-169401&languageid=en_gb,https://tickets.hotcinema.co.il/site/1184/tickets?code=1184-169401&languageid=he_IL,Regular,2D,,,2026-07-29,2026,,,172,14+,Kiryat Bialik,Hot Cinema,574
15:30,The Odyssey,האודיסאה,https://tickets.hotcinema.co.il/site/1184/tickets?code=1184-169400&languageid=en_gb,https://tickets.hotcinema.co.il/site/1184/tickets?code=1184-169400&languageid=he_IL,Regular,2D,,,2026-07-29,2026,,,172,14+,Kiryat Bialik,Hot Cinema,574
16:50,The Odyssey,האודיסאה,https://tickets.hotcinema.co.il/site/1184/tickets?code=1184-169386&languageid=en_gb,https://tickets.hotcinema.co.il/site/1184/tickets?code=1184-169386&languageid=he_IL,Regular,2D,,,2026-07-29,2026,,,172,14+,Kiryat Bialik,Hot Cinema,574
18:15,The Odyssey,האודיסאה,https://tickets.hotcinema.co.il/site/1184/tickets?code=1184-169425&languageid=en_gb,https://tickets.hotcinema.co.il/site/1184/tickets?code=1184-169425&languageid=he_IL,Regular,2D,,,2026-07-29,2026,,,172,14+,Kiryat Bialik,Hot Cinema,574
21:50,The Odyssey,האודיסאה,https://tickets.hotcinema.co.il/site/1184/tickets?code=1184-169426&languageid=en_gb,https://tickets.hotcinema.co.il/site/1184/tickets?code=1184-169426&languageid=he_IL,Regular,2D,,,2026-07-29,2026,,,172,14+,Kiryat Bialik,Hot Cinema,574
19:30,American Hina,חינה אמריקאית,https://tickets.hotcinema.co.il/site/1184/tickets?code=1184-169365&languageid=en_gb,https://tickets.hotcinema.co.il/site/1184/tickets?code=1184-169365&languageid=he_IL,Regular,2D,,,2026-07-29,2026,,,100,All,Kiryat Bialik,Hot Cinema,574
21:45,American Hina,חינה אמריקאית,https://tickets.hotcinema.co.il/site/1184/tickets?code=1184-169364&languageid=en_gb,https://tickets.hotcinema.co.il/site/1184/tickets?code=1184-169364&languageid=he_IL,Regular,2D,,,2026-07-29,2026,,,100,All,Kiryat Bialik,Hot Cinema,574
10:50,Tafiti: Across the Desert,טפיטי: הרפתקה במדבר,https://tickets.hotcinema.co.il/site/1184/tickets?code=1184-169430&languageid=en_gb,https://tickets.hotcinema.co.il/site/1184/tickets?code=1184-169430&languageid=he_IL,Regular,2D,,,2026-07-29,,,,81,הגבלת גיל: עד גיל 8 בליווי מבוגר,Kiryat Bialik,Hot Cinema,574
12:50,Tafiti: Across the Desert,טפיטי: הרפתקה במדבר,https://tickets.hotcinema.co.il/site/1184/tickets?code=1184-169429&languageid=en_gb,https://tickets.hotcinema.co.il/site/1184/tickets?code=1184-169429&languageid=he_IL,Regular,2D,,,2026-07-29,,,,81,הגבלת גיל: עד גיל 8 בליווי מבוגר,Kiryat Bialik,Hot Cinema,574
14:45,Tafiti: Across the Desert,טפיטי: הרפתקה במדבר,https://tickets.hotcinema.co.il/site/1184/tickets?code=1184-169428&languageid=en_gb,https://tickets.hotcinema.co.il/site/1184/tickets?code=1184-169428&languageid=he_IL,Regular,2D,,,2026-07-29,,,,81,הגבלת גיל: עד גיל 8 בליווי מבוגר,Kiryat Bialik,Hot Cinema,574
16:40,Tafiti: Across the Desert,טפיטי: הרפתקה במדבר,https://tickets.hotcinema.co.il/site/1184/tickets?code=1184-169427&languageid=en_gb,https://tickets.hotcinema.co.il/site/1184/tickets?code=1184-169427&languageid=he_IL,Regular,2D,,,2026-07-29,,,,81,הגבלת גיל: עד גיל 8 בליווי מבוגר,Kiryat Bialik,Hot Cinema,574
14:15,Moana (Live Action),מואנה לייב אקשן,https://tickets.hotcinema.co.il/site/1184/tickets?code=1184-169406&languageid=en_gb,https://tickets.hotcinema.co.il/site/1184/tickets?code=1184-169406&languageid=he_IL,Regular,2D,,,2026-07-29,2026,,,115,All,Kiryat Bialik,Hot Cinema,574
10:30,Moana (Live Action),מואנה לייב אקשן,https://tickets.hotcinema.co.il/site/1184/tickets?code=1184-169421&languageid=en_gb,https://tickets.hotcinema.co.il/site/1184/tickets?code=1184-169421&languageid=he_IL,Regular,2D,,Hebrew,2026-07-29,2026,,,115,All,Kiryat Bialik,Hot Cinema,574
13:00,Moana (Live Action),מואנה לייב אקשן,https://tickets.hotcinema.co.il/site/1184/tickets?code=1184-169422&languageid=en_gb,https://tickets.hotcinema.co.il/site/1184/tickets?code=1184-169422&languageid=he_IL,Regular,2D,,Hebrew,2026-07-29,2026,,,115,All,Kiryat Bialik,Hot Cinema,574
15:30,Moana (Live Action),מואנה לייב אקשן,https://tickets.hotcinema.co.il/site/1184/tickets?code=1184-169423&languageid=en_gb,https://tickets.hotcinema.co.il/site/1184/tickets?code=1184-169423&languageid=he_IL,Regular,2D,,Hebrew,2026-07-29,2026,,,115,All,Kiryat Bialik,Hot Cinema,574
13:15,Minions & Monsters,מיניונים ומפלצות,https://tickets.hotcinema.co.il/site/1184/tickets?code=1184-169367&languageid=en_gb,https://tickets.hotcinema.co.il/site/1184/tickets?code=1184-169367&languageid=he_IL,Regular,2D,,,2026-07-29,2026,,,90,All,Kiryat Bialik,Hot Cinema,574
17:30,Minions & Monsters,מיניונים ומפלצות,https://tickets.hotcinema.co.il/site/1184/tickets?code=1184-169366&languageid=en_gb,https://tickets.hotcinema.co.il/site/1184/tickets?code=1184-169366&languageid=he_IL,Regular,2D,,,2026-07-29,2026,,,90,All,Kiryat Bialik,Hot Cinema,574
10:10,Minions & Monsters,מיניונים ומפלצות,https://tickets.hotcinema.co.il/site/1184/tickets?code=1184-169370&languageid=en_gb,https://tickets.hotcinema.co.il/site/1184/tickets?code=1184-169370&languageid=he_IL,Regular,2D,,Hebrew,2026-07-29,2026,,,90,All,Kiryat Bialik,Hot Cinema,574
12:20,Minions & Monsters,מיניונים ומפלצות,https://tickets.hotcinema.co.il/site/1184/tickets?code=1184-169369&languageid=en_gb,https://tickets.hotcinema.co.il/site/1184/tickets?code=1184-169369&languageid=he_IL,Regular,2D,,Hebrew,2026-07-29,2026,,,90,All,Kiryat Bialik,Hot Cinema,574
14:30,Minions & Monsters,מיניונים ומפלצות,https://tickets.hotcinema.co.il/site/1184/tickets?code=1184-169371&languageid=en_gb,https://tickets.hotcinema.co.il/site/1184/tickets?code=1184-169371&languageid=he_IL,Regular,2D,,Hebrew,2026-07-29,2026,,,90,All,Kiryat Bialik,Hot Cinema,574
16:40,Minions & Monsters,מיניונים ומפלצות,https://tickets.hotcinema.co.il/site/1184/tickets?code=1184-169368&languageid=en_gb,https://tickets.hotcinema.co.il/site/1184/tickets?code=1184-169368&languageid=he_IL,Regular,2D,,Hebrew,2026-07-29,2026,,,90,All,Kiryat Bialik,Hot Cinema,574
10:10,School of Magical Animals,סוד החיות הקסומות 3,https://tickets.hotcinema.co.il/site/1184/tickets?code=1184-169356&languageid=en_gb,https://tickets.hotcinema.co.il/site/1184/tickets?code=1184-169356&languageid=he_IL,Regular,2D,,Hebrew,2026-07-29,2024,,,105,All,Kiryat Bialik,Hot Cinema,574
12:30,School of Magical Animals,סוד החיות הקסומות 3,https://tickets.hotcinema.co.il/site/1184/tickets?code=1184-169357&languageid=en_gb,https://tickets.hotcinema.co.il/site/1184/tickets?code=1184-169357&languageid=he_IL,Regular,2D,,Hebrew,2026-07-29,2024,,,105,All,Kiryat Bialik,Hot Cinema,574
14:50,School of Magical Animals,סוד החיות הקסומות 3,https://tickets.hotcinema.co.il/site/1184/tickets?code=1184-169358&languageid=en_gb,https://tickets.hotcinema.co.il/site/1184/tickets?code=1184-169358&languageid=he_IL,Regular,2D,,Hebrew,2026-07-29,2024,,,105,All,Kiryat Bialik,Hot Cinema,574
11:30,Saltiz,סולטיז הסרט - וולוג ה-100,https://tickets.hotcinema.co.il/site/1184/tickets?code=1184-169393&languageid=en_gb,https://tickets.hotcinema.co.il/site/1184/tickets?code=1184-169393&languageid=he_IL,Regular,2D,,,2026-07-29,2026,,,100,All,Kiryat Bialik,Hot Cinema,574
13:40,Saltiz,סולטיז הסרט - וולוג ה-100,https://tickets.hotcinema.co.il/site/1184/tickets?code=1184-169394&languageid=en_gb,https://tickets.hotcinema.co.il/site/1184/tickets?code=1184-169394&languageid=he_IL,Regular,2D,,,2026-07-29,2026,,,100,All,Kiryat Bialik,Hot Cinema,574
16:00,Saltiz,סולטיז הסרט - וולוג ה-100,https://tickets.hotcinema.co.il/site/1184/tickets?code=1184-169395&languageid=en_gb,https://tickets.hotcinema.co.il/site/1184/tickets?code=1184-169395&languageid=he_IL,Regular,2D,,,2026-07-29,2026,,,100,All,Kiryat Bialik,Hot Cinema,574
10:15,Three Wishes for Cinderella,סינדרלה ושלוש המשאלות,https://tickets.hotcinema.co.il/site/1184/tickets?code=1184-169409&languageid=en_gb,https://tickets.hotcinema.co.il/site/1184/tickets?code=1184-169409&languageid=he_IL,Regular,2D,,Hebrew,2026-07-29,2026,,,85,All,Kiryat Bialik,Hot Cinema,574
12:15,Three Wishes for Cinderella,סינדרלה ושלוש המשאלות,https://tickets.hotcinema.co.il/site/1184/tickets?code=1184-169408&languageid=en_gb,https://tickets.hotcinema.co.il/site/1184/tickets?code=1184-169408&languageid=he_IL,Regular,2D,,Hebrew,2026-07-29,2026,,,85,All,Kiryat Bialik,Hot Cinema,574
14:15,Three Wishes for Cinderella,סינדרלה ושלוש המשאלות,https://tickets.hotcinema.co.il/site/1184/tickets?code=1184-169407&languageid=en_gb,https://tickets.hotcinema.co.il/site/1184/tickets?code=1184-169407&languageid=he_IL,Regular,2D,,Hebrew,2026-07-29,2026,,,85,All,Kiryat Bialik,Hot Cinema,574
11:00,Spider-Man: Brand new day,ספיידרמן: יום חדש,https://tickets.hotcinema.co.il/site/1184/tickets?code=1184-169397&languageid=en_gb,https://tickets.hotcinema.co.il/site/1184/tickets?code=1184-169397&languageid=he_IL,Regular,2D,,,2026-07-29,2026,,,145,,Kiryat Bialik,Hot Cinema,574
11:30,Spider-Man: Brand new day,ספיידרמן: יום חדש,https://tickets.hotcinema.co.il/site/1184/tickets?code=1184-169414&languageid=en_gb,https://tickets.hotcinema.co.il/site/1184/tickets?code=1184-169414&languageid=he_IL,Regular,2D,,,2026-07-29,2026,,,145,,Kiryat Bialik,Hot Cinema,574
11:50,Spider-Man: Brand new day,ספיידרמן: יום חדש,https://tickets.hotcinema.co.il/site/1184/tickets?code=1184-162739&languageid=en_gb,https://tickets.hotcinema.co.il/site/1184/tickets?code=1184-162739&languageid=he_IL,Regular,2D,,,2026-07-29,2026,,,145,,Kiryat Bialik,Hot Cinema,574
14:00,Spider-Man: Brand new day,ספיידרמן: יום חדש,https://tickets.hotcinema.co.il/site/1184/tickets?code=1184-169396&languageid=en_gb,https://tickets.hotcinema.co.il/site/1184/tickets?code=1184-169396&languageid=he_IL,Regular,2D,,,2026-07-29,2026,,,145,,Kiryat Bialik,Hot Cinema,574
14:40,Spider-Man: Brand new day,ספיידרמן: יום חדש,https://tickets.hotcinema.co.il/site/1184/tickets?code=1184-169413&languageid=en_gb,https://tickets.hotcinema.co.il/site/1184/tickets?code=1184-169413&languageid=he_IL,Regular,2D,,,2026-07-29,2026,,,145,,Kiryat Bialik,Hot Cinema,574
15:10,Spider-Man: Brand new day,ספיידרמן: יום חדש,https://tickets.hotcinema.co.il/site/1184/tickets?code=1184-162738&languageid=en_gb,https://tickets.hotcinema.co.il/site/1184/tickets?code=1184-162738&languageid=he_IL,Regular,2D,,,2026-07-29,2026,,,145,,Kiryat Bialik,Hot Cinema,574
17:00,Spider-Man: Brand new day,ספיידרמן: יום חדש,https://tickets.hotcinema.co.il/site/1184/tickets?code=1184-162735&languageid=en_gb,https://tickets.hotcinema.co.il/site/1184/tickets?code=1184-162735&languageid=he_IL,Regular,2D,,,2026-07-29,2026,,,145,,Kiryat Bialik,Hot Cinema,574
17:40,Spider-Man: Brand new day,ספיידרמן: יום חדש,https://tickets.hotcinema.co.il/site/1184/tickets?code=1184-169412&languageid=en_gb,https://tickets.hotcinema.co.il/site/1184/tickets?code=1184-169412&languageid=he_IL,Regular,2D,,,2026-07-29,2026,,,145,,Kiryat Bialik,Hot Cinema,574
18:15,Spider-Man: Brand new day,ספיידרמן: יום חדש,https://tickets.hotcinema.co.il/site/1184/tickets?code=1184-169410&languageid=en_gb,https://tickets.hotcinema.co.il/site/1184/tickets?code=1184-169410&languageid=he_IL,Regular,2D,,,2026-07-29,2026,,,145,,Kiryat Bialik,Hot Cinema,574
18:30,Spider-Man: Brand new day,ספיידרמן: יום חדש,https://tickets.hotcinema.co.il/site/1184/tickets?code=1184-162737&languageid=en_gb,https://tickets.hotcinema.co.il/site/1184/tickets?code=1184-162737&languageid=he_IL,Regular,2D,,,2026-07-29,2026,,,145,,Kiryat Bialik,Hot Cinema,574
18:40,Spider-Man: Brand new day,ספיידרמן: יום חדש,https://tickets.hotcinema.co.il/site/1184/tickets?code=1184-169402&languageid=en_gb,https://tickets.hotcinema.co.il/site/1184/tickets?code=1184-169402&languageid=he_IL,Regular,2D,,,2026-07-29,2026,,,145,,Kiryat Bialik,Hot Cinema,574
19:10,Spider-Man: Brand new day,ספיידרמן: יום חדש,https://tickets.hotcinema.co.il/site/1184/tickets?code=1184-169399&languageid=en_gb,https://tickets.hotcinema.co.il/site/1184/tickets?code=1184-169399&languageid=he_IL,Regular,2D,,,2026-07-29,2026,,,145,,Kiryat Bialik,Hot Cinema,574
20:15,Spider-Man: Brand new day,ספיידרמן: יום חדש,https://tickets.hotcinema.co.il/site/1184/tickets?code=1184-162734&languageid=en_gb,https://tickets.hotcinema.co.il/site/1184/tickets?code=1184-162734&languageid=he_IL,Regular,2D,,,2026-07-29,2026,,,145,,Kiryat Bialik,Hot Cinema,574
20:45,Spider-Man: Brand new day,ספיידרמן: יום חדש,https://tickets.hotcinema.co.il/site/1184/tickets?code=1184-169374&languageid=en_gb,https://tickets.hotcinema.co.il/site/1184/tickets?code=1184-169374&languageid=he_IL,Regular,2D,,,2026-07-29,2026,,,145,,Kiryat Bialik,Hot Cinema,574
21:10,Spider-Man: Brand new day,ספיידרמן: יום חדש,https://tickets.hotcinema.co.il/site/1184/tickets?code=1184-169411&languageid=en_gb,https://tickets.hotcinema.co.il/site/1184/tickets?code=1184-169411&languageid=he_IL,Regular,2D,,,2026-07-29,2026,,,145,,Kiryat Bialik,Hot Cinema,574
21:30,Spider-Man: Brand new day,ספיידרמן: יום חדש,https://tickets.hotcinema.co.il/site/1184/tickets?code=1184-169424&languageid=en_gb,https://tickets.hotcinema.co.il/site/1184/tickets?code=1184-169424&languageid=he_IL,Regular,2D,,,2026-07-29,2026,,,145,,Kiryat Bialik,Hot Cinema,574
21:40,Spider-Man: Brand new day,ספיידרמן: יום חדש,https://tickets.hotcinema.co.il/site/1184/tickets?code=1184-169403&languageid=en_gb,https://tickets.hotcinema.co.il/site/1184/tickets?code=1184-169403&languageid=he_IL,Regular,2D,,,2026-07-29,2026,,,145,,Kiryat Bialik,Hot Cinema,574
21:50,Spider-Man: Brand new day,ספיידרמן: יום חדש,https://tickets.hotcinema.co.il/site/1184/tickets?code=1184-162736&languageid=en_gb,https://tickets.hotcinema.co.il/site/1184/tickets?code=1184-162736&languageid=he_IL,Regular,2D,,,2026-07-29,2026,,,145,,Kiryat Bialik,Hot Cinema,574
22:15,Spider-Man: Brand new day,ספיידרמן: יום חדש,https://tickets.hotcinema.co.il/site/1184/tickets?code=1184-169398&languageid=en_gb,https://tickets.hotcinema.co.il/site/1184/tickets?code=1184-169398&languageid=he_IL,Regular,2D,,,2026-07-29,2026,,,145,,Kiryat Bialik,Hot Cinema,574
11:00,Toy Story 5,צעצוע של סיפור 5,https://tickets.hotcinema.co.il/site/1184/tickets?code=1184-169363&languageid=en_gb,https://tickets.hotcinema.co.il/site/1184/tickets?code=1184-169363&languageid=he_IL,Regular,2D,,,2026-07-29,2026,,,102,All,Kiryat Bialik,Hot Cinema,574
15:15,Toy Story 5,צעצוע של סיפור 5,https://tickets.hotcinema.co.il/site/1184/tickets?code=1184-169362&languageid=en_gb,https://tickets.hotcinema.co.il/site/1184/tickets?code=1184-169362&languageid=he_IL,Regular,2D,,,2026-07-29,2026,,,102,All,Kiryat Bialik,Hot Cinema,574
11:50,Toy Story 5,צעצוע של סיפור 5,https://tickets.hotcinema.co.il/site/1184/tickets?code=1184-169405&languageid=en_gb,https://tickets.hotcinema.co.il/site/1184/tickets?code=1184-169405&languageid=he_IL,Regular,2D,,Hebrew,2026-07-29,2026,,,102,All,Kiryat Bialik,Hot Cinema,574
11:30,קופה ראשית: הסרט,קופה ראשית: הסרט,https://tickets.hotcinema.co.il/site/1184/tickets?code=1184-169420&languageid=en_gb,https://tickets.hotcinema.co.il/site/1184/tickets?code=1184-169420&languageid=he_IL,Regular,2D,,,2026-07-29,2026,,,91,All,Kiryat Bialik,Hot Cinema,574
13:40,קופה ראשית: הסרט,קופה ראשית: הסרט,https://tickets.hotcinema.co.il/site/1184/tickets?code=1184-169419&languageid=en_gb,https://tickets.hotcinema.co.il/site/1184/tickets?code=1184-169419&languageid=he_IL,Regular,2D,,,2026-07-29,2026,,,91,All,Kiryat Bialik,Hot Cinema,574
15:45,קופה ראשית: הסרט,קופה ראשית: הסרט,https://tickets.hotcinema.co.il/site/1184/tickets?code=1184-169418&languageid=en_gb,https://tickets.hotcinema.co.il/site/1184/tickets?code=1184-169418&languageid=he_IL,Regular,2D,,,2026-07-29,2026,,,91,All,Kiryat Bialik,Hot Cinema,574
17:50,קופה ראשית: הסרט,קופה ראשית: הסרט,https://tickets.hotcinema.co.il/site/1184/tickets?code=1184-169417&languageid=en_gb,https://tickets.hotcinema.co.il/site/1184/tickets?code=1184-169417&languageid=he_IL,Regular,2D,,,2026-07-29,2026,,,91,All,Kiryat Bialik,Hot Cinema,574
18:50,קופה ראשית: הסרט,קופה ראשית: הסרט,https://tickets.hotcinema.co.il/site/1184/tickets?code=1184-169373&languageid=en_gb,https://tickets.hotcinema.co.il/site/1184/tickets?code=1184-169373&languageid=he_IL,Regular,2D,,,2026-07-29,2026,,,91,All,Kiryat Bialik,Hot Cinema,574
20:00,קופה ראשית: הסרט,קופה ראשית: הסרט,https://tickets.hotcinema.co.il/site/1184/tickets?code=1184-169415&languageid=en_gb,https://tickets.hotcinema.co.il/site/1184/tickets?code=1184-169415&languageid=he_IL,Regular,2D,,,2026-07-29,2026,,,91,All,Kiryat Bialik,Hot Cinema,574
21:00,קופה ראשית: הסרט,קופה ראשית: הסרט,https://tickets.hotcinema.co.il/site/1184/tickets?code=1184-169372&languageid=en_gb,https://tickets.hotcinema.co.il/site/1184/tickets?code=1184-169372&languageid=he_IL,Regular,2D,,,2026-07-29,2026,,,91,All,Kiryat Bialik,Hot Cinema,574
22:15,קופה ראשית: הסרט,קופה ראשית: הסרט,https://tickets.hotcinema.co.il/site/1184/tickets?code=1184-169416&languageid=en_gb,https://tickets.hotcinema.co.il/site/1184/tickets?code=1184-169416&languageid=he_IL,Regular,2D,,,2026-07-29,2026,,,91,All,Kiryat Bialik,Hot Cinema,574
17:15,Dream High,תיכון מגשימים,https://tickets.hotcinema.co.il/site/1184/tickets?code=1184-169359&languageid=en_gb,https://tickets.hotcinema.co.il/site/1184/tickets?code=1184-169359&languageid=he_IL,Regular,2D,,,2026-07-29,2026,,,100,12+,Kiryat Bialik,Hot Cinema,574
19:30,Dream High,תיכון מגשימים,https://tickets.hotcinema.co.il/site/1184/tickets?code=1184-169361&languageid=en_gb,https://tickets.hotcinema.co.il/site/1184/tickets?code=1184-169361&languageid=he_IL,Regular,2D,,,2026-07-29,2026,,,100,12+,Kiryat Bialik,Hot Cinema,574
21:45,Dream High,תיכון מגשימים,https://tickets.hotcinema.co.il/site/1184/tickets?code=1184-169355&languageid=en_gb,https://tickets.hotcinema.co.il/site/1184/tickets?code=1184-169355&languageid=he_IL,Regular,2D,,,2026-07-29,2026,,,100,12+,Kiryat Bialik,Hot Cinema,574
17:30,Edward Scissorhands,סינמה נוסטלגיה - המספריים של אדוארד,https://tickets.hotcinema.co.il/site/1184/tickets?code=1184-161626&languageid=en_gb,https://tickets.hotcinema.co.il/site/1184/tickets?code=1184-161626&languageid=he_IL,Not Just Cinema,2D,,,2026-07-30,1990,,,105,All,Kiryat Bialik,Hot Cinema,574
11:50,Spider-Man: Brand new day,ספיידרמן: יום חדש,https://tickets.hotcinema.co.il/site/1184/tickets?code=1184-162751&languageid=en_gb,https://tickets.hotcinema.co.il/site/1184/tickets?code=1184-162751&languageid=he_IL,Regular,2D,,,2026-07-30,2026,,,145,,Kiryat Bialik,Hot Cinema,574
15:15,Spider-Man: Brand new day,ספיידרמן: יום חדש,https://tickets.hotcinema.co.il/site/1184/tickets?code=1184-162750&languageid=en_gb,https://tickets.hotcinema.co.il/site/1184/tickets?code=1184-162750&languageid=he_IL,Regular,2D,,,2026-07-30,2026,,,145,,Kiryat Bialik,Hot Cinema,574
17:00,Spider-Man: Brand new day,ספיידרמן: יום חדש,https://tickets.hotcinema.co.il/site/1184/tickets?code=1184-162747&languageid=en_gb,https://tickets.hotcinema.co.il/site/1184/tickets?code=1184-162747&languageid=he_IL,Regular,2D,,,2026-07-30,2026,,,145,,Kiryat Bialik,Hot Cinema,574
18:30,Spider-Man: Brand new day,ספיידרמן: יום חדש,https://tickets.hotcinema.co.il/site/1184/tickets?code=1184-162749&languageid=en_gb,https://tickets.hotcinema.co.il/site/1184/tickets?code=1184-162749&languageid=he_IL,Regular,2D,,,2026-07-30,2026,,,145,,Kiryat Bialik,Hot Cinema,574
20:15,Spider-Man: Brand new day,ספיידרמן: יום חדש,https://tickets.hotcinema.co.il/site/1184/tickets?code=1184-162746&languageid=en_gb,https://tickets.hotcinema.co.il/site/1184/tickets?code=1184-162746&languageid=he_IL,Regular,2D,,,2026-07-30,2026,,,145,,Kiryat Bialik,Hot Cinema,574
21:50,Spider-Man: Brand new day,ספיידרמן: יום חדש,https://tickets.hotcinema.co.il/site/1184/tickets?code=1184-162748&languageid=en_gb,https://tickets.hotcinema.co.il/site/1184/tickets?code=1184-162748&languageid=he_IL,Regular,2D,,,2026-07-30,2026,,,145,,Kiryat Bialik,Hot Cinema,574
11:50,Spider-Man: Brand new day,ספיידרמן: יום חדש,https://tickets.hotcinema.co.il/site/1184/tickets?code=1184-162745&languageid=en_gb,https://tickets.hotcinema.co.il/site/1184/tickets?code=1184-162745&languageid=he_IL,Regular,2D,,,2026-07-31,2026,,,145,,Kiryat Bialik,Hot Cinema,574
15:15,Spider-Man: Brand new day,ספיידרמן: יום חדש,https://tickets.hotcinema.co.il/site/1184/tickets?code=1184-162744&languageid=en_gb,https://tickets.hotcinema.co.il/site/1184/tickets?code=1184-162744&languageid=he_IL,Regular,2D,,,2026-07-31,2026,,,145,,Kiryat Bialik,Hot Cinema,574
17:00,Spider-Man: Brand new day,ספיידרמן: יום חדש,https://tickets.hotcinema.co.il/site/1184/tickets?code=1184-162741&languageid=en_gb,https://tickets.hotcinema.co.il/site/1184/tickets?code=1184-162741&languageid=he_IL,Regular,2D,,,2026-07-31,2026,,,145,,Kiryat Bialik,Hot Cinema,574
18:30,Spider-Man: Brand new day,ספיידרמן: יום חדש,https://tickets.hotcinema.co.il/site/1184/tickets?code=1184-162743&languageid=en_gb,https://tickets.hotcinema.co.il/site/1184/tickets?code=1184-162743&languageid=he_IL,Regular,2D,,,2026-07-31,2026,,,145,,Kiryat Bialik,Hot Cinema,574
20:15,Spider-Man: Brand new day,ספיידרמן: יום חדש,https://tickets.hotcinema.co.il/site/1184/tickets?code=1184-162740&languageid=en_gb,https://tickets.hotcinema.co.il/site/1184/tickets?code=1184-162740&languageid=he_IL,Regular,2D,,,2026-07-31,2026,,,145,,Kiryat Bialik,Hot Cinema,574
21:50,Spider-Man: Brand new day,ספיידרמן: יום חדש,https://tickets.hotcinema.co.il/site/1184/tickets?code=1184-162742&languageid=en_gb,https://tickets.hotcinema.co.il/site/1184/tickets?code=1184-162742&languageid=he_IL,Regular,2D,,,2026-07-31,2026,,,145,,Kiryat Bialik,Hot Cinema,574
20:10,The Odyssey,האודיסאה,https://tickets.hotcinema.co.il/site/1184/tickets?code=1184-169980&languageid=en_gb,https://tickets.hotcinema.co.il/site/1184/tickets?code=1184-169980&languageid=he_IL,Regular,2D,,,2026-08-01,2026,,,172,14+,Kiryat Bialik,Hot Cinema,574
15:10,Spider-Man: Brand new day,ספיידרמן: יום חדש,https://tickets.hotcinema.co.il/site/1184/tickets?code=1184-162733&languageid=en_gb,https://tickets.hotcinema.co.il/site/1184/tickets?code=1184-162733&languageid=he_IL,Regular,2D,,,2026-08-01,2026,,,145,,Kiryat Bialik,Hot Cinema,574
17:00,Spider-Man: Brand new day,ספיידרמן: יום חדש,https://tickets.hotcinema.co.il/site/1184/tickets?code=1184-162730&languageid=en_gb,https://tickets.hotcinema.co.il/site/1184/tickets?code=1184-162730&languageid=he_IL,Regular,2D,,,2026-08-01,2026,,,145,,Kiryat Bialik,Hot Cinema,574
18:30,Spider-Man: Brand new day,ספיידרמן: יום חדש,https://tickets.hotcinema.co.il/site/1184/tickets?code=1184-162732&languageid=en_gb,https://tickets.hotcinema.co.il/site/1184/tickets?code=1184-162732&languageid=he_IL,Regular,2D,,,2026-08-01,2026,,,145,,Kiryat Bialik,Hot Cinema,574
20:15,Spider-Man: Brand new day,ספיידרמן: יום חדש,https://tickets.hotcinema.co.il/site/1184/tickets?code=1184-162729&languageid=en_gb,https://tickets.hotcinema.co.il/site/1184/tickets?code=1184-162729&languageid=he_IL,Regular,2D,,,2026-08-01,2026,,,145,,Kiryat Bialik,Hot Cinema,574
21:50,Spider-Man: Brand new day,ספיידרמן: יום חדש,https://tickets.hotcinema.co.il/site/1184/tickets?code=1184-162731&languageid=en_gb,https://tickets.hotcinema.co.il/site/1184/tickets?code=1184-162731&languageid=he_IL,Regular,2D,,,2026-08-01,2026,,,145,,Kiryat Bialik,Hot Cinema,574
11:00,שעת סיפור: כספיון,שעת סיפור: כספיון,https://tickets.hotcinema.co.il/site/1184/tickets?code=1184-158776&languageid=en_gb,https://tickets.hotcinema.co.il/site/1184/tickets?code=1184-158776&languageid=he_IL,Not Just Cinema,2D,,,2026-08-01,,,,60,All,Kiryat Bialik,Hot Cinema,574
17:30,מיטל ונעלי הפלא,מיטל ונעלי הפלא,https://tickets.hotcinema.co.il/site/1184/tickets?code=1184-165552&languageid=en_gb,https://tickets.hotcinema.co.il/site/1184/tickets?code=1184-165552&languageid=he_IL,Not Just Cinema,2D,,,2026-08-05,,,,70,,Kiryat Bialik,Hot Cinema,574
21:00,ווינר מיוזיק -דרייב אין קריון,ווינר מיוזיק -דרייב אין קריון,https://tickets.hotcinema.co.il/site/1184/tickets?code=1184-164136&languageid=en_gb,https://tickets.hotcinema.co.il/site/1184/tickets?code=1184-164136&languageid=he_IL,Not Just Cinema,2D,,,2026-08-06,,,,85,,Kiryat Bialik,Hot Cinema,574
20:30,יעקוב חמו מגיע לעשות סטנדאפ ב-HOT CINEMA,יעקוב חמו מגיע לעשות סטנדאפ ב-HOT CINEMA,https://tickets.hotcinema.co.il/site/1184/tickets?code=1184-160413&languageid=en_gb,https://tickets.hotcinema.co.il/site/1184/tickets?code=1184-160413&languageid=he_IL,Not Just Cinema,2D,,,2026-08-06,2026,,,70,,Kiryat Bialik,Hot Cinema,574
17:30,WALL·E,סינמה נוסטלגיה - וול-E,https://tickets.hotcinema.co.il/site/1184/tickets?code=1184-162753&languageid=en_gb,https://tickets.hotcinema.co.il/site/1184/tickets?code=1184-162753&languageid=he_IL,Not Just Cinema,2D,,Hebrew,2026-08-06,2008,,,98,All,Kiryat Bialik,Hot Cinema,574
21:00,Muhamad Naama,מוחמד נעמה מגיע לעשות סטנדאפ ב-HOT CINEMA,https://tickets.hotcinema.co.il/site/1184/tickets?code=1184-160415&languageid=en_gb,https://tickets.hotcinema.co.il/site/1184/tickets?code=1184-160415&languageid=he_IL,Not Just Cinema,2D,,,2026-08-07,2024,,,70,,Kiryat Bialik,Hot Cinema,574
11:00,בים בם בם תירס חם,בים בם בם תירס חם,https://tickets.hotcinema.co.il/site/1184/tickets?code=1184-158778&languageid=en_gb,https://tickets.hotcinema.co.il/site/1184/tickets?code=1184-158778&languageid=he_IL,Not Just Cinema,2D,,,2026-08-08,,,,45,All,Kiryat Bialik,Hot Cinema,574
20:00,Superman - 1978,סינמה נוסטלגיה - סופרמן 1978,https://tickets.hotcinema.co.il/site/1184/tickets?code=1184-164134&languageid=en_gb,https://tickets.hotcinema.co.il/site/1184/tickets?code=1184-164134&languageid=he_IL,Not Just Cinema,2D,,,2026-08-13,1978,,,143,,Kiryat Bialik,Hot Cinema,574
11:00,הבית של יעל,הבית של יעל,https://tickets.hotcinema.co.il/site/1184/tickets?code=1184-158780&languageid=en_gb,https://tickets.hotcinema.co.il/site/1184/tickets?code=1184-158780&languageid=he_IL,Not Just Cinema,2D,,,2026-08-15,,,,60,All,Kiryat Bialik,Hot Cinema,574
21:00,יונה קפח מגיעה לעשות סטנדאפ ב-HOT CINEMA,יונה קפח מגיעה לעשות סטנדאפ ב-HOT CINEMA,https://tickets.hotcinema.co.il/site/1184/tickets?code=1184-162222&languageid=en_gb,https://tickets.hotcinema.co.il/site/1184/tickets?code=1184-162222&languageid=he_IL,Not Just Cinema,2D,,,2026-08-20,,,,,,Kiryat Bialik,Hot Cinema,574
20:00,Superman 2 The Richard Donner Cut,סינמה נוסטלגיה - סופרמן 2 גרסת הבמאי,https://tickets.hotcinema.co.il/site/1184/tickets?code=1184-165566&languageid=en_gb,https://tickets.hotcinema.co.il/site/1184/tickets?code=1184-165566&languageid=he_IL,Not Just Cinema,2D,,,2026-08-20,2006,,,116,All,Kiryat Bialik,Hot Cinema,574
11:00,חנן הגנן,הצגה - חנן הגנן,https://tickets.hotcinema.co.il/site/1184/tickets?code=1184-160409&languageid=en_gb,https://tickets.hotcinema.co.il/site/1184/tickets?code=1184-160409&languageid=he_IL,Not Just Cinema,2D,,,2026-08-22,,,,45,All,Kiryat Bialik,Hot Cinema,574
17:30,Tangled,סינמה נוסטלגיה - פלונטר,https://tickets.hotcinema.co.il/site/1184/tickets?code=1184-165570&languageid=en_gb,https://tickets.hotcinema.co.il/site/1184/tickets?code=1184-165570&languageid=he_IL,Not Just Cinema,2D,,Hebrew,2026-08-27,2010,,,100,All,Kiryat Bialik,Hot Cinema,574
17:30,Tangled,סינמה נוסטלגיה - פלונטר,https://tickets.hotcinema.co.il/site/1184/tickets?code=1184-165571&languageid=en_gb,https://tickets.hotcinema.co.il/site/1184/tickets?code=1184-165571&languageid=he_IL,Not Just Cinema,2D,,Hebrew,2026-08-28,2010,,,100,All,Kiryat Bialik,Hot Cinema,574
11:00,Five Baloons,מעשה בחמישה בלונים,https://tickets.hotcinema.co.il/site/1184/tickets?code=1184-133630&languageid=en_gb,https://tickets.hotcinema.co.il/site/1184/tickets?code=1184-133630&languageid=he_IL,Not Just Cinema,2D,,,2026-08-29,,,,45,All,Kiryat Bialik,Hot Cinema,574
17:30,Tangled,סינמה נוסטלגיה - פלונטר,https://tickets.hotcinema.co.il/site/1184/tickets?code=1184-165572&languageid=en_gb,https://tickets.hotcinema.co.il/site/1184/tickets?code=1184-165572&languageid=he_IL,Not Just Cinema,2D,,Hebrew,2026-08-29,2010,,,100,All,Kiryat Bialik,Hot Cinema,574
22:20,Obsession,אובססיה,https://tickets.hotcinema.co.il/site/1192/tickets?code=1192-60648&languageid=en_gb,https://tickets.hotcinema.co.il/site/1192/tickets?code=1192-60648&languageid=he_IL,Regular,2D,,,2026-07-26,2026,,,108,14+,Carmiel,Hot Cinema,574
13:15,The Odyssey,האודיסאה,https://tickets.hotcinema.co.il/site/1192/tickets?code=1192-60636&languageid=en_gb,https://tickets.hotcinema.co.il/site/1192/tickets?code=1192-60636&languageid=he_IL,Regular,2D,,,2026-07-26,2026,,,172,14+,Carmiel,Hot Cinema,574
16:00,The Odyssey,האודיסאה,https://tickets.hotcinema.co.il/site/1192/tickets?code=1192-60647&languageid=en_gb,https://tickets.hotcinema.co.il/site/1192/tickets?code=1192-60647&languageid=he_IL,Regular,2D,,,2026-07-26,2026,,,172,14+,Carmiel,Hot Cinema,574
17:00,The Odyssey,האודיסאה,https://tickets.hotcinema.co.il/site/1192/tickets?code=1192-60652&languageid=en_gb,https://tickets.hotcinema.co.il/site/1192/tickets?code=1192-60652&languageid=he_IL,Regular,2D,,,2026-07-26,2026,,,172,14+,Carmiel,Hot Cinema,574
19:00,The Odyssey,האודיסאה,https://tickets.hotcinema.co.il/site/1192/tickets?code=1192-60653&languageid=en_gb,https://tickets.hotcinema.co.il/site/1192/tickets?code=1192-60653&languageid=he_IL,Regular,2D,,,2026-07-26,2026,,,172,14+,Carmiel,Hot Cinema,574
20:40,The Odyssey,האודיסאה,https://tickets.hotcinema.co.il/site/1192/tickets?code=1192-60651&languageid=en_gb,https://tickets.hotcinema.co.il/site/1192/tickets?code=1192-60651&languageid=he_IL,Regular,2D,,,2026-07-26,2026,,,172,14+,Carmiel,Hot Cinema,574
21:20,The Odyssey,האודיסאה,https://tickets.hotcinema.co.il/site/1192/tickets?code=1192-60646&languageid=en_gb,https://tickets.hotcinema.co.il/site/1192/tickets?code=1192-60646&languageid=he_IL,Regular,2D,,,2026-07-26,2026,,,172,14+,Carmiel,Hot Cinema,574
20:00,American Hina,חינה אמריקאית,https://tickets.hotcinema.co.il/site/1192/tickets?code=1192-60665&languageid=en_gb,https://tickets.hotcinema.co.il/site/1192/tickets?code=1192-60665&languageid=he_IL,Regular,2D,,,2026-07-26,2026,,,100,All,Carmiel,Hot Cinema,574
10:30,Tafiti: Across the Desert,טפיטי: הרפתקה במדבר,https://tickets.hotcinema.co.il/site/1192/tickets?code=1192-60645&languageid=en_gb,https://tickets.hotcinema.co.il/site/1192/tickets?code=1192-60645&languageid=he_IL,Regular,2D,,,2026-07-26,,,,81,הגבלת גיל: עד גיל 8 בליווי מבוגר,Carmiel,Hot Cinema,574
12:25,Tafiti: Across the Desert,טפיטי: הרפתקה במדבר,https://tickets.hotcinema.co.il/site/1192/tickets?code=1192-60659&languageid=en_gb,https://tickets.hotcinema.co.il/site/1192/tickets?code=1192-60659&languageid=he_IL,Regular,2D,,,2026-07-26,,,,81,הגבלת גיל: עד גיל 8 בליווי מבוגר,Carmiel,Hot Cinema,574
14:10,Tafiti: Across the Desert,טפיטי: הרפתקה במדבר,https://tickets.hotcinema.co.il/site/1192/tickets?code=1192-60644&languageid=en_gb,https://tickets.hotcinema.co.il/site/1192/tickets?code=1192-60644&languageid=he_IL,Regular,2D,,,2026-07-26,,,,81,הגבלת גיל: עד גיל 8 בליווי מבוגר,Carmiel,Hot Cinema,574
10:20,Moana (Live Action),מואנה לייב אקשן,https://tickets.hotcinema.co.il/site/1192/tickets?code=1192-60667&languageid=en_gb,https://tickets.hotcinema.co.il/site/1192/tickets?code=1192-60667&languageid=he_IL,Regular,2D,,Hebrew,2026-07-26,2026,,,115,All,Carmiel,Hot Cinema,574
12:10,Moana (Live Action),מואנה לייב אקשן,https://tickets.hotcinema.co.il/site/1192/tickets?code=1192-60654&languageid=en_gb,https://tickets.hotcinema.co.il/site/1192/tickets?code=1192-60654&languageid=he_IL,Regular,2D,,Hebrew,2026-07-26,2026,,,115,All,Carmiel,Hot Cinema,574
18:50,Moana (Live Action),מואנה לייב אקשן,https://tickets.hotcinema.co.il/site/1192/tickets?code=1192-60655&languageid=en_gb,https://tickets.hotcinema.co.il/site/1192/tickets?code=1192-60655&languageid=he_IL,Regular,2D,,Hebrew,2026-07-26,2026,,,115,All,Carmiel,Hot Cinema,574
22:30,EVIL DEAD BURN,מוות אכזרי אש,https://tickets.hotcinema.co.il/site/1192/tickets?code=1192-60668&languageid=en_gb,https://tickets.hotcinema.co.il/site/1192/tickets?code=1192-60668&languageid=he_IL,Regular,2D,,,2026-07-26,2026,,,110,הגבלת גיל: הותר מגיל 18 בהצגת תעודה מזהה,Carmiel,Hot Cinema,574
16:50,Minions & Monsters,מיניונים ומפלצות,https://tickets.hotcinema.co.il/site/1192/tickets?code=1192-60634&languageid=en_gb,https://tickets.hotcinema.co.il/site/1192/tickets?code=1192-60634&languageid=he_IL,Regular,2D,,,2026-07-26,2026,,,90,All,Carmiel,Hot Cinema,574
13:10,Minions & Monsters,מיניונים ומפלצות,https://tickets.hotcinema.co.il/site/1192/tickets?code=1192-60657&languageid=en_gb,https://tickets.hotcinema.co.il/site/1192/tickets?code=1192-60657&languageid=he_IL,Regular,2D,,Hebrew,2026-07-26,2026,,,90,All,Carmiel,Hot Cinema,574
15:20,Minions & Monsters,מיניונים ומפלצות,https://tickets.hotcinema.co.il/site/1192/tickets?code=1192-60658&languageid=en_gb,https://tickets.hotcinema.co.il/site/1192/tickets?code=1192-60658&languageid=he_IL,Regular,2D,,Hebrew,2026-07-26,2026,,,90,All,Carmiel,Hot Cinema,574
10:40,School of Magical Animals,סוד החיות הקסומות 3,https://tickets.hotcinema.co.il/site/1192/tickets?code=1192-60638&languageid=en_gb,https://tickets.hotcinema.co.il/site/1192/tickets?code=1192-60638&languageid=he_IL,Regular,2D,,Hebrew,2026-07-26,2024,,,105,All,Carmiel,Hot Cinema,574
13:00,School of Magical Animals,סוד החיות הקסומות 3,https://tickets.hotcinema.co.il/site/1192/tickets?code=1192-60639&languageid=en_gb,https://tickets.hotcinema.co.il/site/1192/tickets?code=1192-60639&languageid=he_IL,Regular,2D,,Hebrew,2026-07-26,2024,,,105,All,Carmiel,Hot Cinema,574
15:20,School of Magical Animals,סוד החיות הקסומות 3,https://tickets.hotcinema.co.il/site/1192/tickets?code=1192-60640&languageid=en_gb,https://tickets.hotcinema.co.il/site/1192/tickets?code=1192-60640&languageid=he_IL,Regular,2D,,Hebrew,2026-07-26,2024,,,105,All,Carmiel,Hot Cinema,574
17:40,School of Magical Animals,סוד החיות הקסומות 3,https://tickets.hotcinema.co.il/site/1192/tickets?code=1192-60643&languageid=en_gb,https://tickets.hotcinema.co.il/site/1192/tickets?code=1192-60643&languageid=he_IL,Regular,2D,,Hebrew,2026-07-26,2024,,,105,All,Carmiel,Hot Cinema,574
14:35,Saltiz,סולטיז הסרט - וולוג ה-100,https://tickets.hotcinema.co.il/site/1192/tickets?code=1192-60664&languageid=en_gb,https://tickets.hotcinema.co.il/site/1192/tickets?code=1192-60664&languageid=he_IL,Regular,2D,,,2026-07-26,2026,,,100,All,Carmiel,Hot Cinema,574
16:50,Saltiz,סולטיז הסרט - וולוג ה-100,https://tickets.hotcinema.co.il/site/1192/tickets?code=1192-60663&languageid=en_gb,https://tickets.hotcinema.co.il/site/1192/tickets?code=1192-60663&languageid=he_IL,Regular,2D,,,2026-07-26,2026,,,100,All,Carmiel,Hot Cinema,574
21:20,Supergirl,סופר גירל,https://tickets.hotcinema.co.il/site/1192/tickets?code=1192-60666&languageid=en_gb,https://tickets.hotcinema.co.il/site/1192/tickets?code=1192-60666&languageid=he_IL,Regular,2D,,,2026-07-26,2026,,,107,All,Carmiel,Hot Cinema,574
10:15,Three Wishes for Cinderella,סינדרלה ושלוש המשאלות,https://tickets.hotcinema.co.il/site/1192/tickets?code=1192-60661&languageid=en_gb,https://tickets.hotcinema.co.il/site/1192/tickets?code=1192-60661&languageid=he_IL,Regular,2D,,Hebrew,2026-07-26,2026,,,85,All,Carmiel,Hot Cinema,574
12:50,Three Wishes for Cinderella,סינדרלה ושלוש המשאלות,https://tickets.hotcinema.co.il/site/1192/tickets?code=1192-60641&languageid=en_gb,https://tickets.hotcinema.co.il/site/1192/tickets?code=1192-60641&languageid=he_IL,Regular,2D,,Hebrew,2026-07-26,2026,,,85,All,Carmiel,Hot Cinema,574
14:50,Three Wishes for Cinderella,סינדרלה ושלוש המשאלות,https://tickets.hotcinema.co.il/site/1192/tickets?code=1192-60642&languageid=en_gb,https://tickets.hotcinema.co.il/site/1192/tickets?code=1192-60642&languageid=he_IL,Regular,2D,,Hebrew,2026-07-26,2026,,,85,All,Carmiel,Hot Cinema,574
19:40,קופה ראשית: הסרט,קופה ראשית: הסרט,https://tickets.hotcinema.co.il/site/1192/tickets?code=1192-60650&languageid=en_gb,https://tickets.hotcinema.co.il/site/1192/tickets?code=1192-60650&languageid=he_IL,Regular,2D,,,2026-07-26,2026,,,91,All,Carmiel,Hot Cinema,574
21:50,קופה ראשית: הסרט,קופה ראשית: הסרט,https://tickets.hotcinema.co.il/site/1192/tickets?code=1192-60649&languageid=en_gb,https://tickets.hotcinema.co.il/site/1192/tickets?code=1192-60649&languageid=he_IL,Regular,2D,,,2026-07-26,2026,,,91,All,Carmiel,Hot Cinema,574
22:20,Obsession,אובססיה,https://tickets.hotcinema.co.il/site/1192/tickets?code=1192-60556&languageid=en_gb,https://tickets.hotcinema.co.il/site/1192/tickets?code=1192-60556&languageid=he_IL,Regular,2D,,,2026-07-27,2026,,,108,14+,Carmiel,Hot Cinema,574
17:00,The Odyssey,האודיסאה,https://tickets.hotcinema.co.il/site/1192/tickets?code=1192-60560&languageid=en_gb,https://tickets.hotcinema.co.il/site/1192/tickets?code=1192-60560&languageid=he_IL,Regular,2D,,,2026-07-27,2026,,,172,14+,Carmiel,Hot Cinema,574
19:00,The Odyssey,האודיסאה,https://tickets.hotcinema.co.il/site/1192/tickets?code=1192-60561&languageid=en_gb,https://tickets.hotcinema.co.il/site/1192/tickets?code=1192-60561&languageid=he_IL,Regular,2D,,,2026-07-27,2026,,,172,14+,Carmiel,Hot Cinema,574
20:40,The Odyssey,האודיסאה,https://tickets.hotcinema.co.il/site/1192/tickets?code=1192-60559&languageid=en_gb,https://tickets.hotcinema.co.il/site/1192/tickets?code=1192-60559&languageid=he_IL,Regular,2D,,,2026-07-27,2026,,,172,14+,Carmiel,Hot Cinema,574
20:00,American Hina,חינה אמריקאית,https://tickets.hotcinema.co.il/site/1192/tickets?code=1192-60572&languageid=en_gb,https://tickets.hotcinema.co.il/site/1192/tickets?code=1192-60572&languageid=he_IL,Regular,2D,,,2026-07-27,2026,,,100,All,Carmiel,Hot Cinema,574
10:30,Tafiti: Across the Desert,טפיטי: הרפתקה במדבר,https://tickets.hotcinema.co.il/site/1192/tickets?code=1192-60553&languageid=en_gb,https://tickets.hotcinema.co.il/site/1192/tickets?code=1192-60553&languageid=he_IL,Regular,2D,,,2026-07-27,,,,81,הגבלת גיל: עד גיל 8 בליווי מבוגר,Carmiel,Hot Cinema,574
14:30,Tafiti: Across the Desert,טפיטי: הרפתקה במדבר,https://tickets.hotcinema.co.il/site/1192/tickets?code=1192-60552&languageid=en_gb,https://tickets.hotcinema.co.il/site/1192/tickets?code=1192-60552&languageid=he_IL,Regular,2D,,,2026-07-27,,,,81,הגבלת גיל: עד גיל 8 בליווי מבוגר,Carmiel,Hot Cinema,574
18:40,כי את מכוערת,כי את מכוערת,https://tickets.hotcinema.co.il/site/1192/tickets?code=1192-60576&languageid=en_gb,https://tickets.hotcinema.co.il/site/1192/tickets?code=1192-60576&languageid=he_IL,Regular,2D,,,2026-07-27,2025,,,83,12+,Carmiel,Hot Cinema,574
21:30,Moana (Live Action),מואנה לייב אקשן,https://tickets.hotcinema.co.il/site/1192/tickets?code=1192-60554&languageid=en_gb,https://tickets.hotcinema.co.il/site/1192/tickets?code=1192-60554&languageid=he_IL,Regular,2D,,,2026-07-27,2026,,,115,All,Carmiel,Hot Cinema,574
10:20,Moana (Live Action),מואנה לייב אקשן,https://tickets.hotcinema.co.il/site/1192/tickets?code=1192-60573&languageid=en_gb,https://tickets.hotcinema.co.il/site/1192/tickets?code=1192-60573&languageid=he_IL,Regular,2D,,Hebrew,2026-07-27,2026,,,115,All,Carmiel,Hot Cinema,574
12:10,Moana (Live Action),מואנה לייב אקשן,https://tickets.hotcinema.co.il/site/1192/tickets?code=1192-60562&languageid=en_gb,https://tickets.hotcinema.co.il/site/1192/tickets?code=1192-60562&languageid=he_IL,Regular,2D,,Hebrew,2026-07-27,2026,,,115,All,Carmiel,Hot Cinema,574
16:50,Moana (Live Action),מואנה לייב אקשן,https://tickets.hotcinema.co.il/site/1192/tickets?code=1192-60563&languageid=en_gb,https://tickets.hotcinema.co.il/site/1192/tickets?code=1192-60563&languageid=he_IL,Regular,2D,,Hebrew,2026-07-27,2026,,,115,All,Carmiel,Hot Cinema,574
22:30,EVIL DEAD BURN,מוות אכזרי אש,https://tickets.hotcinema.co.il/site/1192/tickets?code=1192-60574&languageid=en_gb,https://tickets.hotcinema.co.il/site/1192/tickets?code=1192-60574&languageid=he_IL,Regular,2D,,,2026-07-27,2026,,,110,הגבלת גיל: הותר מגיל 18 בהצגת תעודה מזהה,Carmiel,Hot Cinema,574
19:20,Minions & Monsters,מיניונים ומפלצות,https://tickets.hotcinema.co.il/site/1192/tickets?code=1192-60542&languageid=en_gb,https://tickets.hotcinema.co.il/site/1192/tickets?code=1192-60542&languageid=he_IL,Regular,2D,,,2026-07-27,2026,,,90,All,Carmiel,Hot Cinema,574
13:10,Minions & Monsters,מיניונים ומפלצות,https://tickets.hotcinema.co.il/site/1192/tickets?code=1192-60565&languageid=en_gb,https://tickets.hotcinema.co.il/site/1192/tickets?code=1192-60565&languageid=he_IL,Regular,2D,,Hebrew,2026-07-27,2026,,,90,All,Carmiel,Hot Cinema,574
15:20,Minions & Monsters,מיניונים ומפלצות,https://tickets.hotcinema.co.il/site/1192/tickets?code=1192-60566&languageid=en_gb,https://tickets.hotcinema.co.il/site/1192/tickets?code=1192-60566&languageid=he_IL,Regular,2D,,Hebrew,2026-07-27,2026,,,90,All,Carmiel,Hot Cinema,574
10:40,School of Magical Animals,סוד החיות הקסומות 3,https://tickets.hotcinema.co.il/site/1192/tickets?code=1192-60546&languageid=en_gb,https://tickets.hotcinema.co.il/site/1192/tickets?code=1192-60546&languageid=he_IL,Regular,2D,,Hebrew,2026-07-27,2024,,,105,All,Carmiel,Hot Cinema,574
13:00,School of Magical Animals,סוד החיות הקסומות 3,https://tickets.hotcinema.co.il/site/1192/tickets?code=1192-60547&languageid=en_gb,https://tickets.hotcinema.co.il/site/1192/tickets?code=1192-60547&languageid=he_IL,Regular,2D,,Hebrew,2026-07-27,2024,,,105,All,Carmiel,Hot Cinema,574
15:20,School of Magical Animals,סוד החיות הקסומות 3,https://tickets.hotcinema.co.il/site/1192/tickets?code=1192-60548&languageid=en_gb,https://tickets.hotcinema.co.il/site/1192/tickets?code=1192-60548&languageid=he_IL,Regular,2D,,Hebrew,2026-07-27,2024,,,105,All,Carmiel,Hot Cinema,574
17:40,School of Magical Animals,סוד החיות הקסומות 3,https://tickets.hotcinema.co.il/site/1192/tickets?code=1192-60551&languageid=en_gb,https://tickets.hotcinema.co.il/site/1192/tickets?code=1192-60551&languageid=he_IL,Regular,2D,,Hebrew,2026-07-27,2024,,,105,All,Carmiel,Hot Cinema,574
14:35,Saltiz,סולטיז הסרט - וולוג ה-100,https://tickets.hotcinema.co.il/site/1192/tickets?code=1192-60571&languageid=en_gb,https://tickets.hotcinema.co.il/site/1192/tickets?code=1192-60571&languageid=he_IL,Regular,2D,,,2026-07-27,2026,,,100,All,Carmiel,Hot Cinema,574
16:50,Saltiz,סולטיז הסרט - וולוג ה-100,https://tickets.hotcinema.co.il/site/1192/tickets?code=1192-60570&languageid=en_gb,https://tickets.hotcinema.co.il/site/1192/tickets?code=1192-60570&languageid=he_IL,Regular,2D,,,2026-07-27,2026,,,100,All,Carmiel,Hot Cinema,574
10:15,Three Wishes for Cinderella,סינדרלה ושלוש המשאלות,https://tickets.hotcinema.co.il/site/1192/tickets?code=1192-60568&languageid=en_gb,https://tickets.hotcinema.co.il/site/1192/tickets?code=1192-60568&languageid=he_IL,Regular,2D,,Hebrew,2026-07-27,2026,,,85,All,Carmiel,Hot Cinema,574
12:50,Three Wishes for Cinderella,סינדרלה ושלוש המשאלות,https://tickets.hotcinema.co.il/site/1192/tickets?code=1192-60549&languageid=en_gb,https://tickets.hotcinema.co.il/site/1192/tickets?code=1192-60549&languageid=he_IL,Regular,2D,,Hebrew,2026-07-27,2026,,,85,All,Carmiel,Hot Cinema,574
14:50,Three Wishes for Cinderella,סינדרלה ושלוש המשאלות,https://tickets.hotcinema.co.il/site/1192/tickets?code=1192-60550&languageid=en_gb,https://tickets.hotcinema.co.il/site/1192/tickets?code=1192-60550&languageid=he_IL,Regular,2D,,Hebrew,2026-07-27,2026,,,85,All,Carmiel,Hot Cinema,574
12:20,Toy Story 5,צעצוע של סיפור 5,https://tickets.hotcinema.co.il/site/1192/tickets?code=1192-60575&languageid=en_gb,https://tickets.hotcinema.co.il/site/1192/tickets?code=1192-60575&languageid=he_IL,Regular,2D,,Hebrew,2026-07-27,2026,,,102,All,Carmiel,Hot Cinema,574
16:25,Toy Story 5,צעצוע של סיפור 5,https://tickets.hotcinema.co.il/site/1192/tickets?code=1192-60564&languageid=en_gb,https://tickets.hotcinema.co.il/site/1192/tickets?code=1192-60564&languageid=he_IL,Regular,2D,,Hebrew,2026-07-27,2026,,,102,All,Carmiel,Hot Cinema,574
19:40,קופה ראשית: הסרט,קופה ראשית: הסרט,https://tickets.hotcinema.co.il/site/1192/tickets?code=1192-60558&languageid=en_gb,https://tickets.hotcinema.co.il/site/1192/tickets?code=1192-60558&languageid=he_IL,Regular,2D,,,2026-07-27,2026,,,91,All,Carmiel,Hot Cinema,574
21:50,קופה ראשית: הסרט,קופה ראשית: הסרט,https://tickets.hotcinema.co.il/site/1192/tickets?code=1192-60557&languageid=en_gb,https://tickets.hotcinema.co.il/site/1192/tickets?code=1192-60557&languageid=he_IL,Regular,2D,,,2026-07-27,2026,,,91,All,Carmiel,Hot Cinema,574
20:40,Dream High,תיכון מגשימים,https://tickets.hotcinema.co.il/site/1192/tickets?code=1192-60555&languageid=en_gb,https://tickets.hotcinema.co.il/site/1192/tickets?code=1192-60555&languageid=he_IL,Regular,2D,,,2026-07-27,2026,,,100,12+,Carmiel,Hot Cinema,574
18:00,The Odyssey,האודיסאה,https://tickets.hotcinema.co.il/site/1192/tickets?code=1192-60716&languageid=en_gb,https://tickets.hotcinema.co.il/site/1192/tickets?code=1192-60716&languageid=he_IL,Regular,2D,,,2026-07-28,2026,,,172,14+,Carmiel,Hot Cinema,574
19:15,The Odyssey,האודיסאה,https://tickets.hotcinema.co.il/site/1192/tickets?code=1192-60717&languageid=en_gb,https://tickets.hotcinema.co.il/site/1192/tickets?code=1192-60717&languageid=he_IL,Regular,2D,,,2026-07-28,2026,,,172,14+,Carmiel,Hot Cinema,574
21:40,The Odyssey,האודיסאה,https://tickets.hotcinema.co.il/site/1192/tickets?code=1192-60715&languageid=en_gb,https://tickets.hotcinema.co.il/site/1192/tickets?code=1192-60715&languageid=he_IL,Regular,2D,,,2026-07-28,2026,,,172,14+,Carmiel,Hot Cinema,574
21:45,American Hina,חינה אמריקאית,https://tickets.hotcinema.co.il/site/1192/tickets?code=1192-60731&languageid=en_gb,https://tickets.hotcinema.co.il/site/1192/tickets?code=1192-60731&languageid=he_IL,Regular,2D,,,2026-07-28,2026,,,100,All,Carmiel,Hot Cinema,574
11:00,Tafiti: Across the Desert,טפיטי: הרפתקה במדבר,https://tickets.hotcinema.co.il/site/1192/tickets?code=1192-60710&languageid=en_gb,https://tickets.hotcinema.co.il/site/1192/tickets?code=1192-60710&languageid=he_IL,Regular,2D,,,2026-07-28,,,,81,הגבלת גיל: עד גיל 8 בליווי מבוגר,Carmiel,Hot Cinema,574
13:00,Tafiti: Across the Desert,טפיטי: הרפתקה במדבר,https://tickets.hotcinema.co.il/site/1192/tickets?code=1192-60723&languageid=en_gb,https://tickets.hotcinema.co.il/site/1192/tickets?code=1192-60723&languageid=he_IL,Regular,2D,,,2026-07-28,,,,81,הגבלת גיל: עד גיל 8 בליווי מבוגר,Carmiel,Hot Cinema,574
20:15,One night only,"טרום בכורה בט""ו באב - לגמור את הלילה",https://tickets.hotcinema.co.il/site/1192/tickets?code=1192-60727&languageid=en_gb,https://tickets.hotcinema.co.il/site/1192/tickets?code=1192-60727&languageid=he_IL,Regular,2D,,,2026-07-28,2026,,,102,14+,Carmiel,Hot Cinema,574
22:30,One night only,"טרום בכורה בט""ו באב - לגמור את הלילה",https://tickets.hotcinema.co.il/site/1192/tickets?code=1192-60733&languageid=en_gb,https://tickets.hotcinema.co.il/site/1192/tickets?code=1192-60733&languageid=he_IL,Regular,2D,,,2026-07-28,2026,,,102,14+,Carmiel,Hot Cinema,574
12:35,Diamonds,יהלומים,https://tickets.hotcinema.co.il/site/1192/tickets?code=1192-60730&languageid=en_gb,https://tickets.hotcinema.co.il/site/1192/tickets?code=1192-60730&languageid=he_IL,Regular,2D,,,2026-07-28,2024,,,135,All,Carmiel,Hot Cinema,574
19:30,כי את מכוערת,כי את מכוערת,https://tickets.hotcinema.co.il/site/1192/tickets?code=1192-60728&languageid=en_gb,https://tickets.hotcinema.co.il/site/1192/tickets?code=1192-60728&languageid=he_IL,Regular,2D,,,2026-07-28,2025,,,83,12+,Carmiel,Hot Cinema,574
21:20,Moana (Live Action),מואנה לייב אקשן,https://tickets.hotcinema.co.il/site/1192/tickets?code=1192-60711&languageid=en_gb,https://tickets.hotcinema.co.il/site/1192/tickets?code=1192-60711&languageid=he_IL,Regular,2D,,,2026-07-28,2026,,,115,All,Carmiel,Hot Cinema,574
10:20,Moana (Live Action),מואנה לייב אקשן,https://tickets.hotcinema.co.il/site/1192/tickets?code=1192-60718&languageid=en_gb,https://tickets.hotcinema.co.il/site/1192/tickets?code=1192-60718&languageid=he_IL,Regular,2D,,Hebrew,2026-07-28,2026,,,115,All,Carmiel,Hot Cinema,574
16:35,Moana (Live Action),מואנה לייב אקשן,https://tickets.hotcinema.co.il/site/1192/tickets?code=1192-60719&languageid=en_gb,https://tickets.hotcinema.co.il/site/1192/tickets?code=1192-60719&languageid=he_IL,Regular,2D,,Hebrew,2026-07-28,2026,,,115,All,Carmiel,Hot Cinema,574
22:45,EVIL DEAD BURN,מוות אכזרי אש,https://tickets.hotcinema.co.il/site/1192/tickets?code=1192-60732&languageid=en_gb,https://tickets.hotcinema.co.il/site/1192/tickets?code=1192-60732&languageid=he_IL,Regular,2D,,,2026-07-28,2026,,,110,הגבלת גיל: הותר מגיל 18 בהצגת תעודה מזהה,Carmiel,Hot Cinema,574
11:00,Minions & Monsters,מיניונים ומפלצות,https://tickets.hotcinema.co.il/site/1192/tickets?code=1192-60721&languageid=en_gb,https://tickets.hotcinema.co.il/site/1192/tickets?code=1192-60721&languageid=he_IL,Regular,2D,,Hebrew,2026-07-28,2026,,,90,All,Carmiel,Hot Cinema,574
15:20,Minions & Monsters,מיניונים ומפלצות,https://tickets.hotcinema.co.il/site/1192/tickets?code=1192-60722&languageid=en_gb,https://tickets.hotcinema.co.il/site/1192/tickets?code=1192-60722&languageid=he_IL,Regular,2D,,Hebrew,2026-07-28,2026,,,90,All,Carmiel,Hot Cinema,574
10:15,School of Magical Animals,סוד החיות הקסומות 3,https://tickets.hotcinema.co.il/site/1192/tickets?code=1192-60706&languageid=en_gb,https://tickets.hotcinema.co.il/site/1192/tickets?code=1192-60706&languageid=he_IL,Regular,2D,,Hebrew,2026-07-28,2024,,,105,All,Carmiel,Hot Cinema,574
15:30,School of Magical Animals,סוד החיות הקסומות 3,https://tickets.hotcinema.co.il/site/1192/tickets?code=1192-60707&languageid=en_gb,https://tickets.hotcinema.co.il/site/1192/tickets?code=1192-60707&languageid=he_IL,Regular,2D,,Hebrew,2026-07-28,2024,,,105,All,Carmiel,Hot Cinema,574
17:50,School of Magical Animals,סוד החיות הקסומות 3,https://tickets.hotcinema.co.il/site/1192/tickets?code=1192-60736&languageid=en_gb,https://tickets.hotcinema.co.il/site/1192/tickets?code=1192-60736&languageid=he_IL,Regular,2D,,Hebrew,2026-07-28,2024,,,105,All,Carmiel,Hot Cinema,574
14:45,Saltiz,סולטיז הסרט - וולוג ה-100,https://tickets.hotcinema.co.il/site/1192/tickets?code=1192-60734&languageid=en_gb,https://tickets.hotcinema.co.il/site/1192/tickets?code=1192-60734&languageid=he_IL,Regular,2D,,,2026-07-28,2026,,,100,All,Carmiel,Hot Cinema,574
17:00,Saltiz,סולטיז הסרט - וולוג ה-100,https://tickets.hotcinema.co.il/site/1192/tickets?code=1192-60735&languageid=en_gb,https://tickets.hotcinema.co.il/site/1192/tickets?code=1192-60735&languageid=he_IL,Regular,2D,,,2026-07-28,2026,,,100,All,Carmiel,Hot Cinema,574
10:30,Three Wishes for Cinderella,סינדרלה ושלוש המשאלות,https://tickets.hotcinema.co.il/site/1192/tickets?code=1192-60725&languageid=en_gb,https://tickets.hotcinema.co.il/site/1192/tickets?code=1192-60725&languageid=he_IL,Regular,2D,,Hebrew,2026-07-28,2026,,,85,All,Carmiel,Hot Cinema,574
12:45,Three Wishes for Cinderella,סינדרלה ושלוש המשאלות,https://tickets.hotcinema.co.il/site/1192/tickets?code=1192-60708&languageid=en_gb,https://tickets.hotcinema.co.il/site/1192/tickets?code=1192-60708&languageid=he_IL,Regular,2D,,Hebrew,2026-07-28,2026,,,85,All,Carmiel,Hot Cinema,574
14:40,Three Wishes for Cinderella,סינדרלה ושלוש המשאלות,https://tickets.hotcinema.co.il/site/1192/tickets?code=1192-60709&languageid=en_gb,https://tickets.hotcinema.co.il/site/1192/tickets?code=1192-60709&languageid=he_IL,Regular,2D,,Hebrew,2026-07-28,2026,,,85,All,Carmiel,Hot Cinema,574
19:00,Sentimental Value,ערך סנטימנטלי,https://tickets.hotcinema.co.il/site/1192/tickets?code=1192-60729&languageid=en_gb,https://tickets.hotcinema.co.il/site/1192/tickets?code=1192-60729&languageid=he_IL,Regular,2D,,,2026-07-28,2025,,,132,All,Carmiel,Hot Cinema,574
12:30,Toy Story 5,צעצוע של סיפור 5,https://tickets.hotcinema.co.il/site/1192/tickets?code=1192-60702&languageid=en_gb,https://tickets.hotcinema.co.il/site/1192/tickets?code=1192-60702&languageid=he_IL,Regular,2D,,,2026-07-28,2026,,,102,All,Carmiel,Hot Cinema,574
15:00,Toy Story 5,צעצוע של סיפור 5,https://tickets.hotcinema.co.il/site/1192/tickets?code=1192-60720&languageid=en_gb,https://tickets.hotcinema.co.il/site/1192/tickets?code=1192-60720&languageid=he_IL,Regular,2D,,Hebrew,2026-07-28,2026,,,102,All,Carmiel,Hot Cinema,574
19:40,קופה ראשית: הסרט,קופה ראשית: הסרט,https://tickets.hotcinema.co.il/site/1192/tickets?code=1192-60714&languageid=en_gb,https://tickets.hotcinema.co.il/site/1192/tickets?code=1192-60714&languageid=he_IL,Regular,2D,,,2026-07-28,2026,,,91,All,Carmiel,Hot Cinema,574
21:50,קופה ראשית: הסרט,קופה ראשית: הסרט,https://tickets.hotcinema.co.il/site/1192/tickets?code=1192-60713&languageid=en_gb,https://tickets.hotcinema.co.il/site/1192/tickets?code=1192-60713&languageid=he_IL,Regular,2D,,,2026-07-28,2026,,,91,All,Carmiel,Hot Cinema,574
17:15,Dream High,תיכון מגשימים,https://tickets.hotcinema.co.il/site/1192/tickets?code=1192-60712&languageid=en_gb,https://tickets.hotcinema.co.il/site/1192/tickets?code=1192-60712&languageid=he_IL,Regular,2D,,,2026-07-28,2026,,,100,12+,Carmiel,Hot Cinema,574
18:00,The Odyssey,האודיסאה,https://tickets.hotcinema.co.il/site/1192/tickets?code=1192-60626&languageid=en_gb,https://tickets.hotcinema.co.il/site/1192/tickets?code=1192-60626&languageid=he_IL,Regular,2D,,,2026-07-29,2026,,,172,14+,Carmiel,Hot Cinema,574
20:00,The Odyssey,האודיסאה,https://tickets.hotcinema.co.il/site/1192/tickets?code=1192-60628&languageid=en_gb,https://tickets.hotcinema.co.il/site/1192/tickets?code=1192-60628&languageid=he_IL,Regular,2D,,,2026-07-29,2026,,,172,14+,Carmiel,Hot Cinema,574
21:30,The Odyssey,האודיסאה,https://tickets.hotcinema.co.il/site/1192/tickets?code=1192-60616&languageid=en_gb,https://tickets.hotcinema.co.il/site/1192/tickets?code=1192-60616&languageid=he_IL,Regular,2D,,,2026-07-29,2026,,,172,14+,Carmiel,Hot Cinema,574
10:45,Tafiti: Across the Desert,טפיטי: הרפתקה במדבר,https://tickets.hotcinema.co.il/site/1192/tickets?code=1192-60612&languageid=en_gb,https://tickets.hotcinema.co.il/site/1192/tickets?code=1192-60612&languageid=he_IL,Regular,2D,,,2026-07-29,,,,81,הגבלת גיל: עד גיל 8 בליווי מבוגר,Carmiel,Hot Cinema,574
15:00,Tafiti: Across the Desert,טפיטי: הרפתקה במדבר,https://tickets.hotcinema.co.il/site/1192/tickets?code=1192-60611&languageid=en_gb,https://tickets.hotcinema.co.il/site/1192/tickets?code=1192-60611&languageid=he_IL,Regular,2D,,,2026-07-29,,,,81,הגבלת גיל: עד גיל 8 בליווי מבוגר,Carmiel,Hot Cinema,574
20:10,One night only,"טרום בכורה בט""ו באב - לגמור את הלילה",https://tickets.hotcinema.co.il/site/1192/tickets?code=1192-60607&languageid=en_gb,https://tickets.hotcinema.co.il/site/1192/tickets?code=1192-60607&languageid=he_IL,Regular,2D,,,2026-07-29,2026,,,102,14+,Carmiel,Hot Cinema,574
22:30,One night only,"טרום בכורה בט""ו באב - לגמור את הלילה",https://tickets.hotcinema.co.il/site/1192/tickets?code=1192-60624&languageid=en_gb,https://tickets.hotcinema.co.il/site/1192/tickets?code=1192-60624&languageid=he_IL,Regular,2D,,,2026-07-29,2026,,,102,14+,Carmiel,Hot Cinema,574
11:00,Moana (Live Action),מואנה לייב אקשן,https://tickets.hotcinema.co.il/site/1192/tickets?code=1192-60617&languageid=en_gb,https://tickets.hotcinema.co.il/site/1192/tickets?code=1192-60617&languageid=he_IL,Regular,2D,,Hebrew,2026-07-29,2026,,,115,All,Carmiel,Hot Cinema,574
17:30,Moana (Live Action),מואנה לייב אקשן,https://tickets.hotcinema.co.il/site/1192/tickets?code=1192-60618&languageid=en_gb,https://tickets.hotcinema.co.il/site/1192/tickets?code=1192-60618&languageid=he_IL,Regular,2D,,Hebrew,2026-07-29,2026,,,115,All,Carmiel,Hot Cinema,574
10:30,Minions & Monsters,מיניונים ומפלצות,https://tickets.hotcinema.co.il/site/1192/tickets?code=1192-60620&languageid=en_gb,https://tickets.hotcinema.co.il/site/1192/tickets?code=1192-60620&languageid=he_IL,Regular,2D,,Hebrew,2026-07-29,2026,,,90,All,Carmiel,Hot Cinema,574
14:45,Minions & Monsters,מיניונים ומפלצות,https://tickets.hotcinema.co.il/site/1192/tickets?code=1192-60621&languageid=en_gb,https://tickets.hotcinema.co.il/site/1192/tickets?code=1192-60621&languageid=he_IL,Regular,2D,,Hebrew,2026-07-29,2026,,,90,All,Carmiel,Hot Cinema,574
11:20,School of Magical Animals,סוד החיות הקסומות 3,https://tickets.hotcinema.co.il/site/1192/tickets?code=1192-60608&languageid=en_gb,https://tickets.hotcinema.co.il/site/1192/tickets?code=1192-60608&languageid=he_IL,Regular,2D,,Hebrew,2026-07-29,2024,,,105,All,Carmiel,Hot Cinema,574
13:30,Saltiz,סולטיז הסרט - וולוג ה-100,https://tickets.hotcinema.co.il/site/1192/tickets?code=1192-60630&languageid=en_gb,https://tickets.hotcinema.co.il/site/1192/tickets?code=1192-60630&languageid=he_IL,Regular,2D,,,2026-07-29,2026,,,100,All,Carmiel,Hot Cinema,574
15:45,Saltiz,סולטיז הסרט - וולוג ה-100,https://tickets.hotcinema.co.il/site/1192/tickets?code=1192-60627&languageid=en_gb,https://tickets.hotcinema.co.il/site/1192/tickets?code=1192-60627&languageid=he_IL,Regular,2D,,,2026-07-29,2026,,,100,All,Carmiel,Hot Cinema,574
11:30,Three Wishes for Cinderella,סינדרלה ושלוש המשאלות,https://tickets.hotcinema.co.il/site/1192/tickets?code=1192-60623&languageid=en_gb,https://tickets.hotcinema.co.il/site/1192/tickets?code=1192-60623&languageid=he_IL,Regular,2D,,Hebrew,2026-07-29,2026,,,85,All,Carmiel,Hot Cinema,574
13:30,Three Wishes for Cinderella,סינדרלה ושלוש המשאלות,https://tickets.hotcinema.co.il/site/1192/tickets?code=1192-60609&languageid=en_gb,https://tickets.hotcinema.co.il/site/1192/tickets?code=1192-60609&languageid=he_IL,Regular,2D,,Hebrew,2026-07-29,2026,,,85,All,Carmiel,Hot Cinema,574
15:30,Three Wishes for Cinderella,סינדרלה ושלוש המשאלות,https://tickets.hotcinema.co.il/site/1192/tickets?code=1192-60610&languageid=en_gb,https://tickets.hotcinema.co.il/site/1192/tickets?code=1192-60610&languageid=he_IL,Regular,2D,,Hebrew,2026-07-29,2026,,,85,All,Carmiel,Hot Cinema,574
11:50,Spider-Man: Brand new day,ספיידרמן: יום חדש,https://tickets.hotcinema.co.il/site/1192/tickets?code=1192-58169&languageid=en_gb,https://tickets.hotcinema.co.il/site/1192/tickets?code=1192-58169&languageid=he_IL,Regular,2D,,,2026-07-29,2026,,,145,,Carmiel,Hot Cinema,574
13:50,Spider-Man: Brand new day,ספיידרמן: יום חדש,https://tickets.hotcinema.co.il/site/1192/tickets?code=1192-60633&languageid=en_gb,https://tickets.hotcinema.co.il/site/1192/tickets?code=1192-60633&languageid=he_IL,Regular,2D,,,2026-07-29,2026,,,145,,Carmiel,Hot Cinema,574
15:15,Spider-Man: Brand new day,ספיידרמן: יום חדש,https://tickets.hotcinema.co.il/site/1192/tickets?code=1192-58168&languageid=en_gb,https://tickets.hotcinema.co.il/site/1192/tickets?code=1192-58168&languageid=he_IL,Regular,2D,,,2026-07-29,2026,,,145,,Carmiel,Hot Cinema,574
17:00,Spider-Man: Brand new day,ספיידרמן: יום חדש,https://tickets.hotcinema.co.il/site/1192/tickets?code=1192-60632&languageid=en_gb,https://tickets.hotcinema.co.il/site/1192/tickets?code=1192-60632&languageid=he_IL,Regular,2D,,,2026-07-29,2026,,,145,,Carmiel,Hot Cinema,574
18:30,Spider-Man: Brand new day,ספיידרמן: יום חדש,https://tickets.hotcinema.co.il/site/1192/tickets?code=1192-58167&languageid=en_gb,https://tickets.hotcinema.co.il/site/1192/tickets?code=1192-58167&languageid=he_IL,Regular,2D,,,2026-07-29,2026,,,145,,Carmiel,Hot Cinema,574
19:20,Spider-Man: Brand new day,ספיידרמן: יום חדש,https://tickets.hotcinema.co.il/site/1192/tickets?code=1192-60629&languageid=en_gb,https://tickets.hotcinema.co.il/site/1192/tickets?code=1192-60629&languageid=he_IL,Regular,2D,,,2026-07-29,2026,,,145,,Carmiel,Hot Cinema,574
21:50,Spider-Man: Brand new day,ספיידרמן: יום חדש,https://tickets.hotcinema.co.il/site/1192/tickets?code=1192-58166&languageid=en_gb,https://tickets.hotcinema.co.il/site/1192/tickets?code=1192-58166&languageid=he_IL,Regular,2D,,,2026-07-29,2026,,,145,,Carmiel,Hot Cinema,574
22:20,Spider-Man: Brand new day,ספיידרמן: יום חדש,https://tickets.hotcinema.co.il/site/1192/tickets?code=1192-60631&languageid=en_gb,https://tickets.hotcinema.co.il/site/1192/tickets?code=1192-60631&languageid=he_IL,Regular,2D,,,2026-07-29,2026,,,145,,Carmiel,Hot Cinema,574
12:40,Toy Story 5,צעצוע של סיפור 5,https://tickets.hotcinema.co.il/site/1192/tickets?code=1192-60619&languageid=en_gb,https://tickets.hotcinema.co.il/site/1192/tickets?code=1192-60619&languageid=he_IL,Regular,2D,,Hebrew,2026-07-29,2026,,,102,All,Carmiel,Hot Cinema,574
19:10,קופה ראשית: הסרט,קופה ראשית: הסרט,https://tickets.hotcinema.co.il/site/1192/tickets?code=1192-60615&languageid=en_gb,https://tickets.hotcinema.co.il/site/1192/tickets?code=1192-60615&languageid=he_IL,Regular,2D,,,2026-07-29,2026,,,91,All,Carmiel,Hot Cinema,574
21:20,קופה ראשית: הסרט,קופה ראשית: הסרט,https://tickets.hotcinema.co.il/site/1192/tickets?code=1192-60614&languageid=en_gb,https://tickets.hotcinema.co.il/site/1192/tickets?code=1192-60614&languageid=he_IL,Regular,2D,,,2026-07-29,2026,,,91,All,Carmiel,Hot Cinema,574
17:00,Dream High,תיכון מגשימים,https://tickets.hotcinema.co.il/site/1192/tickets?code=1192-60613&languageid=en_gb,https://tickets.hotcinema.co.il/site/1192/tickets?code=1192-60613&languageid=he_IL,Regular,2D,,,2026-07-29,2026,,,100,12+,Carmiel,Hot Cinema,574
19:10,The Odyssey,האודיסאה,https://tickets.hotcinema.co.il/site/1192/tickets?code=1192-60809&languageid=en_gb,https://tickets.hotcinema.co.il/site/1192/tickets?code=1192-60809&languageid=he_IL,Regular,2D,,,2026-07-30,2026,,,172,14+,Carmiel,Hot Cinema,574
17:30,Edward Scissorhands,סינמה נוסטלגיה - המספריים של אדוארד,https://tickets.hotcinema.co.il/site/1192/tickets?code=1192-57738&languageid=en_gb,https://tickets.hotcinema.co.il/site/1192/tickets?code=1192-57738&languageid=he_IL,Not Just Cinema,2D,,,2026-07-30,1990,,,105,All,Carmiel,Hot Cinema,574
12:00,Spider-Man: Brand new day,ספיידרמן: יום חדש,https://tickets.hotcinema.co.il/site/1192/tickets?code=1192-58177&languageid=en_gb,https://tickets.hotcinema.co.il/site/1192/tickets?code=1192-58177&languageid=he_IL,Regular,2D,,,2026-07-30,2026,,,145,,Carmiel,Hot Cinema,574
15:15,Spider-Man: Brand new day,ספיידרמן: יום חדש,https://tickets.hotcinema.co.il/site/1192/tickets?code=1192-58176&languageid=en_gb,https://tickets.hotcinema.co.il/site/1192/tickets?code=1192-58176&languageid=he_IL,Regular,2D,,,2026-07-30,2026,,,145,,Carmiel,Hot Cinema,574
18:30,Spider-Man: Brand new day,ספיידרמן: יום חדש,https://tickets.hotcinema.co.il/site/1192/tickets?code=1192-58175&languageid=en_gb,https://tickets.hotcinema.co.il/site/1192/tickets?code=1192-58175&languageid=he_IL,Regular,2D,,,2026-07-30,2026,,,145,,Carmiel,Hot Cinema,574
21:50,Spider-Man: Brand new day,ספיידרמן: יום חדש,https://tickets.hotcinema.co.il/site/1192/tickets?code=1192-58174&languageid=en_gb,https://tickets.hotcinema.co.il/site/1192/tickets?code=1192-58174&languageid=he_IL,Regular,2D,,,2026-07-30,2026,,,145,,Carmiel,Hot Cinema,574
19:10,The Odyssey,האודיסאה,https://tickets.hotcinema.co.il/site/1192/tickets?code=1192-60808&languageid=en_gb,https://tickets.hotcinema.co.il/site/1192/tickets?code=1192-60808&languageid=he_IL,Regular,2D,,,2026-07-31,2026,,,172,14+,Carmiel,Hot Cinema,574
12:00,Spider-Man: Brand new day,ספיידרמן: יום חדש,https://tickets.hotcinema.co.il/site/1192/tickets?code=1192-58173&languageid=en_gb,https://tickets.hotcinema.co.il/site/1192/tickets?code=1192-58173&languageid=he_IL,Regular,2D,,,2026-07-31,2026,,,145,,Carmiel,Hot Cinema,574
15:15,Spider-Man: Brand new day,ספיידרמן: יום חדש,https://tickets.hotcinema.co.il/site/1192/tickets?code=1192-58172&languageid=en_gb,https://tickets.hotcinema.co.il/site/1192/tickets?code=1192-58172&languageid=he_IL,Regular,2D,,,2026-07-31,2026,,,145,,Carmiel,Hot Cinema,574
18:30,Spider-Man: Brand new day,ספיידרמן: יום חדש,https://tickets.hotcinema.co.il/site/1192/tickets?code=1192-58171&languageid=en_gb,https://tickets.hotcinema.co.il/site/1192/tickets?code=1192-58171&languageid=he_IL,Regular,2D,,,2026-07-31,2026,,,145,,Carmiel,Hot Cinema,574
21:50,Spider-Man: Brand new day,ספיידרמן: יום חדש,https://tickets.hotcinema.co.il/site/1192/tickets?code=1192-58170&languageid=en_gb,https://tickets.hotcinema.co.il/site/1192/tickets?code=1192-58170&languageid=he_IL,Regular,2D,,,2026-07-31,2026,,,145,,Carmiel,Hot Cinema,574
19:10,The Odyssey,האודיסאה,https://tickets.hotcinema.co.il/site/1192/tickets?code=1192-60801&languageid=en_gb,https://tickets.hotcinema.co.il/site/1192/tickets?code=1192-60801&languageid=he_IL,Regular,2D,,,2026-08-01,2026,,,172,14+,Carmiel,Hot Cinema,574
12:00,Spider-Man: Brand new day,ספיידרמן: יום חדש,https://tickets.hotcinema.co.il/site/1192/tickets?code=1192-58165&languageid=en_gb,https://tickets.hotcinema.co.il/site/1192/tickets?code=1192-58165&languageid=he_IL,Regular,2D,,,2026-08-01,2026,,,145,,Carmiel,Hot Cinema,574
15:15,Spider-Man: Brand new day,ספיידרמן: יום חדש,https://tickets.hotcinema.co.il/site/1192/tickets?code=1192-58164&languageid=en_gb,https://tickets.hotcinema.co.il/site/1192/tickets?code=1192-58164&languageid=he_IL,Regular,2D,,,2026-08-01,2026,,,145,,Carmiel,Hot Cinema,574
18:30,Spider-Man: Brand new day,ספיידרמן: יום חדש,https://tickets.hotcinema.co.il/site/1192/tickets?code=1192-58163&languageid=en_gb,https://tickets.hotcinema.co.il/site/1192/tickets?code=1192-58163&languageid=he_IL,Regular,2D,,,2026-08-01,2026,,,145,,Carmiel,Hot Cinema,574
21:50,Spider-Man: Brand new day,ספיידרמן: יום חדש,https://tickets.hotcinema.co.il/site/1192/tickets?code=1192-58162&languageid=en_gb,https://tickets.hotcinema.co.il/site/1192/tickets?code=1192-58162&languageid=he_IL,Regular,2D,,,2026-08-01,2026,,,145,,Carmiel,Hot Cinema,574
17:30,WALL·E,סינמה נוסטלגיה - וול-E,https://tickets.hotcinema.co.il/site/1192/tickets?code=1192-58179&languageid=en_gb,https://tickets.hotcinema.co.il/site/1192/tickets?code=1192-58179&languageid=he_IL,Not Just Cinema,2D,,Hebrew,2026-08-06,2008,,,98,All,Carmiel,Hot Cinema,574
20:00,Superman - 1978,סינמה נוסטלגיה - סופרמן 1978,https://tickets.hotcinema.co.il/site/1192/tickets?code=1192-58703&languageid=en_gb,https://tickets.hotcinema.co.il/site/1192/tickets?code=1192-58703&languageid=he_IL,Not Just Cinema,2D,,,2026-08-13,1978,,,143,,Carmiel,Hot Cinema,574
20:00,Superman 2 The Richard Donner Cut,סינמה נוסטלגיה - סופרמן 2 גרסת הבמאי,https://tickets.hotcinema.co.il/site/1192/tickets?code=1192-59309&languageid=en_gb,https://tickets.hotcinema.co.il/site/1192/tickets?code=1192-59309&languageid=he_IL,Not Just Cinema,2D,,,2026-08-20,2006,,,116,All,Carmiel,Hot Cinema,574
17:30,Tangled,סינמה נוסטלגיה - פלונטר,https://tickets.hotcinema.co.il/site/1192/tickets?code=1192-59313&languageid=en_gb,https://tickets.hotcinema.co.il/site/1192/tickets?code=1192-59313&languageid=he_IL,Not Just Cinema,2D,,Hebrew,2026-08-27,2010,,,100,All,Carmiel,Hot Cinema,574
17:30,Tangled,סינמה נוסטלגיה - פלונטר,https://tickets.hotcinema.co.il/site/1192/tickets?code=1192-59314&languageid=en_gb,https://tickets.hotcinema.co.il/site/1192/tickets?code=1192-59314&languageid=he_IL,Not Just Cinema,2D,,Hebrew,2026-08-28,2010,,,100,All,Carmiel,Hot Cinema,574
17:30,Tangled,סינמה נוסטלגיה - פלונטר,https://tickets.hotcinema.co.il/site/1192/tickets?code=1192-59315&languageid=en_gb,https://tickets.hotcinema.co.il/site/1192/tickets?code=1192-59315&languageid=he_IL,Not Just Cinema,2D,,Hebrew,2026-08-29,2010,,,100,All,Carmiel,Hot Cinema,574
18:15,The Odyssey,האודיסאה,https://tickets.hotcinema.co.il/site/1181/tickets?code=1181-38278&languageid=en_gb,https://tickets.hotcinema.co.il/site/1181/tickets?code=1181-38278&languageid=he_IL,Regular,2D,,,2026-07-26,2026,,,172,14+,Nahariya,Hot Cinema,574
19:30,The Odyssey,האודיסאה,https://tickets.hotcinema.co.il/site/1181/tickets?code=1181-38264&languageid=en_gb,https://tickets.hotcinema.co.il/site/1181/tickets?code=1181-38264&languageid=he_IL,Regular,2D,,,2026-07-26,2026,,,172,14+,Nahariya,Hot Cinema,574
20:45,The Odyssey,האודיסאה,https://tickets.hotcinema.co.il/site/1181/tickets?code=1181-38275&languageid=en_gb,https://tickets.hotcinema.co.il/site/1181/tickets?code=1181-38275&languageid=he_IL,Regular,2D,,,2026-07-26,2026,,,172,14+,Nahariya,Hot Cinema,574
21:50,American Hina,חינה אמריקאית,https://tickets.hotcinema.co.il/site/1181/tickets?code=1181-38274&languageid=en_gb,https://tickets.hotcinema.co.il/site/1181/tickets?code=1181-38274&languageid=he_IL,Regular,2D,,,2026-07-26,2026,,,100,All,Nahariya,Hot Cinema,574
10:15,Tafiti: Across the Desert,טפיטי: הרפתקה במדבר,https://tickets.hotcinema.co.il/site/1181/tickets?code=1181-38269&languageid=en_gb,https://tickets.hotcinema.co.il/site/1181/tickets?code=1181-38269&languageid=he_IL,Regular,2D,,,2026-07-26,,,,81,הגבלת גיל: עד גיל 8 בליווי מבוגר,Nahariya,Hot Cinema,574
10:35,Moana (Live Action),מואנה לייב אקשן,https://tickets.hotcinema.co.il/site/1181/tickets?code=1181-38285&languageid=en_gb,https://tickets.hotcinema.co.il/site/1181/tickets?code=1181-38285&languageid=he_IL,Regular,2D,,Hebrew,2026-07-26,2026,,,115,All,Nahariya,Hot Cinema,574
11:30,Minions & Monsters,מיניונים ומפלצות,https://tickets.hotcinema.co.il/site/1181/tickets?code=1181-38284&languageid=en_gb,https://tickets.hotcinema.co.il/site/1181/tickets?code=1181-38284&languageid=he_IL,Regular,2D,,Hebrew,2026-07-26,2026,,,90,All,Nahariya,Hot Cinema,574
13:10,Minions & Monsters,מיניונים ומפלצות,https://tickets.hotcinema.co.il/site/1181/tickets?code=1181-38281&languageid=en_gb,https://tickets.hotcinema.co.il/site/1181/tickets?code=1181-38281&languageid=he_IL,Regular,2D,,Hebrew,2026-07-26,2026,,,90,All,Nahariya,Hot Cinema,574
15:00,Minions & Monsters,מיניונים ומפלצות,https://tickets.hotcinema.co.il/site/1181/tickets?code=1181-38266&languageid=en_gb,https://tickets.hotcinema.co.il/site/1181/tickets?code=1181-38266&languageid=he_IL,Regular,2D,,Hebrew,2026-07-26,2026,,,90,All,Nahariya,Hot Cinema,574
17:10,Minions & Monsters,מיניונים ומפלצות,https://tickets.hotcinema.co.il/site/1181/tickets?code=1181-38283&languageid=en_gb,https://tickets.hotcinema.co.il/site/1181/tickets?code=1181-38283&languageid=he_IL,Regular,2D,,Hebrew,2026-07-26,2026,,,90,All,Nahariya,Hot Cinema,574
13:35,Saltiz,סולטיז הסרט - וולוג ה-100,https://tickets.hotcinema.co.il/site/1181/tickets?code=1181-38280&languageid=en_gb,https://tickets.hotcinema.co.il/site/1181/tickets?code=1181-38280&languageid=he_IL,Regular,2D,,,2026-07-26,2026,,,100,All,Nahariya,Hot Cinema,574
15:55,Saltiz,סולטיז הסרט - וולוג ה-100,https://tickets.hotcinema.co.il/site/1181/tickets?code=1181-38279&languageid=en_gb,https://tickets.hotcinema.co.il/site/1181/tickets?code=1181-38279&languageid=he_IL,Regular,2D,,,2026-07-26,2026,,,100,All,Nahariya,Hot Cinema,574
17:30,Saltiz,סולטיז הסרט - וולוג ה-100,https://tickets.hotcinema.co.il/site/1181/tickets?code=1181-38271&languageid=en_gb,https://tickets.hotcinema.co.il/site/1181/tickets?code=1181-38271&languageid=he_IL,Regular,2D,,,2026-07-26,2026,,,100,All,Nahariya,Hot Cinema,574
12:05,Toy Story 5,צעצוע של סיפור 5,https://tickets.hotcinema.co.il/site/1181/tickets?code=1181-38276&languageid=en_gb,https://tickets.hotcinema.co.il/site/1181/tickets?code=1181-38276&languageid=he_IL,Regular,2D,,Hebrew,2026-07-26,2026,,,102,All,Nahariya,Hot Cinema,574
16:20,Toy Story 5,צעצוע של סיפור 5,https://tickets.hotcinema.co.il/site/1181/tickets?code=1181-38277&languageid=en_gb,https://tickets.hotcinema.co.il/site/1181/tickets?code=1181-38277&languageid=he_IL,Regular,2D,,Hebrew,2026-07-26,2026,,,102,All,Nahariya,Hot Cinema,574
15:20,קופה ראשית: הסרט,קופה ראשית: הסרט,https://tickets.hotcinema.co.il/site/1181/tickets?code=1181-38268&languageid=en_gb,https://tickets.hotcinema.co.il/site/1181/tickets?code=1181-38268&languageid=he_IL,Regular,2D,,,2026-07-26,2026,,,91,All,Nahariya,Hot Cinema,574
18:35,קופה ראשית: הסרט,קופה ראשית: הסרט,https://tickets.hotcinema.co.il/site/1181/tickets?code=1181-38265&languageid=en_gb,https://tickets.hotcinema.co.il/site/1181/tickets?code=1181-38265&languageid=he_IL,Regular,2D,,,2026-07-26,2026,,,91,All,Nahariya,Hot Cinema,574
19:50,קופה ראשית: הסרט,קופה ראשית: הסרט,https://tickets.hotcinema.co.il/site/1181/tickets?code=1181-38272&languageid=en_gb,https://tickets.hotcinema.co.il/site/1181/tickets?code=1181-38272&languageid=he_IL,Regular,2D,,,2026-07-26,2026,,,91,All,Nahariya,Hot Cinema,574
22:05,קופה ראשית: הסרט,קופה ראשית: הסרט,https://tickets.hotcinema.co.il/site/1181/tickets?code=1181-38273&languageid=en_gb,https://tickets.hotcinema.co.il/site/1181/tickets?code=1181-38273&languageid=he_IL,Regular,2D,,,2026-07-26,2026,,,91,All,Nahariya,Hot Cinema,574
18:00,The Odyssey,האודיסאה,https://tickets.hotcinema.co.il/site/1181/tickets?code=1181-38204&languageid=en_gb,https://tickets.hotcinema.co.il/site/1181/tickets?code=1181-38204&languageid=he_IL,Regular,2D,,,2026-07-27,2026,,,172,14+,Nahariya,Hot Cinema,574
20:45,The Odyssey,האודיסאה,https://tickets.hotcinema.co.il/site/1181/tickets?code=1181-38217&languageid=en_gb,https://tickets.hotcinema.co.il/site/1181/tickets?code=1181-38217&languageid=he_IL,Regular,2D,,,2026-07-27,2026,,,172,14+,Nahariya,Hot Cinema,574
22:15,American Hina,חינה אמריקאית,https://tickets.hotcinema.co.il/site/1181/tickets?code=1181-38225&languageid=en_gb,https://tickets.hotcinema.co.il/site/1181/tickets?code=1181-38225&languageid=he_IL,Regular,2D,,,2026-07-27,2026,,,100,All,Nahariya,Hot Cinema,574
12:20,MASHA and THE BEAR – WONDER PARK,מאשה והדוב – ההרפתקה הגדולה,https://tickets.hotcinema.co.il/site/1181/tickets?code=1181-38218&languageid=en_gb,https://tickets.hotcinema.co.il/site/1181/tickets?code=1181-38218&languageid=he_IL,Regular,2D,,Hebrew,2026-07-27,2026,,,73,All,Nahariya,Hot Cinema,574
21:45,Moana (Live Action),מואנה לייב אקשן,https://tickets.hotcinema.co.il/site/1181/tickets?code=1181-38214&languageid=en_gb,https://tickets.hotcinema.co.il/site/1181/tickets?code=1181-38214&languageid=he_IL,Regular,2D,,,2026-07-27,2026,,,115,All,Nahariya,Hot Cinema,574
18:20,Moana (Live Action),מואנה לייב אקשן,https://tickets.hotcinema.co.il/site/1181/tickets?code=1181-38205&languageid=en_gb,https://tickets.hotcinema.co.il/site/1181/tickets?code=1181-38205&languageid=he_IL,Regular,2D,,Hebrew,2026-07-27,2026,,,115,All,Nahariya,Hot Cinema,574
11:40,Minions & Monsters,מיניונים ומפלצות,https://tickets.hotcinema.co.il/site/1181/tickets?code=1181-38219&languageid=en_gb,https://tickets.hotcinema.co.il/site/1181/tickets?code=1181-38219&languageid=he_IL,Regular,2D,,Hebrew,2026-07-27,2026,,,90,All,Nahariya,Hot Cinema,574
13:45,Minions & Monsters,מיניונים ומפלצות,https://tickets.hotcinema.co.il/site/1181/tickets?code=1181-38207&languageid=en_gb,https://tickets.hotcinema.co.il/site/1181/tickets?code=1181-38207&languageid=he_IL,Regular,2D,,Hebrew,2026-07-27,2026,,,90,All,Nahariya,Hot Cinema,574
15:50,Minions & Monsters,מיניונים ומפלצות,https://tickets.hotcinema.co.il/site/1181/tickets?code=1181-38206&languageid=en_gb,https://tickets.hotcinema.co.il/site/1181/tickets?code=1181-38206&languageid=he_IL,Regular,2D,,Hebrew,2026-07-27,2026,,,90,All,Nahariya,Hot Cinema,574
17:20,Minions & Monsters,מיניונים ומפלצות,https://tickets.hotcinema.co.il/site/1181/tickets?code=1181-38210&languageid=en_gb,https://tickets.hotcinema.co.il/site/1181/tickets?code=1181-38210&languageid=he_IL,Regular,2D,,Hebrew,2026-07-27,2026,,,90,All,Nahariya,Hot Cinema,574
10:40,Saltiz,סולטיז הסרט - וולוג ה-100,https://tickets.hotcinema.co.il/site/1181/tickets?code=1181-38223&languageid=en_gb,https://tickets.hotcinema.co.il/site/1181/tickets?code=1181-38223&languageid=he_IL,Regular,2D,,,2026-07-27,2026,,,100,All,Nahariya,Hot Cinema,574
13:00,Saltiz,סולטיז הסרט - וולוג ה-100,https://tickets.hotcinema.co.il/site/1181/tickets?code=1181-38222&languageid=en_gb,https://tickets.hotcinema.co.il/site/1181/tickets?code=1181-38222&languageid=he_IL,Regular,2D,,,2026-07-27,2026,,,100,All,Nahariya,Hot Cinema,574
15:20,Saltiz,סולטיז הסרט - וולוג ה-100,https://tickets.hotcinema.co.il/site/1181/tickets?code=1181-38221&languageid=en_gb,https://tickets.hotcinema.co.il/site/1181/tickets?code=1181-38221&languageid=he_IL,Regular,2D,,,2026-07-27,2026,,,100,All,Nahariya,Hot Cinema,574
17:40,Saltiz,סולטיז הסרט - וולוג ה-100,https://tickets.hotcinema.co.il/site/1181/tickets?code=1181-38220&languageid=en_gb,https://tickets.hotcinema.co.il/site/1181/tickets?code=1181-38220&languageid=he_IL,Regular,2D,,,2026-07-27,2026,,,100,All,Nahariya,Hot Cinema,574
10:25,Toy Story 5,צעצוע של סיפור 5,https://tickets.hotcinema.co.il/site/1181/tickets?code=1181-38228&languageid=en_gb,https://tickets.hotcinema.co.il/site/1181/tickets?code=1181-38228&languageid=he_IL,Regular,2D,,Hebrew,2026-07-27,2026,,,102,All,Nahariya,Hot Cinema,574
12:45,Toy Story 5,צעצוע של סיפור 5,https://tickets.hotcinema.co.il/site/1181/tickets?code=1181-38212&languageid=en_gb,https://tickets.hotcinema.co.il/site/1181/tickets?code=1181-38212&languageid=he_IL,Regular,2D,,Hebrew,2026-07-27,2026,,,102,All,Nahariya,Hot Cinema,574
15:05,קופה ראשית: הסרט,קופה ראשית: הסרט,https://tickets.hotcinema.co.il/site/1181/tickets?code=1181-38224&languageid=en_gb,https://tickets.hotcinema.co.il/site/1181/tickets?code=1181-38224&languageid=he_IL,Regular,2D,,,2026-07-27,2026,,,91,All,Nahariya,Hot Cinema,574
20:00,קופה ראשית: הסרט,קופה ראשית: הסרט,https://tickets.hotcinema.co.il/site/1181/tickets?code=1181-38226&languageid=en_gb,https://tickets.hotcinema.co.il/site/1181/tickets?code=1181-38226&languageid=he_IL,Regular,2D,,,2026-07-27,2026,,,91,All,Nahariya,Hot Cinema,574
21:35,קופה ראשית: הסרט,קופה ראשית: הסרט,https://tickets.hotcinema.co.il/site/1181/tickets?code=1181-38216&languageid=en_gb,https://tickets.hotcinema.co.il/site/1181/tickets?code=1181-38216&languageid=he_IL,Regular,2D,,,2026-07-27,2026,,,91,All,Nahariya,Hot Cinema,574
19:30,Dream High,תיכון מגשימים,https://tickets.hotcinema.co.il/site/1181/tickets?code=1181-38213&languageid=en_gb,https://tickets.hotcinema.co.il/site/1181/tickets?code=1181-38213&languageid=he_IL,Regular,2D,,,2026-07-27,2026,,,100,12+,Nahariya,Hot Cinema,574
15:05,The Odyssey,האודיסאה,https://tickets.hotcinema.co.il/site/1181/tickets?code=1181-38313&languageid=en_gb,https://tickets.hotcinema.co.il/site/1181/tickets?code=1181-38313&languageid=he_IL,Regular,2D,,,2026-07-28,2026,,,172,14+,Nahariya,Hot Cinema,574
18:45,The Odyssey,האודיסאה,https://tickets.hotcinema.co.il/site/1181/tickets?code=1181-38308&languageid=en_gb,https://tickets.hotcinema.co.il/site/1181/tickets?code=1181-38308&languageid=he_IL,Regular,2D,,,2026-07-28,2026,,,172,14+,Nahariya,Hot Cinema,574
20:45,The Odyssey,האודיסאה,https://tickets.hotcinema.co.il/site/1181/tickets?code=1181-38330&languageid=en_gb,https://tickets.hotcinema.co.il/site/1181/tickets?code=1181-38330&languageid=he_IL,Regular,2D,,,2026-07-28,2026,,,172,14+,Nahariya,Hot Cinema,574
22:10,American Hina,חינה אמריקאית,https://tickets.hotcinema.co.il/site/1181/tickets?code=1181-38323&languageid=en_gb,https://tickets.hotcinema.co.il/site/1181/tickets?code=1181-38323&languageid=he_IL,Regular,2D,,,2026-07-28,2026,,,100,All,Nahariya,Hot Cinema,574
11:00,Tafiti: Across the Desert,טפיטי: הרפתקה במדבר,https://tickets.hotcinema.co.il/site/1181/tickets?code=1181-38315&languageid=en_gb,https://tickets.hotcinema.co.il/site/1181/tickets?code=1181-38315&languageid=he_IL,Regular,2D,,,2026-07-28,,,,81,הגבלת גיל: עד גיל 8 בליווי מבוגר,Nahariya,Hot Cinema,574
21:15,One night only,"טרום בכורה בט""ו באב - לגמור את הלילה",https://tickets.hotcinema.co.il/site/1181/tickets?code=1181-38319&languageid=en_gb,https://tickets.hotcinema.co.il/site/1181/tickets?code=1181-38319&languageid=he_IL,Regular,2D,,,2026-07-28,2026,,,102,14+,Nahariya,Hot Cinema,574
12:15,כי את מכוערת,כי את מכוערת,https://tickets.hotcinema.co.il/site/1181/tickets?code=1181-38325&languageid=en_gb,https://tickets.hotcinema.co.il/site/1181/tickets?code=1181-38325&languageid=he_IL,Regular,2D,,,2026-07-28,2025,,,83,12+,Nahariya,Hot Cinema,574
13:00,מאמא,מאמא,https://tickets.hotcinema.co.il/site/1181/tickets?code=1181-38324&languageid=en_gb,https://tickets.hotcinema.co.il/site/1181/tickets?code=1181-38324&languageid=he_IL,Regular,2D,,,2026-07-28,2026,,,92,12+,Nahariya,Hot Cinema,574
18:55,The ties that bind us,מה שמחבר בינינו,https://tickets.hotcinema.co.il/site/1181/tickets?code=1181-38321&languageid=en_gb,https://tickets.hotcinema.co.il/site/1181/tickets?code=1181-38321&languageid=he_IL,Regular,2D,,,2026-07-28,2024,,,106,All,Nahariya,Hot Cinema,574
16:30,Moana (Live Action),מואנה לייב אקשן,https://tickets.hotcinema.co.il/site/1181/tickets?code=1181-38309&languageid=en_gb,https://tickets.hotcinema.co.il/site/1181/tickets?code=1181-38309&languageid=he_IL,Regular,2D,,Hebrew,2026-07-28,2026,,,115,All,Nahariya,Hot Cinema,574
10:15,Minions & Monsters,מיניונים ומפלצות,https://tickets.hotcinema.co.il/site/1181/tickets?code=1181-38331&languageid=en_gb,https://tickets.hotcinema.co.il/site/1181/tickets?code=1181-38331&languageid=he_IL,Regular,2D,,Hebrew,2026-07-28,2026,,,90,All,Nahariya,Hot Cinema,574
12:20,Minions & Monsters,מיניונים ומפלצות,https://tickets.hotcinema.co.il/site/1181/tickets?code=1181-38312&languageid=en_gb,https://tickets.hotcinema.co.il/site/1181/tickets?code=1181-38312&languageid=he_IL,Regular,2D,,Hebrew,2026-07-28,2026,,,90,All,Nahariya,Hot Cinema,574
14:35,Minions & Monsters,מיניונים ומפלצות,https://tickets.hotcinema.co.il/site/1181/tickets?code=1181-38311&languageid=en_gb,https://tickets.hotcinema.co.il/site/1181/tickets?code=1181-38311&languageid=he_IL,Regular,2D,,Hebrew,2026-07-28,2026,,,90,All,Nahariya,Hot Cinema,574
16:40,Minions & Monsters,מיניונים ומפלצות,https://tickets.hotcinema.co.il/site/1181/tickets?code=1181-38310&languageid=en_gb,https://tickets.hotcinema.co.il/site/1181/tickets?code=1181-38310&languageid=he_IL,Regular,2D,,Hebrew,2026-07-28,2026,,,90,All,Nahariya,Hot Cinema,574
10:35,Saltiz,סולטיז הסרט - וולוג ה-100,https://tickets.hotcinema.co.il/site/1181/tickets?code=1181-38329&languageid=en_gb,https://tickets.hotcinema.co.il/site/1181/tickets?code=1181-38329&languageid=he_IL,Regular,2D,,,2026-07-28,2026,,,100,All,Nahariya,Hot Cinema,574
12:55,Saltiz,סולטיז הסרט - וולוג ה-100,https://tickets.hotcinema.co.il/site/1181/tickets?code=1181-38328&languageid=en_gb,https://tickets.hotcinema.co.il/site/1181/tickets?code=1181-38328&languageid=he_IL,Regular,2D,,,2026-07-28,2026,,,100,All,Nahariya,Hot Cinema,574
15:15,Saltiz,סולטיז הסרט - וולוג ה-100,https://tickets.hotcinema.co.il/site/1181/tickets?code=1181-38327&languageid=en_gb,https://tickets.hotcinema.co.il/site/1181/tickets?code=1181-38327&languageid=he_IL,Regular,2D,,,2026-07-28,2026,,,100,All,Nahariya,Hot Cinema,574
17:35,Saltiz,סולטיז הסרט - וולוג ה-100,https://tickets.hotcinema.co.il/site/1181/tickets?code=1181-38326&languageid=en_gb,https://tickets.hotcinema.co.il/site/1181/tickets?code=1181-38326&languageid=he_IL,Regular,2D,,,2026-07-28,2026,,,100,All,Nahariya,Hot Cinema,574
14:10,Toy Story 5,צעצוע של סיפור 5,https://tickets.hotcinema.co.il/site/1181/tickets?code=1181-38320&languageid=en_gb,https://tickets.hotcinema.co.il/site/1181/tickets?code=1181-38320&languageid=he_IL,Regular,2D,,Hebrew,2026-07-28,2026,,,102,All,Nahariya,Hot Cinema,574
17:25,קופה ראשית: הסרט,קופה ראשית: הסרט,https://tickets.hotcinema.co.il/site/1181/tickets?code=1181-38316&languageid=en_gb,https://tickets.hotcinema.co.il/site/1181/tickets?code=1181-38316&languageid=he_IL,Regular,2D,,,2026-07-28,2026,,,91,All,Nahariya,Hot Cinema,574
19:55,קופה ראשית: הסרט,קופה ראשית: הסרט,https://tickets.hotcinema.co.il/site/1181/tickets?code=1181-38322&languageid=en_gb,https://tickets.hotcinema.co.il/site/1181/tickets?code=1181-38322&languageid=he_IL,Regular,2D,,,2026-07-28,2026,,,91,All,Nahariya,Hot Cinema,574
22:20,קופה ראשית: הסרט,קופה ראשית: הסרט,https://tickets.hotcinema.co.il/site/1181/tickets?code=1181-38318&languageid=en_gb,https://tickets.hotcinema.co.il/site/1181/tickets?code=1181-38318&languageid=he_IL,Regular,2D,,,2026-07-28,2026,,,91,All,Nahariya,Hot Cinema,574
21:50,One night only,"טרום בכורה בט""ו באב - לגמור את הלילה",https://tickets.hotcinema.co.il/site/1181/tickets?code=1181-38262&languageid=en_gb,https://tickets.hotcinema.co.il/site/1181/tickets?code=1181-38262&languageid=he_IL,Regular,2D,,,2026-07-29,2026,,,102,14+,Nahariya,Hot Cinema,574
10:55,Minions & Monsters,מיניונים ומפלצות,https://tickets.hotcinema.co.il/site/1181/tickets?code=1181-38258&languageid=en_gb,https://tickets.hotcinema.co.il/site/1181/tickets?code=1181-38258&languageid=he_IL,Regular,2D,,Hebrew,2026-07-29,2026,,,90,All,Nahariya,Hot Cinema,574
14:55,Minions & Monsters,מיניונים ומפלצות,https://tickets.hotcinema.co.il/site/1181/tickets?code=1181-38261&languageid=en_gb,https://tickets.hotcinema.co.il/site/1181/tickets?code=1181-38261&languageid=he_IL,Regular,2D,,Hebrew,2026-07-29,2026,,,90,All,Nahariya,Hot Cinema,574
11:50,Saltiz,סולטיז הסרט - וולוג ה-100,https://tickets.hotcinema.co.il/site/1181/tickets?code=1181-38358&languageid=en_gb,https://tickets.hotcinema.co.il/site/1181/tickets?code=1181-38358&languageid=he_IL,Regular,2D,,,2026-07-29,2026,,,100,All,Nahariya,Hot Cinema,574
14:10,Saltiz,סולטיז הסרט - וולוג ה-100,https://tickets.hotcinema.co.il/site/1181/tickets?code=1181-38359&languageid=en_gb,https://tickets.hotcinema.co.il/site/1181/tickets?code=1181-38359&languageid=he_IL,Regular,2D,,,2026-07-29,2026,,,100,All,Nahariya,Hot Cinema,574
16:40,Saltiz,סולטיז הסרט - וולוג ה-100,https://tickets.hotcinema.co.il/site/1181/tickets?code=1181-38360&languageid=en_gb,https://tickets.hotcinema.co.il/site/1181/tickets?code=1181-38360&languageid=he_IL,Regular,2D,,,2026-07-29,2026,,,100,All,Nahariya,Hot Cinema,574
11:15,Spider-Man: Brand new day,ספיידרמן: יום חדש,https://tickets.hotcinema.co.il/site/1181/tickets?code=1181-36527&languageid=en_gb,https://tickets.hotcinema.co.il/site/1181/tickets?code=1181-36527&languageid=he_IL,Regular,2D,,,2026-07-29,2026,,,145,,Nahariya,Hot Cinema,574
13:10,Spider-Man: Brand new day,ספיידרמן: יום חדש,https://tickets.hotcinema.co.il/site/1181/tickets?code=1181-38259&languageid=en_gb,https://tickets.hotcinema.co.il/site/1181/tickets?code=1181-38259&languageid=he_IL,Regular,2D,,,2026-07-29,2026,,,145,,Nahariya,Hot Cinema,574
14:25,Spider-Man: Brand new day,ספיידרמן: יום חדש,https://tickets.hotcinema.co.il/site/1181/tickets?code=1181-36526&languageid=en_gb,https://tickets.hotcinema.co.il/site/1181/tickets?code=1181-36526&languageid=he_IL,Regular,2D,,,2026-07-29,2026,,,145,,Nahariya,Hot Cinema,574
16:20,Spider-Man: Brand new day,ספיידרמן: יום חדש,https://tickets.hotcinema.co.il/site/1181/tickets?code=1181-38256&languageid=en_gb,https://tickets.hotcinema.co.il/site/1181/tickets?code=1181-38256&languageid=he_IL,Regular,2D,,,2026-07-29,2026,,,145,,Nahariya,Hot Cinema,574
17:00,Spider-Man: Brand new day,ספיידרמן: יום חדש,https://tickets.hotcinema.co.il/site/1181/tickets?code=1181-38260&languageid=en_gb,https://tickets.hotcinema.co.il/site/1181/tickets?code=1181-38260&languageid=he_IL,Regular,2D,,,2026-07-29,2026,,,145,,Nahariya,Hot Cinema,574
18:50,Spider-Man: Brand new day,ספיידרמן: יום חדש,https://tickets.hotcinema.co.il/site/1181/tickets?code=1181-37990&languageid=en_gb,https://tickets.hotcinema.co.il/site/1181/tickets?code=1181-37990&languageid=he_IL,Regular,2D,,,2026-07-29,2026,,,145,,Nahariya,Hot Cinema,574
19:20,Spider-Man: Brand new day,ספיידרמן: יום חדש,https://tickets.hotcinema.co.il/site/1181/tickets?code=1181-38355&languageid=en_gb,https://tickets.hotcinema.co.il/site/1181/tickets?code=1181-38355&languageid=he_IL,Regular,2D,,,2026-07-29,2026,,,145,,Nahariya,Hot Cinema,574
20:10,Spider-Man: Brand new day,ספיידרמן: יום חדש,https://tickets.hotcinema.co.il/site/1181/tickets?code=1181-37325&languageid=en_gb,https://tickets.hotcinema.co.il/site/1181/tickets?code=1181-37325&languageid=he_IL,Regular,2D,,,2026-07-29,2026,,,145,,Nahariya,Hot Cinema,574
21:50,Spider-Man: Brand new day,ספיידרמן: יום חדש,https://tickets.hotcinema.co.il/site/1181/tickets?code=1181-36524&languageid=en_gb,https://tickets.hotcinema.co.il/site/1181/tickets?code=1181-36524&languageid=he_IL,Regular,2D,,,2026-07-29,2026,,,145,,Nahariya,Hot Cinema,574
22:20,Spider-Man: Brand new day,ספיידרמן: יום חדש,https://tickets.hotcinema.co.il/site/1181/tickets?code=1181-38356&languageid=en_gb,https://tickets.hotcinema.co.il/site/1181/tickets?code=1181-38356&languageid=he_IL,Regular,2D,,,2026-07-29,2026,,,145,,Nahariya,Hot Cinema,574
10:15,Toy Story 5,צעצוע של סיפור 5,https://tickets.hotcinema.co.il/site/1181/tickets?code=1181-38263&languageid=en_gb,https://tickets.hotcinema.co.il/site/1181/tickets?code=1181-38263&languageid=he_IL,Regular,2D,,Hebrew,2026-07-29,2026,,,102,All,Nahariya,Hot Cinema,574
12:35,Toy Story 5,צעצוע של סיפור 5,https://tickets.hotcinema.co.il/site/1181/tickets?code=1181-38257&languageid=en_gb,https://tickets.hotcinema.co.il/site/1181/tickets?code=1181-38257&languageid=he_IL,Regular,2D,,Hebrew,2026-07-29,2026,,,102,All,Nahariya,Hot Cinema,574
20:45,The Odyssey,האודיסאה,https://tickets.hotcinema.co.il/site/1181/tickets?code=1181-38392&languageid=en_gb,https://tickets.hotcinema.co.il/site/1181/tickets?code=1181-38392&languageid=he_IL,Regular,2D,,,2026-07-30,2026,,,172,14+,Nahariya,Hot Cinema,574
16:45,Minions & Monsters,מיניונים ומפלצות,https://tickets.hotcinema.co.il/site/1181/tickets?code=1181-38391&languageid=en_gb,https://tickets.hotcinema.co.il/site/1181/tickets?code=1181-38391&languageid=he_IL,Regular,2D,,Hebrew,2026-07-30,2026,,,90,All,Nahariya,Hot Cinema,574
17:30,Edward Scissorhands,סינמה נוסטלגיה - המספריים של אדוארד,https://tickets.hotcinema.co.il/site/1181/tickets?code=1181-36237&languageid=en_gb,https://tickets.hotcinema.co.il/site/1181/tickets?code=1181-36237&languageid=he_IL,Not Just Cinema,2D,,,2026-07-30,1990,,,105,All,Nahariya,Hot Cinema,574
11:50,Spider-Man: Brand new day,ספיידרמן: יום חדש,https://tickets.hotcinema.co.il/site/1181/tickets?code=1181-36535&languageid=en_gb,https://tickets.hotcinema.co.il/site/1181/tickets?code=1181-36535&languageid=he_IL,Regular,2D,,,2026-07-30,2026,,,145,,Nahariya,Hot Cinema,574
14:55,Spider-Man: Brand new day,ספיידרמן: יום חדש,https://tickets.hotcinema.co.il/site/1181/tickets?code=1181-36534&languageid=en_gb,https://tickets.hotcinema.co.il/site/1181/tickets?code=1181-36534&languageid=he_IL,Regular,2D,,,2026-07-30,2026,,,145,,Nahariya,Hot Cinema,574
18:15,Spider-Man: Brand new day,ספיידרמן: יום חדש,https://tickets.hotcinema.co.il/site/1181/tickets?code=1181-36533&languageid=en_gb,https://tickets.hotcinema.co.il/site/1181/tickets?code=1181-36533&languageid=he_IL,Regular,2D,,,2026-07-30,2026,,,145,,Nahariya,Hot Cinema,574
21:35,Spider-Man: Brand new day,ספיידרמן: יום חדש,https://tickets.hotcinema.co.il/site/1181/tickets?code=1181-36532&languageid=en_gb,https://tickets.hotcinema.co.il/site/1181/tickets?code=1181-36532&languageid=he_IL,Regular,2D,,,2026-07-30,2026,,,145,,Nahariya,Hot Cinema,574
20:45,The Odyssey,האודיסאה,https://tickets.hotcinema.co.il/site/1181/tickets?code=1181-38390&languageid=en_gb,https://tickets.hotcinema.co.il/site/1181/tickets?code=1181-38390&languageid=he_IL,Regular,2D,,,2026-07-31,2026,,,172,14+,Nahariya,Hot Cinema,574
16:45,Minions & Monsters,מיניונים ומפלצות,https://tickets.hotcinema.co.il/site/1181/tickets?code=1181-38389&languageid=en_gb,https://tickets.hotcinema.co.il/site/1181/tickets?code=1181-38389&languageid=he_IL,Regular,2D,,Hebrew,2026-07-31,2026,,,90,All,Nahariya,Hot Cinema,574
11:50,Spider-Man: Brand new day,ספיידרמן: יום חדש,https://tickets.hotcinema.co.il/site/1181/tickets?code=1181-36531&languageid=en_gb,https://tickets.hotcinema.co.il/site/1181/tickets?code=1181-36531&languageid=he_IL,Regular,2D,,,2026-07-31,2026,,,145,,Nahariya,Hot Cinema,574
14:55,Spider-Man: Brand new day,ספיידרמן: יום חדש,https://tickets.hotcinema.co.il/site/1181/tickets?code=1181-36530&languageid=en_gb,https://tickets.hotcinema.co.il/site/1181/tickets?code=1181-36530&languageid=he_IL,Regular,2D,,,2026-07-31,2026,,,145,,Nahariya,Hot Cinema,574
18:15,Spider-Man: Brand new day,ספיידרמן: יום חדש,https://tickets.hotcinema.co.il/site/1181/tickets?code=1181-36529&languageid=en_gb,https://tickets.hotcinema.co.il/site/1181/tickets?code=1181-36529&languageid=he_IL,Regular,2D,,,2026-07-31,2026,,,145,,Nahariya,Hot Cinema,574
21:35,Spider-Man: Brand new day,ספיידרמן: יום חדש,https://tickets.hotcinema.co.il/site/1181/tickets?code=1181-36528&languageid=en_gb,https://tickets.hotcinema.co.il/site/1181/tickets?code=1181-36528&languageid=he_IL,Regular,2D,,,2026-07-31,2026,,,145,,Nahariya,Hot Cinema,574
20:45,The Odyssey,האודיסאה,https://tickets.hotcinema.co.il/site/1181/tickets?code=1181-38384&languageid=en_gb,https://tickets.hotcinema.co.il/site/1181/tickets?code=1181-38384&languageid=he_IL,Regular,2D,,,2026-08-01,2026,,,172,14+,Nahariya,Hot Cinema,574
16:40,Minions & Monsters,מיניונים ומפלצות,https://tickets.hotcinema.co.il/site/1181/tickets?code=1181-38383&languageid=en_gb,https://tickets.hotcinema.co.il/site/1181/tickets?code=1181-38383&languageid=he_IL,Regular,2D,,Hebrew,2026-08-01,2026,,,90,All,Nahariya,Hot Cinema,574
12:30,Spider-Man: Brand new day,ספיידרמן: יום חדש,https://tickets.hotcinema.co.il/site/1181/tickets?code=1181-36523&languageid=en_gb,https://tickets.hotcinema.co.il/site/1181/tickets?code=1181-36523&languageid=he_IL,Regular,2D,,,2026-08-01,2026,,,145,,Nahariya,Hot Cinema,574
15:30,Spider-Man: Brand new day,ספיידרמן: יום חדש,https://tickets.hotcinema.co.il/site/1181/tickets?code=1181-36522&languageid=en_gb,https://tickets.hotcinema.co.il/site/1181/tickets?code=1181-36522&languageid=he_IL,Regular,2D,,,2026-08-01,2026,,,145,,Nahariya,Hot Cinema,574
18:30,Spider-Man: Brand new day,ספיידרמן: יום חדש,https://tickets.hotcinema.co.il/site/1181/tickets?code=1181-36521&languageid=en_gb,https://tickets.hotcinema.co.il/site/1181/tickets?code=1181-36521&languageid=he_IL,Regular,2D,,,2026-08-01,2026,,,145,,Nahariya,Hot Cinema,574
21:35,Spider-Man: Brand new day,ספיידרמן: יום חדש,https://tickets.hotcinema.co.il/site/1181/tickets?code=1181-36520&languageid=en_gb,https://tickets.hotcinema.co.il/site/1181/tickets?code=1181-36520&languageid=he_IL,Regular,2D,,,2026-08-01,2026,,,145,,Nahariya,Hot Cinema,574
17:30,WALL·E,סינמה נוסטלגיה - וול-E,https://tickets.hotcinema.co.il/site/1181/tickets?code=1181-36537&languageid=en_gb,https://tickets.hotcinema.co.il/site/1181/tickets?code=1181-36537&languageid=he_IL,Not Just Cinema,2D,,Hebrew,2026-08-06,2008,,,98,All,Nahariya,Hot Cinema,574
20:00,Superman - 1978,סינמה נוסטלגיה - סופרמן 1978,https://tickets.hotcinema.co.il/site/1181/tickets?code=1181-36910&languageid=en_gb,https://tickets.hotcinema.co.il/site/1181/tickets?code=1181-36910&languageid=he_IL,Not Just Cinema,2D,,,2026-08-13,1978,,,143,,Nahariya,Hot Cinema,574
20:00,Superman 2 The Richard Donner Cut,סינמה נוסטלגיה - סופרמן 2 גרסת הבמאי,https://tickets.hotcinema.co.il/site/1181/tickets?code=1181-37327&languageid=en_gb,https://tickets.hotcinema.co.il/site/1181/tickets?code=1181-37327&languageid=he_IL,Not Just Cinema,2D,,,2026-08-20,2006,,,116,All,Nahariya,Hot Cinema,574
17:30,Tangled,סינמה נוסטלגיה - פלונטר,https://tickets.hotcinema.co.il/site/1181/tickets?code=1181-37329&languageid=en_gb,https://tickets.hotcinema.co.il/site/1181/tickets?code=1181-37329&languageid=he_IL,Not Just Cinema,2D,,Hebrew,2026-08-27,2010,,,100,All,Nahariya,Hot Cinema,574
17:30,Tangled,סינמה נוסטלגיה - פלונטר,https://tickets.hotcinema.co.il/site/1181/tickets?code=1181-37330&languageid=en_gb,https://tickets.hotcinema.co.il/site/1181/tickets?code=1181-37330&languageid=he_IL,Not Just Cinema,2D,,Hebrew,2026-08-28,2010,,,100,All,Nahariya,Hot Cinema,574
17:30,Tangled,סינמה נוסטלגיה - פלונטר,https://tickets.hotcinema.co.il/site/1181/tickets?code=1181-37331&languageid=en_gb,https://tickets.hotcinema.co.il/site/1181/tickets?code=1181-37331&languageid=he_IL,Not Just Cinema,2D,,Hebrew,2026-08-29,2010,,,100,All,Nahariya,Hot Cinema,574
20:00,Obsession,אובססיה,https://tickets.hotcinema.co.il/site/1193/tickets?code=1193-76802&languageid=en_gb,https://tickets.hotcinema.co.il/site/1193/tickets?code=1193-76802&languageid=he_IL,Regular,2D,,,2026-07-26,2026,,,108,14+,Ashkelon,Hot Cinema,574
22:20,Obsession,אובססיה,https://tickets.hotcinema.co.il/site/1193/tickets?code=1193-76784&languageid=en_gb,https://tickets.hotcinema.co.il/site/1193/tickets?code=1193-76784&languageid=he_IL,Regular,2D,,,2026-07-26,2026,,,108,14+,Ashkelon,Hot Cinema,574
16:50,The Odyssey,האודיסאה,https://tickets.hotcinema.co.il/site/1193/tickets?code=1193-76794&languageid=en_gb,https://tickets.hotcinema.co.il/site/1193/tickets?code=1193-76794&languageid=he_IL,Regular,2D,,,2026-07-26,2026,,,172,14+,Ashkelon,Hot Cinema,574
19:00,The Odyssey,האודיסאה,https://tickets.hotcinema.co.il/site/1193/tickets?code=1193-76798&languageid=en_gb,https://tickets.hotcinema.co.il/site/1193/tickets?code=1193-76798&languageid=he_IL,Regular,2D,,,2026-07-26,2026,,,172,14+,Ashkelon,Hot Cinema,574
20:10,The Odyssey,האודיסאה,https://tickets.hotcinema.co.il/site/1193/tickets?code=1193-76796&languageid=en_gb,https://tickets.hotcinema.co.il/site/1193/tickets?code=1193-76796&languageid=he_IL,Regular,2D,,,2026-07-26,2026,,,172,14+,Ashkelon,Hot Cinema,574
21:30,The Odyssey,האודיסאה,https://tickets.hotcinema.co.il/site/1193/tickets?code=1193-76795&languageid=en_gb,https://tickets.hotcinema.co.il/site/1193/tickets?code=1193-76795&languageid=he_IL,Regular,2D,,,2026-07-26,2026,,,172,14+,Ashkelon,Hot Cinema,574
22:30,The Odyssey,האודיסאה,https://tickets.hotcinema.co.il/site/1193/tickets?code=1193-76799&languageid=en_gb,https://tickets.hotcinema.co.il/site/1193/tickets?code=1193-76799&languageid=he_IL,Regular,2D,,,2026-07-26,2026,,,172,14+,Ashkelon,Hot Cinema,574
19:15,American Hina,חינה אמריקאית,https://tickets.hotcinema.co.il/site/1193/tickets?code=1193-76783&languageid=en_gb,https://tickets.hotcinema.co.il/site/1193/tickets?code=1193-76783&languageid=he_IL,Regular,2D,,,2026-07-26,2026,,,100,All,Ashkelon,Hot Cinema,574
10:45,Tafiti: Across the Desert,טפיטי: הרפתקה במדבר,https://tickets.hotcinema.co.il/site/1193/tickets?code=1193-76773&languageid=en_gb,https://tickets.hotcinema.co.il/site/1193/tickets?code=1193-76773&languageid=he_IL,Regular,2D,,,2026-07-26,,,,81,הגבלת גיל: עד גיל 8 בליווי מבוגר,Ashkelon,Hot Cinema,574
12:45,Tafiti: Across the Desert,טפיטי: הרפתקה במדבר,https://tickets.hotcinema.co.il/site/1193/tickets?code=1193-76768&languageid=en_gb,https://tickets.hotcinema.co.il/site/1193/tickets?code=1193-76768&languageid=he_IL,Regular,2D,,,2026-07-26,,,,81,הגבלת גיל: עד גיל 8 בליווי מבוגר,Ashkelon,Hot Cinema,574
14:50,Tafiti: Across the Desert,טפיטי: הרפתקה במדבר,https://tickets.hotcinema.co.il/site/1193/tickets?code=1193-76775&languageid=en_gb,https://tickets.hotcinema.co.il/site/1193/tickets?code=1193-76775&languageid=he_IL,Regular,2D,,,2026-07-26,,,,81,הגבלת גיל: עד גיל 8 בליווי מבוגר,Ashkelon,Hot Cinema,574
18:00,כי את מכוערת,כי את מכוערת,https://tickets.hotcinema.co.il/site/1193/tickets?code=1193-76811&languageid=en_gb,https://tickets.hotcinema.co.il/site/1193/tickets?code=1193-76811&languageid=he_IL,Regular,2D,,,2026-07-26,2025,,,83,12+,Ashkelon,Hot Cinema,574
11:40,Moana (Live Action),מואנה לייב אקשן,https://tickets.hotcinema.co.il/site/1193/tickets?code=1193-76785&languageid=en_gb,https://tickets.hotcinema.co.il/site/1193/tickets?code=1193-76785&languageid=he_IL,Regular,2D,,Hebrew,2026-07-26,2026,,,115,All,Ashkelon,Hot Cinema,574
14:10,Moana (Live Action),מואנה לייב אקשן,https://tickets.hotcinema.co.il/site/1193/tickets?code=1193-76786&languageid=en_gb,https://tickets.hotcinema.co.il/site/1193/tickets?code=1193-76786&languageid=he_IL,Regular,2D,,Hebrew,2026-07-26,2026,,,115,All,Ashkelon,Hot Cinema,574
16:40,Moana (Live Action),מואנה לייב אקשן,https://tickets.hotcinema.co.il/site/1193/tickets?code=1193-76787&languageid=en_gb,https://tickets.hotcinema.co.il/site/1193/tickets?code=1193-76787&languageid=he_IL,Regular,2D,,Hebrew,2026-07-26,2026,,,115,All,Ashkelon,Hot Cinema,574
22:20,EVIL DEAD BURN,מוות אכזרי אש,https://tickets.hotcinema.co.il/site/1193/tickets?code=1193-76797&languageid=en_gb,https://tickets.hotcinema.co.il/site/1193/tickets?code=1193-76797&languageid=he_IL,Regular,2D,,,2026-07-26,2026,,,110,הגבלת גיל: הותר מגיל 18 בהצגת תעודה מזהה,Ashkelon,Hot Cinema,574
11:00,Minions & Monsters,מיניונים ומפלצות,https://tickets.hotcinema.co.il/site/1193/tickets?code=1193-76790&languageid=en_gb,https://tickets.hotcinema.co.il/site/1193/tickets?code=1193-76790&languageid=he_IL,Regular,2D,,Hebrew,2026-07-26,2026,,,90,All,Ashkelon,Hot Cinema,574
13:10,Minions & Monsters,מיניונים ומפלצות,https://tickets.hotcinema.co.il/site/1193/tickets?code=1193-76791&languageid=en_gb,https://tickets.hotcinema.co.il/site/1193/tickets?code=1193-76791&languageid=he_IL,Regular,2D,,Hebrew,2026-07-26,2026,,,90,All,Ashkelon,Hot Cinema,574
15:15,Minions & Monsters,מיניונים ומפלצות,https://tickets.hotcinema.co.il/site/1193/tickets?code=1193-76792&languageid=en_gb,https://tickets.hotcinema.co.il/site/1193/tickets?code=1193-76792&languageid=he_IL,Regular,2D,,Hebrew,2026-07-26,2026,,,90,All,Ashkelon,Hot Cinema,574
17:20,Minions & Monsters,מיניונים ומפלצות,https://tickets.hotcinema.co.il/site/1193/tickets?code=1193-76793&languageid=en_gb,https://tickets.hotcinema.co.il/site/1193/tickets?code=1193-76793&languageid=he_IL,Regular,2D,,Hebrew,2026-07-26,2026,,,90,All,Ashkelon,Hot Cinema,574
10:30,School of Magical Animals,סוד החיות הקסומות 3,https://tickets.hotcinema.co.il/site/1193/tickets?code=1193-76801&languageid=en_gb,https://tickets.hotcinema.co.il/site/1193/tickets?code=1193-76801&languageid=he_IL,Regular,2D,,Hebrew,2026-07-26,2024,,,105,All,Ashkelon,Hot Cinema,574
12:50,School of Magical Animals,סוד החיות הקסומות 3,https://tickets.hotcinema.co.il/site/1193/tickets?code=1193-76769&languageid=en_gb,https://tickets.hotcinema.co.il/site/1193/tickets?code=1193-76769&languageid=he_IL,Regular,2D,,Hebrew,2026-07-26,2024,,,105,All,Ashkelon,Hot Cinema,574
15:10,School of Magical Animals,סוד החיות הקסומות 3,https://tickets.hotcinema.co.il/site/1193/tickets?code=1193-76770&languageid=en_gb,https://tickets.hotcinema.co.il/site/1193/tickets?code=1193-76770&languageid=he_IL,Regular,2D,,Hebrew,2026-07-26,2024,,,105,All,Ashkelon,Hot Cinema,574
11:00,Saltiz,סולטיז הסרט - וולוג ה-100,https://tickets.hotcinema.co.il/site/1193/tickets?code=1193-76809&languageid=en_gb,https://tickets.hotcinema.co.il/site/1193/tickets?code=1193-76809&languageid=he_IL,Regular,2D,,,2026-07-26,2026,,,100,All,Ashkelon,Hot Cinema,574
13:15,Saltiz,סולטיז הסרט - וולוג ה-100,https://tickets.hotcinema.co.il/site/1193/tickets?code=1193-76808&languageid=en_gb,https://tickets.hotcinema.co.il/site/1193/tickets?code=1193-76808&languageid=he_IL,Regular,2D,,,2026-07-26,2026,,,100,All,Ashkelon,Hot Cinema,574
14:40,Saltiz,סולטיז הסרט - וולוג ה-100,https://tickets.hotcinema.co.il/site/1193/tickets?code=1193-76805&languageid=en_gb,https://tickets.hotcinema.co.il/site/1193/tickets?code=1193-76805&languageid=he_IL,Regular,2D,,,2026-07-26,2026,,,100,All,Ashkelon,Hot Cinema,574
15:30,Saltiz,סולטיז הסרט - וולוג ה-100,https://tickets.hotcinema.co.il/site/1193/tickets?code=1193-76807&languageid=en_gb,https://tickets.hotcinema.co.il/site/1193/tickets?code=1193-76807&languageid=he_IL,Regular,2D,,,2026-07-26,2026,,,100,All,Ashkelon,Hot Cinema,574
16:50,Saltiz,סולטיז הסרט - וולוג ה-100,https://tickets.hotcinema.co.il/site/1193/tickets?code=1193-76804&languageid=en_gb,https://tickets.hotcinema.co.il/site/1193/tickets?code=1193-76804&languageid=he_IL,Regular,2D,,,2026-07-26,2026,,,100,All,Ashkelon,Hot Cinema,574
19:10,Saltiz,סולטיז הסרט - וולוג ה-100,https://tickets.hotcinema.co.il/site/1193/tickets?code=1193-76806&languageid=en_gb,https://tickets.hotcinema.co.il/site/1193/tickets?code=1193-76806&languageid=he_IL,Regular,2D,,,2026-07-26,2026,,,100,All,Ashkelon,Hot Cinema,574
21:30,Supergirl,סופר גירל,https://tickets.hotcinema.co.il/site/1193/tickets?code=1193-76803&languageid=en_gb,https://tickets.hotcinema.co.il/site/1193/tickets?code=1193-76803&languageid=he_IL,Regular,2D,,,2026-07-26,2026,,,107,All,Ashkelon,Hot Cinema,574
10:40,Three Wishes for Cinderella,סינדרלה ושלוש המשאלות,https://tickets.hotcinema.co.il/site/1193/tickets?code=1193-76776&languageid=en_gb,https://tickets.hotcinema.co.il/site/1193/tickets?code=1193-76776&languageid=he_IL,Regular,2D,,Hebrew,2026-07-26,2026,,,85,All,Ashkelon,Hot Cinema,574
12:45,Three Wishes for Cinderella,סינדרלה ושלוש המשאלות,https://tickets.hotcinema.co.il/site/1193/tickets?code=1193-76774&languageid=en_gb,https://tickets.hotcinema.co.il/site/1193/tickets?code=1193-76774&languageid=he_IL,Regular,2D,,Hebrew,2026-07-26,2026,,,85,All,Ashkelon,Hot Cinema,574
14:50,Three Wishes for Cinderella,סינדרלה ושלוש המשאלות,https://tickets.hotcinema.co.il/site/1193/tickets?code=1193-76777&languageid=en_gb,https://tickets.hotcinema.co.il/site/1193/tickets?code=1193-76777&languageid=he_IL,Regular,2D,,Hebrew,2026-07-26,2026,,,85,All,Ashkelon,Hot Cinema,574
10:15,Toy Story 5,צעצוע של סיפור 5,https://tickets.hotcinema.co.il/site/1193/tickets?code=1193-76771&languageid=en_gb,https://tickets.hotcinema.co.il/site/1193/tickets?code=1193-76771&languageid=he_IL,Regular,2D,,Hebrew,2026-07-26,2026,,,102,All,Ashkelon,Hot Cinema,574
12:25,Toy Story 5,צעצוע של סיפור 5,https://tickets.hotcinema.co.il/site/1193/tickets?code=1193-76772&languageid=en_gb,https://tickets.hotcinema.co.il/site/1193/tickets?code=1193-76772&languageid=he_IL,Regular,2D,,Hebrew,2026-07-26,2026,,,102,All,Ashkelon,Hot Cinema,574
14:30,קופה ראשית: הסרט,קופה ראשית: הסרט,https://tickets.hotcinema.co.il/site/1193/tickets?code=1193-76767&languageid=en_gb,https://tickets.hotcinema.co.il/site/1193/tickets?code=1193-76767&languageid=he_IL,Regular,2D,,,2026-07-26,2026,,,91,All,Ashkelon,Hot Cinema,574
19:30,קופה ראשית: הסרט,קופה ראשית: הסרט,https://tickets.hotcinema.co.il/site/1193/tickets?code=1193-76789&languageid=en_gb,https://tickets.hotcinema.co.il/site/1193/tickets?code=1193-76789&languageid=he_IL,Regular,2D,,,2026-07-26,2026,,,91,All,Ashkelon,Hot Cinema,574
20:30,קופה ראשית: הסרט,קופה ראשית: הסרט,https://tickets.hotcinema.co.il/site/1193/tickets?code=1193-76779&languageid=en_gb,https://tickets.hotcinema.co.il/site/1193/tickets?code=1193-76779&languageid=he_IL,Regular,2D,,,2026-07-26,2026,,,91,All,Ashkelon,Hot Cinema,574
21:40,קופה ראשית: הסרט,קופה ראשית: הסרט,https://tickets.hotcinema.co.il/site/1193/tickets?code=1193-76788&languageid=en_gb,https://tickets.hotcinema.co.il/site/1193/tickets?code=1193-76788&languageid=he_IL,Regular,2D,,,2026-07-26,2026,,,91,All,Ashkelon,Hot Cinema,574
22:40,קופה ראשית: הסרט,קופה ראשית: הסרט,https://tickets.hotcinema.co.il/site/1193/tickets?code=1193-76778&languageid=en_gb,https://tickets.hotcinema.co.il/site/1193/tickets?code=1193-76778&languageid=he_IL,Regular,2D,,,2026-07-26,2026,,,91,All,Ashkelon,Hot Cinema,574
17:00,Dream High,תיכון מגשימים,https://tickets.hotcinema.co.il/site/1193/tickets?code=1193-76780&languageid=en_gb,https://tickets.hotcinema.co.il/site/1193/tickets?code=1193-76780&languageid=he_IL,Regular,2D,,,2026-07-26,2026,,,100,12+,Ashkelon,Hot Cinema,574
22:40,Obsession,אובססיה,https://tickets.hotcinema.co.il/site/1193/tickets?code=1193-76658&languageid=en_gb,https://tickets.hotcinema.co.il/site/1193/tickets?code=1193-76658&languageid=he_IL,Regular,2D,,,2026-07-27,2026,,,108,14+,Ashkelon,Hot Cinema,574
19:15,Welcome To The Jungle,ברוכים הבאים לג'ונגל,https://tickets.hotcinema.co.il/site/1193/tickets?code=1193-76685&languageid=en_gb,https://tickets.hotcinema.co.il/site/1193/tickets?code=1193-76685&languageid=he_IL,Regular,2D,,,2026-07-27,2026,,,170,All,Ashkelon,Hot Cinema,574
16:50,The Odyssey,האודיסאה,https://tickets.hotcinema.co.il/site/1193/tickets?code=1193-76667&languageid=en_gb,https://tickets.hotcinema.co.il/site/1193/tickets?code=1193-76667&languageid=he_IL,Regular,2D,,,2026-07-27,2026,,,172,14+,Ashkelon,Hot Cinema,574
19:00,The Odyssey,האודיסאה,https://tickets.hotcinema.co.il/site/1193/tickets?code=1193-76671&languageid=en_gb,https://tickets.hotcinema.co.il/site/1193/tickets?code=1193-76671&languageid=he_IL,Regular,2D,,,2026-07-27,2026,,,172,14+,Ashkelon,Hot Cinema,574
20:15,The Odyssey,האודיסאה,https://tickets.hotcinema.co.il/site/1193/tickets?code=1193-76669&languageid=en_gb,https://tickets.hotcinema.co.il/site/1193/tickets?code=1193-76669&languageid=he_IL,Regular,2D,,,2026-07-27,2026,,,172,14+,Ashkelon,Hot Cinema,574
21:30,The Odyssey,האודיסאה,https://tickets.hotcinema.co.il/site/1193/tickets?code=1193-76668&languageid=en_gb,https://tickets.hotcinema.co.il/site/1193/tickets?code=1193-76668&languageid=he_IL,Regular,2D,,,2026-07-27,2026,,,172,14+,Ashkelon,Hot Cinema,574
22:30,The Odyssey,האודיסאה,https://tickets.hotcinema.co.il/site/1193/tickets?code=1193-76672&languageid=en_gb,https://tickets.hotcinema.co.il/site/1193/tickets?code=1193-76672&languageid=he_IL,Regular,2D,,,2026-07-27,2026,,,172,14+,Ashkelon,Hot Cinema,574
19:15,American Hina,חינה אמריקאית,https://tickets.hotcinema.co.il/site/1193/tickets?code=1193-76657&languageid=en_gb,https://tickets.hotcinema.co.il/site/1193/tickets?code=1193-76657&languageid=he_IL,Regular,2D,,,2026-07-27,2026,,,100,All,Ashkelon,Hot Cinema,574
10:45,Tafiti: Across the Desert,טפיטי: הרפתקה במדבר,https://tickets.hotcinema.co.il/site/1193/tickets?code=1193-76646&languageid=en_gb,https://tickets.hotcinema.co.il/site/1193/tickets?code=1193-76646&languageid=he_IL,Regular,2D,,,2026-07-27,,,,81,הגבלת גיל: עד גיל 8 בליווי מבוגר,Ashkelon,Hot Cinema,574
12:45,Tafiti: Across the Desert,טפיטי: הרפתקה במדבר,https://tickets.hotcinema.co.il/site/1193/tickets?code=1193-76642&languageid=en_gb,https://tickets.hotcinema.co.il/site/1193/tickets?code=1193-76642&languageid=he_IL,Regular,2D,,,2026-07-27,,,,81,הגבלת גיל: עד גיל 8 בליווי מבוגר,Ashkelon,Hot Cinema,574
14:50,Tafiti: Across the Desert,טפיטי: הרפתקה במדבר,https://tickets.hotcinema.co.il/site/1193/tickets?code=1193-76648&languageid=en_gb,https://tickets.hotcinema.co.il/site/1193/tickets?code=1193-76648&languageid=he_IL,Regular,2D,,,2026-07-27,,,,81,הגבלת גיל: עד גיל 8 בליווי מבוגר,Ashkelon,Hot Cinema,574
18:00,כי את מכוערת,כי את מכוערת,https://tickets.hotcinema.co.il/site/1193/tickets?code=1193-76686&languageid=en_gb,https://tickets.hotcinema.co.il/site/1193/tickets?code=1193-76686&languageid=he_IL,Regular,2D,,,2026-07-27,2025,,,83,12+,Ashkelon,Hot Cinema,574
19:00,Moana (Live Action),מואנה לייב אקשן,https://tickets.hotcinema.co.il/site/1193/tickets?code=1193-76656&languageid=en_gb,https://tickets.hotcinema.co.il/site/1193/tickets?code=1193-76656&languageid=he_IL,Regular,2D,,,2026-07-27,2026,,,115,All,Ashkelon,Hot Cinema,574
10:40,Moana (Live Action),מואנה לייב אקשן,https://tickets.hotcinema.co.il/site/1193/tickets?code=1193-76684&languageid=en_gb,https://tickets.hotcinema.co.il/site/1193/tickets?code=1193-76684&languageid=he_IL,Regular,2D,,Hebrew,2026-07-27,2026,,,115,All,Ashkelon,Hot Cinema,574
12:30,Moana (Live Action),מואנה לייב אקשן,https://tickets.hotcinema.co.il/site/1193/tickets?code=1193-76659&languageid=en_gb,https://tickets.hotcinema.co.il/site/1193/tickets?code=1193-76659&languageid=he_IL,Regular,2D,,Hebrew,2026-07-27,2026,,,115,All,Ashkelon,Hot Cinema,574
14:55,Moana (Live Action),מואנה לייב אקשן,https://tickets.hotcinema.co.il/site/1193/tickets?code=1193-76660&languageid=en_gb,https://tickets.hotcinema.co.il/site/1193/tickets?code=1193-76660&languageid=he_IL,Regular,2D,,Hebrew,2026-07-27,2026,,,115,All,Ashkelon,Hot Cinema,574
21:30,EVIL DEAD BURN,מוות אכזרי אש,https://tickets.hotcinema.co.il/site/1193/tickets?code=1193-76670&languageid=en_gb,https://tickets.hotcinema.co.il/site/1193/tickets?code=1193-76670&languageid=he_IL,Regular,2D,,,2026-07-27,2026,,,110,הגבלת גיל: הותר מגיל 18 בהצגת תעודה מזהה,Ashkelon,Hot Cinema,574
10:30,Minions & Monsters,מיניונים ומפלצות,https://tickets.hotcinema.co.il/site/1193/tickets?code=1193-76663&languageid=en_gb,https://tickets.hotcinema.co.il/site/1193/tickets?code=1193-76663&languageid=he_IL,Regular,2D,,Hebrew,2026-07-27,2026,,,90,All,Ashkelon,Hot Cinema,574
13:10,Minions & Monsters,מיניונים ומפלצות,https://tickets.hotcinema.co.il/site/1193/tickets?code=1193-76664&languageid=en_gb,https://tickets.hotcinema.co.il/site/1193/tickets?code=1193-76664&languageid=he_IL,Regular,2D,,Hebrew,2026-07-27,2026,,,90,All,Ashkelon,Hot Cinema,574
15:15,Minions & Monsters,מיניונים ומפלצות,https://tickets.hotcinema.co.il/site/1193/tickets?code=1193-76665&languageid=en_gb,https://tickets.hotcinema.co.il/site/1193/tickets?code=1193-76665&languageid=he_IL,Regular,2D,,Hebrew,2026-07-27,2026,,,90,All,Ashkelon,Hot Cinema,574
17:20,Minions & Monsters,מיניונים ומפלצות,https://tickets.hotcinema.co.il/site/1193/tickets?code=1193-76666&languageid=en_gb,https://tickets.hotcinema.co.il/site/1193/tickets?code=1193-76666&languageid=he_IL,Regular,2D,,Hebrew,2026-07-27,2026,,,90,All,Ashkelon,Hot Cinema,574
10:15,School of Magical Animals,סוד החיות הקסומות 3,https://tickets.hotcinema.co.il/site/1193/tickets?code=1193-76674&languageid=en_gb,https://tickets.hotcinema.co.il/site/1193/tickets?code=1193-76674&languageid=he_IL,Regular,2D,,Hebrew,2026-07-27,2024,,,105,All,Ashkelon,Hot Cinema,574
12:30,School of Magical Animals,סוד החיות הקסומות 3,https://tickets.hotcinema.co.il/site/1193/tickets?code=1193-76643&languageid=en_gb,https://tickets.hotcinema.co.il/site/1193/tickets?code=1193-76643&languageid=he_IL,Regular,2D,,Hebrew,2026-07-27,2024,,,105,All,Ashkelon,Hot Cinema,574
17:00,School of Magical Animals,סוד החיות הקסומות 3,https://tickets.hotcinema.co.il/site/1193/tickets?code=1193-76687&languageid=en_gb,https://tickets.hotcinema.co.il/site/1193/tickets?code=1193-76687&languageid=he_IL,Regular,2D,,Hebrew,2026-07-27,2024,,,105,All,Ashkelon,Hot Cinema,574
11:00,Saltiz,סולטיז הסרט - וולוג ה-100,https://tickets.hotcinema.co.il/site/1193/tickets?code=1193-76681&languageid=en_gb,https://tickets.hotcinema.co.il/site/1193/tickets?code=1193-76681&languageid=he_IL,Regular,2D,,,2026-07-27,2026,,,100,All,Ashkelon,Hot Cinema,574
13:15,Saltiz,סולטיז הסרט - וולוג ה-100,https://tickets.hotcinema.co.il/site/1193/tickets?code=1193-76680&languageid=en_gb,https://tickets.hotcinema.co.il/site/1193/tickets?code=1193-76680&languageid=he_IL,Regular,2D,,,2026-07-27,2026,,,100,All,Ashkelon,Hot Cinema,574
14:40,Saltiz,סולטיז הסרט - וולוג ה-100,https://tickets.hotcinema.co.il/site/1193/tickets?code=1193-76677&languageid=en_gb,https://tickets.hotcinema.co.il/site/1193/tickets?code=1193-76677&languageid=he_IL,Regular,2D,,,2026-07-27,2026,,,100,All,Ashkelon,Hot Cinema,574
15:30,Saltiz,סולטיז הסרט - וולוג ה-100,https://tickets.hotcinema.co.il/site/1193/tickets?code=1193-76679&languageid=en_gb,https://tickets.hotcinema.co.il/site/1193/tickets?code=1193-76679&languageid=he_IL,Regular,2D,,,2026-07-27,2026,,,100,All,Ashkelon,Hot Cinema,574
16:50,Saltiz,סולטיז הסרט - וולוג ה-100,https://tickets.hotcinema.co.il/site/1193/tickets?code=1193-76676&languageid=en_gb,https://tickets.hotcinema.co.il/site/1193/tickets?code=1193-76676&languageid=he_IL,Regular,2D,,,2026-07-27,2026,,,100,All,Ashkelon,Hot Cinema,574
19:20,Saltiz,סולטיז הסרט - וולוג ה-100,https://tickets.hotcinema.co.il/site/1193/tickets?code=1193-76678&languageid=en_gb,https://tickets.hotcinema.co.il/site/1193/tickets?code=1193-76678&languageid=he_IL,Regular,2D,,,2026-07-27,2026,,,100,All,Ashkelon,Hot Cinema,574
21:30,Supergirl,סופר גירל,https://tickets.hotcinema.co.il/site/1193/tickets?code=1193-76675&languageid=en_gb,https://tickets.hotcinema.co.il/site/1193/tickets?code=1193-76675&languageid=he_IL,Regular,2D,,,2026-07-27,2026,,,107,All,Ashkelon,Hot Cinema,574
10:40,Three Wishes for Cinderella,סינדרלה ושלוש המשאלות,https://tickets.hotcinema.co.il/site/1193/tickets?code=1193-76649&languageid=en_gb,https://tickets.hotcinema.co.il/site/1193/tickets?code=1193-76649&languageid=he_IL,Regular,2D,,Hebrew,2026-07-27,2026,,,85,All,Ashkelon,Hot Cinema,574
12:45,Three Wishes for Cinderella,סינדרלה ושלוש המשאלות,https://tickets.hotcinema.co.il/site/1193/tickets?code=1193-76647&languageid=en_gb,https://tickets.hotcinema.co.il/site/1193/tickets?code=1193-76647&languageid=he_IL,Regular,2D,,Hebrew,2026-07-27,2026,,,85,All,Ashkelon,Hot Cinema,574
15:00,Three Wishes for Cinderella,סינדרלה ושלוש המשאלות,https://tickets.hotcinema.co.il/site/1193/tickets?code=1193-76650&languageid=en_gb,https://tickets.hotcinema.co.il/site/1193/tickets?code=1193-76650&languageid=he_IL,Regular,2D,,Hebrew,2026-07-27,2026,,,85,All,Ashkelon,Hot Cinema,574
10:15,Toy Story 5,צעצוע של סיפור 5,https://tickets.hotcinema.co.il/site/1193/tickets?code=1193-76644&languageid=en_gb,https://tickets.hotcinema.co.il/site/1193/tickets?code=1193-76644&languageid=he_IL,Regular,2D,,Hebrew,2026-07-27,2026,,,102,All,Ashkelon,Hot Cinema,574
12:25,Toy Story 5,צעצוע של סיפור 5,https://tickets.hotcinema.co.il/site/1193/tickets?code=1193-76645&languageid=en_gb,https://tickets.hotcinema.co.il/site/1193/tickets?code=1193-76645&languageid=he_IL,Regular,2D,,Hebrew,2026-07-27,2026,,,102,All,Ashkelon,Hot Cinema,574
14:45,Toy Story 5,צעצוע של סיפור 5,https://tickets.hotcinema.co.il/site/1193/tickets?code=1193-76682&languageid=en_gb,https://tickets.hotcinema.co.il/site/1193/tickets?code=1193-76682&languageid=he_IL,Regular,2D,,Hebrew,2026-07-27,2026,,,102,All,Ashkelon,Hot Cinema,574
14:30,קופה ראשית: הסרט,קופה ראשית: הסרט,https://tickets.hotcinema.co.il/site/1193/tickets?code=1193-76641&languageid=en_gb,https://tickets.hotcinema.co.il/site/1193/tickets?code=1193-76641&languageid=he_IL,Regular,2D,,,2026-07-27,2026,,,91,All,Ashkelon,Hot Cinema,574
19:30,קופה ראשית: הסרט,קופה ראשית: הסרט,https://tickets.hotcinema.co.il/site/1193/tickets?code=1193-76662&languageid=en_gb,https://tickets.hotcinema.co.il/site/1193/tickets?code=1193-76662&languageid=he_IL,Regular,2D,,,2026-07-27,2026,,,91,All,Ashkelon,Hot Cinema,574
20:30,קופה ראשית: הסרט,קופה ראשית: הסרט,https://tickets.hotcinema.co.il/site/1193/tickets?code=1193-76652&languageid=en_gb,https://tickets.hotcinema.co.il/site/1193/tickets?code=1193-76652&languageid=he_IL,Regular,2D,,,2026-07-27,2026,,,91,All,Ashkelon,Hot Cinema,574
21:40,קופה ראשית: הסרט,קופה ראשית: הסרט,https://tickets.hotcinema.co.il/site/1193/tickets?code=1193-76661&languageid=en_gb,https://tickets.hotcinema.co.il/site/1193/tickets?code=1193-76661&languageid=he_IL,Regular,2D,,,2026-07-27,2026,,,91,All,Ashkelon,Hot Cinema,574
22:40,קופה ראשית: הסרט,קופה ראשית: הסרט,https://tickets.hotcinema.co.il/site/1193/tickets?code=1193-76651&languageid=en_gb,https://tickets.hotcinema.co.il/site/1193/tickets?code=1193-76651&languageid=he_IL,Regular,2D,,,2026-07-27,2026,,,91,All,Ashkelon,Hot Cinema,574
17:00,Dream High,תיכון מגשימים,https://tickets.hotcinema.co.il/site/1193/tickets?code=1193-76653&languageid=en_gb,https://tickets.hotcinema.co.il/site/1193/tickets?code=1193-76653&languageid=he_IL,Regular,2D,,,2026-07-27,2026,,,100,12+,Ashkelon,Hot Cinema,574
22:20,Obsession,אובססיה,https://tickets.hotcinema.co.il/site/1193/tickets?code=1193-76830&languageid=en_gb,https://tickets.hotcinema.co.il/site/1193/tickets?code=1193-76830&languageid=he_IL,Regular,2D,,,2026-07-28,2026,,,108,14+,Ashkelon,Hot Cinema,574
16:00,The Odyssey,האודיסאה,https://tickets.hotcinema.co.il/site/1193/tickets?code=1193-76841&languageid=en_gb,https://tickets.hotcinema.co.il/site/1193/tickets?code=1193-76841&languageid=he_IL,Regular,2D,,,2026-07-28,2026,,,172,14+,Ashkelon,Hot Cinema,574
19:00,The Odyssey,האודיסאה,https://tickets.hotcinema.co.il/site/1193/tickets?code=1193-76844&languageid=en_gb,https://tickets.hotcinema.co.il/site/1193/tickets?code=1193-76844&languageid=he_IL,Regular,2D,,,2026-07-28,2026,,,172,14+,Ashkelon,Hot Cinema,574
20:00,The Odyssey,האודיסאה,https://tickets.hotcinema.co.il/site/1193/tickets?code=1193-76843&languageid=en_gb,https://tickets.hotcinema.co.il/site/1193/tickets?code=1193-76843&languageid=he_IL,Regular,2D,,,2026-07-28,2026,,,172,14+,Ashkelon,Hot Cinema,574
21:20,The Odyssey,האודיסאה,https://tickets.hotcinema.co.il/site/1193/tickets?code=1193-76842&languageid=en_gb,https://tickets.hotcinema.co.il/site/1193/tickets?code=1193-76842&languageid=he_IL,Regular,2D,,,2026-07-28,2026,,,172,14+,Ashkelon,Hot Cinema,574
22:30,The Odyssey,האודיסאה,https://tickets.hotcinema.co.il/site/1193/tickets?code=1193-76845&languageid=en_gb,https://tickets.hotcinema.co.il/site/1193/tickets?code=1193-76845&languageid=he_IL,Regular,2D,,,2026-07-28,2026,,,172,14+,Ashkelon,Hot Cinema,574
19:45,American Hina,חינה אמריקאית,https://tickets.hotcinema.co.il/site/1193/tickets?code=1193-76829&languageid=en_gb,https://tickets.hotcinema.co.il/site/1193/tickets?code=1193-76829&languageid=he_IL,Regular,2D,,,2026-07-28,2026,,,100,All,Ashkelon,Hot Cinema,574
12:20,Tafiti: Across the Desert,טפיטי: הרפתקה במדבר,https://tickets.hotcinema.co.il/site/1193/tickets?code=1193-76815&languageid=en_gb,https://tickets.hotcinema.co.il/site/1193/tickets?code=1193-76815&languageid=he_IL,Regular,2D,,,2026-07-28,,,,81,הגבלת גיל: עד גיל 8 בליווי מבוגר,Ashkelon,Hot Cinema,574
14:10,Tafiti: Across the Desert,טפיטי: הרפתקה במדבר,https://tickets.hotcinema.co.il/site/1193/tickets?code=1193-76821&languageid=en_gb,https://tickets.hotcinema.co.il/site/1193/tickets?code=1193-76821&languageid=he_IL,Regular,2D,,,2026-07-28,,,,81,הגבלת גיל: עד גיל 8 בליווי מבוגר,Ashkelon,Hot Cinema,574
20:00,One night only,"טרום בכורה בט""ו באב - לגמור את הלילה",https://tickets.hotcinema.co.il/site/1193/tickets?code=1193-76852&languageid=en_gb,https://tickets.hotcinema.co.il/site/1193/tickets?code=1193-76852&languageid=he_IL,Regular,2D,,,2026-07-28,2026,,,102,14+,Ashkelon,Hot Cinema,574
22:00,One night only,"טרום בכורה בט""ו באב - לגמור את הלילה",https://tickets.hotcinema.co.il/site/1193/tickets?code=1193-76853&languageid=en_gb,https://tickets.hotcinema.co.il/site/1193/tickets?code=1193-76853&languageid=he_IL,Regular,2D,,,2026-07-28,2026,,,102,14+,Ashkelon,Hot Cinema,574
18:30,Diamonds,יהלומים,https://tickets.hotcinema.co.il/site/1193/tickets?code=1193-76856&languageid=en_gb,https://tickets.hotcinema.co.il/site/1193/tickets?code=1193-76856&languageid=he_IL,Regular,2D,,,2026-07-28,2024,,,135,All,Ashkelon,Hot Cinema,574
18:00,כי את מכוערת,כי את מכוערת,https://tickets.hotcinema.co.il/site/1193/tickets?code=1193-76857&languageid=en_gb,https://tickets.hotcinema.co.il/site/1193/tickets?code=1193-76857&languageid=he_IL,Regular,2D,,,2026-07-28,2025,,,83,12+,Ashkelon,Hot Cinema,574
19:10,מאמא,מאמא,https://tickets.hotcinema.co.il/site/1193/tickets?code=1193-76854&languageid=en_gb,https://tickets.hotcinema.co.il/site/1193/tickets?code=1193-76854&languageid=he_IL,Regular,2D,,,2026-07-28,2026,,,92,12+,Ashkelon,Hot Cinema,574
20:15,Moana (Live Action),מואנה לייב אקשן,https://tickets.hotcinema.co.il/site/1193/tickets?code=1193-76812&languageid=en_gb,https://tickets.hotcinema.co.il/site/1193/tickets?code=1193-76812&languageid=he_IL,Regular,2D,,,2026-07-28,2026,,,115,All,Ashkelon,Hot Cinema,574
11:30,Moana (Live Action),מואנה לייב אקשן,https://tickets.hotcinema.co.il/site/1193/tickets?code=1193-76831&languageid=en_gb,https://tickets.hotcinema.co.il/site/1193/tickets?code=1193-76831&languageid=he_IL,Regular,2D,,Hebrew,2026-07-28,2026,,,115,All,Ashkelon,Hot Cinema,574
14:00,Moana (Live Action),מואנה לייב אקשן,https://tickets.hotcinema.co.il/site/1193/tickets?code=1193-76832&languageid=en_gb,https://tickets.hotcinema.co.il/site/1193/tickets?code=1193-76832&languageid=he_IL,Regular,2D,,Hebrew,2026-07-28,2026,,,115,All,Ashkelon,Hot Cinema,574
16:30,Moana (Live Action),מואנה לייב אקשן,https://tickets.hotcinema.co.il/site/1193/tickets?code=1193-76833&languageid=en_gb,https://tickets.hotcinema.co.il/site/1193/tickets?code=1193-76833&languageid=he_IL,Regular,2D,,Hebrew,2026-07-28,2026,,,115,All,Ashkelon,Hot Cinema,574
10:30,Minions & Monsters,מיניונים ומפלצות,https://tickets.hotcinema.co.il/site/1193/tickets?code=1193-76837&languageid=en_gb,https://tickets.hotcinema.co.il/site/1193/tickets?code=1193-76837&languageid=he_IL,Regular,2D,,Hebrew,2026-07-28,2026,,,90,All,Ashkelon,Hot Cinema,574
12:30,Minions & Monsters,מיניונים ומפלצות,https://tickets.hotcinema.co.il/site/1193/tickets?code=1193-76838&languageid=en_gb,https://tickets.hotcinema.co.il/site/1193/tickets?code=1193-76838&languageid=he_IL,Regular,2D,,Hebrew,2026-07-28,2026,,,90,All,Ashkelon,Hot Cinema,574
14:30,Minions & Monsters,מיניונים ומפלצות,https://tickets.hotcinema.co.il/site/1193/tickets?code=1193-76839&languageid=en_gb,https://tickets.hotcinema.co.il/site/1193/tickets?code=1193-76839&languageid=he_IL,Regular,2D,,Hebrew,2026-07-28,2026,,,90,All,Ashkelon,Hot Cinema,574
16:30,Minions & Monsters,מיניונים ומפלצות,https://tickets.hotcinema.co.il/site/1193/tickets?code=1193-76840&languageid=en_gb,https://tickets.hotcinema.co.il/site/1193/tickets?code=1193-76840&languageid=he_IL,Regular,2D,,Hebrew,2026-07-28,2026,,,90,All,Ashkelon,Hot Cinema,574
10:45,School of Magical Animals,סוד החיות הקסומות 3,https://tickets.hotcinema.co.il/site/1193/tickets?code=1193-76816&languageid=en_gb,https://tickets.hotcinema.co.il/site/1193/tickets?code=1193-76816&languageid=he_IL,Regular,2D,,Hebrew,2026-07-28,2024,,,105,All,Ashkelon,Hot Cinema,574
13:10,School of Magical Animals,סוד החיות הקסומות 3,https://tickets.hotcinema.co.il/site/1193/tickets?code=1193-76817&languageid=en_gb,https://tickets.hotcinema.co.il/site/1193/tickets?code=1193-76817&languageid=he_IL,Regular,2D,,Hebrew,2026-07-28,2024,,,105,All,Ashkelon,Hot Cinema,574
17:40,School of Magical Animals,סוד החיות הקסומות 3,https://tickets.hotcinema.co.il/site/1193/tickets?code=1193-76814&languageid=en_gb,https://tickets.hotcinema.co.il/site/1193/tickets?code=1193-76814&languageid=he_IL,Regular,2D,,Hebrew,2026-07-28,2024,,,105,All,Ashkelon,Hot Cinema,574
10:50,Saltiz,סולטיז הסרט - וולוג ה-100,https://tickets.hotcinema.co.il/site/1193/tickets?code=1193-76851&languageid=en_gb,https://tickets.hotcinema.co.il/site/1193/tickets?code=1193-76851&languageid=he_IL,Regular,2D,,,2026-07-28,2026,,,100,All,Ashkelon,Hot Cinema,574
13:10,Saltiz,סולטיז הסרט - וולוג ה-100,https://tickets.hotcinema.co.il/site/1193/tickets?code=1193-76850&languageid=en_gb,https://tickets.hotcinema.co.il/site/1193/tickets?code=1193-76850&languageid=he_IL,Regular,2D,,,2026-07-28,2026,,,100,All,Ashkelon,Hot Cinema,574
14:40,Saltiz,סולטיז הסרט - וולוג ה-100,https://tickets.hotcinema.co.il/site/1193/tickets?code=1193-76847&languageid=en_gb,https://tickets.hotcinema.co.il/site/1193/tickets?code=1193-76847&languageid=he_IL,Regular,2D,,,2026-07-28,2026,,,100,All,Ashkelon,Hot Cinema,574
15:30,Saltiz,סולטיז הסרט - וולוג ה-100,https://tickets.hotcinema.co.il/site/1193/tickets?code=1193-76849&languageid=en_gb,https://tickets.hotcinema.co.il/site/1193/tickets?code=1193-76849&languageid=he_IL,Regular,2D,,,2026-07-28,2026,,,100,All,Ashkelon,Hot Cinema,574
16:50,Saltiz,סולטיז הסרט - וולוג ה-100,https://tickets.hotcinema.co.il/site/1193/tickets?code=1193-76848&languageid=en_gb,https://tickets.hotcinema.co.il/site/1193/tickets?code=1193-76848&languageid=he_IL,Regular,2D,,,2026-07-28,2026,,,100,All,Ashkelon,Hot Cinema,574
11:15,Three Wishes for Cinderella,סינדרלה ושלוש המשאלות,https://tickets.hotcinema.co.il/site/1193/tickets?code=1193-76822&languageid=en_gb,https://tickets.hotcinema.co.il/site/1193/tickets?code=1193-76822&languageid=he_IL,Regular,2D,,Hebrew,2026-07-28,2026,,,85,All,Ashkelon,Hot Cinema,574
13:20,Three Wishes for Cinderella,סינדרלה ושלוש המשאלות,https://tickets.hotcinema.co.il/site/1193/tickets?code=1193-76820&languageid=en_gb,https://tickets.hotcinema.co.il/site/1193/tickets?code=1193-76820&languageid=he_IL,Regular,2D,,Hebrew,2026-07-28,2026,,,85,All,Ashkelon,Hot Cinema,574
15:30,Three Wishes for Cinderella,סינדרלה ושלוש המשאלות,https://tickets.hotcinema.co.il/site/1193/tickets?code=1193-76823&languageid=en_gb,https://tickets.hotcinema.co.il/site/1193/tickets?code=1193-76823&languageid=he_IL,Regular,2D,,Hebrew,2026-07-28,2026,,,85,All,Ashkelon,Hot Cinema,574
10:15,Toy Story 5,צעצוע של סיפור 5,https://tickets.hotcinema.co.il/site/1193/tickets?code=1193-76818&languageid=en_gb,https://tickets.hotcinema.co.il/site/1193/tickets?code=1193-76818&languageid=he_IL,Regular,2D,,Hebrew,2026-07-28,2026,,,102,All,Ashkelon,Hot Cinema,574
12:30,Toy Story 5,צעצוע של סיפור 5,https://tickets.hotcinema.co.il/site/1193/tickets?code=1193-76819&languageid=en_gb,https://tickets.hotcinema.co.il/site/1193/tickets?code=1193-76819&languageid=he_IL,Regular,2D,,Hebrew,2026-07-28,2026,,,102,All,Ashkelon,Hot Cinema,574
10:20,קופה ראשית: הסרט,קופה ראשית: הסרט,https://tickets.hotcinema.co.il/site/1193/tickets?code=1193-76855&languageid=en_gb,https://tickets.hotcinema.co.il/site/1193/tickets?code=1193-76855&languageid=he_IL,Regular,2D,,,2026-07-28,2026,,,91,All,Ashkelon,Hot Cinema,574
14:15,קופה ראשית: הסרט,קופה ראשית: הסרט,https://tickets.hotcinema.co.il/site/1193/tickets?code=1193-76813&languageid=en_gb,https://tickets.hotcinema.co.il/site/1193/tickets?code=1193-76813&languageid=he_IL,Regular,2D,,,2026-07-28,2026,,,91,All,Ashkelon,Hot Cinema,574
15:30,קופה ראשית: הסרט,קופה ראשית: הסרט,https://tickets.hotcinema.co.il/site/1193/tickets?code=1193-76834&languageid=en_gb,https://tickets.hotcinema.co.il/site/1193/tickets?code=1193-76834&languageid=he_IL,Regular,2D,,,2026-07-28,2026,,,91,All,Ashkelon,Hot Cinema,574
18:15,קופה ראשית: הסרט,קופה ראשית: הסרט,https://tickets.hotcinema.co.il/site/1193/tickets?code=1193-76836&languageid=en_gb,https://tickets.hotcinema.co.il/site/1193/tickets?code=1193-76836&languageid=he_IL,Regular,2D,,,2026-07-28,2026,,,91,All,Ashkelon,Hot Cinema,574
19:45,קופה ראשית: הסרט,קופה ראשית: הסרט,https://tickets.hotcinema.co.il/site/1193/tickets?code=1193-76825&languageid=en_gb,https://tickets.hotcinema.co.il/site/1193/tickets?code=1193-76825&languageid=he_IL,Regular,2D,,,2026-07-28,2026,,,91,All,Ashkelon,Hot Cinema,574
21:15,קופה ראשית: הסרט,קופה ראשית: הסרט,https://tickets.hotcinema.co.il/site/1193/tickets?code=1193-76835&languageid=en_gb,https://tickets.hotcinema.co.il/site/1193/tickets?code=1193-76835&languageid=he_IL,Regular,2D,,,2026-07-28,2026,,,91,All,Ashkelon,Hot Cinema,574
22:00,קופה ראשית: הסרט,קופה ראשית: הסרט,https://tickets.hotcinema.co.il/site/1193/tickets?code=1193-76824&languageid=en_gb,https://tickets.hotcinema.co.il/site/1193/tickets?code=1193-76824&languageid=he_IL,Regular,2D,,,2026-07-28,2026,,,91,All,Ashkelon,Hot Cinema,574
22:45,קופה ראשית: הסרט,קופה ראשית: הסרט,https://tickets.hotcinema.co.il/site/1193/tickets?code=1193-76858&languageid=en_gb,https://tickets.hotcinema.co.il/site/1193/tickets?code=1193-76858&languageid=he_IL,Regular,2D,,,2026-07-28,2026,,,91,All,Ashkelon,Hot Cinema,574
17:30,Dream High,תיכון מגשימים,https://tickets.hotcinema.co.il/site/1193/tickets?code=1193-76826&languageid=en_gb,https://tickets.hotcinema.co.il/site/1193/tickets?code=1193-76826&languageid=he_IL,Regular,2D,,,2026-07-28,2026,,,100,12+,Ashkelon,Hot Cinema,574
22:40,Obsession,אובססיה,https://tickets.hotcinema.co.il/site/1193/tickets?code=1193-76699&languageid=en_gb,https://tickets.hotcinema.co.il/site/1193/tickets?code=1193-76699&languageid=he_IL,Regular,2D,,,2026-07-29,2026,,,108,14+,Ashkelon,Hot Cinema,574
16:50,The Odyssey,האודיסאה,https://tickets.hotcinema.co.il/site/1193/tickets?code=1193-76707&languageid=en_gb,https://tickets.hotcinema.co.il/site/1193/tickets?code=1193-76707&languageid=he_IL,Regular,2D,,,2026-07-29,2026,,,172,14+,Ashkelon,Hot Cinema,574
18:15,The Odyssey,האודיסאה,https://tickets.hotcinema.co.il/site/1193/tickets?code=1193-76951&languageid=en_gb,https://tickets.hotcinema.co.il/site/1193/tickets?code=1193-76951&languageid=he_IL,Regular,2D,,,2026-07-29,2026,,,172,14+,Ashkelon,Hot Cinema,574
22:00,The Odyssey,האודיסאה,https://tickets.hotcinema.co.il/site/1193/tickets?code=1193-76708&languageid=en_gb,https://tickets.hotcinema.co.il/site/1193/tickets?code=1193-76708&languageid=he_IL,Regular,2D,,,2026-07-29,2026,,,172,14+,Ashkelon,Hot Cinema,574
10:45,Tafiti: Across the Desert,טפיטי: הרפתקה במדבר,https://tickets.hotcinema.co.il/site/1193/tickets?code=1193-76691&languageid=en_gb,https://tickets.hotcinema.co.il/site/1193/tickets?code=1193-76691&languageid=he_IL,Regular,2D,,,2026-07-29,,,,81,הגבלת גיל: עד גיל 8 בליווי מבוגר,Ashkelon,Hot Cinema,574
14:50,Tafiti: Across the Desert,טפיטי: הרפתקה במדבר,https://tickets.hotcinema.co.il/site/1193/tickets?code=1193-76692&languageid=en_gb,https://tickets.hotcinema.co.il/site/1193/tickets?code=1193-76692&languageid=he_IL,Regular,2D,,,2026-07-29,,,,81,הגבלת גיל: עד גיל 8 בליווי מבוגר,Ashkelon,Hot Cinema,574
20:20,One night only,"טרום בכורה בט""ו באב - לגמור את הלילה",https://tickets.hotcinema.co.il/site/1193/tickets?code=1193-76719&languageid=en_gb,https://tickets.hotcinema.co.il/site/1193/tickets?code=1193-76719&languageid=he_IL,Regular,2D,,,2026-07-29,2026,,,102,14+,Ashkelon,Hot Cinema,574
10:30,Moana (Live Action),מואנה לייב אקשן,https://tickets.hotcinema.co.il/site/1193/tickets?code=1193-76700&languageid=en_gb,https://tickets.hotcinema.co.il/site/1193/tickets?code=1193-76700&languageid=he_IL,Regular,2D,,Hebrew,2026-07-29,2026,,,115,All,Ashkelon,Hot Cinema,574
13:00,Moana (Live Action),מואנה לייב אקשן,https://tickets.hotcinema.co.il/site/1193/tickets?code=1193-76701&languageid=en_gb,https://tickets.hotcinema.co.il/site/1193/tickets?code=1193-76701&languageid=he_IL,Regular,2D,,Hebrew,2026-07-29,2026,,,115,All,Ashkelon,Hot Cinema,574
15:30,Moana (Live Action),מואנה לייב אקשן,https://tickets.hotcinema.co.il/site/1193/tickets?code=1193-76702&languageid=en_gb,https://tickets.hotcinema.co.il/site/1193/tickets?code=1193-76702&languageid=he_IL,Regular,2D,,Hebrew,2026-07-29,2026,,,115,All,Ashkelon,Hot Cinema,574
10:40,Minions & Monsters,מיניונים ומפלצות,https://tickets.hotcinema.co.il/site/1193/tickets?code=1193-76703&languageid=en_gb,https://tickets.hotcinema.co.il/site/1193/tickets?code=1193-76703&languageid=he_IL,Regular,2D,,Hebrew,2026-07-29,2026,,,90,All,Ashkelon,Hot Cinema,574
12:50,Minions & Monsters,מיניונים ומפלצות,https://tickets.hotcinema.co.il/site/1193/tickets?code=1193-76704&languageid=en_gb,https://tickets.hotcinema.co.il/site/1193/tickets?code=1193-76704&languageid=he_IL,Regular,2D,,Hebrew,2026-07-29,2026,,,90,All,Ashkelon,Hot Cinema,574
15:00,Minions & Monsters,מיניונים ומפלצות,https://tickets.hotcinema.co.il/site/1193/tickets?code=1193-76705&languageid=en_gb,https://tickets.hotcinema.co.il/site/1193/tickets?code=1193-76705&languageid=he_IL,Regular,2D,,Hebrew,2026-07-29,2026,,,90,All,Ashkelon,Hot Cinema,574
17:10,Minions & Monsters,מיניונים ומפלצות,https://tickets.hotcinema.co.il/site/1193/tickets?code=1193-76706&languageid=en_gb,https://tickets.hotcinema.co.il/site/1193/tickets?code=1193-76706&languageid=he_IL,Regular,2D,,Hebrew,2026-07-29,2026,,,90,All,Ashkelon,Hot Cinema,574
11:10,School of Magical Animals,סוד החיות הקסומות 3,https://tickets.hotcinema.co.il/site/1193/tickets?code=1193-76689&languageid=en_gb,https://tickets.hotcinema.co.il/site/1193/tickets?code=1193-76689&languageid=he_IL,Regular,2D,,Hebrew,2026-07-29,2024,,,105,All,Ashkelon,Hot Cinema,574
13:30,School of Magical Animals,סוד החיות הקסומות 3,https://tickets.hotcinema.co.il/site/1193/tickets?code=1193-76690&languageid=en_gb,https://tickets.hotcinema.co.il/site/1193/tickets?code=1193-76690&languageid=he_IL,Regular,2D,,Hebrew,2026-07-29,2024,,,105,All,Ashkelon,Hot Cinema,574
15:50,School of Magical Animals,סוד החיות הקסומות 3,https://tickets.hotcinema.co.il/site/1193/tickets?code=1193-76688&languageid=en_gb,https://tickets.hotcinema.co.il/site/1193/tickets?code=1193-76688&languageid=he_IL,Regular,2D,,Hebrew,2026-07-29,2024,,,105,All,Ashkelon,Hot Cinema,574
10:45,Saltiz,סולטיז הסרט - וולוג ה-100,https://tickets.hotcinema.co.il/site/1193/tickets?code=1193-76712&languageid=en_gb,https://tickets.hotcinema.co.il/site/1193/tickets?code=1193-76712&languageid=he_IL,Regular,2D,,,2026-07-29,2026,,,100,All,Ashkelon,Hot Cinema,574
13:00,Saltiz,סולטיז הסרט - וולוג ה-100,https://tickets.hotcinema.co.il/site/1193/tickets?code=1193-76711&languageid=en_gb,https://tickets.hotcinema.co.il/site/1193/tickets?code=1193-76711&languageid=he_IL,Regular,2D,,,2026-07-29,2026,,,100,All,Ashkelon,Hot Cinema,574
15:15,Saltiz,סולטיז הסרט - וולוג ה-100,https://tickets.hotcinema.co.il/site/1193/tickets?code=1193-76710&languageid=en_gb,https://tickets.hotcinema.co.il/site/1193/tickets?code=1193-76710&languageid=he_IL,Regular,2D,,,2026-07-29,2026,,,100,All,Ashkelon,Hot Cinema,574
10:20,Three Wishes for Cinderella,סינדרלה ושלוש המשאלות,https://tickets.hotcinema.co.il/site/1193/tickets?code=1193-76693&languageid=en_gb,https://tickets.hotcinema.co.il/site/1193/tickets?code=1193-76693&languageid=he_IL,Regular,2D,,Hebrew,2026-07-29,2026,,,85,All,Ashkelon,Hot Cinema,574
12:20,Three Wishes for Cinderella,סינדרלה ושלוש המשאלות,https://tickets.hotcinema.co.il/site/1193/tickets?code=1193-76721&languageid=en_gb,https://tickets.hotcinema.co.il/site/1193/tickets?code=1193-76721&languageid=he_IL,Regular,2D,,Hebrew,2026-07-29,2026,,,85,All,Ashkelon,Hot Cinema,574
14:20,Three Wishes for Cinderella,סינדרלה ושלוש המשאלות,https://tickets.hotcinema.co.il/site/1193/tickets?code=1193-76694&languageid=en_gb,https://tickets.hotcinema.co.il/site/1193/tickets?code=1193-76694&languageid=he_IL,Regular,2D,,Hebrew,2026-07-29,2026,,,85,All,Ashkelon,Hot Cinema,574
11:00,Spider-Man: Brand new day,ספיידרמן: יום חדש,https://tickets.hotcinema.co.il/site/1193/tickets?code=1193-76714&languageid=en_gb,https://tickets.hotcinema.co.il/site/1193/tickets?code=1193-76714&languageid=he_IL,Regular,2D,,,2026-07-29,2026,,,145,,Ashkelon,Hot Cinema,574
12:15,Spider-Man: Brand new day,ספיידרמן: יום חדש,https://tickets.hotcinema.co.il/site/1193/tickets?code=1193-73390&languageid=en_gb,https://tickets.hotcinema.co.il/site/1193/tickets?code=1193-73390&languageid=he_IL,Regular,2D,,,2026-07-29,2026,,,145,,Ashkelon,Hot Cinema,574
14:00,Spider-Man: Brand new day,ספיידרמן: יום חדש,https://tickets.hotcinema.co.il/site/1193/tickets?code=1193-76713&languageid=en_gb,https://tickets.hotcinema.co.il/site/1193/tickets?code=1193-76713&languageid=he_IL,Regular,2D,,,2026-07-29,2026,,,145,,Ashkelon,Hot Cinema,574
15:30,Spider-Man: Brand new day,ספיידרמן: יום חדש,https://tickets.hotcinema.co.il/site/1193/tickets?code=1193-73389&languageid=en_gb,https://tickets.hotcinema.co.il/site/1193/tickets?code=1193-73389&languageid=he_IL,Regular,2D,,,2026-07-29,2026,,,145,,Ashkelon,Hot Cinema,574
16:20,Spider-Man: Brand new day,ספיידרמן: יום חדש,https://tickets.hotcinema.co.il/site/1193/tickets?code=1193-76717&languageid=en_gb,https://tickets.hotcinema.co.il/site/1193/tickets?code=1193-76717&languageid=he_IL,Regular,2D,,,2026-07-29,2026,,,145,,Ashkelon,Hot Cinema,574
17:00,Spider-Man: Brand new day,ספיידרמן: יום חדש,https://tickets.hotcinema.co.il/site/1193/tickets?code=1193-73393&languageid=en_gb,https://tickets.hotcinema.co.il/site/1193/tickets?code=1193-73393&languageid=he_IL,Regular,2D,,,2026-07-29,2026,,,145,,Ashkelon,Hot Cinema,574
18:40,Spider-Man: Brand new day,ספיידרמן: יום חדש,https://tickets.hotcinema.co.il/site/1193/tickets?code=1193-73392&languageid=en_gb,https://tickets.hotcinema.co.il/site/1193/tickets?code=1193-73392&languageid=he_IL,Regular,2D,,,2026-07-29,2026,,,145,,Ashkelon,Hot Cinema,574
19:10,Spider-Man: Brand new day,ספיידרמן: יום חדש,https://tickets.hotcinema.co.il/site/1193/tickets?code=1193-76715&languageid=en_gb,https://tickets.hotcinema.co.il/site/1193/tickets?code=1193-76715&languageid=he_IL,Regular,2D,,,2026-07-29,2026,,,145,,Ashkelon,Hot Cinema,574
19:30,Spider-Man: Brand new day,ספיידרמן: יום חדש,https://tickets.hotcinema.co.il/site/1193/tickets?code=1193-76718&languageid=en_gb,https://tickets.hotcinema.co.il/site/1193/tickets?code=1193-76718&languageid=he_IL,Regular,2D,,,2026-07-29,2026,,,145,,Ashkelon,Hot Cinema,574
20:10,Spider-Man: Brand new day,ספיידרמן: יום חדש,https://tickets.hotcinema.co.il/site/1193/tickets?code=1193-73394&languageid=en_gb,https://tickets.hotcinema.co.il/site/1193/tickets?code=1193-73394&languageid=he_IL,Regular,2D,,,2026-07-29,2026,,,145,,Ashkelon,Hot Cinema,574
21:50,Spider-Man: Brand new day,ספיידרמן: יום חדש,https://tickets.hotcinema.co.il/site/1193/tickets?code=1193-73391&languageid=en_gb,https://tickets.hotcinema.co.il/site/1193/tickets?code=1193-73391&languageid=he_IL,Regular,2D,,,2026-07-29,2026,,,145,,Ashkelon,Hot Cinema,574
22:10,Spider-Man: Brand new day,ספיידרמן: יום חדש,https://tickets.hotcinema.co.il/site/1193/tickets?code=1193-76952&languageid=en_gb,https://tickets.hotcinema.co.il/site/1193/tickets?code=1193-76952&languageid=he_IL,Regular,2D,,,2026-07-29,2026,,,145,,Ashkelon,Hot Cinema,574
22:30,Spider-Man: Brand new day,ספיידרמן: יום חדש,https://tickets.hotcinema.co.il/site/1193/tickets?code=1193-76716&languageid=en_gb,https://tickets.hotcinema.co.il/site/1193/tickets?code=1193-76716&languageid=he_IL,Regular,2D,,,2026-07-29,2026,,,145,,Ashkelon,Hot Cinema,574
20:30,קופה ראשית: הסרט,קופה ראשית: הסרט,https://tickets.hotcinema.co.il/site/1193/tickets?code=1193-76696&languageid=en_gb,https://tickets.hotcinema.co.il/site/1193/tickets?code=1193-76696&languageid=he_IL,Regular,2D,,,2026-07-29,2026,,,91,All,Ashkelon,Hot Cinema,574
22:40,קופה ראשית: הסרט,קופה ראשית: הסרט,https://tickets.hotcinema.co.il/site/1193/tickets?code=1193-76695&languageid=en_gb,https://tickets.hotcinema.co.il/site/1193/tickets?code=1193-76695&languageid=he_IL,Regular,2D,,,2026-07-29,2026,,,91,All,Ashkelon,Hot Cinema,574
18:10,Dream High,תיכון מגשימים,https://tickets.hotcinema.co.il/site/1193/tickets?code=1193-76697&languageid=en_gb,https://tickets.hotcinema.co.il/site/1193/tickets?code=1193-76697&languageid=he_IL,Regular,2D,,,2026-07-29,2026,,,100,12+,Ashkelon,Hot Cinema,574
19:35,The Odyssey,האודיסאה,https://tickets.hotcinema.co.il/site/1193/tickets?code=1193-77014&languageid=en_gb,https://tickets.hotcinema.co.il/site/1193/tickets?code=1193-77014&languageid=he_IL,Regular,2D,,,2026-07-30,2026,,,172,14+,Ashkelon,Hot Cinema,574
15:20,Minions & Monsters,מיניונים ומפלצות,https://tickets.hotcinema.co.il/site/1193/tickets?code=1193-77013&languageid=en_gb,https://tickets.hotcinema.co.il/site/1193/tickets?code=1193-77013&languageid=he_IL,Regular,2D,,Hebrew,2026-07-30,2026,,,90,All,Ashkelon,Hot Cinema,574
17:30,Edward Scissorhands,סינמה נוסטלגיה - המספריים של אדוארד,https://tickets.hotcinema.co.il/site/1193/tickets?code=1193-72862&languageid=en_gb,https://tickets.hotcinema.co.il/site/1193/tickets?code=1193-72862&languageid=he_IL,Not Just Cinema,2D,,,2026-07-30,1990,,,105,All,Ashkelon,Hot Cinema,574
12:15,Spider-Man: Brand new day,ספיידרמן: יום חדש,https://tickets.hotcinema.co.il/site/1193/tickets?code=1193-73402&languageid=en_gb,https://tickets.hotcinema.co.il/site/1193/tickets?code=1193-73402&languageid=he_IL,Regular,2D,,,2026-07-30,2026,,,145,,Ashkelon,Hot Cinema,574
15:30,Spider-Man: Brand new day,ספיידרמן: יום חדש,https://tickets.hotcinema.co.il/site/1193/tickets?code=1193-73401&languageid=en_gb,https://tickets.hotcinema.co.il/site/1193/tickets?code=1193-73401&languageid=he_IL,Regular,2D,,,2026-07-30,2026,,,145,,Ashkelon,Hot Cinema,574
17:00,Spider-Man: Brand new day,ספיידרמן: יום חדש,https://tickets.hotcinema.co.il/site/1193/tickets?code=1193-73405&languageid=en_gb,https://tickets.hotcinema.co.il/site/1193/tickets?code=1193-73405&languageid=he_IL,Regular,2D,,,2026-07-30,2026,,,145,,Ashkelon,Hot Cinema,574
18:40,Spider-Man: Brand new day,ספיידרמן: יום חדש,https://tickets.hotcinema.co.il/site/1193/tickets?code=1193-73404&languageid=en_gb,https://tickets.hotcinema.co.il/site/1193/tickets?code=1193-73404&languageid=he_IL,Regular,2D,,,2026-07-30,2026,,,145,,Ashkelon,Hot Cinema,574
20:10,Spider-Man: Brand new day,ספיידרמן: יום חדש,https://tickets.hotcinema.co.il/site/1193/tickets?code=1193-73406&languageid=en_gb,https://tickets.hotcinema.co.il/site/1193/tickets?code=1193-73406&languageid=he_IL,Regular,2D,,,2026-07-30,2026,,,145,,Ashkelon,Hot Cinema,574
21:50,Spider-Man: Brand new day,ספיידרמן: יום חדש,https://tickets.hotcinema.co.il/site/1193/tickets?code=1193-73403&languageid=en_gb,https://tickets.hotcinema.co.il/site/1193/tickets?code=1193-73403&languageid=he_IL,Regular,2D,,,2026-07-30,2026,,,145,,Ashkelon,Hot Cinema,574
19:40,The Odyssey,האודיסאה,https://tickets.hotcinema.co.il/site/1193/tickets?code=1193-77011&languageid=en_gb,https://tickets.hotcinema.co.il/site/1193/tickets?code=1193-77011&languageid=he_IL,Regular,2D,,,2026-07-31,2026,,,172,14+,Ashkelon,Hot Cinema,574
17:00,Minions & Monsters,מיניונים ומפלצות,https://tickets.hotcinema.co.il/site/1193/tickets?code=1193-77012&languageid=en_gb,https://tickets.hotcinema.co.il/site/1193/tickets?code=1193-77012&languageid=he_IL,Regular,2D,,Hebrew,2026-07-31,2026,,,90,All,Ashkelon,Hot Cinema,574
12:15,Spider-Man: Brand new day,ספיידרמן: יום חדש,https://tickets.hotcinema.co.il/site/1193/tickets?code=1193-73395&languageid=en_gb,https://tickets.hotcinema.co.il/site/1193/tickets?code=1193-73395&languageid=he_IL,Regular,2D,,,2026-07-31,2026,,,145,,Ashkelon,Hot Cinema,574
15:30,Spider-Man: Brand new day,ספיידרמן: יום חדש,https://tickets.hotcinema.co.il/site/1193/tickets?code=1193-73398&languageid=en_gb,https://tickets.hotcinema.co.il/site/1193/tickets?code=1193-73398&languageid=he_IL,Regular,2D,,,2026-07-31,2026,,,145,,Ashkelon,Hot Cinema,574
17:00,Spider-Man: Brand new day,ספיידרמן: יום חדש,https://tickets.hotcinema.co.il/site/1193/tickets?code=1193-73399&languageid=en_gb,https://tickets.hotcinema.co.il/site/1193/tickets?code=1193-73399&languageid=he_IL,Regular,2D,,,2026-07-31,2026,,,145,,Ashkelon,Hot Cinema,574
18:40,Spider-Man: Brand new day,ספיידרמן: יום חדש,https://tickets.hotcinema.co.il/site/1193/tickets?code=1193-73397&languageid=en_gb,https://tickets.hotcinema.co.il/site/1193/tickets?code=1193-73397&languageid=he_IL,Regular,2D,,,2026-07-31,2026,,,145,,Ashkelon,Hot Cinema,574
20:10,Spider-Man: Brand new day,ספיידרמן: יום חדש,https://tickets.hotcinema.co.il/site/1193/tickets?code=1193-73400&languageid=en_gb,https://tickets.hotcinema.co.il/site/1193/tickets?code=1193-73400&languageid=he_IL,Regular,2D,,,2026-07-31,2026,,,145,,Ashkelon,Hot Cinema,574
21:50,Spider-Man: Brand new day,ספיידרמן: יום חדש,https://tickets.hotcinema.co.il/site/1193/tickets?code=1193-73396&languageid=en_gb,https://tickets.hotcinema.co.il/site/1193/tickets?code=1193-73396&languageid=he_IL,Regular,2D,,,2026-07-31,2026,,,145,,Ashkelon,Hot Cinema,574
19:35,The Odyssey,האודיסאה,https://tickets.hotcinema.co.il/site/1193/tickets?code=1193-77006&languageid=en_gb,https://tickets.hotcinema.co.il/site/1193/tickets?code=1193-77006&languageid=he_IL,Regular,2D,,,2026-08-01,2026,,,172,14+,Ashkelon,Hot Cinema,574
17:00,Minions & Monsters,מיניונים ומפלצות,https://tickets.hotcinema.co.il/site/1193/tickets?code=1193-77005&languageid=en_gb,https://tickets.hotcinema.co.il/site/1193/tickets?code=1193-77005&languageid=he_IL,Regular,2D,,Hebrew,2026-08-01,2026,,,90,All,Ashkelon,Hot Cinema,574
12:15,Spider-Man: Brand new day,ספיידרמן: יום חדש,https://tickets.hotcinema.co.il/site/1193/tickets?code=1193-73386&languageid=en_gb,https://tickets.hotcinema.co.il/site/1193/tickets?code=1193-73386&languageid=he_IL,Regular,2D,,,2026-08-01,2026,,,145,,Ashkelon,Hot Cinema,574
15:30,Spider-Man: Brand new day,ספיידרמן: יום חדש,https://tickets.hotcinema.co.il/site/1193/tickets?code=1193-73385&languageid=en_gb,https://tickets.hotcinema.co.il/site/1193/tickets?code=1193-73385&languageid=he_IL,Regular,2D,,,2026-08-01,2026,,,145,,Ashkelon,Hot Cinema,574
17:00,Spider-Man: Brand new day,ספיידרמן: יום חדש,https://tickets.hotcinema.co.il/site/1193/tickets?code=1193-73387&languageid=en_gb,https://tickets.hotcinema.co.il/site/1193/tickets?code=1193-73387&languageid=he_IL,Regular,2D,,,2026-08-01,2026,,,145,,Ashkelon,Hot Cinema,574
18:40,Spider-Man: Brand new day,ספיידרמן: יום חדש,https://tickets.hotcinema.co.il/site/1193/tickets?code=1193-73384&languageid=en_gb,https://tickets.hotcinema.co.il/site/1193/tickets?code=1193-73384&languageid=he_IL,Regular,2D,,,2026-08-01,2026,,,145,,Ashkelon,Hot Cinema,574
20:10,Spider-Man: Brand new day,ספיידרמן: יום חדש,https://tickets.hotcinema.co.il/site/1193/tickets?code=1193-73388&languageid=en_gb,https://tickets.hotcinema.co.il/site/1193/tickets?code=1193-73388&languageid=he_IL,Regular,2D,,,2026-08-01,2026,,,145,,Ashkelon,Hot Cinema,574
21:50,Spider-Man: Brand new day,ספיידרמן: יום חדש,https://tickets.hotcinema.co.il/site/1193/tickets?code=1193-73383&languageid=en_gb,https://tickets.hotcinema.co.il/site/1193/tickets?code=1193-73383&languageid=he_IL,Regular,2D,,,2026-08-01,2026,,,145,,Ashkelon,Hot Cinema,574
20:30,Spider-Man: Brand new day,ספיידרמן: יום חדש,https://tickets.hotcinema.co.il/site/1193/tickets?code=1193-74836&languageid=en_gb,https://tickets.hotcinema.co.il/site/1193/tickets?code=1193-74836&languageid=he_IL,Regular,2D,,French,2026-08-05,2026,,,145,,Ashkelon,Hot Cinema,574
17:30,WALL·E,סינמה נוסטלגיה - וול-E,https://tickets.hotcinema.co.il/site/1193/tickets?code=1193-73408&languageid=en_gb,https://tickets.hotcinema.co.il/site/1193/tickets?code=1193-73408&languageid=he_IL,Not Just Cinema,2D,,Hebrew,2026-08-06,2008,,,98,All,Ashkelon,Hot Cinema,574
20:00,Superman - 1978,סינמה נוסטלגיה - סופרמן 1978,https://tickets.hotcinema.co.il/site/1193/tickets?code=1193-74034&languageid=en_gb,https://tickets.hotcinema.co.il/site/1193/tickets?code=1193-74034&languageid=he_IL,Not Just Cinema,2D,,,2026-08-13,1978,,,143,,Ashkelon,Hot Cinema,574
20:00,Superman 2 The Richard Donner Cut,סינמה נוסטלגיה - סופרמן 2 גרסת הבמאי,https://tickets.hotcinema.co.il/site/1193/tickets?code=1193-74849&languageid=en_gb,https://tickets.hotcinema.co.il/site/1193/tickets?code=1193-74849&languageid=he_IL,Not Just Cinema,2D,,,2026-08-20,2006,,,116,All,Ashkelon,Hot Cinema,574
17:30,Tangled,סינמה נוסטלגיה - פלונטר,https://tickets.hotcinema.co.il/site/1193/tickets?code=1193-74853&languageid=en_gb,https://tickets.hotcinema.co.il/site/1193/tickets?code=1193-74853&languageid=he_IL,Not Just Cinema,2D,,Hebrew,2026-08-27,2010,,,100,All,Ashkelon,Hot Cinema,574
17:30,Tangled,סינמה נוסטלגיה - פלונטר,https://tickets.hotcinema.co.il/site/1193/tickets?code=1193-74854&languageid=en_gb,https://tickets.hotcinema.co.il/site/1193/tickets?code=1193-74854&languageid=he_IL,Not Just Cinema,2D,,Hebrew,2026-08-28,2010,,,100,All,Ashkelon,Hot Cinema,574
17:30,Tangled,סינמה נוסטלגיה - פלונטר,https://tickets.hotcinema.co.il/site/1193/tickets?code=1193-74855&languageid=en_gb,https://tickets.hotcinema.co.il/site/1193/tickets?code=1193-74855&languageid=he_IL,Not Just Cinema,2D,,Hebrew,2026-08-29,2010,,,100,All,Ashkelon,Hot Cinema,574
22:40,Obsession,אובססיה,https://tickets.hotcinema.co.il/site/1182/tickets?code=1182-65224&languageid=en_gb,https://tickets.hotcinema.co.il/site/1182/tickets?code=1182-65224&languageid=he_IL,Regular,2D,,,2026-07-26,2026,,,108,14+,Ashdod,Hot Cinema,574
18:00,The Odyssey,האודיסאה,https://tickets.hotcinema.co.il/site/1182/tickets?code=1182-65221&languageid=en_gb,https://tickets.hotcinema.co.il/site/1182/tickets?code=1182-65221&languageid=he_IL,Regular,2D,,,2026-07-26,2026,,,172,14+,Ashdod,Hot Cinema,574
21:30,The Odyssey,האודיסאה,https://tickets.hotcinema.co.il/site/1182/tickets?code=1182-65222&languageid=en_gb,https://tickets.hotcinema.co.il/site/1182/tickets?code=1182-65222&languageid=he_IL,Regular,2D,,,2026-07-26,2026,,,172,14+,Ashdod,Hot Cinema,574
19:10,American Hina,חינה אמריקאית,https://tickets.hotcinema.co.il/site/1182/tickets?code=1182-65307&languageid=en_gb,https://tickets.hotcinema.co.il/site/1182/tickets?code=1182-65307&languageid=he_IL,Regular,2D,,,2026-07-26,2026,,,100,All,Ashdod,Hot Cinema,574
21:20,American Hina,חינה אמריקאית,https://tickets.hotcinema.co.il/site/1182/tickets?code=1182-65319&languageid=en_gb,https://tickets.hotcinema.co.il/site/1182/tickets?code=1182-65319&languageid=he_IL,Regular,2D,,,2026-07-26,2026,,,100,All,Ashdod,Hot Cinema,574
16:00,Tafiti: Across the Desert,טפיטי: הרפתקה במדבר,https://tickets.hotcinema.co.il/site/1182/tickets?code=1182-65225&languageid=en_gb,https://tickets.hotcinema.co.il/site/1182/tickets?code=1182-65225&languageid=he_IL,Regular,2D,,,2026-07-26,,,,81,הגבלת גיל: עד גיל 8 בליווי מבוגר,Ashdod,Hot Cinema,574
11:15,Moana (Live Action),מואנה לייב אקשן,https://tickets.hotcinema.co.il/site/1182/tickets?code=1182-65231&languageid=en_gb,https://tickets.hotcinema.co.il/site/1182/tickets?code=1182-65231&languageid=he_IL,Regular,2D,,Hebrew,2026-07-26,2026,,,115,All,Ashdod,Hot Cinema,574
13:15,Moana (Live Action),מואנה לייב אקשן,https://tickets.hotcinema.co.il/site/1182/tickets?code=1182-65230&languageid=en_gb,https://tickets.hotcinema.co.il/site/1182/tickets?code=1182-65230&languageid=he_IL,Regular,2D,,Hebrew,2026-07-26,2026,,,115,All,Ashdod,Hot Cinema,574
10:40,Minions & Monsters,מיניונים ומפלצות,https://tickets.hotcinema.co.il/site/1182/tickets?code=1182-65219&languageid=en_gb,https://tickets.hotcinema.co.il/site/1182/tickets?code=1182-65219&languageid=he_IL,Regular,2D,,Hebrew,2026-07-26,2026,,,90,All,Ashdod,Hot Cinema,574
14:50,Minions & Monsters,מיניונים ומפלצות,https://tickets.hotcinema.co.il/site/1182/tickets?code=1182-65218&languageid=en_gb,https://tickets.hotcinema.co.il/site/1182/tickets?code=1182-65218&languageid=he_IL,Regular,2D,,Hebrew,2026-07-26,2026,,,90,All,Ashdod,Hot Cinema,574
17:00,Minions & Monsters,מיניונים ומפלצות,https://tickets.hotcinema.co.il/site/1182/tickets?code=1182-65232&languageid=en_gb,https://tickets.hotcinema.co.il/site/1182/tickets?code=1182-65232&languageid=he_IL,Regular,2D,,Hebrew,2026-07-26,2026,,,90,All,Ashdod,Hot Cinema,574
11:00,School of Magical Animals,סוד החיות הקסומות 3,https://tickets.hotcinema.co.il/site/1182/tickets?code=1182-65227&languageid=en_gb,https://tickets.hotcinema.co.il/site/1182/tickets?code=1182-65227&languageid=he_IL,Regular,2D,,Hebrew,2026-07-26,2024,,,105,All,Ashdod,Hot Cinema,574
12:40,Saltiz,סולטיז הסרט - וולוג ה-100,https://tickets.hotcinema.co.il/site/1182/tickets?code=1182-65235&languageid=en_gb,https://tickets.hotcinema.co.il/site/1182/tickets?code=1182-65235&languageid=he_IL,Regular,2D,,,2026-07-26,2026,,,100,All,Ashdod,Hot Cinema,574
14:45,Saltiz,סולטיז הסרט - וולוג ה-100,https://tickets.hotcinema.co.il/site/1182/tickets?code=1182-65234&languageid=en_gb,https://tickets.hotcinema.co.il/site/1182/tickets?code=1182-65234&languageid=he_IL,Regular,2D,,,2026-07-26,2026,,,100,All,Ashdod,Hot Cinema,574
17:00,Saltiz,סולטיז הסרט - וולוג ה-100,https://tickets.hotcinema.co.il/site/1182/tickets?code=1182-65233&languageid=en_gb,https://tickets.hotcinema.co.il/site/1182/tickets?code=1182-65233&languageid=he_IL,Regular,2D,,,2026-07-26,2026,,,100,All,Ashdod,Hot Cinema,574
10:30,Three Wishes for Cinderella,סינדרלה ושלוש המשאלות,https://tickets.hotcinema.co.il/site/1182/tickets?code=1182-65226&languageid=en_gb,https://tickets.hotcinema.co.il/site/1182/tickets?code=1182-65226&languageid=he_IL,Regular,2D,,Hebrew,2026-07-26,2026,,,85,All,Ashdod,Hot Cinema,574
15:45,Toy Story 5,צעצוע של סיפור 5,https://tickets.hotcinema.co.il/site/1182/tickets?code=1182-65239&languageid=en_gb,https://tickets.hotcinema.co.il/site/1182/tickets?code=1182-65239&languageid=he_IL,Regular,2D,,,2026-07-26,2026,,,102,All,Ashdod,Hot Cinema,574
13:45,Toy Story 5,צעצוע של סיפור 5,https://tickets.hotcinema.co.il/site/1182/tickets?code=1182-65220&languageid=en_gb,https://tickets.hotcinema.co.il/site/1182/tickets?code=1182-65220&languageid=he_IL,Regular,2D,,Hebrew,2026-07-26,2026,,,102,All,Ashdod,Hot Cinema,574
20:40,קופה ראשית: הסרט,קופה ראשית: הסרט,https://tickets.hotcinema.co.il/site/1182/tickets?code=1182-65223&languageid=en_gb,https://tickets.hotcinema.co.il/site/1182/tickets?code=1182-65223&languageid=he_IL,Regular,2D,,,2026-07-26,2026,,,91,All,Ashdod,Hot Cinema,574
22:40,קופה ראשית: הסרט,קופה ראשית: הסרט,https://tickets.hotcinema.co.il/site/1182/tickets?code=1182-65229&languageid=en_gb,https://tickets.hotcinema.co.il/site/1182/tickets?code=1182-65229&languageid=he_IL,Regular,2D,,,2026-07-26,2026,,,91,All,Ashdod,Hot Cinema,574
19:00,Welcome To The Jungle,ברוכים הבאים לג'ונגל,https://tickets.hotcinema.co.il/site/1182/tickets?code=1182-65184&languageid=en_gb,https://tickets.hotcinema.co.il/site/1182/tickets?code=1182-65184&languageid=he_IL,Regular,2D,,,2026-07-27,2026,,,170,All,Ashdod,Hot Cinema,574
17:30,The Odyssey,האודיסאה,https://tickets.hotcinema.co.il/site/1182/tickets?code=1182-65183&languageid=en_gb,https://tickets.hotcinema.co.il/site/1182/tickets?code=1182-65183&languageid=he_IL,Regular,2D,,,2026-07-27,2026,,,172,14+,Ashdod,Hot Cinema,574
20:00,The Odyssey,האודיסאה,https://tickets.hotcinema.co.il/site/1182/tickets?code=1182-65169&languageid=en_gb,https://tickets.hotcinema.co.il/site/1182/tickets?code=1182-65169&languageid=he_IL,Regular,2D,,,2026-07-27,2026,,,172,14+,Ashdod,Hot Cinema,574
21:00,The Odyssey,האודיסאה,https://tickets.hotcinema.co.il/site/1182/tickets?code=1182-65168&languageid=en_gb,https://tickets.hotcinema.co.il/site/1182/tickets?code=1182-65168&languageid=he_IL,Regular,2D,,,2026-07-27,2026,,,172,14+,Ashdod,Hot Cinema,574
22:20,American Hina,חינה אמריקאית,https://tickets.hotcinema.co.il/site/1182/tickets?code=1182-65176&languageid=en_gb,https://tickets.hotcinema.co.il/site/1182/tickets?code=1182-65176&languageid=he_IL,Regular,2D,,,2026-07-27,2026,,,100,All,Ashdod,Hot Cinema,574
15:45,Tafiti: Across the Desert,טפיטי: הרפתקה במדבר,https://tickets.hotcinema.co.il/site/1182/tickets?code=1182-65172&languageid=en_gb,https://tickets.hotcinema.co.il/site/1182/tickets?code=1182-65172&languageid=he_IL,Regular,2D,,,2026-07-27,,,,81,הגבלת גיל: עד גיל 8 בליווי מבוגר,Ashdod,Hot Cinema,574
17:30,Moana,מואנה - לייב אקשן,https://tickets.hotcinema.co.il/site/1182/tickets?code=1182-64342&languageid=en_gb,https://tickets.hotcinema.co.il/site/1182/tickets?code=1182-64342&languageid=he_IL,Regular,2D,,French,2026-07-27,2026,,,115,All,Ashdod,Hot Cinema,574
12:30,Moana (Live Action),מואנה לייב אקשן,https://tickets.hotcinema.co.il/site/1182/tickets?code=1182-65179&languageid=en_gb,https://tickets.hotcinema.co.il/site/1182/tickets?code=1182-65179&languageid=he_IL,Regular,2D,,Hebrew,2026-07-27,2026,,,115,All,Ashdod,Hot Cinema,574
15:00,Moana (Live Action),מואנה לייב אקשן,https://tickets.hotcinema.co.il/site/1182/tickets?code=1182-65178&languageid=en_gb,https://tickets.hotcinema.co.il/site/1182/tickets?code=1182-65178&languageid=he_IL,Regular,2D,,Hebrew,2026-07-27,2026,,,115,All,Ashdod,Hot Cinema,574
13:20,Minions & Monsters,מיניונים ומפלצות,https://tickets.hotcinema.co.il/site/1182/tickets?code=1182-65177&languageid=en_gb,https://tickets.hotcinema.co.il/site/1182/tickets?code=1182-65177&languageid=he_IL,Regular,2D,,Hebrew,2026-07-27,2026,,,90,All,Ashdod,Hot Cinema,574
15:25,Minions & Monsters,מיניונים ומפלצות,https://tickets.hotcinema.co.il/site/1182/tickets?code=1182-65166&languageid=en_gb,https://tickets.hotcinema.co.il/site/1182/tickets?code=1182-65166&languageid=he_IL,Regular,2D,,Hebrew,2026-07-27,2026,,,90,All,Ashdod,Hot Cinema,574
10:15,School of Magical Animals,סוד החיות הקסומות 3,https://tickets.hotcinema.co.il/site/1182/tickets?code=1182-65174&languageid=en_gb,https://tickets.hotcinema.co.il/site/1182/tickets?code=1182-65174&languageid=he_IL,Regular,2D,,Hebrew,2026-07-27,2024,,,105,All,Ashdod,Hot Cinema,574
14:30,School of Magical Animals,סוד החיות הקסומות 3,https://tickets.hotcinema.co.il/site/1182/tickets?code=1182-65185&languageid=en_gb,https://tickets.hotcinema.co.il/site/1182/tickets?code=1182-65185&languageid=he_IL,Regular,2D,,Hebrew,2026-07-27,2024,,,105,All,Ashdod,Hot Cinema,574
11:10,Saltiz,סולטיז הסרט - וולוג ה-100,https://tickets.hotcinema.co.il/site/1182/tickets?code=1182-65181&languageid=en_gb,https://tickets.hotcinema.co.il/site/1182/tickets?code=1182-65181&languageid=he_IL,Regular,2D,,,2026-07-27,2026,,,100,All,Ashdod,Hot Cinema,574
16:50,Saltiz,סולטיז הסרט - וולוג ה-100,https://tickets.hotcinema.co.il/site/1182/tickets?code=1182-65180&languageid=en_gb,https://tickets.hotcinema.co.il/site/1182/tickets?code=1182-65180&languageid=he_IL,Regular,2D,,,2026-07-27,2026,,,100,All,Ashdod,Hot Cinema,574
12:30,Three Wishes for Cinderella,סינדרלה ושלוש המשאלות,https://tickets.hotcinema.co.il/site/1182/tickets?code=1182-65173&languageid=en_gb,https://tickets.hotcinema.co.il/site/1182/tickets?code=1182-65173&languageid=he_IL,Regular,2D,,Hebrew,2026-07-27,2026,,,85,All,Ashdod,Hot Cinema,574
11:15,Toy Story 5,צעצוע של סיפור 5,https://tickets.hotcinema.co.il/site/1182/tickets?code=1182-65182&languageid=en_gb,https://tickets.hotcinema.co.il/site/1182/tickets?code=1182-65182&languageid=he_IL,Regular,2D,,Hebrew,2026-07-27,2026,,,102,All,Ashdod,Hot Cinema,574
13:30,Toy Story 5,צעצוע של סיפור 5,https://tickets.hotcinema.co.il/site/1182/tickets?code=1182-65167&languageid=en_gb,https://tickets.hotcinema.co.il/site/1182/tickets?code=1182-65167&languageid=he_IL,Regular,2D,,Hebrew,2026-07-27,2026,,,102,All,Ashdod,Hot Cinema,574
20:15,קופה ראשית: הסרט,קופה ראשית: הסרט,https://tickets.hotcinema.co.il/site/1182/tickets?code=1182-65171&languageid=en_gb,https://tickets.hotcinema.co.il/site/1182/tickets?code=1182-65171&languageid=he_IL,Regular,2D,,,2026-07-27,2026,,,91,All,Ashdod,Hot Cinema,574
22:20,קופה ראשית: הסרט,קופה ראשית: הסרט,https://tickets.hotcinema.co.il/site/1182/tickets?code=1182-65170&languageid=en_gb,https://tickets.hotcinema.co.il/site/1182/tickets?code=1182-65170&languageid=he_IL,Regular,2D,,,2026-07-27,2026,,,91,All,Ashdod,Hot Cinema,574
18:45,The Odyssey,האודיסאה,https://tickets.hotcinema.co.il/site/1182/tickets?code=1182-65266&languageid=en_gb,https://tickets.hotcinema.co.il/site/1182/tickets?code=1182-65266&languageid=he_IL,Regular,2D,,,2026-07-28,2026,,,172,14+,Ashdod,Hot Cinema,574
21:00,The Odyssey,האודיסאה,https://tickets.hotcinema.co.il/site/1182/tickets?code=1182-65267&languageid=en_gb,https://tickets.hotcinema.co.il/site/1182/tickets?code=1182-65267&languageid=he_IL,Regular,2D,,,2026-07-28,2026,,,172,14+,Ashdod,Hot Cinema,574
22:15,American Hina,חינה אמריקאית,https://tickets.hotcinema.co.il/site/1182/tickets?code=1182-65275&languageid=en_gb,https://tickets.hotcinema.co.il/site/1182/tickets?code=1182-65275&languageid=he_IL,Regular,2D,,,2026-07-28,2026,,,100,All,Ashdod,Hot Cinema,574
11:00,Tafiti: Across the Desert,טפיטי: הרפתקה במדבר,https://tickets.hotcinema.co.il/site/1182/tickets?code=1182-65270&languageid=en_gb,https://tickets.hotcinema.co.il/site/1182/tickets?code=1182-65270&languageid=he_IL,Regular,2D,,,2026-07-28,,,,81,הגבלת גיל: עד גיל 8 בליווי מבוגר,Ashdod,Hot Cinema,574
20:20,One night only,"טרום בכורה בט""ו באב - לגמור את הלילה",https://tickets.hotcinema.co.il/site/1182/tickets?code=1182-65311&languageid=en_gb,https://tickets.hotcinema.co.il/site/1182/tickets?code=1182-65311&languageid=he_IL,Regular,2D,,,2026-07-28,2026,,,102,14+,Ashdod,Hot Cinema,574
22:30,One night only,"טרום בכורה בט""ו באב - לגמור את הלילה",https://tickets.hotcinema.co.il/site/1182/tickets?code=1182-65279&languageid=en_gb,https://tickets.hotcinema.co.il/site/1182/tickets?code=1182-65279&languageid=he_IL,Regular,2D,,,2026-07-28,2026,,,102,14+,Ashdod,Hot Cinema,574
18:10,Diamonds,יהלומים,https://tickets.hotcinema.co.il/site/1182/tickets?code=1182-65277&languageid=en_gb,https://tickets.hotcinema.co.il/site/1182/tickets?code=1182-65277&languageid=he_IL,Regular,2D,,,2026-07-28,2024,,,135,All,Ashdod,Hot Cinema,574
15:15,כי את מכוערת,כי את מכוערת,https://tickets.hotcinema.co.il/site/1182/tickets?code=1182-65284&languageid=en_gb,https://tickets.hotcinema.co.il/site/1182/tickets?code=1182-65284&languageid=he_IL,Regular,2D,,,2026-07-28,2025,,,83,12+,Ashdod,Hot Cinema,574
18:20,מאמא,מאמא,https://tickets.hotcinema.co.il/site/1182/tickets?code=1182-65276&languageid=en_gb,https://tickets.hotcinema.co.il/site/1182/tickets?code=1182-65276&languageid=he_IL,Regular,2D,,,2026-07-28,2026,,,92,12+,Ashdod,Hot Cinema,574
10:40,Moana (Live Action),מואנה לייב אקשן,https://tickets.hotcinema.co.il/site/1182/tickets?code=1182-65281&languageid=en_gb,https://tickets.hotcinema.co.il/site/1182/tickets?code=1182-65281&languageid=he_IL,Regular,2D,,Hebrew,2026-07-28,2026,,,115,All,Ashdod,Hot Cinema,574
13:10,Moana (Live Action),מואנה לייב אקשן,https://tickets.hotcinema.co.il/site/1182/tickets?code=1182-65280&languageid=en_gb,https://tickets.hotcinema.co.il/site/1182/tickets?code=1182-65280&languageid=he_IL,Regular,2D,,Hebrew,2026-07-28,2026,,,115,All,Ashdod,Hot Cinema,574
15:40,Moana (Live Action),מואנה לייב אקשן,https://tickets.hotcinema.co.il/site/1182/tickets?code=1182-65265&languageid=en_gb,https://tickets.hotcinema.co.il/site/1182/tickets?code=1182-65265&languageid=he_IL,Regular,2D,,Hebrew,2026-07-28,2026,,,115,All,Ashdod,Hot Cinema,574
10:20,Minions & Monsters,מיניונים ומפלצות,https://tickets.hotcinema.co.il/site/1182/tickets?code=1182-65263&languageid=en_gb,https://tickets.hotcinema.co.il/site/1182/tickets?code=1182-65263&languageid=he_IL,Regular,2D,,Hebrew,2026-07-28,2026,,,90,All,Ashdod,Hot Cinema,574
14:30,Minions & Monsters,מיניונים ומפלצות,https://tickets.hotcinema.co.il/site/1182/tickets?code=1182-65262&languageid=en_gb,https://tickets.hotcinema.co.il/site/1182/tickets?code=1182-65262&languageid=he_IL,Regular,2D,,Hebrew,2026-07-28,2026,,,90,All,Ashdod,Hot Cinema,574
14:10,School of Magical Animals,סוד החיות הקסומות 3,https://tickets.hotcinema.co.il/site/1182/tickets?code=1182-65273&languageid=en_gb,https://tickets.hotcinema.co.il/site/1182/tickets?code=1182-65273&languageid=he_IL,Regular,2D,,Hebrew,2026-07-28,2024,,,105,All,Ashdod,Hot Cinema,574
12:20,Saltiz,סולטיז הסרט - וולוג ה-100,https://tickets.hotcinema.co.il/site/1182/tickets?code=1182-65283&languageid=en_gb,https://tickets.hotcinema.co.il/site/1182/tickets?code=1182-65283&languageid=he_IL,Regular,2D,,,2026-07-28,2026,,,100,All,Ashdod,Hot Cinema,574
16:30,Saltiz,סולטיז הסרט - וולוג ה-100,https://tickets.hotcinema.co.il/site/1182/tickets?code=1182-65282&languageid=en_gb,https://tickets.hotcinema.co.il/site/1182/tickets?code=1182-65282&languageid=he_IL,Regular,2D,,,2026-07-28,2026,,,100,All,Ashdod,Hot Cinema,574
12:10,Three Wishes for Cinderella,סינדרלה ושלוש המשאלות,https://tickets.hotcinema.co.il/site/1182/tickets?code=1182-65272&languageid=en_gb,https://tickets.hotcinema.co.il/site/1182/tickets?code=1182-65272&languageid=he_IL,Regular,2D,,Hebrew,2026-07-28,2026,,,85,All,Ashdod,Hot Cinema,574
16:25,Three Wishes for Cinderella,סינדרלה ושלוש המשאלות,https://tickets.hotcinema.co.il/site/1182/tickets?code=1182-65312&languageid=en_gb,https://tickets.hotcinema.co.il/site/1182/tickets?code=1182-65312&languageid=he_IL,Regular,2D,,Hebrew,2026-07-28,2026,,,85,All,Ashdod,Hot Cinema,574
13:00,Toy Story 5,צעצוע של סיפור 5,https://tickets.hotcinema.co.il/site/1182/tickets?code=1182-65264&languageid=en_gb,https://tickets.hotcinema.co.il/site/1182/tickets?code=1182-65264&languageid=he_IL,Regular,2D,,Hebrew,2026-07-28,2026,,,102,All,Ashdod,Hot Cinema,574
22:25,קופה ראשית: הסרט,קופה ראשית: הסרט,https://tickets.hotcinema.co.il/site/1182/tickets?code=1182-65274&languageid=en_gb,https://tickets.hotcinema.co.il/site/1182/tickets?code=1182-65274&languageid=he_IL,Regular,2D,,,2026-07-28,2026,,,91,All,Ashdod,Hot Cinema,574
20:15,Dream High,תיכון מגשימים,https://tickets.hotcinema.co.il/site/1182/tickets?code=1182-65269&languageid=en_gb,https://tickets.hotcinema.co.il/site/1182/tickets?code=1182-65269&languageid=he_IL,Regular,2D,,,2026-07-28,2026,,,100,12+,Ashdod,Hot Cinema,574
17:45,The Odyssey,האודיסאה,https://tickets.hotcinema.co.il/site/1182/tickets?code=1182-65212&languageid=en_gb,https://tickets.hotcinema.co.il/site/1182/tickets?code=1182-65212&languageid=he_IL,Regular,2D,,,2026-07-29,2026,,,172,14+,Ashdod,Hot Cinema,574
21:15,The Odyssey,האודיסאה,https://tickets.hotcinema.co.il/site/1182/tickets?code=1182-65213&languageid=en_gb,https://tickets.hotcinema.co.il/site/1182/tickets?code=1182-65213&languageid=he_IL,Regular,2D,,,2026-07-29,2026,,,172,14+,Ashdod,Hot Cinema,574
18:40,One night only,"טרום בכורה בט""ו באב - לגמור את הלילה",https://tickets.hotcinema.co.il/site/1182/tickets?code=1182-65309&languageid=en_gb,https://tickets.hotcinema.co.il/site/1182/tickets?code=1182-65309&languageid=he_IL,Regular,2D,,,2026-07-29,2026,,,102,14+,Ashdod,Hot Cinema,574
21:00,One night only,"טרום בכורה בט""ו באב - לגמור את הלילה",https://tickets.hotcinema.co.il/site/1182/tickets?code=1182-65215&languageid=en_gb,https://tickets.hotcinema.co.il/site/1182/tickets?code=1182-65215&languageid=he_IL,Regular,2D,,,2026-07-29,2026,,,102,14+,Ashdod,Hot Cinema,574
13:20,Minions & Monsters,מיניונים ומפלצות,https://tickets.hotcinema.co.il/site/1182/tickets?code=1182-65214&languageid=en_gb,https://tickets.hotcinema.co.il/site/1182/tickets?code=1182-65214&languageid=he_IL,Regular,2D,,Hebrew,2026-07-29,2026,,,90,All,Ashdod,Hot Cinema,574
12:10,School of Magical Animals,סוד החיות הקסומות 3,https://tickets.hotcinema.co.il/site/1182/tickets?code=1182-65207&languageid=en_gb,https://tickets.hotcinema.co.il/site/1182/tickets?code=1182-65207&languageid=he_IL,Regular,2D,,Hebrew,2026-07-29,2024,,,105,All,Ashdod,Hot Cinema,574
14:25,School of Magical Animals,סוד החיות הקסומות 3,https://tickets.hotcinema.co.il/site/1182/tickets?code=1182-65216&languageid=en_gb,https://tickets.hotcinema.co.il/site/1182/tickets?code=1182-65216&languageid=he_IL,Regular,2D,,Hebrew,2026-07-29,2024,,,105,All,Ashdod,Hot Cinema,574
15:30,Saltiz,סולטיז הסרט - וולוג ה-100,https://tickets.hotcinema.co.il/site/1182/tickets?code=1182-65210&languageid=en_gb,https://tickets.hotcinema.co.il/site/1182/tickets?code=1182-65210&languageid=he_IL,Regular,2D,,,2026-07-29,2026,,,100,All,Ashdod,Hot Cinema,574
10:15,Three Wishes for Cinderella,סינדרלה ושלוש המשאלות,https://tickets.hotcinema.co.il/site/1182/tickets?code=1182-65206&languageid=en_gb,https://tickets.hotcinema.co.il/site/1182/tickets?code=1182-65206&languageid=he_IL,Regular,2D,,Hebrew,2026-07-29,2026,,,85,All,Ashdod,Hot Cinema,574
10:40,Spider-Man: Brand new day,ספיידרמן: יום חדש,https://tickets.hotcinema.co.il/site/1182/tickets?code=1182-65211&languageid=en_gb,https://tickets.hotcinema.co.il/site/1182/tickets?code=1182-65211&languageid=he_IL,Regular,2D,,,2026-07-29,2026,,,145,,Ashdod,Hot Cinema,574
11:15,Spider-Man: Brand new day,ספיידרמן: יום חדש,https://tickets.hotcinema.co.il/site/1182/tickets?code=1182-62692&languageid=en_gb,https://tickets.hotcinema.co.il/site/1182/tickets?code=1182-62692&languageid=he_IL,Regular,2D,,,2026-07-29,2026,,,145,,Ashdod,Hot Cinema,574
13:50,Spider-Man: Brand new day,ספיידרמן: יום חדש,https://tickets.hotcinema.co.il/site/1182/tickets?code=1182-65209&languageid=en_gb,https://tickets.hotcinema.co.il/site/1182/tickets?code=1182-65209&languageid=he_IL,Regular,2D,,,2026-07-29,2026,,,145,,Ashdod,Hot Cinema,574
14:30,Spider-Man: Brand new day,ספיידרמן: יום חדש,https://tickets.hotcinema.co.il/site/1182/tickets?code=1182-62691&languageid=en_gb,https://tickets.hotcinema.co.il/site/1182/tickets?code=1182-62691&languageid=he_IL,Regular,2D,,,2026-07-29,2026,,,145,,Ashdod,Hot Cinema,574
17:00,Spider-Man: Brand new day,ספיידרמן: יום חדש,https://tickets.hotcinema.co.il/site/1182/tickets?code=1182-62694&languageid=en_gb,https://tickets.hotcinema.co.il/site/1182/tickets?code=1182-62694&languageid=he_IL,Regular,2D,,,2026-07-29,2026,,,145,,Ashdod,Hot Cinema,574
20:15,Spider-Man: Brand new day,ספיידרמן: יום חדש,https://tickets.hotcinema.co.il/site/1182/tickets?code=1182-62693&languageid=en_gb,https://tickets.hotcinema.co.il/site/1182/tickets?code=1182-62693&languageid=he_IL,Regular,2D,,,2026-07-29,2026,,,145,,Ashdod,Hot Cinema,574
21:30,Spider-Man: Brand new day,ספיידרמן: יום חדש,https://tickets.hotcinema.co.il/site/1182/tickets?code=1182-62690&languageid=en_gb,https://tickets.hotcinema.co.il/site/1182/tickets?code=1182-62690&languageid=he_IL,Regular,2D,,,2026-07-29,2026,,,145,,Ashdod,Hot Cinema,574
19:45,The Odyssey,האודיסאה,https://tickets.hotcinema.co.il/site/1182/tickets?code=1182-65356&languageid=en_gb,https://tickets.hotcinema.co.il/site/1182/tickets?code=1182-65356&languageid=he_IL,Regular,2D,,,2026-07-30,2026,,,172,14+,Ashdod,Hot Cinema,574
15:20,Minions & Monsters,מיניונים ומפלצות,https://tickets.hotcinema.co.il/site/1182/tickets?code=1182-65355&languageid=en_gb,https://tickets.hotcinema.co.il/site/1182/tickets?code=1182-65355&languageid=he_IL,Regular,2D,,Hebrew,2026-07-30,2026,,,90,All,Ashdod,Hot Cinema,574
17:30,Minions & Monsters,מיניונים ומפלצות,https://tickets.hotcinema.co.il/site/1182/tickets?code=1182-63229&languageid=en_gb,https://tickets.hotcinema.co.il/site/1182/tickets?code=1182-63229&languageid=he_IL,Regular,2D,,French,2026-07-30,2026,,,90,All,Ashdod,Hot Cinema,574
17:30,Edward Scissorhands,סינמה נוסטלגיה - המספריים של אדוארד,https://tickets.hotcinema.co.il/site/1182/tickets?code=1182-62215&languageid=en_gb,https://tickets.hotcinema.co.il/site/1182/tickets?code=1182-62215&languageid=he_IL,Not Just Cinema,2D,,,2026-07-30,1990,,,105,All,Ashdod,Hot Cinema,574
12:15,Spider-Man: Brand new day,ספיידרמן: יום חדש,https://tickets.hotcinema.co.il/site/1182/tickets?code=1182-62704&languageid=en_gb,https://tickets.hotcinema.co.il/site/1182/tickets?code=1182-62704&languageid=he_IL,Regular,2D,,,2026-07-30,2026,,,145,,Ashdod,Hot Cinema,574
15:30,Spider-Man: Brand new day,ספיידרמן: יום חדש,https://tickets.hotcinema.co.il/site/1182/tickets?code=1182-62703&languageid=en_gb,https://tickets.hotcinema.co.il/site/1182/tickets?code=1182-62703&languageid=he_IL,Regular,2D,,,2026-07-30,2026,,,145,,Ashdod,Hot Cinema,574
17:15,Spider-Man: Brand new day,ספיידרמן: יום חדש,https://tickets.hotcinema.co.il/site/1182/tickets?code=1182-62706&languageid=en_gb,https://tickets.hotcinema.co.il/site/1182/tickets?code=1182-62706&languageid=he_IL,Regular,2D,,,2026-07-30,2026,,,145,,Ashdod,Hot Cinema,574
18:40,Spider-Man: Brand new day,ספיידרמן: יום חדש,https://tickets.hotcinema.co.il/site/1182/tickets?code=1182-62702&languageid=en_gb,https://tickets.hotcinema.co.il/site/1182/tickets?code=1182-62702&languageid=he_IL,Regular,2D,,,2026-07-30,2026,,,145,,Ashdod,Hot Cinema,574
20:30,Spider-Man: Brand new day,ספיידרמן: יום חדש,https://tickets.hotcinema.co.il/site/1182/tickets?code=1182-62705&languageid=en_gb,https://tickets.hotcinema.co.il/site/1182/tickets?code=1182-62705&languageid=he_IL,Regular,2D,,,2026-07-30,2026,,,145,,Ashdod,Hot Cinema,574
21:50,Spider-Man: Brand new day,ספיידרמן: יום חדש,https://tickets.hotcinema.co.il/site/1182/tickets?code=1182-62701&languageid=en_gb,https://tickets.hotcinema.co.il/site/1182/tickets?code=1182-62701&languageid=he_IL,Regular,2D,,,2026-07-30,2026,,,145,,Ashdod,Hot Cinema,574
19:10,The Odyssey,האודיסאה,https://tickets.hotcinema.co.il/site/1182/tickets?code=1182-65353&languageid=en_gb,https://tickets.hotcinema.co.il/site/1182/tickets?code=1182-65353&languageid=he_IL,Regular,2D,,,2026-07-31,2026,,,172,14+,Ashdod,Hot Cinema,574
16:30,Minions & Monsters,מיניונים ומפלצות,https://tickets.hotcinema.co.il/site/1182/tickets?code=1182-65354&languageid=en_gb,https://tickets.hotcinema.co.il/site/1182/tickets?code=1182-65354&languageid=he_IL,Regular,2D,,Hebrew,2026-07-31,2026,,,90,All,Ashdod,Hot Cinema,574
12:15,Spider-Man: Brand new day,ספיידרמן: יום חדש,https://tickets.hotcinema.co.il/site/1182/tickets?code=1182-62698&languageid=en_gb,https://tickets.hotcinema.co.il/site/1182/tickets?code=1182-62698&languageid=he_IL,Regular,2D,,,2026-07-31,2026,,,145,,Ashdod,Hot Cinema,574
15:30,Spider-Man: Brand new day,ספיידרמן: יום חדש,https://tickets.hotcinema.co.il/site/1182/tickets?code=1182-62697&languageid=en_gb,https://tickets.hotcinema.co.il/site/1182/tickets?code=1182-62697&languageid=he_IL,Regular,2D,,,2026-07-31,2026,,,145,,Ashdod,Hot Cinema,574
17:30,Spider-Man: Brand new day,ספיידרמן: יום חדש,https://tickets.hotcinema.co.il/site/1182/tickets?code=1182-62700&languageid=en_gb,https://tickets.hotcinema.co.il/site/1182/tickets?code=1182-62700&languageid=he_IL,Regular,2D,,,2026-07-31,2026,,,145,,Ashdod,Hot Cinema,574
18:40,Spider-Man: Brand new day,ספיידרמן: יום חדש,https://tickets.hotcinema.co.il/site/1182/tickets?code=1182-62696&languageid=en_gb,https://tickets.hotcinema.co.il/site/1182/tickets?code=1182-62696&languageid=he_IL,Regular,2D,,,2026-07-31,2026,,,145,,Ashdod,Hot Cinema,574
20:30,Spider-Man: Brand new day,ספיידרמן: יום חדש,https://tickets.hotcinema.co.il/site/1182/tickets?code=1182-62699&languageid=en_gb,https://tickets.hotcinema.co.il/site/1182/tickets?code=1182-62699&languageid=he_IL,Regular,2D,,,2026-07-31,2026,,,145,,Ashdod,Hot Cinema,574
21:50,Spider-Man: Brand new day,ספיידרמן: יום חדש,https://tickets.hotcinema.co.il/site/1182/tickets?code=1182-62695&languageid=en_gb,https://tickets.hotcinema.co.il/site/1182/tickets?code=1182-62695&languageid=he_IL,Regular,2D,,,2026-07-31,2026,,,145,,Ashdod,Hot Cinema,574
19:10,The Odyssey,האודיסאה,https://tickets.hotcinema.co.il/site/1182/tickets?code=1182-65348&languageid=en_gb,https://tickets.hotcinema.co.il/site/1182/tickets?code=1182-65348&languageid=he_IL,Regular,2D,,,2026-08-01,2026,,,172,14+,Ashdod,Hot Cinema,574
16:30,Minions & Monsters,מיניונים ומפלצות,https://tickets.hotcinema.co.il/site/1182/tickets?code=1182-65347&languageid=en_gb,https://tickets.hotcinema.co.il/site/1182/tickets?code=1182-65347&languageid=he_IL,Regular,2D,,Hebrew,2026-08-01,2026,,,90,All,Ashdod,Hot Cinema,574
12:15,Spider-Man: Brand new day,ספיידרמן: יום חדש,https://tickets.hotcinema.co.il/site/1182/tickets?code=1182-62687&languageid=en_gb,https://tickets.hotcinema.co.il/site/1182/tickets?code=1182-62687&languageid=he_IL,Regular,2D,,,2026-08-01,2026,,,145,,Ashdod,Hot Cinema,574
15:30,Spider-Man: Brand new day,ספיידרמן: יום חדש,https://tickets.hotcinema.co.il/site/1182/tickets?code=1182-62686&languageid=en_gb,https://tickets.hotcinema.co.il/site/1182/tickets?code=1182-62686&languageid=he_IL,Regular,2D,,,2026-08-01,2026,,,145,,Ashdod,Hot Cinema,574
17:15,Spider-Man: Brand new day,ספיידרמן: יום חדש,https://tickets.hotcinema.co.il/site/1182/tickets?code=1182-62689&languageid=en_gb,https://tickets.hotcinema.co.il/site/1182/tickets?code=1182-62689&languageid=he_IL,Regular,2D,,,2026-08-01,2026,,,145,,Ashdod,Hot Cinema,574
18:40,Spider-Man: Brand new day,ספיידרמן: יום חדש,https://tickets.hotcinema.co.il/site/1182/tickets?code=1182-62685&languageid=en_gb,https://tickets.hotcinema.co.il/site/1182/tickets?code=1182-62685&languageid=he_IL,Regular,2D,,,2026-08-01,2026,,,145,,Ashdod,Hot Cinema,574
20:20,Spider-Man: Brand new day,ספיידרמן: יום חדש,https://tickets.hotcinema.co.il/site/1182/tickets?code=1182-62688&languageid=en_gb,https://tickets.hotcinema.co.il/site/1182/tickets?code=1182-62688&languageid=he_IL,Regular,2D,,,2026-08-01,2026,,,145,,Ashdod,Hot Cinema,574
21:50,Spider-Man: Brand new day,ספיידרמן: יום חדש,https://tickets.hotcinema.co.il/site/1182/tickets?code=1182-62684&languageid=en_gb,https://tickets.hotcinema.co.il/site/1182/tickets?code=1182-62684&languageid=he_IL,Regular,2D,,,2026-08-01,2026,,,145,,Ashdod,Hot Cinema,574
16:30,Minions & Monsters,מיניונים ומפלצות,https://tickets.hotcinema.co.il/site/1182/tickets?code=1182-62682&languageid=en_gb,https://tickets.hotcinema.co.il/site/1182/tickets?code=1182-62682&languageid=he_IL,Not Just Cinema,2D,,Hebrew,2026-08-04,2026,,,90,All,Ashdod,Hot Cinema,574
20:30,Spider-Man: Brand new day,ספיידרמן: יום חדש,https://tickets.hotcinema.co.il/site/1182/tickets?code=1182-63836&languageid=en_gb,https://tickets.hotcinema.co.il/site/1182/tickets?code=1182-63836&languageid=he_IL,Regular,2D,,French,2026-08-04,2026,,,145,,Ashdod,Hot Cinema,574
17:30,Moana,מואנה - לייב אקשן,https://tickets.hotcinema.co.il/site/1182/tickets?code=1182-64345&languageid=en_gb,https://tickets.hotcinema.co.il/site/1182/tickets?code=1182-64345&languageid=he_IL,Regular,2D,,French,2026-08-05,2026,,,115,All,Ashdod,Hot Cinema,574
17:30,WALL·E,סינמה נוסטלגיה - וול-E,https://tickets.hotcinema.co.il/site/1182/tickets?code=1182-62708&languageid=en_gb,https://tickets.hotcinema.co.il/site/1182/tickets?code=1182-62708&languageid=he_IL,Not Just Cinema,2D,,Hebrew,2026-08-06,2008,,,98,All,Ashdod,Hot Cinema,574
20:30,Spider-Man: Brand new day,ספיידרמן: יום חדש,https://tickets.hotcinema.co.il/site/1182/tickets?code=1182-63834&languageid=en_gb,https://tickets.hotcinema.co.il/site/1182/tickets?code=1182-63834&languageid=he_IL,Regular,2D,,French,2026-08-06,2026,,,145,,Ashdod,Hot Cinema,574
20:30,Spider-Man: Brand new day,ספיידרמן: יום חדש,https://tickets.hotcinema.co.il/site/1182/tickets?code=1182-63835&languageid=en_gb,https://tickets.hotcinema.co.il/site/1182/tickets?code=1182-63835&languageid=he_IL,Regular,2D,,French,2026-08-09,2026,,,145,,Ashdod,Hot Cinema,574
20:00,Superman - 1978,סינמה נוסטלגיה - סופרמן 1978,https://tickets.hotcinema.co.il/site/1182/tickets?code=1182-63233&languageid=en_gb,https://tickets.hotcinema.co.il/site/1182/tickets?code=1182-63233&languageid=he_IL,Not Just Cinema,2D,,,2026-08-13,1978,,,143,,Ashdod,Hot Cinema,574
20:00,Superman 2 The Richard Donner Cut,סינמה נוסטלגיה - סופרמן 2 גרסת הבמאי,https://tickets.hotcinema.co.il/site/1182/tickets?code=1182-63856&languageid=en_gb,https://tickets.hotcinema.co.il/site/1182/tickets?code=1182-63856&languageid=he_IL,Not Just Cinema,2D,,,2026-08-20,2006,,,116,All,Ashdod,Hot Cinema,574
17:30,Tangled,סינמה נוסטלגיה - פלונטר,https://tickets.hotcinema.co.il/site/1182/tickets?code=1182-63860&languageid=en_gb,https://tickets.hotcinema.co.il/site/1182/tickets?code=1182-63860&languageid=he_IL,Not Just Cinema,2D,,Hebrew,2026-08-27,2010,,,100,All,Ashdod,Hot Cinema,574
17:30,Tangled,סינמה נוסטלגיה - פלונטר,https://tickets.hotcinema.co.il/site/1182/tickets?code=1182-63861&languageid=en_gb,https://tickets.hotcinema.co.il/site/1182/tickets?code=1182-63861&languageid=he_IL,Not Just Cinema,2D,,Hebrew,2026-08-28,2010,,,100,All,Ashdod,Hot Cinema,574
17:30,Tangled,סינמה נוסטלגיה - פלונטר,https://tickets.hotcinema.co.il/site/1182/tickets?code=1182-63862&languageid=en_gb,https://tickets.hotcinema.co.il/site/1182/tickets?code=1182-63862&languageid=he_IL,Not Just Cinema,2D,,Hebrew,2026-08-29,2010,,,100,All,Ashdod,Hot Cinema,574
09:30,Pirate Water Park,Pirate Water Park,https://tickets.hotcinema.co.il/site/1196/tickets?code=1196-53&languageid=en_gb,https://tickets.hotcinema.co.il/site/1196/tickets?code=1196-53&languageid=he_IL,Not Just Cinema,2D,,,2026-07-28,,,,,,HOT CINEMA,Hot Cinema,574
12:00,Pirate Water Park,Pirate Water Park,https://tickets.hotcinema.co.il/site/1196/tickets?code=1196-54&languageid=en_gb,https://tickets.hotcinema.co.il/site/1196/tickets?code=1196-54&languageid=he_IL,Not Just Cinema,2D,,,2026-07-28,,,,,,HOT CINEMA,Hot Cinema,574
14:30,Pirate Water Park,Pirate Water Park,https://tickets.hotcinema.co.il/site/1196/tickets?code=1196-55&languageid=en_gb,https://tickets.hotcinema.co.il/site/1196/tickets?code=1196-55&languageid=he_IL,Not Just Cinema,2D,,,2026-07-28,,,,,,HOT CINEMA,Hot Cinema,574
16:45,Pirate Water Park,Pirate Water Park,https://tickets.hotcinema.co.il/site/1196/tickets?code=1196-56&languageid=en_gb,https://tickets.hotcinema.co.il/site/1196/tickets?code=1196-56&languageid=he_IL,Not Just Cinema,2D,,,2026-07-28,,,,,,HOT CINEMA,Hot Cinema,574
09:30,Pirate Water Park,Pirate Water Park,https://tickets.hotcinema.co.il/site/1196/tickets?code=1196-76&languageid=en_gb,https://tickets.hotcinema.co.il/site/1196/tickets?code=1196-76&languageid=he_IL,Not Just Cinema,2D,,,2026-07-29,,,,,,HOT CINEMA,Hot Cinema,574
12:00,Pirate Water Park,Pirate Water Park,https://tickets.hotcinema.co.il/site/1196/tickets?code=1196-77&languageid=en_gb,https://tickets.hotcinema.co.il/site/1196/tickets?code=1196-77&languageid=he_IL,Not Just Cinema,2D,,,2026-07-29,,,,,,HOT CINEMA,Hot Cinema,574
14:30,Pirate Water Park,Pirate Water Park,https://tickets.hotcinema.co.il/site/1196/tickets?code=1196-78&languageid=en_gb,https://tickets.hotcinema.co.il/site/1196/tickets?code=1196-78&languageid=he_IL,Not Just Cinema,2D,,,2026-07-29,,,,,,HOT CINEMA,Hot Cinema,574
16:45,Pirate Water Park,Pirate Water Park,https://tickets.hotcinema.co.il/site/1196/tickets?code=1196-57&languageid=en_gb,https://tickets.hotcinema.co.il/site/1196/tickets?code=1196-57&languageid=he_IL,Not Just Cinema,2D,,,2026-07-29,,,,,,HOT CINEMA,Hot Cinema,574
09:30,Pirate Water Park,Pirate Water Park,https://tickets.hotcinema.co.il/site/1196/tickets?code=1196-79&languageid=en_gb,https://tickets.hotcinema.co.il/site/1196/tickets?code=1196-79&languageid=he_IL,Not Just Cinema,2D,,,2026-07-30,,,,,,HOT CINEMA,Hot Cinema,574
12:00,Pirate Water Park,Pirate Water Park,https://tickets.hotcinema.co.il/site/1196/tickets?code=1196-80&languageid=en_gb,https://tickets.hotcinema.co.il/site/1196/tickets?code=1196-80&languageid=he_IL,Not Just Cinema,2D,,,2026-07-30,,,,,,HOT CINEMA,Hot Cinema,574
14:30,Pirate Water Park,Pirate Water Park,https://tickets.hotcinema.co.il/site/1196/tickets?code=1196-81&languageid=en_gb,https://tickets.hotcinema.co.il/site/1196/tickets?code=1196-81&languageid=he_IL,Not Just Cinema,2D,,,2026-07-30,,,,,,HOT CINEMA,Hot Cinema,574
16:45,Pirate Water Park,Pirate Water Park,https://tickets.hotcinema.co.il/site/1196/tickets?code=1196-58&languageid=en_gb,https://tickets.hotcinema.co.il/site/1196/tickets?code=1196-58&languageid=he_IL,Not Just Cinema,2D,,,2026-07-30,,,,,,HOT CINEMA,Hot Cinema,574
09:30,Pirate Water Park,Pirate Water Park,https://tickets.hotcinema.co.il/site/1196/tickets?code=1196-82&languageid=en_gb,https://tickets.hotcinema.co.il/site/1196/tickets?code=1196-82&languageid=he_IL,Not Just Cinema,2D,,,2026-07-31,,,,,,HOT CINEMA,Hot Cinema,574
12:00,Pirate Water Park,Pirate Water Park,https://tickets.hotcinema.co.il/site/1196/tickets?code=1196-83&languageid=en_gb,https://tickets.hotcinema.co.il/site/1196/tickets?code=1196-83&languageid=he_IL,Not Just Cinema,2D,,,2026-07-31,,,,,,HOT CINEMA,Hot Cinema,574
09:30,Pirate Water Park,Pirate Water Park,https://tickets.hotcinema.co.il/site/1196/tickets?code=1196-84&languageid=en_gb,https://tickets.hotcinema.co.il/site/1196/tickets?code=1196-84&languageid=he_IL,Not Just Cinema,2D,,,2026-08-02,,,,,,HOT CINEMA,Hot Cinema,574
12:00,Pirate Water Park,Pirate Water Park,https://tickets.hotcinema.co.il/site/1196/tickets?code=1196-85&languageid=en_gb,https://tickets.hotcinema.co.il/site/1196/tickets?code=1196-85&languageid=he_IL,Not Just Cinema,2D,,,2026-08-02,,,,,,HOT CINEMA,Hot Cinema,574
14:30,Pirate Water Park,Pirate Water Park,https://tickets.hotcinema.co.il/site/1196/tickets?code=1196-86&languageid=en_gb,https://tickets.hotcinema.co.il/site/1196/tickets?code=1196-86&languageid=he_IL,Not Just Cinema,2D,,,2026-08-02,,,,,,HOT CINEMA,Hot Cinema,574
16:45,Pirate Water Park,Pirate Water Park,https://tickets.hotcinema.co.il/site/1196/tickets?code=1196-61&languageid=en_gb,https://tickets.hotcinema.co.il/site/1196/tickets?code=1196-61&languageid=he_IL,Not Just Cinema,2D,,,2026-08-02,,,,,,HOT CINEMA,Hot Cinema,574
09:30,Pirate Water Park,Pirate Water Park,https://tickets.hotcinema.co.il/site/1196/tickets?code=1196-87&languageid=en_gb,https://tickets.hotcinema.co.il/site/1196/tickets?code=1196-87&languageid=he_IL,Not Just Cinema,2D,,,2026-08-03,,,,,,HOT CINEMA,Hot Cinema,574
12:00,Pirate Water Park,Pirate Water Park,https://tickets.hotcinema.co.il/site/1196/tickets?code=1196-174&languageid=en_gb,https://tickets.hotcinema.co.il/site/1196/tickets?code=1196-174&languageid=he_IL,Not Just Cinema,2D,,,2026-08-03,,,,,,HOT CINEMA,Hot Cinema,574
14:30,Pirate Water Park,Pirate Water Park,https://tickets.hotcinema.co.il/site/1196/tickets?code=1196-89&languageid=en_gb,https://tickets.hotcinema.co.il/site/1196/tickets?code=1196-89&languageid=he_IL,Not Just Cinema,2D,,,2026-08-03,,,,,,HOT CINEMA,Hot Cinema,574
16:45,Pirate Water Park,Pirate Water Park,https://tickets.hotcinema.co.il/site/1196/tickets?code=1196-62&languageid=en_gb,https://tickets.hotcinema.co.il/site/1196/tickets?code=1196-62&languageid=he_IL,Not Just Cinema,2D,,,2026-08-03,,,,,,HOT CINEMA,Hot Cinema,574
09:30,Pirate Water Park,Pirate Water Park,https://tickets.hotcinema.co.il/site/1196/tickets?code=1196-90&languageid=en_gb,https://tickets.hotcinema.co.il/site/1196/tickets?code=1196-90&languageid=he_IL,Not Just Cinema,2D,,,2026-08-04,,,,,,HOT CINEMA,Hot Cinema,574
12:00,Pirate Water Park,Pirate Water Park,https://tickets.hotcinema.co.il/site/1196/tickets?code=1196-63&languageid=en_gb,https://tickets.hotcinema.co.il/site/1196/tickets?code=1196-63&languageid=he_IL,Not Just Cinema,2D,,,2026-08-04,,,,,,HOT CINEMA,Hot Cinema,574
14:30,Pirate Water Park,Pirate Water Park,https://tickets.hotcinema.co.il/site/1196/tickets?code=1196-64&languageid=en_gb,https://tickets.hotcinema.co.il/site/1196/tickets?code=1196-64&languageid=he_IL,Not Just Cinema,2D,,,2026-08-04,,,,,,HOT CINEMA,Hot Cinema,574
16:45,Pirate Water Park,Pirate Water Park,https://tickets.hotcinema.co.il/site/1196/tickets?code=1196-65&languageid=en_gb,https://tickets.hotcinema.co.il/site/1196/tickets?code=1196-65&languageid=he_IL,Not Just Cinema,2D,,,2026-08-04,,,,,,HOT CINEMA,Hot Cinema,574
09:30,Pirate Water Park,Pirate Water Park,https://tickets.hotcinema.co.il/site/1196/tickets?code=1196-91&languageid=en_gb,https://tickets.hotcinema.co.il/site/1196/tickets?code=1196-91&languageid=he_IL,Not Just Cinema,2D,,,2026-08-05,,,,,,HOT CINEMA,Hot Cinema,574
12:00,Pirate Water Park,Pirate Water Park,https://tickets.hotcinema.co.il/site/1196/tickets?code=1196-92&languageid=en_gb,https://tickets.hotcinema.co.il/site/1196/tickets?code=1196-92&languageid=he_IL,Not Just Cinema,2D,,,2026-08-05,,,,,,HOT CINEMA,Hot Cinema,574
14:30,Pirate Water Park,Pirate Water Park,https://tickets.hotcinema.co.il/site/1196/tickets?code=1196-93&languageid=en_gb,https://tickets.hotcinema.co.il/site/1196/tickets?code=1196-93&languageid=he_IL,Not Just Cinema,2D,,,2026-08-05,,,,,,HOT CINEMA,Hot Cinema,574
16:45,Pirate Water Park,Pirate Water Park,https://tickets.hotcinema.co.il/site/1196/tickets?code=1196-66&languageid=en_gb,https://tickets.hotcinema.co.il/site/1196/tickets?code=1196-66&languageid=he_IL,Not Just Cinema,2D,,,2026-08-05,,,,,,HOT CINEMA,Hot Cinema,574
09:30,Pirate Water Park,Pirate Water Park,https://tickets.hotcinema.co.il/site/1196/tickets?code=1196-94&languageid=en_gb,https://tickets.hotcinema.co.il/site/1196/tickets?code=1196-94&languageid=he_IL,Not Just Cinema,2D,,,2026-08-06,,,,,,HOT CINEMA,Hot Cinema,574
12:00,Pirate Water Park,Pirate Water Park,https://tickets.hotcinema.co.il/site/1196/tickets?code=1196-95&languageid=en_gb,https://tickets.hotcinema.co.il/site/1196/tickets?code=1196-95&languageid=he_IL,Not Just Cinema,2D,,,2026-08-06,,,,,,HOT CINEMA,Hot Cinema,574
14:30,Pirate Water Park,Pirate Water Park,https://tickets.hotcinema.co.il/site/1196/tickets?code=1196-96&languageid=en_gb,https://tickets.hotcinema.co.il/site/1196/tickets?code=1196-96&languageid=he_IL,Not Just Cinema,2D,,,2026-08-06,,,,,,HOT CINEMA,Hot Cinema,574
16:45,Pirate Water Park,Pirate Water Park,https://tickets.hotcinema.co.il/site/1196/tickets?code=1196-67&languageid=en_gb,https://tickets.hotcinema.co.il/site/1196/tickets?code=1196-67&languageid=he_IL,Not Just Cinema,2D,,,2026-08-06,,,,,,HOT CINEMA,Hot Cinema,574
09:30,Pirate Water Park,Pirate Water Park,https://tickets.hotcinema.co.il/site/1196/tickets?code=1196-97&languageid=en_gb,https://tickets.hotcinema.co.il/site/1196/tickets?code=1196-97&languageid=he_IL,Not Just Cinema,2D,,,2026-08-07,,,,,,HOT CINEMA,Hot Cinema,574
12:00,Pirate Water Park,Pirate Water Park,https://tickets.hotcinema.co.il/site/1196/tickets?code=1196-98&languageid=en_gb,https://tickets.hotcinema.co.il/site/1196/tickets?code=1196-98&languageid=he_IL,Not Just Cinema,2D,,,2026-08-07,,,,,,HOT CINEMA,Hot Cinema,574
09:30,Pirate Water Park,Pirate Water Park,https://tickets.hotcinema.co.il/site/1196/tickets?code=1196-99&languageid=en_gb,https://tickets.hotcinema.co.il/site/1196/tickets?code=1196-99&languageid=he_IL,Not Just Cinema,2D,,,2026-08-09,,,,,,HOT CINEMA,Hot Cinema,574
12:00,Pirate Water Park,Pirate Water Park,https://tickets.hotcinema.co.il/site/1196/tickets?code=1196-100&languageid=en_gb,https://tickets.hotcinema.co.il/site/1196/tickets?code=1196-100&languageid=he_IL,Not Just Cinema,2D,,,2026-08-09,,,,,,HOT CINEMA,Hot Cinema,574
14:30,Pirate Water Park,Pirate Water Park,https://tickets.hotcinema.co.il/site/1196/tickets?code=1196-101&languageid=en_gb,https://tickets.hotcinema.co.il/site/1196/tickets?code=1196-101&languageid=he_IL,Not Just Cinema,2D,,,2026-08-09,,,,,,HOT CINEMA,Hot Cinema,574
16:45,Pirate Water Park,Pirate Water Park,https://tickets.hotcinema.co.il/site/1196/tickets?code=1196-70&languageid=en_gb,https://tickets.hotcinema.co.il/site/1196/tickets?code=1196-70&languageid=he_IL,Not Just Cinema,2D,,,2026-08-09,,,,,,HOT CINEMA,Hot Cinema,574
20:00,Grease,סינמה נוסטלגיה - גריז,https://tickets.hotcinema.co.il/site/1196/tickets?code=1196-37&languageid=en_gb,https://tickets.hotcinema.co.il/site/1196/tickets?code=1196-37&languageid=he_IL,Not Just Cinema,2D,,,2026-08-10,1978,,,110,14+,HOT CINEMA,Hot Cinema,574
09:30,Pirate Water Park,Pirate Water Park,https://tickets.hotcinema.co.il/site/1196/tickets?code=1196-102&languageid=en_gb,https://tickets.hotcinema.co.il/site/1196/tickets?code=1196-102&languageid=he_IL,Not Just Cinema,2D,,,2026-08-10,,,,,,HOT CINEMA,Hot Cinema,574
12:00,Pirate Water Park,Pirate Water Park,https://tickets.hotcinema.co.il/site/1196/tickets?code=1196-103&languageid=en_gb,https://tickets.hotcinema.co.il/site/1196/tickets?code=1196-103&languageid=he_IL,Not Just Cinema,2D,,,2026-08-10,,,,,,HOT CINEMA,Hot Cinema,574
14:30,Pirate Water Park,Pirate Water Park,https://tickets.hotcinema.co.il/site/1196/tickets?code=1196-104&languageid=en_gb,https://tickets.hotcinema.co.il/site/1196/tickets?code=1196-104&languageid=he_IL,Not Just Cinema,2D,,,2026-08-10,,,,,,HOT CINEMA,Hot Cinema,574
16:45,Pirate Water Park,Pirate Water Park,https://tickets.hotcinema.co.il/site/1196/tickets?code=1196-71&languageid=en_gb,https://tickets.hotcinema.co.il/site/1196/tickets?code=1196-71&languageid=he_IL,Not Just Cinema,2D,,,2026-08-10,,,,,,HOT CINEMA,Hot Cinema,574
09:30,Pirate Water Park,Pirate Water Park,https://tickets.hotcinema.co.il/site/1196/tickets?code=1196-105&languageid=en_gb,https://tickets.hotcinema.co.il/site/1196/tickets?code=1196-105&languageid=he_IL,Not Just Cinema,2D,,,2026-08-11,,,,,,HOT CINEMA,Hot Cinema,574
12:00,Pirate Water Park,Pirate Water Park,https://tickets.hotcinema.co.il/site/1196/tickets?code=1196-72&languageid=en_gb,https://tickets.hotcinema.co.il/site/1196/tickets?code=1196-72&languageid=he_IL,Not Just Cinema,2D,,,2026-08-11,,,,,,HOT CINEMA,Hot Cinema,574
14:30,Pirate Water Park,Pirate Water Park,https://tickets.hotcinema.co.il/site/1196/tickets?code=1196-73&languageid=en_gb,https://tickets.hotcinema.co.il/site/1196/tickets?code=1196-73&languageid=he_IL,Not Just Cinema,2D,,,2026-08-11,,,,,,HOT CINEMA,Hot Cinema,574
16:45,Pirate Water Park,Pirate Water Park,https://tickets.hotcinema.co.il/site/1196/tickets?code=1196-74&languageid=en_gb,https://tickets.hotcinema.co.il/site/1196/tickets?code=1196-74&languageid=he_IL,Not Just Cinema,2D,,,2026-08-11,,,,,,HOT CINEMA,Hot Cinema,574
09:30,Pirate Water Park,Pirate Water Park,https://tickets.hotcinema.co.il/site/1196/tickets?code=1196-106&languageid=en_gb,https://tickets.hotcinema.co.il/site/1196/tickets?code=1196-106&languageid=he_IL,Not Just Cinema,2D,,,2026-08-12,,,,,,HOT CINEMA,Hot Cinema,574
12:00,Pirate Water Park,Pirate Water Park,https://tickets.hotcinema.co.il/site/1196/tickets?code=1196-107&languageid=en_gb,https://tickets.hotcinema.co.il/site/1196/tickets?code=1196-107&languageid=he_IL,Not Just Cinema,2D,,,2026-08-12,,,,,,HOT CINEMA,Hot Cinema,574
14:30,Pirate Water Park,Pirate Water Park,https://tickets.hotcinema.co.il/site/1196/tickets?code=1196-108&languageid=en_gb,https://tickets.hotcinema.co.il/site/1196/tickets?code=1196-108&languageid=he_IL,Not Just Cinema,2D,,,2026-08-12,,,,,,HOT CINEMA,Hot Cinema,574
16:45,Pirate Water Park,Pirate Water Park,https://tickets.hotcinema.co.il/site/1196/tickets?code=1196-75&languageid=en_gb,https://tickets.hotcinema.co.il/site/1196/tickets?code=1196-75&languageid=he_IL,Not Just Cinema,2D,,,2026-08-12,,,,,,HOT CINEMA,Hot Cinema,574
09:30,Pirate Water Park,Pirate Water Park,https://tickets.hotcinema.co.il/site/1196/tickets?code=1196-127&languageid=en_gb,https://tickets.hotcinema.co.il/site/1196/tickets?code=1196-127&languageid=he_IL,Not Just Cinema,2D,,,2026-08-13,,,,,,HOT CINEMA,Hot Cinema,574
12:00,Pirate Water Park,Pirate Water Park,https://tickets.hotcinema.co.il/site/1196/tickets?code=1196-128&languageid=en_gb,https://tickets.hotcinema.co.il/site/1196/tickets?code=1196-128&languageid=he_IL,Not Just Cinema,2D,,,2026-08-13,,,,,,HOT CINEMA,Hot Cinema,574
14:30,Pirate Water Park,Pirate Water Park,https://tickets.hotcinema.co.il/site/1196/tickets?code=1196-129&languageid=en_gb,https://tickets.hotcinema.co.il/site/1196/tickets?code=1196-129&languageid=he_IL,Not Just Cinema,2D,,,2026-08-13,,,,,,HOT CINEMA,Hot Cinema,574
16:45,Pirate Water Park,Pirate Water Park,https://tickets.hotcinema.co.il/site/1196/tickets?code=1196-109&languageid=en_gb,https://tickets.hotcinema.co.il/site/1196/tickets?code=1196-109&languageid=he_IL,Not Just Cinema,2D,,,2026-08-13,,,,,,HOT CINEMA,Hot Cinema,574
09:30,Pirate Water Park,Pirate Water Park,https://tickets.hotcinema.co.il/site/1196/tickets?code=1196-175&languageid=en_gb,https://tickets.hotcinema.co.il/site/1196/tickets?code=1196-175&languageid=he_IL,Not Just Cinema,2D,,,2026-08-14,,,,,,HOT CINEMA,Hot Cinema,574
12:00,Pirate Water Park,Pirate Water Park,https://tickets.hotcinema.co.il/site/1196/tickets?code=1196-131&languageid=en_gb,https://tickets.hotcinema.co.il/site/1196/tickets?code=1196-131&languageid=he_IL,Not Just Cinema,2D,,,2026-08-14,,,,,,HOT CINEMA,Hot Cinema,574
09:30,Pirate Water Park,Pirate Water Park,https://tickets.hotcinema.co.il/site/1196/tickets?code=1196-132&languageid=en_gb,https://tickets.hotcinema.co.il/site/1196/tickets?code=1196-132&languageid=he_IL,Not Just Cinema,2D,,,2026-08-16,,,,,,HOT CINEMA,Hot Cinema,574
12:00,Pirate Water Park,Pirate Water Park,https://tickets.hotcinema.co.il/site/1196/tickets?code=1196-133&languageid=en_gb,https://tickets.hotcinema.co.il/site/1196/tickets?code=1196-133&languageid=he_IL,Not Just Cinema,2D,,,2026-08-16,,,,,,HOT CINEMA,Hot Cinema,574
14:30,Pirate Water Park,Pirate Water Park,https://tickets.hotcinema.co.il/site/1196/tickets?code=1196-134&languageid=en_gb,https://tickets.hotcinema.co.il/site/1196/tickets?code=1196-134&languageid=he_IL,Not Just Cinema,2D,,,2026-08-16,,,,,,HOT CINEMA,Hot Cinema,574
16:45,Pirate Water Park,Pirate Water Park,https://tickets.hotcinema.co.il/site/1196/tickets?code=1196-112&languageid=en_gb,https://tickets.hotcinema.co.il/site/1196/tickets?code=1196-112&languageid=he_IL,Not Just Cinema,2D,,,2026-08-16,,,,,,HOT CINEMA,Hot Cinema,574
09:30,Pirate Water Park,Pirate Water Park,https://tickets.hotcinema.co.il/site/1196/tickets?code=1196-135&languageid=en_gb,https://tickets.hotcinema.co.il/site/1196/tickets?code=1196-135&languageid=he_IL,Not Just Cinema,2D,,,2026-08-17,,,,,,HOT CINEMA,Hot Cinema,574
12:00,Pirate Water Park,Pirate Water Park,https://tickets.hotcinema.co.il/site/1196/tickets?code=1196-136&languageid=en_gb,https://tickets.hotcinema.co.il/site/1196/tickets?code=1196-136&languageid=he_IL,Not Just Cinema,2D,,,2026-08-17,,,,,,HOT CINEMA,Hot Cinema,574
14:30,Pirate Water Park,Pirate Water Park,https://tickets.hotcinema.co.il/site/1196/tickets?code=1196-137&languageid=en_gb,https://tickets.hotcinema.co.il/site/1196/tickets?code=1196-137&languageid=he_IL,Not Just Cinema,2D,,,2026-08-17,,,,,,HOT CINEMA,Hot Cinema,574
16:45,Pirate Water Park,Pirate Water Park,https://tickets.hotcinema.co.il/site/1196/tickets?code=1196-113&languageid=en_gb,https://tickets.hotcinema.co.il/site/1196/tickets?code=1196-113&languageid=he_IL,Not Just Cinema,2D,,,2026-08-17,,,,,,HOT CINEMA,Hot Cinema,574
09:30,Pirate Water Park,Pirate Water Park,https://tickets.hotcinema.co.il/site/1196/tickets?code=1196-138&languageid=en_gb,https://tickets.hotcinema.co.il/site/1196/tickets?code=1196-138&languageid=he_IL,Not Just Cinema,2D,,,2026-08-18,,,,,,HOT CINEMA,Hot Cinema,574
12:00,Pirate Water Park,Pirate Water Park,https://tickets.hotcinema.co.il/site/1196/tickets?code=1196-115&languageid=en_gb,https://tickets.hotcinema.co.il/site/1196/tickets?code=1196-115&languageid=he_IL,Not Just Cinema,2D,,,2026-08-18,,,,,,HOT CINEMA,Hot Cinema,574
14:30,Pirate Water Park,Pirate Water Park,https://tickets.hotcinema.co.il/site/1196/tickets?code=1196-116&languageid=en_gb,https://tickets.hotcinema.co.il/site/1196/tickets?code=1196-116&languageid=he_IL,Not Just Cinema,2D,,,2026-08-18,,,,,,HOT CINEMA,Hot Cinema,574
16:45,Pirate Water Park,Pirate Water Park,https://tickets.hotcinema.co.il/site/1196/tickets?code=1196-114&languageid=en_gb,https://tickets.hotcinema.co.il/site/1196/tickets?code=1196-114&languageid=he_IL,Not Just Cinema,2D,,,2026-08-18,,,,,,HOT CINEMA,Hot Cinema,574
09:30,Pirate Water Park,Pirate Water Park,https://tickets.hotcinema.co.il/site/1196/tickets?code=1196-141&languageid=en_gb,https://tickets.hotcinema.co.il/site/1196/tickets?code=1196-141&languageid=he_IL,Not Just Cinema,2D,,,2026-08-19,,,,,,HOT CINEMA,Hot Cinema,574
12:00,Pirate Water Park,Pirate Water Park,https://tickets.hotcinema.co.il/site/1196/tickets?code=1196-140&languageid=en_gb,https://tickets.hotcinema.co.il/site/1196/tickets?code=1196-140&languageid=he_IL,Not Just Cinema,2D,,,2026-08-19,,,,,,HOT CINEMA,Hot Cinema,574
14:30,Pirate Water Park,Pirate Water Park,https://tickets.hotcinema.co.il/site/1196/tickets?code=1196-139&languageid=en_gb,https://tickets.hotcinema.co.il/site/1196/tickets?code=1196-139&languageid=he_IL,Not Just Cinema,2D,,,2026-08-19,,,,,,HOT CINEMA,Hot Cinema,574
16:45,Pirate Water Park,Pirate Water Park,https://tickets.hotcinema.co.il/site/1196/tickets?code=1196-117&languageid=en_gb,https://tickets.hotcinema.co.il/site/1196/tickets?code=1196-117&languageid=he_IL,Not Just Cinema,2D,,,2026-08-19,,,,,,HOT CINEMA,Hot Cinema,574
09:30,Pirate Water Park,Pirate Water Park,https://tickets.hotcinema.co.il/site/1196/tickets?code=1196-144&languageid=en_gb,https://tickets.hotcinema.co.il/site/1196/tickets?code=1196-144&languageid=he_IL,Not Just Cinema,2D,,,2026-08-20,,,,,,HOT CINEMA,Hot Cinema,574
12:00,Pirate Water Park,Pirate Water Park,https://tickets.hotcinema.co.il/site/1196/tickets?code=1196-143&languageid=en_gb,https://tickets.hotcinema.co.il/site/1196/tickets?code=1196-143&languageid=he_IL,Not Just Cinema,2D,,,2026-08-20,,,,,,HOT CINEMA,Hot Cinema,574
14:30,Pirate Water Park,Pirate Water Park,https://tickets.hotcinema.co.il/site/1196/tickets?code=1196-142&languageid=en_gb,https://tickets.hotcinema.co.il/site/1196/tickets?code=1196-142&languageid=he_IL,Not Just Cinema,2D,,,2026-08-20,,,,,,HOT CINEMA,Hot Cinema,574
16:45,Pirate Water Park,Pirate Water Park,https://tickets.hotcinema.co.il/site/1196/tickets?code=1196-118&languageid=en_gb,https://tickets.hotcinema.co.il/site/1196/tickets?code=1196-118&languageid=he_IL,Not Just Cinema,2D,,,2026-08-20,,,,,,HOT CINEMA,Hot Cinema,574
09:30,Pirate Water Park,Pirate Water Park,https://tickets.hotcinema.co.il/site/1196/tickets?code=1196-146&languageid=en_gb,https://tickets.hotcinema.co.il/site/1196/tickets?code=1196-146&languageid=he_IL,Not Just Cinema,2D,,,2026-08-21,,,,,,HOT CINEMA,Hot Cinema,574
12:00,Pirate Water Park,Pirate Water Park,https://tickets.hotcinema.co.il/site/1196/tickets?code=1196-145&languageid=en_gb,https://tickets.hotcinema.co.il/site/1196/tickets?code=1196-145&languageid=he_IL,Not Just Cinema,2D,,,2026-08-21,,,,,,HOT CINEMA,Hot Cinema,574
09:30,Pirate Water Park,Pirate Water Park,https://tickets.hotcinema.co.il/site/1196/tickets?code=1196-149&languageid=en_gb,https://tickets.hotcinema.co.il/site/1196/tickets?code=1196-149&languageid=he_IL,Not Just Cinema,2D,,,2026-08-23,,,,,,HOT CINEMA,Hot Cinema,574
12:00,Pirate Water Park,Pirate Water Park,https://tickets.hotcinema.co.il/site/1196/tickets?code=1196-148&languageid=en_gb,https://tickets.hotcinema.co.il/site/1196/tickets?code=1196-148&languageid=he_IL,Not Just Cinema,2D,,,2026-08-23,,,,,,HOT CINEMA,Hot Cinema,574
14:30,Pirate Water Park,Pirate Water Park,https://tickets.hotcinema.co.il/site/1196/tickets?code=1196-147&languageid=en_gb,https://tickets.hotcinema.co.il/site/1196/tickets?code=1196-147&languageid=he_IL,Not Just Cinema,2D,,,2026-08-23,,,,,,HOT CINEMA,Hot Cinema,574
16:45,Pirate Water Park,Pirate Water Park,https://tickets.hotcinema.co.il/site/1196/tickets?code=1196-121&languageid=en_gb,https://tickets.hotcinema.co.il/site/1196/tickets?code=1196-121&languageid=he_IL,Not Just Cinema,2D,,,2026-08-23,,,,,,HOT CINEMA,Hot Cinema,574
09:30,Pirate Water Park,Pirate Water Park,https://tickets.hotcinema.co.il/site/1196/tickets?code=1196-152&languageid=en_gb,https://tickets.hotcinema.co.il/site/1196/tickets?code=1196-152&languageid=he_IL,Not Just Cinema,2D,,,2026-08-24,,,,,,HOT CINEMA,Hot Cinema,574
12:00,Pirate Water Park,Pirate Water Park,https://tickets.hotcinema.co.il/site/1196/tickets?code=1196-151&languageid=en_gb,https://tickets.hotcinema.co.il/site/1196/tickets?code=1196-151&languageid=he_IL,Not Just Cinema,2D,,,2026-08-24,,,,,,HOT CINEMA,Hot Cinema,574
14:30,Pirate Water Park,Pirate Water Park,https://tickets.hotcinema.co.il/site/1196/tickets?code=1196-150&languageid=en_gb,https://tickets.hotcinema.co.il/site/1196/tickets?code=1196-150&languageid=he_IL,Not Just Cinema,2D,,,2026-08-24,,,,,,HOT CINEMA,Hot Cinema,574
16:45,Pirate Water Park,Pirate Water Park,https://tickets.hotcinema.co.il/site/1196/tickets?code=1196-122&languageid=en_gb,https://tickets.hotcinema.co.il/site/1196/tickets?code=1196-122&languageid=he_IL,Not Just Cinema,2D,,,2026-08-24,,,,,,HOT CINEMA,Hot Cinema,574
09:30,Pirate Water Park,Pirate Water Park,https://tickets.hotcinema.co.il/site/1196/tickets?code=1196-154&languageid=en_gb,https://tickets.hotcinema.co.il/site/1196/tickets?code=1196-154&languageid=he_IL,Not Just Cinema,2D,,,2026-08-25,,,,,,HOT CINEMA,Hot Cinema,574
12:00,Pirate Water Park,Pirate Water Park,https://tickets.hotcinema.co.il/site/1196/tickets?code=1196-124&languageid=en_gb,https://tickets.hotcinema.co.il/site/1196/tickets?code=1196-124&languageid=he_IL,Not Just Cinema,2D,,,2026-08-25,,,,,,HOT CINEMA,Hot Cinema,574
14:30,Pirate Water Park,Pirate Water Park,https://tickets.hotcinema.co.il/site/1196/tickets?code=1196-153&languageid=en_gb,https://tickets.hotcinema.co.il/site/1196/tickets?code=1196-153&languageid=he_IL,Not Just Cinema,2D,,,2026-08-25,,,,,,HOT CINEMA,Hot Cinema,574
16:45,Pirate Water Park,Pirate Water Park,https://tickets.hotcinema.co.il/site/1196/tickets?code=1196-123&languageid=en_gb,https://tickets.hotcinema.co.il/site/1196/tickets?code=1196-123&languageid=he_IL,Not Just Cinema,2D,,,2026-08-25,,,,,,HOT CINEMA,Hot Cinema,574
09:30,Pirate Water Park,Pirate Water Park,https://tickets.hotcinema.co.il/site/1196/tickets?code=1196-157&languageid=en_gb,https://tickets.hotcinema.co.il/site/1196/tickets?code=1196-157&languageid=he_IL,Not Just Cinema,2D,,,2026-08-26,,,,,,HOT CINEMA,Hot Cinema,574
12:00,Pirate Water Park,Pirate Water Park,https://tickets.hotcinema.co.il/site/1196/tickets?code=1196-156&languageid=en_gb,https://tickets.hotcinema.co.il/site/1196/tickets?code=1196-156&languageid=he_IL,Not Just Cinema,2D,,,2026-08-26,,,,,,HOT CINEMA,Hot Cinema,574
14:30,Pirate Water Park,Pirate Water Park,https://tickets.hotcinema.co.il/site/1196/tickets?code=1196-155&languageid=en_gb,https://tickets.hotcinema.co.il/site/1196/tickets?code=1196-155&languageid=he_IL,Not Just Cinema,2D,,,2026-08-26,,,,,,HOT CINEMA,Hot Cinema,574
16:45,Pirate Water Park,Pirate Water Park,https://tickets.hotcinema.co.il/site/1196/tickets?code=1196-126&languageid=en_gb,https://tickets.hotcinema.co.il/site/1196/tickets?code=1196-126&languageid=he_IL,Not Just Cinema,2D,,,2026-08-26,,,,,,HOT CINEMA,Hot Cinema,574
09:30,Pirate Water Park,Pirate Water Park,https://tickets.hotcinema.co.il/site/1196/tickets?code=1196-161&languageid=en_gb,https://tickets.hotcinema.co.il/site/1196/tickets?code=1196-161&languageid=he_IL,Not Just Cinema,2D,,,2026-08-27,,,,,,HOT CINEMA,Hot Cinema,574
12:00,Pirate Water Park,Pirate Water Park,https://tickets.hotcinema.co.il/site/1196/tickets?code=1196-160&languageid=en_gb,https://tickets.hotcinema.co.il/site/1196/tickets?code=1196-160&languageid=he_IL,Not Just Cinema,2D,,,2026-08-27,,,,,,HOT CINEMA,Hot Cinema,574
14:30,Pirate Water Park,Pirate Water Park,https://tickets.hotcinema.co.il/site/1196/tickets?code=1196-159&languageid=en_gb,https://tickets.hotcinema.co.il/site/1196/tickets?code=1196-159&languageid=he_IL,Not Just Cinema,2D,,,2026-08-27,,,,,,HOT CINEMA,Hot Cinema,574
16:45,Pirate Water Park,Pirate Water Park,https://tickets.hotcinema.co.il/site/1196/tickets?code=1196-158&languageid=en_gb,https://tickets.hotcinema.co.il/site/1196/tickets?code=1196-158&languageid=he_IL,Not Just Cinema,2D,,,2026-08-27,,,,,,HOT CINEMA,Hot Cinema,574
09:30,Pirate Water Park,Pirate Water Park,https://tickets.hotcinema.co.il/site/1196/tickets?code=1196-165&languageid=en_gb,https://tickets.hotcinema.co.il/site/1196/tickets?code=1196-165&languageid=he_IL,Not Just Cinema,2D,,,2026-08-28,,,,,,HOT CINEMA,Hot Cinema,574
12:00,Pirate Water Park,Pirate Water Park,https://tickets.hotcinema.co.il/site/1196/tickets?code=1196-164&languageid=en_gb,https://tickets.hotcinema.co.il/site/1196/tickets?code=1196-164&languageid=he_IL,Not Just Cinema,2D,,,2026-08-28,,,,,,HOT CINEMA,Hot Cinema,574
09:30,Pirate Water Park,Pirate Water Park,https://tickets.hotcinema.co.il/site/1196/tickets?code=1196-169&languageid=en_gb,https://tickets.hotcinema.co.il/site/1196/tickets?code=1196-169&languageid=he_IL,Not Just Cinema,2D,,,2026-08-30,,,,,,HOT CINEMA,Hot Cinema,574
12:00,Pirate Water Park,Pirate Water Park,https://tickets.hotcinema.co.il/site/1196/tickets?code=1196-168&languageid=en_gb,https://tickets.hotcinema.co.il/site/1196/tickets?code=1196-168&languageid=he_IL,Not Just Cinema,2D,,,2026-08-30,,,,,,HOT CINEMA,Hot Cinema,574
14:30,Pirate Water Park,Pirate Water Park,https://tickets.hotcinema.co.il/site/1196/tickets?code=1196-167&languageid=en_gb,https://tickets.hotcinema.co.il/site/1196/tickets?code=1196-167&languageid=he_IL,Not Just Cinema,2D,,,2026-08-30,,,,,,HOT CINEMA,Hot Cinema,574
16:45,Pirate Water Park,Pirate Water Park,https://tickets.hotcinema.co.il/site/1196/tickets?code=1196-166&languageid=en_gb,https://tickets.hotcinema.co.il/site/1196/tickets?code=1196-166&languageid=he_IL,Not Just Cinema,2D,,,2026-08-30,,,,,,HOT CINEMA,Hot Cinema,574
09:30,Pirate Water Park,Pirate Water Park,https://tickets.hotcinema.co.il/site/1196/tickets?code=1196-173&languageid=en_gb,https://tickets.hotcinema.co.il/site/1196/tickets?code=1196-173&languageid=he_IL,Not Just Cinema,2D,,,2026-08-31,,,,,,HOT CINEMA,Hot Cinema,574
12:00,Pirate Water Park,Pirate Water Park,https://tickets.hotcinema.co.il/site/1196/tickets?code=1196-172&languageid=en_gb,https://tickets.hotcinema.co.il/site/1196/tickets?code=1196-172&languageid=he_IL,Not Just Cinema,2D,,,2026-08-31,,,,,,HOT CINEMA,Hot Cinema,574
14:30,Pirate Water Park,Pirate Water Park,https://tickets.hotcinema.co.il/site/1196/tickets?code=1196-171&languageid=en_gb,https://tickets.hotcinema.co.il/site/1196/tickets?code=1196-171&languageid=he_IL,Not Just Cinema,2D,,,2026-08-31,,,,,,HOT CINEMA,Hot Cinema,574
16:45,Pirate Water Park,Pirate Water Park,https://tickets.hotcinema.co.il/site/1196/tickets?code=1196-170&languageid=en_gb,https://tickets.hotcinema.co.il/site/1196/tickets?code=1196-170&languageid=he_IL,Not Just Cinema,2D,,,2026-08-31,,,,,,HOT CINEMA,Hot Cinema,574
19:30,ערב אישי עם רוני שינקמן – הרצאה לוולנטיין,ערב אישי עם רוני שינקמן – הרצאה לוולנטיין,https://tickets.hotcinema.co.il/site/1198/tickets?code=1198-336&languageid=en_gb,https://tickets.hotcinema.co.il/site/1198/tickets?code=1198-336&languageid=he_IL,Not Just Cinema,2D,,,2026-08-04,,,,80,,HOT CINEMA DREAM STAGE,Hot Cinema,574
21:00,הטברנס – חפלה ים תיכונית!,הטברנס – חפלה ים תיכונית!,https://tickets.hotcinema.co.il/site/1198/tickets?code=1198-311&languageid=en_gb,https://tickets.hotcinema.co.il/site/1198/tickets?code=1198-311&languageid=he_IL,Not Just Cinema,2D,,,2026-08-13,,,,80,,HOT CINEMA DREAM STAGE,Hot Cinema,574
19:00,חיים שפירא,חיים שפירא,https://tickets.hotcinema.co.il/site/1198/tickets?code=1198-304&languageid=en_gb,https://tickets.hotcinema.co.il/site/1198/tickets?code=1198-304&languageid=he_IL,Not Just Cinema,2D,,,2026-08-26,,,,,,HOT CINEMA DREAM STAGE,Hot Cinema,574
17:30,The Lion King,סינמה נוסטלגיה - מלך האריות 1994,https://tickets.hotcinema.co.il/site/1198/tickets?code=1198-315&languageid=en_gb,https://tickets.hotcinema.co.il/site/1198/tickets?code=1198-315&languageid=he_IL,Not Just Cinema,2D,,Hebrew,2026-08-27,1994,,,90,All,HOT CINEMA DREAM STAGE,Hot Cinema,574
