showtime,english_title,hebrew_title,english_href,hebrew_href,screening_type,screening_tech,original_language,dub_language,date_of_showing,release_year,release_date,directed_by,runtime,rating,screening_city,cinema,run_id
19:10,The Dog Stars,כוכבי הכלב,https://movieland.co.il/order/?eventID=22706&theaterId=1293,https://movieland.co.il/order/?eventID=22706&theaterId=1293,Upgrade,2D,English,,2026-08-31,2026,,,,12+,Glilot,MovieLand,619
21:50,The Dog Stars,כוכבי הכלב,https://movieland.co.il/order/?eventID=22709&theaterId=1293,https://movieland.co.il/order/?eventID=22709&theaterId=1293,Upgrade,2D,English,,2026-08-31,2026,,,,12+,Glilot,MovieLand,619
10:30,The Pout Pout Fish,דג ושמו באסה,https://movieland.co.il/order/?eventID=22711&theaterId=1293,https://movieland.co.il/order/?eventID=22711&theaterId=1293,Upgrade,2D,,Hebrew,2026-08-31,,,,,ליווי מבוגר עד גיל 8,Glilot,MovieLand,619
14:50,The Pout Pout Fish,דג ושמו באסה,https://movieland.co.il/order/?eventID=22702&theaterId=1293,https://movieland.co.il/order/?eventID=22702&theaterId=1293,Upgrade,2D,,Hebrew,2026-08-31,,,,,ליווי מבוגר עד גיל 8,Glilot,MovieLand,619
17:00,The Pout Pout Fish,דג ושמו באסה,https://movieland.co.il/order/?eventID=22701&theaterId=1293,https://movieland.co.il/order/?eventID=22701&theaterId=1293,Upgrade,2D,,Hebrew,2026-08-31,,,,,ליווי מבוגר עד גיל 8,Glilot,MovieLand,619
20:10,Spider-Man: Brand New Day,ספיידרמן: יום חדש,https://movieland.co.il/order/?eventID=22698&theaterId=1293,https://movieland.co.il/order/?eventID=22698&theaterId=1293,Upgrade,2D,English,,2026-08-31,2026,,,,All,Glilot,MovieLand,619
23:10,Spider-Man: Brand New Day,ספיידרמן: יום חדש,https://movieland.co.il/order/?eventID=22710&theaterId=1293,https://movieland.co.il/order/?eventID=22710&theaterId=1293,Upgrade,2D,English,,2026-08-31,2026,,,,All,Glilot,MovieLand,619
22:10,The Odyssey,האודיסאה,https://movieland.co.il/order/?eventID=22697&theaterId=1293,https://movieland.co.il/order/?eventID=22697&theaterId=1293,Upgrade,2D,English,,2026-08-31,2026,,,,14+,Glilot,MovieLand,619
10:55,Paw Patrol: The Dino Movie,מפרץ ההרפתקאות: אי הדינוזאורים,https://movieland.co.il/order/?eventID=22704&theaterId=1293,https://movieland.co.il/order/?eventID=22704&theaterId=1293,Upgrade,2D,English,Hebrew,2026-08-31,2026,,,,All,Glilot,MovieLand,619
13:30,Paw Patrol: The Dino Movie,מפרץ ההרפתקאות: אי הדינוזאורים,https://movieland.co.il/order/?eventID=22699&theaterId=1293,https://movieland.co.il/order/?eventID=22699&theaterId=1293,Upgrade,2D,English,Hebrew,2026-08-31,2026,,,,All,Glilot,MovieLand,619
12:40,Minions & Monsters,מיניונים ומפלצות,https://movieland.co.il/order/?eventID=22707&theaterId=1293,https://movieland.co.il/order/?eventID=22707&theaterId=1293,Upgrade,2D,English,Hebrew,2026-08-31,2026,,,,All,Glilot,MovieLand,619
15:30,Minions & Monsters,מיניונים ומפלצות,https://movieland.co.il/order/?eventID=22703&theaterId=1293,https://movieland.co.il/order/?eventID=22703&theaterId=1293,Upgrade,2D,English,Hebrew,2026-08-31,2026,,,,All,Glilot,MovieLand,619
17:55,קופה ראשית: הסרט,קופה ראשית: הסרט,https://movieland.co.il/order/?eventID=22696&theaterId=1293,https://movieland.co.il/order/?eventID=22696&theaterId=1293,Upgrade,2D,Hebrew,,2026-08-31,2026,,,,All,Glilot,MovieLand,619
11:10,Toy Story 5,צעצוע של סיפור 5,https://movieland.co.il/order/?eventID=22695&theaterId=1293,https://movieland.co.il/order/?eventID=22695&theaterId=1293,Upgrade,2D,English,Hebrew,2026-08-31,2026,,,,All,Glilot,MovieLand,619
13:00,Moana (Live Action),מואנה,https://movieland.co.il/order/?eventID=22705&theaterId=1293,https://movieland.co.il/order/?eventID=22705&theaterId=1293,Upgrade,2D,English,Hebrew,2026-08-31,2026,,,,All,Glilot,MovieLand,619
19:55,End of Oak street,סוף רחוב האלון,https://movieland.co.il/order/?eventID=22694&theaterId=1293,https://movieland.co.il/order/?eventID=22694&theaterId=1293,Upgrade,2D,English,,2026-08-31,2026,,,,12+,Glilot,MovieLand,619
15:35,סולטיז הסרט - וולוג ה-100,סולטיז הסרט - וולוג ה-100,https://movieland.co.il/order/?eventID=22708&theaterId=1293,https://movieland.co.il/order/?eventID=22708&theaterId=1293,Upgrade,2D,Hebrew,,2026-08-31,2026,,,,All,Glilot,MovieLand,619
17:35,גבעה 338,גבעה 338,https://movieland.co.il/order/?eventID=22700&theaterId=1293,https://movieland.co.il/order/?eventID=22700&theaterId=1293,Upgrade,2D,Hebrew,,2026-08-31,2026,,,,9+,Glilot,MovieLand,619
22:20,The Dog Stars,כוכבי הכלב,https://movieland.co.il/order/?eventID=22619&theaterId=1293,https://movieland.co.il/order/?eventID=22619&theaterId=1293,Upgrade,2D,English,,2026-09-01,2026,,,,12+,Glilot,MovieLand,619
17:20,Coyote vs. ACME,לוני טונס מציגים: קיוטי נגד אקמי,https://movieland.co.il/order/?eventID=22625&theaterId=1293,https://movieland.co.il/order/?eventID=22625&theaterId=1293,Upgrade,2D,English,Hebrew,2026-09-01,2026,,,,All,Glilot,MovieLand,619
18:10,Spider-Man: Brand New Day,ספיידרמן: יום חדש,https://movieland.co.il/order/?eventID=22618&theaterId=1293,https://movieland.co.il/order/?eventID=22618&theaterId=1293,Upgrade,2D,English,,2026-09-01,2026,,,,All,Glilot,MovieLand,619
21:15,Spider-Man: Brand New Day,ספיידרמן: יום חדש,https://movieland.co.il/order/?eventID=22621&theaterId=1293,https://movieland.co.il/order/?eventID=22621&theaterId=1293,Upgrade,2D,English,,2026-09-01,2026,,,,All,Glilot,MovieLand,619
22:00,Spider-Man: Brand New Day,ספיידרמן: יום חדש,https://movieland.co.il/order/?eventID=22622&theaterId=1293,https://movieland.co.il/order/?eventID=22622&theaterId=1293,Upgrade,2D,English,,2026-09-01,2026,,,,All,Glilot,MovieLand,619
13:50,The Odyssey,האודיסאה,https://movieland.co.il/order/?eventID=22623&theaterId=1293,https://movieland.co.il/order/?eventID=22623&theaterId=1293,Upgrade,2D,English,,2026-09-01,2026,,,,14+,Glilot,MovieLand,619
18:30,The Odyssey,האודיסאה,https://movieland.co.il/order/?eventID=22617&theaterId=1293,https://movieland.co.il/order/?eventID=22617&theaterId=1293,Upgrade,2D,English,,2026-09-01,2026,,,,14+,Glilot,MovieLand,619
16:10,Paw Patrol: The Dino Movie,מפרץ ההרפתקאות: אי הדינוזאורים,https://movieland.co.il/order/?eventID=22626&theaterId=1293,https://movieland.co.il/order/?eventID=22626&theaterId=1293,Upgrade,2D,English,Hebrew,2026-09-01,2026,,,,All,Glilot,MovieLand,619
11:05,La La Land 10th Anniversary,לה לה לנד- חגיגות העשור,https://movieland.co.il/order/?eventID=22631&theaterId=1293,https://movieland.co.il/order/?eventID=22631&theaterId=1293,Upgrade,2D,English,,2026-09-01,2016,,,,,Glilot,MovieLand,619
19:35,La La Land 10th Anniversary,לה לה לנד- חגיגות העשור,https://movieland.co.il/order/?eventID=22712&theaterId=1293,https://movieland.co.il/order/?eventID=22712&theaterId=1293,Upgrade,2D,English,,2026-09-01,2016,,,,,Glilot,MovieLand,619
11:00,Valley of Shadows,בחזרה מההימלאיה,https://movieland.co.il/order/?eventID=22629&theaterId=1293,https://movieland.co.il/order/?eventID=22629&theaterId=1293,Upgrade,2D,ספרדית,,2026-09-01,2025,,,,12+,Glilot,MovieLand,619
13:40,Valley of Shadows,בחזרה מההימלאיה,https://movieland.co.il/order/?eventID=22630&theaterId=1293,https://movieland.co.il/order/?eventID=22630&theaterId=1293,Upgrade,2D,ספרדית,,2026-09-01,2025,,,,12+,Glilot,MovieLand,619
16:15,סולטיז הסרט - וולוג ה-100,סולטיז הסרט - וולוג ה-100,https://movieland.co.il/order/?eventID=22624&theaterId=1293,https://movieland.co.il/order/?eventID=22624&theaterId=1293,Upgrade,2D,Hebrew,,2026-09-01,2026,,,,All,Glilot,MovieLand,619
12:05,What Marielle Knows,מה שמריאל יודעת,https://movieland.co.il/order/?eventID=22628&theaterId=1293,https://movieland.co.il/order/?eventID=22628&theaterId=1293,Upgrade,2D,German,,2026-09-01,2025,,,,All,Glilot,MovieLand,619
14:10,What Marielle Knows,מה שמריאל יודעת,https://movieland.co.il/order/?eventID=22627&theaterId=1293,https://movieland.co.il/order/?eventID=22627&theaterId=1293,Upgrade,2D,German,,2026-09-01,2025,,,,All,Glilot,MovieLand,619
13:50,The Dog Stars,כוכבי הכלב,https://movieland.co.il/order/?eventID=22673&theaterId=1293,https://movieland.co.il/order/?eventID=22673&theaterId=1293,Upgrade,2D,English,,2026-09-02,2026,,,,12+,Glilot,MovieLand,619
19:55,The Dog Stars,כוכבי הכלב,https://movieland.co.il/order/?eventID=22668&theaterId=1293,https://movieland.co.il/order/?eventID=22668&theaterId=1293,Upgrade,2D,English,,2026-09-02,2026,,,,12+,Glilot,MovieLand,619
22:30,The Dog Stars,כוכבי הכלב,https://movieland.co.il/order/?eventID=22667&theaterId=1293,https://movieland.co.il/order/?eventID=22667&theaterId=1293,Upgrade,2D,English,,2026-09-02,2026,,,,12+,Glilot,MovieLand,619
16:25,The Pout Pout Fish,דג ושמו באסה,https://movieland.co.il/order/?eventID=22671&theaterId=1293,https://movieland.co.il/order/?eventID=22671&theaterId=1293,Upgrade,2D,,Hebrew,2026-09-02,,,,,ליווי מבוגר עד גיל 8,Glilot,MovieLand,619
18:10,Spider-Man: Brand New Day,ספיידרמן: יום חדש,https://movieland.co.il/order/?eventID=22666&theaterId=1293,https://movieland.co.il/order/?eventID=22666&theaterId=1293,Upgrade,2D,English,,2026-09-02,2026,,,,All,Glilot,MovieLand,619
21:15,Spider-Man: Brand New Day,ספיידרמן: יום חדש,https://movieland.co.il/order/?eventID=22669&theaterId=1293,https://movieland.co.il/order/?eventID=22669&theaterId=1293,Upgrade,2D,English,,2026-09-02,2026,,,,All,Glilot,MovieLand,619
22:00,Spider-Man: Brand New Day,ספיידרמן: יום חדש,https://movieland.co.il/order/?eventID=22670&theaterId=1293,https://movieland.co.il/order/?eventID=22670&theaterId=1293,Upgrade,2D,English,,2026-09-02,2026,,,,All,Glilot,MovieLand,619
18:30,The Odyssey,האודיסאה,https://movieland.co.il/order/?eventID=22665&theaterId=1293,https://movieland.co.il/order/?eventID=22665&theaterId=1293,Upgrade,2D,English,,2026-09-02,2026,,,,14+,Glilot,MovieLand,619
15:55,קופה ראשית: הסרט,קופה ראשית: הסרט,https://movieland.co.il/order/?eventID=22672&theaterId=1293,https://movieland.co.il/order/?eventID=22672&theaterId=1293,Upgrade,2D,Hebrew,,2026-09-02,2026,,,,All,Glilot,MovieLand,619
13:35,גבעה 338,גבעה 338,https://movieland.co.il/order/?eventID=22674&theaterId=1293,https://movieland.co.il/order/?eventID=22674&theaterId=1293,Upgrade,2D,Hebrew,,2026-09-02,2026,,,,9+,Glilot,MovieLand,619
19:30,MovieRetro- הזאב מוול סטריט,MovieRetro- הזאב מוול סטריט,https://movieland.co.il/order/?eventID=19661&theaterId=1293,https://movieland.co.il/order/?eventID=19661&theaterId=1293,Upgrade,2D,English,,2026-09-03,2013,,,,,Glilot,MovieLand,619
10:45,"מועדון סרטי איכות- ""מתכון מנצח"" בטרום בכורה","מועדון סרטי איכות- ""מתכון מנצח"" בטרום בכורה",https://movieland.co.il/order/?eventID=19656&theaterId=1293,https://movieland.co.il/order/?eventID=19656&theaterId=1293,Upgrade,2D,English,,2026-09-04,2025,,,,,Glilot,MovieLand,619
12:00,"מועדון סרטי איכות- ""מתכון מנצח"" בטרום בכורה","מועדון סרטי איכות- ""מתכון מנצח"" בטרום בכורה",https://movieland.co.il/order/?eventID=19657&theaterId=1293,https://movieland.co.il/order/?eventID=19657&theaterId=1293,Upgrade,2D,English,,2026-09-04,2025,,,,,Glilot,MovieLand,619
17:00,MovieRetro- אמיצה (מדובב),MovieRetro- אמיצה,https://movieland.co.il/order/?eventID=22420&theaterId=1293,https://movieland.co.il/order/?eventID=22420&theaterId=1293,Upgrade,2D,English,Hebrew,2026-09-24,2012,,,,,Glilot,MovieLand,619
19:00,The Dog Stars,כוכבי הכלב,https://movieland.co.il/order/?eventID=105375&theaterId=1291,https://movieland.co.il/order/?eventID=105375&theaterId=1291,Regular,2D,English,,2026-08-31,2026,,,,12+,Haifa,MovieLand,619
22:20,The Dog Stars,כוכבי הכלב,https://movieland.co.il/order/?eventID=105376&theaterId=1291,https://movieland.co.il/order/?eventID=105376&theaterId=1291,Upgrade,2D,English,,2026-08-31,2026,,,,12+,Haifa,MovieLand,619
11:55,The Pout Pout Fish,דג ושמו באסה,https://movieland.co.il/order/?eventID=105373&theaterId=1291,https://movieland.co.il/order/?eventID=105373&theaterId=1291,Upgrade,2D,,Hebrew,2026-08-31,,,,,ליווי מבוגר עד גיל 8,Haifa,MovieLand,619
14:05,The Pout Pout Fish,דג ושמו באסה,https://movieland.co.il/order/?eventID=105372&theaterId=1291,https://movieland.co.il/order/?eventID=105372&theaterId=1291,Upgrade,2D,,Hebrew,2026-08-31,,,,,ליווי מבוגר עד גיל 8,Haifa,MovieLand,619
16:40,The Pout Pout Fish,דג ושמו באסה,https://movieland.co.il/order/?eventID=105378&theaterId=1291,https://movieland.co.il/order/?eventID=105378&theaterId=1291,Regular,2D,,Hebrew,2026-08-31,,,,,ליווי מבוגר עד גיל 8,Haifa,MovieLand,619
11:15,Coyote vs. ACME,לוני טונס מציגים: קיוטי נגד אקמי,https://movieland.co.il/order/?eventID=105371&theaterId=1291,https://movieland.co.il/order/?eventID=105371&theaterId=1291,Upgrade,2D,English,Hebrew,2026-08-31,2026,,,,All,Haifa,MovieLand,619
13:30,Coyote vs. ACME,לוני טונס מציגים: קיוטי נגד אקמי,https://movieland.co.il/order/?eventID=105370&theaterId=1291,https://movieland.co.il/order/?eventID=105370&theaterId=1291,Upgrade,2D,English,Hebrew,2026-08-31,2026,,,,All,Haifa,MovieLand,619
15:45,Coyote vs. ACME,לוני טונס מציגים: קיוטי נגד אקמי,https://movieland.co.il/order/?eventID=105369&theaterId=1291,https://movieland.co.il/order/?eventID=105369&theaterId=1291,Upgrade,2D,English,Hebrew,2026-08-31,2026,,,,All,Haifa,MovieLand,619
13:40,Spider-Man: Brand New Day,ספיידרמן: יום חדש,https://movieland.co.il/order/?eventID=105350&theaterId=1291,https://movieland.co.il/order/?eventID=105350&theaterId=1291,Regular,2D,English,,2026-08-31,2026,,,,All,Haifa,MovieLand,619
17:15,Spider-Man: Brand New Day,ספיידרמן: יום חדש,https://movieland.co.il/order/?eventID=105359&theaterId=1291,https://movieland.co.il/order/?eventID=105359&theaterId=1291,Upgrade,2D,English,,2026-08-31,2026,,,,All,Haifa,MovieLand,619
18:00,Spider-Man: Brand New Day,ספיידרמן: יום חדש,https://movieland.co.il/order/?eventID=105361&theaterId=1291,https://movieland.co.il/order/?eventID=105361&theaterId=1291,Upgrade,2D,English,,2026-08-31,2026,,,,All,Haifa,MovieLand,619
20:15,Spider-Man: Brand New Day,ספיידרמן: יום חדש,https://movieland.co.il/order/?eventID=105349&theaterId=1291,https://movieland.co.il/order/?eventID=105349&theaterId=1291,Upgrade,2D,English,,2026-08-31,2026,,,,All,Haifa,MovieLand,619
21:00,Spider-Man: Brand New Day,ספיידרמן: יום חדש,https://movieland.co.il/order/?eventID=105360&theaterId=1291,https://movieland.co.il/order/?eventID=105360&theaterId=1291,Upgrade,2D,English,,2026-08-31,2026,,,,All,Haifa,MovieLand,619
18:45,The Odyssey,האודיסאה,https://movieland.co.il/order/?eventID=105351&theaterId=1291,https://movieland.co.il/order/?eventID=105351&theaterId=1291,Upgrade,2D,English,,2026-08-31,2026,,,,14+,Haifa,MovieLand,619
21:45,The Odyssey,האודיסאה,https://movieland.co.il/order/?eventID=105352&theaterId=1291,https://movieland.co.il/order/?eventID=105352&theaterId=1291,Regular,2D,English,,2026-08-31,2026,,,,14+,Haifa,MovieLand,619
11:00,Paw Patrol: The Dino Movie,מפרץ ההרפתקאות: אי הדינוזאורים,https://movieland.co.il/order/?eventID=105365&theaterId=1291,https://movieland.co.il/order/?eventID=105365&theaterId=1291,Upgrade,2D,English,Hebrew,2026-08-31,2026,,,,All,Haifa,MovieLand,619
13:05,Paw Patrol: The Dino Movie,מפרץ ההרפתקאות: אי הדינוזאורים,https://movieland.co.il/order/?eventID=105364&theaterId=1291,https://movieland.co.il/order/?eventID=105364&theaterId=1291,Upgrade,2D,English,Hebrew,2026-08-31,2026,,,,All,Haifa,MovieLand,619
15:10,Paw Patrol: The Dino Movie,מפרץ ההרפתקאות: אי הדינוזאורים,https://movieland.co.il/order/?eventID=105363&theaterId=1291,https://movieland.co.il/order/?eventID=105363&theaterId=1291,Upgrade,2D,English,Hebrew,2026-08-31,2026,,,,All,Haifa,MovieLand,619
11:00,Minions & Monsters,מיניונים ומפלצות,https://movieland.co.il/order/?eventID=105358&theaterId=1291,https://movieland.co.il/order/?eventID=105358&theaterId=1291,Regular,2D,English,Hebrew,2026-08-31,2026,,,,All,Haifa,MovieLand,619
15:20,Minions & Monsters,מיניונים ומפלצות,https://movieland.co.il/order/?eventID=105379&theaterId=1291,https://movieland.co.il/order/?eventID=105379&theaterId=1291,Regular,2D,English,Hebrew,2026-08-31,2026,,,,All,Haifa,MovieLand,619
17:25,Minions & Monsters,מיניונים ומפלצות,https://movieland.co.il/order/?eventID=105356&theaterId=1291,https://movieland.co.il/order/?eventID=105356&theaterId=1291,Regular,2D,English,Hebrew,2026-08-31,2026,,,,All,Haifa,MovieLand,619
13:05,Marsupilami,מרסופילאמי,https://movieland.co.il/order/?eventID=105362&theaterId=1291,https://movieland.co.il/order/?eventID=105362&theaterId=1291,Regular,2D,French,Hebrew,2026-08-31,2025,,,,All,Haifa,MovieLand,619
19:30,Spa Weekend,ספא וויקנד,https://movieland.co.il/order/?eventID=105381&theaterId=1291,https://movieland.co.il/order/?eventID=105381&theaterId=1291,Regular,2D,English,,2026-08-31,2026,,,,14+,Haifa,MovieLand,619
17:25,קופה ראשית: הסרט,קופה ראשית: הסרט,https://movieland.co.il/order/?eventID=105374&theaterId=1291,https://movieland.co.il/order/?eventID=105374&theaterId=1291,Upgrade,2D,Hebrew,,2026-08-31,2026,,,,All,Haifa,MovieLand,619
19:35,קופה ראשית: הסרט,קופה ראשית: הסרט,https://movieland.co.il/order/?eventID=105377&theaterId=1291,https://movieland.co.il/order/?eventID=105377&theaterId=1291,Upgrade,2D,Hebrew,,2026-08-31,2026,,,,All,Haifa,MovieLand,619
21:45,One night only,לגמור את הלילה,https://movieland.co.il/order/?eventID=105353&theaterId=1291,https://movieland.co.il/order/?eventID=105353&theaterId=1291,Upgrade,2D,English,,2026-08-31,2026,,,,14+,Haifa,MovieLand,619
11:20,Toy Story 5,צעצוע של סיפור 5,https://movieland.co.il/order/?eventID=105357&theaterId=1291,https://movieland.co.il/order/?eventID=105357&theaterId=1291,Regular,2D,English,Hebrew,2026-08-31,2026,,,,All,Haifa,MovieLand,619
16:40,Toy Story 5,צעצוע של סיפור 5,https://movieland.co.il/order/?eventID=105384&theaterId=1291,https://movieland.co.il/order/?eventID=105384&theaterId=1291,Regular,2D,English,Hebrew,2026-08-31,2026,,,,All,Haifa,MovieLand,619
14:10,Moana (Live Action),מואנה,https://movieland.co.il/order/?eventID=105355&theaterId=1291,https://movieland.co.il/order/?eventID=105355&theaterId=1291,Regular,2D,English,Hebrew,2026-08-31,2026,,,,All,Haifa,MovieLand,619
21:35,End of Oak street,סוף רחוב האלון,https://movieland.co.il/order/?eventID=105368&theaterId=1291,https://movieland.co.il/order/?eventID=105368&theaterId=1291,Regular,2D,English,,2026-08-31,2026,,,,12+,Haifa,MovieLand,619
12:50,סולטיז הסרט - וולוג ה-100,סולטיז הסרט - וולוג ה-100,https://movieland.co.il/order/?eventID=105380&theaterId=1291,https://movieland.co.il/order/?eventID=105380&theaterId=1291,Upgrade,2D,Hebrew,,2026-08-31,2026,,,,All,Haifa,MovieLand,619
15:05,סולטיז הסרט - וולוג ה-100,סולטיז הסרט - וולוג ה-100,https://movieland.co.il/order/?eventID=105354&theaterId=1291,https://movieland.co.il/order/?eventID=105354&theaterId=1291,Upgrade,2D,Hebrew,,2026-08-31,2026,,,,All,Haifa,MovieLand,619
16:15,גבעה 338,גבעה 338,https://movieland.co.il/order/?eventID=105367&theaterId=1291,https://movieland.co.il/order/?eventID=105367&theaterId=1291,Upgrade,2D,Hebrew,,2026-08-31,2026,,,,9+,Haifa,MovieLand,619
22:25,גבעה 338,גבעה 338,https://movieland.co.il/order/?eventID=105366&theaterId=1291,https://movieland.co.il/order/?eventID=105366&theaterId=1291,Regular,2D,Hebrew,,2026-08-31,2026,,,,9+,Haifa,MovieLand,619
11:40,The Magical Faraway Tree,המסע המופלא לעץ הקסמים,https://movieland.co.il/order/?eventID=105348&theaterId=1291,https://movieland.co.il/order/?eventID=105348&theaterId=1291,Regular,2D,English,Hebrew,2026-08-31,2026,,,,All,Haifa,MovieLand,619
10:55,Tafiti: Across the Desert,טפיטי: הרפתקה במדבר,https://movieland.co.il/order/?eventID=105382&theaterId=1291,https://movieland.co.il/order/?eventID=105382&theaterId=1291,Upgrade,2D,German,Hebrew,2026-08-31,2025,,,,ליווי מבוגר עד גיל 8,Haifa,MovieLand,619
18:55,ОДИССЕЯ,ОДИССЕЯ,https://movieland.co.il/order/?eventID=105383&theaterId=1291,https://movieland.co.il/order/?eventID=105383&theaterId=1291,Regular,2D,английский,,2026-08-31,2026,,,,14+,Haifa,MovieLand,619
19:50,The Dog Stars,כוכבי הכלב,https://movieland.co.il/order/?eventID=105177&theaterId=1291,https://movieland.co.il/order/?eventID=105177&theaterId=1291,Upgrade,2D,English,,2026-09-01,2026,,,,12+,Haifa,MovieLand,619
22:15,The Dog Stars,כוכבי הכלב,https://movieland.co.il/order/?eventID=105176&theaterId=1291,https://movieland.co.il/order/?eventID=105176&theaterId=1291,Upgrade,2D,English,,2026-09-01,2026,,,,12+,Haifa,MovieLand,619
17:05,The Pout Pout Fish,דג ושמו באסה,https://movieland.co.il/order/?eventID=105175&theaterId=1291,https://movieland.co.il/order/?eventID=105175&theaterId=1291,Regular,2D,,Hebrew,2026-09-01,,,,,ליווי מבוגר עד גיל 8,Haifa,MovieLand,619
17:25,Coyote vs. ACME,לוני טונס מציגים: קיוטי נגד אקמי,https://movieland.co.il/order/?eventID=105193&theaterId=1291,https://movieland.co.il/order/?eventID=105193&theaterId=1291,Upgrade,2D,English,Hebrew,2026-09-01,2026,,,,All,Haifa,MovieLand,619
19:00,Spider-Man: Brand New Day,ספיידרמן: יום חדש,https://movieland.co.il/order/?eventID=105181&theaterId=1291,https://movieland.co.il/order/?eventID=105181&theaterId=1291,Upgrade,2D,English,,2026-09-01,2026,,,,All,Haifa,MovieLand,619
22:00,Spider-Man: Brand New Day,ספיידרמן: יום חדש,https://movieland.co.il/order/?eventID=105187&theaterId=1291,https://movieland.co.il/order/?eventID=105187&theaterId=1291,Upgrade,2D,English,,2026-09-01,2026,,,,All,Haifa,MovieLand,619
11:00,The Odyssey,האודיסאה,https://movieland.co.il/order/?eventID=105205&theaterId=1291,https://movieland.co.il/order/?eventID=105205&theaterId=1291,Regular,2D,English,,2026-09-01,2026,,,,14+,Haifa,MovieLand,619
14:10,The Odyssey,האודיסאה,https://movieland.co.il/order/?eventID=105172&theaterId=1291,https://movieland.co.il/order/?eventID=105172&theaterId=1291,Upgrade,2D,English,,2026-09-01,2026,,,,14+,Haifa,MovieLand,619
18:45,The Odyssey,האודיסאה,https://movieland.co.il/order/?eventID=105186&theaterId=1291,https://movieland.co.il/order/?eventID=105186&theaterId=1291,Upgrade,2D,English,,2026-09-01,2026,,,,14+,Haifa,MovieLand,619
21:35,The Odyssey,האודיסאה,https://movieland.co.il/order/?eventID=105185&theaterId=1291,https://movieland.co.il/order/?eventID=105185&theaterId=1291,Regular,2D,English,,2026-09-01,2026,,,,14+,Haifa,MovieLand,619
17:00,Paw Patrol: The Dino Movie,מפרץ ההרפתקאות: אי הדינוזאורים,https://movieland.co.il/order/?eventID=105180&theaterId=1291,https://movieland.co.il/order/?eventID=105180&theaterId=1291,Upgrade,2D,English,Hebrew,2026-09-01,2026,,,,All,Haifa,MovieLand,619
17:30,Minions & Monsters,מיניונים ומפלצות,https://movieland.co.il/order/?eventID=105182&theaterId=1291,https://movieland.co.il/order/?eventID=105182&theaterId=1291,Regular,2D,English,Hebrew,2026-09-01,2026,,,,All,Haifa,MovieLand,619
21:45,Spa Weekend,ספא וויקנד,https://movieland.co.il/order/?eventID=105174&theaterId=1291,https://movieland.co.il/order/?eventID=105174&theaterId=1291,Regular,2D,English,,2026-09-01,2026,,,,14+,Haifa,MovieLand,619
17:40,קופה ראשית: הסרט,קופה ראשית: הסרט,https://movieland.co.il/order/?eventID=105178&theaterId=1291,https://movieland.co.il/order/?eventID=105178&theaterId=1291,Upgrade,2D,Hebrew,,2026-09-01,2026,,,,All,Haifa,MovieLand,619
11:25,La La Land 10th Anniversary,לה לה לנד- חגיגות העשור,https://movieland.co.il/order/?eventID=105206&theaterId=1291,https://movieland.co.il/order/?eventID=105206&theaterId=1291,Upgrade,2D,English,,2026-09-01,2016,,,,,Haifa,MovieLand,619
14:25,La La Land 10th Anniversary,לה לה לנד- חגיגות העשור,https://movieland.co.il/order/?eventID=105171&theaterId=1291,https://movieland.co.il/order/?eventID=105171&theaterId=1291,Regular,2D,English,,2026-09-01,2016,,,,,Haifa,MovieLand,619
19:00,La La Land 10th Anniversary,לה לה לנד- חגיגות העשור,https://movieland.co.il/order/?eventID=105387&theaterId=1291,https://movieland.co.il/order/?eventID=105387&theaterId=1291,Regular,2D,English,,2026-09-01,2016,,,,,Haifa,MovieLand,619
22:25,One night only,לגמור את הלילה,https://movieland.co.il/order/?eventID=105184&theaterId=1291,https://movieland.co.il/order/?eventID=105184&theaterId=1291,Upgrade,2D,English,,2026-09-01,2026,,,,14+,Haifa,MovieLand,619
16:45,Toy Story 5,צעצוע של סיפור 5,https://movieland.co.il/order/?eventID=105173&theaterId=1291,https://movieland.co.il/order/?eventID=105173&theaterId=1291,Regular,2D,English,Hebrew,2026-09-01,2026,,,,All,Haifa,MovieLand,619
21:55,End of Oak street,סוף רחוב האלון,https://movieland.co.il/order/?eventID=105197&theaterId=1291,https://movieland.co.il/order/?eventID=105197&theaterId=1291,Upgrade,2D,English,,2026-09-01,2026,,,,12+,Haifa,MovieLand,619
11:15,Valley of Shadows,בחזרה מההימלאיה,https://movieland.co.il/order/?eventID=105204&theaterId=1291,https://movieland.co.il/order/?eventID=105204&theaterId=1291,Upgrade,2D,ספרדית,,2026-09-01,2025,,,,12+,Haifa,MovieLand,619
13:55,Valley of Shadows,בחזרה מההימלאיה,https://movieland.co.il/order/?eventID=105203&theaterId=1291,https://movieland.co.il/order/?eventID=105203&theaterId=1291,Upgrade,2D,ספרדית,,2026-09-01,2025,,,,12+,Haifa,MovieLand,619
14:15,האחד והיחיד שלי,האחד והיחיד שלי,https://movieland.co.il/order/?eventID=105199&theaterId=1291,https://movieland.co.il/order/?eventID=105199&theaterId=1291,Regular,2D,Hebrew,,2026-09-01,2026,,,,All,Haifa,MovieLand,619
12:20,"Damned if you do, damned if you don’t",המשפחה האיטלקית שלי,https://movieland.co.il/order/?eventID=105201&theaterId=1291,https://movieland.co.il/order/?eventID=105201&theaterId=1291,Upgrade,2D,איטלקית,,2026-09-01,2025,,,,All,Haifa,MovieLand,619
14:45,"Damned if you do, damned if you don’t",המשפחה האיטלקית שלי,https://movieland.co.il/order/?eventID=105200&theaterId=1291,https://movieland.co.il/order/?eventID=105200&theaterId=1291,Upgrade,2D,איטלקית,,2026-09-01,2025,,,,All,Haifa,MovieLand,619
11:50,Bitter Christmas,חג מולד מר,https://movieland.co.il/order/?eventID=105202&theaterId=1291,https://movieland.co.il/order/?eventID=105202&theaterId=1291,Regular,2D,ספרדית,,2026-09-01,2026,,,,All,Haifa,MovieLand,619
16:30,סולטיז הסרט - וולוג ה-100,סולטיז הסרט - וולוג ה-100,https://movieland.co.il/order/?eventID=105183&theaterId=1291,https://movieland.co.il/order/?eventID=105183&theaterId=1291,Upgrade,2D,Hebrew,,2026-09-01,2026,,,,All,Haifa,MovieLand,619
22:20,גבעה 338,גבעה 338,https://movieland.co.il/order/?eventID=105179&theaterId=1291,https://movieland.co.il/order/?eventID=105179&theaterId=1291,Regular,2D,Hebrew,,2026-09-01,2026,,,,9+,Haifa,MovieLand,619
11:30,What Marielle Knows,מה שמריאל יודעת,https://movieland.co.il/order/?eventID=105191&theaterId=1291,https://movieland.co.il/order/?eventID=105191&theaterId=1291,Regular,2D,German,,2026-09-01,2025,,,,All,Haifa,MovieLand,619
13:30,What Marielle Knows,מה שמריאל יודעת,https://movieland.co.il/order/?eventID=105190&theaterId=1291,https://movieland.co.il/order/?eventID=105190&theaterId=1291,Regular,2D,German,,2026-09-01,2025,,,,All,Haifa,MovieLand,619
15:30,What Marielle Knows,מה שמריאל יודעת,https://movieland.co.il/order/?eventID=105189&theaterId=1291,https://movieland.co.il/order/?eventID=105189&theaterId=1291,Regular,2D,German,,2026-09-01,2025,,,,All,Haifa,MovieLand,619
19:35,What Marielle Knows,מה שמריאל יודעת,https://movieland.co.il/order/?eventID=105188&theaterId=1291,https://movieland.co.il/order/?eventID=105188&theaterId=1291,Regular,2D,German,,2026-09-01,2025,,,,All,Haifa,MovieLand,619
11:00,It takes two to tango,צריך שניים לטנגו,https://movieland.co.il/order/?eventID=105198&theaterId=1291,https://movieland.co.il/order/?eventID=105198&theaterId=1291,Upgrade,2D,French,,2026-09-01,2025,,,,All,Haifa,MovieLand,619
13:05,It takes two to tango,צריך שניים לטנגו,https://movieland.co.il/order/?eventID=105196&theaterId=1291,https://movieland.co.il/order/?eventID=105196&theaterId=1291,Upgrade,2D,French,,2026-09-01,2025,,,,All,Haifa,MovieLand,619
15:15,It takes two to tango,צריך שניים לטנגו,https://movieland.co.il/order/?eventID=105195&theaterId=1291,https://movieland.co.il/order/?eventID=105195&theaterId=1291,Upgrade,2D,French,,2026-09-01,2025,,,,All,Haifa,MovieLand,619
19:45,It takes two to tango,צריך שניים לטנגו,https://movieland.co.il/order/?eventID=105194&theaterId=1291,https://movieland.co.il/order/?eventID=105194&theaterId=1291,Upgrade,2D,French,,2026-09-01,2025,,,,All,Haifa,MovieLand,619
14:10,The Dog Stars,כוכבי הכלב,https://movieland.co.il/order/?eventID=105334&theaterId=1291,https://movieland.co.il/order/?eventID=105334&theaterId=1291,Regular,2D,English,,2026-09-02,2026,,,,12+,Haifa,MovieLand,619
19:05,The Dog Stars,כוכבי הכלב,https://movieland.co.il/order/?eventID=105328&theaterId=1291,https://movieland.co.il/order/?eventID=105328&theaterId=1291,Regular,2D,English,,2026-09-02,2026,,,,12+,Haifa,MovieLand,619
22:15,The Dog Stars,כוכבי הכלב,https://movieland.co.il/order/?eventID=105329&theaterId=1291,https://movieland.co.il/order/?eventID=105329&theaterId=1291,Upgrade,2D,English,,2026-09-02,2026,,,,12+,Haifa,MovieLand,619
17:20,The Pout Pout Fish,דג ושמו באסה,https://movieland.co.il/order/?eventID=105331&theaterId=1291,https://movieland.co.il/order/?eventID=105331&theaterId=1291,Regular,2D,,Hebrew,2026-09-02,,,,,ליווי מבוגר עד גיל 8,Haifa,MovieLand,619
15:05,Coyote vs. ACME,לוני טונס מציגים: קיוטי נגד אקמי,https://movieland.co.il/order/?eventID=105326&theaterId=1291,https://movieland.co.il/order/?eventID=105326&theaterId=1291,Regular,2D,English,Hebrew,2026-09-02,2026,,,,All,Haifa,MovieLand,619
14:45,Spider-Man: Brand New Day,ספיידרמן: יום חדש,https://movieland.co.il/order/?eventID=105341&theaterId=1291,https://movieland.co.il/order/?eventID=105341&theaterId=1291,Upgrade,2D,English,,2026-09-02,2026,,,,All,Haifa,MovieLand,619
17:45,Spider-Man: Brand New Day,ספיידרמן: יום חדש,https://movieland.co.il/order/?eventID=105322&theaterId=1291,https://movieland.co.il/order/?eventID=105322&theaterId=1291,Upgrade,2D,English,,2026-09-02,2026,,,,All,Haifa,MovieLand,619
19:00,Spider-Man: Brand New Day,ספיידרמן: יום חדש,https://movieland.co.il/order/?eventID=105347&theaterId=1291,https://movieland.co.il/order/?eventID=105347&theaterId=1291,Upgrade,2D,English,,2026-09-02,2026,,,,All,Haifa,MovieLand,619
20:45,Spider-Man: Brand New Day,ספיידרמן: יום חדש,https://movieland.co.il/order/?eventID=105321&theaterId=1291,https://movieland.co.il/order/?eventID=105321&theaterId=1291,Upgrade,2D,English,,2026-09-02,2026,,,,All,Haifa,MovieLand,619
22:00,Spider-Man: Brand New Day,ספיידרמן: יום חדש,https://movieland.co.il/order/?eventID=105340&theaterId=1291,https://movieland.co.il/order/?eventID=105340&theaterId=1291,Upgrade,2D,English,,2026-09-02,2026,,,,All,Haifa,MovieLand,619
14:10,The Odyssey,האודיסאה,https://movieland.co.il/order/?eventID=105335&theaterId=1291,https://movieland.co.il/order/?eventID=105335&theaterId=1291,Upgrade,2D,English,,2026-09-02,2026,,,,14+,Haifa,MovieLand,619
18:45,The Odyssey,האודיסאה,https://movieland.co.il/order/?eventID=105342&theaterId=1291,https://movieland.co.il/order/?eventID=105342&theaterId=1291,Upgrade,2D,English,,2026-09-02,2026,,,,14+,Haifa,MovieLand,619
21:45,The Odyssey,האודיסאה,https://movieland.co.il/order/?eventID=105343&theaterId=1291,https://movieland.co.il/order/?eventID=105343&theaterId=1291,Regular,2D,English,,2026-09-02,2026,,,,14+,Haifa,MovieLand,619
17:00,Paw Patrol: The Dino Movie,מפרץ ההרפתקאות: אי הדינוזאורים,https://movieland.co.il/order/?eventID=105323&theaterId=1291,https://movieland.co.il/order/?eventID=105323&theaterId=1291,Upgrade,2D,English,Hebrew,2026-09-02,2026,,,,All,Haifa,MovieLand,619
17:25,Minions & Monsters,מיניונים ומפלצות,https://movieland.co.il/order/?eventID=105346&theaterId=1291,https://movieland.co.il/order/?eventID=105346&theaterId=1291,Regular,2D,English,Hebrew,2026-09-02,2026,,,,All,Haifa,MovieLand,619
21:45,Spa Weekend,ספא וויקנד,https://movieland.co.il/order/?eventID=105332&theaterId=1291,https://movieland.co.il/order/?eventID=105332&theaterId=1291,Regular,2D,English,,2026-09-02,2026,,,,14+,Haifa,MovieLand,619
14:20,קופה ראשית: הסרט,קופה ראשית: הסרט,https://movieland.co.il/order/?eventID=105339&theaterId=1291,https://movieland.co.il/order/?eventID=105339&theaterId=1291,Upgrade,2D,Hebrew,,2026-09-02,2026,,,,All,Haifa,MovieLand,619
17:40,קופה ראשית: הסרט,קופה ראשית: הסרט,https://movieland.co.il/order/?eventID=105327&theaterId=1291,https://movieland.co.il/order/?eventID=105327&theaterId=1291,Upgrade,2D,Hebrew,,2026-09-02,2026,,,,All,Haifa,MovieLand,619
19:55,קופה ראשית: הסרט,קופה ראשית: הסרט,https://movieland.co.il/order/?eventID=105330&theaterId=1291,https://movieland.co.il/order/?eventID=105330&theaterId=1291,Upgrade,2D,Hebrew,,2026-09-02,2026,,,,All,Haifa,MovieLand,619
14:35,La La Land 10th Anniversary,לה לה לנד- חגיגות העשור,https://movieland.co.il/order/?eventID=105337&theaterId=1291,https://movieland.co.il/order/?eventID=105337&theaterId=1291,Regular,2D,English,,2026-09-02,2016,,,,,Haifa,MovieLand,619
14:40,One night only,לגמור את הלילה,https://movieland.co.il/order/?eventID=105338&theaterId=1291,https://movieland.co.il/order/?eventID=105338&theaterId=1291,Upgrade,2D,English,,2026-09-02,2026,,,,14+,Haifa,MovieLand,619
22:05,One night only,לגמור את הלילה,https://movieland.co.il/order/?eventID=105344&theaterId=1291,https://movieland.co.il/order/?eventID=105344&theaterId=1291,Upgrade,2D,English,,2026-09-02,2026,,,,14+,Haifa,MovieLand,619
16:45,Toy Story 5,צעצוע של סיפור 5,https://movieland.co.il/order/?eventID=105333&theaterId=1291,https://movieland.co.il/order/?eventID=105333&theaterId=1291,Regular,2D,English,Hebrew,2026-09-02,2026,,,,All,Haifa,MovieLand,619
19:30,End of Oak street,סוף רחוב האלון,https://movieland.co.il/order/?eventID=105325&theaterId=1291,https://movieland.co.il/order/?eventID=105325&theaterId=1291,Regular,2D,English,,2026-09-02,2026,,,,12+,Haifa,MovieLand,619
16:30,סולטיז הסרט - וולוג ה-100,סולטיז הסרט - וולוג ה-100,https://movieland.co.il/order/?eventID=105345&theaterId=1291,https://movieland.co.il/order/?eventID=105345&theaterId=1291,Upgrade,2D,Hebrew,,2026-09-02,2026,,,,All,Haifa,MovieLand,619
21:55,גבעה 338,גבעה 338,https://movieland.co.il/order/?eventID=105324&theaterId=1291,https://movieland.co.il/order/?eventID=105324&theaterId=1291,Regular,2D,Hebrew,,2026-09-02,2026,,,,9+,Haifa,MovieLand,619
19:30,НА КРАЮ ОУК-СТРИТ,НА КРАЮ ОУК-СТРИТ,https://movieland.co.il/order/?eventID=105336&theaterId=1291,https://movieland.co.il/order/?eventID=105336&theaterId=1291,Regular,2D,английский,,2026-09-02,,,,,12+,Haifa,MovieLand,619
19:30,MovieRetro- הזאב מוול סטריט,MovieRetro- הזאב מוול סטריט,https://movieland.co.il/order/?eventID=98612&theaterId=1291,https://movieland.co.il/order/?eventID=98612&theaterId=1291,Regular,2D,English,,2026-09-03,2013,,,,,Haifa,MovieLand,619
17:00,MovieRetro- אמיצה (מדובב),MovieRetro- אמיצה,https://movieland.co.il/order/?eventID=104760&theaterId=1291,https://movieland.co.il/order/?eventID=104760&theaterId=1291,Regular,2D,English,Hebrew,2026-09-24,2012,,,,,Haifa,MovieLand,619
19:20,The Dog Stars,כוכבי הכלב,https://movieland.co.il/order/?eventID=111104&theaterId=1290,https://movieland.co.il/order/?eventID=111104&theaterId=1290,Regular,2D,English,,2026-08-31,2026,,,,12+,Carmiel,MovieLand,619
21:55,The Dog Stars,כוכבי הכלב,https://movieland.co.il/order/?eventID=111105&theaterId=1290,https://movieland.co.il/order/?eventID=111105&theaterId=1290,Regular,2D,English,,2026-08-31,2026,,,,12+,Carmiel,MovieLand,619
11:00,The Pout Pout Fish,דג ושמו באסה,https://movieland.co.il/order/?eventID=111091&theaterId=1290,https://movieland.co.il/order/?eventID=111091&theaterId=1290,Upgrade,2D,,Hebrew,2026-08-31,,,,,ליווי מבוגר עד גיל 8,Carmiel,MovieLand,619
13:10,The Pout Pout Fish,דג ושמו באסה,https://movieland.co.il/order/?eventID=111090&theaterId=1290,https://movieland.co.il/order/?eventID=111090&theaterId=1290,Upgrade,2D,,Hebrew,2026-08-31,,,,,ליווי מבוגר עד גיל 8,Carmiel,MovieLand,619
15:15,The Pout Pout Fish,דג ושמו באסה,https://movieland.co.il/order/?eventID=111089&theaterId=1290,https://movieland.co.il/order/?eventID=111089&theaterId=1290,Upgrade,2D,,Hebrew,2026-08-31,,,,,ליווי מבוגר עד גיל 8,Carmiel,MovieLand,619
17:20,The Pout Pout Fish,דג ושמו באסה,https://movieland.co.il/order/?eventID=111088&theaterId=1290,https://movieland.co.il/order/?eventID=111088&theaterId=1290,Upgrade,2D,,Hebrew,2026-08-31,,,,,ליווי מבוגר עד גיל 8,Carmiel,MovieLand,619
11:45,Coyote vs. ACME,לוני טונס מציגים: קיוטי נגד אקמי,https://movieland.co.il/order/?eventID=111086&theaterId=1290,https://movieland.co.il/order/?eventID=111086&theaterId=1290,Upgrade,2D,English,Hebrew,2026-08-31,2026,,,,All,Carmiel,MovieLand,619
14:00,Coyote vs. ACME,לוני טונס מציגים: קיוטי נגד אקמי,https://movieland.co.il/order/?eventID=111085&theaterId=1290,https://movieland.co.il/order/?eventID=111085&theaterId=1290,Upgrade,2D,English,Hebrew,2026-08-31,2026,,,,All,Carmiel,MovieLand,619
16:15,Coyote vs. ACME,לוני טונס מציגים: קיוטי נגד אקמי,https://movieland.co.il/order/?eventID=111083&theaterId=1290,https://movieland.co.il/order/?eventID=111083&theaterId=1290,Upgrade,2D,English,Hebrew,2026-08-31,2026,,,,All,Carmiel,MovieLand,619
13:35,Spider-Man: Brand New Day,ספיידרמן: יום חדש,https://movieland.co.il/order/?eventID=111112&theaterId=1290,https://movieland.co.il/order/?eventID=111112&theaterId=1290,Regular,2D,English,,2026-08-31,2026,,,,All,Carmiel,MovieLand,619
15:45,Spider-Man: Brand New Day,ספיידרמן: יום חדש,https://movieland.co.il/order/?eventID=111076&theaterId=1290,https://movieland.co.il/order/?eventID=111076&theaterId=1290,Upgrade,2D,English,,2026-08-31,2026,,,,All,Carmiel,MovieLand,619
17:25,Spider-Man: Brand New Day,ספיידרמן: יום חדש,https://movieland.co.il/order/?eventID=111084&theaterId=1290,https://movieland.co.il/order/?eventID=111084&theaterId=1290,Regular,2D,English,,2026-08-31,2026,,,,All,Carmiel,MovieLand,619
18:45,Spider-Man: Brand New Day,ספיידרמן: יום חדש,https://movieland.co.il/order/?eventID=111077&theaterId=1290,https://movieland.co.il/order/?eventID=111077&theaterId=1290,Upgrade,2D,English,,2026-08-31,2026,,,,All,Carmiel,MovieLand,619
20:25,Spider-Man: Brand New Day,ספיידרמן: יום חדש,https://movieland.co.il/order/?eventID=111093&theaterId=1290,https://movieland.co.il/order/?eventID=111093&theaterId=1290,Regular,2D,English,,2026-08-31,2026,,,,All,Carmiel,MovieLand,619
21:45,Spider-Man: Brand New Day,ספיידרמן: יום חדש,https://movieland.co.il/order/?eventID=111092&theaterId=1290,https://movieland.co.il/order/?eventID=111092&theaterId=1290,Upgrade,2D,English,,2026-08-31,2026,,,,All,Carmiel,MovieLand,619
18:30,The Odyssey,האודיסאה,https://movieland.co.il/order/?eventID=111094&theaterId=1290,https://movieland.co.il/order/?eventID=111094&theaterId=1290,Upgrade,2D,English,,2026-08-31,2026,,,,14+,Carmiel,MovieLand,619
22:00,The Odyssey,האודיסאה,https://movieland.co.il/order/?eventID=111095&theaterId=1290,https://movieland.co.il/order/?eventID=111095&theaterId=1290,Upgrade,2D,English,,2026-08-31,2026,,,,14+,Carmiel,MovieLand,619
11:30,Paw Patrol: The Dino Movie,מפרץ ההרפתקאות: אי הדינוזאורים,https://movieland.co.il/order/?eventID=111073&theaterId=1290,https://movieland.co.il/order/?eventID=111073&theaterId=1290,Upgrade,2D,English,Hebrew,2026-08-31,2026,,,,All,Carmiel,MovieLand,619
13:35,Paw Patrol: The Dino Movie,מפרץ ההרפתקאות: אי הדינוזאורים,https://movieland.co.il/order/?eventID=111106&theaterId=1290,https://movieland.co.il/order/?eventID=111106&theaterId=1290,Upgrade,2D,English,Hebrew,2026-08-31,2026,,,,All,Carmiel,MovieLand,619
14:50,Paw Patrol: The Dino Movie,מפרץ ההרפתקאות: אי הדינוזאורים,https://movieland.co.il/order/?eventID=111074&theaterId=1290,https://movieland.co.il/order/?eventID=111074&theaterId=1290,Regular,2D,English,Hebrew,2026-08-31,2026,,,,All,Carmiel,MovieLand,619
10:45,Minions & Monsters,מיניונים ומפלצות,https://movieland.co.il/order/?eventID=111099&theaterId=1290,https://movieland.co.il/order/?eventID=111099&theaterId=1290,Regular,2D,English,Hebrew,2026-08-31,2026,,,,All,Carmiel,MovieLand,619
12:55,Minions & Monsters,מיניונים ומפלצות,https://movieland.co.il/order/?eventID=111098&theaterId=1290,https://movieland.co.il/order/?eventID=111098&theaterId=1290,Regular,2D,English,Hebrew,2026-08-31,2026,,,,All,Carmiel,MovieLand,619
15:30,Minions & Monsters,מיניונים ומפלצות,https://movieland.co.il/order/?eventID=111100&theaterId=1290,https://movieland.co.il/order/?eventID=111100&theaterId=1290,Regular,2D,English,Hebrew,2026-08-31,2026,,,,All,Carmiel,MovieLand,619
22:05,Insidious: Out of the further,הרוע שבפנים: מחוץ למעבר,https://movieland.co.il/order/?eventID=111087&theaterId=1290,https://movieland.co.il/order/?eventID=111087&theaterId=1290,Regular,2D,English,,2026-08-31,2026,,,,14+,Carmiel,MovieLand,619
11:05,Marsupilami,מרסופילאמי,https://movieland.co.il/order/?eventID=111107&theaterId=1290,https://movieland.co.il/order/?eventID=111107&theaterId=1290,Regular,2D,French,Hebrew,2026-08-31,2025,,,,All,Carmiel,MovieLand,619
17:35,Marsupilami,מרסופילאמי,https://movieland.co.il/order/?eventID=111075&theaterId=1290,https://movieland.co.il/order/?eventID=111075&theaterId=1290,Regular,2D,French,Hebrew,2026-08-31,2025,,,,All,Carmiel,MovieLand,619
19:25,Mutiny,נקמה בלב ים,https://movieland.co.il/order/?eventID=111082&theaterId=1290,https://movieland.co.il/order/?eventID=111082&theaterId=1290,Upgrade,2D,English,,2026-08-31,2026,,,,14+,Carmiel,MovieLand,619
21:35,Mutiny,נקמה בלב ים,https://movieland.co.il/order/?eventID=111081&theaterId=1290,https://movieland.co.il/order/?eventID=111081&theaterId=1290,Upgrade,2D,English,,2026-08-31,2026,,,,14+,Carmiel,MovieLand,619
19:50,Spa Weekend,ספא וויקנד,https://movieland.co.il/order/?eventID=111108&theaterId=1290,https://movieland.co.il/order/?eventID=111108&theaterId=1290,Regular,2D,English,,2026-08-31,2026,,,,14+,Carmiel,MovieLand,619
13:20,קופה ראשית: הסרט,קופה ראשית: הסרט,https://movieland.co.il/order/?eventID=111103&theaterId=1290,https://movieland.co.il/order/?eventID=111103&theaterId=1290,Regular,2D,Hebrew,,2026-08-31,2026,,,,All,Carmiel,MovieLand,619
16:35,קופה ראשית: הסרט,קופה ראשית: הסרט,https://movieland.co.il/order/?eventID=111102&theaterId=1290,https://movieland.co.il/order/?eventID=111102&theaterId=1290,Regular,2D,Hebrew,,2026-08-31,2026,,,,All,Carmiel,MovieLand,619
22:10,One night only,לגמור את הלילה,https://movieland.co.il/order/?eventID=111080&theaterId=1290,https://movieland.co.il/order/?eventID=111080&theaterId=1290,Regular,2D,English,,2026-08-31,2026,,,,14+,Carmiel,MovieLand,619
11:20,Toy Story 5,צעצוע של סיפור 5,https://movieland.co.il/order/?eventID=111101&theaterId=1290,https://movieland.co.il/order/?eventID=111101&theaterId=1290,Regular,2D,English,Hebrew,2026-08-31,2026,,,,All,Carmiel,MovieLand,619
15:00,Toy Story 5,צעצוע של סיפור 5,https://movieland.co.il/order/?eventID=111109&theaterId=1290,https://movieland.co.il/order/?eventID=111109&theaterId=1290,Regular,2D,English,Hebrew,2026-08-31,2026,,,,All,Carmiel,MovieLand,619
12:15,Moana (Live Action),מואנה,https://movieland.co.il/order/?eventID=111097&theaterId=1290,https://movieland.co.il/order/?eventID=111097&theaterId=1290,Regular,2D,English,Hebrew,2026-08-31,2026,,,,All,Carmiel,MovieLand,619
15:10,סולטיז הסרט - וולוג ה-100,סולטיז הסרט - וולוג ה-100,https://movieland.co.il/order/?eventID=111096&theaterId=1290,https://movieland.co.il/order/?eventID=111096&theaterId=1290,Regular,2D,Hebrew,,2026-08-31,2026,,,,All,Carmiel,MovieLand,619
19:10,גבעה 338,גבעה 338,https://movieland.co.il/order/?eventID=111079&theaterId=1290,https://movieland.co.il/order/?eventID=111079&theaterId=1290,Regular,2D,Hebrew,,2026-08-31,2026,,,,9+,Carmiel,MovieLand,619
21:30,גבעה 338,גבעה 338,https://movieland.co.il/order/?eventID=111078&theaterId=1290,https://movieland.co.il/order/?eventID=111078&theaterId=1290,Regular,2D,Hebrew,,2026-08-31,2026,,,,9+,Carmiel,MovieLand,619
11:00,STICH HEAD,פרנקי והמפלצות,https://movieland.co.il/order/?eventID=111113&theaterId=1290,https://movieland.co.il/order/?eventID=111113&theaterId=1290,Regular,2D,,Hebrew,2026-08-31,,,,,All,Carmiel,MovieLand,619
13:10,Three Wishes for Cinderella,סינדרלה ושלוש המשאלות,https://movieland.co.il/order/?eventID=111110&theaterId=1290,https://movieland.co.il/order/?eventID=111110&theaterId=1290,Regular,2D,,Hebrew,2026-08-31,2026,,,,All,Carmiel,MovieLand,619
17:20,GRACIE & PEDRO: PETS TO THE RESCUE,גרייסי ופדרו: חיות המחמד בפעולה,https://movieland.co.il/order/?eventID=111114&theaterId=1290,https://movieland.co.il/order/?eventID=111114&theaterId=1290,Regular,2D,,Hebrew,2026-08-31,,,,,All,Carmiel,MovieLand,619
18:45,ОДИССЕЯ,ОДИССЕЯ,https://movieland.co.il/order/?eventID=111111&theaterId=1290,https://movieland.co.il/order/?eventID=111111&theaterId=1290,Regular,2D,английский,,2026-08-31,2026,,,,14+,Carmiel,MovieLand,619
17:00,ЩЕНЯЧИЙ ПАТРУЛЬ: ДИНОФИЛЬМ,ЩЕНЯЧИЙ ПАТРУЛЬ: ДИНОФИЛЬМ,https://movieland.co.il/order/?eventID=111072&theaterId=1290,https://movieland.co.il/order/?eventID=111072&theaterId=1290,Regular,2D,английский,,2026-08-31,2026,,,,Нет возрастных ограничений,Carmiel,MovieLand,619
19:20,The Dog Stars,כוכבי הכלב,https://movieland.co.il/order/?eventID=110887&theaterId=1290,https://movieland.co.il/order/?eventID=110887&theaterId=1290,Regular,2D,English,,2026-09-01,2026,,,,12+,Carmiel,MovieLand,619
21:55,The Dog Stars,כוכבי הכלב,https://movieland.co.il/order/?eventID=110888&theaterId=1290,https://movieland.co.il/order/?eventID=110888&theaterId=1290,Regular,2D,English,,2026-09-01,2026,,,,12+,Carmiel,MovieLand,619
17:20,The Pout Pout Fish,דג ושמו באסה,https://movieland.co.il/order/?eventID=110882&theaterId=1290,https://movieland.co.il/order/?eventID=110882&theaterId=1290,Upgrade,2D,,Hebrew,2026-09-01,,,,,ליווי מבוגר עד גיל 8,Carmiel,MovieLand,619
17:00,Coyote vs. ACME,לוני טונס מציגים: קיוטי נגד אקמי,https://movieland.co.il/order/?eventID=110879&theaterId=1290,https://movieland.co.il/order/?eventID=110879&theaterId=1290,Regular,2D,English,Hebrew,2026-09-01,2026,,,,All,Carmiel,MovieLand,619
17:15,Spider-Man: Brand New Day,ספיידרמן: יום חדש,https://movieland.co.il/order/?eventID=110880&theaterId=1290,https://movieland.co.il/order/?eventID=110880&theaterId=1290,Regular,2D,English,,2026-09-01,2026,,,,All,Carmiel,MovieLand,619
19:05,Spider-Man: Brand New Day,ספיידרמן: יום חדש,https://movieland.co.il/order/?eventID=110873&theaterId=1290,https://movieland.co.il/order/?eventID=110873&theaterId=1290,Upgrade,2D,English,,2026-09-01,2026,,,,All,Carmiel,MovieLand,619
22:05,Spider-Man: Brand New Day,ספיידרמן: יום חדש,https://movieland.co.il/order/?eventID=110883&theaterId=1290,https://movieland.co.il/order/?eventID=110883&theaterId=1290,Upgrade,2D,English,,2026-09-01,2026,,,,All,Carmiel,MovieLand,619
13:25,The Odyssey,האודיסאה,https://movieland.co.il/order/?eventID=110913&theaterId=1290,https://movieland.co.il/order/?eventID=110913&theaterId=1290,Upgrade,2D,English,,2026-09-01,2026,,,,14+,Carmiel,MovieLand,619
18:50,The Odyssey,האודיסאה,https://movieland.co.il/order/?eventID=110884&theaterId=1290,https://movieland.co.il/order/?eventID=110884&theaterId=1290,Upgrade,2D,English,,2026-09-01,2026,,,,14+,Carmiel,MovieLand,619
21:35,The Odyssey,האודיסאה,https://movieland.co.il/order/?eventID=110885&theaterId=1290,https://movieland.co.il/order/?eventID=110885&theaterId=1290,Upgrade,2D,English,,2026-09-01,2026,,,,14+,Carmiel,MovieLand,619
16:50,Paw Patrol: The Dino Movie,מפרץ ההרפתקאות: אי הדינוזאורים,https://movieland.co.il/order/?eventID=110889&theaterId=1290,https://movieland.co.il/order/?eventID=110889&theaterId=1290,Upgrade,2D,English,Hebrew,2026-09-01,2026,,,,All,Carmiel,MovieLand,619
16:55,Minions & Monsters,מיניונים ומפלצות,https://movieland.co.il/order/?eventID=110890&theaterId=1290,https://movieland.co.il/order/?eventID=110890&theaterId=1290,Upgrade,2D,English,Hebrew,2026-09-01,2026,,,,All,Carmiel,MovieLand,619
22:05,Insidious: Out of the further,הרוע שבפנים: מחוץ למעבר,https://movieland.co.il/order/?eventID=110881&theaterId=1290,https://movieland.co.il/order/?eventID=110881&theaterId=1290,Regular,2D,English,,2026-09-01,2026,,,,14+,Carmiel,MovieLand,619
17:25,Marsupilami,מרסופילאמי,https://movieland.co.il/order/?eventID=110872&theaterId=1290,https://movieland.co.il/order/?eventID=110872&theaterId=1290,Regular,2D,French,Hebrew,2026-09-01,2025,,,,All,Carmiel,MovieLand,619
19:25,Mutiny,נקמה בלב ים,https://movieland.co.il/order/?eventID=110878&theaterId=1290,https://movieland.co.il/order/?eventID=110878&theaterId=1290,Upgrade,2D,English,,2026-09-01,2026,,,,14+,Carmiel,MovieLand,619
22:15,Mutiny,נקמה בלב ים,https://movieland.co.il/order/?eventID=110877&theaterId=1290,https://movieland.co.il/order/?eventID=110877&theaterId=1290,Upgrade,2D,English,,2026-09-01,2026,,,,14+,Carmiel,MovieLand,619
22:15,Spa Weekend,ספא וויקנד,https://movieland.co.il/order/?eventID=110914&theaterId=1290,https://movieland.co.il/order/?eventID=110914&theaterId=1290,Regular,2D,English,,2026-09-01,2026,,,,14+,Carmiel,MovieLand,619
17:35,קופה ראשית: הסרט,קופה ראשית: הסרט,https://movieland.co.il/order/?eventID=110886&theaterId=1290,https://movieland.co.il/order/?eventID=110886&theaterId=1290,Regular,2D,Hebrew,,2026-09-01,2026,,,,All,Carmiel,MovieLand,619
14:20,La La Land 10th Anniversary,לה לה לנד- חגיגות העשור,https://movieland.co.il/order/?eventID=110899&theaterId=1290,https://movieland.co.il/order/?eventID=110899&theaterId=1290,Regular,2D,English,,2026-09-01,2016,,,,,Carmiel,MovieLand,619
12:25,Let it Rain,ויהי גשם,https://movieland.co.il/order/?eventID=110898&theaterId=1290,https://movieland.co.il/order/?eventID=110898&theaterId=1290,Regular,2D,שבדית,,2026-09-01,2025,,,,All,Carmiel,MovieLand,619
14:55,Let it Rain,ויהי גשם,https://movieland.co.il/order/?eventID=110897&theaterId=1290,https://movieland.co.il/order/?eventID=110897&theaterId=1290,Regular,2D,שבדית,,2026-09-01,2025,,,,All,Carmiel,MovieLand,619
21:50,One night only,לגמור את הלילה,https://movieland.co.il/order/?eventID=110876&theaterId=1290,https://movieland.co.il/order/?eventID=110876&theaterId=1290,Regular,2D,English,,2026-09-01,2026,,,,14+,Carmiel,MovieLand,619
17:00,Toy Story 5,צעצוע של סיפור 5,https://movieland.co.il/order/?eventID=110891&theaterId=1290,https://movieland.co.il/order/?eventID=110891&theaterId=1290,Regular,2D,English,Hebrew,2026-09-01,2026,,,,All,Carmiel,MovieLand,619
11:50,Valley of Shadows,בחזרה מההימלאיה,https://movieland.co.il/order/?eventID=110910&theaterId=1290,https://movieland.co.il/order/?eventID=110910&theaterId=1290,Regular,2D,ספרדית,,2026-09-01,2025,,,,12+,Carmiel,MovieLand,619
14:25,Valley of Shadows,בחזרה מההימלאיה,https://movieland.co.il/order/?eventID=110909&theaterId=1290,https://movieland.co.il/order/?eventID=110909&theaterId=1290,Regular,2D,ספרדית,,2026-09-01,2025,,,,12+,Carmiel,MovieLand,619
19:20,Valley of Shadows,בחזרה מההימלאיה,https://movieland.co.il/order/?eventID=111116&theaterId=1290,https://movieland.co.il/order/?eventID=111116&theaterId=1290,Regular,2D,ספרדית,,2026-09-01,2025,,,,12+,Carmiel,MovieLand,619
14:20,האחד והיחיד שלי,האחד והיחיד שלי,https://movieland.co.il/order/?eventID=110904&theaterId=1290,https://movieland.co.il/order/?eventID=110904&theaterId=1290,Upgrade,2D,Hebrew,,2026-09-01,2026,,,,All,Carmiel,MovieLand,619
10:55,"Damned if you do, damned if you don’t",המשפחה האיטלקית שלי,https://movieland.co.il/order/?eventID=110907&theaterId=1290,https://movieland.co.il/order/?eventID=110907&theaterId=1290,Upgrade,2D,איטלקית,,2026-09-01,2025,,,,All,Carmiel,MovieLand,619
13:05,"Damned if you do, damned if you don’t",המשפחה האיטלקית שלי,https://movieland.co.il/order/?eventID=110906&theaterId=1290,https://movieland.co.il/order/?eventID=110906&theaterId=1290,Upgrade,2D,איטלקית,,2026-09-01,2025,,,,All,Carmiel,MovieLand,619
15:10,"Damned if you do, damned if you don’t",המשפחה האיטלקית שלי,https://movieland.co.il/order/?eventID=110905&theaterId=1290,https://movieland.co.il/order/?eventID=110905&theaterId=1290,Upgrade,2D,איטלקית,,2026-09-01,2025,,,,All,Carmiel,MovieLand,619
19:45,"Damned if you do, damned if you don’t",המשפחה האיטלקית שלי,https://movieland.co.il/order/?eventID=111117&theaterId=1290,https://movieland.co.il/order/?eventID=111117&theaterId=1290,Regular,2D,איטלקית,,2026-09-01,2025,,,,All,Carmiel,MovieLand,619
11:55,Bitter Christmas,חג מולד מר,https://movieland.co.il/order/?eventID=110908&theaterId=1290,https://movieland.co.il/order/?eventID=110908&theaterId=1290,Regular,2D,ספרדית,,2026-09-01,2026,,,,All,Carmiel,MovieLand,619
11:00,גבעה 338,גבעה 338,https://movieland.co.il/order/?eventID=110912&theaterId=1290,https://movieland.co.il/order/?eventID=110912&theaterId=1290,Upgrade,2D,Hebrew,,2026-09-01,2026,,,,9+,Carmiel,MovieLand,619
22:00,גבעה 338,גבעה 338,https://movieland.co.il/order/?eventID=110874&theaterId=1290,https://movieland.co.il/order/?eventID=110874&theaterId=1290,Regular,2D,Hebrew,,2026-09-01,2026,,,,9+,Carmiel,MovieLand,619
12:05,A Missing Part,החלק החסר,https://movieland.co.il/order/?eventID=110911&theaterId=1290,https://movieland.co.il/order/?eventID=110911&theaterId=1290,Upgrade,2D,French,,2026-09-01,2024,,,,All,Carmiel,MovieLand,619
11:35,What Marielle Knows,מה שמריאל יודעת,https://movieland.co.il/order/?eventID=110895&theaterId=1290,https://movieland.co.il/order/?eventID=110895&theaterId=1290,Regular,2D,German,,2026-09-01,2025,,,,All,Carmiel,MovieLand,619
13:35,What Marielle Knows,מה שמריאל יודעת,https://movieland.co.il/order/?eventID=110894&theaterId=1290,https://movieland.co.il/order/?eventID=110894&theaterId=1290,Regular,2D,German,,2026-09-01,2025,,,,All,Carmiel,MovieLand,619
15:35,What Marielle Knows,מה שמריאל יודעת,https://movieland.co.il/order/?eventID=110893&theaterId=1290,https://movieland.co.il/order/?eventID=110893&theaterId=1290,Regular,2D,German,,2026-09-01,2025,,,,All,Carmiel,MovieLand,619
19:50,What Marielle Knows,מה שמריאל יודעת,https://movieland.co.il/order/?eventID=110892&theaterId=1290,https://movieland.co.il/order/?eventID=110892&theaterId=1290,Regular,2D,German,,2026-09-01,2025,,,,All,Carmiel,MovieLand,619
11:05,It takes two to tango,צריך שניים לטנגו,https://movieland.co.il/order/?eventID=110903&theaterId=1290,https://movieland.co.il/order/?eventID=110903&theaterId=1290,Regular,2D,French,,2026-09-01,2025,,,,All,Carmiel,MovieLand,619
13:05,It takes two to tango,צריך שניים לטנגו,https://movieland.co.il/order/?eventID=110902&theaterId=1290,https://movieland.co.il/order/?eventID=110902&theaterId=1290,Regular,2D,French,,2026-09-01,2025,,,,All,Carmiel,MovieLand,619
15:10,It takes two to tango,צריך שניים לטנגו,https://movieland.co.il/order/?eventID=110901&theaterId=1290,https://movieland.co.il/order/?eventID=110901&theaterId=1290,Regular,2D,French,,2026-09-01,2025,,,,All,Carmiel,MovieLand,619
20:15,It takes two to tango,צריך שניים לטנגו,https://movieland.co.il/order/?eventID=110900&theaterId=1290,https://movieland.co.il/order/?eventID=110900&theaterId=1290,Regular,2D,French,,2026-09-01,2025,,,,All,Carmiel,MovieLand,619
19:20,The Dog Stars,כוכבי הכלב,https://movieland.co.il/order/?eventID=111017&theaterId=1290,https://movieland.co.il/order/?eventID=111017&theaterId=1290,Regular,2D,English,,2026-09-02,2026,,,,12+,Carmiel,MovieLand,619
21:55,The Dog Stars,כוכבי הכלב,https://movieland.co.il/order/?eventID=111018&theaterId=1290,https://movieland.co.il/order/?eventID=111018&theaterId=1290,Regular,2D,English,,2026-09-02,2026,,,,12+,Carmiel,MovieLand,619
17:20,The Pout Pout Fish,דג ושמו באסה,https://movieland.co.il/order/?eventID=111011&theaterId=1290,https://movieland.co.il/order/?eventID=111011&theaterId=1290,Upgrade,2D,,Hebrew,2026-09-02,,,,,ליווי מבוגר עד גיל 8,Carmiel,MovieLand,619
16:30,Coyote vs. ACME,לוני טונס מציגים: קיוטי נגד אקמי,https://movieland.co.il/order/?eventID=111009&theaterId=1290,https://movieland.co.il/order/?eventID=111009&theaterId=1290,Upgrade,2D,English,Hebrew,2026-09-02,2026,,,,All,Carmiel,MovieLand,619
19:05,Spider-Man: Brand New Day,ספיידרמן: יום חדש,https://movieland.co.il/order/?eventID=111003&theaterId=1290,https://movieland.co.il/order/?eventID=111003&theaterId=1290,Upgrade,2D,English,,2026-09-02,2026,,,,All,Carmiel,MovieLand,619
20:30,Spider-Man: Brand New Day,ספיידרמן: יום חדש,https://movieland.co.il/order/?eventID=111122&theaterId=1290,https://movieland.co.il/order/?eventID=111122&theaterId=1290,Regular,2D,English,,2026-09-02,2026,,,,All,Carmiel,MovieLand,619
22:05,Spider-Man: Brand New Day,ספיידרמן: יום חדש,https://movieland.co.il/order/?eventID=111012&theaterId=1290,https://movieland.co.il/order/?eventID=111012&theaterId=1290,Upgrade,2D,English,,2026-09-02,2026,,,,All,Carmiel,MovieLand,619
18:50,The Odyssey,האודיסאה,https://movieland.co.il/order/?eventID=111014&theaterId=1290,https://movieland.co.il/order/?eventID=111014&theaterId=1290,Upgrade,2D,English,,2026-09-02,2026,,,,14+,Carmiel,MovieLand,619
21:35,The Odyssey,האודיסאה,https://movieland.co.il/order/?eventID=111015&theaterId=1290,https://movieland.co.il/order/?eventID=111015&theaterId=1290,Upgrade,2D,English,,2026-09-02,2026,,,,14+,Carmiel,MovieLand,619
17:00,Paw Patrol: The Dino Movie,מפרץ ההרפתקאות: אי הדינוזאורים,https://movieland.co.il/order/?eventID=111021&theaterId=1290,https://movieland.co.il/order/?eventID=111021&theaterId=1290,Regular,2D,English,Hebrew,2026-09-02,2026,,,,All,Carmiel,MovieLand,619
16:55,Minions & Monsters,מיניונים ומפלצות,https://movieland.co.il/order/?eventID=111022&theaterId=1290,https://movieland.co.il/order/?eventID=111022&theaterId=1290,Upgrade,2D,English,Hebrew,2026-09-02,2026,,,,All,Carmiel,MovieLand,619
22:05,Insidious: Out of the further,הרוע שבפנים: מחוץ למעבר,https://movieland.co.il/order/?eventID=111010&theaterId=1290,https://movieland.co.il/order/?eventID=111010&theaterId=1290,Regular,2D,English,,2026-09-02,2026,,,,14+,Carmiel,MovieLand,619
17:35,Marsupilami,מרסופילאמי,https://movieland.co.il/order/?eventID=111002&theaterId=1290,https://movieland.co.il/order/?eventID=111002&theaterId=1290,Regular,2D,French,Hebrew,2026-09-02,2025,,,,All,Carmiel,MovieLand,619
19:25,Mutiny,נקמה בלב ים,https://movieland.co.il/order/?eventID=111008&theaterId=1290,https://movieland.co.il/order/?eventID=111008&theaterId=1290,Upgrade,2D,English,,2026-09-02,2026,,,,14+,Carmiel,MovieLand,619
22:20,Mutiny,נקמה בלב ים,https://movieland.co.il/order/?eventID=111007&theaterId=1290,https://movieland.co.il/order/?eventID=111007&theaterId=1290,Upgrade,2D,English,,2026-09-02,2026,,,,14+,Carmiel,MovieLand,619
19:50,Spa Weekend,ספא וויקנד,https://movieland.co.il/order/?eventID=111019&theaterId=1290,https://movieland.co.il/order/?eventID=111019&theaterId=1290,Regular,2D,English,,2026-09-02,2026,,,,14+,Carmiel,MovieLand,619
17:35,קופה ראשית: הסרט,קופה ראשית: הסרט,https://movieland.co.il/order/?eventID=111016&theaterId=1290,https://movieland.co.il/order/?eventID=111016&theaterId=1290,Regular,2D,Hebrew,,2026-09-02,2026,,,,All,Carmiel,MovieLand,619
22:10,One night only,לגמור את הלילה,https://movieland.co.il/order/?eventID=111006&theaterId=1290,https://movieland.co.il/order/?eventID=111006&theaterId=1290,Regular,2D,English,,2026-09-02,2026,,,,14+,Carmiel,MovieLand,619
17:00,Toy Story 5,צעצוע של סיפור 5,https://movieland.co.il/order/?eventID=111023&theaterId=1290,https://movieland.co.il/order/?eventID=111023&theaterId=1290,Regular,2D,English,Hebrew,2026-09-02,2026,,,,All,Carmiel,MovieLand,619
19:10,גבעה 338,גבעה 338,https://movieland.co.il/order/?eventID=111005&theaterId=1290,https://movieland.co.il/order/?eventID=111005&theaterId=1290,Regular,2D,Hebrew,,2026-09-02,2026,,,,9+,Carmiel,MovieLand,619
21:30,גבעה 338,גבעה 338,https://movieland.co.il/order/?eventID=111004&theaterId=1290,https://movieland.co.il/order/?eventID=111004&theaterId=1290,Regular,2D,Hebrew,,2026-09-02,2026,,,,9+,Carmiel,MovieLand,619
19:50,НА КРАЮ ОУК-СТРИТ,НА КРАЮ ОУК-СТРИТ,https://movieland.co.il/order/?eventID=111020&theaterId=1290,https://movieland.co.il/order/?eventID=111020&theaterId=1290,Regular,2D,английский,,2026-09-02,,,,,12+,Carmiel,MovieLand,619
19:30,MovieRetro- הזאב מוול סטריט,MovieRetro- הזאב מוול סטריט,https://movieland.co.il/order/?eventID=103267&theaterId=1290,https://movieland.co.il/order/?eventID=103267&theaterId=1290,Regular,2D,English,,2026-09-03,2013,,,,,Carmiel,MovieLand,619
17:00,MovieRetro- אמיצה (מדובב),MovieRetro- אמיצה,https://movieland.co.il/order/?eventID=110399&theaterId=1290,https://movieland.co.il/order/?eventID=110399&theaterId=1290,Regular,2D,English,Hebrew,2026-09-24,2012,,,,,Carmiel,MovieLand,619
14:10,The Dog Stars,כוכבי הכלב,https://movieland.co.il/order/?eventID=147647&theaterId=1292,https://movieland.co.il/order/?eventID=147647&theaterId=1292,Regular,2D,English,,2026-08-31,2026,,,,12+,Netanya,MovieLand,619
19:35,The Dog Stars,כוכבי הכלב,https://movieland.co.il/order/?eventID=147646&theaterId=1292,https://movieland.co.il/order/?eventID=147646&theaterId=1292,Regular,2D,English,,2026-08-31,2026,,,,12+,Netanya,MovieLand,619
22:15,The Dog Stars,כוכבי הכלב,https://movieland.co.il/order/?eventID=147645&theaterId=1292,https://movieland.co.il/order/?eventID=147645&theaterId=1292,Regular,2D,English,,2026-08-31,2026,,,,12+,Netanya,MovieLand,619
10:50,The Pout Pout Fish,דג ושמו באסה,https://movieland.co.il/order/?eventID=147633&theaterId=1292,https://movieland.co.il/order/?eventID=147633&theaterId=1292,Upgrade,2D,,Hebrew,2026-08-31,,,,,ליווי מבוגר עד גיל 8,Netanya,MovieLand,619
11:30,The Pout Pout Fish,דג ושמו באסה,https://movieland.co.il/order/?eventID=147650&theaterId=1292,https://movieland.co.il/order/?eventID=147650&theaterId=1292,Regular,2D,,Hebrew,2026-08-31,,,,,ליווי מבוגר עד גיל 8,Netanya,MovieLand,619
13:05,The Pout Pout Fish,דג ושמו באסה,https://movieland.co.il/order/?eventID=147634&theaterId=1292,https://movieland.co.il/order/?eventID=147634&theaterId=1292,Upgrade,2D,,Hebrew,2026-08-31,,,,,ליווי מבוגר עד גיל 8,Netanya,MovieLand,619
15:20,The Pout Pout Fish,דג ושמו באסה,https://movieland.co.il/order/?eventID=147635&theaterId=1292,https://movieland.co.il/order/?eventID=147635&theaterId=1292,Upgrade,2D,,Hebrew,2026-08-31,,,,,ליווי מבוגר עד גיל 8,Netanya,MovieLand,619
17:35,The Pout Pout Fish,דג ושמו באסה,https://movieland.co.il/order/?eventID=147636&theaterId=1292,https://movieland.co.il/order/?eventID=147636&theaterId=1292,Upgrade,2D,,Hebrew,2026-08-31,,,,,ליווי מבוגר עד גיל 8,Netanya,MovieLand,619
11:55,Coyote vs. ACME,לוני טונס מציגים: קיוטי נגד אקמי,https://movieland.co.il/order/?eventID=147630&theaterId=1292,https://movieland.co.il/order/?eventID=147630&theaterId=1292,Upgrade,2D,English,Hebrew,2026-08-31,2026,,,,All,Netanya,MovieLand,619
14:15,Coyote vs. ACME,לוני טונס מציגים: קיוטי נגד אקמי,https://movieland.co.il/order/?eventID=147631&theaterId=1292,https://movieland.co.il/order/?eventID=147631&theaterId=1292,Upgrade,2D,English,Hebrew,2026-08-31,2026,,,,All,Netanya,MovieLand,619
16:35,Coyote vs. ACME,לוני טונס מציגים: קיוטי נגד אקמי,https://movieland.co.il/order/?eventID=147632&theaterId=1292,https://movieland.co.il/order/?eventID=147632&theaterId=1292,Upgrade,2D,English,Hebrew,2026-08-31,2026,,,,All,Netanya,MovieLand,619
14:15,Spider-Man: Brand New Day,ספיידרמן: יום חדש,https://movieland.co.il/order/?eventID=147614&theaterId=1292,https://movieland.co.il/order/?eventID=147614&theaterId=1292,Regular,2D,English,,2026-08-31,2026,,,,All,Netanya,MovieLand,619
16:50,Spider-Man: Brand New Day,ספיידרמן: יום חדש,https://movieland.co.il/order/?eventID=147613&theaterId=1292,https://movieland.co.il/order/?eventID=147613&theaterId=1292,Regular,2D,English,,2026-08-31,2026,,,,All,Netanya,MovieLand,619
18:15,Spider-Man: Brand New Day,ספיידרמן: יום חדש,https://movieland.co.il/order/?eventID=147611&theaterId=1292,https://movieland.co.il/order/?eventID=147611&theaterId=1292,Regular,2D,English,,2026-08-31,2026,,,,All,Netanya,MovieLand,619
19:00,Spider-Man: Brand New Day,ספיידרמן: יום חדש,https://movieland.co.il/order/?eventID=147615&theaterId=1292,https://movieland.co.il/order/?eventID=147615&theaterId=1292,Regular,2D,English,,2026-08-31,2026,,,,All,Netanya,MovieLand,619
20:00,Spider-Man: Brand New Day,ספיידרמן: יום חדש,https://movieland.co.il/order/?eventID=147610&theaterId=1292,https://movieland.co.il/order/?eventID=147610&theaterId=1292,Upgrade,2D,English,,2026-08-31,2026,,,,All,Netanya,MovieLand,619
21:20,Spider-Man: Brand New Day,ספיידרמן: יום חדש,https://movieland.co.il/order/?eventID=147612&theaterId=1292,https://movieland.co.il/order/?eventID=147612&theaterId=1292,Regular,2D,English,,2026-08-31,2026,,,,All,Netanya,MovieLand,619
22:05,Spider-Man: Brand New Day,ספיידרמן: יום חדש,https://movieland.co.il/order/?eventID=147616&theaterId=1292,https://movieland.co.il/order/?eventID=147616&theaterId=1292,Regular,2D,English,,2026-08-31,2026,,,,All,Netanya,MovieLand,619
13:20,The Odyssey,האודיסאה,https://movieland.co.il/order/?eventID=147599&theaterId=1292,https://movieland.co.il/order/?eventID=147599&theaterId=1292,Regular,2D,English,,2026-08-31,2026,,,,14+,Netanya,MovieLand,619
18:00,The Odyssey,האודיסאה,https://movieland.co.il/order/?eventID=147600&theaterId=1292,https://movieland.co.il/order/?eventID=147600&theaterId=1292,Upgrade,2D,English,,2026-08-31,2026,,,,14+,Netanya,MovieLand,619
20:00,The Odyssey,האודיסאה,https://movieland.co.il/order/?eventID=147602&theaterId=1292,https://movieland.co.il/order/?eventID=147602&theaterId=1292,Regular,2D,English,,2026-08-31,2026,,,,14+,Netanya,MovieLand,619
21:35,The Odyssey,האודיסאה,https://movieland.co.il/order/?eventID=147601&theaterId=1292,https://movieland.co.il/order/?eventID=147601&theaterId=1292,Upgrade,2D,English,,2026-08-31,2026,,,,14+,Netanya,MovieLand,619
10:50,Paw Patrol: The Dino Movie,מפרץ ההרפתקאות: אי הדינוזאורים,https://movieland.co.il/order/?eventID=147619&theaterId=1292,https://movieland.co.il/order/?eventID=147619&theaterId=1292,Regular,2D,English,Hebrew,2026-08-31,2026,,,,All,Netanya,MovieLand,619
12:00,Paw Patrol: The Dino Movie,מפרץ ההרפתקאות: אי הדינוזאורים,https://movieland.co.il/order/?eventID=147620&theaterId=1292,https://movieland.co.il/order/?eventID=147620&theaterId=1292,Regular,2D,English,Hebrew,2026-08-31,2026,,,,All,Netanya,MovieLand,619
15:10,Paw Patrol: The Dino Movie,מפרץ ההרפתקאות: אי הדינוזאורים,https://movieland.co.il/order/?eventID=147618&theaterId=1292,https://movieland.co.il/order/?eventID=147618&theaterId=1292,Regular,2D,English,Hebrew,2026-08-31,2026,,,,All,Netanya,MovieLand,619
11:10,Minions & Monsters,מיניונים ומפלצות,https://movieland.co.il/order/?eventID=147609&theaterId=1292,https://movieland.co.il/order/?eventID=147609&theaterId=1292,Regular,2D,English,Hebrew,2026-08-31,2026,,,,All,Netanya,MovieLand,619
13:00,Minions & Monsters,מיניונים ומפלצות,https://movieland.co.il/order/?eventID=147608&theaterId=1292,https://movieland.co.il/order/?eventID=147608&theaterId=1292,Regular,2D,English,Hebrew,2026-08-31,2026,,,,All,Netanya,MovieLand,619
15:50,Minions & Monsters,מיניונים ומפלצות,https://movieland.co.il/order/?eventID=147607&theaterId=1292,https://movieland.co.il/order/?eventID=147607&theaterId=1292,Upgrade,2D,English,Hebrew,2026-08-31,2026,,,,All,Netanya,MovieLand,619
21:55,Insidious: Out of the further,הרוע שבפנים: מחוץ למעבר,https://movieland.co.il/order/?eventID=147621&theaterId=1292,https://movieland.co.il/order/?eventID=147621&theaterId=1292,Regular,2D,English,,2026-08-31,2026,,,,14+,Netanya,MovieLand,619
16:50,Marsupilami,מרסופילאמי,https://movieland.co.il/order/?eventID=147606&theaterId=1292,https://movieland.co.il/order/?eventID=147606&theaterId=1292,Regular,2D,French,Hebrew,2026-08-31,2025,,,,All,Netanya,MovieLand,619
19:10,Mutiny,נקמה בלב ים,https://movieland.co.il/order/?eventID=147637&theaterId=1292,https://movieland.co.il/order/?eventID=147637&theaterId=1292,Regular,2D,English,,2026-08-31,2026,,,,14+,Netanya,MovieLand,619
21:15,Mutiny,נקמה בלב ים,https://movieland.co.il/order/?eventID=147638&theaterId=1292,https://movieland.co.il/order/?eventID=147638&theaterId=1292,Upgrade,2D,English,,2026-08-31,2026,,,,14+,Netanya,MovieLand,619
21:25,Spa Weekend,ספא וויקנד,https://movieland.co.il/order/?eventID=147627&theaterId=1292,https://movieland.co.il/order/?eventID=147627&theaterId=1292,Regular,2D,English,,2026-08-31,2026,,,,14+,Netanya,MovieLand,619
12:00,קופה ראשית: הסרט,קופה ראשית: הסרט,https://movieland.co.il/order/?eventID=147625&theaterId=1292,https://movieland.co.il/order/?eventID=147625&theaterId=1292,Regular,2D,Hebrew,,2026-08-31,2026,,,,All,Netanya,MovieLand,619
13:45,קופה ראשית: הסרט,קופה ראשית: הסרט,https://movieland.co.il/order/?eventID=147623&theaterId=1292,https://movieland.co.il/order/?eventID=147623&theaterId=1292,Regular,2D,Hebrew,,2026-08-31,2026,,,,All,Netanya,MovieLand,619
16:00,קופה ראשית: הסרט,קופה ראשית: הסרט,https://movieland.co.il/order/?eventID=147643&theaterId=1292,https://movieland.co.il/order/?eventID=147643&theaterId=1292,Regular,2D,Hebrew,,2026-08-31,2026,,,,All,Netanya,MovieLand,619
17:20,קופה ראשית: הסרט,קופה ראשית: הסרט,https://movieland.co.il/order/?eventID=147624&theaterId=1292,https://movieland.co.il/order/?eventID=147624&theaterId=1292,Regular,2D,Hebrew,,2026-08-31,2026,,,,All,Netanya,MovieLand,619
19:00,קופה ראשית: הסרט,קופה ראשית: הסרט,https://movieland.co.il/order/?eventID=147642&theaterId=1292,https://movieland.co.il/order/?eventID=147642&theaterId=1292,Upgrade,2D,Hebrew,,2026-08-31,2026,,,,All,Netanya,MovieLand,619
21:35,One night only,לגמור את הלילה,https://movieland.co.il/order/?eventID=147622&theaterId=1292,https://movieland.co.il/order/?eventID=147622&theaterId=1292,Regular,2D,English,,2026-08-31,2026,,,,14+,Netanya,MovieLand,619
11:05,Toy Story 5,צעצוע של סיפור 5,https://movieland.co.il/order/?eventID=147603&theaterId=1292,https://movieland.co.il/order/?eventID=147603&theaterId=1292,Upgrade,2D,English,Hebrew,2026-08-31,2026,,,,All,Netanya,MovieLand,619
13:30,Toy Story 5,צעצוע של סיפור 5,https://movieland.co.il/order/?eventID=147641&theaterId=1292,https://movieland.co.il/order/?eventID=147641&theaterId=1292,Upgrade,2D,English,Hebrew,2026-08-31,2026,,,,All,Netanya,MovieLand,619
11:15,Moana (Live Action),מואנה,https://movieland.co.il/order/?eventID=147604&theaterId=1292,https://movieland.co.il/order/?eventID=147604&theaterId=1292,Regular,2D,English,Hebrew,2026-08-31,2026,,,,All,Netanya,MovieLand,619
13:45,Moana (Live Action),מואנה,https://movieland.co.il/order/?eventID=147605&theaterId=1292,https://movieland.co.il/order/?eventID=147605&theaterId=1292,Regular,2D,English,Hebrew,2026-08-31,2026,,,,All,Netanya,MovieLand,619
16:25,Moana (Live Action),מואנה,https://movieland.co.il/order/?eventID=147653&theaterId=1292,https://movieland.co.il/order/?eventID=147653&theaterId=1292,Regular,2D,English,Hebrew,2026-08-31,2026,,,,All,Netanya,MovieLand,619
19:35,End of Oak street,סוף רחוב האלון,https://movieland.co.il/order/?eventID=147617&theaterId=1292,https://movieland.co.il/order/?eventID=147617&theaterId=1292,Regular,2D,English,,2026-08-31,2026,,,,12+,Netanya,MovieLand,619
12:05,סולטיז הסרט - וולוג ה-100,סולטיז הסרט - וולוג ה-100,https://movieland.co.il/order/?eventID=147649&theaterId=1292,https://movieland.co.il/order/?eventID=147649&theaterId=1292,Regular,2D,Hebrew,,2026-08-31,2026,,,,All,Netanya,MovieLand,619
14:30,סולטיז הסרט - וולוג ה-100,סולטיז הסרט - וולוג ה-100,https://movieland.co.il/order/?eventID=147644&theaterId=1292,https://movieland.co.il/order/?eventID=147644&theaterId=1292,Regular,2D,Hebrew,,2026-08-31,2026,,,,All,Netanya,MovieLand,619
17:15,סולטיז הסרט - וולוג ה-100,סולטיז הסרט - וולוג ה-100,https://movieland.co.il/order/?eventID=147626&theaterId=1292,https://movieland.co.il/order/?eventID=147626&theaterId=1292,Regular,2D,Hebrew,,2026-08-31,2026,,,,All,Netanya,MovieLand,619
13:50,גבעה 338,גבעה 338,https://movieland.co.il/order/?eventID=147648&theaterId=1292,https://movieland.co.il/order/?eventID=147648&theaterId=1292,Regular,2D,Hebrew,,2026-08-31,2026,,,,9+,Netanya,MovieLand,619
16:15,גבעה 338,גבעה 338,https://movieland.co.il/order/?eventID=147639&theaterId=1292,https://movieland.co.il/order/?eventID=147639&theaterId=1292,Regular,2D,Hebrew,,2026-08-31,2026,,,,9+,Netanya,MovieLand,619
22:15,גבעה 338,גבעה 338,https://movieland.co.il/order/?eventID=147640&theaterId=1292,https://movieland.co.il/order/?eventID=147640&theaterId=1292,Regular,2D,Hebrew,,2026-08-31,2026,,,,9+,Netanya,MovieLand,619
11:40,Tafiti: Across the Desert,טפיטי: הרפתקה במדבר,https://movieland.co.il/order/?eventID=147651&theaterId=1292,https://movieland.co.il/order/?eventID=147651&theaterId=1292,Regular,2D,German,Hebrew,2026-08-31,2025,,,,ליווי מבוגר עד גיל 8,Netanya,MovieLand,619
19:15,НА КРАЮ ОУК-СТРИТ,НА КРАЮ ОУК-СТРИТ,https://movieland.co.il/order/?eventID=147652&theaterId=1292,https://movieland.co.il/order/?eventID=147652&theaterId=1292,Regular,2D,английский,,2026-08-31,,,,,12+,Netanya,MovieLand,619
18:40,ОДИССЕЯ,ОДИССЕЯ,https://movieland.co.il/order/?eventID=147628&theaterId=1292,https://movieland.co.il/order/?eventID=147628&theaterId=1292,Regular,2D,английский,,2026-08-31,2026,,,,14+,Netanya,MovieLand,619
16:50,Coyote vs. ACME,לוני טונס מציגים: קיוטי נגד אקמי,https://movieland.co.il/order/?eventID=147629&theaterId=1292,https://movieland.co.il/order/?eventID=147629&theaterId=1292,Regular,2D,English,,2026-08-31,2026,,,,All,Netanya,MovieLand,619
19:35,The Dog Stars,כוכבי הכלב,https://movieland.co.il/order/?eventID=147352&theaterId=1292,https://movieland.co.il/order/?eventID=147352&theaterId=1292,Regular,2D,English,,2026-09-01,2026,,,,12+,Netanya,MovieLand,619
22:15,The Dog Stars,כוכבי הכלב,https://movieland.co.il/order/?eventID=147351&theaterId=1292,https://movieland.co.il/order/?eventID=147351&theaterId=1292,Regular,2D,English,,2026-09-01,2026,,,,12+,Netanya,MovieLand,619
17:35,The Pout Pout Fish,דג ושמו באסה,https://movieland.co.il/order/?eventID=147346&theaterId=1292,https://movieland.co.il/order/?eventID=147346&theaterId=1292,Regular,2D,,Hebrew,2026-09-01,,,,,ליווי מבוגר עד גיל 8,Netanya,MovieLand,619
17:05,Coyote vs. ACME,לוני טונס מציגים: קיוטי נגד אקמי,https://movieland.co.il/order/?eventID=147345&theaterId=1292,https://movieland.co.il/order/?eventID=147345&theaterId=1292,Upgrade,2D,English,Hebrew,2026-09-01,2026,,,,All,Netanya,MovieLand,619
16:50,Spider-Man: Brand New Day,ספיידרמן: יום חדש,https://movieland.co.il/order/?eventID=147338&theaterId=1292,https://movieland.co.il/order/?eventID=147338&theaterId=1292,Regular,2D,English,,2026-09-01,2026,,,,All,Netanya,MovieLand,619
18:00,Spider-Man: Brand New Day,ספיידרמן: יום חדש,https://movieland.co.il/order/?eventID=147336&theaterId=1292,https://movieland.co.il/order/?eventID=147336&theaterId=1292,Upgrade,2D,English,,2026-09-01,2026,,,,All,Netanya,MovieLand,619
21:05,Spider-Man: Brand New Day,ספיידרמן: יום חדש,https://movieland.co.il/order/?eventID=147337&theaterId=1292,https://movieland.co.il/order/?eventID=147337&theaterId=1292,Upgrade,2D,English,,2026-09-01,2026,,,,All,Netanya,MovieLand,619
22:00,Spider-Man: Brand New Day,ספיידרמן: יום חדש,https://movieland.co.il/order/?eventID=147339&theaterId=1292,https://movieland.co.il/order/?eventID=147339&theaterId=1292,Regular,2D,English,,2026-09-01,2026,,,,All,Netanya,MovieLand,619
13:35,The Odyssey,האודיסאה,https://movieland.co.il/order/?eventID=147379&theaterId=1292,https://movieland.co.il/order/?eventID=147379&theaterId=1292,Upgrade,2D,English,,2026-09-01,2026,,,,14+,Netanya,MovieLand,619
18:10,The Odyssey,האודיסאה,https://movieland.co.il/order/?eventID=147331&theaterId=1292,https://movieland.co.il/order/?eventID=147331&theaterId=1292,Upgrade,2D,English,,2026-09-01,2026,,,,14+,Netanya,MovieLand,619
20:00,The Odyssey,האודיסאה,https://movieland.co.il/order/?eventID=147333&theaterId=1292,https://movieland.co.il/order/?eventID=147333&theaterId=1292,Regular,2D,English,,2026-09-01,2026,,,,14+,Netanya,MovieLand,619
21:45,The Odyssey,האודיסאה,https://movieland.co.il/order/?eventID=147332&theaterId=1292,https://movieland.co.il/order/?eventID=147332&theaterId=1292,Upgrade,2D,English,,2026-09-01,2026,,,,14+,Netanya,MovieLand,619
17:00,Paw Patrol: The Dino Movie,מפרץ ההרפתקאות: אי הדינוזאורים,https://movieland.co.il/order/?eventID=147382&theaterId=1292,https://movieland.co.il/order/?eventID=147382&theaterId=1292,Regular,2D,English,Hebrew,2026-09-01,2026,,,,All,Netanya,MovieLand,619
16:00,Minions & Monsters,מיניונים ומפלצות,https://movieland.co.il/order/?eventID=147335&theaterId=1292,https://movieland.co.il/order/?eventID=147335&theaterId=1292,Upgrade,2D,English,Hebrew,2026-09-01,2026,,,,All,Netanya,MovieLand,619
22:25,Insidious: Out of the further,הרוע שבפנים: מחוץ למעבר,https://movieland.co.il/order/?eventID=147340&theaterId=1292,https://movieland.co.il/order/?eventID=147340&theaterId=1292,Regular,2D,English,,2026-09-01,2026,,,,14+,Netanya,MovieLand,619
17:25,Marsupilami,מרסופילאמי,https://movieland.co.il/order/?eventID=147661&theaterId=1292,https://movieland.co.il/order/?eventID=147661&theaterId=1292,Regular,2D,French,Hebrew,2026-09-01,2025,,,,All,Netanya,MovieLand,619
21:45,Mutiny,נקמה בלב ים,https://movieland.co.il/order/?eventID=147348&theaterId=1292,https://movieland.co.il/order/?eventID=147348&theaterId=1292,Upgrade,2D,English,,2026-09-01,2026,,,,14+,Netanya,MovieLand,619
22:25,Spa Weekend,ספא וויקנד,https://movieland.co.il/order/?eventID=147344&theaterId=1292,https://movieland.co.il/order/?eventID=147344&theaterId=1292,Regular,2D,English,,2026-09-01,2026,,,,14+,Netanya,MovieLand,619
17:20,קופה ראשית: הסרט,קופה ראשית: הסרט,https://movieland.co.il/order/?eventID=147342&theaterId=1292,https://movieland.co.il/order/?eventID=147342&theaterId=1292,Regular,2D,Hebrew,,2026-09-01,2026,,,,All,Netanya,MovieLand,619
19:30,קופה ראשית: הסרט,קופה ראשית: הסרט,https://movieland.co.il/order/?eventID=147350&theaterId=1292,https://movieland.co.il/order/?eventID=147350&theaterId=1292,Upgrade,2D,Hebrew,,2026-09-01,2026,,,,All,Netanya,MovieLand,619
11:40,La La Land 10th Anniversary,לה לה לנד- חגיגות העשור,https://movieland.co.il/order/?eventID=147363&theaterId=1292,https://movieland.co.il/order/?eventID=147363&theaterId=1292,Regular,2D,English,,2026-09-01,2016,,,,,Netanya,MovieLand,619
14:30,La La Land 10th Anniversary,לה לה לנד- חגיגות העשור,https://movieland.co.il/order/?eventID=147362&theaterId=1292,https://movieland.co.il/order/?eventID=147362&theaterId=1292,Regular,2D,English,,2026-09-01,2016,,,,,Netanya,MovieLand,619
19:40,La La Land 10th Anniversary,לה לה לנד- חגיגות העשור,https://movieland.co.il/order/?eventID=147361&theaterId=1292,https://movieland.co.il/order/?eventID=147361&theaterId=1292,Regular,2D,English,,2026-09-01,2016,,,,,Netanya,MovieLand,619
11:45,Let it Rain,ויהי גשם,https://movieland.co.il/order/?eventID=147360&theaterId=1292,https://movieland.co.il/order/?eventID=147360&theaterId=1292,Regular,2D,שבדית,,2026-09-01,2025,,,,All,Netanya,MovieLand,619
14:15,Let it Rain,ויהי גשם,https://movieland.co.il/order/?eventID=147359&theaterId=1292,https://movieland.co.il/order/?eventID=147359&theaterId=1292,Regular,2D,שבדית,,2026-09-01,2025,,,,All,Netanya,MovieLand,619
21:25,One night only,לגמור את הלילה,https://movieland.co.il/order/?eventID=147341&theaterId=1292,https://movieland.co.il/order/?eventID=147341&theaterId=1292,Regular,2D,English,,2026-09-01,2026,,,,14+,Netanya,MovieLand,619
16:45,Toy Story 5,צעצוע של סיפור 5,https://movieland.co.il/order/?eventID=147383&theaterId=1292,https://movieland.co.il/order/?eventID=147383&theaterId=1292,Regular,2D,English,Hebrew,2026-09-01,2026,,,,All,Netanya,MovieLand,619
21:10,Obsession,אובססיה,https://movieland.co.il/order/?eventID=147380&theaterId=1292,https://movieland.co.il/order/?eventID=147380&theaterId=1292,Regular,2D,English,,2026-09-01,2026,,,,14+,Netanya,MovieLand,619
16:25,Moana (Live Action),מואנה,https://movieland.co.il/order/?eventID=147353&theaterId=1292,https://movieland.co.il/order/?eventID=147353&theaterId=1292,Regular,2D,English,Hebrew,2026-09-01,2026,,,,All,Netanya,MovieLand,619
11:45,Valley of Shadows,בחזרה מההימלאיה,https://movieland.co.il/order/?eventID=147381&theaterId=1292,https://movieland.co.il/order/?eventID=147381&theaterId=1292,Regular,2D,ספרדית,,2026-09-01,2025,,,,12+,Netanya,MovieLand,619
12:35,Valley of Shadows,בחזרה מההימלאיה,https://movieland.co.il/order/?eventID=147374&theaterId=1292,https://movieland.co.il/order/?eventID=147374&theaterId=1292,Upgrade,2D,ספרדית,,2026-09-01,2025,,,,12+,Netanya,MovieLand,619
15:20,Valley of Shadows,בחזרה מההימלאיה,https://movieland.co.il/order/?eventID=147373&theaterId=1292,https://movieland.co.il/order/?eventID=147373&theaterId=1292,Upgrade,2D,ספרדית,,2026-09-01,2025,,,,12+,Netanya,MovieLand,619
19:45,Valley of Shadows,בחזרה מההימלאיה,https://movieland.co.il/order/?eventID=147655&theaterId=1292,https://movieland.co.il/order/?eventID=147655&theaterId=1292,Regular,2D,ספרדית,,2026-09-01,2025,,,,12+,Netanya,MovieLand,619
11:35,האחד והיחיד שלי,האחד והיחיד שלי,https://movieland.co.il/order/?eventID=147367&theaterId=1292,https://movieland.co.il/order/?eventID=147367&theaterId=1292,Regular,2D,Hebrew,,2026-09-01,2026,,,,All,Netanya,MovieLand,619
14:10,האחד והיחיד שלי,האחד והיחיד שלי,https://movieland.co.il/order/?eventID=147368&theaterId=1292,https://movieland.co.il/order/?eventID=147368&theaterId=1292,Regular,2D,Hebrew,,2026-09-01,2026,,,,All,Netanya,MovieLand,619
11:15,"Damned if you do, damned if you don’t",המשפחה האיטלקית שלי,https://movieland.co.il/order/?eventID=147370&theaterId=1292,https://movieland.co.il/order/?eventID=147370&theaterId=1292,Upgrade,2D,איטלקית,,2026-09-01,2025,,,,All,Netanya,MovieLand,619
13:35,"Damned if you do, damned if you don’t",המשפחה האיטלקית שלי,https://movieland.co.il/order/?eventID=147369&theaterId=1292,https://movieland.co.il/order/?eventID=147369&theaterId=1292,Upgrade,2D,איטלקית,,2026-09-01,2025,,,,All,Netanya,MovieLand,619
19:05,"Damned if you do, damned if you don’t",המשפחה האיטלקית שלי,https://movieland.co.il/order/?eventID=147654&theaterId=1292,https://movieland.co.il/order/?eventID=147654&theaterId=1292,Regular,2D,איטלקית,,2026-09-01,2025,,,,All,Netanya,MovieLand,619
12:10,Bitter Christmas,חג מולד מר,https://movieland.co.il/order/?eventID=147372&theaterId=1292,https://movieland.co.il/order/?eventID=147372&theaterId=1292,Regular,2D,ספרדית,,2026-09-01,2026,,,,All,Netanya,MovieLand,619
14:45,Bitter Christmas,חג מולד מר,https://movieland.co.il/order/?eventID=147371&theaterId=1292,https://movieland.co.il/order/?eventID=147371&theaterId=1292,Regular,2D,ספרדית,,2026-09-01,2026,,,,All,Netanya,MovieLand,619
17:20,סולטיז הסרט - וולוג ה-100,סולטיז הסרט - וולוג ה-100,https://movieland.co.il/order/?eventID=147343&theaterId=1292,https://movieland.co.il/order/?eventID=147343&theaterId=1292,Regular,2D,Hebrew,,2026-09-01,2026,,,,All,Netanya,MovieLand,619
22:30,גבעה 338,גבעה 338,https://movieland.co.il/order/?eventID=147349&theaterId=1292,https://movieland.co.il/order/?eventID=147349&theaterId=1292,Regular,2D,Hebrew,,2026-09-01,2026,,,,9+,Netanya,MovieLand,619
11:05,Just an Illusion,אשליות מתוקות,https://movieland.co.il/order/?eventID=147378&theaterId=1292,https://movieland.co.il/order/?eventID=147378&theaterId=1292,Regular,2D,French,,2026-09-01,2026,,,,All,Netanya,MovieLand,619
11:15,A Missing Part,החלק החסר,https://movieland.co.il/order/?eventID=147376&theaterId=1292,https://movieland.co.il/order/?eventID=147376&theaterId=1292,Upgrade,2D,French,,2026-09-01,2024,,,,All,Netanya,MovieLand,619
14:35,A Missing Part,החלק החסר,https://movieland.co.il/order/?eventID=147375&theaterId=1292,https://movieland.co.il/order/?eventID=147375&theaterId=1292,Regular,2D,French,,2026-09-01,2024,,,,All,Netanya,MovieLand,619
11:10,What Marielle Knows,מה שמריאל יודעת,https://movieland.co.il/order/?eventID=147357&theaterId=1292,https://movieland.co.il/order/?eventID=147357&theaterId=1292,Regular,2D,German,,2026-09-01,2025,,,,All,Netanya,MovieLand,619
13:20,What Marielle Knows,מה שמריאל יודעת,https://movieland.co.il/order/?eventID=147356&theaterId=1292,https://movieland.co.il/order/?eventID=147356&theaterId=1292,Regular,2D,German,,2026-09-01,2025,,,,All,Netanya,MovieLand,619
15:30,What Marielle Knows,מה שמריאל יודעת,https://movieland.co.il/order/?eventID=147355&theaterId=1292,https://movieland.co.il/order/?eventID=147355&theaterId=1292,Regular,2D,German,,2026-09-01,2025,,,,All,Netanya,MovieLand,619
19:50,What Marielle Knows,מה שמריאל יודעת,https://movieland.co.il/order/?eventID=147354&theaterId=1292,https://movieland.co.il/order/?eventID=147354&theaterId=1292,Regular,2D,German,,2026-09-01,2025,,,,All,Netanya,MovieLand,619
11:50,It takes two to tango,צריך שניים לטנגו,https://movieland.co.il/order/?eventID=147366&theaterId=1292,https://movieland.co.il/order/?eventID=147366&theaterId=1292,Regular,2D,French,,2026-09-01,2025,,,,All,Netanya,MovieLand,619
14:05,It takes two to tango,צריך שניים לטנגו,https://movieland.co.il/order/?eventID=147365&theaterId=1292,https://movieland.co.il/order/?eventID=147365&theaterId=1292,Regular,2D,French,,2026-09-01,2025,,,,All,Netanya,MovieLand,619
19:00,It takes two to tango,צריך שניים לטנגו,https://movieland.co.il/order/?eventID=147364&theaterId=1292,https://movieland.co.il/order/?eventID=147364&theaterId=1292,Regular,2D,French,,2026-09-01,2025,,,,All,Netanya,MovieLand,619
19:35,The Dog Stars,כוכבי הכלב,https://movieland.co.il/order/?eventID=147527&theaterId=1292,https://movieland.co.il/order/?eventID=147527&theaterId=1292,Regular,2D,English,,2026-09-02,2026,,,,12+,Netanya,MovieLand,619
22:15,The Dog Stars,כוכבי הכלב,https://movieland.co.il/order/?eventID=147526&theaterId=1292,https://movieland.co.il/order/?eventID=147526&theaterId=1292,Regular,2D,English,,2026-09-02,2026,,,,12+,Netanya,MovieLand,619
17:35,The Pout Pout Fish,דג ושמו באסה,https://movieland.co.il/order/?eventID=147521&theaterId=1292,https://movieland.co.il/order/?eventID=147521&theaterId=1292,Upgrade,2D,,Hebrew,2026-09-02,,,,,ליווי מבוגר עד גיל 8,Netanya,MovieLand,619
17:00,Coyote vs. ACME,לוני טונס מציגים: קיוטי נגד אקמי,https://movieland.co.il/order/?eventID=147520&theaterId=1292,https://movieland.co.il/order/?eventID=147520&theaterId=1292,Upgrade,2D,English,Hebrew,2026-09-02,2026,,,,All,Netanya,MovieLand,619
17:00,Spider-Man: Brand New Day,ספיידרמן: יום חדש,https://movieland.co.il/order/?eventID=147513&theaterId=1292,https://movieland.co.il/order/?eventID=147513&theaterId=1292,Regular,2D,English,,2026-09-02,2026,,,,All,Netanya,MovieLand,619
18:00,Spider-Man: Brand New Day,ספיידרמן: יום חדש,https://movieland.co.il/order/?eventID=147511&theaterId=1292,https://movieland.co.il/order/?eventID=147511&theaterId=1292,Regular,2D,English,,2026-09-02,2026,,,,All,Netanya,MovieLand,619
20:00,Spider-Man: Brand New Day,ספיידרמן: יום חדש,https://movieland.co.il/order/?eventID=147510&theaterId=1292,https://movieland.co.il/order/?eventID=147510&theaterId=1292,Upgrade,2D,English,,2026-09-02,2026,,,,All,Netanya,MovieLand,619
21:05,Spider-Man: Brand New Day,ספיידרמן: יום חדש,https://movieland.co.il/order/?eventID=147512&theaterId=1292,https://movieland.co.il/order/?eventID=147512&theaterId=1292,Regular,2D,English,,2026-09-02,2026,,,,All,Netanya,MovieLand,619
18:00,The Odyssey,האודיסאה,https://movieland.co.il/order/?eventID=147506&theaterId=1292,https://movieland.co.il/order/?eventID=147506&theaterId=1292,Upgrade,2D,English,,2026-09-02,2026,,,,14+,Netanya,MovieLand,619
20:05,The Odyssey,האודיסאה,https://movieland.co.il/order/?eventID=147508&theaterId=1292,https://movieland.co.il/order/?eventID=147508&theaterId=1292,Regular,2D,English,,2026-09-02,2026,,,,14+,Netanya,MovieLand,619
21:35,The Odyssey,האודיסאה,https://movieland.co.il/order/?eventID=147507&theaterId=1292,https://movieland.co.il/order/?eventID=147507&theaterId=1292,Upgrade,2D,English,,2026-09-02,2026,,,,14+,Netanya,MovieLand,619
17:05,Paw Patrol: The Dino Movie,מפרץ ההרפתקאות: אי הדינוזאורים,https://movieland.co.il/order/?eventID=147531&theaterId=1292,https://movieland.co.il/order/?eventID=147531&theaterId=1292,Regular,2D,English,Hebrew,2026-09-02,2026,,,,All,Netanya,MovieLand,619
16:40,Minions & Monsters,מיניונים ומפלצות,https://movieland.co.il/order/?eventID=147509&theaterId=1292,https://movieland.co.il/order/?eventID=147509&theaterId=1292,Regular,2D,English,Hebrew,2026-09-02,2026,,,,All,Netanya,MovieLand,619
21:55,Insidious: Out of the further,הרוע שבפנים: מחוץ למעבר,https://movieland.co.il/order/?eventID=147515&theaterId=1292,https://movieland.co.il/order/?eventID=147515&theaterId=1292,Regular,2D,English,,2026-09-02,2026,,,,14+,Netanya,MovieLand,619
19:50,Mutiny,נקמה בלב ים,https://movieland.co.il/order/?eventID=147522&theaterId=1292,https://movieland.co.il/order/?eventID=147522&theaterId=1292,Regular,2D,English,,2026-09-02,2026,,,,14+,Netanya,MovieLand,619
21:40,Mutiny,נקמה בלב ים,https://movieland.co.il/order/?eventID=147523&theaterId=1292,https://movieland.co.il/order/?eventID=147523&theaterId=1292,Upgrade,2D,English,,2026-09-02,2026,,,,14+,Netanya,MovieLand,619
22:05,Spa Weekend,ספא וויקנד,https://movieland.co.il/order/?eventID=147519&theaterId=1292,https://movieland.co.il/order/?eventID=147519&theaterId=1292,Regular,2D,English,,2026-09-02,2026,,,,14+,Netanya,MovieLand,619
17:20,קופה ראשית: הסרט,קופה ראשית: הסרט,https://movieland.co.il/order/?eventID=147517&theaterId=1292,https://movieland.co.il/order/?eventID=147517&theaterId=1292,Regular,2D,Hebrew,,2026-09-02,2026,,,,All,Netanya,MovieLand,619
19:25,קופה ראשית: הסרט,קופה ראשית: הסרט,https://movieland.co.il/order/?eventID=147525&theaterId=1292,https://movieland.co.il/order/?eventID=147525&theaterId=1292,Upgrade,2D,Hebrew,,2026-09-02,2026,,,,All,Netanya,MovieLand,619
19:25,La La Land 10th Anniversary,לה לה לנד- חגיגות העשור,https://movieland.co.il/order/?eventID=147533&theaterId=1292,https://movieland.co.il/order/?eventID=147533&theaterId=1292,Regular,2D,English,,2026-09-02,2016,,,,,Netanya,MovieLand,619
21:55,One night only,לגמור את הלילה,https://movieland.co.il/order/?eventID=147516&theaterId=1292,https://movieland.co.il/order/?eventID=147516&theaterId=1292,Regular,2D,English,,2026-09-02,2026,,,,14+,Netanya,MovieLand,619
17:30,Toy Story 5,צעצוע של סיפור 5,https://movieland.co.il/order/?eventID=147532&theaterId=1292,https://movieland.co.il/order/?eventID=147532&theaterId=1292,Regular,2D,English,Hebrew,2026-09-02,2026,,,,All,Netanya,MovieLand,619
22:15,Obsession,אובססיה,https://movieland.co.il/order/?eventID=147534&theaterId=1292,https://movieland.co.il/order/?eventID=147534&theaterId=1292,Regular,2D,English,,2026-09-02,2026,,,,14+,Netanya,MovieLand,619
16:50,Moana (Live Action),מואנה,https://movieland.co.il/order/?eventID=147528&theaterId=1292,https://movieland.co.il/order/?eventID=147528&theaterId=1292,Regular,2D,English,Hebrew,2026-09-02,2026,,,,All,Netanya,MovieLand,619
19:35,End of Oak street,סוף רחוב האלון,https://movieland.co.il/order/?eventID=147514&theaterId=1292,https://movieland.co.il/order/?eventID=147514&theaterId=1292,Regular,2D,English,,2026-09-02,2026,,,,12+,Netanya,MovieLand,619
17:15,סולטיז הסרט - וולוג ה-100,סולטיז הסרט - וולוג ה-100,https://movieland.co.il/order/?eventID=147518&theaterId=1292,https://movieland.co.il/order/?eventID=147518&theaterId=1292,Regular,2D,Hebrew,,2026-09-02,2026,,,,All,Netanya,MovieLand,619
19:15,גבעה 338,גבעה 338,https://movieland.co.il/order/?eventID=147530&theaterId=1292,https://movieland.co.il/order/?eventID=147530&theaterId=1292,Regular,2D,Hebrew,,2026-09-02,2026,,,,9+,Netanya,MovieLand,619
21:45,גבעה 338,גבעה 338,https://movieland.co.il/order/?eventID=147524&theaterId=1292,https://movieland.co.il/order/?eventID=147524&theaterId=1292,Regular,2D,Hebrew,,2026-09-02,2026,,,,9+,Netanya,MovieLand,619
18:50,ЧЕЛОВЕК-ПАУК: НОВЫЙ ДЕНЬ,ЧЕЛОВЕК-ПАУК: НОВЫЙ ДЕНЬ,https://movieland.co.il/order/?eventID=147529&theaterId=1292,https://movieland.co.il/order/?eventID=147529&theaterId=1292,Regular,2D,английский,,2026-09-02,2026,,,,Нет возрастных ограничений,Netanya,MovieLand,619
19:30,MovieRetro- הזאב מוול סטריט,MovieRetro- הזאב מוול סטריט,https://movieland.co.il/order/?eventID=137635&theaterId=1292,https://movieland.co.il/order/?eventID=137635&theaterId=1292,Upgrade,2D,English,,2026-09-03,2013,,,,,Netanya,MovieLand,619
17:00,MovieRetro- אמיצה (מדובב),MovieRetro- אמיצה,https://movieland.co.il/order/?eventID=146700&theaterId=1292,https://movieland.co.il/order/?eventID=146700&theaterId=1292,Regular,2D,English,Hebrew,2026-09-24,2012,,,,,Netanya,MovieLand,619
20:30,ЧЕЛОВЕК-ПАУК: НОВЫЙ ДЕНЬ,ЧЕЛОВЕК-ПАУК: НОВЫЙ ДЕНЬ,https://movieland.co.il/order/?eventID=179&theaterId=1295,https://movieland.co.il/order/?eventID=179&theaterId=1295,Regular,2D,английский,,2026-08-31,2026,,,,Нет возрастных ограничений,"עזריאלי ת""א- Summer Sky",MovieLand,619
19:15,The Dog Stars,כוכבי הכלב,https://movieland.co.il/order/?eventID=37342&theaterId=1294,https://movieland.co.il/order/?eventID=37342&theaterId=1294,Regular,2D,English,,2026-08-31,2026,,,,12+,Afula,MovieLand,619
22:00,The Dog Stars,כוכבי הכלב,https://movieland.co.il/order/?eventID=37343&theaterId=1294,https://movieland.co.il/order/?eventID=37343&theaterId=1294,Regular,2D,English,,2026-08-31,2026,,,,12+,Afula,MovieLand,619
11:00,The Pout Pout Fish,דג ושמו באסה,https://movieland.co.il/order/?eventID=37353&theaterId=1294,https://movieland.co.il/order/?eventID=37353&theaterId=1294,Regular,2D,,Hebrew,2026-08-31,,,,,ליווי מבוגר עד גיל 8,Afula,MovieLand,619
12:40,The Pout Pout Fish,דג ושמו באסה,https://movieland.co.il/order/?eventID=37354&theaterId=1294,https://movieland.co.il/order/?eventID=37354&theaterId=1294,Upgrade,2D,,Hebrew,2026-08-31,,,,,ליווי מבוגר עד גיל 8,Afula,MovieLand,619
14:55,The Pout Pout Fish,דג ושמו באסה,https://movieland.co.il/order/?eventID=37355&theaterId=1294,https://movieland.co.il/order/?eventID=37355&theaterId=1294,Upgrade,2D,,Hebrew,2026-08-31,,,,,ליווי מבוגר עד גיל 8,Afula,MovieLand,619
11:40,Coyote vs. ACME,לוני טונס מציגים: קיוטי נגד אקמי,https://movieland.co.il/order/?eventID=37357&theaterId=1294,https://movieland.co.il/order/?eventID=37357&theaterId=1294,Regular,2D,English,Hebrew,2026-08-31,2026,,,,All,Afula,MovieLand,619
13:10,Coyote vs. ACME,לוני טונס מציגים: קיוטי נגד אקמי,https://movieland.co.il/order/?eventID=37344&theaterId=1294,https://movieland.co.il/order/?eventID=37344&theaterId=1294,Regular,2D,English,Hebrew,2026-08-31,2026,,,,All,Afula,MovieLand,619
17:20,Coyote vs. ACME,לוני טונס מציגים: קיוטי נגד אקמי,https://movieland.co.il/order/?eventID=37318&theaterId=1294,https://movieland.co.il/order/?eventID=37318&theaterId=1294,Regular,2D,English,Hebrew,2026-08-31,2026,,,,All,Afula,MovieLand,619
15:30,Spider-Man: Brand New Day,ספיידרמן: יום חדש,https://movieland.co.il/order/?eventID=37328&theaterId=1294,https://movieland.co.il/order/?eventID=37328&theaterId=1294,Regular,2D,English,,2026-08-31,2026,,,,All,Afula,MovieLand,619
17:10,Spider-Man: Brand New Day,ספיידרמן: יום חדש,https://movieland.co.il/order/?eventID=37339&theaterId=1294,https://movieland.co.il/order/?eventID=37339&theaterId=1294,Upgrade,2D,English,,2026-08-31,2026,,,,All,Afula,MovieLand,619
18:35,Spider-Man: Brand New Day,ספיידרמן: יום חדש,https://movieland.co.il/order/?eventID=37326&theaterId=1294,https://movieland.co.il/order/?eventID=37326&theaterId=1294,Regular,2D,English,,2026-08-31,2026,,,,All,Afula,MovieLand,619
20:15,Spider-Man: Brand New Day,ספיידרמן: יום חדש,https://movieland.co.il/order/?eventID=37325&theaterId=1294,https://movieland.co.il/order/?eventID=37325&theaterId=1294,Upgrade,2D,English,,2026-08-31,2026,,,,All,Afula,MovieLand,619
21:40,Spider-Man: Brand New Day,ספיידרמן: יום חדש,https://movieland.co.il/order/?eventID=37327&theaterId=1294,https://movieland.co.il/order/?eventID=37327&theaterId=1294,Regular,2D,English,,2026-08-31,2026,,,,All,Afula,MovieLand,619
13:50,The Odyssey,האודיסאה,https://movieland.co.il/order/?eventID=37331&theaterId=1294,https://movieland.co.il/order/?eventID=37331&theaterId=1294,Regular,2D,English,,2026-08-31,2026,,,,14+,Afula,MovieLand,619
18:15,The Odyssey,האודיסאה,https://movieland.co.il/order/?eventID=37329&theaterId=1294,https://movieland.co.il/order/?eventID=37329&theaterId=1294,Upgrade,2D,English,,2026-08-31,2026,,,,14+,Afula,MovieLand,619
21:50,The Odyssey,האודיסאה,https://movieland.co.il/order/?eventID=37330&theaterId=1294,https://movieland.co.il/order/?eventID=37330&theaterId=1294,Upgrade,2D,English,,2026-08-31,2026,,,,14+,Afula,MovieLand,619
10:35,Paw Patrol: The Dino Movie,מפרץ ההרפתקאות: אי הדינוזאורים,https://movieland.co.il/order/?eventID=37323&theaterId=1294,https://movieland.co.il/order/?eventID=37323&theaterId=1294,Regular,2D,English,Hebrew,2026-08-31,2026,,,,All,Afula,MovieLand,619
12:45,Paw Patrol: The Dino Movie,מפרץ ההרפתקאות: אי הדינוזאורים,https://movieland.co.il/order/?eventID=37322&theaterId=1294,https://movieland.co.il/order/?eventID=37322&theaterId=1294,Regular,2D,English,Hebrew,2026-08-31,2026,,,,All,Afula,MovieLand,619
14:55,Paw Patrol: The Dino Movie,מפרץ ההרפתקאות: אי הדינוזאורים,https://movieland.co.il/order/?eventID=37321&theaterId=1294,https://movieland.co.il/order/?eventID=37321&theaterId=1294,Regular,2D,English,Hebrew,2026-08-31,2026,,,,All,Afula,MovieLand,619
16:05,Paw Patrol: The Dino Movie,מפרץ ההרפתקאות: אי הדינוזאורים,https://movieland.co.il/order/?eventID=37349&theaterId=1294,https://movieland.co.il/order/?eventID=37349&theaterId=1294,Regular,2D,English,Hebrew,2026-08-31,2026,,,,All,Afula,MovieLand,619
10:30,Minions & Monsters,מיניונים ומפלצות,https://movieland.co.il/order/?eventID=37335&theaterId=1294,https://movieland.co.il/order/?eventID=37335&theaterId=1294,Upgrade,2D,English,Hebrew,2026-08-31,2026,,,,All,Afula,MovieLand,619
11:50,Minions & Monsters,מיניונים ומפלצות,https://movieland.co.il/order/?eventID=37345&theaterId=1294,https://movieland.co.il/order/?eventID=37345&theaterId=1294,Regular,2D,English,Hebrew,2026-08-31,2026,,,,All,Afula,MovieLand,619
13:40,Minions & Monsters,מיניונים ומפלצות,https://movieland.co.il/order/?eventID=37341&theaterId=1294,https://movieland.co.il/order/?eventID=37341&theaterId=1294,Upgrade,2D,English,Hebrew,2026-08-31,2026,,,,All,Afula,MovieLand,619
17:05,Minions & Monsters,מיניונים ומפלצות,https://movieland.co.il/order/?eventID=37346&theaterId=1294,https://movieland.co.il/order/?eventID=37346&theaterId=1294,Regular,2D,English,Hebrew,2026-08-31,2026,,,,All,Afula,MovieLand,619
21:45,Insidious: Out of the further,הרוע שבפנים: מחוץ למעבר,https://movieland.co.il/order/?eventID=37356&theaterId=1294,https://movieland.co.il/order/?eventID=37356&theaterId=1294,Regular,2D,English,,2026-08-31,2026,,,,14+,Afula,MovieLand,619
16:25,Marsupilami,מרסופילאמי,https://movieland.co.il/order/?eventID=37324&theaterId=1294,https://movieland.co.il/order/?eventID=37324&theaterId=1294,Regular,2D,French,Hebrew,2026-08-31,2025,,,,All,Afula,MovieLand,619
19:40,Mutiny,נקמה בלב ים,https://movieland.co.il/order/?eventID=37317&theaterId=1294,https://movieland.co.il/order/?eventID=37317&theaterId=1294,Regular,2D,English,,2026-08-31,2026,,,,14+,Afula,MovieLand,619
21:55,Mutiny,נקמה בלב ים,https://movieland.co.il/order/?eventID=37319&theaterId=1294,https://movieland.co.il/order/?eventID=37319&theaterId=1294,Regular,2D,English,,2026-08-31,2026,,,,14+,Afula,MovieLand,619
21:15,Spa Weekend,ספא וויקנד,https://movieland.co.il/order/?eventID=37351&theaterId=1294,https://movieland.co.il/order/?eventID=37351&theaterId=1294,Regular,2D,English,,2026-08-31,2026,,,,14+,Afula,MovieLand,619
15:10,קופה ראשית: הסרט,קופה ראשית: הסרט,https://movieland.co.il/order/?eventID=37338&theaterId=1294,https://movieland.co.il/order/?eventID=37338&theaterId=1294,Regular,2D,Hebrew,,2026-08-31,2026,,,,All,Afula,MovieLand,619
17:25,קופה ראשית: הסרט,קופה ראשית: הסרט,https://movieland.co.il/order/?eventID=37337&theaterId=1294,https://movieland.co.il/order/?eventID=37337&theaterId=1294,Regular,2D,Hebrew,,2026-08-31,2026,,,,All,Afula,MovieLand,619
22:05,One night only,לגמור את הלילה,https://movieland.co.il/order/?eventID=37350&theaterId=1294,https://movieland.co.il/order/?eventID=37350&theaterId=1294,Regular,2D,English,,2026-08-31,2026,,,,14+,Afula,MovieLand,619
11:15,Toy Story 5,צעצוע של סיפור 5,https://movieland.co.il/order/?eventID=37336&theaterId=1294,https://movieland.co.il/order/?eventID=37336&theaterId=1294,Upgrade,2D,English,Hebrew,2026-08-31,2026,,,,All,Afula,MovieLand,619
15:50,Toy Story 5,צעצוע של סיפור 5,https://movieland.co.il/order/?eventID=37340&theaterId=1294,https://movieland.co.il/order/?eventID=37340&theaterId=1294,Upgrade,2D,English,Hebrew,2026-08-31,2026,,,,All,Afula,MovieLand,619
12:35,Moana (Live Action),מואנה,https://movieland.co.il/order/?eventID=37334&theaterId=1294,https://movieland.co.il/order/?eventID=37334&theaterId=1294,Regular,2D,English,Hebrew,2026-08-31,2026,,,,All,Afula,MovieLand,619
11:25,סולטיז הסרט - וולוג ה-100,סולטיז הסרט - וולוג ה-100,https://movieland.co.il/order/?eventID=37333&theaterId=1294,https://movieland.co.il/order/?eventID=37333&theaterId=1294,Regular,2D,Hebrew,,2026-08-31,2026,,,,All,Afula,MovieLand,619
13:45,סולטיז הסרט - וולוג ה-100,סולטיז הסרט - וולוג ה-100,https://movieland.co.il/order/?eventID=37332&theaterId=1294,https://movieland.co.il/order/?eventID=37332&theaterId=1294,Regular,2D,Hebrew,,2026-08-31,2026,,,,All,Afula,MovieLand,619
18:50,גבעה 338,גבעה 338,https://movieland.co.il/order/?eventID=37320&theaterId=1294,https://movieland.co.il/order/?eventID=37320&theaterId=1294,Regular,2D,Hebrew,,2026-08-31,2026,,,,9+,Afula,MovieLand,619
10:30,Three Wishes for Cinderella,סינדרלה ושלוש המשאלות,https://movieland.co.il/order/?eventID=37352&theaterId=1294,https://movieland.co.il/order/?eventID=37352&theaterId=1294,Regular,2D,,Hebrew,2026-08-31,2026,,,,All,Afula,MovieLand,619
19:45,НА КРАЮ ОУК-СТРИТ,НА КРАЮ ОУК-СТРИТ,https://movieland.co.il/order/?eventID=37348&theaterId=1294,https://movieland.co.il/order/?eventID=37348&theaterId=1294,Regular,2D,английский,,2026-08-31,,,,,12+,Afula,MovieLand,619
18:15,ОДИССЕЯ,ОДИССЕЯ,https://movieland.co.il/order/?eventID=37347&theaterId=1294,https://movieland.co.il/order/?eventID=37347&theaterId=1294,Regular,2D,английский,,2026-08-31,2026,,,,14+,Afula,MovieLand,619
14:00,Coyote vs. ACME,לוני טונס מציגים: קיוטי נגד אקמי,https://movieland.co.il/order/?eventID=37358&theaterId=1294,https://movieland.co.il/order/?eventID=37358&theaterId=1294,Regular,2D,English,,2026-08-31,2026,,,,All,Afula,MovieLand,619
19:40,The Dog Stars,כוכבי הכלב,https://movieland.co.il/order/?eventID=37133&theaterId=1294,https://movieland.co.il/order/?eventID=37133&theaterId=1294,Regular,2D,English,,2026-09-01,2026,,,,12+,Afula,MovieLand,619
22:30,The Dog Stars,כוכבי הכלב,https://movieland.co.il/order/?eventID=37129&theaterId=1294,https://movieland.co.il/order/?eventID=37129&theaterId=1294,Regular,2D,English,,2026-09-01,2026,,,,12+,Afula,MovieLand,619
15:45,The Pout Pout Fish,דג ושמו באסה,https://movieland.co.il/order/?eventID=37132&theaterId=1294,https://movieland.co.il/order/?eventID=37132&theaterId=1294,Upgrade,2D,,Hebrew,2026-09-01,,,,,ליווי מבוגר עד גיל 8,Afula,MovieLand,619
17:20,Coyote vs. ACME,לוני טונס מציגים: קיוטי נגד אקמי,https://movieland.co.il/order/?eventID=37118&theaterId=1294,https://movieland.co.il/order/?eventID=37118&theaterId=1294,Regular,2D,English,Hebrew,2026-09-01,2026,,,,All,Afula,MovieLand,619
17:10,Spider-Man: Brand New Day,ספיידרמן: יום חדש,https://movieland.co.il/order/?eventID=37127&theaterId=1294,https://movieland.co.il/order/?eventID=37127&theaterId=1294,Upgrade,2D,English,,2026-09-01,2026,,,,All,Afula,MovieLand,619
20:15,Spider-Man: Brand New Day,ספיידרמן: יום חדש,https://movieland.co.il/order/?eventID=37123&theaterId=1294,https://movieland.co.il/order/?eventID=37123&theaterId=1294,Upgrade,2D,English,,2026-09-01,2026,,,,All,Afula,MovieLand,619
13:55,The Odyssey,האודיסאה,https://movieland.co.il/order/?eventID=37155&theaterId=1294,https://movieland.co.il/order/?eventID=37155&theaterId=1294,Regular,2D,English,,2026-09-01,2026,,,,14+,Afula,MovieLand,619
18:00,The Odyssey,האודיסאה,https://movieland.co.il/order/?eventID=37124&theaterId=1294,https://movieland.co.il/order/?eventID=37124&theaterId=1294,Upgrade,2D,English,,2026-09-01,2026,,,,14+,Afula,MovieLand,619
21:35,The Odyssey,האודיסאה,https://movieland.co.il/order/?eventID=37125&theaterId=1294,https://movieland.co.il/order/?eventID=37125&theaterId=1294,Upgrade,2D,English,,2026-09-01,2026,,,,14+,Afula,MovieLand,619
17:30,Paw Patrol: The Dino Movie,מפרץ ההרפתקאות: אי הדינוזאורים,https://movieland.co.il/order/?eventID=37131&theaterId=1294,https://movieland.co.il/order/?eventID=37131&theaterId=1294,Regular,2D,English,Hebrew,2026-09-01,2026,,,,All,Afula,MovieLand,619
17:05,Minions & Monsters,מיניונים ומפלצות,https://movieland.co.il/order/?eventID=37130&theaterId=1294,https://movieland.co.il/order/?eventID=37130&theaterId=1294,Regular,2D,English,Hebrew,2026-09-01,2026,,,,All,Afula,MovieLand,619
22:20,Insidious: Out of the further,הרוע שבפנים: מחוץ למעבר,https://movieland.co.il/order/?eventID=37116&theaterId=1294,https://movieland.co.il/order/?eventID=37116&theaterId=1294,Regular,2D,English,,2026-09-01,2026,,,,14+,Afula,MovieLand,619
22:20,Mutiny,נקמה בלב ים,https://movieland.co.il/order/?eventID=37119&theaterId=1294,https://movieland.co.il/order/?eventID=37119&theaterId=1294,Regular,2D,English,,2026-09-01,2026,,,,14+,Afula,MovieLand,619
21:50,Spa Weekend,ספא וויקנד,https://movieland.co.il/order/?eventID=37120&theaterId=1294,https://movieland.co.il/order/?eventID=37120&theaterId=1294,Regular,2D,English,,2026-09-01,2026,,,,14+,Afula,MovieLand,619
17:25,קופה ראשית: הסרט,קופה ראשית: הסרט,https://movieland.co.il/order/?eventID=37126&theaterId=1294,https://movieland.co.il/order/?eventID=37126&theaterId=1294,Regular,2D,Hebrew,,2026-09-01,2026,,,,All,Afula,MovieLand,619
11:35,La La Land 10th Anniversary,לה לה לנד- חגיגות העשור,https://movieland.co.il/order/?eventID=37141&theaterId=1294,https://movieland.co.il/order/?eventID=37141&theaterId=1294,Regular,2D,English,,2026-09-01,2016,,,,,Afula,MovieLand,619
11:50,Let it Rain,ויהי גשם,https://movieland.co.il/order/?eventID=37140&theaterId=1294,https://movieland.co.il/order/?eventID=37140&theaterId=1294,Regular,2D,שבדית,,2026-09-01,2025,,,,All,Afula,MovieLand,619
14:15,Let it Rain,ויהי גשם,https://movieland.co.il/order/?eventID=37139&theaterId=1294,https://movieland.co.il/order/?eventID=37139&theaterId=1294,Regular,2D,שבדית,,2026-09-01,2025,,,,All,Afula,MovieLand,619
21:30,One night only,לגמור את הלילה,https://movieland.co.il/order/?eventID=37151&theaterId=1294,https://movieland.co.il/order/?eventID=37151&theaterId=1294,Regular,2D,English,,2026-09-01,2026,,,,14+,Afula,MovieLand,619
16:45,Toy Story 5,צעצוע של סיפור 5,https://movieland.co.il/order/?eventID=37128&theaterId=1294,https://movieland.co.il/order/?eventID=37128&theaterId=1294,Regular,2D,English,Hebrew,2026-09-01,2026,,,,All,Afula,MovieLand,619
11:55,Valley of Shadows,בחזרה מההימלאיה,https://movieland.co.il/order/?eventID=37150&theaterId=1294,https://movieland.co.il/order/?eventID=37150&theaterId=1294,Regular,2D,ספרדית,,2026-09-01,2025,,,,12+,Afula,MovieLand,619
14:35,Valley of Shadows,בחזרה מההימלאיה,https://movieland.co.il/order/?eventID=37149&theaterId=1294,https://movieland.co.il/order/?eventID=37149&theaterId=1294,Regular,2D,ספרדית,,2026-09-01,2025,,,,12+,Afula,MovieLand,619
19:40,Valley of Shadows,בחזרה מההימלאיה,https://movieland.co.il/order/?eventID=37359&theaterId=1294,https://movieland.co.il/order/?eventID=37359&theaterId=1294,Regular,2D,ספרדית,,2026-09-01,2025,,,,12+,Afula,MovieLand,619
14:25,האחד והיחיד שלי,האחד והיחיד שלי,https://movieland.co.il/order/?eventID=37145&theaterId=1294,https://movieland.co.il/order/?eventID=37145&theaterId=1294,Regular,2D,Hebrew,,2026-09-01,2026,,,,All,Afula,MovieLand,619
12:30,"Damned if you do, damned if you don’t",המשפחה האיטלקית שלי,https://movieland.co.il/order/?eventID=37147&theaterId=1294,https://movieland.co.il/order/?eventID=37147&theaterId=1294,Upgrade,2D,איטלקית,,2026-09-01,2025,,,,All,Afula,MovieLand,619
14:50,"Damned if you do, damned if you don’t",המשפחה האיטלקית שלי,https://movieland.co.il/order/?eventID=37146&theaterId=1294,https://movieland.co.il/order/?eventID=37146&theaterId=1294,Upgrade,2D,איטלקית,,2026-09-01,2025,,,,All,Afula,MovieLand,619
19:10,"Damned if you do, damned if you don’t",המשפחה האיטלקית שלי,https://movieland.co.il/order/?eventID=37360&theaterId=1294,https://movieland.co.il/order/?eventID=37360&theaterId=1294,Regular,2D,איטלקית,,2026-09-01,2025,,,,All,Afula,MovieLand,619
13:10,Bitter Christmas,חג מולד מר,https://movieland.co.il/order/?eventID=37148&theaterId=1294,https://movieland.co.il/order/?eventID=37148&theaterId=1294,Regular,2D,ספרדית,,2026-09-01,2026,,,,All,Afula,MovieLand,619
17:50,גבעה 338,גבעה 338,https://movieland.co.il/order/?eventID=37121&theaterId=1294,https://movieland.co.il/order/?eventID=37121&theaterId=1294,Regular,2D,Hebrew,,2026-09-01,2026,,,,9+,Afula,MovieLand,619
22:20,גבעה 338,גבעה 338,https://movieland.co.il/order/?eventID=37122&theaterId=1294,https://movieland.co.il/order/?eventID=37122&theaterId=1294,Regular,2D,Hebrew,,2026-09-01,2026,,,,9+,Afula,MovieLand,619
11:15,Just an Illusion,אשליות מתוקות,https://movieland.co.il/order/?eventID=37153&theaterId=1294,https://movieland.co.il/order/?eventID=37153&theaterId=1294,Regular,2D,French,,2026-09-01,2026,,,,All,Afula,MovieLand,619
13:25,A Missing Part,החלק החסר,https://movieland.co.il/order/?eventID=37152&theaterId=1294,https://movieland.co.il/order/?eventID=37152&theaterId=1294,Upgrade,2D,French,,2026-09-01,2024,,,,All,Afula,MovieLand,619
11:05,מאמא,מאמא,https://movieland.co.il/order/?eventID=37154&theaterId=1294,https://movieland.co.il/order/?eventID=37154&theaterId=1294,Upgrade,2D,Hebrew,,2026-09-01,2026,,,,12+,Afula,MovieLand,619
11:05,What Marielle Knows,מה שמריאל יודעת,https://movieland.co.il/order/?eventID=37137&theaterId=1294,https://movieland.co.il/order/?eventID=37137&theaterId=1294,Regular,2D,German,,2026-09-01,2025,,,,All,Afula,MovieLand,619
13:10,What Marielle Knows,מה שמריאל יודעת,https://movieland.co.il/order/?eventID=37136&theaterId=1294,https://movieland.co.il/order/?eventID=37136&theaterId=1294,Regular,2D,German,,2026-09-01,2025,,,,All,Afula,MovieLand,619
15:15,What Marielle Knows,מה שמריאל יודעת,https://movieland.co.il/order/?eventID=37135&theaterId=1294,https://movieland.co.il/order/?eventID=37135&theaterId=1294,Regular,2D,German,,2026-09-01,2025,,,,All,Afula,MovieLand,619
19:45,What Marielle Knows,מה שמריאל יודעת,https://movieland.co.il/order/?eventID=37134&theaterId=1294,https://movieland.co.il/order/?eventID=37134&theaterId=1294,Regular,2D,German,,2026-09-01,2025,,,,All,Afula,MovieLand,619
11:00,It takes two to tango,צריך שניים לטנגו,https://movieland.co.il/order/?eventID=37144&theaterId=1294,https://movieland.co.il/order/?eventID=37144&theaterId=1294,Regular,2D,French,,2026-09-01,2025,,,,All,Afula,MovieLand,619
15:40,It takes two to tango,צריך שניים לטנגו,https://movieland.co.il/order/?eventID=37143&theaterId=1294,https://movieland.co.il/order/?eventID=37143&theaterId=1294,Regular,2D,French,,2026-09-01,2025,,,,All,Afula,MovieLand,619
20:15,It takes two to tango,צריך שניים לטנגו,https://movieland.co.il/order/?eventID=37142&theaterId=1294,https://movieland.co.il/order/?eventID=37142&theaterId=1294,Regular,2D,French,,2026-09-01,2025,,,,All,Afula,MovieLand,619
19:50,The Dog Stars,כוכבי הכלב,https://movieland.co.il/order/?eventID=37299&theaterId=1294,https://movieland.co.il/order/?eventID=37299&theaterId=1294,Regular,2D,English,,2026-09-02,2026,,,,12+,Afula,MovieLand,619
22:30,The Dog Stars,כוכבי הכלב,https://movieland.co.il/order/?eventID=37295&theaterId=1294,https://movieland.co.il/order/?eventID=37295&theaterId=1294,Regular,2D,English,,2026-09-02,2026,,,,12+,Afula,MovieLand,619
17:45,The Pout Pout Fish,דג ושמו באסה,https://movieland.co.il/order/?eventID=37298&theaterId=1294,https://movieland.co.il/order/?eventID=37298&theaterId=1294,Regular,2D,,Hebrew,2026-09-02,,,,,ליווי מבוגר עד גיל 8,Afula,MovieLand,619
17:20,Coyote vs. ACME,לוני טונס מציגים: קיוטי נגד אקמי,https://movieland.co.il/order/?eventID=37306&theaterId=1294,https://movieland.co.il/order/?eventID=37306&theaterId=1294,Regular,2D,English,Hebrew,2026-09-02,2026,,,,All,Afula,MovieLand,619
17:10,Spider-Man: Brand New Day,ספיידרמן: יום חדש,https://movieland.co.il/order/?eventID=37315&theaterId=1294,https://movieland.co.il/order/?eventID=37315&theaterId=1294,Upgrade,2D,English,,2026-09-02,2026,,,,All,Afula,MovieLand,619
18:55,Spider-Man: Brand New Day,ספיידרמן: יום חדש,https://movieland.co.il/order/?eventID=37302&theaterId=1294,https://movieland.co.il/order/?eventID=37302&theaterId=1294,Regular,2D,English,,2026-09-02,2026,,,,All,Afula,MovieLand,619
20:15,Spider-Man: Brand New Day,ספיידרמן: יום חדש,https://movieland.co.il/order/?eventID=37311&theaterId=1294,https://movieland.co.il/order/?eventID=37311&theaterId=1294,Upgrade,2D,English,,2026-09-02,2026,,,,All,Afula,MovieLand,619
22:05,Spider-Man: Brand New Day,ספיידרמן: יום חדש,https://movieland.co.il/order/?eventID=37303&theaterId=1294,https://movieland.co.il/order/?eventID=37303&theaterId=1294,Regular,2D,English,,2026-09-02,2026,,,,All,Afula,MovieLand,619
18:00,The Odyssey,האודיסאה,https://movieland.co.il/order/?eventID=37312&theaterId=1294,https://movieland.co.il/order/?eventID=37312&theaterId=1294,Upgrade,2D,English,,2026-09-02,2026,,,,14+,Afula,MovieLand,619
21:35,The Odyssey,האודיסאה,https://movieland.co.il/order/?eventID=37313&theaterId=1294,https://movieland.co.il/order/?eventID=37313&theaterId=1294,Upgrade,2D,English,,2026-09-02,2026,,,,14+,Afula,MovieLand,619
17:15,Paw Patrol: The Dino Movie,מפרץ ההרפתקאות: אי הדינוזאורים,https://movieland.co.il/order/?eventID=37297&theaterId=1294,https://movieland.co.il/order/?eventID=37297&theaterId=1294,Regular,2D,English,Hebrew,2026-09-02,2026,,,,All,Afula,MovieLand,619
17:40,Minions & Monsters,מיניונים ומפלצות,https://movieland.co.il/order/?eventID=37296&theaterId=1294,https://movieland.co.il/order/?eventID=37296&theaterId=1294,Regular,2D,English,Hebrew,2026-09-02,2026,,,,All,Afula,MovieLand,619
21:50,Insidious: Out of the further,הרוע שבפנים: מחוץ למעבר,https://movieland.co.il/order/?eventID=37304&theaterId=1294,https://movieland.co.il/order/?eventID=37304&theaterId=1294,Regular,2D,English,,2026-09-02,2026,,,,14+,Afula,MovieLand,619
19:40,Mutiny,נקמה בלב ים,https://movieland.co.il/order/?eventID=37305&theaterId=1294,https://movieland.co.il/order/?eventID=37305&theaterId=1294,Regular,2D,English,,2026-09-02,2026,,,,14+,Afula,MovieLand,619
21:55,Mutiny,נקמה בלב ים,https://movieland.co.il/order/?eventID=37307&theaterId=1294,https://movieland.co.il/order/?eventID=37307&theaterId=1294,Regular,2D,English,,2026-09-02,2026,,,,14+,Afula,MovieLand,619
22:05,Spa Weekend,ספא וויקנד,https://movieland.co.il/order/?eventID=37308&theaterId=1294,https://movieland.co.il/order/?eventID=37308&theaterId=1294,Regular,2D,English,,2026-09-02,2026,,,,14+,Afula,MovieLand,619
17:25,קופה ראשית: הסרט,קופה ראשית: הסרט,https://movieland.co.il/order/?eventID=37314&theaterId=1294,https://movieland.co.il/order/?eventID=37314&theaterId=1294,Regular,2D,Hebrew,,2026-09-02,2026,,,,All,Afula,MovieLand,619
19:25,One night only,לגמור את הלילה,https://movieland.co.il/order/?eventID=37300&theaterId=1294,https://movieland.co.il/order/?eventID=37300&theaterId=1294,Regular,2D,English,,2026-09-02,2026,,,,14+,Afula,MovieLand,619
16:35,Toy Story 5,צעצוע של סיפור 5,https://movieland.co.il/order/?eventID=37316&theaterId=1294,https://movieland.co.il/order/?eventID=37316&theaterId=1294,Regular,2D,English,Hebrew,2026-09-02,2026,,,,All,Afula,MovieLand,619
19:40,End of Oak street,סוף רחוב האלון,https://movieland.co.il/order/?eventID=37301&theaterId=1294,https://movieland.co.il/order/?eventID=37301&theaterId=1294,Regular,2D,English,,2026-09-02,2026,,,,12+,Afula,MovieLand,619
19:55,גבעה 338,גבעה 338,https://movieland.co.il/order/?eventID=37309&theaterId=1294,https://movieland.co.il/order/?eventID=37309&theaterId=1294,Regular,2D,Hebrew,,2026-09-02,2026,,,,9+,Afula,MovieLand,619
22:20,גבעה 338,גבעה 338,https://movieland.co.il/order/?eventID=37310&theaterId=1294,https://movieland.co.il/order/?eventID=37310&theaterId=1294,Regular,2D,Hebrew,,2026-09-02,2026,,,,9+,Afula,MovieLand,619
19:30,MovieRetro- הזאב מוול סטריט,MovieRetro- הזאב מוול סטריט,https://movieland.co.il/order/?eventID=29713&theaterId=1294,https://movieland.co.il/order/?eventID=29713&theaterId=1294,Regular,2D,English,,2026-09-03,2013,,,,,Afula,MovieLand,619
17:00,MovieRetro- אמיצה (מדובב),MovieRetro- אמיצה,https://movieland.co.il/order/?eventID=36680&theaterId=1294,https://movieland.co.il/order/?eventID=36680&theaterId=1294,Regular,2D,English,Hebrew,2026-09-24,2012,,,,,Afula,MovieLand,619
