showtime,english_title,hebrew_title,english_href,hebrew_href,screening_type,screening_tech,original_language,dub_language,date_of_showing,release_year,release_date,directed_by,runtime,rating,screening_city,cinema,run_id
11:30,La Bohème,אופרה לה בוהם-הפקת הענק מארנה די ורונה,https://tickets.cinema-city.co.il/order/854240?lang=en,https://tickets.cinema-city.co.il/order/854240?lang=he,Regular,2D,,,2026-09-01,,,,121,,Glilot,Cinema City,620
20:40,Ice Cream Man,איש הגלידה,https://tickets.cinema-city.co.il/order/854148?lang=en,https://tickets.cinema-city.co.il/order/854148?lang=he,Regular,2D,,,2026-09-01,,,,86,18+,Glilot,Cinema City,620
22:10,Ice Cream Man,איש הגלידה,https://tickets.cinema-city.co.il/order/854863?lang=en,https://tickets.cinema-city.co.il/order/854863?lang=he,Regular,2D,,,2026-09-02,,,,86,18+,Glilot,Cinema City,620
23:20,Ice Cream Man,איש הגלידה,https://tickets.cinema-city.co.il/order/854956?lang=en,https://tickets.cinema-city.co.il/order/854956?lang=he,Regular,2D,,,2026-09-02,,,,86,18+,Glilot,Cinema City,620
22:40,I Want Your Sex,בוסית בהפרעה,https://tickets.cinema-city.co.il/order/854944?lang=en,https://tickets.cinema-city.co.il/order/854944?lang=he,Regular,2D,,,2026-09-02,,,,90,16+,Glilot,Cinema City,620
10:35,Valley of Shadows,בחזרה מההימלאיה,https://tickets.cinema-city.co.il/order/854248?lang=en,https://tickets.cinema-city.co.il/order/854248?lang=he,Regular,2D,,,2026-09-01,,,,120,12+,Glilot,Cinema City,620
13:15,Valley of Shadows,בחזרה מההימלאיה,https://tickets.cinema-city.co.il/order/854244?lang=en,https://tickets.cinema-city.co.il/order/854244?lang=he,Regular,2D,,,2026-09-01,,,,120,12+,Glilot,Cinema City,620
16:00,Valley of Shadows,בחזרה מההימלאיה,https://tickets.cinema-city.co.il/order/854202?lang=en,https://tickets.cinema-city.co.il/order/854202?lang=he,Regular,2D,,,2026-09-01,,,,120,12+,Glilot,Cinema City,620
18:00,Valley of Shadows,בחזרה מההימלאיה,https://tickets.cinema-city.co.il/order/854247?lang=en,https://tickets.cinema-city.co.il/order/854247?lang=he,Regular,2D,,,2026-09-01,,,,120,12+,Glilot,Cinema City,620
10:20,Valley of Shadows,בחזרה מההימלאיה,https://tickets.cinema-city.co.il/order/854929?lang=en,https://tickets.cinema-city.co.il/order/854929?lang=he,Regular,2D,,,2026-09-02,,,,120,12+,Glilot,Cinema City,620
19:30,Valley of Shadows,בחזרה מההימלאיה,https://tickets.cinema-city.co.il/order/854930?lang=en,https://tickets.cinema-city.co.il/order/854930?lang=he,Regular,2D,,,2026-09-02,,,,120,12+,Glilot,Cinema City,620
10:50,גבעה 338,גבעה 338,https://tickets.cinema-city.co.il/order/854243?lang=en,https://tickets.cinema-city.co.il/order/854243?lang=he,Regular,2D,,,2026-09-01,,,,106,9+,Glilot,Cinema City,620
14:15,גבעה 338,גבעה 338,https://tickets.cinema-city.co.il/order/854164?lang=en,https://tickets.cinema-city.co.il/order/854164?lang=he,Regular,2D,,,2026-09-01,,,,106,9+,Glilot,Cinema City,620
16:45,גבעה 338,גבעה 338,https://tickets.cinema-city.co.il/order/854166?lang=en,https://tickets.cinema-city.co.il/order/854166?lang=he,Regular,2D,,,2026-09-01,,,,106,9+,Glilot,Cinema City,620
18:00,גבעה 338,גבעה 338,https://tickets.cinema-city.co.il/order/854208?lang=en,https://tickets.cinema-city.co.il/order/854208?lang=he,Regular,2D,,,2026-09-01,,,,106,9+,Glilot,Cinema City,620
19:20,גבעה 338,גבעה 338,https://tickets.cinema-city.co.il/order/854167?lang=en,https://tickets.cinema-city.co.il/order/854167?lang=he,Regular,2D,,,2026-09-01,,,,106,9+,Glilot,Cinema City,620
20:30,גבעה 338,גבעה 338,https://tickets.cinema-city.co.il/order/854207?lang=en,https://tickets.cinema-city.co.il/order/854207?lang=he,Regular,2D,,,2026-09-01,,,,106,9+,Glilot,Cinema City,620
22:00,גבעה 338,גבעה 338,https://tickets.cinema-city.co.il/order/854169?lang=en,https://tickets.cinema-city.co.il/order/854169?lang=he,Regular,2D,,,2026-09-01,,,,106,9+,Glilot,Cinema City,620
23:00,גבעה 338,גבעה 338,https://tickets.cinema-city.co.il/order/854224?lang=en,https://tickets.cinema-city.co.il/order/854224?lang=he,Regular,2D,,,2026-09-01,,,,106,9+,Glilot,Cinema City,620
11:40,גבעה 338,גבעה 338,https://tickets.cinema-city.co.il/order/854927?lang=en,https://tickets.cinema-city.co.il/order/854927?lang=he,Regular,2D,,,2026-09-02,,,,106,9+,Glilot,Cinema City,620
14:15,גבעה 338,גבעה 338,https://tickets.cinema-city.co.il/order/854872?lang=en,https://tickets.cinema-city.co.il/order/854872?lang=he,Regular,2D,,,2026-09-02,,,,106,9+,Glilot,Cinema City,620
16:45,גבעה 338,גבעה 338,https://tickets.cinema-city.co.il/order/854873?lang=en,https://tickets.cinema-city.co.il/order/854873?lang=he,Regular,2D,,,2026-09-02,,,,106,9+,Glilot,Cinema City,620
19:20,גבעה 338,גבעה 338,https://tickets.cinema-city.co.il/order/854874?lang=en,https://tickets.cinema-city.co.il/order/854874?lang=he,Regular,2D,,,2026-09-02,,,,106,9+,Glilot,Cinema City,620
22:00,גבעה 338,גבעה 338,https://tickets.cinema-city.co.il/order/854875?lang=en,https://tickets.cinema-city.co.il/order/854875?lang=he,Regular,2D,,,2026-09-02,,,,106,9+,Glilot,Cinema City,620
23:00,גבעה 338,גבעה 338,https://tickets.cinema-city.co.il/order/854961?lang=en,https://tickets.cinema-city.co.il/order/854961?lang=he,Regular,2D,,,2026-09-02,,,,106,9+,Glilot,Cinema City,620
11:00,THE POUT POUT FISH,דג ושמו באסה,https://tickets.cinema-city.co.il/order/854140?lang=en,https://tickets.cinema-city.co.il/order/854140?lang=he,Regular,2D,,Hebrew,2026-09-01,,,,93,,Glilot,Cinema City,620
10:45,THE POUT POUT FISH,דג ושמו באסה,https://tickets.cinema-city.co.il/order/854860?lang=en,https://tickets.cinema-city.co.il/order/854860?lang=he,Regular,2D,,Hebrew,2026-09-02,,,,93,,Glilot,Cinema City,620
13:00,THE POUT POUT FISH,דג ושמו באסה,https://tickets.cinema-city.co.il/order/854859?lang=en,https://tickets.cinema-city.co.il/order/854859?lang=he,Regular,2D,,Hebrew,2026-09-02,,,,93,,Glilot,Cinema City,620
17:20,THE POUT POUT FISH,דג ושמו באסה,https://tickets.cinema-city.co.il/order/854858?lang=en,https://tickets.cinema-city.co.il/order/854858?lang=he,Regular,2D,,Hebrew,2026-09-02,,,,93,,Glilot,Cinema City,620
10:30,THE ODYSSEY,האודיסאה,https://tickets.cinema-city.co.il/order/854135?lang=en,https://tickets.cinema-city.co.il/order/854135?lang=he,Regular,2D,,,2026-09-01,,,,172,14+,Glilot,Cinema City,620
11:30,THE ODYSSEY,האודיסאה,https://tickets.cinema-city.co.il/order/854246?lang=en,https://tickets.cinema-city.co.il/order/854246?lang=he,Regular,2D,,,2026-09-01,,,,172,14+,Glilot,Cinema City,620
13:40,THE ODYSSEY,האודיסאה,https://tickets.cinema-city.co.il/order/854175?lang=en,https://tickets.cinema-city.co.il/order/854175?lang=he,Regular,2D,,,2026-09-01,,,,172,14+,Glilot,Cinema City,620
14:15,THE ODYSSEY,האודיסאה,https://tickets.cinema-city.co.il/order/854133?lang=en,https://tickets.cinema-city.co.il/order/854133?lang=he,Regular,2D,,,2026-09-01,,,,172,14+,Glilot,Cinema City,620
16:50,THE ODYSSEY,האודיסאה,https://tickets.cinema-city.co.il/order/854200?lang=en,https://tickets.cinema-city.co.il/order/854200?lang=he,Regular,2D,,,2026-09-01,,,,172,14+,Glilot,Cinema City,620
17:10,THE ODYSSEY,האודיסאה,https://tickets.cinema-city.co.il/order/854171?lang=en,https://tickets.cinema-city.co.il/order/854171?lang=he,Regular,2D,,,2026-09-01,,,,172,14+,Glilot,Cinema City,620
20:30,THE ODYSSEY,האודיסאה,https://tickets.cinema-city.co.il/order/854201?lang=en,https://tickets.cinema-city.co.il/order/854201?lang=he,Regular,2D,,,2026-09-01,,,,172,14+,Glilot,Cinema City,620
20:40,THE ODYSSEY,האודיסאה,https://tickets.cinema-city.co.il/order/854173?lang=en,https://tickets.cinema-city.co.il/order/854173?lang=he,Regular,2D,,,2026-09-01,,,,172,14+,Glilot,Cinema City,620
21:05,THE ODYSSEY,האודיסאה,https://tickets.cinema-city.co.il/order/857102?lang=en,https://tickets.cinema-city.co.il/order/857102?lang=he,Regular,2D,,,2026-09-01,,,,172,14+,Glilot,Cinema City,620
12:20,THE ODYSSEY,האודיסאה,https://tickets.cinema-city.co.il/order/854855?lang=en,https://tickets.cinema-city.co.il/order/854855?lang=he,Regular,2D,,,2026-09-02,,,,172,14+,Glilot,Cinema City,620
13:40,THE ODYSSEY,האודיסאה,https://tickets.cinema-city.co.il/order/854878?lang=en,https://tickets.cinema-city.co.il/order/854878?lang=he,Regular,2D,,,2026-09-02,,,,172,14+,Glilot,Cinema City,620
16:10,THE ODYSSEY,האודיסאה,https://tickets.cinema-city.co.il/order/854854?lang=en,https://tickets.cinema-city.co.il/order/854854?lang=he,Regular,2D,,,2026-09-02,,,,172,14+,Glilot,Cinema City,620
17:10,THE ODYSSEY,האודיסאה,https://tickets.cinema-city.co.il/order/854876?lang=en,https://tickets.cinema-city.co.il/order/854876?lang=he,Regular,2D,,,2026-09-02,,,,172,14+,Glilot,Cinema City,620
17:10,THE ODYSSEY,האודיסאה,https://tickets.cinema-city.co.il/order/854895?lang=en,https://tickets.cinema-city.co.il/order/854895?lang=he,Regular,2D,,,2026-09-02,,,,172,14+,Glilot,Cinema City,620
20:40,THE ODYSSEY,האודיסאה,https://tickets.cinema-city.co.il/order/854877?lang=en,https://tickets.cinema-city.co.il/order/854877?lang=he,Regular,2D,,,2026-09-02,,,,172,14+,Glilot,Cinema City,620
20:50,THE ODYSSEY,האודיסאה,https://tickets.cinema-city.co.il/order/854896?lang=en,https://tickets.cinema-city.co.il/order/854896?lang=he,Regular,2D,,,2026-09-02,,,,172,14+,Glilot,Cinema City,620
14:30,The Invite.,ההזמנה.,https://tickets.cinema-city.co.il/order/854151?lang=en,https://tickets.cinema-city.co.il/order/854151?lang=he,Regular,2D,,,2026-09-01,,,,107,14+,Glilot,Cinema City,620
17:10,The Invite.,ההזמנה.,https://tickets.cinema-city.co.il/order/854152?lang=en,https://tickets.cinema-city.co.il/order/854152?lang=he,Regular,2D,,,2026-09-01,,,,107,14+,Glilot,Cinema City,620
19:50,The Invite.,ההזמנה.,https://tickets.cinema-city.co.il/order/854154?lang=en,https://tickets.cinema-city.co.il/order/854154?lang=he,Regular,2D,,,2026-09-01,,,,107,14+,Glilot,Cinema City,620
17:10,The Invite.,ההזמנה.,https://tickets.cinema-city.co.il/order/854866?lang=en,https://tickets.cinema-city.co.il/order/854866?lang=he,Regular,2D,,,2026-09-02,,,,107,14+,Glilot,Cinema City,620
19:50,The Invite.,ההזמנה.,https://tickets.cinema-city.co.il/order/854867?lang=en,https://tickets.cinema-city.co.il/order/854867?lang=he,Regular,2D,,,2026-09-02,,,,107,14+,Glilot,Cinema City,620
17:45,The Magic Faraway Tree,המסע המופלא לעץ הקסמים,https://tickets.cinema-city.co.il/order/854220?lang=en,https://tickets.cinema-city.co.il/order/854220?lang=he,Regular,2D,,Hebrew,2026-09-01,,,,110,All,Glilot,Cinema City,620
17:45,The Magic Faraway Tree,המסע המופלא לעץ הקסמים,https://tickets.cinema-city.co.il/order/854912?lang=en,https://tickets.cinema-city.co.il/order/854912?lang=he,Regular,2D,,Hebrew,2026-09-02,,,,110,All,Glilot,Cinema City,620
10:30,Let it Rain,ויהי גשם,https://tickets.cinema-city.co.il/order/854142?lang=en,https://tickets.cinema-city.co.il/order/854142?lang=he,Regular,2D,,,2026-09-01,,,,109,All,Glilot,Cinema City,620
13:10,Let it Rain,ויהי גשם,https://tickets.cinema-city.co.il/order/854242?lang=en,https://tickets.cinema-city.co.il/order/854242?lang=he,Regular,2D,,,2026-09-01,,,,109,All,Glilot,Cinema City,620
10:50,Let it Rain,ויהי גשם,https://tickets.cinema-city.co.il/order/854861?lang=en,https://tickets.cinema-city.co.il/order/854861?lang=he,Regular,2D,,,2026-09-02,,,,109,All,Glilot,Cinema City,620
14:30,Let it Rain,ויהי גשם,https://tickets.cinema-city.co.il/order/854946?lang=en,https://tickets.cinema-city.co.il/order/854946?lang=he,Regular,2D,,,2026-09-02,,,,109,All,Glilot,Cinema City,620
10:00,Bitter Christmas,חג מולד מר,https://tickets.cinema-city.co.il/order/854221?lang=en,https://tickets.cinema-city.co.il/order/854221?lang=he,Regular,2D,,,2026-09-01,,,,112,All,Glilot,Cinema City,620
10:00,Bitter Christmas,חג מולד מר,https://tickets.cinema-city.co.il/order/854913?lang=en,https://tickets.cinema-city.co.il/order/854913?lang=he,Regular,2D,,,2026-09-02,,,,112,All,Glilot,Cinema City,620
11:30,חינה אמריקאית,חינה אמריקאית,https://tickets.cinema-city.co.il/order/854176?lang=en,https://tickets.cinema-city.co.il/order/854176?lang=he,Regular,2D,,,2026-09-01,,,,89,All,Glilot,Cinema City,620
11:30,חינה אמריקאית,חינה אמריקאית,https://tickets.cinema-city.co.il/order/854879?lang=en,https://tickets.cinema-city.co.il/order/854879?lang=he,Regular,2D,,,2026-09-02,,,,89,All,Glilot,Cinema City,620
20:20,חינה אמריקאית,חינה אמריקאית,https://tickets.cinema-city.co.il/order/854926?lang=en,https://tickets.cinema-city.co.il/order/854926?lang=he,Regular,2D,,,2026-09-02,,,,89,All,Glilot,Cinema City,620
22:30,חינה אמריקאית,חינה אמריקאית,https://tickets.cinema-city.co.il/order/854892?lang=en,https://tickets.cinema-city.co.il/order/854892?lang=he,Regular,2D,,,2026-09-02,,,,89,All,Glilot,Cinema City,620
11:30,Dog Stars,כוכבי הכלב,https://tickets.cinema-city.co.il/order/854127?lang=en,https://tickets.cinema-city.co.il/order/854127?lang=he,Regular,2D,,,2026-09-01,,,,118,12+,Glilot,Cinema City,620
14:15,Dog Stars,כוכבי הכלב,https://tickets.cinema-city.co.il/order/854125?lang=en,https://tickets.cinema-city.co.il/order/854125?lang=he,Regular,2D,,,2026-09-01,,,,118,12+,Glilot,Cinema City,620
16:00,Dog Stars,כוכבי הכלב,https://tickets.cinema-city.co.il/order/854252?lang=en,https://tickets.cinema-city.co.il/order/854252?lang=he,Regular,2D,,,2026-09-01,,,,118,12+,Glilot,Cinema City,620
17:00,Dog Stars,כוכבי הכלב,https://tickets.cinema-city.co.il/order/854123?lang=en,https://tickets.cinema-city.co.il/order/854123?lang=he,Regular,2D,,,2026-09-01,,,,118,12+,Glilot,Cinema City,620
19:45,Dog Stars,כוכבי הכלב,https://tickets.cinema-city.co.il/order/854121?lang=en,https://tickets.cinema-city.co.il/order/854121?lang=he,Regular,2D,,,2026-09-01,,,,118,12+,Glilot,Cinema City,620
22:30,Dog Stars,כוכבי הכלב,https://tickets.cinema-city.co.il/order/854120?lang=en,https://tickets.cinema-city.co.il/order/854120?lang=he,Regular,2D,,,2026-09-01,,,,118,12+,Glilot,Cinema City,620
11:30,Dog Stars,כוכבי הכלב,https://tickets.cinema-city.co.il/order/854852?lang=en,https://tickets.cinema-city.co.il/order/854852?lang=he,Regular,2D,,,2026-09-02,,,,118,12+,Glilot,Cinema City,620
14:15,Dog Stars,כוכבי הכלב,https://tickets.cinema-city.co.il/order/854851?lang=en,https://tickets.cinema-city.co.il/order/854851?lang=he,Regular,2D,,,2026-09-02,,,,118,12+,Glilot,Cinema City,620
15:20,Dog Stars,כוכבי הכלב,https://tickets.cinema-city.co.il/order/854951?lang=en,https://tickets.cinema-city.co.il/order/854951?lang=he,Regular,2D,,,2026-09-02,,,,118,12+,Glilot,Cinema City,620
16:00,Dog Stars,כוכבי הכלב,https://tickets.cinema-city.co.il/order/854947?lang=en,https://tickets.cinema-city.co.il/order/854947?lang=he,Regular,2D,,,2026-09-02,,,,118,12+,Glilot,Cinema City,620
17:00,Dog Stars,כוכבי הכלב,https://tickets.cinema-city.co.il/order/854850?lang=en,https://tickets.cinema-city.co.il/order/854850?lang=he,Regular,2D,,,2026-09-02,,,,118,12+,Glilot,Cinema City,620
18:45,Dog Stars,כוכבי הכלב,https://tickets.cinema-city.co.il/order/854948?lang=en,https://tickets.cinema-city.co.il/order/854948?lang=he,Regular,2D,,,2026-09-02,,,,118,12+,Glilot,Cinema City,620
19:45,Dog Stars,כוכבי הכלב,https://tickets.cinema-city.co.il/order/854849?lang=en,https://tickets.cinema-city.co.il/order/854849?lang=he,Regular,2D,,,2026-09-02,,,,118,12+,Glilot,Cinema City,620
22:30,Dog Stars,כוכבי הכלב,https://tickets.cinema-city.co.il/order/854847?lang=en,https://tickets.cinema-city.co.il/order/854847?lang=he,Regular,2D,,,2026-09-02,,,,118,12+,Glilot,Cinema City,620
16:00,Cuz You're Ugly,כי את מכוערת,https://tickets.cinema-city.co.il/order/854138?lang=en,https://tickets.cinema-city.co.il/order/854138?lang=he,Regular,2D,,,2026-09-01,,,,83,12+,Glilot,Cinema City,620
15:15,Cuz You're Ugly,כי את מכוערת,https://tickets.cinema-city.co.il/order/854857?lang=en,https://tickets.cinema-city.co.il/order/854857?lang=he,Regular,2D,,,2026-09-02,,,,83,12+,Glilot,Cinema City,620
20:10,One Night Only,לגמור את הלילה,https://tickets.cinema-city.co.il/order/854222?lang=en,https://tickets.cinema-city.co.il/order/854222?lang=he,Regular,2D,,,2026-09-01,,,,102,14+,Glilot,Cinema City,620
20:10,One Night Only,לגמור את הלילה,https://tickets.cinema-city.co.il/order/854914?lang=en,https://tickets.cinema-city.co.il/order/854914?lang=he,Regular,2D,,,2026-09-02,,,,102,14+,Glilot,Cinema City,620
13:10,Coyote vs. Acme,לוני טונס מציגים: קיוטי נגד אקמי,https://tickets.cinema-city.co.il/order/854199?lang=en,https://tickets.cinema-city.co.il/order/854199?lang=he,Regular,2D,,,2026-09-01,,,,101,All,Glilot,Cinema City,620
13:25,Coyote vs. Acme,לוני טונס מציגים: קיוטי נגד אקמי,https://tickets.cinema-city.co.il/order/854250?lang=en,https://tickets.cinema-city.co.il/order/854250?lang=he,Regular,2D,,,2026-09-01,,,,101,All,Glilot,Cinema City,620
18:00,Coyote vs. Acme,לוני טונס מציגים: קיוטי נגד אקמי,https://tickets.cinema-city.co.il/order/854228?lang=en,https://tickets.cinema-city.co.il/order/854228?lang=he,Regular,2D,,,2026-09-01,,,,101,All,Glilot,Cinema City,620
12:45,Coyote vs. Acme,לוני טונס מציגים: קיוטי נגד אקמי,https://tickets.cinema-city.co.il/order/854894?lang=en,https://tickets.cinema-city.co.il/order/854894?lang=he,Regular,2D,,,2026-09-02,,,,101,All,Glilot,Cinema City,620
12:55,Coyote vs. Acme,לוני טונס מציגים: קיוטי נגד אקמי,https://tickets.cinema-city.co.il/order/854945?lang=en,https://tickets.cinema-city.co.il/order/854945?lang=he,Regular,2D,,,2026-09-02,,,,101,All,Glilot,Cinema City,620
15:15,Coyote vs. Acme,לוני טונס מציגים: קיוטי נגד אקמי,https://tickets.cinema-city.co.il/order/854928?lang=en,https://tickets.cinema-city.co.il/order/854928?lang=he,Regular,2D,,,2026-09-02,,,,101,All,Glilot,Cinema City,620
17:50,Coyote vs. Acme,לוני טונס מציגים: קיוטי נגד אקמי,https://tickets.cinema-city.co.il/order/854921?lang=en,https://tickets.cinema-city.co.il/order/854921?lang=he,Regular,2D,,,2026-09-02,,,,101,All,Glilot,Cinema City,620
10:30,Coyote vs. Acme,לוני טונס מציגים: קיוטי נגד אקמי,https://tickets.cinema-city.co.il/order/854229?lang=en,https://tickets.cinema-city.co.il/order/854229?lang=he,Regular,2D,,Hebrew,2026-09-01,,,,101,All,Glilot,Cinema City,620
13:00,Coyote vs. Acme,לוני טונס מציגים: קיוטי נגד אקמי,https://tickets.cinema-city.co.il/order/854198?lang=en,https://tickets.cinema-city.co.il/order/854198?lang=he,Regular,2D,,Hebrew,2026-09-01,,,,101,All,Glilot,Cinema City,620
15:30,Coyote vs. Acme,לוני טונס מציגים: קיוטי נגד אקמי,https://tickets.cinema-city.co.il/order/854196?lang=en,https://tickets.cinema-city.co.il/order/854196?lang=he,Regular,2D,,Hebrew,2026-09-01,,,,101,All,Glilot,Cinema City,620
10:30,Coyote vs. Acme,לוני טונס מציגים: קיוטי נגד אקמי,https://tickets.cinema-city.co.il/order/854922?lang=en,https://tickets.cinema-city.co.il/order/854922?lang=he,Regular,2D,,Hebrew,2026-09-02,,,,101,All,Glilot,Cinema City,620
15:20,Coyote vs. Acme,לוני טונס מציגים: קיוטי נגד אקמי,https://tickets.cinema-city.co.il/order/854893?lang=en,https://tickets.cinema-city.co.il/order/854893?lang=he,Regular,2D,,Hebrew,2026-09-02,,,,101,All,Glilot,Cinema City,620
12:45,MASHA & THE BEAR – WONDER PARK,מאשה והדוב-ההרפתקה הגדולה,https://tickets.cinema-city.co.il/order/854206?lang=en,https://tickets.cinema-city.co.il/order/854206?lang=he,Regular,2D,,Hebrew,2026-09-01,,,,73,All,Glilot,Cinema City,620
12:30,MASHA & THE BEAR – WONDER PARK,מאשה והדוב-ההרפתקה הגדולה,https://tickets.cinema-city.co.il/order/854900?lang=en,https://tickets.cinema-city.co.il/order/854900?lang=he,Regular,2D,,Hebrew,2026-09-02,,,,73,All,Glilot,Cinema City,620
11:45,Moana (Live Action),מואנה (לייב אקשן),https://tickets.cinema-city.co.il/order/854225?lang=en,https://tickets.cinema-city.co.il/order/854225?lang=he,Regular,2D,,Hebrew,2026-09-01,,,,115,All,Glilot,Cinema City,620
22:55,Motor City,מוטור סיטי,https://tickets.cinema-city.co.il/order/854144?lang=en,https://tickets.cinema-city.co.il/order/854144?lang=he,Regular,2D,,,2026-09-01,,,,103,16+,Glilot,Cinema City,620
21:20,Motor City,מוטור סיטי,https://tickets.cinema-city.co.il/order/854862?lang=en,https://tickets.cinema-city.co.il/order/854862?lang=he,Regular,2D,,,2026-09-02,,,,103,16+,Glilot,Cinema City,620
13:20,Michael,מייקל,https://tickets.cinema-city.co.il/order/854204?lang=en,https://tickets.cinema-city.co.il/order/854204?lang=he,Regular,2D,,,2026-09-01,,,,127,All,Glilot,Cinema City,620
13:00,Michael,מייקל,https://tickets.cinema-city.co.il/order/854898?lang=en,https://tickets.cinema-city.co.il/order/854898?lang=he,Regular,2D,,,2026-09-02,,,,127,All,Glilot,Cinema City,620
11:00,Paw Patrol: The Dino Movie,מפרץ ההרפתקאות: אי הדינוזאורים,https://tickets.cinema-city.co.il/order/854218?lang=en,https://tickets.cinema-city.co.il/order/854218?lang=he,Regular,2D,,Hebrew,2026-09-01,,,,88,All,Glilot,Cinema City,620
14:45,Paw Patrol: The Dino Movie,מפרץ ההרפתקאות: אי הדינוזאורים,https://tickets.cinema-city.co.il/order/854219?lang=en,https://tickets.cinema-city.co.il/order/854219?lang=he,Regular,2D,,Hebrew,2026-09-01,,,,88,All,Glilot,Cinema City,620
15:45,Paw Patrol: The Dino Movie,מפרץ ההרפתקאות: אי הדינוזאורים,https://tickets.cinema-city.co.il/order/854223?lang=en,https://tickets.cinema-city.co.il/order/854223?lang=he,Regular,2D,,Hebrew,2026-09-01,,,,88,All,Glilot,Cinema City,620
11:10,Paw Patrol: The Dino Movie,מפרץ ההרפתקאות: אי הדינוזאורים,https://tickets.cinema-city.co.il/order/854925?lang=en,https://tickets.cinema-city.co.il/order/854925?lang=he,Regular,2D,,Hebrew,2026-09-02,,,,88,All,Glilot,Cinema City,620
13:20,Paw Patrol: The Dino Movie,מפרץ ההרפתקאות: אי הדינוזאורים,https://tickets.cinema-city.co.il/order/854920?lang=en,https://tickets.cinema-city.co.il/order/854920?lang=he,Regular,2D,,Hebrew,2026-09-02,,,,88,All,Glilot,Cinema City,620
15:25,Paw Patrol: The Dino Movie,מפרץ ההרפתקאות: אי הדינוזאורים,https://tickets.cinema-city.co.il/order/854916?lang=en,https://tickets.cinema-city.co.il/order/854916?lang=he,Regular,2D,,Hebrew,2026-09-02,,,,88,All,Glilot,Cinema City,620
10:30,Marsupilami,מרסופילאמי,https://tickets.cinema-city.co.il/order/854917?lang=en,https://tickets.cinema-city.co.il/order/854917?lang=he,Regular,2D,,Hebrew,2026-09-02,,,,99,All,Glilot,Cinema City,620
11:50,MUTINY,נקמה בלב ים,https://tickets.cinema-city.co.il/order/854190?lang=en,https://tickets.cinema-city.co.il/order/854190?lang=he,Regular,2D,,,2026-09-01,,,,95,14+,Glilot,Cinema City,620
14:30,MUTINY,נקמה בלב ים,https://tickets.cinema-city.co.il/order/854188?lang=en,https://tickets.cinema-city.co.il/order/854188?lang=he,Regular,2D,,,2026-09-01,,,,95,14+,Glilot,Cinema City,620
15:30,MUTINY,נקמה בלב ים,https://tickets.cinema-city.co.il/order/854227?lang=en,https://tickets.cinema-city.co.il/order/854227?lang=he,Regular,2D,,,2026-09-01,,,,95,14+,Glilot,Cinema City,620
17:00,MUTINY,נקמה בלב ים,https://tickets.cinema-city.co.il/order/854186?lang=en,https://tickets.cinema-city.co.il/order/854186?lang=he,Regular,2D,,,2026-09-01,,,,95,14+,Glilot,Cinema City,620
18:10,MUTINY,נקמה בלב ים,https://tickets.cinema-city.co.il/order/854226?lang=en,https://tickets.cinema-city.co.il/order/854226?lang=he,Regular,2D,,,2026-09-01,,,,95,14+,Glilot,Cinema City,620
18:40,MUTINY,נקמה בלב ים,https://tickets.cinema-city.co.il/order/854251?lang=en,https://tickets.cinema-city.co.il/order/854251?lang=he,Regular,2D,,,2026-09-01,,,,95,14+,Glilot,Cinema City,620
19:25,MUTINY,נקמה בלב ים,https://tickets.cinema-city.co.il/order/854184?lang=en,https://tickets.cinema-city.co.il/order/854184?lang=he,Regular,2D,,,2026-09-01,,,,95,14+,Glilot,Cinema City,620
21:55,MUTINY,נקמה בלב ים,https://tickets.cinema-city.co.il/order/854182?lang=en,https://tickets.cinema-city.co.il/order/854182?lang=he,Regular,2D,,,2026-09-01,,,,95,14+,Glilot,Cinema City,620
17:30,MUTINY,נקמה בלב ים,https://tickets.cinema-city.co.il/order/854932?lang=en,https://tickets.cinema-city.co.il/order/854932?lang=he,Regular,2D,,,2026-09-02,,,,95,14+,Glilot,Cinema City,620
19:00,MUTINY,נקמה בלב ים,https://tickets.cinema-city.co.il/order/854883?lang=en,https://tickets.cinema-city.co.il/order/854883?lang=he,Regular,2D,,,2026-09-02,,,,95,14+,Glilot,Cinema City,620
20:00,MUTINY,נקמה בלב ים,https://tickets.cinema-city.co.il/order/854931?lang=en,https://tickets.cinema-city.co.il/order/854931?lang=he,Regular,2D,,,2026-09-02,,,,95,14+,Glilot,Cinema City,620
21:30,MUTINY,נקמה בלב ים,https://tickets.cinema-city.co.il/order/854882?lang=en,https://tickets.cinema-city.co.il/order/854882?lang=he,Regular,2D,,,2026-09-02,,,,95,14+,Glilot,Cinema City,620
22:30,MUTINY,נקמה בלב ים,https://tickets.cinema-city.co.il/order/854933?lang=en,https://tickets.cinema-city.co.il/order/854933?lang=he,Regular,2D,,,2026-09-02,,,,95,14+,Glilot,Cinema City,620
13:30,סולטיז הסרט,סולטיז הסרט-וולוג ה-100,https://tickets.cinema-city.co.il/order/854901?lang=en,https://tickets.cinema-city.co.il/order/854901?lang=he,Regular,2D,,,2026-09-02,,,,100,All,Glilot,Cinema City,620
18:10,End of Oak Street,סוף רחוב האלון,https://tickets.cinema-city.co.il/order/854137?lang=en,https://tickets.cinema-city.co.il/order/854137?lang=he,Regular,2D,,,2026-09-01,,,,100,12+,Glilot,Cinema City,620
18:40,End of Oak Street,סוף רחוב האלון,https://tickets.cinema-city.co.il/order/854856?lang=en,https://tickets.cinema-city.co.il/order/854856?lang=he,Regular,2D,,,2026-09-02,,,,100,12+,Glilot,Cinema City,620
10:20,SPA WEEKEND,ספא וויקנד,https://tickets.cinema-city.co.il/order/854254?lang=en,https://tickets.cinema-city.co.il/order/854254?lang=he,Regular,2D,,,2026-09-01,,,,97,14+,Glilot,Cinema City,620
11:20,SPA WEEKEND,ספא וויקנד,https://tickets.cinema-city.co.il/order/854209?lang=en,https://tickets.cinema-city.co.il/order/854209?lang=he,Regular,2D,,,2026-09-01,,,,97,14+,Glilot,Cinema City,620
13:40,SPA WEEKEND,ספא וויקנד,https://tickets.cinema-city.co.il/order/854210?lang=en,https://tickets.cinema-city.co.il/order/854210?lang=he,Regular,2D,,,2026-09-01,,,,97,14+,Glilot,Cinema City,620
16:00,SPA WEEKEND,ספא וויקנד,https://tickets.cinema-city.co.il/order/854211?lang=en,https://tickets.cinema-city.co.il/order/854211?lang=he,Regular,2D,,,2026-09-01,,,,97,14+,Glilot,Cinema City,620
18:20,SPA WEEKEND,ספא וויקנד,https://tickets.cinema-city.co.il/order/854212?lang=en,https://tickets.cinema-city.co.il/order/854212?lang=he,Regular,2D,,,2026-09-01,,,,97,14+,Glilot,Cinema City,620
20:40,SPA WEEKEND,ספא וויקנד,https://tickets.cinema-city.co.il/order/854213?lang=en,https://tickets.cinema-city.co.il/order/854213?lang=he,Regular,2D,,,2026-09-01,,,,97,14+,Glilot,Cinema City,620
23:00,SPA WEEKEND,ספא וויקנד,https://tickets.cinema-city.co.il/order/854214?lang=en,https://tickets.cinema-city.co.il/order/854214?lang=he,Regular,2D,,,2026-09-01,,,,97,14+,Glilot,Cinema City,620
11:20,SPA WEEKEND,ספא וויקנד,https://tickets.cinema-city.co.il/order/854902?lang=en,https://tickets.cinema-city.co.il/order/854902?lang=he,Regular,2D,,,2026-09-02,,,,97,14+,Glilot,Cinema City,620
12:50,SPA WEEKEND,ספא וויקנד,https://tickets.cinema-city.co.il/order/854952?lang=en,https://tickets.cinema-city.co.il/order/854952?lang=he,Regular,2D,,,2026-09-02,,,,97,14+,Glilot,Cinema City,620
13:40,SPA WEEKEND,ספא וויקנד,https://tickets.cinema-city.co.il/order/854903?lang=en,https://tickets.cinema-city.co.il/order/854903?lang=he,Regular,2D,,,2026-09-02,,,,97,14+,Glilot,Cinema City,620
16:00,SPA WEEKEND,ספא וויקנד,https://tickets.cinema-city.co.il/order/854904?lang=en,https://tickets.cinema-city.co.il/order/854904?lang=he,Regular,2D,,,2026-09-02,,,,97,14+,Glilot,Cinema City,620
18:20,SPA WEEKEND,ספא וויקנד,https://tickets.cinema-city.co.il/order/854905?lang=en,https://tickets.cinema-city.co.il/order/854905?lang=he,Regular,2D,,,2026-09-02,,,,97,14+,Glilot,Cinema City,620
20:40,SPA WEEKEND,ספא וויקנד,https://tickets.cinema-city.co.il/order/854906?lang=en,https://tickets.cinema-city.co.il/order/854906?lang=he,Regular,2D,,,2026-09-02,,,,97,14+,Glilot,Cinema City,620
23:00,SPA WEEKEND,ספא וויקנד,https://tickets.cinema-city.co.il/order/854907?lang=en,https://tickets.cinema-city.co.il/order/854907?lang=he,Regular,2D,,,2026-09-02,,,,97,14+,Glilot,Cinema City,620
11:00,SPIDERMAN: BRAND NEW DAY,ספיידרמן: יום חדש,https://tickets.cinema-city.co.il/order/854180?lang=en,https://tickets.cinema-city.co.il/order/854180?lang=he,Regular,2D,,,2026-09-01,,,,150,All,Glilot,Cinema City,620
12:45,SPIDERMAN: BRAND NEW DAY,ספיידרמן: יום חדש,https://tickets.cinema-city.co.il/order/854253?lang=en,https://tickets.cinema-city.co.il/order/854253?lang=he,Regular,2D,,,2026-09-01,,,,150,All,Glilot,Cinema City,620
13:05,SPIDERMAN: BRAND NEW DAY,ספיידרמן: יום חדש,https://tickets.cinema-city.co.il/order/854217?lang=en,https://tickets.cinema-city.co.il/order/854217?lang=he,Regular,2D,,,2026-09-01,,,,150,All,Glilot,Cinema City,620
14:45,SPIDERMAN: BRAND NEW DAY,ספיידרמן: יום חדש,https://tickets.cinema-city.co.il/order/857103?lang=en,https://tickets.cinema-city.co.il/order/857103?lang=he,Regular,2D,,,2026-09-01,,,,150,All,Glilot,Cinema City,620
16:20,SPIDERMAN: BRAND NEW DAY,ספיידרמן: יום חדש,https://tickets.cinema-city.co.il/order/854215?lang=en,https://tickets.cinema-city.co.il/order/854215?lang=he,Regular,2D,,,2026-09-01,,,,150,All,Glilot,Cinema City,620
19:00,SPIDERMAN: BRAND NEW DAY,ספיידרמן: יום חדש,https://tickets.cinema-city.co.il/order/854178?lang=en,https://tickets.cinema-city.co.il/order/854178?lang=he,Regular,2D,,,2026-09-01,,,,150,All,Glilot,Cinema City,620
19:35,SPIDERMAN: BRAND NEW DAY,ספיידרמן: יום חדש,https://tickets.cinema-city.co.il/order/854216?lang=en,https://tickets.cinema-city.co.il/order/854216?lang=he,Regular,2D,,,2026-09-01,,,,150,All,Glilot,Cinema City,620
22:15,SPIDERMAN: BRAND NEW DAY,ספיידרמן: יום חדש,https://tickets.cinema-city.co.il/order/854230?lang=en,https://tickets.cinema-city.co.il/order/854230?lang=he,Regular,2D,,,2026-09-01,,,,150,All,Glilot,Cinema City,620
12:20,SPIDERMAN: BRAND NEW DAY,ספיידרמן: יום חדש,https://tickets.cinema-city.co.il/order/854881?lang=en,https://tickets.cinema-city.co.il/order/854881?lang=he,Regular,2D,,,2026-09-02,,,,150,All,Glilot,Cinema City,620
15:40,SPIDERMAN: BRAND NEW DAY,ספיידרמן: יום חדש,https://tickets.cinema-city.co.il/order/854924?lang=en,https://tickets.cinema-city.co.il/order/854924?lang=he,Regular,2D,,,2026-09-02,,,,150,All,Glilot,Cinema City,620
16:40,SPIDERMAN: BRAND NEW DAY,ספיידרמן: יום חדש,https://tickets.cinema-city.co.il/order/854908?lang=en,https://tickets.cinema-city.co.il/order/854908?lang=he,Regular,2D,,,2026-09-02,,,,150,All,Glilot,Cinema City,620
18:15,SPIDERMAN: BRAND NEW DAY,ספיידרמן: יום חדש,https://tickets.cinema-city.co.il/order/854950?lang=en,https://tickets.cinema-city.co.il/order/854950?lang=he,Regular,2D,,,2026-09-02,,,,150,All,Glilot,Cinema City,620
19:00,SPIDERMAN: BRAND NEW DAY,ספיידרמן: יום חדש,https://tickets.cinema-city.co.il/order/854880?lang=en,https://tickets.cinema-city.co.il/order/854880?lang=he,Regular,2D,,,2026-09-02,,,,150,All,Glilot,Cinema City,620
20:00,SPIDERMAN: BRAND NEW DAY,ספיידרמן: יום חדש,https://tickets.cinema-city.co.il/order/854909?lang=en,https://tickets.cinema-city.co.il/order/854909?lang=he,Regular,2D,,,2026-09-02,,,,150,All,Glilot,Cinema City,620
21:30,SPIDERMAN: BRAND NEW DAY,ספיידרמן: יום חדש,https://tickets.cinema-city.co.il/order/854949?lang=en,https://tickets.cinema-city.co.il/order/854949?lang=he,Regular,2D,,,2026-09-02,,,,150,All,Glilot,Cinema City,620
22:15,SPIDERMAN: BRAND NEW DAY,ספיידרמן: יום חדש,https://tickets.cinema-city.co.il/order/854923?lang=en,https://tickets.cinema-city.co.il/order/854923?lang=he,Regular,2D,,,2026-09-02,,,,150,All,Glilot,Cinema City,620
10:40,Tell Me Everything,עצמאות,https://tickets.cinema-city.co.il/order/854241?lang=en,https://tickets.cinema-city.co.il/order/854241?lang=he,Regular,2D,,,2026-09-01,,,,109,12+,Glilot,Cinema City,620
11:30,Tell Me Everything,עצמאות,https://tickets.cinema-city.co.il/order/854231?lang=en,https://tickets.cinema-city.co.il/order/854231?lang=he,Regular,2D,,,2026-09-01,,,,109,12+,Glilot,Cinema City,620
13:20,Tell Me Everything,עצמאות,https://tickets.cinema-city.co.il/order/854239?lang=en,https://tickets.cinema-city.co.il/order/854239?lang=he,Regular,2D,,,2026-09-01,,,,109,12+,Glilot,Cinema City,620
14:15,Tell Me Everything,עצמאות,https://tickets.cinema-city.co.il/order/854232?lang=en,https://tickets.cinema-city.co.il/order/854232?lang=he,Regular,2D,,,2026-09-01,,,,109,12+,Glilot,Cinema City,620
16:00,Tell Me Everything,עצמאות,https://tickets.cinema-city.co.il/order/854238?lang=en,https://tickets.cinema-city.co.il/order/854238?lang=he,Regular,2D,,,2026-09-01,,,,109,12+,Glilot,Cinema City,620
17:00,Tell Me Everything,עצמאות,https://tickets.cinema-city.co.il/order/854233?lang=en,https://tickets.cinema-city.co.il/order/854233?lang=he,Regular,2D,,,2026-09-01,,,,109,12+,Glilot,Cinema City,620
18:40,Tell Me Everything,עצמאות,https://tickets.cinema-city.co.il/order/854237?lang=en,https://tickets.cinema-city.co.il/order/854237?lang=he,Regular,2D,,,2026-09-01,,,,109,12+,Glilot,Cinema City,620
19:40,Tell Me Everything,עצמאות,https://tickets.cinema-city.co.il/order/854234?lang=en,https://tickets.cinema-city.co.il/order/854234?lang=he,Regular,2D,,,2026-09-01,,,,109,12+,Glilot,Cinema City,620
21:20,Tell Me Everything,עצמאות,https://tickets.cinema-city.co.il/order/854236?lang=en,https://tickets.cinema-city.co.il/order/854236?lang=he,Regular,2D,,,2026-09-01,,,,109,12+,Glilot,Cinema City,620
22:20,Tell Me Everything,עצמאות,https://tickets.cinema-city.co.il/order/854235?lang=en,https://tickets.cinema-city.co.il/order/854235?lang=he,Regular,2D,,,2026-09-01,,,,109,12+,Glilot,Cinema City,620
10:00,Tell Me Everything,עצמאות,https://tickets.cinema-city.co.il/order/854939?lang=en,https://tickets.cinema-city.co.il/order/854939?lang=he,Regular,2D,,,2026-09-02,,,,109,12+,Glilot,Cinema City,620
11:15,Tell Me Everything,עצמאות,https://tickets.cinema-city.co.il/order/854938?lang=en,https://tickets.cinema-city.co.il/order/854938?lang=he,Regular,2D,,,2026-09-02,,,,109,12+,Glilot,Cinema City,620
12:40,Tell Me Everything,עצמאות,https://tickets.cinema-city.co.il/order/854940?lang=en,https://tickets.cinema-city.co.il/order/854940?lang=he,Regular,2D,,,2026-09-02,,,,109,12+,Glilot,Cinema City,620
14:00,Tell Me Everything,עצמאות,https://tickets.cinema-city.co.il/order/854937?lang=en,https://tickets.cinema-city.co.il/order/854937?lang=he,Regular,2D,,,2026-09-02,,,,109,12+,Glilot,Cinema City,620
15:20,Tell Me Everything,עצמאות,https://tickets.cinema-city.co.il/order/854941?lang=en,https://tickets.cinema-city.co.il/order/854941?lang=he,Regular,2D,,,2026-09-02,,,,109,12+,Glilot,Cinema City,620
16:45,Tell Me Everything,עצמאות,https://tickets.cinema-city.co.il/order/854936?lang=en,https://tickets.cinema-city.co.il/order/854936?lang=he,Regular,2D,,,2026-09-02,,,,109,12+,Glilot,Cinema City,620
18:00,Tell Me Everything,עצמאות,https://tickets.cinema-city.co.il/order/854942?lang=en,https://tickets.cinema-city.co.il/order/854942?lang=he,Regular,2D,,,2026-09-02,,,,109,12+,Glilot,Cinema City,620
19:25,Tell Me Everything,עצמאות,https://tickets.cinema-city.co.il/order/854935?lang=en,https://tickets.cinema-city.co.il/order/854935?lang=he,Regular,2D,,,2026-09-02,,,,109,12+,Glilot,Cinema City,620
20:40,Tell Me Everything,עצמאות,https://tickets.cinema-city.co.il/order/854943?lang=en,https://tickets.cinema-city.co.il/order/854943?lang=he,Regular,2D,,,2026-09-02,,,,109,12+,Glilot,Cinema City,620
22:10,Tell Me Everything,עצמאות,https://tickets.cinema-city.co.il/order/854934?lang=en,https://tickets.cinema-city.co.il/order/854934?lang=he,Regular,2D,,,2026-09-02,,,,109,12+,Glilot,Cinema City,620
20:25,Sentimental Value,ערך סנטימנטלי,https://tickets.cinema-city.co.il/order/854191?lang=en,https://tickets.cinema-city.co.il/order/854191?lang=he,Regular,2D,,,2026-09-01,,,,132,All,Glilot,Cinema City,620
20:50,Sentimental Value,ערך סנטימנטלי,https://tickets.cinema-city.co.il/order/854887?lang=en,https://tickets.cinema-city.co.il/order/854887?lang=he,Regular,2D,,,2026-09-02,,,,132,All,Glilot,Cinema City,620
20:50,Leviticus,פולחן הדמים,https://tickets.cinema-city.co.il/order/854129?lang=en,https://tickets.cinema-city.co.il/order/854129?lang=he,Regular,2D,,,2026-09-01,,,,88,14+,Glilot,Cinema City,620
22:40,Leviticus,פולחן הדמים,https://tickets.cinema-city.co.il/order/854245?lang=en,https://tickets.cinema-city.co.il/order/854245?lang=he,Regular,2D,,,2026-09-01,,,,88,14+,Glilot,Cinema City,620
21:05,Leviticus,פולחן הדמים,https://tickets.cinema-city.co.il/order/854853?lang=en,https://tickets.cinema-city.co.il/order/854853?lang=he,Regular,2D,,,2026-09-02,,,,88,14+,Glilot,Cinema City,620
23:15,Leviticus,פולחן הדמים,https://tickets.cinema-city.co.il/order/854848?lang=en,https://tickets.cinema-city.co.il/order/854848?lang=he,Regular,2D,,,2026-09-02,,,,88,14+,Glilot,Cinema City,620
11:15,STICH HEAD,פרנקי והמפלצות,https://tickets.cinema-city.co.il/order/854195?lang=en,https://tickets.cinema-city.co.il/order/854195?lang=he,Regular,2D,,Hebrew,2026-09-01,,,,92,All,Glilot,Cinema City,620
16:00,STICH HEAD,פרנקי והמפלצות,https://tickets.cinema-city.co.il/order/854194?lang=en,https://tickets.cinema-city.co.il/order/854194?lang=he,Regular,2D,,Hebrew,2026-09-01,,,,92,All,Glilot,Cinema City,620
11:40,STICH HEAD,פרנקי והמפלצות,https://tickets.cinema-city.co.il/order/854891?lang=en,https://tickets.cinema-city.co.il/order/854891?lang=he,Regular,2D,,Hebrew,2026-09-02,,,,92,All,Glilot,Cinema City,620
13:50,STICH HEAD,פרנקי והמפלצות,https://tickets.cinema-city.co.il/order/854890?lang=en,https://tickets.cinema-city.co.il/order/854890?lang=he,Regular,2D,,Hebrew,2026-09-02,,,,92,All,Glilot,Cinema City,620
16:00,STICH HEAD,פרנקי והמפלצות,https://tickets.cinema-city.co.il/order/854889?lang=en,https://tickets.cinema-city.co.il/order/854889?lang=he,Regular,2D,,Hebrew,2026-09-02,,,,92,All,Glilot,Cinema City,620
11:10,קופה ראשית: הסרט,קופה ראשית: הסרט,https://tickets.cinema-city.co.il/order/854203?lang=en,https://tickets.cinema-city.co.il/order/854203?lang=he,Regular,2D,,,2026-09-01,,,,91,All,Glilot,Cinema City,620
13:25,קופה ראשית: הסרט,קופה ראשית: הסרט,https://tickets.cinema-city.co.il/order/854159?lang=en,https://tickets.cinema-city.co.il/order/854159?lang=he,Regular,2D,,,2026-09-01,,,,91,All,Glilot,Cinema City,620
15:45,קופה ראשית: הסרט,קופה ראשית: הסרט,https://tickets.cinema-city.co.il/order/854205?lang=en,https://tickets.cinema-city.co.il/order/854205?lang=he,Regular,2D,,,2026-09-01,,,,91,All,Glilot,Cinema City,620
15:50,קופה ראשית: הסרט,קופה ראשית: הסרט,https://tickets.cinema-city.co.il/order/854157?lang=en,https://tickets.cinema-city.co.il/order/854157?lang=he,Regular,2D,,,2026-09-01,,,,91,All,Glilot,Cinema City,620
18:40,קופה ראשית: הסרט,קופה ראשית: הסרט,https://tickets.cinema-city.co.il/order/854150?lang=en,https://tickets.cinema-city.co.il/order/854150?lang=he,Regular,2D,,,2026-09-01,,,,91,All,Glilot,Cinema City,620
20:45,קופה ראשית: הסרט,קופה ראשית: הסרט,https://tickets.cinema-city.co.il/order/854162?lang=en,https://tickets.cinema-city.co.il/order/854162?lang=he,Regular,2D,,,2026-09-01,,,,91,All,Glilot,Cinema City,620
22:30,קופה ראשית: הסרט,קופה ראשית: הסרט,https://tickets.cinema-city.co.il/order/854155?lang=en,https://tickets.cinema-city.co.il/order/854155?lang=he,Regular,2D,,,2026-09-01,,,,91,All,Glilot,Cinema City,620
10:00,קופה ראשית: הסרט,קופה ראשית: הסרט,https://tickets.cinema-city.co.il/order/854918?lang=en,https://tickets.cinema-city.co.il/order/854918?lang=he,Regular,2D,,,2026-09-02,,,,91,All,Glilot,Cinema City,620
12:10,קופה ראשית: הסרט,קופה ראשית: הסרט,https://tickets.cinema-city.co.il/order/854897?lang=en,https://tickets.cinema-city.co.il/order/854897?lang=he,Regular,2D,,,2026-09-02,,,,91,All,Glilot,Cinema City,620
14:20,קופה ראשית: הסרט,קופה ראשית: הסרט,https://tickets.cinema-city.co.il/order/854870?lang=en,https://tickets.cinema-city.co.il/order/854870?lang=he,Regular,2D,,,2026-09-02,,,,91,All,Glilot,Cinema City,620
16:00,קופה ראשית: הסרט,קופה ראשית: הסרט,https://tickets.cinema-city.co.il/order/854899?lang=en,https://tickets.cinema-city.co.il/order/854899?lang=he,Regular,2D,,,2026-09-02,,,,91,All,Glilot,Cinema City,620
16:30,קופה ראשית: הסרט,קופה ראשית: הסרט,https://tickets.cinema-city.co.il/order/854869?lang=en,https://tickets.cinema-city.co.il/order/854869?lang=he,Regular,2D,,,2026-09-02,,,,91,All,Glilot,Cinema City,620
18:20,קופה ראשית: הסרט,קופה ראשית: הסרט,https://tickets.cinema-city.co.il/order/854864?lang=en,https://tickets.cinema-city.co.il/order/854864?lang=he,Regular,2D,,,2026-09-02,,,,91,All,Glilot,Cinema City,620
20:40,קופה ראשית: הסרט,קופה ראשית: הסרט,https://tickets.cinema-city.co.il/order/854871?lang=en,https://tickets.cinema-city.co.il/order/854871?lang=he,Regular,2D,,,2026-09-02,,,,91,All,Glilot,Cinema City,620
22:30,קופה ראשית: הסרט,קופה ראשית: הסרט,https://tickets.cinema-city.co.il/order/854868?lang=en,https://tickets.cinema-city.co.il/order/854868?lang=he,Regular,2D,,,2026-09-02,,,,91,All,Glilot,Cinema City,620
18:05,Dream High,תיכון מגשימים,https://tickets.cinema-city.co.il/order/854192?lang=en,https://tickets.cinema-city.co.il/order/854192?lang=he,Regular,2D,,,2026-09-01,,,,100,12+,Glilot,Cinema City,620
18:20,Dream High,תיכון מגשימים,https://tickets.cinema-city.co.il/order/854888?lang=en,https://tickets.cinema-city.co.il/order/854888?lang=he,Regular,2D,,,2026-09-02,,,,100,12+,Glilot,Cinema City,620
18:00,THE ODYSSEY,האודיסאה,https://tickets.cinema-city.co.il/order/854953?lang=en,https://tickets.cinema-city.co.il/order/854953?lang=he,VIP,2D,,,2026-09-02,,,,172,14+,Glilot,Cinema City,620
21:30,One Night Only,לגמור את הלילה,https://tickets.cinema-city.co.il/order/854955?lang=en,https://tickets.cinema-city.co.il/order/854955?lang=he,VIP,2D,,,2026-09-02,,,,102,14+,Glilot,Cinema City,620
18:00,SPIDERMAN: BRAND NEW DAY,ספיידרמן: יום חדש,https://tickets.cinema-city.co.il/order/854954?lang=en,https://tickets.cinema-city.co.il/order/854954?lang=he,VIP,2D,,,2026-09-02,,,,150,All,Glilot,Cinema City,620
10:30,THE ODYSSEY,האודיסאה,https://tickets.cinema-city.co.il/order/854135?lang=en,https://tickets.cinema-city.co.il/order/854135?lang=he,Regular,2D ONYX,,,2026-09-01,,,,172,14+,Glilot,Cinema City,620
14:15,THE ODYSSEY,האודיסאה,https://tickets.cinema-city.co.il/order/854133?lang=en,https://tickets.cinema-city.co.il/order/854133?lang=he,Regular,2D ONYX,,,2026-09-01,,,,172,14+,Glilot,Cinema City,620
12:20,THE ODYSSEY,האודיסאה,https://tickets.cinema-city.co.il/order/854855?lang=en,https://tickets.cinema-city.co.il/order/854855?lang=he,Regular,2D ONYX,,,2026-09-02,,,,172,14+,Glilot,Cinema City,620
16:10,THE ODYSSEY,האודיסאה,https://tickets.cinema-city.co.il/order/854854?lang=en,https://tickets.cinema-city.co.il/order/854854?lang=he,Regular,2D ONYX,,,2026-09-02,,,,172,14+,Glilot,Cinema City,620
13:40,THE ODYSSEY,האודיסאה,https://tickets.cinema-city.co.il/order/854175?lang=en,https://tickets.cinema-city.co.il/order/854175?lang=he,Lounge,2D,,,2026-09-01,,,,172,14+,Glilot,Cinema City,620
17:10,THE ODYSSEY,האודיסאה,https://tickets.cinema-city.co.il/order/854171?lang=en,https://tickets.cinema-city.co.il/order/854171?lang=he,Lounge,2D,,,2026-09-01,,,,172,14+,Glilot,Cinema City,620
20:40,THE ODYSSEY,האודיסאה,https://tickets.cinema-city.co.il/order/854173?lang=en,https://tickets.cinema-city.co.il/order/854173?lang=he,Lounge,2D,,,2026-09-01,,,,172,14+,Glilot,Cinema City,620
13:40,THE ODYSSEY,האודיסאה,https://tickets.cinema-city.co.il/order/854878?lang=en,https://tickets.cinema-city.co.il/order/854878?lang=he,Lounge,2D,,,2026-09-02,,,,172,14+,Glilot,Cinema City,620
17:10,THE ODYSSEY,האודיסאה,https://tickets.cinema-city.co.il/order/854876?lang=en,https://tickets.cinema-city.co.il/order/854876?lang=he,Lounge,2D,,,2026-09-02,,,,172,14+,Glilot,Cinema City,620
20:40,THE ODYSSEY,האודיסאה,https://tickets.cinema-city.co.il/order/854877?lang=en,https://tickets.cinema-city.co.il/order/854877?lang=he,Lounge,2D,,,2026-09-02,,,,172,14+,Glilot,Cinema City,620
11:30,חינה אמריקאית,חינה אמריקאית,https://tickets.cinema-city.co.il/order/854176?lang=en,https://tickets.cinema-city.co.il/order/854176?lang=he,Lounge,2D,,,2026-09-01,,,,89,All,Glilot,Cinema City,620
11:30,חינה אמריקאית,חינה אמריקאית,https://tickets.cinema-city.co.il/order/854879?lang=en,https://tickets.cinema-city.co.il/order/854879?lang=he,Lounge,2D,,,2026-09-02,,,,89,All,Glilot,Cinema City,620
16:00,Dog Stars,כוכבי הכלב,https://tickets.cinema-city.co.il/order/854252?lang=en,https://tickets.cinema-city.co.il/order/854252?lang=he,Lounge,2D,,,2026-09-01,,,,118,12+,Glilot,Cinema City,620
15:20,Dog Stars,כוכבי הכלב,https://tickets.cinema-city.co.il/order/854951?lang=en,https://tickets.cinema-city.co.il/order/854951?lang=he,Lounge,2D,,,2026-09-02,,,,118,12+,Glilot,Cinema City,620
18:40,MUTINY,נקמה בלב ים,https://tickets.cinema-city.co.il/order/854251?lang=en,https://tickets.cinema-city.co.il/order/854251?lang=he,Lounge,2D,,,2026-09-01,,,,95,14+,Glilot,Cinema City,620
10:20,SPA WEEKEND,ספא וויקנד,https://tickets.cinema-city.co.il/order/854254?lang=en,https://tickets.cinema-city.co.il/order/854254?lang=he,Lounge,2D,,,2026-09-01,,,,97,14+,Glilot,Cinema City,620
12:50,SPA WEEKEND,ספא וויקנד,https://tickets.cinema-city.co.il/order/854952?lang=en,https://tickets.cinema-city.co.il/order/854952?lang=he,Lounge,2D,,,2026-09-02,,,,97,14+,Glilot,Cinema City,620
12:45,SPIDERMAN: BRAND NEW DAY,ספיידרמן: יום חדש,https://tickets.cinema-city.co.il/order/854253?lang=en,https://tickets.cinema-city.co.il/order/854253?lang=he,Lounge,2D,,,2026-09-01,,,,150,All,Glilot,Cinema City,620
18:15,SPIDERMAN: BRAND NEW DAY,ספיידרמן: יום חדש,https://tickets.cinema-city.co.il/order/854950?lang=en,https://tickets.cinema-city.co.il/order/854950?lang=he,Lounge,2D,,,2026-09-02,,,,150,All,Glilot,Cinema City,620
21:30,SPIDERMAN: BRAND NEW DAY,ספיידרמן: יום חדש,https://tickets.cinema-city.co.il/order/854949?lang=en,https://tickets.cinema-city.co.il/order/854949?lang=he,Lounge,2D,,,2026-09-02,,,,150,All,Glilot,Cinema City,620
11:30,La Bohème,אופרה לה בוהם-הפקת הענק מארנה די ורונה,https://tickets.cinema-city.co.il/order/856740?lang=en,https://tickets.cinema-city.co.il/order/856740?lang=he,Regular,2D,,,2026-09-01,,,,121,,Rishon Letzion,Cinema City,620
22:40,Ice Cream Man,איש הגלידה,https://tickets.cinema-city.co.il/order/855442?lang=en,https://tickets.cinema-city.co.il/order/855442?lang=he,Regular,2D,,,2026-09-01,,,,86,18+,Rishon Letzion,Cinema City,620
22:40,Ice Cream Man,איש הגלידה,https://tickets.cinema-city.co.il/order/855586?lang=en,https://tickets.cinema-city.co.il/order/855586?lang=he,Regular,2D,,,2026-09-02,,,,86,18+,Rishon Letzion,Cinema City,620
10:30,Just an Illusion,אשליות מתוקות,https://tickets.cinema-city.co.il/order/855494?lang=en,https://tickets.cinema-city.co.il/order/855494?lang=he,Regular,2D,,,2026-09-01,,,,119,All,Rishon Letzion,Cinema City,620
11:15,Just an Illusion,אשליות מתוקות,https://tickets.cinema-city.co.il/order/855638?lang=en,https://tickets.cinema-city.co.il/order/855638?lang=he,Regular,2D,,,2026-09-02,,,,119,All,Rishon Letzion,Cinema City,620
22:30,I Want Your Sex,בוסית בהפרעה,https://tickets.cinema-city.co.il/order/855446?lang=en,https://tickets.cinema-city.co.il/order/855446?lang=he,Regular,2D,,,2026-09-01,,,,90,16+,Rishon Letzion,Cinema City,620
22:50,I Want Your Sex,בוסית בהפרעה,https://tickets.cinema-city.co.il/order/855591?lang=en,https://tickets.cinema-city.co.il/order/855591?lang=he,Regular,2D,,,2026-09-02,,,,90,16+,Rishon Letzion,Cinema City,620
10:00,Valley of Shadows,בחזרה מההימלאיה,https://tickets.cinema-city.co.il/order/856736?lang=en,https://tickets.cinema-city.co.il/order/856736?lang=he,Regular,2D,,,2026-09-01,,,,120,12+,Rishon Letzion,Cinema City,620
11:30,Valley of Shadows,בחזרה מההימלאיה,https://tickets.cinema-city.co.il/order/855504?lang=en,https://tickets.cinema-city.co.il/order/855504?lang=he,Regular,2D,,,2026-09-01,,,,120,12+,Rishon Letzion,Cinema City,620
16:50,Valley of Shadows,בחזרה מההימלאיה,https://tickets.cinema-city.co.il/order/855507?lang=en,https://tickets.cinema-city.co.il/order/855507?lang=he,Regular,2D,,,2026-09-01,,,,120,12+,Rishon Letzion,Cinema City,620
19:40,Valley of Shadows,בחזרה מההימלאיה,https://tickets.cinema-city.co.il/order/855505?lang=en,https://tickets.cinema-city.co.il/order/855505?lang=he,Regular,2D,,,2026-09-01,,,,120,12+,Rishon Letzion,Cinema City,620
13:45,Valley of Shadows,בחזרה מההימלאיה,https://tickets.cinema-city.co.il/order/855634?lang=en,https://tickets.cinema-city.co.il/order/855634?lang=he,Regular,2D,,,2026-09-02,,,,120,12+,Rishon Letzion,Cinema City,620
19:30,Valley of Shadows,בחזרה מההימלאיה,https://tickets.cinema-city.co.il/order/855650?lang=en,https://tickets.cinema-city.co.il/order/855650?lang=he,Regular,2D,,,2026-09-02,,,,120,12+,Rishon Letzion,Cinema City,620
11:50,גבעה 338,גבעה 338,https://tickets.cinema-city.co.il/order/855471?lang=en,https://tickets.cinema-city.co.il/order/855471?lang=he,Regular,2D,,,2026-09-01,,,,106,9+,Rishon Letzion,Cinema City,620
17:30,גבעה 338,גבעה 338,https://tickets.cinema-city.co.il/order/855430?lang=en,https://tickets.cinema-city.co.il/order/855430?lang=he,Regular,2D,,,2026-09-01,,,,106,9+,Rishon Letzion,Cinema City,620
18:20,גבעה 338,גבעה 338,https://tickets.cinema-city.co.il/order/855481?lang=en,https://tickets.cinema-city.co.il/order/855481?lang=he,Regular,2D,,,2026-09-01,,,,106,9+,Rishon Letzion,Cinema City,620
20:10,גבעה 338,גבעה 338,https://tickets.cinema-city.co.il/order/855424?lang=en,https://tickets.cinema-city.co.il/order/855424?lang=he,Regular,2D,,,2026-09-01,,,,106,9+,Rishon Letzion,Cinema City,620
21:00,גבעה 338,גבעה 338,https://tickets.cinema-city.co.il/order/855457?lang=en,https://tickets.cinema-city.co.il/order/855457?lang=he,Regular,2D,,,2026-09-01,,,,106,9+,Rishon Letzion,Cinema City,620
22:50,גבעה 338,גבעה 338,https://tickets.cinema-city.co.il/order/855420?lang=en,https://tickets.cinema-city.co.il/order/855420?lang=he,Regular,2D,,,2026-09-01,,,,106,9+,Rishon Letzion,Cinema City,620
11:50,גבעה 338,גבעה 338,https://tickets.cinema-city.co.il/order/855617?lang=en,https://tickets.cinema-city.co.il/order/855617?lang=he,Regular,2D,,,2026-09-02,,,,106,9+,Rishon Letzion,Cinema City,620
14:30,גבעה 338,גבעה 338,https://tickets.cinema-city.co.il/order/855616?lang=en,https://tickets.cinema-city.co.il/order/855616?lang=he,Regular,2D,,,2026-09-02,,,,106,9+,Rishon Letzion,Cinema City,620
17:20,גבעה 338,גבעה 338,https://tickets.cinema-city.co.il/order/855577?lang=en,https://tickets.cinema-city.co.il/order/855577?lang=he,Regular,2D,,,2026-09-02,,,,106,9+,Rishon Letzion,Cinema City,620
18:20,גבעה 338,גבעה 338,https://tickets.cinema-city.co.il/order/855626?lang=en,https://tickets.cinema-city.co.il/order/855626?lang=he,Regular,2D,,,2026-09-02,,,,106,9+,Rishon Letzion,Cinema City,620
20:00,גבעה 338,גבעה 338,https://tickets.cinema-city.co.il/order/855571?lang=en,https://tickets.cinema-city.co.il/order/855571?lang=he,Regular,2D,,,2026-09-02,,,,106,9+,Rishon Letzion,Cinema City,620
21:00,גבעה 338,גבעה 338,https://tickets.cinema-city.co.il/order/855602?lang=en,https://tickets.cinema-city.co.il/order/855602?lang=he,Regular,2D,,,2026-09-02,,,,106,9+,Rishon Letzion,Cinema City,620
22:40,גבעה 338,גבעה 338,https://tickets.cinema-city.co.il/order/855567?lang=en,https://tickets.cinema-city.co.il/order/855567?lang=he,Regular,2D,,,2026-09-02,,,,106,9+,Rishon Letzion,Cinema City,620
17:30,Paw Patrol: The Dino Movie,ג'י קידס – מפרץ ההרפתקאות: אי הדינוזאורי,https://tickets.cinema-city.co.il/order/852708?lang=en,https://tickets.cinema-city.co.il/order/852708?lang=he,Regular,2D,,,2026-09-07,,,,88,All,Rishon Letzion,Cinema City,620
10:30,GRACIE & PEDRO: PETS TO THE RESCUE,גרייסי ופדרו: חיות המחמד בפעולה,https://tickets.cinema-city.co.il/order/855621?lang=en,https://tickets.cinema-city.co.il/order/855621?lang=he,Regular,2D,,Hebrew,2026-09-02,,,,87,All,Rishon Letzion,Cinema City,620
13:10,THE POUT POUT FISH,דג ושמו באסה,https://tickets.cinema-city.co.il/order/855438?lang=en,https://tickets.cinema-city.co.il/order/855438?lang=he,Regular,2D,,Hebrew,2026-09-01,,,,93,,Rishon Letzion,Cinema City,620
10:50,THE POUT POUT FISH,דג ושמו באסה,https://tickets.cinema-city.co.il/order/855593?lang=en,https://tickets.cinema-city.co.il/order/855593?lang=he,Regular,2D,,Hebrew,2026-09-02,,,,93,,Rishon Letzion,Cinema City,620
16:30,THE POUT POUT FISH,דג ושמו באסה,https://tickets.cinema-city.co.il/order/855590?lang=en,https://tickets.cinema-city.co.il/order/855590?lang=he,Regular,2D,,Hebrew,2026-09-02,,,,93,,Rishon Letzion,Cinema City,620
09:30,דור ההשקעות | Investment Generation – בה,דור ההשקעות | Investment Generation – בה,https://tickets.cinema-city.co.il/order/761719?lang=en,https://tickets.cinema-city.co.il/order/761719?lang=he,Regular,2D,,,2026-10-15,,,,240,All,Rishon Letzion,Cinema City,620
12:50,THE ODYSSEY,האודיסאה,https://tickets.cinema-city.co.il/order/855440?lang=en,https://tickets.cinema-city.co.il/order/855440?lang=he,Regular,2D,,,2026-09-01,,,,172,14+,Rishon Letzion,Cinema City,620
16:30,THE ODYSSEY,האודיסאה,https://tickets.cinema-city.co.il/order/855439?lang=en,https://tickets.cinema-city.co.il/order/855439?lang=he,Regular,2D,,,2026-09-01,,,,172,14+,Rishon Letzion,Cinema City,620
18:40,THE ODYSSEY,האודיסאה,https://tickets.cinema-city.co.il/order/855483?lang=en,https://tickets.cinema-city.co.il/order/855483?lang=he,Regular,2D,,,2026-09-01,,,,172,14+,Rishon Letzion,Cinema City,620
20:40,THE ODYSSEY,האודיסאה,https://tickets.cinema-city.co.il/order/855423?lang=en,https://tickets.cinema-city.co.il/order/855423?lang=he,Regular,2D,,,2026-09-01,,,,172,14+,Rishon Letzion,Cinema City,620
12:50,THE ODYSSEY,האודיסאה,https://tickets.cinema-city.co.il/order/855585?lang=en,https://tickets.cinema-city.co.il/order/855585?lang=he,Regular,2D,,,2026-09-02,,,,172,14+,Rishon Letzion,Cinema City,620
16:30,THE ODYSSEY,האודיסאה,https://tickets.cinema-city.co.il/order/855584?lang=en,https://tickets.cinema-city.co.il/order/855584?lang=he,Regular,2D,,,2026-09-02,,,,172,14+,Rishon Letzion,Cinema City,620
18:40,THE ODYSSEY,האודיסאה,https://tickets.cinema-city.co.il/order/855628?lang=en,https://tickets.cinema-city.co.il/order/855628?lang=he,Regular,2D,,,2026-09-02,,,,172,14+,Rishon Letzion,Cinema City,620
20:10,THE ODYSSEY,האודיסאה,https://tickets.cinema-city.co.il/order/855570?lang=en,https://tickets.cinema-city.co.il/order/855570?lang=he,Regular,2D,,,2026-09-02,,,,172,14+,Rishon Letzion,Cinema City,620
21:00,THE ODYSSEY,האודיסאה,https://tickets.cinema-city.co.il/order/856881?lang=en,https://tickets.cinema-city.co.il/order/856881?lang=he,Regular,2D,,,2026-09-04,,,,172,14+,Rishon Letzion,Cinema City,620
20:00,THE ODYSSEY,האודיסאה,https://tickets.cinema-city.co.il/order/856896?lang=en,https://tickets.cinema-city.co.il/order/856896?lang=he,Regular,2D,,,2026-09-05,,,,172,14+,Rishon Letzion,Cinema City,620
14:20,The Magic Faraway Tree,המסע המופלא לעץ הקסמים,https://tickets.cinema-city.co.il/order/855437?lang=en,https://tickets.cinema-city.co.il/order/855437?lang=he,Regular,2D,,Hebrew,2026-09-01,,,,110,All,Rishon Letzion,Cinema City,620
17:20,The Magic Faraway Tree,המסע המופלא לעץ הקסמים,https://tickets.cinema-city.co.il/order/855452?lang=en,https://tickets.cinema-city.co.il/order/855452?lang=he,Regular,2D,,Hebrew,2026-09-01,,,,110,All,Rishon Letzion,Cinema City,620
10:50,The Magic Faraway Tree,המסע המופלא לעץ הקסמים,https://tickets.cinema-city.co.il/order/855597?lang=en,https://tickets.cinema-city.co.il/order/855597?lang=he,Regular,2D,,Hebrew,2026-09-02,,,,110,All,Rishon Letzion,Cinema City,620
18:00,The Magic Faraway Tree,המסע המופלא לעץ הקסמים,https://tickets.cinema-city.co.il/order/855596?lang=en,https://tickets.cinema-city.co.il/order/855596?lang=he,Regular,2D,,Hebrew,2026-09-02,,,,110,All,Rishon Letzion,Cinema City,620
22:30,Insidious: Out of the Further,הרוע שבפנים: מחוץ למעבר,https://tickets.cinema-city.co.il/order/855466?lang=en,https://tickets.cinema-city.co.il/order/855466?lang=he,Regular,2D,,,2026-09-01,,,,106,14+,Rishon Letzion,Cinema City,620
22:30,Insidious: Out of the Further,הרוע שבפנים: מחוץ למעבר,https://tickets.cinema-city.co.il/order/855612?lang=en,https://tickets.cinema-city.co.il/order/855612?lang=he,Regular,2D,,,2026-09-02,,,,106,14+,Rishon Letzion,Cinema City,620
11:30,Let it Rain,ויהי גשם,https://tickets.cinema-city.co.il/order/855647?lang=en,https://tickets.cinema-city.co.il/order/855647?lang=he,Regular,2D,,,2026-09-02,,,,109,All,Rishon Letzion,Cinema City,620
10:40,Bitter Christmas,חג מולד מר,https://tickets.cinema-city.co.il/order/855490?lang=en,https://tickets.cinema-city.co.il/order/855490?lang=he,Regular,2D,,,2026-09-01,,,,112,All,Rishon Letzion,Cinema City,620
14:10,Bitter Christmas,חג מולד מר,https://tickets.cinema-city.co.il/order/855636?lang=en,https://tickets.cinema-city.co.il/order/855636?lang=he,Regular,2D,,,2026-09-02,,,,112,All,Rishon Letzion,Cinema City,620
10:30,חינה אמריקאית,חינה אמריקאית,https://tickets.cinema-city.co.il/order/856969?lang=en,https://tickets.cinema-city.co.il/order/856969?lang=he,Regular,2D,,,2026-09-01,,,,89,All,Rishon Letzion,Cinema City,620
15:30,חינה אמריקאית,חינה אמריקאית,https://tickets.cinema-city.co.il/order/855444?lang=en,https://tickets.cinema-city.co.il/order/855444?lang=he,Regular,2D,,,2026-09-01,,,,89,All,Rishon Letzion,Cinema City,620
20:15,חינה אמריקאית,חינה אמריקאית,https://tickets.cinema-city.co.il/order/855443?lang=en,https://tickets.cinema-city.co.il/order/855443?lang=he,Regular,2D,,,2026-09-01,,,,89,All,Rishon Letzion,Cinema City,620
23:05,חינה אמריקאית,חינה אמריקאית,https://tickets.cinema-city.co.il/order/855469?lang=en,https://tickets.cinema-city.co.il/order/855469?lang=he,Regular,2D,,,2026-09-01,,,,89,All,Rishon Letzion,Cinema City,620
13:20,חינה אמריקאית,חינה אמריקאית,https://tickets.cinema-city.co.il/order/855652?lang=en,https://tickets.cinema-city.co.il/order/855652?lang=he,Regular,2D,,,2026-09-02,,,,89,All,Rishon Letzion,Cinema City,620
15:45,חינה אמריקאית,חינה אמריקאית,https://tickets.cinema-city.co.il/order/855588?lang=en,https://tickets.cinema-city.co.il/order/855588?lang=he,Regular,2D,,,2026-09-02,,,,89,All,Rishon Letzion,Cinema City,620
20:30,חינה אמריקאית,חינה אמריקאית,https://tickets.cinema-city.co.il/order/855587?lang=en,https://tickets.cinema-city.co.il/order/855587?lang=he,Regular,2D,,,2026-09-02,,,,89,All,Rishon Letzion,Cinema City,620
14:10,Dog Stars,כוכבי הכלב,https://tickets.cinema-city.co.il/order/855431?lang=en,https://tickets.cinema-city.co.il/order/855431?lang=he,Regular,2D,,,2026-09-01,,,,118,12+,Rishon Letzion,Cinema City,620
17:00,Dog Stars,כוכבי הכלב,https://tickets.cinema-city.co.il/order/855419?lang=en,https://tickets.cinema-city.co.il/order/855419?lang=he,Regular,2D,,,2026-09-01,,,,118,12+,Rishon Letzion,Cinema City,620
19:50,Dog Stars,כוכבי הכלב,https://tickets.cinema-city.co.il/order/855418?lang=en,https://tickets.cinema-city.co.il/order/855418?lang=he,Regular,2D,,,2026-09-01,,,,118,12+,Rishon Letzion,Cinema City,620
22:40,Dog Stars,כוכבי הכלב,https://tickets.cinema-city.co.il/order/855417?lang=en,https://tickets.cinema-city.co.il/order/855417?lang=he,Regular,2D,,,2026-09-01,,,,118,12+,Rishon Letzion,Cinema City,620
11:20,Dog Stars,כוכבי הכלב,https://tickets.cinema-city.co.il/order/855653?lang=en,https://tickets.cinema-city.co.il/order/855653?lang=he,Regular,2D,,,2026-09-02,,,,118,12+,Rishon Letzion,Cinema City,620
14:10,Dog Stars,כוכבי הכלב,https://tickets.cinema-city.co.il/order/855578?lang=en,https://tickets.cinema-city.co.il/order/855578?lang=he,Regular,2D,,,2026-09-02,,,,118,12+,Rishon Letzion,Cinema City,620
17:00,Dog Stars,כוכבי הכלב,https://tickets.cinema-city.co.il/order/855566?lang=en,https://tickets.cinema-city.co.il/order/855566?lang=he,Regular,2D,,,2026-09-02,,,,118,12+,Rishon Letzion,Cinema City,620
19:50,Dog Stars,כוכבי הכלב,https://tickets.cinema-city.co.il/order/855565?lang=en,https://tickets.cinema-city.co.il/order/855565?lang=he,Regular,2D,,,2026-09-02,,,,118,12+,Rishon Letzion,Cinema City,620
22:40,Dog Stars,כוכבי הכלב,https://tickets.cinema-city.co.il/order/855564?lang=en,https://tickets.cinema-city.co.il/order/855564?lang=he,Regular,2D,,,2026-09-02,,,,118,12+,Rishon Letzion,Cinema City,620
10:20,One Night Only,לגמור את הלילה,https://tickets.cinema-city.co.il/order/856968?lang=en,https://tickets.cinema-city.co.il/order/856968?lang=he,Regular,2D,,,2026-09-01,,,,102,14+,Rishon Letzion,Cinema City,620
14:40,One Night Only,לגמור את הלילה,https://tickets.cinema-city.co.il/order/855491?lang=en,https://tickets.cinema-city.co.il/order/855491?lang=he,Regular,2D,,,2026-09-01,,,,102,14+,Rishon Letzion,Cinema City,620
22:30,One Night Only,לגמור את הלילה,https://tickets.cinema-city.co.il/order/855484?lang=en,https://tickets.cinema-city.co.il/order/855484?lang=he,Regular,2D,,,2026-09-01,,,,102,14+,Rishon Letzion,Cinema City,620
13:10,One Night Only,לגמור את הלילה,https://tickets.cinema-city.co.il/order/855637?lang=en,https://tickets.cinema-city.co.il/order/855637?lang=he,Regular,2D,,,2026-09-02,,,,102,14+,Rishon Letzion,Cinema City,620
22:30,One Night Only,לגמור את הלילה,https://tickets.cinema-city.co.il/order/855629?lang=en,https://tickets.cinema-city.co.il/order/855629?lang=he,Regular,2D,,,2026-09-02,,,,102,14+,Rishon Letzion,Cinema City,620
20:50,La La Land 10th Anniversary,לה לה לנד-חגיגות העשור,https://tickets.cinema-city.co.il/order/856876?lang=en,https://tickets.cinema-city.co.il/order/856876?lang=he,Regular,2D,,,2026-09-04,,,,128,All,Rishon Letzion,Cinema City,620
21:30,La La Land 10th Anniversary,לה לה לנד-חגיגות העשור,https://tickets.cinema-city.co.il/order/856891?lang=en,https://tickets.cinema-city.co.il/order/856891?lang=he,Regular,2D,,,2026-09-05,,,,128,All,Rishon Letzion,Cinema City,620
20:10,Coyote vs. Acme,לוני טונס מציגים: קיוטי נגד אקמי,https://tickets.cinema-city.co.il/order/855448?lang=en,https://tickets.cinema-city.co.il/order/855448?lang=he,Regular,2D,,,2026-09-01,,,,101,All,Rishon Letzion,Cinema City,620
18:50,Coyote vs. Acme,לוני טונס מציגים: קיוטי נגד אקמי,https://tickets.cinema-city.co.il/order/855589?lang=en,https://tickets.cinema-city.co.il/order/855589?lang=he,Regular,2D,,,2026-09-02,,,,101,All,Rishon Letzion,Cinema City,620
21:20,Coyote vs. Acme,לוני טונס מציגים: קיוטי נגד אקמי,https://tickets.cinema-city.co.il/order/855592?lang=en,https://tickets.cinema-city.co.il/order/855592?lang=he,Regular,2D,,,2026-09-02,,,,101,All,Rishon Letzion,Cinema City,620
13:30,Coyote vs. Acme,לוני טונס מציגים: קיוטי נגד אקמי,https://tickets.cinema-city.co.il/order/855462?lang=en,https://tickets.cinema-city.co.il/order/855462?lang=he,Regular,2D,,Hebrew,2026-09-01,,,,101,All,Rishon Letzion,Cinema City,620
17:45,Coyote vs. Acme,לוני טונס מציגים: קיוטי נגד אקמי,https://tickets.cinema-city.co.il/order/855470?lang=en,https://tickets.cinema-city.co.il/order/855470?lang=he,Regular,2D,,Hebrew,2026-09-01,,,,101,All,Rishon Letzion,Cinema City,620
10:40,Coyote vs. Acme,לוני טונס מציגים: קיוטי נגד אקמי,https://tickets.cinema-city.co.il/order/855608?lang=en,https://tickets.cinema-city.co.il/order/855608?lang=he,Regular,2D,,Hebrew,2026-09-02,,,,101,All,Rishon Letzion,Cinema City,620
13:30,Coyote vs. Acme,לוני טונס מציגים: קיוטי נגד אקמי,https://tickets.cinema-city.co.il/order/855607?lang=en,https://tickets.cinema-city.co.il/order/855607?lang=he,Regular,2D,,Hebrew,2026-09-02,,,,101,All,Rishon Letzion,Cinema City,620
18:00,Coyote vs. Acme,לוני טונס מציגים: קיוטי נגד אקמי,https://tickets.cinema-city.co.il/order/855615?lang=en,https://tickets.cinema-city.co.il/order/855615?lang=he,Regular,2D,,Hebrew,2026-09-02,,,,101,All,Rishon Letzion,Cinema City,620
12:45,MASHA & THE BEAR – WONDER PARK,מאשה והדוב-ההרפתקה הגדולה,https://tickets.cinema-city.co.il/order/855486?lang=en,https://tickets.cinema-city.co.il/order/855486?lang=he,Regular,2D,,Hebrew,2026-09-01,,,,73,All,Rishon Letzion,Cinema City,620
13:30,MASHA & THE BEAR – WONDER PARK,מאשה והדוב-ההרפתקה הגדולה,https://tickets.cinema-city.co.il/order/855631?lang=en,https://tickets.cinema-city.co.il/order/855631?lang=he,Regular,2D,,Hebrew,2026-09-02,,,,73,All,Rishon Letzion,Cinema City,620
22:45,Motor City,מוטור סיטי,https://tickets.cinema-city.co.il/order/855445?lang=en,https://tickets.cinema-city.co.il/order/855445?lang=he,Regular,2D,,,2026-09-01,,,,103,16+,Rishon Letzion,Cinema City,620
10:30,Minions & Monsters,מיניונים ומפלצות,https://tickets.cinema-city.co.il/order/856967?lang=en,https://tickets.cinema-city.co.il/order/856967?lang=he,Regular,2D,,Hebrew,2026-09-01,,,,90,All,Rishon Letzion,Cinema City,620
11:30,Minions & Monsters,מיניונים ומפלצות,https://tickets.cinema-city.co.il/order/855460?lang=en,https://tickets.cinema-city.co.il/order/855460?lang=he,Regular,2D,,Hebrew,2026-09-01,,,,90,All,Rishon Letzion,Cinema City,620
13:50,Minions & Monsters,מיניונים ומפלצות,https://tickets.cinema-city.co.il/order/855459?lang=en,https://tickets.cinema-city.co.il/order/855459?lang=he,Regular,2D,,Hebrew,2026-09-01,,,,90,All,Rishon Letzion,Cinema City,620
16:10,Minions & Monsters,מיניונים ומפלצות,https://tickets.cinema-city.co.il/order/855458?lang=en,https://tickets.cinema-city.co.il/order/855458?lang=he,Regular,2D,,Hebrew,2026-09-01,,,,90,All,Rishon Letzion,Cinema City,620
10:00,Minions & Monsters,מיניונים ומפלצות,https://tickets.cinema-city.co.il/order/855649?lang=en,https://tickets.cinema-city.co.il/order/855649?lang=he,Regular,2D,,Hebrew,2026-09-02,,,,90,All,Rishon Letzion,Cinema City,620
11:10,Minions & Monsters,מיניונים ומפלצות,https://tickets.cinema-city.co.il/order/855646?lang=en,https://tickets.cinema-city.co.il/order/855646?lang=he,Regular,2D,,Hebrew,2026-09-02,,,,90,All,Rishon Letzion,Cinema City,620
12:20,Minions & Monsters,מיניונים ומפלצות,https://tickets.cinema-city.co.il/order/855605?lang=en,https://tickets.cinema-city.co.il/order/855605?lang=he,Regular,2D,,Hebrew,2026-09-02,,,,90,All,Rishon Letzion,Cinema City,620
14:40,Minions & Monsters,מיניונים ומפלצות,https://tickets.cinema-city.co.il/order/855604?lang=en,https://tickets.cinema-city.co.il/order/855604?lang=he,Regular,2D,,Hebrew,2026-09-02,,,,90,All,Rishon Letzion,Cinema City,620
17:00,Minions & Monsters,מיניונים ומפלצות,https://tickets.cinema-city.co.il/order/855603?lang=en,https://tickets.cinema-city.co.il/order/855603?lang=he,Regular,2D,,Hebrew,2026-09-02,,,,90,All,Rishon Letzion,Cinema City,620
10:00,Paw Patrol: The Dino Movie,מפרץ ההרפתקאות: אי הדינוזאורים,https://tickets.cinema-city.co.il/order/856733?lang=en,https://tickets.cinema-city.co.il/order/856733?lang=he,Regular,2D,,Hebrew,2026-09-01,,,,88,All,Rishon Letzion,Cinema City,620
12:05,Paw Patrol: The Dino Movie,מפרץ ההרפתקאות: אי הדינוזאורים,https://tickets.cinema-city.co.il/order/856735?lang=en,https://tickets.cinema-city.co.il/order/856735?lang=he,Regular,2D,,Hebrew,2026-09-01,,,,88,All,Rishon Letzion,Cinema City,620
14:20,Paw Patrol: The Dino Movie,מפרץ ההרפתקאות: אי הדינוזאורים,https://tickets.cinema-city.co.il/order/855487?lang=en,https://tickets.cinema-city.co.il/order/855487?lang=he,Regular,2D,,Hebrew,2026-09-01,,,,88,All,Rishon Letzion,Cinema City,620
16:30,Paw Patrol: The Dino Movie,מפרץ ההרפתקאות: אי הדינוזאורים,https://tickets.cinema-city.co.il/order/855468?lang=en,https://tickets.cinema-city.co.il/order/855468?lang=he,Regular,2D,,Hebrew,2026-09-01,,,,88,All,Rishon Letzion,Cinema City,620
10:35,Paw Patrol: The Dino Movie,מפרץ ההרפתקאות: אי הדינוזאורים,https://tickets.cinema-city.co.il/order/855651?lang=en,https://tickets.cinema-city.co.il/order/855651?lang=he,Regular,2D,,Hebrew,2026-09-02,,,,88,All,Rishon Letzion,Cinema City,620
14:20,Paw Patrol: The Dino Movie,מפרץ ההרפתקאות: אי הדינוזאורים,https://tickets.cinema-city.co.il/order/855632?lang=en,https://tickets.cinema-city.co.il/order/855632?lang=he,Regular,2D,,Hebrew,2026-09-02,,,,88,All,Rishon Letzion,Cinema City,620
16:30,Paw Patrol: The Dino Movie,מפרץ ההרפתקאות: אי הדינוזאורים,https://tickets.cinema-city.co.il/order/855614?lang=en,https://tickets.cinema-city.co.il/order/855614?lang=he,Regular,2D,,Hebrew,2026-09-02,,,,88,All,Rishon Letzion,Cinema City,620
15:00,Marsupilami,מרסופילאמי,https://tickets.cinema-city.co.il/order/855450?lang=en,https://tickets.cinema-city.co.il/order/855450?lang=he,Regular,2D,,Hebrew,2026-09-01,,,,99,All,Rishon Letzion,Cinema City,620
13:00,Marsupilami,מרסופילאמי,https://tickets.cinema-city.co.il/order/855595?lang=en,https://tickets.cinema-city.co.il/order/855595?lang=he,Regular,2D,,Hebrew,2026-09-02,,,,99,All,Rishon Letzion,Cinema City,620
15:40,Marsupilami,מרסופילאמי,https://tickets.cinema-city.co.il/order/855594?lang=en,https://tickets.cinema-city.co.il/order/855594?lang=he,Regular,2D,,Hebrew,2026-09-02,,,,99,All,Rishon Letzion,Cinema City,620
10:40,MUTINY,נקמה בלב ים,https://tickets.cinema-city.co.il/order/856742?lang=en,https://tickets.cinema-city.co.il/order/856742?lang=he,Regular,2D,,,2026-09-01,,,,95,14+,Rishon Letzion,Cinema City,620
14:50,MUTINY,נקמה בלב ים,https://tickets.cinema-city.co.il/order/855456?lang=en,https://tickets.cinema-city.co.il/order/855456?lang=he,Regular,2D,,,2026-09-01,,,,95,14+,Rishon Letzion,Cinema City,620
17:20,MUTINY,נקמה בלב ים,https://tickets.cinema-city.co.il/order/855455?lang=en,https://tickets.cinema-city.co.il/order/855455?lang=he,Regular,2D,,,2026-09-01,,,,95,14+,Rishon Letzion,Cinema City,620
18:30,MUTINY,נקמה בלב ים,https://tickets.cinema-city.co.il/order/855429?lang=en,https://tickets.cinema-city.co.il/order/855429?lang=he,Regular,2D,,,2026-09-01,,,,95,14+,Rishon Letzion,Cinema City,620
19:50,MUTINY,נקמה בלב ים,https://tickets.cinema-city.co.il/order/855454?lang=en,https://tickets.cinema-city.co.il/order/855454?lang=he,Regular,2D,,,2026-09-01,,,,95,14+,Rishon Letzion,Cinema City,620
20:10,MUTINY,נקמה בלב ים,https://tickets.cinema-city.co.il/order/855485?lang=en,https://tickets.cinema-city.co.il/order/855485?lang=he,Regular,2D,,,2026-09-01,,,,95,14+,Rishon Letzion,Cinema City,620
21:00,MUTINY,נקמה בלב ים,https://tickets.cinema-city.co.il/order/855428?lang=en,https://tickets.cinema-city.co.il/order/855428?lang=he,Regular,2D,,,2026-09-01,,,,95,14+,Rishon Letzion,Cinema City,620
22:20,MUTINY,נקמה בלב ים,https://tickets.cinema-city.co.il/order/855453?lang=en,https://tickets.cinema-city.co.il/order/855453?lang=he,Regular,2D,,,2026-09-01,,,,95,14+,Rishon Letzion,Cinema City,620
15:30,MUTINY,נקמה בלב ים,https://tickets.cinema-city.co.il/order/855601?lang=en,https://tickets.cinema-city.co.il/order/855601?lang=he,Regular,2D,,,2026-09-02,,,,95,14+,Rishon Letzion,Cinema City,620
18:00,MUTINY,נקמה בלב ים,https://tickets.cinema-city.co.il/order/855600?lang=en,https://tickets.cinema-city.co.il/order/855600?lang=he,Regular,2D,,,2026-09-02,,,,95,14+,Rishon Letzion,Cinema City,620
19:20,MUTINY,נקמה בלב ים,https://tickets.cinema-city.co.il/order/855576?lang=en,https://tickets.cinema-city.co.il/order/855576?lang=he,Regular,2D,,,2026-09-02,,,,95,14+,Rishon Letzion,Cinema City,620
20:10,MUTINY,נקמה בלב ים,https://tickets.cinema-city.co.il/order/855630?lang=en,https://tickets.cinema-city.co.il/order/855630?lang=he,Regular,2D,,,2026-09-02,,,,95,14+,Rishon Letzion,Cinema City,620
20:30,MUTINY,נקמה בלב ים,https://tickets.cinema-city.co.il/order/855599?lang=en,https://tickets.cinema-city.co.il/order/855599?lang=he,Regular,2D,,,2026-09-02,,,,95,14+,Rishon Letzion,Cinema City,620
21:50,MUTINY,נקמה בלב ים,https://tickets.cinema-city.co.il/order/855575?lang=en,https://tickets.cinema-city.co.il/order/855575?lang=he,Regular,2D,,,2026-09-02,,,,95,14+,Rishon Letzion,Cinema City,620
22:15,MUTINY,נקמה בלב ים,https://tickets.cinema-city.co.il/order/855648?lang=en,https://tickets.cinema-city.co.il/order/855648?lang=he,Regular,2D,,,2026-09-02,,,,95,14+,Rishon Letzion,Cinema City,620
23:00,MUTINY,נקמה בלב ים,https://tickets.cinema-city.co.il/order/855598?lang=en,https://tickets.cinema-city.co.il/order/855598?lang=he,Regular,2D,,,2026-09-02,,,,95,14+,Rishon Letzion,Cinema City,620
19:45,MUTINY,נקמה בלב ים,https://tickets.cinema-city.co.il/order/856882?lang=en,https://tickets.cinema-city.co.il/order/856882?lang=he,Regular,2D,,,2026-09-04,,,,95,14+,Rishon Letzion,Cinema City,620
22:10,MUTINY,נקמה בלב ים,https://tickets.cinema-city.co.il/order/856878?lang=en,https://tickets.cinema-city.co.il/order/856878?lang=he,Regular,2D,,,2026-09-04,,,,95,14+,Rishon Letzion,Cinema City,620
00:30,MUTINY,נקמה בלב ים,https://tickets.cinema-city.co.il/order/856877?lang=en,https://tickets.cinema-city.co.il/order/856877?lang=he,Regular,2D,,,2026-09-04,,,,95,14+,Rishon Letzion,Cinema City,620
19:30,MUTINY,נקמה בלב ים,https://tickets.cinema-city.co.il/order/856897?lang=en,https://tickets.cinema-city.co.il/order/856897?lang=he,Regular,2D,,,2026-09-05,,,,95,14+,Rishon Letzion,Cinema City,620
22:00,MUTINY,נקמה בלב ים,https://tickets.cinema-city.co.il/order/856893?lang=en,https://tickets.cinema-city.co.il/order/856893?lang=he,Regular,2D,,,2026-09-05,,,,95,14+,Rishon Letzion,Cinema City,620
00:30,MUTINY,נקמה בלב ים,https://tickets.cinema-city.co.il/order/856892?lang=en,https://tickets.cinema-city.co.il/order/856892?lang=he,Regular,2D,,,2026-09-05,,,,95,14+,Rishon Letzion,Cinema City,620
19:30,MUTINY,נקמה בלב ים,https://tickets.cinema-city.co.il/order/856897?lang=en,https://tickets.cinema-city.co.il/order/856897?lang=he,Regular,2D,,,2026-09-06,,,,95,14+,Rishon Letzion,Cinema City,620
22:00,MUTINY,נקמה בלב ים,https://tickets.cinema-city.co.il/order/856893?lang=en,https://tickets.cinema-city.co.il/order/856893?lang=he,Regular,2D,,,2026-09-06,,,,95,14+,Rishon Letzion,Cinema City,620
00:30,MUTINY,נקמה בלב ים,https://tickets.cinema-city.co.il/order/856892?lang=en,https://tickets.cinema-city.co.il/order/856892?lang=he,Regular,2D,,,2026-09-06,,,,95,14+,Rishon Letzion,Cinema City,620
12:50,End of Oak Street,סוף רחוב האלון,https://tickets.cinema-city.co.il/order/855447?lang=en,https://tickets.cinema-city.co.il/order/855447?lang=he,Regular,2D,,,2026-09-01,,,,100,12+,Rishon Letzion,Cinema City,620
17:40,End of Oak Street,סוף רחוב האלון,https://tickets.cinema-city.co.il/order/855441?lang=en,https://tickets.cinema-city.co.il/order/855441?lang=he,Regular,2D,,,2026-09-01,,,,100,12+,Rishon Letzion,Cinema City,620
10:15,SPA WEEKEND,ספא וויקנד,https://tickets.cinema-city.co.il/order/855509?lang=en,https://tickets.cinema-city.co.il/order/855509?lang=he,Regular,2D,,,2026-09-01,,,,97,14+,Rishon Letzion,Cinema City,620
12:00,SPA WEEKEND,ספא וויקנד,https://tickets.cinema-city.co.il/order/855434?lang=en,https://tickets.cinema-city.co.il/order/855434?lang=he,Regular,2D,,,2026-09-01,,,,97,14+,Rishon Letzion,Cinema City,620
13:25,SPA WEEKEND,ספא וויקנד,https://tickets.cinema-city.co.il/order/855493?lang=en,https://tickets.cinema-city.co.il/order/855493?lang=he,Regular,2D,,,2026-09-01,,,,97,14+,Rishon Letzion,Cinema City,620
14:30,SPA WEEKEND,ספא וויקנד,https://tickets.cinema-city.co.il/order/855433?lang=en,https://tickets.cinema-city.co.il/order/855433?lang=he,Regular,2D,,,2026-09-01,,,,97,14+,Rishon Letzion,Cinema City,620
16:00,SPA WEEKEND,ספא וויקנד,https://tickets.cinema-city.co.il/order/855492?lang=en,https://tickets.cinema-city.co.il/order/855492?lang=he,Regular,2D,,,2026-09-01,,,,97,14+,Rishon Letzion,Cinema City,620
17:00,SPA WEEKEND,ספא וויקנד,https://tickets.cinema-city.co.il/order/855432?lang=en,https://tickets.cinema-city.co.il/order/855432?lang=he,Regular,2D,,,2026-09-01,,,,97,14+,Rishon Letzion,Cinema City,620
18:15,SPA WEEKEND,ספא וויקנד,https://tickets.cinema-city.co.il/order/855475?lang=en,https://tickets.cinema-city.co.il/order/855475?lang=he,Regular,2D,,,2026-09-01,,,,97,14+,Rishon Letzion,Cinema City,620
19:30,SPA WEEKEND,ספא וויקנד,https://tickets.cinema-city.co.il/order/855422?lang=en,https://tickets.cinema-city.co.il/order/855422?lang=he,Regular,2D,,,2026-09-01,,,,97,14+,Rishon Letzion,Cinema City,620
22:00,SPA WEEKEND,ספא וויקנד,https://tickets.cinema-city.co.il/order/855421?lang=en,https://tickets.cinema-city.co.il/order/855421?lang=he,Regular,2D,,,2026-09-01,,,,97,14+,Rishon Letzion,Cinema City,620
11:50,SPA WEEKEND,ספא וויקנד,https://tickets.cinema-city.co.il/order/855581?lang=en,https://tickets.cinema-city.co.il/order/855581?lang=he,Regular,2D,,,2026-09-02,,,,97,14+,Rishon Letzion,Cinema City,620
14:30,SPA WEEKEND,ספא וויקנד,https://tickets.cinema-city.co.il/order/855580?lang=en,https://tickets.cinema-city.co.il/order/855580?lang=he,Regular,2D,,,2026-09-02,,,,97,14+,Rishon Letzion,Cinema City,620
17:00,SPA WEEKEND,ספא וויקנד,https://tickets.cinema-city.co.il/order/855579?lang=en,https://tickets.cinema-city.co.il/order/855579?lang=he,Regular,2D,,,2026-09-02,,,,97,14+,Rishon Letzion,Cinema City,620
18:20,SPA WEEKEND,ספא וויקנד,https://tickets.cinema-city.co.il/order/855620?lang=en,https://tickets.cinema-city.co.il/order/855620?lang=he,Regular,2D,,,2026-09-02,,,,97,14+,Rishon Letzion,Cinema City,620
19:25,SPA WEEKEND,ספא וויקנד,https://tickets.cinema-city.co.il/order/855569?lang=en,https://tickets.cinema-city.co.il/order/855569?lang=he,Regular,2D,,,2026-09-02,,,,97,14+,Rishon Letzion,Cinema City,620
21:50,SPA WEEKEND,ספא וויקנד,https://tickets.cinema-city.co.il/order/855568?lang=en,https://tickets.cinema-city.co.il/order/855568?lang=he,Regular,2D,,,2026-09-02,,,,97,14+,Rishon Letzion,Cinema City,620
19:30,SPA WEEKEND,ספא וויקנד,https://tickets.cinema-city.co.il/order/856880?lang=en,https://tickets.cinema-city.co.il/order/856880?lang=he,Regular,2D,,,2026-09-04,,,,97,14+,Rishon Letzion,Cinema City,620
22:00,SPA WEEKEND,ספא וויקנד,https://tickets.cinema-city.co.il/order/856879?lang=en,https://tickets.cinema-city.co.il/order/856879?lang=he,Regular,2D,,,2026-09-04,,,,97,14+,Rishon Letzion,Cinema City,620
20:00,SPA WEEKEND,ספא וויקנד,https://tickets.cinema-city.co.il/order/856895?lang=en,https://tickets.cinema-city.co.il/order/856895?lang=he,Regular,2D,,,2026-09-05,,,,97,14+,Rishon Letzion,Cinema City,620
22:30,SPA WEEKEND,ספא וויקנד,https://tickets.cinema-city.co.il/order/856894?lang=en,https://tickets.cinema-city.co.il/order/856894?lang=he,Regular,2D,,,2026-09-05,,,,97,14+,Rishon Letzion,Cinema City,620
11:30,SPIDERMAN: BRAND NEW DAY,ספיידרמן: יום חדש,https://tickets.cinema-city.co.il/order/855461?lang=en,https://tickets.cinema-city.co.il/order/855461?lang=he,Regular,2D,,,2026-09-01,,,,150,All,Rishon Letzion,Cinema City,620
15:00,SPIDERMAN: BRAND NEW DAY,ספיידרמן: יום חדש,https://tickets.cinema-city.co.il/order/855427?lang=en,https://tickets.cinema-city.co.il/order/855427?lang=he,Regular,2D,,,2026-09-01,,,,150,All,Rishon Letzion,Cinema City,620
18:30,SPIDERMAN: BRAND NEW DAY,ספיידרמן: יום חדש,https://tickets.cinema-city.co.il/order/855426?lang=en,https://tickets.cinema-city.co.il/order/855426?lang=he,Regular,2D,,,2026-09-01,,,,150,All,Rishon Letzion,Cinema City,620
21:10,SPIDERMAN: BRAND NEW DAY,ספיידרמן: יום חדש,https://tickets.cinema-city.co.il/order/855489?lang=en,https://tickets.cinema-city.co.il/order/855489?lang=he,Regular,2D,,,2026-09-01,,,,150,All,Rishon Letzion,Cinema City,620
22:00,SPIDERMAN: BRAND NEW DAY,ספיידרמן: יום חדש,https://tickets.cinema-city.co.il/order/855425?lang=en,https://tickets.cinema-city.co.il/order/855425?lang=he,Regular,2D,,,2026-09-01,,,,150,All,Rishon Letzion,Cinema City,620
11:30,SPIDERMAN: BRAND NEW DAY,ספיידרמן: יום חדש,https://tickets.cinema-city.co.il/order/855606?lang=en,https://tickets.cinema-city.co.il/order/855606?lang=he,Regular,2D,,,2026-09-02,,,,150,All,Rishon Letzion,Cinema City,620
15:00,SPIDERMAN: BRAND NEW DAY,ספיידרמן: יום חדש,https://tickets.cinema-city.co.il/order/855574?lang=en,https://tickets.cinema-city.co.il/order/855574?lang=he,Regular,2D,,,2026-09-02,,,,150,All,Rishon Letzion,Cinema City,620
18:30,SPIDERMAN: BRAND NEW DAY,ספיידרמן: יום חדש,https://tickets.cinema-city.co.il/order/855573?lang=en,https://tickets.cinema-city.co.il/order/855573?lang=he,Regular,2D,,,2026-09-02,,,,150,All,Rishon Letzion,Cinema City,620
22:00,SPIDERMAN: BRAND NEW DAY,ספיידרמן: יום חדש,https://tickets.cinema-city.co.il/order/855572?lang=en,https://tickets.cinema-city.co.il/order/855572?lang=he,Regular,2D,,,2026-09-02,,,,150,All,Rishon Letzion,Cinema City,620
10:00,Tell Me Everything,עצמאות,https://tickets.cinema-city.co.il/order/856966?lang=en,https://tickets.cinema-city.co.il/order/856966?lang=he,Regular,2D,,,2026-09-01,,,,109,12+,Rishon Letzion,Cinema City,620
12:40,Tell Me Everything,עצמאות,https://tickets.cinema-city.co.il/order/855500?lang=en,https://tickets.cinema-city.co.il/order/855500?lang=he,Regular,2D,,,2026-09-01,,,,109,12+,Rishon Letzion,Cinema City,620
15:20,Tell Me Everything,עצמאות,https://tickets.cinema-city.co.il/order/855499?lang=en,https://tickets.cinema-city.co.il/order/855499?lang=he,Regular,2D,,,2026-09-01,,,,109,12+,Rishon Letzion,Cinema City,620
16:20,Tell Me Everything,עצמאות,https://tickets.cinema-city.co.il/order/855496?lang=en,https://tickets.cinema-city.co.il/order/855496?lang=he,Regular,2D,,,2026-09-01,,,,109,12+,Rishon Letzion,Cinema City,620
18:00,Tell Me Everything,עצמאות,https://tickets.cinema-city.co.il/order/855498?lang=en,https://tickets.cinema-city.co.il/order/855498?lang=he,Regular,2D,,,2026-09-01,,,,109,12+,Rishon Letzion,Cinema City,620
19:15,Tell Me Everything,עצמאות,https://tickets.cinema-city.co.il/order/855495?lang=en,https://tickets.cinema-city.co.il/order/855495?lang=he,Regular,2D,,,2026-09-01,,,,109,12+,Rishon Letzion,Cinema City,620
20:15,Tell Me Everything,עצמאות,https://tickets.cinema-city.co.il/order/855501?lang=en,https://tickets.cinema-city.co.il/order/855501?lang=he,Regular,2D,,,2026-09-01,,,,109,12+,Rishon Letzion,Cinema City,620
22:15,Tell Me Everything,עצמאות,https://tickets.cinema-city.co.il/order/855497?lang=en,https://tickets.cinema-city.co.il/order/855497?lang=he,Regular,2D,,,2026-09-01,,,,109,12+,Rishon Letzion,Cinema City,620
11:40,Tell Me Everything,עצמאות,https://tickets.cinema-city.co.il/order/855644?lang=en,https://tickets.cinema-city.co.il/order/855644?lang=he,Regular,2D,,,2026-09-02,,,,109,12+,Rishon Letzion,Cinema City,620
14:40,Tell Me Everything,עצמאות,https://tickets.cinema-city.co.il/order/855643?lang=en,https://tickets.cinema-city.co.il/order/855643?lang=he,Regular,2D,,,2026-09-02,,,,109,12+,Rishon Letzion,Cinema City,620
16:20,Tell Me Everything,עצמאות,https://tickets.cinema-city.co.il/order/855640?lang=en,https://tickets.cinema-city.co.il/order/855640?lang=he,Regular,2D,,,2026-09-02,,,,109,12+,Rishon Letzion,Cinema City,620
17:25,Tell Me Everything,עצמאות,https://tickets.cinema-city.co.il/order/855642?lang=en,https://tickets.cinema-city.co.il/order/855642?lang=he,Regular,2D,,,2026-09-02,,,,109,12+,Rishon Letzion,Cinema City,620
19:15,Tell Me Everything,עצמאות,https://tickets.cinema-city.co.il/order/855639?lang=en,https://tickets.cinema-city.co.il/order/855639?lang=he,Regular,2D,,,2026-09-02,,,,109,12+,Rishon Letzion,Cinema City,620
20:15,Tell Me Everything,עצמאות,https://tickets.cinema-city.co.il/order/855645?lang=en,https://tickets.cinema-city.co.il/order/855645?lang=he,Regular,2D,,,2026-09-02,,,,109,12+,Rishon Letzion,Cinema City,620
22:15,Tell Me Everything,עצמאות,https://tickets.cinema-city.co.il/order/855641?lang=en,https://tickets.cinema-city.co.il/order/855641?lang=he,Regular,2D,,,2026-09-02,,,,109,12+,Rishon Letzion,Cinema City,620
18:40,Tell Me Everything,עצמאות,https://tickets.cinema-city.co.il/order/856875?lang=en,https://tickets.cinema-city.co.il/order/856875?lang=he,Regular,2D,,,2026-09-04,,,,109,12+,Rishon Letzion,Cinema City,620
21:30,Tell Me Everything,עצמאות,https://tickets.cinema-city.co.il/order/856883?lang=en,https://tickets.cinema-city.co.il/order/856883?lang=he,Regular,2D,,,2026-09-04,,,,109,12+,Rishon Letzion,Cinema City,620
12:40,Tell Me Everything,עצמאות,https://tickets.cinema-city.co.il/order/856890?lang=en,https://tickets.cinema-city.co.il/order/856890?lang=he,Regular,2D,,,2026-09-05,,,,109,12+,Rishon Letzion,Cinema City,620
15:20,Tell Me Everything,עצמאות,https://tickets.cinema-city.co.il/order/856889?lang=en,https://tickets.cinema-city.co.il/order/856889?lang=he,Regular,2D,,,2026-09-05,,,,109,12+,Rishon Letzion,Cinema City,620
18:00,Tell Me Everything,עצמאות,https://tickets.cinema-city.co.il/order/856888?lang=en,https://tickets.cinema-city.co.il/order/856888?lang=he,Regular,2D,,,2026-09-05,,,,109,12+,Rishon Letzion,Cinema City,620
20:45,Tell Me Everything,עצמאות,https://tickets.cinema-city.co.il/order/856887?lang=en,https://tickets.cinema-city.co.il/order/856887?lang=he,Regular,2D,,,2026-09-05,,,,109,12+,Rishon Letzion,Cinema City,620
23:30,Tell Me Everything,עצמאות,https://tickets.cinema-city.co.il/order/856886?lang=en,https://tickets.cinema-city.co.il/order/856886?lang=he,Regular,2D,,,2026-09-05,,,,109,12+,Rishon Letzion,Cinema City,620
19:50,Leviticus,פולחן הדמים,https://tickets.cinema-city.co.il/order/855436?lang=en,https://tickets.cinema-city.co.il/order/855436?lang=he,Regular,2D,,,2026-09-01,,,,88,14+,Rishon Letzion,Cinema City,620
22:10,Leviticus,פולחן הדמים,https://tickets.cinema-city.co.il/order/855435?lang=en,https://tickets.cinema-city.co.il/order/855435?lang=he,Regular,2D,,,2026-09-01,,,,88,14+,Rishon Letzion,Cinema City,620
20:40,Leviticus,פולחן הדמים,https://tickets.cinema-city.co.il/order/855583?lang=en,https://tickets.cinema-city.co.il/order/855583?lang=he,Regular,2D,,,2026-09-02,,,,88,14+,Rishon Letzion,Cinema City,620
23:00,Leviticus,פולחן הדמים,https://tickets.cinema-city.co.il/order/855582?lang=en,https://tickets.cinema-city.co.il/order/855582?lang=he,Regular,2D,,,2026-09-02,,,,88,14+,Rishon Letzion,Cinema City,620
11:20,FUZE,פיוז,https://tickets.cinema-city.co.il/order/855635?lang=en,https://tickets.cinema-city.co.il/order/855635?lang=he,Regular,2D,,,2026-09-02,,,,98,12+,Rishon Letzion,Cinema City,620
13:45,STICH HEAD,פרנקי והמפלצות,https://tickets.cinema-city.co.il/order/855478?lang=en,https://tickets.cinema-city.co.il/order/855478?lang=he,Regular,2D,,Hebrew,2026-09-01,,,,92,All,Rishon Letzion,Cinema City,620
16:00,STICH HEAD,פרנקי והמפלצות,https://tickets.cinema-city.co.il/order/855477?lang=en,https://tickets.cinema-city.co.il/order/855477?lang=he,Regular,2D,,Hebrew,2026-09-01,,,,92,All,Rishon Letzion,Cinema City,620
11:30,STICH HEAD,פרנקי והמפלצות,https://tickets.cinema-city.co.il/order/855624?lang=en,https://tickets.cinema-city.co.il/order/855624?lang=he,Regular,2D,,Hebrew,2026-09-02,,,,92,All,Rishon Letzion,Cinema City,620
13:45,STICH HEAD,פרנקי והמפלצות,https://tickets.cinema-city.co.il/order/855623?lang=en,https://tickets.cinema-city.co.il/order/855623?lang=he,Regular,2D,,Hebrew,2026-09-02,,,,92,All,Rishon Letzion,Cinema City,620
16:00,STICH HEAD,פרנקי והמפלצות,https://tickets.cinema-city.co.il/order/855622?lang=en,https://tickets.cinema-city.co.il/order/855622?lang=he,Regular,2D,,Hebrew,2026-09-02,,,,92,All,Rishon Letzion,Cinema City,620
10:20,Toy Story 5,צעצוע של סיפור 5,https://tickets.cinema-city.co.il/order/856965?lang=en,https://tickets.cinema-city.co.il/order/856965?lang=he,Regular,2D,,Hebrew,2026-09-01,,,,102,All,Rishon Letzion,Cinema City,620
12:50,Toy Story 5,צעצוע של סיפור 5,https://tickets.cinema-city.co.il/order/855464?lang=en,https://tickets.cinema-city.co.il/order/855464?lang=he,Regular,2D,,Hebrew,2026-09-01,,,,102,All,Rishon Letzion,Cinema City,620
15:20,Toy Story 5,צעצוע של סיפור 5,https://tickets.cinema-city.co.il/order/855463?lang=en,https://tickets.cinema-city.co.il/order/855463?lang=he,Regular,2D,,Hebrew,2026-09-01,,,,102,All,Rishon Letzion,Cinema City,620
17:50,Toy Story 5,צעצוע של סיפור 5,https://tickets.cinema-city.co.il/order/855467?lang=en,https://tickets.cinema-city.co.il/order/855467?lang=he,Regular,2D,,Hebrew,2026-09-01,,,,102,All,Rishon Letzion,Cinema City,620
10:20,Toy Story 5,צעצוע של סיפור 5,https://tickets.cinema-city.co.il/order/855611?lang=en,https://tickets.cinema-city.co.il/order/855611?lang=he,Regular,2D,,Hebrew,2026-09-02,,,,102,All,Rishon Letzion,Cinema City,620
12:50,Toy Story 5,צעצוע של סיפור 5,https://tickets.cinema-city.co.il/order/855610?lang=en,https://tickets.cinema-city.co.il/order/855610?lang=he,Regular,2D,,Hebrew,2026-09-02,,,,102,All,Rishon Letzion,Cinema City,620
15:20,Toy Story 5,צעצוע של סיפור 5,https://tickets.cinema-city.co.il/order/855609?lang=en,https://tickets.cinema-city.co.il/order/855609?lang=he,Regular,2D,,Hebrew,2026-09-02,,,,102,All,Rishon Letzion,Cinema City,620
17:50,Toy Story 5,צעצוע של סיפור 5,https://tickets.cinema-city.co.il/order/855613?lang=en,https://tickets.cinema-city.co.il/order/855613?lang=he,Regular,2D,,Hebrew,2026-09-02,,,,102,All,Rishon Letzion,Cinema City,620
11:20,קופה ראשית: הסרט,קופה ראשית: הסרט,https://tickets.cinema-city.co.il/order/855488?lang=en,https://tickets.cinema-city.co.il/order/855488?lang=he,Regular,2D,,,2026-09-01,,,,91,All,Rishon Letzion,Cinema City,620
12:40,קופה ראשית: הסרט,קופה ראשית: הסרט,https://tickets.cinema-city.co.il/order/855508?lang=en,https://tickets.cinema-city.co.il/order/855508?lang=he,Regular,2D,,,2026-09-01,,,,91,All,Rishon Letzion,Cinema City,620
13:40,קופה ראשית: הסרט,קופה ראשית: הסרט,https://tickets.cinema-city.co.il/order/855474?lang=en,https://tickets.cinema-city.co.il/order/855474?lang=he,Regular,2D,,,2026-09-01,,,,91,All,Rishon Letzion,Cinema City,620
15:20,קופה ראשית: הסרט,קופה ראשית: הסרט,https://tickets.cinema-city.co.il/order/855506?lang=en,https://tickets.cinema-city.co.il/order/855506?lang=he,Regular,2D,,,2026-09-01,,,,91,All,Rishon Letzion,Cinema City,620
16:00,קופה ראשית: הסרט,קופה ראשית: הסרט,https://tickets.cinema-city.co.il/order/855473?lang=en,https://tickets.cinema-city.co.il/order/855473?lang=he,Regular,2D,,,2026-09-01,,,,91,All,Rishon Letzion,Cinema City,620
18:40,קופה ראשית: הסרט,קופה ראשית: הסרט,https://tickets.cinema-city.co.il/order/855472?lang=en,https://tickets.cinema-city.co.il/order/855472?lang=he,Regular,2D,,,2026-09-01,,,,91,All,Rishon Letzion,Cinema City,620
20:45,קופה ראשית: הסרט,קופה ראשית: הסרט,https://tickets.cinema-city.co.il/order/855482?lang=en,https://tickets.cinema-city.co.il/order/855482?lang=he,Regular,2D,,,2026-09-01,,,,91,All,Rishon Letzion,Cinema City,620
23:00,קופה ראשית: הסרט,קופה ראשית: הסרט,https://tickets.cinema-city.co.il/order/855480?lang=en,https://tickets.cinema-city.co.il/order/855480?lang=he,Regular,2D,,,2026-09-01,,,,91,All,Rishon Letzion,Cinema City,620
11:20,קופה ראשית: הסרט,קופה ראשית: הסרט,https://tickets.cinema-city.co.il/order/855633?lang=en,https://tickets.cinema-city.co.il/order/855633?lang=he,Regular,2D,,,2026-09-02,,,,91,All,Rishon Letzion,Cinema City,620
13:40,קופה ראשית: הסרט,קופה ראשית: הסרט,https://tickets.cinema-city.co.il/order/855619?lang=en,https://tickets.cinema-city.co.il/order/855619?lang=he,Regular,2D,,,2026-09-02,,,,91,All,Rishon Letzion,Cinema City,620
16:00,קופה ראשית: הסרט,קופה ראשית: הסרט,https://tickets.cinema-city.co.il/order/855618?lang=en,https://tickets.cinema-city.co.il/order/855618?lang=he,Regular,2D,,,2026-09-02,,,,91,All,Rishon Letzion,Cinema City,620
17:00,קופה ראשית: הסרט,קופה ראשית: הסרט,https://tickets.cinema-city.co.il/order/855655?lang=en,https://tickets.cinema-city.co.il/order/855655?lang=he,Regular,2D,,,2026-09-02,,,,91,All,Rishon Letzion,Cinema City,620
20:50,קופה ראשית: הסרט,קופה ראשית: הסרט,https://tickets.cinema-city.co.il/order/855627?lang=en,https://tickets.cinema-city.co.il/order/855627?lang=he,Regular,2D,,,2026-09-02,,,,91,All,Rishon Letzion,Cinema City,620
23:00,קופה ראשית: הסרט,קופה ראשית: הסרט,https://tickets.cinema-city.co.il/order/855625?lang=en,https://tickets.cinema-city.co.il/order/855625?lang=he,Regular,2D,,,2026-09-02,,,,91,All,Rishon Letzion,Cinema City,620
23:10,Ice Cream Man,איש הגלידה,https://tickets.cinema-city.co.il/order/854614?lang=en,https://tickets.cinema-city.co.il/order/854614?lang=he,Regular,2D,,,2026-09-01,,,,86,18+,Jerusalem,Cinema City,620
23:30,Ice Cream Man,איש הגלידה,https://tickets.cinema-city.co.il/order/854683?lang=en,https://tickets.cinema-city.co.il/order/854683?lang=he,Regular,2D,,,2026-09-02,,,,86,18+,Jerusalem,Cinema City,620
12:20,Valley of Shadows,בחזרה מההימלאיה,https://tickets.cinema-city.co.il/order/854587?lang=en,https://tickets.cinema-city.co.il/order/854587?lang=he,Regular,2D,,,2026-09-01,,,,120,12+,Jerusalem,Cinema City,620
17:10,Valley of Shadows,בחזרה מההימלאיה,https://tickets.cinema-city.co.il/order/854594?lang=en,https://tickets.cinema-city.co.il/order/854594?lang=he,Regular,2D,,,2026-09-01,,,,120,12+,Jerusalem,Cinema City,620
12:00,גבעה 338,גבעה 338,https://tickets.cinema-city.co.il/order/854580?lang=en,https://tickets.cinema-city.co.il/order/854580?lang=he,Regular,2D,,,2026-09-01,,,,106,9+,Jerusalem,Cinema City,620
14:30,גבעה 338,גבעה 338,https://tickets.cinema-city.co.il/order/854579?lang=en,https://tickets.cinema-city.co.il/order/854579?lang=he,Regular,2D,,,2026-09-01,,,,106,9+,Jerusalem,Cinema City,620
17:00,גבעה 338,גבעה 338,https://tickets.cinema-city.co.il/order/854578?lang=en,https://tickets.cinema-city.co.il/order/854578?lang=he,Regular,2D,,,2026-09-01,,,,106,9+,Jerusalem,Cinema City,620
19:30,גבעה 338,גבעה 338,https://tickets.cinema-city.co.il/order/854576?lang=en,https://tickets.cinema-city.co.il/order/854576?lang=he,Regular,2D,,,2026-09-01,,,,106,9+,Jerusalem,Cinema City,620
22:00,גבעה 338,גבעה 338,https://tickets.cinema-city.co.il/order/854577?lang=en,https://tickets.cinema-city.co.il/order/854577?lang=he,Regular,2D,,,2026-09-01,,,,106,9+,Jerusalem,Cinema City,620
12:00,גבעה 338,גבעה 338,https://tickets.cinema-city.co.il/order/854667?lang=en,https://tickets.cinema-city.co.il/order/854667?lang=he,Regular,2D,,,2026-09-02,,,,106,9+,Jerusalem,Cinema City,620
14:30,גבעה 338,גבעה 338,https://tickets.cinema-city.co.il/order/854628?lang=en,https://tickets.cinema-city.co.il/order/854628?lang=he,Regular,2D,,,2026-09-02,,,,106,9+,Jerusalem,Cinema City,620
17:00,גבעה 338,גבעה 338,https://tickets.cinema-city.co.il/order/854629?lang=en,https://tickets.cinema-city.co.il/order/854629?lang=he,Regular,2D,,,2026-09-02,,,,106,9+,Jerusalem,Cinema City,620
19:30,גבעה 338,גבעה 338,https://tickets.cinema-city.co.il/order/854657?lang=en,https://tickets.cinema-city.co.il/order/854657?lang=he,Regular,2D,,,2026-09-02,,,,106,9+,Jerusalem,Cinema City,620
22:00,גבעה 338,גבעה 338,https://tickets.cinema-city.co.il/order/854658?lang=en,https://tickets.cinema-city.co.il/order/854658?lang=he,Regular,2D,,,2026-09-02,,,,106,9+,Jerusalem,Cinema City,620
23:10,גבעה 338,גבעה 338,https://tickets.cinema-city.co.il/order/854684?lang=en,https://tickets.cinema-city.co.il/order/854684?lang=he,Regular,2D,,,2026-09-02,,,,106,9+,Jerusalem,Cinema City,620
10:10,THE POUT POUT FISH,דג ושמו באסה,https://tickets.cinema-city.co.il/order/854618?lang=en,https://tickets.cinema-city.co.il/order/854618?lang=he,Regular,2D,,Hebrew,2026-09-01,,,,93,,Jerusalem,Cinema City,620
15:00,THE POUT POUT FISH,דג ושמו באסה,https://tickets.cinema-city.co.il/order/854589?lang=en,https://tickets.cinema-city.co.il/order/854589?lang=he,Regular,2D,,Hebrew,2026-09-01,,,,93,,Jerusalem,Cinema City,620
16:35,THE POUT POUT FISH,דג ושמו באסה,https://tickets.cinema-city.co.il/order/854624?lang=en,https://tickets.cinema-city.co.il/order/854624?lang=he,Regular,2D,,Hebrew,2026-09-02,,,,93,,Jerusalem,Cinema City,620
10:50,THE ODYSSEY,האודיסאה,https://tickets.cinema-city.co.il/order/854582?lang=en,https://tickets.cinema-city.co.il/order/854582?lang=he,Regular,2D,,,2026-09-01,,,,172,14+,Jerusalem,Cinema City,620
14:10,THE ODYSSEY,האודיסאה,https://tickets.cinema-city.co.il/order/854583?lang=en,https://tickets.cinema-city.co.il/order/854583?lang=he,Regular,2D,,,2026-09-01,,,,172,14+,Jerusalem,Cinema City,620
17:45,THE ODYSSEY,האודיסאה,https://tickets.cinema-city.co.il/order/854584?lang=en,https://tickets.cinema-city.co.il/order/854584?lang=he,Regular,2D,,,2026-09-01,,,,172,14+,Jerusalem,Cinema City,620
21:20,THE ODYSSEY,האודיסאה,https://tickets.cinema-city.co.il/order/854585?lang=en,https://tickets.cinema-city.co.il/order/854585?lang=he,Regular,2D,,,2026-09-01,,,,172,14+,Jerusalem,Cinema City,620
19:30,THE ODYSSEY,האודיסאה,https://tickets.cinema-city.co.il/order/854627?lang=en,https://tickets.cinema-city.co.il/order/854627?lang=he,Regular,2D,,,2026-09-02,,,,172,14+,Jerusalem,Cinema City,620
11:15,My One and Only,האחד והיחיד שלי,https://tickets.cinema-city.co.il/order/854598?lang=en,https://tickets.cinema-city.co.il/order/854598?lang=he,Regular,2D,,,2026-09-01,,,,114,All,Jerusalem,Cinema City,620
14:40,The Magic Faraway Tree,המסע המופלא לעץ הקסמים,https://tickets.cinema-city.co.il/order/854596?lang=en,https://tickets.cinema-city.co.il/order/854596?lang=he,Regular,2D,,Hebrew,2026-09-01,,,,110,All,Jerusalem,Cinema City,620
14:10,The Magic Faraway Tree,המסע המופלא לעץ הקסמים,https://tickets.cinema-city.co.il/order/854631?lang=en,https://tickets.cinema-city.co.il/order/854631?lang=he,Regular,2D,,Hebrew,2026-09-02,,,,110,All,Jerusalem,Cinema City,620
11:30,Bitter Christmas,חג מולד מר,https://tickets.cinema-city.co.il/order/854571?lang=en,https://tickets.cinema-city.co.il/order/854571?lang=he,Regular,2D,,,2026-09-01,,,,112,All,Jerusalem,Cinema City,620
14:00,Bitter Christmas,חג מולד מר,https://tickets.cinema-city.co.il/order/854593?lang=en,https://tickets.cinema-city.co.il/order/854593?lang=he,Regular,2D,,,2026-09-01,,,,112,All,Jerusalem,Cinema City,620
10:20,Bitter Christmas,חג מולד מר,https://tickets.cinema-city.co.il/order/854678?lang=en,https://tickets.cinema-city.co.il/order/854678?lang=he,Regular,2D,,,2026-09-02,,,,112,All,Jerusalem,Cinema City,620
10:20,חינה אמריקאית,חינה אמריקאית,https://tickets.cinema-city.co.il/order/854616?lang=en,https://tickets.cinema-city.co.il/order/854616?lang=he,Regular,2D,,,2026-09-01,,,,89,All,Jerusalem,Cinema City,620
12:30,חינה אמריקאית,חינה אמריקאית,https://tickets.cinema-city.co.il/order/854609?lang=en,https://tickets.cinema-city.co.il/order/854609?lang=he,Regular,2D,,,2026-09-01,,,,89,All,Jerusalem,Cinema City,620
14:40,חינה אמריקאית,חינה אמריקאית,https://tickets.cinema-city.co.il/order/854607?lang=en,https://tickets.cinema-city.co.il/order/854607?lang=he,Regular,2D,,,2026-09-01,,,,89,All,Jerusalem,Cinema City,620
10:45,חינה אמריקאית,חינה אמריקאית,https://tickets.cinema-city.co.il/order/854679?lang=en,https://tickets.cinema-city.co.il/order/854679?lang=he,Regular,2D,,,2026-09-02,,,,89,All,Jerusalem,Cinema City,620
12:00,Dog Stars,כוכבי הכלב,https://tickets.cinema-city.co.il/order/854617?lang=en,https://tickets.cinema-city.co.il/order/854617?lang=he,Regular,2D,,,2026-09-01,,,,118,12+,Jerusalem,Cinema City,620
19:20,Dog Stars,כוכבי הכלב,https://tickets.cinema-city.co.il/order/854560?lang=en,https://tickets.cinema-city.co.il/order/854560?lang=he,Regular,2D,,,2026-09-01,,,,118,12+,Jerusalem,Cinema City,620
22:10,Dog Stars,כוכבי הכלב,https://tickets.cinema-city.co.il/order/854561?lang=en,https://tickets.cinema-city.co.il/order/854561?lang=he,Regular,2D,,,2026-09-01,,,,118,12+,Jerusalem,Cinema City,620
11:15,Dog Stars,כוכבי הכלב,https://tickets.cinema-city.co.il/order/854674?lang=en,https://tickets.cinema-city.co.il/order/854674?lang=he,Regular,2D,,,2026-09-02,,,,118,12+,Jerusalem,Cinema City,620
16:30,Dog Stars,כוכבי הכלב,https://tickets.cinema-city.co.il/order/854665?lang=en,https://tickets.cinema-city.co.il/order/854665?lang=he,Regular,2D,,,2026-09-02,,,,118,12+,Jerusalem,Cinema City,620
19:20,Dog Stars,כוכבי הכלב,https://tickets.cinema-city.co.il/order/854638?lang=en,https://tickets.cinema-city.co.il/order/854638?lang=he,Regular,2D,,,2026-09-02,,,,118,12+,Jerusalem,Cinema City,620
22:10,Dog Stars,כוכבי הכלב,https://tickets.cinema-city.co.il/order/854637?lang=en,https://tickets.cinema-city.co.il/order/854637?lang=he,Regular,2D,,,2026-09-02,,,,118,12+,Jerusalem,Cinema City,620
10:15,Cuz You're Ugly,כי את מכוערת,https://tickets.cinema-city.co.il/order/854604?lang=en,https://tickets.cinema-city.co.il/order/854604?lang=he,Regular,2D,,,2026-09-01,,,,83,12+,Jerusalem,Cinema City,620
12:15,Cuz You're Ugly,כי את מכוערת,https://tickets.cinema-city.co.il/order/854597?lang=en,https://tickets.cinema-city.co.il/order/854597?lang=he,Regular,2D,,,2026-09-01,,,,83,12+,Jerusalem,Cinema City,620
10:00,Cuz You're Ugly,כי את מכוערת,https://tickets.cinema-city.co.il/order/854685?lang=en,https://tickets.cinema-city.co.il/order/854685?lang=he,Regular,2D,,,2026-09-02,,,,83,12+,Jerusalem,Cinema City,620
11:40,One Night Only,לגמור את הלילה,https://tickets.cinema-city.co.il/order/854605?lang=en,https://tickets.cinema-city.co.il/order/854605?lang=he,Regular,2D,,,2026-09-01,,,,102,14+,Jerusalem,Cinema City,620
20:45,One Night Only,לגמור את הלילה,https://tickets.cinema-city.co.il/order/854586?lang=en,https://tickets.cinema-city.co.il/order/854586?lang=he,Regular,2D,,,2026-09-01,,,,102,14+,Jerusalem,Cinema City,620
23:15,One Night Only,לגמור את הלילה,https://tickets.cinema-city.co.il/order/854613?lang=en,https://tickets.cinema-city.co.il/order/854613?lang=he,Regular,2D,,,2026-09-01,,,,102,14+,Jerusalem,Cinema City,620
11:40,One Night Only,לגמור את הלילה,https://tickets.cinema-city.co.il/order/854673?lang=en,https://tickets.cinema-city.co.il/order/854673?lang=he,Regular,2D,,,2026-09-02,,,,102,14+,Jerusalem,Cinema City,620
21:10,One Night Only,לגמור את הלילה,https://tickets.cinema-city.co.il/order/854619?lang=en,https://tickets.cinema-city.co.il/order/854619?lang=he,Regular,2D,,,2026-09-02,,,,102,14+,Jerusalem,Cinema City,620
11:00,La La Land 10th Anniversary,לה לה לנד-חגיגות העשור,https://tickets.cinema-city.co.il/order/854610?lang=en,https://tickets.cinema-city.co.il/order/854610?lang=he,Regular,2D,,,2026-09-01,,,,128,All,Jerusalem,Cinema City,620
18:15,Coyote vs. Acme,לוני טונס מציגים: קיוטי נגד אקמי,https://tickets.cinema-city.co.il/order/854591?lang=en,https://tickets.cinema-city.co.il/order/854591?lang=he,Regular,2D,,,2026-09-01,,,,101,All,Jerusalem,Cinema City,620
18:45,Coyote vs. Acme,לוני טונס מציגים: קיוטי נגד אקמי,https://tickets.cinema-city.co.il/order/854622?lang=en,https://tickets.cinema-city.co.il/order/854622?lang=he,Regular,2D,,,2026-09-02,,,,101,All,Jerusalem,Cinema City,620
16:50,Coyote vs. Acme,לוני טונס מציגים: קיוטי נגד אקמי,https://tickets.cinema-city.co.il/order/854590?lang=en,https://tickets.cinema-city.co.il/order/854590?lang=he,Regular,2D,,Hebrew,2026-09-01,,,,101,All,Jerusalem,Cinema City,620
14:30,Coyote vs. Acme,לוני טונס מציגים: קיוטי נגד אקמי,https://tickets.cinema-city.co.il/order/854660?lang=en,https://tickets.cinema-city.co.il/order/854660?lang=he,Regular,2D,,Hebrew,2026-09-02,,,,101,All,Jerusalem,Cinema City,620
17:00,Coyote vs. Acme,לוני טונס מציגים: קיוטי נגד אקמי,https://tickets.cinema-city.co.il/order/854623?lang=en,https://tickets.cinema-city.co.il/order/854623?lang=he,Regular,2D,,Hebrew,2026-09-02,,,,101,All,Jerusalem,Cinema City,620
14:00,Moana (Live Action),מואנה (לייב אקשן),https://tickets.cinema-city.co.il/order/854633?lang=en,https://tickets.cinema-city.co.il/order/854633?lang=he,Regular,2D,,Hebrew,2026-09-02,,,,115,All,Jerusalem,Cinema City,620
14:15,Motor City,מוטור סיטי,https://tickets.cinema-city.co.il/order/854601?lang=en,https://tickets.cinema-city.co.il/order/854601?lang=he,Regular,2D,,,2026-09-01,,,,103,16+,Jerusalem,Cinema City,620
17:10,Minions & Monsters,מיניונים ומפלצות,https://tickets.cinema-city.co.il/order/854588?lang=en,https://tickets.cinema-city.co.il/order/854588?lang=he,Regular,2D,,Hebrew,2026-09-01,,,,90,All,Jerusalem,Cinema City,620
17:10,Minions & Monsters,מיניונים ומפלצות,https://tickets.cinema-city.co.il/order/854625?lang=en,https://tickets.cinema-city.co.il/order/854625?lang=he,Regular,2D,,Hebrew,2026-09-02,,,,90,All,Jerusalem,Cinema City,620
17:00,Paw Patrol: The Dino Movie,מפרץ ההרפתקאות: אי הדינוזאורים,https://tickets.cinema-city.co.il/order/854592?lang=en,https://tickets.cinema-city.co.il/order/854592?lang=he,Regular,2D,,Hebrew,2026-09-01,,,,88,All,Jerusalem,Cinema City,620
17:00,Paw Patrol: The Dino Movie,מפרץ ההרפתקאות: אי הדינוזאורים,https://tickets.cinema-city.co.il/order/854620?lang=en,https://tickets.cinema-city.co.il/order/854620?lang=he,Regular,2D,,Hebrew,2026-09-02,,,,88,All,Jerusalem,Cinema City,620
12:00,MUTINY,נקמה בלב ים,https://tickets.cinema-city.co.il/order/854570?lang=en,https://tickets.cinema-city.co.il/order/854570?lang=he,Regular,2D,,,2026-09-01,,,,95,14+,Jerusalem,Cinema City,620
14:20,MUTINY,נקמה בלב ים,https://tickets.cinema-city.co.il/order/854569?lang=en,https://tickets.cinema-city.co.il/order/854569?lang=he,Regular,2D,,,2026-09-01,,,,95,14+,Jerusalem,Cinema City,620
19:20,MUTINY,נקמה בלב ים,https://tickets.cinema-city.co.il/order/854567?lang=en,https://tickets.cinema-city.co.il/order/854567?lang=he,Regular,2D,,,2026-09-01,,,,95,14+,Jerusalem,Cinema City,620
20:40,MUTINY,נקמה בלב ים,https://tickets.cinema-city.co.il/order/854606?lang=en,https://tickets.cinema-city.co.il/order/854606?lang=he,Regular,2D,,,2026-09-01,,,,95,14+,Jerusalem,Cinema City,620
21:45,MUTINY,נקמה בלב ים,https://tickets.cinema-city.co.il/order/854568?lang=en,https://tickets.cinema-city.co.il/order/854568?lang=he,Regular,2D,,,2026-09-01,,,,95,14+,Jerusalem,Cinema City,620
23:30,MUTINY,נקמה בלב ים,https://tickets.cinema-city.co.il/order/854612?lang=en,https://tickets.cinema-city.co.il/order/854612?lang=he,Regular,2D,,,2026-09-01,,,,95,14+,Jerusalem,Cinema City,620
11:00,MUTINY,נקמה בלב ים,https://tickets.cinema-city.co.il/order/854675?lang=en,https://tickets.cinema-city.co.il/order/854675?lang=he,Regular,2D,,,2026-09-02,,,,95,14+,Jerusalem,Cinema City,620
13:15,MUTINY,נקמה בלב ים,https://tickets.cinema-city.co.il/order/854670?lang=en,https://tickets.cinema-city.co.il/order/854670?lang=he,Regular,2D,,,2026-09-02,,,,95,14+,Jerusalem,Cinema City,620
15:30,MUTINY,נקמה בלב ים,https://tickets.cinema-city.co.il/order/854654?lang=en,https://tickets.cinema-city.co.il/order/854654?lang=he,Regular,2D,,,2026-09-02,,,,95,14+,Jerusalem,Cinema City,620
17:45,MUTINY,נקמה בלב ים,https://tickets.cinema-city.co.il/order/854653?lang=en,https://tickets.cinema-city.co.il/order/854653?lang=he,Regular,2D,,,2026-09-02,,,,95,14+,Jerusalem,Cinema City,620
19:20,MUTINY,נקמה בלב ים,https://tickets.cinema-city.co.il/order/854651?lang=en,https://tickets.cinema-city.co.il/order/854651?lang=he,Regular,2D,,,2026-09-02,,,,95,14+,Jerusalem,Cinema City,620
21:45,MUTINY,נקמה בלב ים,https://tickets.cinema-city.co.il/order/854652?lang=en,https://tickets.cinema-city.co.il/order/854652?lang=he,Regular,2D,,,2026-09-02,,,,95,14+,Jerusalem,Cinema City,620
23:20,MUTINY,נקמה בלב ים,https://tickets.cinema-city.co.il/order/854681?lang=en,https://tickets.cinema-city.co.il/order/854681?lang=he,Regular,2D,,,2026-09-02,,,,95,14+,Jerusalem,Cinema City,620
11:30,SPA WEEKEND,ספא וויקנד,https://tickets.cinema-city.co.il/order/854566?lang=en,https://tickets.cinema-city.co.il/order/854566?lang=he,Regular,2D,,,2026-09-01,,,,97,14+,Jerusalem,Cinema City,620
13:50,SPA WEEKEND,ספא וויקנד,https://tickets.cinema-city.co.il/order/854565?lang=en,https://tickets.cinema-city.co.il/order/854565?lang=he,Regular,2D,,,2026-09-01,,,,97,14+,Jerusalem,Cinema City,620
16:10,SPA WEEKEND,ספא וויקנד,https://tickets.cinema-city.co.il/order/854564?lang=en,https://tickets.cinema-city.co.il/order/854564?lang=he,Regular,2D,,,2026-09-01,,,,97,14+,Jerusalem,Cinema City,620
18:30,SPA WEEKEND,ספא וויקנד,https://tickets.cinema-city.co.il/order/854563?lang=en,https://tickets.cinema-city.co.il/order/854563?lang=he,Regular,2D,,,2026-09-01,,,,97,14+,Jerusalem,Cinema City,620
20:50,SPA WEEKEND,ספא וויקנד,https://tickets.cinema-city.co.il/order/854562?lang=en,https://tickets.cinema-city.co.il/order/854562?lang=he,Regular,2D,,,2026-09-01,,,,97,14+,Jerusalem,Cinema City,620
11:50,SPA WEEKEND,ספא וויקנד,https://tickets.cinema-city.co.il/order/854666?lang=en,https://tickets.cinema-city.co.il/order/854666?lang=he,Regular,2D,,,2026-09-02,,,,97,14+,Jerusalem,Cinema City,620
14:10,SPA WEEKEND,ספא וויקנד,https://tickets.cinema-city.co.il/order/854650?lang=en,https://tickets.cinema-city.co.il/order/854650?lang=he,Regular,2D,,,2026-09-02,,,,97,14+,Jerusalem,Cinema City,620
16:30,SPA WEEKEND,ספא וויקנד,https://tickets.cinema-city.co.il/order/854649?lang=en,https://tickets.cinema-city.co.il/order/854649?lang=he,Regular,2D,,,2026-09-02,,,,97,14+,Jerusalem,Cinema City,620
18:50,SPA WEEKEND,ספא וויקנד,https://tickets.cinema-city.co.il/order/854641?lang=en,https://tickets.cinema-city.co.il/order/854641?lang=he,Regular,2D,,,2026-09-02,,,,97,14+,Jerusalem,Cinema City,620
21:10,SPA WEEKEND,ספא וויקנד,https://tickets.cinema-city.co.il/order/854636?lang=en,https://tickets.cinema-city.co.il/order/854636?lang=he,Regular,2D,,,2026-09-02,,,,97,14+,Jerusalem,Cinema City,620
14:30,SPIDERMAN: BRAND NEW DAY,ספיידרמן: יום חדש,https://tickets.cinema-city.co.il/order/854553?lang=en,https://tickets.cinema-city.co.il/order/854553?lang=he,Regular,2D,,,2026-09-01,,,,150,All,Jerusalem,Cinema City,620
17:45,SPIDERMAN: BRAND NEW DAY,ספיידרמן: יום חדש,https://tickets.cinema-city.co.il/order/854552?lang=en,https://tickets.cinema-city.co.il/order/854552?lang=he,Regular,2D,,,2026-09-01,,,,150,All,Jerusalem,Cinema City,620
19:10,SPIDERMAN: BRAND NEW DAY,ספיידרמן: יום חדש,https://tickets.cinema-city.co.il/order/854549?lang=en,https://tickets.cinema-city.co.il/order/854549?lang=he,Regular,2D,,,2026-09-01,,,,150,All,Jerusalem,Cinema City,620
21:00,SPIDERMAN: BRAND NEW DAY,ספיידרמן: יום חדש,https://tickets.cinema-city.co.il/order/854550?lang=en,https://tickets.cinema-city.co.il/order/854550?lang=he,Regular,2D,,,2026-09-01,,,,150,All,Jerusalem,Cinema City,620
22:30,SPIDERMAN: BRAND NEW DAY,ספיידרמן: יום חדש,https://tickets.cinema-city.co.il/order/854551?lang=en,https://tickets.cinema-city.co.il/order/854551?lang=he,Regular,2D,,,2026-09-01,,,,150,All,Jerusalem,Cinema City,620
11:10,SPIDERMAN: BRAND NEW DAY,ספיידרמן: יום חדש,https://tickets.cinema-city.co.il/order/854676?lang=en,https://tickets.cinema-city.co.il/order/854676?lang=he,Regular,2D,,,2026-09-02,,,,150,All,Jerusalem,Cinema City,620
14:30,SPIDERMAN: BRAND NEW DAY,ספיידרמן: יום חדש,https://tickets.cinema-city.co.il/order/854645?lang=en,https://tickets.cinema-city.co.il/order/854645?lang=he,Regular,2D,,,2026-09-02,,,,150,All,Jerusalem,Cinema City,620
17:45,SPIDERMAN: BRAND NEW DAY,ספיידרמן: יום חדש,https://tickets.cinema-city.co.il/order/854646?lang=en,https://tickets.cinema-city.co.il/order/854646?lang=he,Regular,2D,,,2026-09-02,,,,150,All,Jerusalem,Cinema City,620
19:30,SPIDERMAN: BRAND NEW DAY,ספיידרמן: יום חדש,https://tickets.cinema-city.co.il/order/854648?lang=en,https://tickets.cinema-city.co.il/order/854648?lang=he,Regular,2D,,,2026-09-02,,,,150,All,Jerusalem,Cinema City,620
21:00,SPIDERMAN: BRAND NEW DAY,ספיידרמן: יום חדש,https://tickets.cinema-city.co.il/order/854647?lang=en,https://tickets.cinema-city.co.il/order/854647?lang=he,Regular,2D,,,2026-09-02,,,,150,All,Jerusalem,Cinema City,620
22:10,SPIDERMAN: BRAND NEW DAY,ספיידרמן: יום חדש,https://tickets.cinema-city.co.il/order/854662?lang=en,https://tickets.cinema-city.co.il/order/854662?lang=he,Regular,2D,,,2026-09-02,,,,150,All,Jerusalem,Cinema City,620
22:50,SPIDERMAN: BRAND NEW DAY,ספיידרמן: יום חדש,https://tickets.cinema-city.co.il/order/854680?lang=en,https://tickets.cinema-city.co.il/order/854680?lang=he,Regular,2D,,,2026-09-02,,,,150,All,Jerusalem,Cinema City,620
11:20,Tell Me Everything,עצמאות,https://tickets.cinema-city.co.il/order/854556?lang=en,https://tickets.cinema-city.co.il/order/854556?lang=he,Regular,2D,,,2026-09-01,,,,109,12+,Jerusalem,Cinema City,620
14:00,Tell Me Everything,עצמאות,https://tickets.cinema-city.co.il/order/854559?lang=en,https://tickets.cinema-city.co.il/order/854559?lang=he,Regular,2D,,,2026-09-01,,,,109,12+,Jerusalem,Cinema City,620
18:15,Tell Me Everything,עצמאות,https://tickets.cinema-city.co.il/order/854557?lang=en,https://tickets.cinema-city.co.il/order/854557?lang=he,Regular,2D,,,2026-09-01,,,,109,12+,Jerusalem,Cinema City,620
20:50,Tell Me Everything,עצמאות,https://tickets.cinema-city.co.il/order/854558?lang=en,https://tickets.cinema-city.co.il/order/854558?lang=he,Regular,2D,,,2026-09-01,,,,109,12+,Jerusalem,Cinema City,620
11:00,Tell Me Everything,עצמאות,https://tickets.cinema-city.co.il/order/854672?lang=en,https://tickets.cinema-city.co.il/order/854672?lang=he,Regular,2D,,,2026-09-02,,,,109,12+,Jerusalem,Cinema City,620
13:40,Tell Me Everything,עצמאות,https://tickets.cinema-city.co.il/order/854671?lang=en,https://tickets.cinema-city.co.il/order/854671?lang=he,Regular,2D,,,2026-09-02,,,,109,12+,Jerusalem,Cinema City,620
16:15,Tell Me Everything,עצמאות,https://tickets.cinema-city.co.il/order/854642?lang=en,https://tickets.cinema-city.co.il/order/854642?lang=he,Regular,2D,,,2026-09-02,,,,109,12+,Jerusalem,Cinema City,620
18:50,Tell Me Everything,עצמאות,https://tickets.cinema-city.co.il/order/854640?lang=en,https://tickets.cinema-city.co.il/order/854640?lang=he,Regular,2D,,,2026-09-02,,,,109,12+,Jerusalem,Cinema City,620
21:25,Tell Me Everything,עצמאות,https://tickets.cinema-city.co.il/order/854639?lang=en,https://tickets.cinema-city.co.il/order/854639?lang=he,Regular,2D,,,2026-09-02,,,,109,12+,Jerusalem,Cinema City,620
19:45,Leviticus,פולחן הדמים,https://tickets.cinema-city.co.il/order/854603?lang=en,https://tickets.cinema-city.co.il/order/854603?lang=he,Regular,2D,,,2026-09-01,,,,88,14+,Jerusalem,Cinema City,620
21:55,Leviticus,פולחן הדמים,https://tickets.cinema-city.co.il/order/854602?lang=en,https://tickets.cinema-city.co.il/order/854602?lang=he,Regular,2D,,,2026-09-01,,,,88,14+,Jerusalem,Cinema City,620
23:35,Leviticus,פולחן הדמים,https://tickets.cinema-city.co.il/order/854611?lang=en,https://tickets.cinema-city.co.il/order/854611?lang=he,Regular,2D,,,2026-09-01,,,,88,14+,Jerusalem,Cinema City,620
23:30,Leviticus,פולחן הדמים,https://tickets.cinema-city.co.il/order/854682?lang=en,https://tickets.cinema-city.co.il/order/854682?lang=he,Regular,2D,,,2026-09-02,,,,88,14+,Jerusalem,Cinema City,620
13:50,FUZE,פיוז,https://tickets.cinema-city.co.il/order/854608?lang=en,https://tickets.cinema-city.co.il/order/854608?lang=he,Regular,2D,,,2026-09-01,,,,98,12+,Jerusalem,Cinema City,620
23:00,FUZE,פיוז,https://tickets.cinema-city.co.il/order/854615?lang=en,https://tickets.cinema-city.co.il/order/854615?lang=he,Regular,2D,,,2026-09-01,,,,98,12+,Jerusalem,Cinema City,620
20:00,FUZE,פיוז,https://tickets.cinema-city.co.il/order/854661?lang=en,https://tickets.cinema-city.co.il/order/854661?lang=he,Regular,2D,,,2026-09-02,,,,98,12+,Jerusalem,Cinema City,620
14:50,STICH HEAD,פרנקי והמפלצות,https://tickets.cinema-city.co.il/order/854595?lang=en,https://tickets.cinema-city.co.il/order/854595?lang=he,Regular,2D,,Hebrew,2026-09-01,,,,92,All,Jerusalem,Cinema City,620
14:50,STICH HEAD,פרנקי והמפלצות,https://tickets.cinema-city.co.il/order/854630?lang=en,https://tickets.cinema-city.co.il/order/854630?lang=he,Regular,2D,,Hebrew,2026-09-02,,,,92,All,Jerusalem,Cinema City,620
14:20,Toy Story 5,צעצוע של סיפור 5,https://tickets.cinema-city.co.il/order/854555?lang=en,https://tickets.cinema-city.co.il/order/854555?lang=he,Regular,2D,,Hebrew,2026-09-01,,,,102,All,Jerusalem,Cinema City,620
16:45,Toy Story 5,צעצוע של סיפור 5,https://tickets.cinema-city.co.il/order/854554?lang=en,https://tickets.cinema-city.co.il/order/854554?lang=he,Regular,2D,,Hebrew,2026-09-01,,,,102,All,Jerusalem,Cinema City,620
14:30,Toy Story 5,צעצוע של סיפור 5,https://tickets.cinema-city.co.il/order/854643?lang=en,https://tickets.cinema-city.co.il/order/854643?lang=he,Regular,2D,,Hebrew,2026-09-02,,,,102,All,Jerusalem,Cinema City,620
17:00,Toy Story 5,צעצוע של סיפור 5,https://tickets.cinema-city.co.il/order/854644?lang=en,https://tickets.cinema-city.co.il/order/854644?lang=he,Regular,2D,,Hebrew,2026-09-02,,,,102,All,Jerusalem,Cinema City,620
10:20,קופה ראשית: הסרט,קופה ראשית: הסרט,https://tickets.cinema-city.co.il/order/854575?lang=en,https://tickets.cinema-city.co.il/order/854575?lang=he,Regular,2D,,,2026-09-01,,,,91,All,Jerusalem,Cinema City,620
12:30,קופה ראשית: הסרט,קופה ראשית: הסרט,https://tickets.cinema-city.co.il/order/854574?lang=en,https://tickets.cinema-city.co.il/order/854574?lang=he,Regular,2D,,,2026-09-01,,,,91,All,Jerusalem,Cinema City,620
19:00,קופה ראשית: הסרט,קופה ראשית: הסרט,https://tickets.cinema-city.co.il/order/854572?lang=en,https://tickets.cinema-city.co.il/order/854572?lang=he,Regular,2D,,,2026-09-01,,,,91,All,Jerusalem,Cinema City,620
21:20,קופה ראשית: הסרט,קופה ראשית: הסרט,https://tickets.cinema-city.co.il/order/854573?lang=en,https://tickets.cinema-city.co.il/order/854573?lang=he,Regular,2D,,,2026-09-01,,,,91,All,Jerusalem,Cinema City,620
10:15,קופה ראשית: הסרט,קופה ראשית: הסרט,https://tickets.cinema-city.co.il/order/854669?lang=en,https://tickets.cinema-city.co.il/order/854669?lang=he,Regular,2D,,,2026-09-02,,,,91,All,Jerusalem,Cinema City,620
12:30,קופה ראשית: הסרט,קופה ראשית: הסרט,https://tickets.cinema-city.co.il/order/854668?lang=en,https://tickets.cinema-city.co.il/order/854668?lang=he,Regular,2D,,,2026-09-02,,,,91,All,Jerusalem,Cinema City,620
14:45,קופה ראשית: הסרט,קופה ראשית: הסרט,https://tickets.cinema-city.co.il/order/854626?lang=en,https://tickets.cinema-city.co.il/order/854626?lang=he,Regular,2D,,,2026-09-02,,,,91,All,Jerusalem,Cinema City,620
19:00,קופה ראשית: הסרט,קופה ראשית: הסרט,https://tickets.cinema-city.co.il/order/854655?lang=en,https://tickets.cinema-city.co.il/order/854655?lang=he,Regular,2D,,,2026-09-02,,,,91,All,Jerusalem,Cinema City,620
21:10,קופה ראשית: הסרט,קופה ראשית: הסרט,https://tickets.cinema-city.co.il/order/854656?lang=en,https://tickets.cinema-city.co.il/order/854656?lang=he,Regular,2D,,,2026-09-02,,,,91,All,Jerusalem,Cinema City,620
20:30,THE ODYSSEY,האודיסאה,https://tickets.cinema-city.co.il/order/854599?lang=en,https://tickets.cinema-city.co.il/order/854599?lang=he,VIP,2D,,,2026-09-01,,,,172,14+,Jerusalem,Cinema City,620
22:00,Dog Stars,כוכבי הכלב,https://tickets.cinema-city.co.il/order/854664?lang=en,https://tickets.cinema-city.co.il/order/854664?lang=he,VIP,2D,,,2026-09-02,,,,118,12+,Jerusalem,Cinema City,620
22:00,MUTINY,נקמה בלב ים,https://tickets.cinema-city.co.il/order/854600?lang=en,https://tickets.cinema-city.co.il/order/854600?lang=he,VIP,2D,,,2026-09-01,,,,95,14+,Jerusalem,Cinema City,620
19:00,MUTINY,נקמה בלב ים,https://tickets.cinema-city.co.il/order/854632?lang=en,https://tickets.cinema-city.co.il/order/854632?lang=he,VIP,2D,,,2026-09-02,,,,95,14+,Jerusalem,Cinema City,620
20:30,SPIDERMAN: BRAND NEW DAY,ספיידרמן: יום חדש,https://tickets.cinema-city.co.il/order/854663?lang=en,https://tickets.cinema-city.co.il/order/854663?lang=he,VIP,2D,,,2026-09-02,,,,150,All,Jerusalem,Cinema City,620
19:00,Tell Me Everything,עצמאות,https://tickets.cinema-city.co.il/order/854581?lang=en,https://tickets.cinema-city.co.il/order/854581?lang=he,VIP,2D,,,2026-09-01,,,,109,12+,Jerusalem,Cinema City,620
18:15,גבעה 338,גבעה 338,https://tickets.cinema-city.co.il/order/856506?lang=en,https://tickets.cinema-city.co.il/order/856506?lang=he,Regular,2D,,,2026-09-01,,,,106,9+,Kfar Saba,Cinema City,620
20:50,גבעה 338,גבעה 338,https://tickets.cinema-city.co.il/order/856505?lang=en,https://tickets.cinema-city.co.il/order/856505?lang=he,Regular,2D,,,2026-09-01,,,,106,9+,Kfar Saba,Cinema City,620
23:30,גבעה 338,גבעה 338,https://tickets.cinema-city.co.il/order/856516?lang=en,https://tickets.cinema-city.co.il/order/856516?lang=he,Regular,2D,,,2026-09-01,,,,106,9+,Kfar Saba,Cinema City,620
18:15,גבעה 338,גבעה 338,https://tickets.cinema-city.co.il/order/856583?lang=en,https://tickets.cinema-city.co.il/order/856583?lang=he,Regular,2D,,,2026-09-02,,,,106,9+,Kfar Saba,Cinema City,620
20:50,גבעה 338,גבעה 338,https://tickets.cinema-city.co.il/order/856582?lang=en,https://tickets.cinema-city.co.il/order/856582?lang=he,Regular,2D,,,2026-09-02,,,,106,9+,Kfar Saba,Cinema City,620
23:30,גבעה 338,גבעה 338,https://tickets.cinema-city.co.il/order/856593?lang=en,https://tickets.cinema-city.co.il/order/856593?lang=he,Regular,2D,,,2026-09-02,,,,106,9+,Kfar Saba,Cinema City,620
14:15,THE POUT POUT FISH,דג ושמו באסה,https://tickets.cinema-city.co.il/order/856509?lang=en,https://tickets.cinema-city.co.il/order/856509?lang=he,Regular,2D,,Hebrew,2026-09-01,,,,93,,Kfar Saba,Cinema City,620
14:15,THE POUT POUT FISH,דג ושמו באסה,https://tickets.cinema-city.co.il/order/856586?lang=en,https://tickets.cinema-city.co.il/order/856586?lang=he,Regular,2D,,Hebrew,2026-09-02,,,,93,,Kfar Saba,Cinema City,620
11:20,THE ODYSSEY,האודיסאה,https://tickets.cinema-city.co.il/order/856535?lang=en,https://tickets.cinema-city.co.il/order/856535?lang=he,Regular,2D,,,2026-09-01,,,,172,14+,Kfar Saba,Cinema City,620
13:50,THE ODYSSEY,האודיסאה,https://tickets.cinema-city.co.il/order/856807?lang=en,https://tickets.cinema-city.co.il/order/856807?lang=he,Regular,2D,,,2026-09-01,,,,172,14+,Kfar Saba,Cinema City,620
17:30,THE ODYSSEY,האודיסאה,https://tickets.cinema-city.co.il/order/856805?lang=en,https://tickets.cinema-city.co.il/order/856805?lang=he,Regular,2D,,,2026-09-01,,,,172,14+,Kfar Saba,Cinema City,620
21:10,THE ODYSSEY,האודיסאה,https://tickets.cinema-city.co.il/order/856806?lang=en,https://tickets.cinema-city.co.il/order/856806?lang=he,Regular,2D,,,2026-09-01,,,,172,14+,Kfar Saba,Cinema City,620
11:20,THE ODYSSEY,האודיסאה,https://tickets.cinema-city.co.il/order/856561?lang=en,https://tickets.cinema-city.co.il/order/856561?lang=he,Regular,2D,,,2026-09-02,,,,172,14+,Kfar Saba,Cinema City,620
13:50,THE ODYSSEY,האודיסאה,https://tickets.cinema-city.co.il/order/856811?lang=en,https://tickets.cinema-city.co.il/order/856811?lang=he,Regular,2D,,,2026-09-02,,,,172,14+,Kfar Saba,Cinema City,620
17:30,THE ODYSSEY,האודיסאה,https://tickets.cinema-city.co.il/order/856813?lang=en,https://tickets.cinema-city.co.il/order/856813?lang=he,Regular,2D,,,2026-09-02,,,,172,14+,Kfar Saba,Cinema City,620
21:10,THE ODYSSEY,האודיסאה,https://tickets.cinema-city.co.il/order/856812?lang=en,https://tickets.cinema-city.co.il/order/856812?lang=he,Regular,2D,,,2026-09-02,,,,172,14+,Kfar Saba,Cinema City,620
23:10,Insidious: Out of the Further,הרוע שבפנים: מחוץ למעבר,https://tickets.cinema-city.co.il/order/856507?lang=en,https://tickets.cinema-city.co.il/order/856507?lang=he,Regular,2D,,,2026-09-01,,,,106,14+,Kfar Saba,Cinema City,620
23:10,Insidious: Out of the Further,הרוע שבפנים: מחוץ למעבר,https://tickets.cinema-city.co.il/order/856584?lang=en,https://tickets.cinema-city.co.il/order/856584?lang=he,Regular,2D,,,2026-09-02,,,,106,14+,Kfar Saba,Cinema City,620
11:10,Bitter Christmas,חג מולד מר,https://tickets.cinema-city.co.il/order/856544?lang=en,https://tickets.cinema-city.co.il/order/856544?lang=he,Regular,2D,,,2026-09-01,,,,112,All,Kfar Saba,Cinema City,620
11:10,Bitter Christmas,חג מולד מר,https://tickets.cinema-city.co.il/order/856570?lang=en,https://tickets.cinema-city.co.il/order/856570?lang=he,Regular,2D,,,2026-09-02,,,,112,All,Kfar Saba,Cinema City,620
22:50,חינה אמריקאית,חינה אמריקאית,https://tickets.cinema-city.co.il/order/856551?lang=en,https://tickets.cinema-city.co.il/order/856551?lang=he,Regular,2D,,,2026-09-01,,,,89,All,Kfar Saba,Cinema City,620
12:00,חינה אמריקאית,חינה אמריקאית,https://tickets.cinema-city.co.il/order/856603?lang=en,https://tickets.cinema-city.co.il/order/856603?lang=he,Regular,2D,,,2026-09-02,,,,89,All,Kfar Saba,Cinema City,620
11:40,Dog Stars,כוכבי הכלב,https://tickets.cinema-city.co.il/order/856548?lang=en,https://tickets.cinema-city.co.il/order/856548?lang=he,Regular,2D,,,2026-09-01,,,,118,12+,Kfar Saba,Cinema City,620
14:30,Dog Stars,כוכבי הכלב,https://tickets.cinema-city.co.il/order/856536?lang=en,https://tickets.cinema-city.co.il/order/856536?lang=he,Regular,2D,,,2026-09-01,,,,118,12+,Kfar Saba,Cinema City,620
17:20,Dog Stars,כוכבי הכלב,https://tickets.cinema-city.co.il/order/856519?lang=en,https://tickets.cinema-city.co.il/order/856519?lang=he,Regular,2D,,,2026-09-01,,,,118,12+,Kfar Saba,Cinema City,620
19:40,Dog Stars,כוכבי הכלב,https://tickets.cinema-city.co.il/order/856517?lang=en,https://tickets.cinema-city.co.il/order/856517?lang=he,Regular,2D,,,2026-09-01,,,,118,12+,Kfar Saba,Cinema City,620
22:30,Dog Stars,כוכבי הכלב,https://tickets.cinema-city.co.il/order/856518?lang=en,https://tickets.cinema-city.co.il/order/856518?lang=he,Regular,2D,,,2026-09-01,,,,118,12+,Kfar Saba,Cinema City,620
11:40,Dog Stars,כוכבי הכלב,https://tickets.cinema-city.co.il/order/856575?lang=en,https://tickets.cinema-city.co.il/order/856575?lang=he,Regular,2D,,,2026-09-02,,,,118,12+,Kfar Saba,Cinema City,620
14:30,Dog Stars,כוכבי הכלב,https://tickets.cinema-city.co.il/order/856562?lang=en,https://tickets.cinema-city.co.il/order/856562?lang=he,Regular,2D,,,2026-09-02,,,,118,12+,Kfar Saba,Cinema City,620
17:20,Dog Stars,כוכבי הכלב,https://tickets.cinema-city.co.il/order/856596?lang=en,https://tickets.cinema-city.co.il/order/856596?lang=he,Regular,2D,,,2026-09-02,,,,118,12+,Kfar Saba,Cinema City,620
19:40,Dog Stars,כוכבי הכלב,https://tickets.cinema-city.co.il/order/856594?lang=en,https://tickets.cinema-city.co.il/order/856594?lang=he,Regular,2D,,,2026-09-02,,,,118,12+,Kfar Saba,Cinema City,620
22:30,Dog Stars,כוכבי הכלב,https://tickets.cinema-city.co.il/order/856595?lang=en,https://tickets.cinema-city.co.il/order/856595?lang=he,Regular,2D,,,2026-09-02,,,,118,12+,Kfar Saba,Cinema City,620
11:40,Cuz You're Ugly,כי את מכוערת,https://tickets.cinema-city.co.il/order/856547?lang=en,https://tickets.cinema-city.co.il/order/856547?lang=he,Regular,2D,,,2026-09-01,,,,83,12+,Kfar Saba,Cinema City,620
11:40,Cuz You're Ugly,כי את מכוערת,https://tickets.cinema-city.co.il/order/856574?lang=en,https://tickets.cinema-city.co.il/order/856574?lang=he,Regular,2D,,,2026-09-02,,,,83,12+,Kfar Saba,Cinema City,620
22:50,One Night Only,לגמור את הלילה,https://tickets.cinema-city.co.il/order/856573?lang=en,https://tickets.cinema-city.co.il/order/856573?lang=he,Regular,2D,,,2026-09-02,,,,102,14+,Kfar Saba,Cinema City,620
11:15,La La Land 10th Anniversary,לה לה לנד-חגיגות העשור,https://tickets.cinema-city.co.il/order/856550?lang=en,https://tickets.cinema-city.co.il/order/856550?lang=he,Regular,2D,,,2026-09-01,,,,128,All,Kfar Saba,Cinema City,620
17:10,Coyote vs. Acme,לוני טונס מציגים: קיוטי נגד אקמי,https://tickets.cinema-city.co.il/order/856500?lang=en,https://tickets.cinema-city.co.il/order/856500?lang=he,Regular,2D,,Hebrew,2026-09-01,,,,101,All,Kfar Saba,Cinema City,620
17:10,Coyote vs. Acme,לוני טונס מציגים: קיוטי נגד אקמי,https://tickets.cinema-city.co.il/order/856590?lang=en,https://tickets.cinema-city.co.il/order/856590?lang=he,Regular,2D,,Hebrew,2026-09-02,,,,101,All,Kfar Saba,Cinema City,620
15:00,Minions & Monsters,מיניונים ומפלצות,https://tickets.cinema-city.co.il/order/856526?lang=en,https://tickets.cinema-city.co.il/order/856526?lang=he,Regular,2D,,Hebrew,2026-09-01,,,,90,All,Kfar Saba,Cinema City,620
15:00,Minions & Monsters,מיניונים ומפלצות,https://tickets.cinema-city.co.il/order/856565?lang=en,https://tickets.cinema-city.co.il/order/856565?lang=he,Regular,2D,,Hebrew,2026-09-02,,,,90,All,Kfar Saba,Cinema City,620
16:10,Paw Patrol: The Dino Movie,מפרץ ההרפתקאות: אי הדינוזאורים,https://tickets.cinema-city.co.il/order/856512?lang=en,https://tickets.cinema-city.co.il/order/856512?lang=he,Regular,2D,,Hebrew,2026-09-01,,,,88,All,Kfar Saba,Cinema City,620
16:10,Paw Patrol: The Dino Movie,מפרץ ההרפתקאות: אי הדינוזאורים,https://tickets.cinema-city.co.il/order/856589?lang=en,https://tickets.cinema-city.co.il/order/856589?lang=he,Regular,2D,,Hebrew,2026-09-02,,,,88,All,Kfar Saba,Cinema City,620
11:30,MUTINY,נקמה בלב ים,https://tickets.cinema-city.co.il/order/856532?lang=en,https://tickets.cinema-city.co.il/order/856532?lang=he,Regular,2D,,,2026-09-01,,,,95,14+,Kfar Saba,Cinema City,620
13:55,MUTINY,נקמה בלב ים,https://tickets.cinema-city.co.il/order/856531?lang=en,https://tickets.cinema-city.co.il/order/856531?lang=he,Regular,2D,,,2026-09-01,,,,95,14+,Kfar Saba,Cinema City,620
16:20,MUTINY,נקמה בלב ים,https://tickets.cinema-city.co.il/order/856530?lang=en,https://tickets.cinema-city.co.il/order/856530?lang=he,Regular,2D,,,2026-09-01,,,,95,14+,Kfar Saba,Cinema City,620
19:45,MUTINY,נקמה בלב ים,https://tickets.cinema-city.co.il/order/856528?lang=en,https://tickets.cinema-city.co.il/order/856528?lang=he,Regular,2D,,,2026-09-01,,,,95,14+,Kfar Saba,Cinema City,620
22:10,MUTINY,נקמה בלב ים,https://tickets.cinema-city.co.il/order/856529?lang=en,https://tickets.cinema-city.co.il/order/856529?lang=he,Regular,2D,,,2026-09-01,,,,95,14+,Kfar Saba,Cinema City,620
11:30,MUTINY,נקמה בלב ים,https://tickets.cinema-city.co.il/order/856558?lang=en,https://tickets.cinema-city.co.il/order/856558?lang=he,Regular,2D,,,2026-09-02,,,,95,14+,Kfar Saba,Cinema City,620
13:55,MUTINY,נקמה בלב ים,https://tickets.cinema-city.co.il/order/856557?lang=en,https://tickets.cinema-city.co.il/order/856557?lang=he,Regular,2D,,,2026-09-02,,,,95,14+,Kfar Saba,Cinema City,620
16:20,MUTINY,נקמה בלב ים,https://tickets.cinema-city.co.il/order/856556?lang=en,https://tickets.cinema-city.co.il/order/856556?lang=he,Regular,2D,,,2026-09-02,,,,95,14+,Kfar Saba,Cinema City,620
19:45,MUTINY,נקמה בלב ים,https://tickets.cinema-city.co.il/order/856554?lang=en,https://tickets.cinema-city.co.il/order/856554?lang=he,Regular,2D,,,2026-09-02,,,,95,14+,Kfar Saba,Cinema City,620
22:10,MUTINY,נקמה בלב ים,https://tickets.cinema-city.co.il/order/856555?lang=en,https://tickets.cinema-city.co.il/order/856555?lang=he,Regular,2D,,,2026-09-02,,,,95,14+,Kfar Saba,Cinema City,620
10:50,SPA WEEKEND,ספא וויקנד,https://tickets.cinema-city.co.il/order/856522?lang=en,https://tickets.cinema-city.co.il/order/856522?lang=he,Regular,2D,,,2026-09-01,,,,97,14+,Kfar Saba,Cinema City,620
13:20,SPA WEEKEND,ספא וויקנד,https://tickets.cinema-city.co.il/order/856523?lang=en,https://tickets.cinema-city.co.il/order/856523?lang=he,Regular,2D,,,2026-09-01,,,,97,14+,Kfar Saba,Cinema City,620
15:45,SPA WEEKEND,ספא וויקנד,https://tickets.cinema-city.co.il/order/856501?lang=en,https://tickets.cinema-city.co.il/order/856501?lang=he,Regular,2D,,,2026-09-01,,,,97,14+,Kfar Saba,Cinema City,620
18:10,SPA WEEKEND,ספא וויקנד,https://tickets.cinema-city.co.il/order/856524?lang=en,https://tickets.cinema-city.co.il/order/856524?lang=he,Regular,2D,,,2026-09-01,,,,97,14+,Kfar Saba,Cinema City,620
20:40,SPA WEEKEND,ספא וויקנד,https://tickets.cinema-city.co.il/order/856513?lang=en,https://tickets.cinema-city.co.il/order/856513?lang=he,Regular,2D,,,2026-09-01,,,,97,14+,Kfar Saba,Cinema City,620
10:50,SPA WEEKEND,ספא וויקנד,https://tickets.cinema-city.co.il/order/856599?lang=en,https://tickets.cinema-city.co.il/order/856599?lang=he,Regular,2D,,,2026-09-02,,,,97,14+,Kfar Saba,Cinema City,620
13:20,SPA WEEKEND,ספא וויקנד,https://tickets.cinema-city.co.il/order/856600?lang=en,https://tickets.cinema-city.co.il/order/856600?lang=he,Regular,2D,,,2026-09-02,,,,97,14+,Kfar Saba,Cinema City,620
15:45,SPA WEEKEND,ספא וויקנד,https://tickets.cinema-city.co.il/order/856578?lang=en,https://tickets.cinema-city.co.il/order/856578?lang=he,Regular,2D,,,2026-09-02,,,,97,14+,Kfar Saba,Cinema City,620
18:10,SPA WEEKEND,ספא וויקנד,https://tickets.cinema-city.co.il/order/856601?lang=en,https://tickets.cinema-city.co.il/order/856601?lang=he,Regular,2D,,,2026-09-02,,,,97,14+,Kfar Saba,Cinema City,620
20:40,SPA WEEKEND,ספא וויקנד,https://tickets.cinema-city.co.il/order/856577?lang=en,https://tickets.cinema-city.co.il/order/856577?lang=he,Regular,2D,,,2026-09-02,,,,97,14+,Kfar Saba,Cinema City,620
16:30,SPIDERMAN: BRAND NEW DAY,ספיידרמן: יום חדש,https://tickets.cinema-city.co.il/order/856515?lang=en,https://tickets.cinema-city.co.il/order/856515?lang=he,Regular,2D,,,2026-09-01,,,,150,All,Kfar Saba,Cinema City,620
19:00,SPIDERMAN: BRAND NEW DAY,ספיידרמן: יום חדש,https://tickets.cinema-city.co.il/order/856533?lang=en,https://tickets.cinema-city.co.il/order/856533?lang=he,Regular,2D,,,2026-09-01,,,,150,All,Kfar Saba,Cinema City,620
22:20,SPIDERMAN: BRAND NEW DAY,ספיידרמן: יום חדש,https://tickets.cinema-city.co.il/order/856534?lang=en,https://tickets.cinema-city.co.il/order/856534?lang=he,Regular,2D,,,2026-09-01,,,,150,All,Kfar Saba,Cinema City,620
16:30,SPIDERMAN: BRAND NEW DAY,ספיידרמן: יום חדש,https://tickets.cinema-city.co.il/order/856592?lang=en,https://tickets.cinema-city.co.il/order/856592?lang=he,Regular,2D,,,2026-09-02,,,,150,All,Kfar Saba,Cinema City,620
19:00,SPIDERMAN: BRAND NEW DAY,ספיידרמן: יום חדש,https://tickets.cinema-city.co.il/order/856559?lang=en,https://tickets.cinema-city.co.il/order/856559?lang=he,Regular,2D,,,2026-09-02,,,,150,All,Kfar Saba,Cinema City,620
22:20,SPIDERMAN: BRAND NEW DAY,ספיידרמן: יום חדש,https://tickets.cinema-city.co.il/order/856560?lang=en,https://tickets.cinema-city.co.il/order/856560?lang=he,Regular,2D,,,2026-09-02,,,,150,All,Kfar Saba,Cinema City,620
10:45,Tell Me Everything,עצמאות,https://tickets.cinema-city.co.il/order/856539?lang=en,https://tickets.cinema-city.co.il/order/856539?lang=he,Regular,2D,,,2026-09-01,,,,109,12+,Kfar Saba,Cinema City,620
12:10,Tell Me Everything,עצמאות,https://tickets.cinema-city.co.il/order/856546?lang=en,https://tickets.cinema-city.co.il/order/856546?lang=he,Regular,2D,,,2026-09-01,,,,109,12+,Kfar Saba,Cinema City,620
13:30,Tell Me Everything,עצמאות,https://tickets.cinema-city.co.il/order/856538?lang=en,https://tickets.cinema-city.co.il/order/856538?lang=he,Regular,2D,,,2026-09-01,,,,109,12+,Kfar Saba,Cinema City,620
14:50,Tell Me Everything,עצמאות,https://tickets.cinema-city.co.il/order/856545?lang=en,https://tickets.cinema-city.co.il/order/856545?lang=he,Regular,2D,,,2026-09-01,,,,109,12+,Kfar Saba,Cinema City,620
16:15,Tell Me Everything,עצמאות,https://tickets.cinema-city.co.il/order/856537?lang=en,https://tickets.cinema-city.co.il/order/856537?lang=he,Regular,2D,,,2026-09-01,,,,109,12+,Kfar Saba,Cinema City,620
17:30,Tell Me Everything,עצמאות,https://tickets.cinema-city.co.il/order/856543?lang=en,https://tickets.cinema-city.co.il/order/856543?lang=he,Regular,2D,,,2026-09-01,,,,109,12+,Kfar Saba,Cinema City,620
18:50,Tell Me Everything,עצמאות,https://tickets.cinema-city.co.il/order/856540?lang=en,https://tickets.cinema-city.co.il/order/856540?lang=he,Regular,2D,,,2026-09-01,,,,109,12+,Kfar Saba,Cinema City,620
20:10,Tell Me Everything,עצמאות,https://tickets.cinema-city.co.il/order/856542?lang=en,https://tickets.cinema-city.co.il/order/856542?lang=he,Regular,2D,,,2026-09-01,,,,109,12+,Kfar Saba,Cinema City,620
21:30,Tell Me Everything,עצמאות,https://tickets.cinema-city.co.il/order/856541?lang=en,https://tickets.cinema-city.co.il/order/856541?lang=he,Regular,2D,,,2026-09-01,,,,109,12+,Kfar Saba,Cinema City,620
10:45,Tell Me Everything,עצמאות,https://tickets.cinema-city.co.il/order/856552?lang=en,https://tickets.cinema-city.co.il/order/856552?lang=he,Regular,2D,,,2026-09-02,,,,109,12+,Kfar Saba,Cinema City,620
12:10,Tell Me Everything,עצמאות,https://tickets.cinema-city.co.il/order/856572?lang=en,https://tickets.cinema-city.co.il/order/856572?lang=he,Regular,2D,,,2026-09-02,,,,109,12+,Kfar Saba,Cinema City,620
13:30,Tell Me Everything,עצמאות,https://tickets.cinema-city.co.il/order/856564?lang=en,https://tickets.cinema-city.co.il/order/856564?lang=he,Regular,2D,,,2026-09-02,,,,109,12+,Kfar Saba,Cinema City,620
14:50,Tell Me Everything,עצמאות,https://tickets.cinema-city.co.il/order/856571?lang=en,https://tickets.cinema-city.co.il/order/856571?lang=he,Regular,2D,,,2026-09-02,,,,109,12+,Kfar Saba,Cinema City,620
16:15,Tell Me Everything,עצמאות,https://tickets.cinema-city.co.il/order/856563?lang=en,https://tickets.cinema-city.co.il/order/856563?lang=he,Regular,2D,,,2026-09-02,,,,109,12+,Kfar Saba,Cinema City,620
17:30,Tell Me Everything,עצמאות,https://tickets.cinema-city.co.il/order/856569?lang=en,https://tickets.cinema-city.co.il/order/856569?lang=he,Regular,2D,,,2026-09-02,,,,109,12+,Kfar Saba,Cinema City,620
18:50,Tell Me Everything,עצמאות,https://tickets.cinema-city.co.il/order/856566?lang=en,https://tickets.cinema-city.co.il/order/856566?lang=he,Regular,2D,,,2026-09-02,,,,109,12+,Kfar Saba,Cinema City,620
20:10,Tell Me Everything,עצמאות,https://tickets.cinema-city.co.il/order/856568?lang=en,https://tickets.cinema-city.co.il/order/856568?lang=he,Regular,2D,,,2026-09-02,,,,109,12+,Kfar Saba,Cinema City,620
21:30,Tell Me Everything,עצמאות,https://tickets.cinema-city.co.il/order/856567?lang=en,https://tickets.cinema-city.co.il/order/856567?lang=he,Regular,2D,,,2026-09-02,,,,109,12+,Kfar Saba,Cinema City,620
20:10,Leviticus,פולחן הדמים,https://tickets.cinema-city.co.il/order/856520?lang=en,https://tickets.cinema-city.co.il/order/856520?lang=he,Regular,2D,,,2026-09-01,,,,88,14+,Kfar Saba,Cinema City,620
22:30,Leviticus,פולחן הדמים,https://tickets.cinema-city.co.il/order/856521?lang=en,https://tickets.cinema-city.co.il/order/856521?lang=he,Regular,2D,,,2026-09-01,,,,88,14+,Kfar Saba,Cinema City,620
23:30,Leviticus,פולחן הדמים,https://tickets.cinema-city.co.il/order/856508?lang=en,https://tickets.cinema-city.co.il/order/856508?lang=he,Regular,2D,,,2026-09-01,,,,88,14+,Kfar Saba,Cinema City,620
20:10,Leviticus,פולחן הדמים,https://tickets.cinema-city.co.il/order/856597?lang=en,https://tickets.cinema-city.co.il/order/856597?lang=he,Regular,2D,,,2026-09-02,,,,88,14+,Kfar Saba,Cinema City,620
22:30,Leviticus,פולחן הדמים,https://tickets.cinema-city.co.il/order/856598?lang=en,https://tickets.cinema-city.co.il/order/856598?lang=he,Regular,2D,,,2026-09-02,,,,88,14+,Kfar Saba,Cinema City,620
23:30,Leviticus,פולחן הדמים,https://tickets.cinema-city.co.il/order/856585?lang=en,https://tickets.cinema-city.co.il/order/856585?lang=he,Regular,2D,,,2026-09-02,,,,88,14+,Kfar Saba,Cinema City,620
14:15,STICH HEAD,פרנקי והמפלצות,https://tickets.cinema-city.co.il/order/856511?lang=en,https://tickets.cinema-city.co.il/order/856511?lang=he,Regular,2D,,Hebrew,2026-09-01,,,,92,All,Kfar Saba,Cinema City,620
14:15,STICH HEAD,פרנקי והמפלצות,https://tickets.cinema-city.co.il/order/856588?lang=en,https://tickets.cinema-city.co.il/order/856588?lang=he,Regular,2D,,Hebrew,2026-09-02,,,,92,All,Kfar Saba,Cinema City,620
13:50,Toy Story 5,צעצוע של סיפור 5,https://tickets.cinema-city.co.il/order/856510?lang=en,https://tickets.cinema-city.co.il/order/856510?lang=he,Regular,2D,,Hebrew,2026-09-01,,,,102,All,Kfar Saba,Cinema City,620
13:50,Toy Story 5,צעצוע של סיפור 5,https://tickets.cinema-city.co.il/order/856587?lang=en,https://tickets.cinema-city.co.il/order/856587?lang=he,Regular,2D,,Hebrew,2026-09-02,,,,102,All,Kfar Saba,Cinema City,620
11:50,קופה ראשית: הסרט,קופה ראשית: הסרט,https://tickets.cinema-city.co.il/order/856549?lang=en,https://tickets.cinema-city.co.il/order/856549?lang=he,Regular,2D,,,2026-09-01,,,,91,All,Kfar Saba,Cinema City,620
16:30,קופה ראשית: הסרט,קופה ראשית: הסרט,https://tickets.cinema-city.co.il/order/856504?lang=en,https://tickets.cinema-city.co.il/order/856504?lang=he,Regular,2D,,,2026-09-01,,,,91,All,Kfar Saba,Cinema City,620
18:50,קופה ראשית: הסרט,קופה ראשית: הסרט,https://tickets.cinema-city.co.il/order/856502?lang=en,https://tickets.cinema-city.co.il/order/856502?lang=he,Regular,2D,,,2026-09-01,,,,91,All,Kfar Saba,Cinema City,620
21:10,קופה ראשית: הסרט,קופה ראשית: הסרט,https://tickets.cinema-city.co.il/order/856503?lang=en,https://tickets.cinema-city.co.il/order/856503?lang=he,Regular,2D,,,2026-09-01,,,,91,All,Kfar Saba,Cinema City,620
11:50,קופה ראשית: הסרט,קופה ראשית: הסרט,https://tickets.cinema-city.co.il/order/856576?lang=en,https://tickets.cinema-city.co.il/order/856576?lang=he,Regular,2D,,,2026-09-02,,,,91,All,Kfar Saba,Cinema City,620
16:30,קופה ראשית: הסרט,קופה ראשית: הסרט,https://tickets.cinema-city.co.il/order/856581?lang=en,https://tickets.cinema-city.co.il/order/856581?lang=he,Regular,2D,,,2026-09-02,,,,91,All,Kfar Saba,Cinema City,620
18:50,קופה ראשית: הסרט,קופה ראשית: הסרט,https://tickets.cinema-city.co.il/order/856579?lang=en,https://tickets.cinema-city.co.il/order/856579?lang=he,Regular,2D,,,2026-09-02,,,,91,All,Kfar Saba,Cinema City,620
21:10,קופה ראשית: הסרט,קופה ראשית: הסרט,https://tickets.cinema-city.co.il/order/856580?lang=en,https://tickets.cinema-city.co.il/order/856580?lang=he,Regular,2D,,,2026-09-02,,,,91,All,Kfar Saba,Cinema City,620
22:50,חינה אמריקאית,חינה אמריקאית,https://tickets.cinema-city.co.il/order/856551?lang=en,https://tickets.cinema-city.co.il/order/856551?lang=he,Prime,2D,,,2026-09-01,,,,89,All,Kfar Saba,Cinema City,620
22:50,One Night Only,לגמור את הלילה,https://tickets.cinema-city.co.il/order/856573?lang=en,https://tickets.cinema-city.co.il/order/856573?lang=he,Prime,2D,,,2026-09-02,,,,102,14+,Kfar Saba,Cinema City,620
12:10,Tell Me Everything,עצמאות,https://tickets.cinema-city.co.il/order/856546?lang=en,https://tickets.cinema-city.co.il/order/856546?lang=he,Prime,2D,,,2026-09-01,,,,109,12+,Kfar Saba,Cinema City,620
14:50,Tell Me Everything,עצמאות,https://tickets.cinema-city.co.il/order/856545?lang=en,https://tickets.cinema-city.co.il/order/856545?lang=he,Prime,2D,,,2026-09-01,,,,109,12+,Kfar Saba,Cinema City,620
17:30,Tell Me Everything,עצמאות,https://tickets.cinema-city.co.il/order/856543?lang=en,https://tickets.cinema-city.co.il/order/856543?lang=he,Prime,2D,,,2026-09-01,,,,109,12+,Kfar Saba,Cinema City,620
20:10,Tell Me Everything,עצמאות,https://tickets.cinema-city.co.il/order/856542?lang=en,https://tickets.cinema-city.co.il/order/856542?lang=he,Prime,2D,,,2026-09-01,,,,109,12+,Kfar Saba,Cinema City,620
12:10,Tell Me Everything,עצמאות,https://tickets.cinema-city.co.il/order/856572?lang=en,https://tickets.cinema-city.co.il/order/856572?lang=he,Prime,2D,,,2026-09-02,,,,109,12+,Kfar Saba,Cinema City,620
14:50,Tell Me Everything,עצמאות,https://tickets.cinema-city.co.il/order/856571?lang=en,https://tickets.cinema-city.co.il/order/856571?lang=he,Prime,2D,,,2026-09-02,,,,109,12+,Kfar Saba,Cinema City,620
17:30,Tell Me Everything,עצמאות,https://tickets.cinema-city.co.il/order/856569?lang=en,https://tickets.cinema-city.co.il/order/856569?lang=he,Prime,2D,,,2026-09-02,,,,109,12+,Kfar Saba,Cinema City,620
20:10,Tell Me Everything,עצמאות,https://tickets.cinema-city.co.il/order/856568?lang=en,https://tickets.cinema-city.co.il/order/856568?lang=he,Prime,2D,,,2026-09-02,,,,109,12+,Kfar Saba,Cinema City,620
23:30,Leviticus,פולחן הדמים,https://tickets.cinema-city.co.il/order/856508?lang=en,https://tickets.cinema-city.co.il/order/856508?lang=he,Prime,2D,,,2026-09-01,,,,88,14+,Kfar Saba,Cinema City,620
23:30,Leviticus,פולחן הדמים,https://tickets.cinema-city.co.il/order/856585?lang=en,https://tickets.cinema-city.co.il/order/856585?lang=he,Prime,2D,,,2026-09-02,,,,88,14+,Kfar Saba,Cinema City,620
14:15,STICH HEAD,פרנקי והמפלצות,https://tickets.cinema-city.co.il/order/856511?lang=en,https://tickets.cinema-city.co.il/order/856511?lang=he,Prime,2D,,Hebrew,2026-09-01,,,,92,All,Kfar Saba,Cinema City,620
14:15,STICH HEAD,פרנקי והמפלצות,https://tickets.cinema-city.co.il/order/856588?lang=en,https://tickets.cinema-city.co.il/order/856588?lang=he,Prime,2D,,Hebrew,2026-09-02,,,,92,All,Kfar Saba,Cinema City,620
11:50,קופה ראשית: הסרט,קופה ראשית: הסרט,https://tickets.cinema-city.co.il/order/856549?lang=en,https://tickets.cinema-city.co.il/order/856549?lang=he,Prime,2D,,,2026-09-01,,,,91,All,Kfar Saba,Cinema City,620
16:30,קופה ראשית: הסרט,קופה ראשית: הסרט,https://tickets.cinema-city.co.il/order/856504?lang=en,https://tickets.cinema-city.co.il/order/856504?lang=he,Prime,2D,,,2026-09-01,,,,91,All,Kfar Saba,Cinema City,620
18:50,קופה ראשית: הסרט,קופה ראשית: הסרט,https://tickets.cinema-city.co.il/order/856502?lang=en,https://tickets.cinema-city.co.il/order/856502?lang=he,Prime,2D,,,2026-09-01,,,,91,All,Kfar Saba,Cinema City,620
21:10,קופה ראשית: הסרט,קופה ראשית: הסרט,https://tickets.cinema-city.co.il/order/856503?lang=en,https://tickets.cinema-city.co.il/order/856503?lang=he,Prime,2D,,,2026-09-01,,,,91,All,Kfar Saba,Cinema City,620
11:50,קופה ראשית: הסרט,קופה ראשית: הסרט,https://tickets.cinema-city.co.il/order/856576?lang=en,https://tickets.cinema-city.co.il/order/856576?lang=he,Prime,2D,,,2026-09-02,,,,91,All,Kfar Saba,Cinema City,620
16:30,קופה ראשית: הסרט,קופה ראשית: הסרט,https://tickets.cinema-city.co.il/order/856581?lang=en,https://tickets.cinema-city.co.il/order/856581?lang=he,Prime,2D,,,2026-09-02,,,,91,All,Kfar Saba,Cinema City,620
18:50,קופה ראשית: הסרט,קופה ראשית: הסרט,https://tickets.cinema-city.co.il/order/856579?lang=en,https://tickets.cinema-city.co.il/order/856579?lang=he,Prime,2D,,,2026-09-02,,,,91,All,Kfar Saba,Cinema City,620
21:10,קופה ראשית: הסרט,קופה ראשית: הסרט,https://tickets.cinema-city.co.il/order/856580?lang=en,https://tickets.cinema-city.co.il/order/856580?lang=he,Prime,2D,,,2026-09-02,,,,91,All,Kfar Saba,Cinema City,620
11:30,גבעה 338,גבעה 338,https://tickets.cinema-city.co.il/order/856005?lang=en,https://tickets.cinema-city.co.il/order/856005?lang=he,Regular,2D,,,2026-09-01,,,,106,9+,Netanya,Cinema City,620
13:00,גבעה 338,גבעה 338,https://tickets.cinema-city.co.il/order/855985?lang=en,https://tickets.cinema-city.co.il/order/855985?lang=he,Regular,2D,,,2026-09-01,,,,106,9+,Netanya,Cinema City,620
15:25,גבעה 338,גבעה 338,https://tickets.cinema-city.co.il/order/855984?lang=en,https://tickets.cinema-city.co.il/order/855984?lang=he,Regular,2D,,,2026-09-01,,,,106,9+,Netanya,Cinema City,620
17:50,גבעה 338,גבעה 338,https://tickets.cinema-city.co.il/order/855983?lang=en,https://tickets.cinema-city.co.il/order/855983?lang=he,Regular,2D,,,2026-09-01,,,,106,9+,Netanya,Cinema City,620
20:15,גבעה 338,גבעה 338,https://tickets.cinema-city.co.il/order/855981?lang=en,https://tickets.cinema-city.co.il/order/855981?lang=he,Regular,2D,,,2026-09-01,,,,106,9+,Netanya,Cinema City,620
22:40,גבעה 338,גבעה 338,https://tickets.cinema-city.co.il/order/855982?lang=en,https://tickets.cinema-city.co.il/order/855982?lang=he,Regular,2D,,,2026-09-01,,,,106,9+,Netanya,Cinema City,620
13:50,גבעה 338,גבעה 338,https://tickets.cinema-city.co.il/order/856014?lang=en,https://tickets.cinema-city.co.il/order/856014?lang=he,Regular,2D,,,2026-09-02,,,,106,9+,Netanya,Cinema City,620
16:15,גבעה 338,גבעה 338,https://tickets.cinema-city.co.il/order/856013?lang=en,https://tickets.cinema-city.co.il/order/856013?lang=he,Regular,2D,,,2026-09-02,,,,106,9+,Netanya,Cinema City,620
18:40,גבעה 338,גבעה 338,https://tickets.cinema-city.co.il/order/856012?lang=en,https://tickets.cinema-city.co.il/order/856012?lang=he,Regular,2D,,,2026-09-02,,,,106,9+,Netanya,Cinema City,620
21:05,גבעה 338,גבעה 338,https://tickets.cinema-city.co.il/order/856061?lang=en,https://tickets.cinema-city.co.il/order/856061?lang=he,Regular,2D,,,2026-09-02,,,,106,9+,Netanya,Cinema City,620
23:30,גבעה 338,גבעה 338,https://tickets.cinema-city.co.il/order/856026?lang=en,https://tickets.cinema-city.co.il/order/856026?lang=he,Regular,2D,,,2026-09-02,,,,106,9+,Netanya,Cinema City,620
15:50,THE POUT POUT FISH,דג ושמו באסה,https://tickets.cinema-city.co.il/order/855966?lang=en,https://tickets.cinema-city.co.il/order/855966?lang=he,Regular,2D,,Hebrew,2026-09-01,,,,93,,Netanya,Cinema City,620
14:40,THE POUT POUT FISH,דג ושמו באסה,https://tickets.cinema-city.co.il/order/856049?lang=en,https://tickets.cinema-city.co.il/order/856049?lang=he,Regular,2D,,Hebrew,2026-09-02,,,,93,,Netanya,Cinema City,620
10:50,THE ODYSSEY,האודיסאה,https://tickets.cinema-city.co.il/order/855999?lang=en,https://tickets.cinema-city.co.il/order/855999?lang=he,Regular,2D,,,2026-09-01,,,,172,14+,Netanya,Cinema City,620
13:50,THE ODYSSEY,האודיסאה,https://tickets.cinema-city.co.il/order/855998?lang=en,https://tickets.cinema-city.co.il/order/855998?lang=he,Regular,2D,,,2026-09-01,,,,172,14+,Netanya,Cinema City,620
18:30,THE ODYSSEY,האודיסאה,https://tickets.cinema-city.co.il/order/855973?lang=en,https://tickets.cinema-city.co.il/order/855973?lang=he,Regular,2D,,,2026-09-01,,,,172,14+,Netanya,Cinema City,620
12:00,THE ODYSSEY,האודיסאה,https://tickets.cinema-city.co.il/order/856028?lang=en,https://tickets.cinema-city.co.il/order/856028?lang=he,Regular,2D,,,2026-09-02,,,,172,14+,Netanya,Cinema City,620
13:50,THE ODYSSEY,האודיסאה,https://tickets.cinema-city.co.il/order/856027?lang=en,https://tickets.cinema-city.co.il/order/856027?lang=he,Regular,2D,,,2026-09-02,,,,172,14+,Netanya,Cinema City,620
20:00,THE ODYSSEY,האודיסאה,https://tickets.cinema-city.co.il/order/856054?lang=en,https://tickets.cinema-city.co.il/order/856054?lang=he,Regular,2D,,,2026-09-02,,,,172,14+,Netanya,Cinema City,620
22:20,Insidious: Out of the Further,הרוע שבפנים: מחוץ למעבר,https://tickets.cinema-city.co.il/order/855960?lang=en,https://tickets.cinema-city.co.il/order/855960?lang=he,Regular,2D,,,2026-09-01,,,,106,14+,Netanya,Cinema City,620
23:30,Insidious: Out of the Further,הרוע שבפנים: מחוץ למעבר,https://tickets.cinema-city.co.il/order/856065?lang=en,https://tickets.cinema-city.co.il/order/856065?lang=he,Regular,2D,,,2026-09-02,,,,106,14+,Netanya,Cinema City,620
10:50,חינה אמריקאית,חינה אמריקאית,https://tickets.cinema-city.co.il/order/856003?lang=en,https://tickets.cinema-city.co.il/order/856003?lang=he,Regular,2D,,,2026-09-01,,,,89,All,Netanya,Cinema City,620
10:00,חינה אמריקאית,חינה אמריקאית,https://tickets.cinema-city.co.il/order/856031?lang=en,https://tickets.cinema-city.co.il/order/856031?lang=he,Regular,2D,,,2026-09-02,,,,89,All,Netanya,Cinema City,620
11:00,Dog Stars,כוכבי הכלב,https://tickets.cinema-city.co.il/order/856001?lang=en,https://tickets.cinema-city.co.il/order/856001?lang=he,Regular,2D,,,2026-09-01,,,,118,12+,Netanya,Cinema City,620
18:10,Dog Stars,כוכבי הכלב,https://tickets.cinema-city.co.il/order/855978?lang=en,https://tickets.cinema-city.co.il/order/855978?lang=he,Regular,2D,,,2026-09-01,,,,118,12+,Netanya,Cinema City,620
20:50,Dog Stars,כוכבי הכלב,https://tickets.cinema-city.co.il/order/855969?lang=en,https://tickets.cinema-city.co.il/order/855969?lang=he,Regular,2D,,,2026-09-01,,,,118,12+,Netanya,Cinema City,620
23:30,Dog Stars,כוכבי הכלב,https://tickets.cinema-city.co.il/order/855970?lang=en,https://tickets.cinema-city.co.il/order/855970?lang=he,Regular,2D,,,2026-09-01,,,,118,12+,Netanya,Cinema City,620
11:00,Dog Stars,כוכבי הכלב,https://tickets.cinema-city.co.il/order/856030?lang=en,https://tickets.cinema-city.co.il/order/856030?lang=he,Regular,2D,,,2026-09-02,,,,118,12+,Netanya,Cinema City,620
18:10,Dog Stars,כוכבי הכלב,https://tickets.cinema-city.co.il/order/856058?lang=en,https://tickets.cinema-city.co.il/order/856058?lang=he,Regular,2D,,,2026-09-02,,,,118,12+,Netanya,Cinema City,620
20:50,Dog Stars,כוכבי הכלב,https://tickets.cinema-city.co.il/order/856051?lang=en,https://tickets.cinema-city.co.il/order/856051?lang=he,Regular,2D,,,2026-09-02,,,,118,12+,Netanya,Cinema City,620
10:10,Cuz You're Ugly,כי את מכוערת,https://tickets.cinema-city.co.il/order/856006?lang=en,https://tickets.cinema-city.co.il/order/856006?lang=he,Regular,2D,,,2026-09-01,,,,83,12+,Netanya,Cinema City,620
14:00,Cuz You're Ugly,כי את מכוערת,https://tickets.cinema-city.co.il/order/856002?lang=en,https://tickets.cinema-city.co.il/order/856002?lang=he,Regular,2D,,,2026-09-01,,,,83,12+,Netanya,Cinema City,620
10:10,Cuz You're Ugly,כי את מכוערת,https://tickets.cinema-city.co.il/order/857022?lang=en,https://tickets.cinema-city.co.il/order/857022?lang=he,Regular,2D,,,2026-09-02,,,,83,12+,Netanya,Cinema City,620
22:00,One Night Only,לגמור את הלילה,https://tickets.cinema-city.co.il/order/855961?lang=en,https://tickets.cinema-city.co.il/order/855961?lang=he,Regular,2D,,,2026-09-01,,,,102,14+,Netanya,Cinema City,620
12:15,One Night Only,לגמור את הלילה,https://tickets.cinema-city.co.il/order/856064?lang=en,https://tickets.cinema-city.co.il/order/856064?lang=he,Regular,2D,,,2026-09-02,,,,102,14+,Netanya,Cinema City,620
22:20,One Night Only,לגמור את הלילה,https://tickets.cinema-city.co.il/order/856038?lang=en,https://tickets.cinema-city.co.il/order/856038?lang=he,Regular,2D,,,2026-09-02,,,,102,14+,Netanya,Cinema City,620
12:40,La La Land 10th Anniversary,לה לה לנד-חגיגות העשור,https://tickets.cinema-city.co.il/order/856007?lang=en,https://tickets.cinema-city.co.il/order/856007?lang=he,Regular,2D,,,2026-09-01,,,,128,All,Netanya,Cinema City,620
12:40,La La Land 10th Anniversary,לה לה לנד-חגיגות העשור,https://tickets.cinema-city.co.il/order/856035?lang=en,https://tickets.cinema-city.co.il/order/856035?lang=he,Regular,2D,,,2026-09-02,,,,128,All,Netanya,Cinema City,620
16:05,Coyote vs. Acme,לוני טונס מציגים: קיוטי נגד אקמי,https://tickets.cinema-city.co.il/order/855962?lang=en,https://tickets.cinema-city.co.il/order/855962?lang=he,Regular,2D,,Hebrew,2026-09-01,,,,101,All,Netanya,Cinema City,620
17:20,Coyote vs. Acme,לוני טונס מציגים: קיוטי נגד אקמי,https://tickets.cinema-city.co.il/order/856045?lang=en,https://tickets.cinema-city.co.il/order/856045?lang=he,Regular,2D,,Hebrew,2026-09-02,,,,101,All,Netanya,Cinema City,620
16:10,Minions & Monsters,מיניונים ומפלצות,https://tickets.cinema-city.co.il/order/855965?lang=en,https://tickets.cinema-city.co.il/order/855965?lang=he,Regular,2D,,Hebrew,2026-09-01,,,,90,All,Netanya,Cinema City,620
16:10,Minions & Monsters,מיניונים ומפלצות,https://tickets.cinema-city.co.il/order/856048?lang=en,https://tickets.cinema-city.co.il/order/856048?lang=he,Regular,2D,,Hebrew,2026-09-02,,,,90,All,Netanya,Cinema City,620
15:40,Paw Patrol: The Dino Movie,מפרץ ההרפתקאות: אי הדינוזאורים,https://tickets.cinema-city.co.il/order/855964?lang=en,https://tickets.cinema-city.co.il/order/855964?lang=he,Regular,2D,,Hebrew,2026-09-01,,,,88,All,Netanya,Cinema City,620
15:40,Paw Patrol: The Dino Movie,מפרץ ההרפתקאות: אי הדינוזאורים,https://tickets.cinema-city.co.il/order/856047?lang=en,https://tickets.cinema-city.co.il/order/856047?lang=he,Regular,2D,,Hebrew,2026-09-02,,,,88,All,Netanya,Cinema City,620
11:20,MUTINY,נקמה בלב ים,https://tickets.cinema-city.co.il/order/855980?lang=en,https://tickets.cinema-city.co.il/order/855980?lang=he,Regular,2D,,,2026-09-01,,,,95,14+,Netanya,Cinema City,620
13:40,MUTINY,נקמה בלב ים,https://tickets.cinema-city.co.il/order/855979?lang=en,https://tickets.cinema-city.co.il/order/855979?lang=he,Regular,2D,,,2026-09-01,,,,95,14+,Netanya,Cinema City,620
16:00,MUTINY,נקמה בלב ים,https://tickets.cinema-city.co.il/order/855968?lang=en,https://tickets.cinema-city.co.il/order/855968?lang=he,Regular,2D,,,2026-09-01,,,,95,14+,Netanya,Cinema City,620
18:20,MUTINY,נקמה בלב ים,https://tickets.cinema-city.co.il/order/855977?lang=en,https://tickets.cinema-city.co.il/order/855977?lang=he,Regular,2D,,,2026-09-01,,,,95,14+,Netanya,Cinema City,620
20:40,MUTINY,נקמה בלב ים,https://tickets.cinema-city.co.il/order/855975?lang=en,https://tickets.cinema-city.co.il/order/855975?lang=he,Regular,2D,,,2026-09-01,,,,95,14+,Netanya,Cinema City,620
23:00,MUTINY,נקמה בלב ים,https://tickets.cinema-city.co.il/order/855976?lang=en,https://tickets.cinema-city.co.il/order/855976?lang=he,Regular,2D,,,2026-09-01,,,,95,14+,Netanya,Cinema City,620
10:20,MUTINY,נקמה בלב ים,https://tickets.cinema-city.co.il/order/856062?lang=en,https://tickets.cinema-city.co.il/order/856062?lang=he,Regular,2D,,,2026-09-02,,,,95,14+,Netanya,Cinema City,620
12:40,MUTINY,נקמה בלב ים,https://tickets.cinema-city.co.il/order/856060?lang=en,https://tickets.cinema-city.co.il/order/856060?lang=he,Regular,2D,,,2026-09-02,,,,95,14+,Netanya,Cinema City,620
15:00,MUTINY,נקמה בלב ים,https://tickets.cinema-city.co.il/order/856059?lang=en,https://tickets.cinema-city.co.il/order/856059?lang=he,Regular,2D,,,2026-09-02,,,,95,14+,Netanya,Cinema City,620
19:50,MUTINY,נקמה בלב ים,https://tickets.cinema-city.co.il/order/856056?lang=en,https://tickets.cinema-city.co.il/order/856056?lang=he,Regular,2D,,,2026-09-02,,,,95,14+,Netanya,Cinema City,620
22:15,MUTINY,נקמה בלב ים,https://tickets.cinema-city.co.il/order/856057?lang=en,https://tickets.cinema-city.co.il/order/856057?lang=he,Regular,2D,,,2026-09-02,,,,95,14+,Netanya,Cinema City,620
11:10,SPA WEEKEND,ספא וויקנד,https://tickets.cinema-city.co.il/order/855963?lang=en,https://tickets.cinema-city.co.il/order/855963?lang=he,Regular,2D,,,2026-09-01,,,,97,14+,Netanya,Cinema City,620
13:30,SPA WEEKEND,ספא וויקנד,https://tickets.cinema-city.co.il/order/855990?lang=en,https://tickets.cinema-city.co.il/order/855990?lang=he,Regular,2D,,,2026-09-01,,,,97,14+,Netanya,Cinema City,620
15:50,SPA WEEKEND,ספא וויקנד,https://tickets.cinema-city.co.il/order/855989?lang=en,https://tickets.cinema-city.co.il/order/855989?lang=he,Regular,2D,,,2026-09-01,,,,97,14+,Netanya,Cinema City,620
18:10,SPA WEEKEND,ספא וויקנד,https://tickets.cinema-city.co.il/order/855986?lang=en,https://tickets.cinema-city.co.il/order/855986?lang=he,Regular,2D,,,2026-09-01,,,,97,14+,Netanya,Cinema City,620
20:30,SPA WEEKEND,ספא וויקנד,https://tickets.cinema-city.co.il/order/855987?lang=en,https://tickets.cinema-city.co.il/order/855987?lang=he,Regular,2D,,,2026-09-01,,,,97,14+,Netanya,Cinema City,620
22:50,SPA WEEKEND,ספא וויקנד,https://tickets.cinema-city.co.il/order/855988?lang=en,https://tickets.cinema-city.co.il/order/855988?lang=he,Regular,2D,,,2026-09-01,,,,97,14+,Netanya,Cinema City,620
11:10,SPA WEEKEND,ספא וויקנד,https://tickets.cinema-city.co.il/order/856046?lang=en,https://tickets.cinema-city.co.il/order/856046?lang=he,Regular,2D,,,2026-09-02,,,,97,14+,Netanya,Cinema City,620
13:30,SPA WEEKEND,ספא וויקנד,https://tickets.cinema-city.co.il/order/856019?lang=en,https://tickets.cinema-city.co.il/order/856019?lang=he,Regular,2D,,,2026-09-02,,,,97,14+,Netanya,Cinema City,620
15:50,SPA WEEKEND,ספא וויקנד,https://tickets.cinema-city.co.il/order/856018?lang=en,https://tickets.cinema-city.co.il/order/856018?lang=he,Regular,2D,,,2026-09-02,,,,97,14+,Netanya,Cinema City,620
18:10,SPA WEEKEND,ספא וויקנד,https://tickets.cinema-city.co.il/order/856015?lang=en,https://tickets.cinema-city.co.il/order/856015?lang=he,Regular,2D,,,2026-09-02,,,,97,14+,Netanya,Cinema City,620
20:30,SPA WEEKEND,ספא וויקנד,https://tickets.cinema-city.co.il/order/856016?lang=en,https://tickets.cinema-city.co.il/order/856016?lang=he,Regular,2D,,,2026-09-02,,,,97,14+,Netanya,Cinema City,620
22:50,SPA WEEKEND,ספא וויקנד,https://tickets.cinema-city.co.il/order/856017?lang=en,https://tickets.cinema-city.co.il/order/856017?lang=he,Regular,2D,,,2026-09-02,,,,97,14+,Netanya,Cinema City,620
17:30,SPIDERMAN: BRAND NEW DAY,ספיידרמן: יום חדש,https://tickets.cinema-city.co.il/order/855955?lang=en,https://tickets.cinema-city.co.il/order/855955?lang=he,Regular,2D,,,2026-09-01,,,,150,All,Netanya,Cinema City,620
20:50,SPIDERMAN: BRAND NEW DAY,ספיידרמן: יום חדש,https://tickets.cinema-city.co.il/order/855954?lang=en,https://tickets.cinema-city.co.il/order/855954?lang=he,Regular,2D,,,2026-09-01,,,,150,All,Netanya,Cinema City,620
22:45,SPIDERMAN: BRAND NEW DAY,ספיידרמן: יום חדש,https://tickets.cinema-city.co.il/order/855974?lang=en,https://tickets.cinema-city.co.il/order/855974?lang=he,Regular,2D,,,2026-09-01,,,,150,All,Netanya,Cinema City,620
17:30,SPIDERMAN: BRAND NEW DAY,ספיידרמן: יום חדש,https://tickets.cinema-city.co.il/order/856040?lang=en,https://tickets.cinema-city.co.il/order/856040?lang=he,Regular,2D,,,2026-09-02,,,,150,All,Netanya,Cinema City,620
20:50,SPIDERMAN: BRAND NEW DAY,ספיידרמן: יום חדש,https://tickets.cinema-city.co.il/order/856039?lang=en,https://tickets.cinema-city.co.il/order/856039?lang=he,Regular,2D,,,2026-09-02,,,,150,All,Netanya,Cinema City,620
22:50,SPIDERMAN: BRAND NEW DAY,ספיידרמן: יום חדש,https://tickets.cinema-city.co.il/order/856055?lang=en,https://tickets.cinema-city.co.il/order/856055?lang=he,Regular,2D,,,2026-09-02,,,,150,All,Netanya,Cinema City,620
10:00,Tell Me Everything,עצמאות,https://tickets.cinema-city.co.il/order/856008?lang=en,https://tickets.cinema-city.co.il/order/856008?lang=he,Regular,2D,,,2026-09-01,,,,109,12+,Netanya,Cinema City,620
11:10,Tell Me Everything,עצמאות,https://tickets.cinema-city.co.il/order/856000?lang=en,https://tickets.cinema-city.co.il/order/856000?lang=he,Regular,2D,,,2026-09-01,,,,109,12+,Netanya,Cinema City,620
12:10,Tell Me Everything,עצמאות,https://tickets.cinema-city.co.il/order/855994?lang=en,https://tickets.cinema-city.co.il/order/855994?lang=he,Regular,2D,,,2026-09-01,,,,109,12+,Netanya,Cinema City,620
13:40,Tell Me Everything,עצמאות,https://tickets.cinema-city.co.il/order/856004?lang=en,https://tickets.cinema-city.co.il/order/856004?lang=he,Regular,2D,,,2026-09-01,,,,109,12+,Netanya,Cinema City,620
14:40,Tell Me Everything,עצמאות,https://tickets.cinema-city.co.il/order/855993?lang=en,https://tickets.cinema-city.co.il/order/855993?lang=he,Regular,2D,,,2026-09-01,,,,109,12+,Netanya,Cinema City,620
16:30,Tell Me Everything,עצמאות,https://tickets.cinema-city.co.il/order/856009?lang=en,https://tickets.cinema-city.co.il/order/856009?lang=he,Regular,2D,,,2026-09-01,,,,109,12+,Netanya,Cinema City,620
17:40,Tell Me Everything,עצמאות,https://tickets.cinema-city.co.il/order/855992?lang=en,https://tickets.cinema-city.co.il/order/855992?lang=he,Regular,2D,,,2026-09-01,,,,109,12+,Netanya,Cinema City,620
19:00,Tell Me Everything,עצמאות,https://tickets.cinema-city.co.il/order/855995?lang=en,https://tickets.cinema-city.co.il/order/855995?lang=he,Regular,2D,,,2026-09-01,,,,109,12+,Netanya,Cinema City,620
20:15,Tell Me Everything,עצמאות,https://tickets.cinema-city.co.il/order/855997?lang=en,https://tickets.cinema-city.co.il/order/855997?lang=he,Regular,2D,,,2026-09-01,,,,109,12+,Netanya,Cinema City,620
21:30,Tell Me Everything,עצמאות,https://tickets.cinema-city.co.il/order/855996?lang=en,https://tickets.cinema-city.co.il/order/855996?lang=he,Regular,2D,,,2026-09-01,,,,109,12+,Netanya,Cinema City,620
10:00,Tell Me Everything,עצמאות,https://tickets.cinema-city.co.il/order/856036?lang=en,https://tickets.cinema-city.co.il/order/856036?lang=he,Regular,2D,,,2026-09-02,,,,109,12+,Netanya,Cinema City,620
11:10,Tell Me Everything,עצמאות,https://tickets.cinema-city.co.il/order/856029?lang=en,https://tickets.cinema-city.co.il/order/856029?lang=he,Regular,2D,,,2026-09-02,,,,109,12+,Netanya,Cinema City,620
12:30,Tell Me Everything,עצמאות,https://tickets.cinema-city.co.il/order/856023?lang=en,https://tickets.cinema-city.co.il/order/856023?lang=he,Regular,2D,,,2026-09-02,,,,109,12+,Netanya,Cinema City,620
13:40,Tell Me Everything,עצמאות,https://tickets.cinema-city.co.il/order/856032?lang=en,https://tickets.cinema-city.co.il/order/856032?lang=he,Regular,2D,,,2026-09-02,,,,109,12+,Netanya,Cinema City,620
15:00,Tell Me Everything,עצמאות,https://tickets.cinema-city.co.il/order/856022?lang=en,https://tickets.cinema-city.co.il/order/856022?lang=he,Regular,2D,,,2026-09-02,,,,109,12+,Netanya,Cinema City,620
17:40,Tell Me Everything,עצמאות,https://tickets.cinema-city.co.il/order/856021?lang=en,https://tickets.cinema-city.co.il/order/856021?lang=he,Regular,2D,,,2026-09-02,,,,109,12+,Netanya,Cinema City,620
17:40,Tell Me Everything,עצמאות,https://tickets.cinema-city.co.il/order/856037?lang=en,https://tickets.cinema-city.co.il/order/856037?lang=he,Regular,2D,,,2026-09-02,,,,109,12+,Netanya,Cinema City,620
20:10,Tell Me Everything,עצמאות,https://tickets.cinema-city.co.il/order/856024?lang=en,https://tickets.cinema-city.co.il/order/856024?lang=he,Regular,2D,,,2026-09-02,,,,109,12+,Netanya,Cinema City,620
20:15,Tell Me Everything,עצמאות,https://tickets.cinema-city.co.il/order/856011?lang=en,https://tickets.cinema-city.co.il/order/856011?lang=he,Regular,2D,,,2026-09-02,,,,109,12+,Netanya,Cinema City,620
22:40,Tell Me Everything,עצמאות,https://tickets.cinema-city.co.il/order/856025?lang=en,https://tickets.cinema-city.co.il/order/856025?lang=he,Regular,2D,,,2026-09-02,,,,109,12+,Netanya,Cinema City,620
23:30,Tell Me Everything,עצמאות,https://tickets.cinema-city.co.il/order/856066?lang=en,https://tickets.cinema-city.co.il/order/856066?lang=he,Regular,2D,,,2026-09-02,,,,109,12+,Netanya,Cinema City,620
19:20,Leviticus,פולחן הדמים,https://tickets.cinema-city.co.il/order/855971?lang=en,https://tickets.cinema-city.co.il/order/855971?lang=he,Regular,2D,,,2026-09-01,,,,88,14+,Netanya,Cinema City,620
21:30,Leviticus,פולחן הדמים,https://tickets.cinema-city.co.il/order/855972?lang=en,https://tickets.cinema-city.co.il/order/855972?lang=he,Regular,2D,,,2026-09-01,,,,88,14+,Netanya,Cinema City,620
23:40,Leviticus,פולחן הדמים,https://tickets.cinema-city.co.il/order/856010?lang=en,https://tickets.cinema-city.co.il/order/856010?lang=he,Regular,2D,,,2026-09-01,,,,88,14+,Netanya,Cinema City,620
19:45,Leviticus,פולחן הדמים,https://tickets.cinema-city.co.il/order/856052?lang=en,https://tickets.cinema-city.co.il/order/856052?lang=he,Regular,2D,,,2026-09-02,,,,88,14+,Netanya,Cinema City,620
21:55,Leviticus,פולחן הדמים,https://tickets.cinema-city.co.il/order/856053?lang=en,https://tickets.cinema-city.co.il/order/856053?lang=he,Regular,2D,,,2026-09-02,,,,88,14+,Netanya,Cinema City,620
14:20,STICH HEAD,פרנקי והמפלצות,https://tickets.cinema-city.co.il/order/855967?lang=en,https://tickets.cinema-city.co.il/order/855967?lang=he,Regular,2D,,Hebrew,2026-09-01,,,,92,All,Netanya,Cinema City,620
15:30,STICH HEAD,פרנקי והמפלצות,https://tickets.cinema-city.co.il/order/856050?lang=en,https://tickets.cinema-city.co.il/order/856050?lang=he,Regular,2D,,Hebrew,2026-09-02,,,,92,All,Netanya,Cinema City,620
17:10,Toy Story 5,צעצוע של סיפור 5,https://tickets.cinema-city.co.il/order/855991?lang=en,https://tickets.cinema-city.co.il/order/855991?lang=he,Regular,2D,,Hebrew,2026-09-01,,,,102,All,Netanya,Cinema City,620
17:30,Toy Story 5,צעצוע של סיפור 5,https://tickets.cinema-city.co.il/order/856020?lang=en,https://tickets.cinema-city.co.il/order/856020?lang=he,Regular,2D,,Hebrew,2026-09-02,,,,102,All,Netanya,Cinema City,620
11:30,קופה ראשית: הסרט,קופה ראשית: הסרט,https://tickets.cinema-city.co.il/order/855959?lang=en,https://tickets.cinema-city.co.il/order/855959?lang=he,Regular,2D,,,2026-09-01,,,,91,All,Netanya,Cinema City,620
13:40,קופה ראשית: הסרט,קופה ראשית: הסרט,https://tickets.cinema-city.co.il/order/855958?lang=en,https://tickets.cinema-city.co.il/order/855958?lang=he,Regular,2D,,,2026-09-01,,,,91,All,Netanya,Cinema City,620
18:00,קופה ראשית: הסרט,קופה ראשית: הסרט,https://tickets.cinema-city.co.il/order/855957?lang=en,https://tickets.cinema-city.co.il/order/855957?lang=he,Regular,2D,,,2026-09-01,,,,91,All,Netanya,Cinema City,620
20:10,קופה ראשית: הסרט,קופה ראשית: הסרט,https://tickets.cinema-city.co.il/order/855956?lang=en,https://tickets.cinema-city.co.il/order/855956?lang=he,Regular,2D,,,2026-09-01,,,,91,All,Netanya,Cinema City,620
11:30,קופה ראשית: הסרט,קופה ראשית: הסרט,https://tickets.cinema-city.co.il/order/856044?lang=en,https://tickets.cinema-city.co.il/order/856044?lang=he,Regular,2D,,,2026-09-02,,,,91,All,Netanya,Cinema City,620
13:40,קופה ראשית: הסרט,קופה ראשית: הסרט,https://tickets.cinema-city.co.il/order/856043?lang=en,https://tickets.cinema-city.co.il/order/856043?lang=he,Regular,2D,,,2026-09-02,,,,91,All,Netanya,Cinema City,620
15:50,קופה ראשית: הסרט,קופה ראשית: הסרט,https://tickets.cinema-city.co.il/order/856063?lang=en,https://tickets.cinema-city.co.il/order/856063?lang=he,Regular,2D,,,2026-09-02,,,,91,All,Netanya,Cinema City,620
18:00,קופה ראשית: הסרט,קופה ראשית: הסרט,https://tickets.cinema-city.co.il/order/856042?lang=en,https://tickets.cinema-city.co.il/order/856042?lang=he,Regular,2D,,,2026-09-02,,,,91,All,Netanya,Cinema City,620
20:10,קופה ראשית: הסרט,קופה ראשית: הסרט,https://tickets.cinema-city.co.il/order/856041?lang=en,https://tickets.cinema-city.co.il/order/856041?lang=he,Regular,2D,,,2026-09-02,,,,91,All,Netanya,Cinema City,620
13:00,גבעה 338,גבעה 338,https://tickets.cinema-city.co.il/order/855985?lang=en,https://tickets.cinema-city.co.il/order/855985?lang=he,Prime,2D,,,2026-09-01,,,,106,9+,Netanya,Cinema City,620
15:25,גבעה 338,גבעה 338,https://tickets.cinema-city.co.il/order/855984?lang=en,https://tickets.cinema-city.co.il/order/855984?lang=he,Prime,2D,,,2026-09-01,,,,106,9+,Netanya,Cinema City,620
17:50,גבעה 338,גבעה 338,https://tickets.cinema-city.co.il/order/855983?lang=en,https://tickets.cinema-city.co.il/order/855983?lang=he,Prime,2D,,,2026-09-01,,,,106,9+,Netanya,Cinema City,620
20:15,גבעה 338,גבעה 338,https://tickets.cinema-city.co.il/order/855981?lang=en,https://tickets.cinema-city.co.il/order/855981?lang=he,Prime,2D,,,2026-09-01,,,,106,9+,Netanya,Cinema City,620
22:40,גבעה 338,גבעה 338,https://tickets.cinema-city.co.il/order/855982?lang=en,https://tickets.cinema-city.co.il/order/855982?lang=he,Prime,2D,,,2026-09-01,,,,106,9+,Netanya,Cinema City,620
13:50,גבעה 338,גבעה 338,https://tickets.cinema-city.co.il/order/856014?lang=en,https://tickets.cinema-city.co.il/order/856014?lang=he,Prime,2D,,,2026-09-02,,,,106,9+,Netanya,Cinema City,620
16:15,גבעה 338,גבעה 338,https://tickets.cinema-city.co.il/order/856013?lang=en,https://tickets.cinema-city.co.il/order/856013?lang=he,Prime,2D,,,2026-09-02,,,,106,9+,Netanya,Cinema City,620
18:40,גבעה 338,גבעה 338,https://tickets.cinema-city.co.il/order/856012?lang=en,https://tickets.cinema-city.co.il/order/856012?lang=he,Prime,2D,,,2026-09-02,,,,106,9+,Netanya,Cinema City,620
21:05,גבעה 338,גבעה 338,https://tickets.cinema-city.co.il/order/856061?lang=en,https://tickets.cinema-city.co.il/order/856061?lang=he,Prime,2D,,,2026-09-02,,,,106,9+,Netanya,Cinema City,620
23:30,גבעה 338,גבעה 338,https://tickets.cinema-city.co.il/order/856026?lang=en,https://tickets.cinema-city.co.il/order/856026?lang=he,Prime,2D,,,2026-09-02,,,,106,9+,Netanya,Cinema City,620
10:50,חינה אמריקאית,חינה אמריקאית,https://tickets.cinema-city.co.il/order/856003?lang=en,https://tickets.cinema-city.co.il/order/856003?lang=he,Prime,2D,,,2026-09-01,,,,89,All,Netanya,Cinema City,620
10:10,Cuz You're Ugly,כי את מכוערת,https://tickets.cinema-city.co.il/order/856006?lang=en,https://tickets.cinema-city.co.il/order/856006?lang=he,Prime,2D,,,2026-09-01,,,,83,12+,Netanya,Cinema City,620
12:10,Tell Me Everything,עצמאות,https://tickets.cinema-city.co.il/order/855994?lang=en,https://tickets.cinema-city.co.il/order/855994?lang=he,Prime,2D,,,2026-09-01,,,,109,12+,Netanya,Cinema City,620
14:40,Tell Me Everything,עצמאות,https://tickets.cinema-city.co.il/order/855993?lang=en,https://tickets.cinema-city.co.il/order/855993?lang=he,Prime,2D,,,2026-09-01,,,,109,12+,Netanya,Cinema City,620
12:30,Tell Me Everything,עצמאות,https://tickets.cinema-city.co.il/order/856023?lang=en,https://tickets.cinema-city.co.il/order/856023?lang=he,Prime,2D,,,2026-09-02,,,,109,12+,Netanya,Cinema City,620
15:00,Tell Me Everything,עצמאות,https://tickets.cinema-city.co.il/order/856022?lang=en,https://tickets.cinema-city.co.il/order/856022?lang=he,Prime,2D,,,2026-09-02,,,,109,12+,Netanya,Cinema City,620
19:20,Leviticus,פולחן הדמים,https://tickets.cinema-city.co.il/order/855971?lang=en,https://tickets.cinema-city.co.il/order/855971?lang=he,Prime,2D,,,2026-09-01,,,,88,14+,Netanya,Cinema City,620
21:30,Leviticus,פולחן הדמים,https://tickets.cinema-city.co.il/order/855972?lang=en,https://tickets.cinema-city.co.il/order/855972?lang=he,Prime,2D,,,2026-09-01,,,,88,14+,Netanya,Cinema City,620
23:40,Leviticus,פולחן הדמים,https://tickets.cinema-city.co.il/order/856010?lang=en,https://tickets.cinema-city.co.il/order/856010?lang=he,Prime,2D,,,2026-09-01,,,,88,14+,Netanya,Cinema City,620
19:45,Leviticus,פולחן הדמים,https://tickets.cinema-city.co.il/order/856052?lang=en,https://tickets.cinema-city.co.il/order/856052?lang=he,Prime,2D,,,2026-09-02,,,,88,14+,Netanya,Cinema City,620
21:55,Leviticus,פולחן הדמים,https://tickets.cinema-city.co.il/order/856053?lang=en,https://tickets.cinema-city.co.il/order/856053?lang=he,Prime,2D,,,2026-09-02,,,,88,14+,Netanya,Cinema City,620
17:10,Toy Story 5,צעצוע של סיפור 5,https://tickets.cinema-city.co.il/order/855991?lang=en,https://tickets.cinema-city.co.il/order/855991?lang=he,Prime,2D,,Hebrew,2026-09-01,,,,102,All,Netanya,Cinema City,620
17:30,Toy Story 5,צעצוע של סיפור 5,https://tickets.cinema-city.co.il/order/856020?lang=en,https://tickets.cinema-city.co.il/order/856020?lang=he,Prime,2D,,Hebrew,2026-09-02,,,,102,All,Netanya,Cinema City,620
22:20,Ice Cream Man,איש הגלידה,https://tickets.cinema-city.co.il/order/856401?lang=en,https://tickets.cinema-city.co.il/order/856401?lang=he,Regular,2D,,,2026-09-01,,,,86,18+,Beer Sheva,Cinema City,620
22:20,Ice Cream Man,איש הגלידה,https://tickets.cinema-city.co.il/order/856444?lang=en,https://tickets.cinema-city.co.il/order/856444?lang=he,Regular,2D,,,2026-09-02,,,,86,18+,Beer Sheva,Cinema City,620
12:10,גבעה 338,גבעה 338,https://tickets.cinema-city.co.il/order/856978?lang=en,https://tickets.cinema-city.co.il/order/856978?lang=he,Regular,2D,,,2026-09-01,,,,106,9+,Beer Sheva,Cinema City,620
14:10,גבעה 338,גבעה 338,https://tickets.cinema-city.co.il/order/856360?lang=en,https://tickets.cinema-city.co.il/order/856360?lang=he,Regular,2D,,,2026-09-01,,,,106,9+,Beer Sheva,Cinema City,620
16:55,גבעה 338,גבעה 338,https://tickets.cinema-city.co.il/order/856369?lang=en,https://tickets.cinema-city.co.il/order/856369?lang=he,Regular,2D,,,2026-09-01,,,,106,9+,Beer Sheva,Cinema City,620
19:40,גבעה 338,גבעה 338,https://tickets.cinema-city.co.il/order/856381?lang=en,https://tickets.cinema-city.co.il/order/856381?lang=he,Regular,2D,,,2026-09-01,,,,106,9+,Beer Sheva,Cinema City,620
22:25,גבעה 338,גבעה 338,https://tickets.cinema-city.co.il/order/856380?lang=en,https://tickets.cinema-city.co.il/order/856380?lang=he,Regular,2D,,,2026-09-01,,,,106,9+,Beer Sheva,Cinema City,620
15:00,גבעה 338,גבעה 338,https://tickets.cinema-city.co.il/order/856975?lang=en,https://tickets.cinema-city.co.il/order/856975?lang=he,Regular,2D,,,2026-09-02,,,,106,9+,Beer Sheva,Cinema City,620
17:30,גבעה 338,גבעה 338,https://tickets.cinema-city.co.il/order/856435?lang=en,https://tickets.cinema-city.co.il/order/856435?lang=he,Regular,2D,,,2026-09-02,,,,106,9+,Beer Sheva,Cinema City,620
20:00,גבעה 338,גבעה 338,https://tickets.cinema-city.co.il/order/856409?lang=en,https://tickets.cinema-city.co.il/order/856409?lang=he,Regular,2D,,,2026-09-02,,,,106,9+,Beer Sheva,Cinema City,620
22:30,גבעה 338,גבעה 338,https://tickets.cinema-city.co.il/order/856408?lang=en,https://tickets.cinema-city.co.il/order/856408?lang=he,Regular,2D,,,2026-09-02,,,,106,9+,Beer Sheva,Cinema City,620
15:20,THE POUT POUT FISH,דג ושמו באסה,https://tickets.cinema-city.co.il/order/856391?lang=en,https://tickets.cinema-city.co.il/order/856391?lang=he,Regular,2D,,Hebrew,2026-09-01,,,,93,,Beer Sheva,Cinema City,620
17:30,THE POUT POUT FISH,דג ושמו באסה,https://tickets.cinema-city.co.il/order/856418?lang=en,https://tickets.cinema-city.co.il/order/856418?lang=he,Regular,2D,,Hebrew,2026-09-02,,,,93,,Beer Sheva,Cinema City,620
11:20,THE ODYSSEY,האודיסאה,https://tickets.cinema-city.co.il/order/856987?lang=en,https://tickets.cinema-city.co.il/order/856987?lang=he,Regular,2D,,,2026-09-01,,,,172,14+,Beer Sheva,Cinema City,620
17:40,THE ODYSSEY,האודיסאה,https://tickets.cinema-city.co.il/order/856392?lang=en,https://tickets.cinema-city.co.il/order/856392?lang=he,Regular,2D,,,2026-09-01,,,,172,14+,Beer Sheva,Cinema City,620
16:10,THE ODYSSEY,האודיסאה,https://tickets.cinema-city.co.il/order/856440?lang=en,https://tickets.cinema-city.co.il/order/856440?lang=he,Regular,2D,,,2026-09-02,,,,172,14+,Beer Sheva,Cinema City,620
20:00,THE ODYSSEY,האודיסאה,https://tickets.cinema-city.co.il/order/856419?lang=en,https://tickets.cinema-city.co.il/order/856419?lang=he,Regular,2D,,,2026-09-02,,,,172,14+,Beer Sheva,Cinema City,620
14:30,The Magic Faraway Tree,המסע המופלא לעץ הקסמים,https://tickets.cinema-city.co.il/order/856371?lang=en,https://tickets.cinema-city.co.il/order/856371?lang=he,Regular,2D,,Hebrew,2026-09-01,,,,110,All,Beer Sheva,Cinema City,620
16:50,The Magic Faraway Tree,המסע המופלא לעץ הקסמים,https://tickets.cinema-city.co.il/order/856988?lang=en,https://tickets.cinema-city.co.il/order/856988?lang=he,Regular,2D,,Hebrew,2026-09-01,,,,110,All,Beer Sheva,Cinema City,620
15:50,The Magic Faraway Tree,המסע המופלא לעץ הקסמים,https://tickets.cinema-city.co.il/order/856437?lang=en,https://tickets.cinema-city.co.il/order/856437?lang=he,Regular,2D,,Hebrew,2026-09-02,,,,110,All,Beer Sheva,Cinema City,620
22:30,Insidious: Out of the Further,הרוע שבפנים: מחוץ למעבר,https://tickets.cinema-city.co.il/order/856373?lang=en,https://tickets.cinema-city.co.il/order/856373?lang=he,Regular,2D,,,2026-09-01,,,,106,14+,Beer Sheva,Cinema City,620
22:30,Insidious: Out of the Further,הרוע שבפנים: מחוץ למעבר,https://tickets.cinema-city.co.il/order/856441?lang=en,https://tickets.cinema-city.co.il/order/856441?lang=he,Regular,2D,,,2026-09-02,,,,106,14+,Beer Sheva,Cinema City,620
10:00,חינה אמריקאית,חינה אמריקאית,https://tickets.cinema-city.co.il/order/856995?lang=en,https://tickets.cinema-city.co.il/order/856995?lang=he,Regular,2D,,,2026-09-01,,,,89,All,Beer Sheva,Cinema City,620
12:20,חינה אמריקאית,חינה אמריקאית,https://tickets.cinema-city.co.il/order/856996?lang=en,https://tickets.cinema-city.co.il/order/856996?lang=he,Regular,2D,,,2026-09-01,,,,89,All,Beer Sheva,Cinema City,620
20:10,חינה אמריקאית,חינה אמריקאית,https://tickets.cinema-city.co.il/order/856370?lang=en,https://tickets.cinema-city.co.il/order/856370?lang=he,Regular,2D,,,2026-09-01,,,,89,All,Beer Sheva,Cinema City,620
18:20,חינה אמריקאית,חינה אמריקאית,https://tickets.cinema-city.co.il/order/856436?lang=en,https://tickets.cinema-city.co.il/order/856436?lang=he,Regular,2D,,,2026-09-02,,,,89,All,Beer Sheva,Cinema City,620
10:40,Dog Stars,כוכבי הכלב,https://tickets.cinema-city.co.il/order/856377?lang=en,https://tickets.cinema-city.co.il/order/856377?lang=he,Regular,2D,,,2026-09-01,,,,118,12+,Beer Sheva,Cinema City,620
13:40,Dog Stars,כוכבי הכלב,https://tickets.cinema-city.co.il/order/856376?lang=en,https://tickets.cinema-city.co.il/order/856376?lang=he,Regular,2D,,,2026-09-01,,,,118,12+,Beer Sheva,Cinema City,620
19:30,Dog Stars,כוכבי הכלב,https://tickets.cinema-city.co.il/order/856375?lang=en,https://tickets.cinema-city.co.il/order/856375?lang=he,Regular,2D,,,2026-09-01,,,,118,12+,Beer Sheva,Cinema City,620
22:30,Dog Stars,כוכבי הכלב,https://tickets.cinema-city.co.il/order/856386?lang=en,https://tickets.cinema-city.co.il/order/856386?lang=he,Regular,2D,,,2026-09-01,,,,118,12+,Beer Sheva,Cinema City,620
16:20,Dog Stars,כוכבי הכלב,https://tickets.cinema-city.co.il/order/856415?lang=en,https://tickets.cinema-city.co.il/order/856415?lang=he,Regular,2D,,,2026-09-02,,,,118,12+,Beer Sheva,Cinema City,620
19:15,Dog Stars,כוכבי הכלב,https://tickets.cinema-city.co.il/order/856443?lang=en,https://tickets.cinema-city.co.il/order/856443?lang=he,Regular,2D,,,2026-09-02,,,,118,12+,Beer Sheva,Cinema City,620
22:10,Dog Stars,כוכבי הכלב,https://tickets.cinema-city.co.il/order/856413?lang=en,https://tickets.cinema-city.co.il/order/856413?lang=he,Regular,2D,,,2026-09-02,,,,118,12+,Beer Sheva,Cinema City,620
11:40,One Night Only,לגמור את הלילה,https://tickets.cinema-city.co.il/order/856994?lang=en,https://tickets.cinema-city.co.il/order/856994?lang=he,Regular,2D,,,2026-09-01,,,,102,14+,Beer Sheva,Cinema City,620
19:00,One Night Only,לגמור את הלילה,https://tickets.cinema-city.co.il/order/856361?lang=en,https://tickets.cinema-city.co.il/order/856361?lang=he,Regular,2D,,,2026-09-01,,,,102,14+,Beer Sheva,Cinema City,620
19:50,One Night Only,לגמור את הלילה,https://tickets.cinema-city.co.il/order/856429?lang=en,https://tickets.cinema-city.co.il/order/856429?lang=he,Regular,2D,,,2026-09-02,,,,102,14+,Beer Sheva,Cinema City,620
11:30,Coyote vs. Acme,לוני טונס מציגים: קיוטי נגד אקמי,https://tickets.cinema-city.co.il/order/856990?lang=en,https://tickets.cinema-city.co.il/order/856990?lang=he,Regular,2D,,,2026-09-01,,,,101,All,Beer Sheva,Cinema City,620
14:00,Coyote vs. Acme,לוני טונס מציגים: קיוטי נגד אקמי,https://tickets.cinema-city.co.il/order/856374?lang=en,https://tickets.cinema-city.co.il/order/856374?lang=he,Regular,2D,,,2026-09-01,,,,101,All,Beer Sheva,Cinema City,620
15:30,Coyote vs. Acme,לוני טונס מציגים: קיוטי נגד אקמי,https://tickets.cinema-city.co.il/order/856442?lang=en,https://tickets.cinema-city.co.il/order/856442?lang=he,Regular,2D,,,2026-09-02,,,,101,All,Beer Sheva,Cinema City,620
16:20,Coyote vs. Acme,לוני טונס מציגים: קיוטי נגד אקמי,https://tickets.cinema-city.co.il/order/856981?lang=en,https://tickets.cinema-city.co.il/order/856981?lang=he,Regular,2D,,Hebrew,2026-09-01,,,,101,All,Beer Sheva,Cinema City,620
15:00,Coyote vs. Acme,לוני טונס מציגים: קיוטי נגד אקמי,https://tickets.cinema-city.co.il/order/856431?lang=en,https://tickets.cinema-city.co.il/order/856431?lang=he,Regular,2D,,Hebrew,2026-09-02,,,,101,All,Beer Sheva,Cinema City,620
17:45,Motor City,מוטור סיטי,https://tickets.cinema-city.co.il/order/856400?lang=en,https://tickets.cinema-city.co.il/order/856400?lang=he,Regular,2D,,,2026-09-01,,,,103,16+,Beer Sheva,Cinema City,620
15:00,Minions & Monsters,מיניונים ומפלצות,https://tickets.cinema-city.co.il/order/856980?lang=en,https://tickets.cinema-city.co.il/order/856980?lang=he,Regular,2D,,Hebrew,2026-09-01,,,,90,All,Beer Sheva,Cinema City,620
17:20,Minions & Monsters,מיניונים ומפלצות,https://tickets.cinema-city.co.il/order/856382?lang=en,https://tickets.cinema-city.co.il/order/856382?lang=he,Regular,2D,,Hebrew,2026-09-01,,,,90,All,Beer Sheva,Cinema City,620
17:40,Minions & Monsters,מיניונים ומפלצות,https://tickets.cinema-city.co.il/order/856410?lang=en,https://tickets.cinema-city.co.il/order/856410?lang=he,Regular,2D,,Hebrew,2026-09-02,,,,90,All,Beer Sheva,Cinema City,620
15:00,Paw Patrol: The Dino Movie,מפרץ ההרפתקאות: אי הדינוזאורים,https://tickets.cinema-city.co.il/order/856985?lang=en,https://tickets.cinema-city.co.il/order/856985?lang=he,Regular,2D,,Hebrew,2026-09-01,,,,88,All,Beer Sheva,Cinema City,620
17:00,Paw Patrol: The Dino Movie,מפרץ ההרפתקאות: אי הדינוזאורים,https://tickets.cinema-city.co.il/order/856986?lang=en,https://tickets.cinema-city.co.il/order/856986?lang=he,Regular,2D,,Hebrew,2026-09-01,,,,88,All,Beer Sheva,Cinema City,620
15:10,Paw Patrol: The Dino Movie,מפרץ ההרפתקאות: אי הדינוזאורים,https://tickets.cinema-city.co.il/order/856439?lang=en,https://tickets.cinema-city.co.il/order/856439?lang=he,Regular,2D,,Hebrew,2026-09-02,,,,88,All,Beer Sheva,Cinema City,620
10:00,MUTINY,נקמה בלב ים,https://tickets.cinema-city.co.il/order/856982?lang=en,https://tickets.cinema-city.co.il/order/856982?lang=he,Regular,2D,,,2026-09-01,,,,95,14+,Beer Sheva,Cinema City,620
12:30,MUTINY,נקמה בלב ים,https://tickets.cinema-city.co.il/order/856390?lang=en,https://tickets.cinema-city.co.il/order/856390?lang=he,Regular,2D,,,2026-09-01,,,,95,14+,Beer Sheva,Cinema City,620
17:25,MUTINY,נקמה בלב ים,https://tickets.cinema-city.co.il/order/856389?lang=en,https://tickets.cinema-city.co.il/order/856389?lang=he,Regular,2D,,,2026-09-01,,,,95,14+,Beer Sheva,Cinema City,620
20:00,MUTINY,נקמה בלב ים,https://tickets.cinema-city.co.il/order/856388?lang=en,https://tickets.cinema-city.co.il/order/856388?lang=he,Regular,2D,,,2026-09-01,,,,95,14+,Beer Sheva,Cinema City,620
22:30,MUTINY,נקמה בלב ים,https://tickets.cinema-city.co.il/order/856387?lang=en,https://tickets.cinema-city.co.il/order/856387?lang=he,Regular,2D,,,2026-09-01,,,,95,14+,Beer Sheva,Cinema City,620
15:10,MUTINY,נקמה בלב ים,https://tickets.cinema-city.co.il/order/856417?lang=en,https://tickets.cinema-city.co.il/order/856417?lang=he,Regular,2D,,,2026-09-02,,,,95,14+,Beer Sheva,Cinema City,620
17:35,MUTINY,נקמה בלב ים,https://tickets.cinema-city.co.il/order/856416?lang=en,https://tickets.cinema-city.co.il/order/856416?lang=he,Regular,2D,,,2026-09-02,,,,95,14+,Beer Sheva,Cinema City,620
20:00,MUTINY,נקמה בלב ים,https://tickets.cinema-city.co.il/order/856405?lang=en,https://tickets.cinema-city.co.il/order/856405?lang=he,Regular,2D,,,2026-09-02,,,,95,14+,Beer Sheva,Cinema City,620
22:30,MUTINY,נקמה בלב ים,https://tickets.cinema-city.co.il/order/856414?lang=en,https://tickets.cinema-city.co.il/order/856414?lang=he,Regular,2D,,,2026-09-02,,,,95,14+,Beer Sheva,Cinema City,620
12:00,SPA WEEKEND,ספא וויקנד,https://tickets.cinema-city.co.il/order/856993?lang=en,https://tickets.cinema-city.co.il/order/856993?lang=he,Regular,2D,,,2026-09-01,,,,97,14+,Beer Sheva,Cinema City,620
14:20,SPA WEEKEND,ספא וויקנד,https://tickets.cinema-city.co.il/order/856368?lang=en,https://tickets.cinema-city.co.il/order/856368?lang=he,Regular,2D,,,2026-09-01,,,,97,14+,Beer Sheva,Cinema City,620
16:45,SPA WEEKEND,ספא וויקנד,https://tickets.cinema-city.co.il/order/856367?lang=en,https://tickets.cinema-city.co.il/order/856367?lang=he,Regular,2D,,,2026-09-01,,,,97,14+,Beer Sheva,Cinema City,620
19:05,SPA WEEKEND,ספא וויקנד,https://tickets.cinema-city.co.il/order/856366?lang=en,https://tickets.cinema-city.co.il/order/856366?lang=he,Regular,2D,,,2026-09-01,,,,97,14+,Beer Sheva,Cinema City,620
21:30,SPA WEEKEND,ספא וויקנד,https://tickets.cinema-city.co.il/order/856365?lang=en,https://tickets.cinema-city.co.il/order/856365?lang=he,Regular,2D,,,2026-09-01,,,,97,14+,Beer Sheva,Cinema City,620
15:50,SPA WEEKEND,ספא וויקנד,https://tickets.cinema-city.co.il/order/856977?lang=en,https://tickets.cinema-city.co.il/order/856977?lang=he,Regular,2D,,,2026-09-02,,,,97,14+,Beer Sheva,Cinema City,620
18:30,SPA WEEKEND,ספא וויקנד,https://tickets.cinema-city.co.il/order/856434?lang=en,https://tickets.cinema-city.co.il/order/856434?lang=he,Regular,2D,,,2026-09-02,,,,97,14+,Beer Sheva,Cinema City,620
21:00,SPA WEEKEND,ספא וויקנד,https://tickets.cinema-city.co.il/order/856432?lang=en,https://tickets.cinema-city.co.il/order/856432?lang=he,Regular,2D,,,2026-09-02,,,,97,14+,Beer Sheva,Cinema City,620
10:50,SPIDERMAN: BRAND NEW DAY,ספיידרמן: יום חדש,https://tickets.cinema-city.co.il/order/856989?lang=en,https://tickets.cinema-city.co.il/order/856989?lang=he,Regular,2D,,,2026-09-01,,,,150,All,Beer Sheva,Cinema City,620
14:30,SPIDERMAN: BRAND NEW DAY,ספיידרמן: יום חדש,https://tickets.cinema-city.co.il/order/856404?lang=en,https://tickets.cinema-city.co.il/order/856404?lang=he,Regular,2D,,,2026-09-01,,,,150,All,Beer Sheva,Cinema City,620
16:30,SPIDERMAN: BRAND NEW DAY,ספיידרמן: יום חדש,https://tickets.cinema-city.co.il/order/856385?lang=en,https://tickets.cinema-city.co.il/order/856385?lang=he,Regular,2D,,,2026-09-01,,,,150,All,Beer Sheva,Cinema City,620
19:50,SPIDERMAN: BRAND NEW DAY,ספיידרמן: יום חדש,https://tickets.cinema-city.co.il/order/856384?lang=en,https://tickets.cinema-city.co.il/order/856384?lang=he,Regular,2D,,,2026-09-01,,,,150,All,Beer Sheva,Cinema City,620
21:30,SPIDERMAN: BRAND NEW DAY,ספיידרמן: יום חדש,https://tickets.cinema-city.co.il/order/856383?lang=en,https://tickets.cinema-city.co.il/order/856383?lang=he,Regular,2D,,,2026-09-01,,,,150,All,Beer Sheva,Cinema City,620
15:20,SPIDERMAN: BRAND NEW DAY,ספיידרמן: יום חדש,https://tickets.cinema-city.co.il/order/856976?lang=en,https://tickets.cinema-city.co.il/order/856976?lang=he,Regular,2D,,,2026-09-02,,,,150,All,Beer Sheva,Cinema City,620
18:30,SPIDERMAN: BRAND NEW DAY,ספיידרמן: יום חדש,https://tickets.cinema-city.co.il/order/856412?lang=en,https://tickets.cinema-city.co.il/order/856412?lang=he,Regular,2D,,,2026-09-02,,,,150,All,Beer Sheva,Cinema City,620
21:40,SPIDERMAN: BRAND NEW DAY,ספיידרמן: יום חדש,https://tickets.cinema-city.co.il/order/856411?lang=en,https://tickets.cinema-city.co.il/order/856411?lang=he,Regular,2D,,,2026-09-02,,,,150,All,Beer Sheva,Cinema City,620
10:40,Tell Me Everything,עצמאות,https://tickets.cinema-city.co.il/order/856979?lang=en,https://tickets.cinema-city.co.il/order/856979?lang=he,Regular,2D,,,2026-09-01,,,,109,12+,Beer Sheva,Cinema City,620
13:30,Tell Me Everything,עצמאות,https://tickets.cinema-city.co.il/order/856395?lang=en,https://tickets.cinema-city.co.il/order/856395?lang=he,Regular,2D,,,2026-09-01,,,,109,12+,Beer Sheva,Cinema City,620
19:00,Tell Me Everything,עצמאות,https://tickets.cinema-city.co.il/order/856397?lang=en,https://tickets.cinema-city.co.il/order/856397?lang=he,Regular,2D,,,2026-09-01,,,,109,12+,Beer Sheva,Cinema City,620
21:30,Tell Me Everything,עצמאות,https://tickets.cinema-city.co.il/order/856399?lang=en,https://tickets.cinema-city.co.il/order/856399?lang=he,Regular,2D,,,2026-09-01,,,,109,12+,Beer Sheva,Cinema City,620
22:15,Tell Me Everything,עצמאות,https://tickets.cinema-city.co.il/order/856398?lang=en,https://tickets.cinema-city.co.il/order/856398?lang=he,Regular,2D,,,2026-09-01,,,,109,12+,Beer Sheva,Cinema City,620
16:15,Tell Me Everything,עצמאות,https://tickets.cinema-city.co.il/order/856423?lang=en,https://tickets.cinema-city.co.il/order/856423?lang=he,Regular,2D,,,2026-09-02,,,,109,12+,Beer Sheva,Cinema City,620
19:00,Tell Me Everything,עצמאות,https://tickets.cinema-city.co.il/order/856424?lang=en,https://tickets.cinema-city.co.il/order/856424?lang=he,Regular,2D,,,2026-09-02,,,,109,12+,Beer Sheva,Cinema City,620
20:30,Tell Me Everything,עצמאות,https://tickets.cinema-city.co.il/order/856426?lang=en,https://tickets.cinema-city.co.il/order/856426?lang=he,Regular,2D,,,2026-09-02,,,,109,12+,Beer Sheva,Cinema City,620
21:50,Tell Me Everything,עצמאות,https://tickets.cinema-city.co.il/order/856425?lang=en,https://tickets.cinema-city.co.il/order/856425?lang=he,Regular,2D,,,2026-09-02,,,,109,12+,Beer Sheva,Cinema City,620
19:30,Leviticus,פולחן הדמים,https://tickets.cinema-city.co.il/order/856379?lang=en,https://tickets.cinema-city.co.il/order/856379?lang=he,Regular,2D,,,2026-09-01,,,,88,14+,Beer Sheva,Cinema City,620
21:55,Leviticus,פולחן הדמים,https://tickets.cinema-city.co.il/order/856378?lang=en,https://tickets.cinema-city.co.il/order/856378?lang=he,Regular,2D,,,2026-09-01,,,,88,14+,Beer Sheva,Cinema City,620
20:00,Leviticus,פולחן הדמים,https://tickets.cinema-city.co.il/order/856407?lang=en,https://tickets.cinema-city.co.il/order/856407?lang=he,Regular,2D,,,2026-09-02,,,,88,14+,Beer Sheva,Cinema City,620
22:20,Leviticus,פולחן הדמים,https://tickets.cinema-city.co.il/order/856406?lang=en,https://tickets.cinema-city.co.il/order/856406?lang=he,Regular,2D,,,2026-09-02,,,,88,14+,Beer Sheva,Cinema City,620
10:10,קופה ראשית: הסרט,קופה ראשית: הסרט,https://tickets.cinema-city.co.il/order/856992?lang=en,https://tickets.cinema-city.co.il/order/856992?lang=he,Regular,2D,,,2026-09-01,,,,91,All,Beer Sheva,Cinema City,620
12:30,קופה ראשית: הסרט,קופה ראשית: הסרט,https://tickets.cinema-city.co.il/order/856991?lang=en,https://tickets.cinema-city.co.il/order/856991?lang=he,Regular,2D,,,2026-09-01,,,,91,All,Beer Sheva,Cinema City,620
15:15,קופה ראשית: הסרט,קופה ראשית: הסרט,https://tickets.cinema-city.co.il/order/856364?lang=en,https://tickets.cinema-city.co.il/order/856364?lang=he,Regular,2D,,,2026-09-01,,,,91,All,Beer Sheva,Cinema City,620
18:00,קופה ראשית: הסרט,קופה ראשית: הסרט,https://tickets.cinema-city.co.il/order/856394?lang=en,https://tickets.cinema-city.co.il/order/856394?lang=he,Regular,2D,,,2026-09-01,,,,91,All,Beer Sheva,Cinema City,620
20:15,קופה ראשית: הסרט,קופה ראשית: הסרט,https://tickets.cinema-city.co.il/order/856393?lang=en,https://tickets.cinema-city.co.il/order/856393?lang=he,Regular,2D,,,2026-09-01,,,,91,All,Beer Sheva,Cinema City,620
18:00,קופה ראשית: הסרט,קופה ראשית: הסרט,https://tickets.cinema-city.co.il/order/856421?lang=en,https://tickets.cinema-city.co.il/order/856421?lang=he,Regular,2D,,,2026-09-02,,,,91,All,Beer Sheva,Cinema City,620
20:15,קופה ראשית: הסרט,קופה ראשית: הסרט,https://tickets.cinema-city.co.il/order/856420?lang=en,https://tickets.cinema-city.co.il/order/856420?lang=he,Regular,2D,,,2026-09-02,,,,91,All,Beer Sheva,Cinema City,620
22:00,Ice Cream Man,איש הגלידה,https://tickets.cinema-city.co.il/order/854048?lang=en,https://tickets.cinema-city.co.il/order/854048?lang=he,Regular,2D,,,2026-09-01,,,,86,18+,Chadera,Cinema City,620
22:00,Ice Cream Man,איש הגלידה,https://tickets.cinema-city.co.il/order/854107?lang=en,https://tickets.cinema-city.co.il/order/854107?lang=he,Regular,2D,,,2026-09-02,,,,86,18+,Chadera,Cinema City,620
10:30,גבעה 338,גבעה 338,https://tickets.cinema-city.co.il/order/854089?lang=en,https://tickets.cinema-city.co.il/order/854089?lang=he,Regular,2D,,,2026-09-01,,,,106,9+,Chadera,Cinema City,620
12:15,גבעה 338,גבעה 338,https://tickets.cinema-city.co.il/order/854069?lang=en,https://tickets.cinema-city.co.il/order/854069?lang=he,Regular,2D,,,2026-09-01,,,,106,9+,Chadera,Cinema City,620
14:40,גבעה 338,גבעה 338,https://tickets.cinema-city.co.il/order/854053?lang=en,https://tickets.cinema-city.co.il/order/854053?lang=he,Regular,2D,,,2026-09-01,,,,106,9+,Chadera,Cinema City,620
19:30,גבעה 338,גבעה 338,https://tickets.cinema-city.co.il/order/854054?lang=en,https://tickets.cinema-city.co.il/order/854054?lang=he,Regular,2D,,,2026-09-01,,,,106,9+,Chadera,Cinema City,620
22:00,גבעה 338,גבעה 338,https://tickets.cinema-city.co.il/order/854055?lang=en,https://tickets.cinema-city.co.il/order/854055?lang=he,Regular,2D,,,2026-09-01,,,,106,9+,Chadera,Cinema City,620
11:40,גבעה 338,גבעה 338,https://tickets.cinema-city.co.il/order/854183?lang=en,https://tickets.cinema-city.co.il/order/854183?lang=he,Regular,2D,,,2026-09-02,,,,106,9+,Chadera,Cinema City,620
19:30,גבעה 338,גבעה 338,https://tickets.cinema-city.co.il/order/854131?lang=en,https://tickets.cinema-city.co.il/order/854131?lang=he,Regular,2D,,,2026-09-02,,,,106,9+,Chadera,Cinema City,620
22:00,גבעה 338,גבעה 338,https://tickets.cinema-city.co.il/order/854132?lang=en,https://tickets.cinema-city.co.il/order/854132?lang=he,Regular,2D,,,2026-09-02,,,,106,9+,Chadera,Cinema City,620
14:45,GRACIE & PEDRO: PETS TO THE RESCUE,גרייסי ופדרו: חיות המחמד בפעולה,https://tickets.cinema-city.co.il/order/854086?lang=en,https://tickets.cinema-city.co.il/order/854086?lang=he,Regular,2D,,Hebrew,2026-09-01,,,,87,All,Chadera,Cinema City,620
14:40,GRACIE & PEDRO: PETS TO THE RESCUE,גרייסי ופדרו: חיות המחמד בפעולה,https://tickets.cinema-city.co.il/order/854106?lang=en,https://tickets.cinema-city.co.il/order/854106?lang=he,Regular,2D,,Hebrew,2026-09-02,,,,87,All,Chadera,Cinema City,620
14:10,THE POUT POUT FISH,דג ושמו באסה,https://tickets.cinema-city.co.il/order/854037?lang=en,https://tickets.cinema-city.co.il/order/854037?lang=he,Regular,2D,,Hebrew,2026-09-01,,,,93,,Chadera,Cinema City,620
14:10,THE POUT POUT FISH,דג ושמו באסה,https://tickets.cinema-city.co.il/order/854108?lang=en,https://tickets.cinema-city.co.il/order/854108?lang=he,Regular,2D,,Hebrew,2026-09-02,,,,93,,Chadera,Cinema City,620
11:10,THE ODYSSEY,האודיסאה,https://tickets.cinema-city.co.il/order/854072?lang=en,https://tickets.cinema-city.co.il/order/854072?lang=he,Regular,2D,,,2026-09-01,,,,172,14+,Chadera,Cinema City,620
13:00,THE ODYSSEY,האודיסאה,https://tickets.cinema-city.co.il/order/854071?lang=en,https://tickets.cinema-city.co.il/order/854071?lang=he,Regular,2D,,,2026-09-01,,,,172,14+,Chadera,Cinema City,620
16:30,THE ODYSSEY,האודיסאה,https://tickets.cinema-city.co.il/order/854070?lang=en,https://tickets.cinema-city.co.il/order/854070?lang=he,Regular,2D,,,2026-09-01,,,,172,14+,Chadera,Cinema City,620
20:00,THE ODYSSEY,האודיסאה,https://tickets.cinema-city.co.il/order/854057?lang=en,https://tickets.cinema-city.co.il/order/854057?lang=he,Regular,2D,,,2026-09-01,,,,172,14+,Chadera,Cinema City,620
11:10,THE ODYSSEY,האודיסאה,https://tickets.cinema-city.co.il/order/854172?lang=en,https://tickets.cinema-city.co.il/order/854172?lang=he,Regular,2D,,,2026-09-02,,,,172,14+,Chadera,Cinema City,620
16:20,THE ODYSSEY,האודיסאה,https://tickets.cinema-city.co.il/order/854100?lang=en,https://tickets.cinema-city.co.il/order/854100?lang=he,Regular,2D,,,2026-09-02,,,,172,14+,Chadera,Cinema City,620
19:50,THE ODYSSEY,האודיסאה,https://tickets.cinema-city.co.il/order/854136?lang=en,https://tickets.cinema-city.co.il/order/854136?lang=he,Regular,2D,,,2026-09-02,,,,172,14+,Chadera,Cinema City,620
14:25,The Magic Faraway Tree,המסע המופלא לעץ הקסמים,https://tickets.cinema-city.co.il/order/854051?lang=en,https://tickets.cinema-city.co.il/order/854051?lang=he,Regular,2D,,Hebrew,2026-09-01,,,,110,All,Chadera,Cinema City,620
14:15,The Magic Faraway Tree,המסע המופלא לעץ הקסמים,https://tickets.cinema-city.co.il/order/854126?lang=en,https://tickets.cinema-city.co.il/order/854126?lang=he,Regular,2D,,Hebrew,2026-09-02,,,,110,All,Chadera,Cinema City,620
21:50,Insidious: Out of the Further,הרוע שבפנים: מחוץ למעבר,https://tickets.cinema-city.co.il/order/854058?lang=en,https://tickets.cinema-city.co.il/order/854058?lang=he,Regular,2D,,,2026-09-01,,,,106,14+,Chadera,Cinema City,620
23:30,Insidious: Out of the Further,הרוע שבפנים: מחוץ למעבר,https://tickets.cinema-city.co.il/order/854092?lang=en,https://tickets.cinema-city.co.il/order/854092?lang=he,Regular,2D,,,2026-09-01,,,,106,14+,Chadera,Cinema City,620
21:50,Insidious: Out of the Further,הרוע שבפנים: מחוץ למעבר,https://tickets.cinema-city.co.il/order/854139?lang=en,https://tickets.cinema-city.co.il/order/854139?lang=he,Regular,2D,,,2026-09-02,,,,106,14+,Chadera,Cinema City,620
11:50,Bitter Christmas,חג מולד מר,https://tickets.cinema-city.co.il/order/854090?lang=en,https://tickets.cinema-city.co.il/order/854090?lang=he,Regular,2D,,,2026-09-01,,,,112,All,Chadera,Cinema City,620
18:45,Bitter Christmas,חג מולד מר,https://tickets.cinema-city.co.il/order/854091?lang=en,https://tickets.cinema-city.co.il/order/854091?lang=he,Regular,2D,,,2026-09-01,,,,112,All,Chadera,Cinema City,620
11:10,Dog Stars,כוכבי הכלב,https://tickets.cinema-city.co.il/order/854080?lang=en,https://tickets.cinema-city.co.il/order/854080?lang=he,Regular,2D,,,2026-09-01,,,,118,12+,Chadera,Cinema City,620
13:50,Dog Stars,כוכבי הכלב,https://tickets.cinema-city.co.il/order/854047?lang=en,https://tickets.cinema-city.co.il/order/854047?lang=he,Regular,2D,,,2026-09-01,,,,118,12+,Chadera,Cinema City,620
16:30,Dog Stars,כוכבי הכלב,https://tickets.cinema-city.co.il/order/854043?lang=en,https://tickets.cinema-city.co.il/order/854043?lang=he,Regular,2D,,,2026-09-01,,,,118,12+,Chadera,Cinema City,620
19:10,Dog Stars,כוכבי הכלב,https://tickets.cinema-city.co.il/order/854035?lang=en,https://tickets.cinema-city.co.il/order/854035?lang=he,Regular,2D,,,2026-09-01,,,,118,12+,Chadera,Cinema City,620
21:50,Dog Stars,כוכבי הכלב,https://tickets.cinema-city.co.il/order/854042?lang=en,https://tickets.cinema-city.co.il/order/854042?lang=he,Regular,2D,,,2026-09-01,,,,118,12+,Chadera,Cinema City,620
11:30,Dog Stars,כוכבי הכלב,https://tickets.cinema-city.co.il/order/854177?lang=en,https://tickets.cinema-city.co.il/order/854177?lang=he,Regular,2D,,,2026-09-02,,,,118,12+,Chadera,Cinema City,620
16:40,Dog Stars,כוכבי הכלב,https://tickets.cinema-city.co.il/order/854114?lang=en,https://tickets.cinema-city.co.il/order/854114?lang=he,Regular,2D,,,2026-09-02,,,,118,12+,Chadera,Cinema City,620
19:20,Dog Stars,כוכבי הכלב,https://tickets.cinema-city.co.il/order/854119?lang=en,https://tickets.cinema-city.co.il/order/854119?lang=he,Regular,2D,,,2026-09-02,,,,118,12+,Chadera,Cinema City,620
22:00,Dog Stars,כוכבי הכלב,https://tickets.cinema-city.co.il/order/854113?lang=en,https://tickets.cinema-city.co.il/order/854113?lang=he,Regular,2D,,,2026-09-02,,,,118,12+,Chadera,Cinema City,620
10:20,Cuz You're Ugly,כי את מכוערת,https://tickets.cinema-city.co.il/order/854084?lang=en,https://tickets.cinema-city.co.il/order/854084?lang=he,Regular,2D,,,2026-09-01,,,,83,12+,Chadera,Cinema City,620
10:20,Cuz You're Ugly,כי את מכוערת,https://tickets.cinema-city.co.il/order/854185?lang=en,https://tickets.cinema-city.co.il/order/854185?lang=he,Regular,2D,,,2026-09-02,,,,83,12+,Chadera,Cinema City,620
10:10,One Night Only,לגמור את הלילה,https://tickets.cinema-city.co.il/order/854187?lang=en,https://tickets.cinema-city.co.il/order/854187?lang=he,Regular,2D,,,2026-09-02,,,,102,14+,Chadera,Cinema City,620
12:15,One Night Only,לגמור את הלילה,https://tickets.cinema-city.co.il/order/854179?lang=en,https://tickets.cinema-city.co.il/order/854179?lang=he,Regular,2D,,,2026-09-02,,,,102,14+,Chadera,Cinema City,620
18:50,One Night Only,לגמור את הלילה,https://tickets.cinema-city.co.il/order/854118?lang=en,https://tickets.cinema-city.co.il/order/854118?lang=he,Regular,2D,,,2026-09-02,,,,102,14+,Chadera,Cinema City,620
11:20,La La Land 10th Anniversary,לה לה לנד-חגיגות העשור,https://tickets.cinema-city.co.il/order/854085?lang=en,https://tickets.cinema-city.co.il/order/854085?lang=he,Regular,2D,,,2026-09-01,,,,128,All,Chadera,Cinema City,620
11:20,La La Land 10th Anniversary,לה לה לנד-חגיגות העשור,https://tickets.cinema-city.co.il/order/854181?lang=en,https://tickets.cinema-city.co.il/order/854181?lang=he,Regular,2D,,,2026-09-02,,,,128,All,Chadera,Cinema City,620
17:20,Coyote vs. Acme,לוני טונס מציגים: קיוטי נגד אקמי,https://tickets.cinema-city.co.il/order/854156?lang=en,https://tickets.cinema-city.co.il/order/854156?lang=he,Regular,2D,,,2026-09-02,,,,101,All,Chadera,Cinema City,620
17:10,Coyote vs. Acme,לוני טונס מציגים: קיוטי נגד אקמי,https://tickets.cinema-city.co.il/order/854060?lang=en,https://tickets.cinema-city.co.il/order/854060?lang=he,Regular,2D,,Hebrew,2026-09-01,,,,101,All,Chadera,Cinema City,620
14:45,Coyote vs. Acme,לוני טונס מציגים: קיוטי נגד אקמי,https://tickets.cinema-city.co.il/order/854153?lang=en,https://tickets.cinema-city.co.il/order/854153?lang=he,Regular,2D,,Hebrew,2026-09-02,,,,101,All,Chadera,Cinema City,620
17:10,Coyote vs. Acme,לוני טונס מציגים: קיוטי נגד אקמי,https://tickets.cinema-city.co.il/order/854143?lang=en,https://tickets.cinema-city.co.il/order/854143?lang=he,Regular,2D,,Hebrew,2026-09-02,,,,101,All,Chadera,Cinema City,620
17:50,Minions & Monsters,מיניונים ומפלצות,https://tickets.cinema-city.co.il/order/854059?lang=en,https://tickets.cinema-city.co.il/order/854059?lang=he,Regular,2D,,Hebrew,2026-09-01,,,,90,All,Chadera,Cinema City,620
16:45,Minions & Monsters,מיניונים ומפלצות,https://tickets.cinema-city.co.il/order/854141?lang=en,https://tickets.cinema-city.co.il/order/854141?lang=he,Regular,2D,,Hebrew,2026-09-02,,,,90,All,Chadera,Cinema City,620
16:50,Paw Patrol: The Dino Movie,מפרץ ההרפתקאות: אי הדינוזאורים,https://tickets.cinema-city.co.il/order/854040?lang=en,https://tickets.cinema-city.co.il/order/854040?lang=he,Regular,2D,,Hebrew,2026-09-01,,,,88,All,Chadera,Cinema City,620
14:10,Paw Patrol: The Dino Movie,מפרץ ההרפתקאות: אי הדינוזאורים,https://tickets.cinema-city.co.il/order/854147?lang=en,https://tickets.cinema-city.co.il/order/854147?lang=he,Regular,2D,,Hebrew,2026-09-02,,,,88,All,Chadera,Cinema City,620
16:20,Paw Patrol: The Dino Movie,מפרץ ההרפתקאות: אי הדינוזאורים,https://tickets.cinema-city.co.il/order/854111?lang=en,https://tickets.cinema-city.co.il/order/854111?lang=he,Regular,2D,,Hebrew,2026-09-02,,,,88,All,Chadera,Cinema City,620
11:30,MUTINY,נקמה בלב ים,https://tickets.cinema-city.co.il/order/854036?lang=en,https://tickets.cinema-city.co.il/order/854036?lang=he,Regular,2D,,,2026-09-01,,,,95,14+,Chadera,Cinema City,620
14:00,MUTINY,נקמה בלב ים,https://tickets.cinema-city.co.il/order/854041?lang=en,https://tickets.cinema-city.co.il/order/854041?lang=he,Regular,2D,,,2026-09-01,,,,95,14+,Chadera,Cinema City,620
16:30,MUTINY,נקמה בלב ים,https://tickets.cinema-city.co.il/order/854067?lang=en,https://tickets.cinema-city.co.il/order/854067?lang=he,Regular,2D,,,2026-09-01,,,,95,14+,Chadera,Cinema City,620
19:00,MUTINY,נקמה בלב ים,https://tickets.cinema-city.co.il/order/854066?lang=en,https://tickets.cinema-city.co.il/order/854066?lang=he,Regular,2D,,,2026-09-01,,,,95,14+,Chadera,Cinema City,620
21:30,MUTINY,נקמה בלב ים,https://tickets.cinema-city.co.il/order/854065?lang=en,https://tickets.cinema-city.co.il/order/854065?lang=he,Regular,2D,,,2026-09-01,,,,95,14+,Chadera,Cinema City,620
23:30,MUTINY,נקמה בלב ים,https://tickets.cinema-city.co.il/order/854094?lang=en,https://tickets.cinema-city.co.il/order/854094?lang=he,Regular,2D,,,2026-09-01,,,,95,14+,Chadera,Cinema City,620
11:30,MUTINY,נקמה בלב ים,https://tickets.cinema-city.co.il/order/854174?lang=en,https://tickets.cinema-city.co.il/order/854174?lang=he,Regular,2D,,,2026-09-02,,,,95,14+,Chadera,Cinema City,620
14:00,MUTINY,נקמה בלב ים,https://tickets.cinema-city.co.il/order/854112?lang=en,https://tickets.cinema-city.co.il/order/854112?lang=he,Regular,2D,,,2026-09-02,,,,95,14+,Chadera,Cinema City,620
16:30,MUTINY,נקמה בלב ים,https://tickets.cinema-city.co.il/order/854099?lang=en,https://tickets.cinema-city.co.il/order/854099?lang=he,Regular,2D,,,2026-09-02,,,,95,14+,Chadera,Cinema City,620
19:00,MUTINY,נקמה בלב ים,https://tickets.cinema-city.co.il/order/854098?lang=en,https://tickets.cinema-city.co.il/order/854098?lang=he,Regular,2D,,,2026-09-02,,,,95,14+,Chadera,Cinema City,620
21:30,MUTINY,נקמה בלב ים,https://tickets.cinema-city.co.il/order/854097?lang=en,https://tickets.cinema-city.co.il/order/854097?lang=he,Regular,2D,,,2026-09-02,,,,95,14+,Chadera,Cinema City,620
23:30,MUTINY,נקמה בלב ים,https://tickets.cinema-city.co.il/order/854160?lang=en,https://tickets.cinema-city.co.il/order/854160?lang=he,Regular,2D,,,2026-09-02,,,,95,14+,Chadera,Cinema City,620
11:00,SPA WEEKEND,ספא וויקנד,https://tickets.cinema-city.co.il/order/854068?lang=en,https://tickets.cinema-city.co.il/order/854068?lang=he,Regular,2D,,,2026-09-01,,,,97,14+,Chadera,Cinema City,620
13:20,SPA WEEKEND,ספא וויקנד,https://tickets.cinema-city.co.il/order/854061?lang=en,https://tickets.cinema-city.co.il/order/854061?lang=he,Regular,2D,,,2026-09-01,,,,97,14+,Chadera,Cinema City,620
16:30,SPA WEEKEND,ספא וויקנד,https://tickets.cinema-city.co.il/order/854062?lang=en,https://tickets.cinema-city.co.il/order/854062?lang=he,Regular,2D,,,2026-09-01,,,,97,14+,Chadera,Cinema City,620
19:30,SPA WEEKEND,ספא וויקנד,https://tickets.cinema-city.co.il/order/854063?lang=en,https://tickets.cinema-city.co.il/order/854063?lang=he,Regular,2D,,,2026-09-01,,,,97,14+,Chadera,Cinema City,620
21:10,SPA WEEKEND,ספא וויקנד,https://tickets.cinema-city.co.il/order/854064?lang=en,https://tickets.cinema-city.co.il/order/854064?lang=he,Regular,2D,,,2026-09-01,,,,97,14+,Chadera,Cinema City,620
11:50,SPA WEEKEND,ספא וויקנד,https://tickets.cinema-city.co.il/order/854165?lang=en,https://tickets.cinema-city.co.il/order/854165?lang=he,Regular,2D,,,2026-09-02,,,,97,14+,Chadera,Cinema City,620
14:10,SPA WEEKEND,ספא וויקנד,https://tickets.cinema-city.co.il/order/854163?lang=en,https://tickets.cinema-city.co.il/order/854163?lang=he,Regular,2D,,,2026-09-02,,,,97,14+,Chadera,Cinema City,620
16:30,SPA WEEKEND,ספא וויקנד,https://tickets.cinema-city.co.il/order/854101?lang=en,https://tickets.cinema-city.co.il/order/854101?lang=he,Regular,2D,,,2026-09-02,,,,97,14+,Chadera,Cinema City,620
19:30,SPA WEEKEND,ספא וויקנד,https://tickets.cinema-city.co.il/order/854095?lang=en,https://tickets.cinema-city.co.il/order/854095?lang=he,Regular,2D,,,2026-09-02,,,,97,14+,Chadera,Cinema City,620
21:10,SPA WEEKEND,ספא וויקנד,https://tickets.cinema-city.co.il/order/854096?lang=en,https://tickets.cinema-city.co.il/order/854096?lang=he,Regular,2D,,,2026-09-02,,,,97,14+,Chadera,Cinema City,620
16:20,SPIDERMAN: BRAND NEW DAY,ספיידרמן: יום חדש,https://tickets.cinema-city.co.il/order/854049?lang=en,https://tickets.cinema-city.co.il/order/854049?lang=he,Regular,2D,,,2026-09-01,,,,150,All,Chadera,Cinema City,620
18:50,SPIDERMAN: BRAND NEW DAY,ספיידרמן: יום חדש,https://tickets.cinema-city.co.il/order/854038?lang=en,https://tickets.cinema-city.co.il/order/854038?lang=he,Regular,2D,,,2026-09-01,,,,150,All,Chadera,Cinema City,620
21:15,SPIDERMAN: BRAND NEW DAY,ספיידרמן: יום חדש,https://tickets.cinema-city.co.il/order/854039?lang=en,https://tickets.cinema-city.co.il/order/854039?lang=he,Regular,2D,,,2026-09-01,,,,150,All,Chadera,Cinema City,620
11:10,SPIDERMAN: BRAND NEW DAY,ספיידרמן: יום חדש,https://tickets.cinema-city.co.il/order/854170?lang=en,https://tickets.cinema-city.co.il/order/854170?lang=he,Regular,2D,,,2026-09-02,,,,150,All,Chadera,Cinema City,620
14:15,SPIDERMAN: BRAND NEW DAY,ספיידרמן: יום חדש,https://tickets.cinema-city.co.il/order/854145?lang=en,https://tickets.cinema-city.co.il/order/854145?lang=he,Regular,2D,,,2026-09-02,,,,150,All,Chadera,Cinema City,620
16:20,SPIDERMAN: BRAND NEW DAY,ספיידרמן: יום חדש,https://tickets.cinema-city.co.il/order/854122?lang=en,https://tickets.cinema-city.co.il/order/854122?lang=he,Regular,2D,,,2026-09-02,,,,150,All,Chadera,Cinema City,620
18:50,SPIDERMAN: BRAND NEW DAY,ספיידרמן: יום חדש,https://tickets.cinema-city.co.il/order/854109?lang=en,https://tickets.cinema-city.co.il/order/854109?lang=he,Regular,2D,,,2026-09-02,,,,150,All,Chadera,Cinema City,620
21:15,SPIDERMAN: BRAND NEW DAY,ספיידרמן: יום חדש,https://tickets.cinema-city.co.il/order/854110?lang=en,https://tickets.cinema-city.co.il/order/854110?lang=he,Regular,2D,,,2026-09-02,,,,150,All,Chadera,Cinema City,620
22:30,SPIDERMAN: BRAND NEW DAY,ספיידרמן: יום חדש,https://tickets.cinema-city.co.il/order/854158?lang=en,https://tickets.cinema-city.co.il/order/854158?lang=he,Regular,2D,,,2026-09-02,,,,150,All,Chadera,Cinema City,620
10:00,Tell Me Everything,עצמאות,https://tickets.cinema-city.co.il/order/854077?lang=en,https://tickets.cinema-city.co.il/order/854077?lang=he,Regular,2D,,,2026-09-01,,,,109,12+,Chadera,Cinema City,620
11:30,Tell Me Everything,עצמאות,https://tickets.cinema-city.co.il/order/854083?lang=en,https://tickets.cinema-city.co.il/order/854083?lang=he,Regular,2D,,,2026-09-01,,,,109,12+,Chadera,Cinema City,620
12:40,Tell Me Everything,עצמאות,https://tickets.cinema-city.co.il/order/854076?lang=en,https://tickets.cinema-city.co.il/order/854076?lang=he,Regular,2D,,,2026-09-01,,,,109,12+,Chadera,Cinema City,620
14:00,Tell Me Everything,עצמאות,https://tickets.cinema-city.co.il/order/854082?lang=en,https://tickets.cinema-city.co.il/order/854082?lang=he,Regular,2D,,,2026-09-01,,,,109,12+,Chadera,Cinema City,620
15:20,Tell Me Everything,עצמאות,https://tickets.cinema-city.co.il/order/854075?lang=en,https://tickets.cinema-city.co.il/order/854075?lang=he,Regular,2D,,,2026-09-01,,,,109,12+,Chadera,Cinema City,620
16:30,Tell Me Everything,עצמאות,https://tickets.cinema-city.co.il/order/854081?lang=en,https://tickets.cinema-city.co.il/order/854081?lang=he,Regular,2D,,,2026-09-01,,,,109,12+,Chadera,Cinema City,620
18:00,Tell Me Everything,עצמאות,https://tickets.cinema-city.co.il/order/854073?lang=en,https://tickets.cinema-city.co.il/order/854073?lang=he,Regular,2D,,,2026-09-01,,,,109,12+,Chadera,Cinema City,620
19:00,Tell Me Everything,עצמאות,https://tickets.cinema-city.co.il/order/854078?lang=en,https://tickets.cinema-city.co.il/order/854078?lang=he,Regular,2D,,,2026-09-01,,,,109,12+,Chadera,Cinema City,620
20:40,Tell Me Everything,עצמאות,https://tickets.cinema-city.co.il/order/854074?lang=en,https://tickets.cinema-city.co.il/order/854074?lang=he,Regular,2D,,,2026-09-01,,,,109,12+,Chadera,Cinema City,620
21:30,Tell Me Everything,עצמאות,https://tickets.cinema-city.co.il/order/854079?lang=en,https://tickets.cinema-city.co.il/order/854079?lang=he,Regular,2D,,,2026-09-01,,,,109,12+,Chadera,Cinema City,620
11:30,Tell Me Everything,עצמאות,https://tickets.cinema-city.co.il/order/854168?lang=en,https://tickets.cinema-city.co.il/order/854168?lang=he,Regular,2D,,,2026-09-02,,,,109,12+,Chadera,Cinema City,620
14:00,Tell Me Everything,עצמאות,https://tickets.cinema-city.co.il/order/854105?lang=en,https://tickets.cinema-city.co.il/order/854105?lang=he,Regular,2D,,,2026-09-02,,,,109,12+,Chadera,Cinema City,620
16:30,Tell Me Everything,עצמאות,https://tickets.cinema-city.co.il/order/854104?lang=en,https://tickets.cinema-city.co.il/order/854104?lang=he,Regular,2D,,,2026-09-02,,,,109,12+,Chadera,Cinema City,620
19:00,Tell Me Everything,עצמאות,https://tickets.cinema-city.co.il/order/854102?lang=en,https://tickets.cinema-city.co.il/order/854102?lang=he,Regular,2D,,,2026-09-02,,,,109,12+,Chadera,Cinema City,620
21:30,Tell Me Everything,עצמאות,https://tickets.cinema-city.co.il/order/854103?lang=en,https://tickets.cinema-city.co.il/order/854103?lang=he,Regular,2D,,,2026-09-02,,,,109,12+,Chadera,Cinema City,620
19:50,Leviticus,פולחן הדמים,https://tickets.cinema-city.co.il/order/854045?lang=en,https://tickets.cinema-city.co.il/order/854045?lang=he,Regular,2D,,,2026-09-01,,,,88,14+,Chadera,Cinema City,620
22:00,Leviticus,פולחן הדמים,https://tickets.cinema-city.co.il/order/854044?lang=en,https://tickets.cinema-city.co.il/order/854044?lang=he,Regular,2D,,,2026-09-01,,,,88,14+,Chadera,Cinema City,620
23:20,Leviticus,פולחן הדמים,https://tickets.cinema-city.co.il/order/854093?lang=en,https://tickets.cinema-city.co.il/order/854093?lang=he,Regular,2D,,,2026-09-01,,,,88,14+,Chadera,Cinema City,620
19:40,Leviticus,פולחן הדמים,https://tickets.cinema-city.co.il/order/854116?lang=en,https://tickets.cinema-city.co.il/order/854116?lang=he,Regular,2D,,,2026-09-02,,,,88,14+,Chadera,Cinema City,620
21:50,Leviticus,פולחן הדמים,https://tickets.cinema-city.co.il/order/854115?lang=en,https://tickets.cinema-city.co.il/order/854115?lang=he,Regular,2D,,,2026-09-02,,,,88,14+,Chadera,Cinema City,620
23:20,Leviticus,פולחן הדמים,https://tickets.cinema-city.co.il/order/854161?lang=en,https://tickets.cinema-city.co.il/order/854161?lang=he,Regular,2D,,,2026-09-02,,,,88,14+,Chadera,Cinema City,620
15:45,STICH HEAD,פרנקי והמפלצות,https://tickets.cinema-city.co.il/order/854056?lang=en,https://tickets.cinema-city.co.il/order/854056?lang=he,Regular,2D,,Hebrew,2026-09-01,,,,92,All,Chadera,Cinema City,620
12:35,STICH HEAD,פרנקי והמפלצות,https://tickets.cinema-city.co.il/order/854189?lang=en,https://tickets.cinema-city.co.il/order/854189?lang=he,Regular,2D,,Hebrew,2026-09-02,,,,92,All,Chadera,Cinema City,620
14:10,STICH HEAD,פרנקי והמפלצות,https://tickets.cinema-city.co.il/order/854134?lang=en,https://tickets.cinema-city.co.il/order/854134?lang=he,Regular,2D,,Hebrew,2026-09-02,,,,92,All,Chadera,Cinema City,620
16:50,Toy Story 5,צעצוע של סיפור 5,https://tickets.cinema-city.co.il/order/854046?lang=en,https://tickets.cinema-city.co.il/order/854046?lang=he,Regular,2D,,Hebrew,2026-09-01,,,,102,All,Chadera,Cinema City,620
14:40,Toy Story 5,צעצוע של סיפור 5,https://tickets.cinema-city.co.il/order/854149?lang=en,https://tickets.cinema-city.co.il/order/854149?lang=he,Regular,2D,,Hebrew,2026-09-02,,,,102,All,Chadera,Cinema City,620
16:50,Toy Story 5,צעצוע של סיפור 5,https://tickets.cinema-city.co.il/order/854117?lang=en,https://tickets.cinema-city.co.il/order/854117?lang=he,Regular,2D,,Hebrew,2026-09-02,,,,102,All,Chadera,Cinema City,620
10:00,קופה ראשית: הסרט,קופה ראשית: הסרט,https://tickets.cinema-city.co.il/order/854088?lang=en,https://tickets.cinema-city.co.il/order/854088?lang=he,Regular,2D,,,2026-09-01,,,,91,All,Chadera,Cinema City,620
12:10,קופה ראשית: הסרט,קופה ראשית: הסרט,https://tickets.cinema-city.co.il/order/854087?lang=en,https://tickets.cinema-city.co.il/order/854087?lang=he,Regular,2D,,,2026-09-01,,,,91,All,Chadera,Cinema City,620
14:20,קופה ראשית: הסרט,קופה ראשית: הסרט,https://tickets.cinema-city.co.il/order/854050?lang=en,https://tickets.cinema-city.co.il/order/854050?lang=he,Regular,2D,,,2026-09-01,,,,91,All,Chadera,Cinema City,620
19:00,קופה ראשית: הסרט,קופה ראשית: הסרט,https://tickets.cinema-city.co.il/order/854052?lang=en,https://tickets.cinema-city.co.il/order/854052?lang=he,Regular,2D,,,2026-09-01,,,,91,All,Chadera,Cinema City,620
11:50,קופה ראשית: הסרט,קופה ראשית: הסרט,https://tickets.cinema-city.co.il/order/854124?lang=en,https://tickets.cinema-city.co.il/order/854124?lang=he,Regular,2D,,,2026-09-02,,,,91,All,Chadera,Cinema City,620
19:00,קופה ראשית: הסרט,קופה ראשית: הסרט,https://tickets.cinema-city.co.il/order/854128?lang=en,https://tickets.cinema-city.co.il/order/854128?lang=he,Regular,2D,,,2026-09-02,,,,91,All,Chadera,Cinema City,620
10:30,גבעה 338,גבעה 338,https://tickets.cinema-city.co.il/order/854089?lang=en,https://tickets.cinema-city.co.il/order/854089?lang=he,Prime,2D,,,2026-09-01,,,,106,9+,Chadera,Cinema City,620
13:00,THE ODYSSEY,האודיסאה,https://tickets.cinema-city.co.il/order/854071?lang=en,https://tickets.cinema-city.co.il/order/854071?lang=he,Prime,2D,,,2026-09-01,,,,172,14+,Chadera,Cinema City,620
16:30,THE ODYSSEY,האודיסאה,https://tickets.cinema-city.co.il/order/854070?lang=en,https://tickets.cinema-city.co.il/order/854070?lang=he,Prime,2D,,,2026-09-01,,,,172,14+,Chadera,Cinema City,620
20:00,THE ODYSSEY,האודיסאה,https://tickets.cinema-city.co.il/order/854057?lang=en,https://tickets.cinema-city.co.il/order/854057?lang=he,Prime,2D,,,2026-09-01,,,,172,14+,Chadera,Cinema City,620
16:20,THE ODYSSEY,האודיסאה,https://tickets.cinema-city.co.il/order/854100?lang=en,https://tickets.cinema-city.co.il/order/854100?lang=he,Prime,2D,,,2026-09-02,,,,172,14+,Chadera,Cinema City,620
19:50,THE ODYSSEY,האודיסאה,https://tickets.cinema-city.co.il/order/854136?lang=en,https://tickets.cinema-city.co.il/order/854136?lang=he,Prime,2D,,,2026-09-02,,,,172,14+,Chadera,Cinema City,620
11:20,La La Land 10th Anniversary,לה לה לנד-חגיגות העשור,https://tickets.cinema-city.co.il/order/854181?lang=en,https://tickets.cinema-city.co.il/order/854181?lang=he,Prime,2D,,,2026-09-02,,,,128,All,Chadera,Cinema City,620
23:30,MUTINY,נקמה בלב ים,https://tickets.cinema-city.co.il/order/854094?lang=en,https://tickets.cinema-city.co.il/order/854094?lang=he,Prime,2D,,,2026-09-01,,,,95,14+,Chadera,Cinema City,620
23:20,Leviticus,פולחן הדמים,https://tickets.cinema-city.co.il/order/854161?lang=en,https://tickets.cinema-city.co.il/order/854161?lang=he,Prime,2D,,,2026-09-02,,,,88,14+,Chadera,Cinema City,620
14:10,STICH HEAD,פרנקי והמפלצות,https://tickets.cinema-city.co.il/order/854134?lang=en,https://tickets.cinema-city.co.il/order/854134?lang=he,Prime,2D,,Hebrew,2026-09-02,,,,92,All,Chadera,Cinema City,620
22:00,Ice Cream Man,איש הגלידה,https://tickets.cinema-city.co.il/order/853251?lang=en,https://tickets.cinema-city.co.il/order/853251?lang=he,Regular,2D,,,2026-09-01,,,,86,18+,Ashdod,Cinema City,620
22:00,Ice Cream Man,איש הגלידה,https://tickets.cinema-city.co.il/order/853418?lang=en,https://tickets.cinema-city.co.il/order/853418?lang=he,Regular,2D,,,2026-09-02,,,,86,18+,Ashdod,Cinema City,620
23:10,Ice Cream Man,איש הגלידה,https://tickets.cinema-city.co.il/order/853501?lang=en,https://tickets.cinema-city.co.il/order/853501?lang=he,Regular,2D,,,2026-09-02,,,,86,18+,Ashdod,Cinema City,620
10:30,גבעה 338,גבעה 338,https://tickets.cinema-city.co.il/order/853314?lang=en,https://tickets.cinema-city.co.il/order/853314?lang=he,Regular,2D,,,2026-09-01,,,,106,9+,Ashdod,Cinema City,620
12:00,גבעה 338,גבעה 338,https://tickets.cinema-city.co.il/order/853285?lang=en,https://tickets.cinema-city.co.il/order/853285?lang=he,Regular,2D,,,2026-09-01,,,,106,9+,Ashdod,Cinema City,620
14:30,גבעה 338,גבעה 338,https://tickets.cinema-city.co.il/order/853266?lang=en,https://tickets.cinema-city.co.il/order/853266?lang=he,Regular,2D,,,2026-09-01,,,,106,9+,Ashdod,Cinema City,620
17:00,גבעה 338,גבעה 338,https://tickets.cinema-city.co.il/order/853270?lang=en,https://tickets.cinema-city.co.il/order/853270?lang=he,Regular,2D,,,2026-09-01,,,,106,9+,Ashdod,Cinema City,620
19:30,גבעה 338,גבעה 338,https://tickets.cinema-city.co.il/order/853282?lang=en,https://tickets.cinema-city.co.il/order/853282?lang=he,Regular,2D,,,2026-09-01,,,,106,9+,Ashdod,Cinema City,620
22:00,גבעה 338,גבעה 338,https://tickets.cinema-city.co.il/order/853265?lang=en,https://tickets.cinema-city.co.il/order/853265?lang=he,Regular,2D,,,2026-09-01,,,,106,9+,Ashdod,Cinema City,620
12:15,גבעה 338,גבעה 338,https://tickets.cinema-city.co.il/order/853486?lang=en,https://tickets.cinema-city.co.il/order/853486?lang=he,Regular,2D,,,2026-09-02,,,,106,9+,Ashdod,Cinema City,620
17:00,גבעה 338,גבעה 338,https://tickets.cinema-city.co.il/order/853449?lang=en,https://tickets.cinema-city.co.il/order/853449?lang=he,Regular,2D,,,2026-09-02,,,,106,9+,Ashdod,Cinema City,620
19:30,גבעה 338,גבעה 338,https://tickets.cinema-city.co.il/order/853386?lang=en,https://tickets.cinema-city.co.il/order/853386?lang=he,Regular,2D,,,2026-09-02,,,,106,9+,Ashdod,Cinema City,620
22:00,גבעה 338,גבעה 338,https://tickets.cinema-city.co.il/order/853436?lang=en,https://tickets.cinema-city.co.il/order/853436?lang=he,Regular,2D,,,2026-09-02,,,,106,9+,Ashdod,Cinema City,620
14:50,GRACIE & PEDRO: PETS TO THE RESCUE,גרייסי ופדרו: חיות המחמד בפעולה,https://tickets.cinema-city.co.il/order/853474?lang=en,https://tickets.cinema-city.co.il/order/853474?lang=he,Regular,2D,,Hebrew,2026-09-02,,,,87,All,Ashdod,Cinema City,620
10:00,THE POUT POUT FISH,דג ושמו באסה,https://tickets.cinema-city.co.il/order/853319?lang=en,https://tickets.cinema-city.co.il/order/853319?lang=he,Regular,2D,,Hebrew,2026-09-01,,,,93,,Ashdod,Cinema City,620
17:00,THE POUT POUT FISH,דג ושמו באסה,https://tickets.cinema-city.co.il/order/853277?lang=en,https://tickets.cinema-city.co.il/order/853277?lang=he,Regular,2D,,Hebrew,2026-09-01,,,,93,,Ashdod,Cinema City,620
10:00,THE POUT POUT FISH,דג ושמו באסה,https://tickets.cinema-city.co.il/order/853510?lang=en,https://tickets.cinema-city.co.il/order/853510?lang=he,Regular,2D,,Hebrew,2026-09-02,,,,93,,Ashdod,Cinema City,620
14:45,THE POUT POUT FISH,דג ושמו באסה,https://tickets.cinema-city.co.il/order/853463?lang=en,https://tickets.cinema-city.co.il/order/853463?lang=he,Regular,2D,,Hebrew,2026-09-02,,,,93,,Ashdod,Cinema City,620
17:00,THE POUT POUT FISH,דג ושמו באסה,https://tickets.cinema-city.co.il/order/853376?lang=en,https://tickets.cinema-city.co.il/order/853376?lang=he,Regular,2D,,Hebrew,2026-09-02,,,,93,,Ashdod,Cinema City,620
10:50,THE ODYSSEY,האודיסאה,https://tickets.cinema-city.co.il/order/853313?lang=en,https://tickets.cinema-city.co.il/order/853313?lang=he,Regular,2D,,,2026-09-01,,,,172,14+,Ashdod,Cinema City,620
12:20,THE ODYSSEY,האודיסאה,https://tickets.cinema-city.co.il/order/853298?lang=en,https://tickets.cinema-city.co.il/order/853298?lang=he,Regular,2D,,,2026-09-01,,,,172,14+,Ashdod,Cinema City,620
19:30,THE ODYSSEY,האודיסאה,https://tickets.cinema-city.co.il/order/853245?lang=en,https://tickets.cinema-city.co.il/order/853245?lang=he,Regular,2D,,,2026-09-01,,,,172,14+,Ashdod,Cinema City,620
11:10,THE ODYSSEY,האודיסאה,https://tickets.cinema-city.co.il/order/853482?lang=en,https://tickets.cinema-city.co.il/order/853482?lang=he,Regular,2D,,,2026-09-02,,,,172,14+,Ashdod,Cinema City,620
19:30,THE ODYSSEY,האודיסאה,https://tickets.cinema-city.co.il/order/853406?lang=en,https://tickets.cinema-city.co.il/order/853406?lang=he,Regular,2D,,,2026-09-02,,,,172,14+,Ashdod,Cinema City,620
14:00,The Magic Faraway Tree,המסע המופלא לעץ הקסמים,https://tickets.cinema-city.co.il/order/853472?lang=en,https://tickets.cinema-city.co.il/order/853472?lang=he,Regular,2D,,Hebrew,2026-09-02,,,,110,All,Ashdod,Cinema City,620
19:15,Insidious: Out of the Further,הרוע שבפנים: מחוץ למעבר,https://tickets.cinema-city.co.il/order/853279?lang=en,https://tickets.cinema-city.co.il/order/853279?lang=he,Regular,2D,,,2026-09-01,,,,106,14+,Ashdod,Cinema City,620
21:50,Insidious: Out of the Further,הרוע שבפנים: מחוץ למעבר,https://tickets.cinema-city.co.il/order/853275?lang=en,https://tickets.cinema-city.co.il/order/853275?lang=he,Regular,2D,,,2026-09-01,,,,106,14+,Ashdod,Cinema City,620
22:30,Insidious: Out of the Further,הרוע שבפנים: מחוץ למעבר,https://tickets.cinema-city.co.il/order/853316?lang=en,https://tickets.cinema-city.co.il/order/853316?lang=he,Regular,2D,,,2026-09-01,,,,106,14+,Ashdod,Cinema City,620
19:15,Insidious: Out of the Further,הרוע שבפנים: מחוץ למעבר,https://tickets.cinema-city.co.il/order/853380?lang=en,https://tickets.cinema-city.co.il/order/853380?lang=he,Regular,2D,,,2026-09-02,,,,106,14+,Ashdod,Cinema City,620
21:50,Insidious: Out of the Further,הרוע שבפנים: מחוץ למעבר,https://tickets.cinema-city.co.il/order/853396?lang=en,https://tickets.cinema-city.co.il/order/853396?lang=he,Regular,2D,,,2026-09-02,,,,106,14+,Ashdod,Cinema City,620
12:20,Bitter Christmas,חג מולד מר,https://tickets.cinema-city.co.il/order/853297?lang=en,https://tickets.cinema-city.co.il/order/853297?lang=he,Regular,2D,,,2026-09-01,,,,112,All,Ashdod,Cinema City,620
14:40,Bitter Christmas,חג מולד מר,https://tickets.cinema-city.co.il/order/853295?lang=en,https://tickets.cinema-city.co.il/order/853295?lang=he,Regular,2D,,,2026-09-01,,,,112,All,Ashdod,Cinema City,620
11:20,Bitter Christmas,חג מולד מר,https://tickets.cinema-city.co.il/order/853503?lang=en,https://tickets.cinema-city.co.il/order/853503?lang=he,Regular,2D,,,2026-09-02,,,,112,All,Ashdod,Cinema City,620
10:15,חינה אמריקאית,חינה אמריקאית,https://tickets.cinema-city.co.il/order/853305?lang=en,https://tickets.cinema-city.co.il/order/853305?lang=he,Regular,2D,,,2026-09-01,,,,89,All,Ashdod,Cinema City,620
12:30,חינה אמריקאית,חינה אמריקאית,https://tickets.cinema-city.co.il/order/853304?lang=en,https://tickets.cinema-city.co.il/order/853304?lang=he,Regular,2D,,,2026-09-01,,,,89,All,Ashdod,Cinema City,620
14:45,חינה אמריקאית,חינה אמריקאית,https://tickets.cinema-city.co.il/order/853300?lang=en,https://tickets.cinema-city.co.il/order/853300?lang=he,Regular,2D,,,2026-09-01,,,,89,All,Ashdod,Cinema City,620
19:15,חינה אמריקאית,חינה אמריקאית,https://tickets.cinema-city.co.il/order/853256?lang=en,https://tickets.cinema-city.co.il/order/853256?lang=he,Regular,2D,,,2026-09-01,,,,89,All,Ashdod,Cinema City,620
10:15,חינה אמריקאית,חינה אמריקאית,https://tickets.cinema-city.co.il/order/853502?lang=en,https://tickets.cinema-city.co.il/order/853502?lang=he,Regular,2D,,,2026-09-02,,,,89,All,Ashdod,Cinema City,620
12:30,חינה אמריקאית,חינה אמריקאית,https://tickets.cinema-city.co.il/order/853484?lang=en,https://tickets.cinema-city.co.il/order/853484?lang=he,Regular,2D,,,2026-09-02,,,,89,All,Ashdod,Cinema City,620
18:45,חינה אמריקאית,חינה אמריקאית,https://tickets.cinema-city.co.il/order/853423?lang=en,https://tickets.cinema-city.co.il/order/853423?lang=he,Regular,2D,,,2026-09-02,,,,89,All,Ashdod,Cinema City,620
16:10,Dog Stars,כוכבי הכלב,https://tickets.cinema-city.co.il/order/853257?lang=en,https://tickets.cinema-city.co.il/order/853257?lang=he,Regular,2D,,,2026-09-01,,,,118,12+,Ashdod,Cinema City,620
19:00,Dog Stars,כוכבי הכלב,https://tickets.cinema-city.co.il/order/853260?lang=en,https://tickets.cinema-city.co.il/order/853260?lang=he,Regular,2D,,,2026-09-01,,,,118,12+,Ashdod,Cinema City,620
21:50,Dog Stars,כוכבי הכלב,https://tickets.cinema-city.co.il/order/853259?lang=en,https://tickets.cinema-city.co.il/order/853259?lang=he,Regular,2D,,,2026-09-01,,,,118,12+,Ashdod,Cinema City,620
11:20,Dog Stars,כוכבי הכלב,https://tickets.cinema-city.co.il/order/853497?lang=en,https://tickets.cinema-city.co.il/order/853497?lang=he,Regular,2D,,,2026-09-02,,,,118,12+,Ashdod,Cinema City,620
16:10,Dog Stars,כוכבי הכלב,https://tickets.cinema-city.co.il/order/853425?lang=en,https://tickets.cinema-city.co.il/order/853425?lang=he,Regular,2D,,,2026-09-02,,,,118,12+,Ashdod,Cinema City,620
19:00,Dog Stars,כוכבי הכלב,https://tickets.cinema-city.co.il/order/853404?lang=en,https://tickets.cinema-city.co.il/order/853404?lang=he,Regular,2D,,,2026-09-02,,,,118,12+,Ashdod,Cinema City,620
21:50,Dog Stars,כוכבי הכלב,https://tickets.cinema-city.co.il/order/853427?lang=en,https://tickets.cinema-city.co.il/order/853427?lang=he,Regular,2D,,,2026-09-02,,,,118,12+,Ashdod,Cinema City,620
10:10,Cuz You're Ugly,כי את מכוערת,https://tickets.cinema-city.co.il/order/853308?lang=en,https://tickets.cinema-city.co.il/order/853308?lang=he,Regular,2D,,,2026-09-01,,,,83,12+,Ashdod,Cinema City,620
12:30,Cuz You're Ugly,כי את מכוערת,https://tickets.cinema-city.co.il/order/853307?lang=en,https://tickets.cinema-city.co.il/order/853307?lang=he,Regular,2D,,,2026-09-01,,,,83,12+,Ashdod,Cinema City,620
16:00,Cuz You're Ugly,כי את מכוערת,https://tickets.cinema-city.co.il/order/853296?lang=en,https://tickets.cinema-city.co.il/order/853296?lang=he,Regular,2D,,,2026-09-01,,,,83,12+,Ashdod,Cinema City,620
10:10,Cuz You're Ugly,כי את מכוערת,https://tickets.cinema-city.co.il/order/853504?lang=en,https://tickets.cinema-city.co.il/order/853504?lang=he,Regular,2D,,,2026-09-02,,,,83,12+,Ashdod,Cinema City,620
12:40,Cuz You're Ugly,כי את מכוערת,https://tickets.cinema-city.co.il/order/853508?lang=en,https://tickets.cinema-city.co.il/order/853508?lang=he,Regular,2D,,,2026-09-02,,,,83,12+,Ashdod,Cinema City,620
14:30,One Night Only,לגמור את הלילה,https://tickets.cinema-city.co.il/order/853301?lang=en,https://tickets.cinema-city.co.il/order/853301?lang=he,Regular,2D,,,2026-09-01,,,,102,14+,Ashdod,Cinema City,620
21:30,One Night Only,לגמור את הלילה,https://tickets.cinema-city.co.il/order/853267?lang=en,https://tickets.cinema-city.co.il/order/853267?lang=he,Regular,2D,,,2026-09-01,,,,102,14+,Ashdod,Cinema City,620
21:00,One Night Only,לגמור את הלילה,https://tickets.cinema-city.co.il/order/853439?lang=en,https://tickets.cinema-city.co.il/order/853439?lang=he,Regular,2D,,,2026-09-02,,,,102,14+,Ashdod,Cinema City,620
18:10,Coyote vs. Acme,לוני טונס מציגים: קיוטי נגד אקמי,https://tickets.cinema-city.co.il/order/853262?lang=en,https://tickets.cinema-city.co.il/order/853262?lang=he,Regular,2D,,,2026-09-01,,,,101,All,Ashdod,Cinema City,620
15:40,Coyote vs. Acme,לוני טונס מציגים: קיוטי נגד אקמי,https://tickets.cinema-city.co.il/order/853458?lang=en,https://tickets.cinema-city.co.il/order/853458?lang=he,Regular,2D,,,2026-09-02,,,,101,All,Ashdod,Cinema City,620
17:15,Coyote vs. Acme,לוני טונס מציגים: קיוטי נגד אקמי,https://tickets.cinema-city.co.il/order/853281?lang=en,https://tickets.cinema-city.co.il/order/853281?lang=he,Regular,2D,,Hebrew,2026-09-01,,,,101,All,Ashdod,Cinema City,620
14:40,Coyote vs. Acme,לוני טונס מציגים: קיוטי נגד אקמי,https://tickets.cinema-city.co.il/order/853460?lang=en,https://tickets.cinema-city.co.il/order/853460?lang=he,Regular,2D,,Hebrew,2026-09-02,,,,101,All,Ashdod,Cinema City,620
17:15,Coyote vs. Acme,לוני טונס מציגים: קיוטי נגד אקמי,https://tickets.cinema-city.co.il/order/853384?lang=en,https://tickets.cinema-city.co.il/order/853384?lang=he,Regular,2D,,Hebrew,2026-09-02,,,,101,All,Ashdod,Cinema City,620
14:10,MASHA & THE BEAR – WONDER PARK,מאשה והדוב-ההרפתקה הגדולה,https://tickets.cinema-city.co.il/order/853469?lang=en,https://tickets.cinema-city.co.il/order/853469?lang=he,Regular,2D,,Hebrew,2026-09-02,,,,73,All,Ashdod,Cinema City,620
17:10,Minions & Monsters,מיניונים ומפלצות,https://tickets.cinema-city.co.il/order/853268?lang=en,https://tickets.cinema-city.co.il/order/853268?lang=he,Regular,2D,,Hebrew,2026-09-01,,,,90,All,Ashdod,Cinema City,620
17:10,Minions & Monsters,מיניונים ומפלצות,https://tickets.cinema-city.co.il/order/853441?lang=en,https://tickets.cinema-city.co.il/order/853441?lang=he,Regular,2D,,Hebrew,2026-09-02,,,,90,All,Ashdod,Cinema City,620
17:00,Paw Patrol: The Dino Movie,מפרץ ההרפתקאות: אי הדינוזאורים,https://tickets.cinema-city.co.il/order/853283?lang=en,https://tickets.cinema-city.co.il/order/853283?lang=he,Regular,2D,,Hebrew,2026-09-01,,,,88,All,Ashdod,Cinema City,620
10:10,Paw Patrol: The Dino Movie,מפרץ ההרפתקאות: אי הדינוזאורים,https://tickets.cinema-city.co.il/order/853509?lang=en,https://tickets.cinema-city.co.il/order/853509?lang=he,Regular,2D,,Hebrew,2026-09-02,,,,88,All,Ashdod,Cinema City,620
14:50,Paw Patrol: The Dino Movie,מפרץ ההרפתקאות: אי הדינוזאורים,https://tickets.cinema-city.co.il/order/853455?lang=en,https://tickets.cinema-city.co.il/order/853455?lang=he,Regular,2D,,Hebrew,2026-09-02,,,,88,All,Ashdod,Cinema City,620
17:00,Paw Patrol: The Dino Movie,מפרץ ההרפתקאות: אי הדינוזאורים,https://tickets.cinema-city.co.il/order/853388?lang=en,https://tickets.cinema-city.co.il/order/853388?lang=he,Regular,2D,,Hebrew,2026-09-02,,,,88,All,Ashdod,Cinema City,620
14:50,Marsupilami,מרסופילאמי,https://tickets.cinema-city.co.il/order/853478?lang=en,https://tickets.cinema-city.co.il/order/853478?lang=he,Regular,2D,,Hebrew,2026-09-02,,,,99,All,Ashdod,Cinema City,620
10:20,MUTINY,נקמה בלב ים,https://tickets.cinema-city.co.il/order/853312?lang=en,https://tickets.cinema-city.co.il/order/853312?lang=he,Regular,2D,,,2026-09-01,,,,95,14+,Ashdod,Cinema City,620
12:40,MUTINY,נקמה בלב ים,https://tickets.cinema-city.co.il/order/853258?lang=en,https://tickets.cinema-city.co.il/order/853258?lang=he,Regular,2D,,,2026-09-01,,,,95,14+,Ashdod,Cinema City,620
15:00,MUTINY,נקמה בלב ים,https://tickets.cinema-city.co.il/order/853271?lang=en,https://tickets.cinema-city.co.il/order/853271?lang=he,Regular,2D,,,2026-09-01,,,,95,14+,Ashdod,Cinema City,620
17:20,MUTINY,נקמה בלב ים,https://tickets.cinema-city.co.il/order/853276?lang=en,https://tickets.cinema-city.co.il/order/853276?lang=he,Regular,2D,,,2026-09-01,,,,95,14+,Ashdod,Cinema City,620
19:40,MUTINY,נקמה בלב ים,https://tickets.cinema-city.co.il/order/853280?lang=en,https://tickets.cinema-city.co.il/order/853280?lang=he,Regular,2D,,,2026-09-01,,,,95,14+,Ashdod,Cinema City,620
20:45,MUTINY,נקמה בלב ים,https://tickets.cinema-city.co.il/order/853264?lang=en,https://tickets.cinema-city.co.il/order/853264?lang=he,Regular,2D,,,2026-09-01,,,,95,14+,Ashdod,Cinema City,620
22:00,MUTINY,נקמה בלב ים,https://tickets.cinema-city.co.il/order/853278?lang=en,https://tickets.cinema-city.co.il/order/853278?lang=he,Regular,2D,,,2026-09-01,,,,95,14+,Ashdod,Cinema City,620
23:10,MUTINY,נקמה בלב ים,https://tickets.cinema-city.co.il/order/853318?lang=en,https://tickets.cinema-city.co.il/order/853318?lang=he,Regular,2D,,,2026-09-01,,,,95,14+,Ashdod,Cinema City,620
11:50,MUTINY,נקמה בלב ים,https://tickets.cinema-city.co.il/order/853495?lang=en,https://tickets.cinema-city.co.il/order/853495?lang=he,Regular,2D,,,2026-09-02,,,,95,14+,Ashdod,Cinema City,620
14:20,MUTINY,נקמה בלב ים,https://tickets.cinema-city.co.il/order/853450?lang=en,https://tickets.cinema-city.co.il/order/853450?lang=he,Regular,2D,,,2026-09-02,,,,95,14+,Ashdod,Cinema City,620
16:50,MUTINY,נקמה בלב ים,https://tickets.cinema-city.co.il/order/853375?lang=en,https://tickets.cinema-city.co.il/order/853375?lang=he,Regular,2D,,,2026-09-02,,,,95,14+,Ashdod,Cinema City,620
19:20,MUTINY,נקמה בלב ים,https://tickets.cinema-city.co.il/order/853382?lang=en,https://tickets.cinema-city.co.il/order/853382?lang=he,Regular,2D,,,2026-09-02,,,,95,14+,Ashdod,Cinema City,620
20:45,MUTINY,נקמה בלב ים,https://tickets.cinema-city.co.il/order/853434?lang=en,https://tickets.cinema-city.co.il/order/853434?lang=he,Regular,2D,,,2026-09-02,,,,95,14+,Ashdod,Cinema City,620
22:00,MUTINY,נקמה בלב ים,https://tickets.cinema-city.co.il/order/853378?lang=en,https://tickets.cinema-city.co.il/order/853378?lang=he,Regular,2D,,,2026-09-02,,,,95,14+,Ashdod,Cinema City,620
23:10,MUTINY,נקמה בלב ים,https://tickets.cinema-city.co.il/order/853499?lang=en,https://tickets.cinema-city.co.il/order/853499?lang=he,Regular,2D,,,2026-09-02,,,,95,14+,Ashdod,Cinema City,620
13:10,סולטיז הסרט,סולטיז הסרט-וולוג ה-100,https://tickets.cinema-city.co.il/order/853494?lang=en,https://tickets.cinema-city.co.il/order/853494?lang=he,Regular,2D,,,2026-09-02,,,,100,All,Ashdod,Cinema City,620
18:10,סולטיז הסרט,סולטיז הסרט-וולוג ה-100,https://tickets.cinema-city.co.il/order/853476?lang=en,https://tickets.cinema-city.co.il/order/853476?lang=he,Regular,2D,,,2026-09-02,,,,100,All,Ashdod,Cinema City,620
10:40,End of Oak Street,סוף רחוב האלון,https://tickets.cinema-city.co.il/order/853505?lang=en,https://tickets.cinema-city.co.il/order/853505?lang=he,Regular,2D,,,2026-09-02,,,,100,12+,Ashdod,Cinema City,620
10:00,SPA WEEKEND,ספא וויקנד,https://tickets.cinema-city.co.il/order/853311?lang=en,https://tickets.cinema-city.co.il/order/853311?lang=he,Regular,2D,,,2026-09-01,,,,97,14+,Ashdod,Cinema City,620
11:40,SPA WEEKEND,ספא וויקנד,https://tickets.cinema-city.co.il/order/853244?lang=en,https://tickets.cinema-city.co.il/order/853244?lang=he,Regular,2D,,,2026-09-01,,,,97,14+,Ashdod,Cinema City,620
14:10,SPA WEEKEND,ספא וויקנד,https://tickets.cinema-city.co.il/order/853250?lang=en,https://tickets.cinema-city.co.il/order/853250?lang=he,Regular,2D,,,2026-09-01,,,,97,14+,Ashdod,Cinema City,620
16:40,SPA WEEKEND,ספא וויקנד,https://tickets.cinema-city.co.il/order/853249?lang=en,https://tickets.cinema-city.co.il/order/853249?lang=he,Regular,2D,,,2026-09-01,,,,97,14+,Ashdod,Cinema City,620
19:10,SPA WEEKEND,ספא וויקנד,https://tickets.cinema-city.co.il/order/853263?lang=en,https://tickets.cinema-city.co.il/order/853263?lang=he,Regular,2D,,,2026-09-01,,,,97,14+,Ashdod,Cinema City,620
21:40,SPA WEEKEND,ספא וויקנד,https://tickets.cinema-city.co.il/order/853299?lang=en,https://tickets.cinema-city.co.il/order/853299?lang=he,Regular,2D,,,2026-09-01,,,,97,14+,Ashdod,Cinema City,620
11:40,SPA WEEKEND,ספא וויקנד,https://tickets.cinema-city.co.il/order/853488?lang=en,https://tickets.cinema-city.co.il/order/853488?lang=he,Regular,2D,,,2026-09-02,,,,97,14+,Ashdod,Cinema City,620
14:10,SPA WEEKEND,ספא וויקנד,https://tickets.cinema-city.co.il/order/853416?lang=en,https://tickets.cinema-city.co.il/order/853416?lang=he,Regular,2D,,,2026-09-02,,,,97,14+,Ashdod,Cinema City,620
16:40,SPA WEEKEND,ספא וויקנד,https://tickets.cinema-city.co.il/order/853414?lang=en,https://tickets.cinema-city.co.il/order/853414?lang=he,Regular,2D,,,2026-09-02,,,,97,14+,Ashdod,Cinema City,620
19:10,SPA WEEKEND,ספא וויקנד,https://tickets.cinema-city.co.il/order/853432?lang=en,https://tickets.cinema-city.co.il/order/853432?lang=he,Regular,2D,,,2026-09-02,,,,97,14+,Ashdod,Cinema City,620
21:40,SPA WEEKEND,ספא וויקנד,https://tickets.cinema-city.co.il/order/853402?lang=en,https://tickets.cinema-city.co.il/order/853402?lang=he,Regular,2D,,,2026-09-02,,,,97,14+,Ashdod,Cinema City,620
11:00,SPIDERMAN: BRAND NEW DAY,ספיידרמן: יום חדש,https://tickets.cinema-city.co.il/order/853315?lang=en,https://tickets.cinema-city.co.il/order/853315?lang=he,Regular,2D,,,2026-09-01,,,,150,All,Ashdod,Cinema City,620
14:15,SPIDERMAN: BRAND NEW DAY,ספיידרמן: יום חדש,https://tickets.cinema-city.co.il/order/853248?lang=en,https://tickets.cinema-city.co.il/order/853248?lang=he,Regular,2D,,,2026-09-01,,,,150,All,Ashdod,Cinema City,620
17:30,SPIDERMAN: BRAND NEW DAY,ספיידרמן: יום חדש,https://tickets.cinema-city.co.il/order/853272?lang=en,https://tickets.cinema-city.co.il/order/853272?lang=he,Regular,2D,,,2026-09-01,,,,150,All,Ashdod,Cinema City,620
19:10,SPIDERMAN: BRAND NEW DAY,ספיידרמן: יום חדש,https://tickets.cinema-city.co.il/order/853269?lang=en,https://tickets.cinema-city.co.il/order/853269?lang=he,Regular,2D,,,2026-09-01,,,,150,All,Ashdod,Cinema City,620
20:40,SPIDERMAN: BRAND NEW DAY,ספיידרמן: יום חדש,https://tickets.cinema-city.co.il/order/853274?lang=en,https://tickets.cinema-city.co.il/order/853274?lang=he,Regular,2D,,,2026-09-01,,,,150,All,Ashdod,Cinema City,620
21:30,SPIDERMAN: BRAND NEW DAY,ספיידרמן: יום חדש,https://tickets.cinema-city.co.il/order/853273?lang=en,https://tickets.cinema-city.co.il/order/853273?lang=he,Regular,2D,,,2026-09-01,,,,150,All,Ashdod,Cinema City,620
11:00,SPIDERMAN: BRAND NEW DAY,ספיידרמן: יום חדש,https://tickets.cinema-city.co.il/order/853496?lang=en,https://tickets.cinema-city.co.il/order/853496?lang=he,Regular,2D,,,2026-09-02,,,,150,All,Ashdod,Cinema City,620
14:15,SPIDERMAN: BRAND NEW DAY,ספיידרמן: יום חדש,https://tickets.cinema-city.co.il/order/853412?lang=en,https://tickets.cinema-city.co.il/order/853412?lang=he,Regular,2D,,,2026-09-02,,,,150,All,Ashdod,Cinema City,620
17:30,SPIDERMAN: BRAND NEW DAY,ספיידרמן: יום חדש,https://tickets.cinema-city.co.il/order/853452?lang=en,https://tickets.cinema-city.co.il/order/853452?lang=he,Regular,2D,,,2026-09-02,,,,150,All,Ashdod,Cinema City,620
19:10,SPIDERMAN: BRAND NEW DAY,ספיידרמן: יום חדש,https://tickets.cinema-city.co.il/order/853446?lang=en,https://tickets.cinema-city.co.il/order/853446?lang=he,Regular,2D,,,2026-09-02,,,,150,All,Ashdod,Cinema City,620
20:40,SPIDERMAN: BRAND NEW DAY,ספיידרמן: יום חדש,https://tickets.cinema-city.co.il/order/853454?lang=en,https://tickets.cinema-city.co.il/order/853454?lang=he,Regular,2D,,,2026-09-02,,,,150,All,Ashdod,Cinema City,620
21:30,SPIDERMAN: BRAND NEW DAY,ספיידרמן: יום חדש,https://tickets.cinema-city.co.il/order/853453?lang=en,https://tickets.cinema-city.co.il/order/853453?lang=he,Regular,2D,,,2026-09-02,,,,150,All,Ashdod,Cinema City,620
22:30,SPIDERMAN: BRAND NEW DAY,ספיידרמן: יום חדש,https://tickets.cinema-city.co.il/order/853498?lang=en,https://tickets.cinema-city.co.il/order/853498?lang=he,Regular,2D,,,2026-09-02,,,,150,All,Ashdod,Cinema City,620
11:20,Tell Me Everything,עצמאות,https://tickets.cinema-city.co.il/order/853294?lang=en,https://tickets.cinema-city.co.il/order/853294?lang=he,Regular,2D,,,2026-09-01,,,,109,12+,Ashdod,Cinema City,620
13:00,Tell Me Everything,עצמאות,https://tickets.cinema-city.co.il/order/853290?lang=en,https://tickets.cinema-city.co.il/order/853290?lang=he,Regular,2D,,,2026-09-01,,,,109,12+,Ashdod,Cinema City,620
14:00,Tell Me Everything,עצמאות,https://tickets.cinema-city.co.il/order/853293?lang=en,https://tickets.cinema-city.co.il/order/853293?lang=he,Regular,2D,,,2026-09-01,,,,109,12+,Ashdod,Cinema City,620
15:40,Tell Me Everything,עצמאות,https://tickets.cinema-city.co.il/order/853289?lang=en,https://tickets.cinema-city.co.il/order/853289?lang=he,Regular,2D,,,2026-09-01,,,,109,12+,Ashdod,Cinema City,620
16:40,Tell Me Everything,עצמאות,https://tickets.cinema-city.co.il/order/853292?lang=en,https://tickets.cinema-city.co.il/order/853292?lang=he,Regular,2D,,,2026-09-01,,,,109,12+,Ashdod,Cinema City,620
18:20,Tell Me Everything,עצמאות,https://tickets.cinema-city.co.il/order/853287?lang=en,https://tickets.cinema-city.co.il/order/853287?lang=he,Regular,2D,,,2026-09-01,,,,109,12+,Ashdod,Cinema City,620
19:20,Tell Me Everything,עצמאות,https://tickets.cinema-city.co.il/order/853291?lang=en,https://tickets.cinema-city.co.il/order/853291?lang=he,Regular,2D,,,2026-09-01,,,,109,12+,Ashdod,Cinema City,620
21:00,Tell Me Everything,עצמאות,https://tickets.cinema-city.co.il/order/853288?lang=en,https://tickets.cinema-city.co.il/order/853288?lang=he,Regular,2D,,,2026-09-01,,,,109,12+,Ashdod,Cinema City,620
10:00,Tell Me Everything,עצמאות,https://tickets.cinema-city.co.il/order/853507?lang=en,https://tickets.cinema-city.co.il/order/853507?lang=he,Regular,2D,,,2026-09-02,,,,109,12+,Ashdod,Cinema City,620
11:20,Tell Me Everything,עצמאות,https://tickets.cinema-city.co.il/order/853480?lang=en,https://tickets.cinema-city.co.il/order/853480?lang=he,Regular,2D,,,2026-09-02,,,,109,12+,Ashdod,Cinema City,620
12:10,Tell Me Everything,עצמאות,https://tickets.cinema-city.co.il/order/853506?lang=en,https://tickets.cinema-city.co.il/order/853506?lang=he,Regular,2D,,,2026-09-02,,,,109,12+,Ashdod,Cinema City,620
14:00,Tell Me Everything,עצמאות,https://tickets.cinema-city.co.il/order/853400?lang=en,https://tickets.cinema-city.co.il/order/853400?lang=he,Regular,2D,,,2026-09-02,,,,109,12+,Ashdod,Cinema City,620
16:40,Tell Me Everything,עצמאות,https://tickets.cinema-city.co.il/order/853398?lang=en,https://tickets.cinema-city.co.il/order/853398?lang=he,Regular,2D,,,2026-09-02,,,,109,12+,Ashdod,Cinema City,620
19:20,Tell Me Everything,עצמאות,https://tickets.cinema-city.co.il/order/853373?lang=en,https://tickets.cinema-city.co.il/order/853373?lang=he,Regular,2D,,,2026-09-02,,,,109,12+,Ashdod,Cinema City,620
21:20,Tell Me Everything,עצמאות,https://tickets.cinema-city.co.il/order/853394?lang=en,https://tickets.cinema-city.co.il/order/853394?lang=he,Regular,2D,,,2026-09-02,,,,109,12+,Ashdod,Cinema City,620
19:45,Leviticus,פולחן הדמים,https://tickets.cinema-city.co.il/order/853286?lang=en,https://tickets.cinema-city.co.il/order/853286?lang=he,Regular,2D,,,2026-09-01,,,,88,14+,Ashdod,Cinema City,620
22:00,Leviticus,פולחן הדמים,https://tickets.cinema-city.co.il/order/853261?lang=en,https://tickets.cinema-city.co.il/order/853261?lang=he,Regular,2D,,,2026-09-01,,,,88,14+,Ashdod,Cinema City,620
23:10,Leviticus,פולחן הדמים,https://tickets.cinema-city.co.il/order/853317?lang=en,https://tickets.cinema-city.co.il/order/853317?lang=he,Regular,2D,,,2026-09-01,,,,88,14+,Ashdod,Cinema City,620
19:45,Leviticus,פולחן הדמים,https://tickets.cinema-city.co.il/order/853392?lang=en,https://tickets.cinema-city.co.il/order/853392?lang=he,Regular,2D,,,2026-09-02,,,,88,14+,Ashdod,Cinema City,620
22:00,Leviticus,פולחן הדמים,https://tickets.cinema-city.co.il/order/853429?lang=en,https://tickets.cinema-city.co.il/order/853429?lang=he,Regular,2D,,,2026-09-02,,,,88,14+,Ashdod,Cinema City,620
23:30,Leviticus,פולחן הדמים,https://tickets.cinema-city.co.il/order/853500?lang=en,https://tickets.cinema-city.co.il/order/853500?lang=he,Regular,2D,,,2026-09-02,,,,88,14+,Ashdod,Cinema City,620
10:00,FUZE,פיוז,https://tickets.cinema-city.co.il/order/853309?lang=en,https://tickets.cinema-city.co.il/order/853309?lang=he,Regular,2D,,,2026-09-01,,,,98,12+,Ashdod,Cinema City,620
12:20,FUZE,פיוז,https://tickets.cinema-city.co.il/order/853302?lang=en,https://tickets.cinema-city.co.il/order/853302?lang=he,Regular,2D,,,2026-09-01,,,,98,12+,Ashdod,Cinema City,620
14:40,FUZE,פיוז,https://tickets.cinema-city.co.il/order/853284?lang=en,https://tickets.cinema-city.co.il/order/853284?lang=he,Regular,2D,,,2026-09-01,,,,98,12+,Ashdod,Cinema City,620
12:15,FUZE,פיוז,https://tickets.cinema-city.co.il/order/853493?lang=en,https://tickets.cinema-city.co.il/order/853493?lang=he,Regular,2D,,,2026-09-02,,,,98,12+,Ashdod,Cinema City,620
19:00,FUZE,פיוז,https://tickets.cinema-city.co.il/order/853390?lang=en,https://tickets.cinema-city.co.il/order/853390?lang=he,Regular,2D,,,2026-09-02,,,,98,12+,Ashdod,Cinema City,620
15:00,STICH HEAD,פרנקי והמפלצות,https://tickets.cinema-city.co.il/order/853247?lang=en,https://tickets.cinema-city.co.il/order/853247?lang=he,Regular,2D,,Hebrew,2026-09-01,,,,92,All,Ashdod,Cinema City,620
14:30,STICH HEAD,פרנקי והמפלצות,https://tickets.cinema-city.co.il/order/853467?lang=en,https://tickets.cinema-city.co.il/order/853467?lang=he,Regular,2D,,Hebrew,2026-09-02,,,,92,All,Ashdod,Cinema City,620
16:45,STICH HEAD,פרנקי והמפלצות,https://tickets.cinema-city.co.il/order/853410?lang=en,https://tickets.cinema-city.co.il/order/853410?lang=he,Regular,2D,,Hebrew,2026-09-02,,,,92,All,Ashdod,Cinema City,620
17:10,Toy Story 5,צעצוע של סיפור 5,https://tickets.cinema-city.co.il/order/853246?lang=en,https://tickets.cinema-city.co.il/order/853246?lang=he,Regular,2D,,Hebrew,2026-09-01,,,,102,All,Ashdod,Cinema City,620
14:50,Toy Story 5,צעצוע של סיפור 5,https://tickets.cinema-city.co.il/order/853465?lang=en,https://tickets.cinema-city.co.il/order/853465?lang=he,Regular,2D,,Hebrew,2026-09-02,,,,102,All,Ashdod,Cinema City,620
17:10,Toy Story 5,צעצוע של סיפור 5,https://tickets.cinema-city.co.il/order/853408?lang=en,https://tickets.cinema-city.co.il/order/853408?lang=he,Regular,2D,,Hebrew,2026-09-02,,,,102,All,Ashdod,Cinema City,620
10:00,קופה ראשית: הסרט,קופה ראשית: הסרט,https://tickets.cinema-city.co.il/order/853306?lang=en,https://tickets.cinema-city.co.il/order/853306?lang=he,Regular,2D,,,2026-09-01,,,,91,All,Ashdod,Cinema City,620
12:20,קופה ראשית: הסרט,קופה ראשית: הסרט,https://tickets.cinema-city.co.il/order/853252?lang=en,https://tickets.cinema-city.co.il/order/853252?lang=he,Regular,2D,,,2026-09-01,,,,91,All,Ashdod,Cinema City,620
14:40,קופה ראשית: הסרט,קופה ראשית: הסרט,https://tickets.cinema-city.co.il/order/853255?lang=en,https://tickets.cinema-city.co.il/order/853255?lang=he,Regular,2D,,,2026-09-01,,,,91,All,Ashdod,Cinema City,620
17:00,קופה ראשית: הסרט,קופה ראשית: הסרט,https://tickets.cinema-city.co.il/order/853253?lang=en,https://tickets.cinema-city.co.il/order/853253?lang=he,Regular,2D,,,2026-09-01,,,,91,All,Ashdod,Cinema City,620
19:15,קופה ראשית: הסרט,קופה ראשית: הסרט,https://tickets.cinema-city.co.il/order/853254?lang=en,https://tickets.cinema-city.co.il/order/853254?lang=he,Regular,2D,,,2026-09-01,,,,91,All,Ashdod,Cinema City,620
10:00,קופה ראשית: הסרט,קופה ראשית: הסרט,https://tickets.cinema-city.co.il/order/853492?lang=en,https://tickets.cinema-city.co.il/order/853492?lang=he,Regular,2D,,,2026-09-02,,,,91,All,Ashdod,Cinema City,620
12:20,קופה ראשית: הסרט,קופה ראשית: הסרט,https://tickets.cinema-city.co.il/order/853491?lang=en,https://tickets.cinema-city.co.il/order/853491?lang=he,Regular,2D,,,2026-09-02,,,,91,All,Ashdod,Cinema City,620
16:30,קופה ראשית: הסרט,קופה ראשית: הסרט,https://tickets.cinema-city.co.il/order/853420?lang=en,https://tickets.cinema-city.co.il/order/853420?lang=he,Regular,2D,,,2026-09-02,,,,91,All,Ashdod,Cinema City,620
19:15,קופה ראשית: הסרט,קופה ראשית: הסרט,https://tickets.cinema-city.co.il/order/853422?lang=en,https://tickets.cinema-city.co.il/order/853422?lang=he,Regular,2D,,,2026-09-02,,,,91,All,Ashdod,Cinema City,620
