showtime,english_title,hebrew_title,english_href,hebrew_href,screening_type,screening_tech,original_language,dub_language,date_of_showing,release_year,release_date,directed_by,runtime,rating,screening_city,cinema,run_id
22:30,Obsession,אובססיה,https://tickets.hotcinema.co.il/site/1197/tickets?code=1197-143975&languageid=en_gb,https://tickets.hotcinema.co.il/site/1197/tickets?code=1197-143975&languageid=he_IL,Regular,2D,,,2026-08-04,2026,,,108,14+,Kfar Saba,Hot Cinema,589
11:15,Just an Illusion,אשליות מתוקות,https://tickets.hotcinema.co.il/site/1197/tickets?code=1197-143974&languageid=en_gb,https://tickets.hotcinema.co.il/site/1197/tickets?code=1197-143974&languageid=he_IL,Regular,2D,,,2026-08-04,2026,,,116,All,Kfar Saba,Hot Cinema,589
14:00,Just an Illusion,אשליות מתוקות,https://tickets.hotcinema.co.il/site/1197/tickets?code=1197-143973&languageid=en_gb,https://tickets.hotcinema.co.il/site/1197/tickets?code=1197-143973&languageid=he_IL,Regular,2D,,,2026-08-04,2026,,,116,All,Kfar Saba,Hot Cinema,589
17:10,Just an Illusion,אשליות מתוקות,https://tickets.hotcinema.co.il/site/1197/tickets?code=1197-143947&languageid=en_gb,https://tickets.hotcinema.co.il/site/1197/tickets?code=1197-143947&languageid=he_IL,Regular,2D,,,2026-08-04,2026,,,116,All,Kfar Saba,Hot Cinema,589
19:45,Just an Illusion,אשליות מתוקות,https://tickets.hotcinema.co.il/site/1197/tickets?code=1197-143972&languageid=en_gb,https://tickets.hotcinema.co.il/site/1197/tickets?code=1197-143972&languageid=he_IL,Regular,2D,,,2026-08-04,2026,,,116,All,Kfar Saba,Hot Cinema,589
10:15,The Odyssey,האודיסאה,https://tickets.hotcinema.co.il/site/1197/tickets?code=1197-143925&languageid=en_gb,https://tickets.hotcinema.co.il/site/1197/tickets?code=1197-143925&languageid=he_IL,Premium,2D,,,2026-08-04,2026,,,172,14+,Kfar Saba,Hot Cinema,589
13:50,The Odyssey,האודיסאה,https://tickets.hotcinema.co.il/site/1197/tickets?code=1197-143926&languageid=en_gb,https://tickets.hotcinema.co.il/site/1197/tickets?code=1197-143926&languageid=he_IL,Premium,2D,,,2026-08-04,2026,,,172,14+,Kfar Saba,Hot Cinema,589
17:20,The Odyssey,האודיסאה,https://tickets.hotcinema.co.il/site/1197/tickets?code=1197-143979&languageid=en_gb,https://tickets.hotcinema.co.il/site/1197/tickets?code=1197-143979&languageid=he_IL,Regular,2D,,,2026-08-04,2026,,,172,14+,Kfar Saba,Hot Cinema,589
19:45,The Odyssey,האודיסאה,https://tickets.hotcinema.co.il/site/1197/tickets?code=1197-143940&languageid=en_gb,https://tickets.hotcinema.co.il/site/1197/tickets?code=1197-143940&languageid=he_IL,Regular,2D,,,2026-08-04,2026,,,172,14+,Kfar Saba,Hot Cinema,589
20:30,The Odyssey,האודיסאה,https://tickets.hotcinema.co.il/site/1197/tickets?code=1197-143924&languageid=en_gb,https://tickets.hotcinema.co.il/site/1197/tickets?code=1197-143924&languageid=he_IL,Premium,2D,,,2026-08-04,2026,,,172,14+,Kfar Saba,Hot Cinema,589
21:00,The Odyssey,האודיסאה,https://tickets.hotcinema.co.il/site/1197/tickets?code=1197-143978&languageid=en_gb,https://tickets.hotcinema.co.il/site/1197/tickets?code=1197-143978&languageid=he_IL,Regular,2D,,,2026-08-04,2026,,,172,14+,Kfar Saba,Hot Cinema,589
19:20,The Invite,ההזמנה,https://tickets.hotcinema.co.il/site/1197/tickets?code=1197-143954&languageid=en_gb,https://tickets.hotcinema.co.il/site/1197/tickets?code=1197-143954&languageid=he_IL,Regular,2D,,,2026-08-04,2026,,,107,14+,Kfar Saba,Hot Cinema,589
12:45,A missing part,החלק החסר,https://tickets.hotcinema.co.il/site/1197/tickets?code=1197-143985&languageid=en_gb,https://tickets.hotcinema.co.il/site/1197/tickets?code=1197-143985&languageid=he_IL,Regular,2D,,,2026-08-04,2024,,,98,All,Kfar Saba,Hot Cinema,589
15:00,A missing part,החלק החסר,https://tickets.hotcinema.co.il/site/1197/tickets?code=1197-143984&languageid=en_gb,https://tickets.hotcinema.co.il/site/1197/tickets?code=1197-143984&languageid=he_IL,Regular,2D,,,2026-08-04,2024,,,98,All,Kfar Saba,Hot Cinema,589
19:20,A missing part,החלק החסר,https://tickets.hotcinema.co.il/site/1197/tickets?code=1197-143983&languageid=en_gb,https://tickets.hotcinema.co.il/site/1197/tickets?code=1197-143983&languageid=he_IL,Regular,2D,,,2026-08-04,2024,,,98,All,Kfar Saba,Hot Cinema,589
10:15,THE MAGICAL FARAWAY TREE,המסע המופלא לעץ הקסמים,https://tickets.hotcinema.co.il/site/1197/tickets?code=1197-143963&languageid=en_gb,https://tickets.hotcinema.co.il/site/1197/tickets?code=1197-143963&languageid=he_IL,Regular,2D,,Hebrew,2026-08-04,2026,,,110,All,Kfar Saba,Hot Cinema,589
12:40,THE MAGICAL FARAWAY TREE,המסע המופלא לעץ הקסמים,https://tickets.hotcinema.co.il/site/1197/tickets?code=1197-143962&languageid=en_gb,https://tickets.hotcinema.co.il/site/1197/tickets?code=1197-143962&languageid=he_IL,Regular,2D,,Hebrew,2026-08-04,2026,,,110,All,Kfar Saba,Hot Cinema,589
17:35,THE MAGICAL FARAWAY TREE,המסע המופלא לעץ הקסמים,https://tickets.hotcinema.co.il/site/1197/tickets?code=1197-143961&languageid=en_gb,https://tickets.hotcinema.co.il/site/1197/tickets?code=1197-143961&languageid=he_IL,Regular,2D,,Hebrew,2026-08-04,2026,,,110,All,Kfar Saba,Hot Cinema,589
19:25,American Hina,חינה אמריקאית,https://tickets.hotcinema.co.il/site/1197/tickets?code=1197-143991&languageid=en_gb,https://tickets.hotcinema.co.il/site/1197/tickets?code=1197-143991&languageid=he_IL,Regular,2D,,,2026-08-04,2026,,,100,All,Kfar Saba,Hot Cinema,589
21:40,American Hina,חינה אמריקאית,https://tickets.hotcinema.co.il/site/1197/tickets?code=1197-143992&languageid=en_gb,https://tickets.hotcinema.co.il/site/1197/tickets?code=1197-143992&languageid=he_IL,Regular,2D,,,2026-08-04,2026,,,100,All,Kfar Saba,Hot Cinema,589
10:15,Tafiti: Across the Desert,טפיטי: הרפתקה במדבר,https://tickets.hotcinema.co.il/site/1197/tickets?code=1197-143945&languageid=en_gb,https://tickets.hotcinema.co.il/site/1197/tickets?code=1197-143945&languageid=he_IL,Regular,2D,,,2026-08-04,,,,81,הגבלת גיל: עד גיל 8 בליווי מבוגר,Kfar Saba,Hot Cinema,589
12:10,Tafiti: Across the Desert,טפיטי: הרפתקה במדבר,https://tickets.hotcinema.co.il/site/1197/tickets?code=1197-143946&languageid=en_gb,https://tickets.hotcinema.co.il/site/1197/tickets?code=1197-143946&languageid=he_IL,Regular,2D,,,2026-08-04,,,,81,הגבלת גיל: עד גיל 8 בליווי מבוגר,Kfar Saba,Hot Cinema,589
11:00,Diamonds,יהלומים,https://tickets.hotcinema.co.il/site/1197/tickets?code=1197-143977&languageid=en_gb,https://tickets.hotcinema.co.il/site/1197/tickets?code=1197-143977&languageid=he_IL,Regular,2D,,,2026-08-04,2024,,,135,All,Kfar Saba,Hot Cinema,589
14:20,Diamonds,יהלומים,https://tickets.hotcinema.co.il/site/1197/tickets?code=1197-143995&languageid=en_gb,https://tickets.hotcinema.co.il/site/1197/tickets?code=1197-143995&languageid=he_IL,Regular,2D,,,2026-08-04,2024,,,135,All,Kfar Saba,Hot Cinema,589
19:15,Diamonds,יהלומים,https://tickets.hotcinema.co.il/site/1197/tickets?code=1197-143956&languageid=en_gb,https://tickets.hotcinema.co.il/site/1197/tickets?code=1197-143956&languageid=he_IL,Regular,2D,,,2026-08-04,2024,,,135,All,Kfar Saba,Hot Cinema,589
15:05,For the Love of a Woman,כימים אחדים,https://tickets.hotcinema.co.il/site/1197/tickets?code=1197-143960&languageid=en_gb,https://tickets.hotcinema.co.il/site/1197/tickets?code=1197-143960&languageid=he_IL,Regular,2D,,,2026-08-04,2025,,,117,הגבלת גיל: הותר מגיל 9,Kfar Saba,Hot Cinema,589
10:50,מאמא,מאמא,https://tickets.hotcinema.co.il/site/1197/tickets?code=1197-143971&languageid=en_gb,https://tickets.hotcinema.co.il/site/1197/tickets?code=1197-143971&languageid=he_IL,Regular,2D,,,2026-08-04,2026,,,92,12+,Kfar Saba,Hot Cinema,589
13:00,מאמא,מאמא,https://tickets.hotcinema.co.il/site/1197/tickets?code=1197-143970&languageid=en_gb,https://tickets.hotcinema.co.il/site/1197/tickets?code=1197-143970&languageid=he_IL,Regular,2D,,,2026-08-04,2026,,,92,12+,Kfar Saba,Hot Cinema,589
15:10,מאמא,מאמא,https://tickets.hotcinema.co.il/site/1197/tickets?code=1197-143969&languageid=en_gb,https://tickets.hotcinema.co.il/site/1197/tickets?code=1197-143969&languageid=he_IL,Regular,2D,,,2026-08-04,2026,,,92,12+,Kfar Saba,Hot Cinema,589
20:10,מאמא,מאמא,https://tickets.hotcinema.co.il/site/1197/tickets?code=1197-143968&languageid=en_gb,https://tickets.hotcinema.co.il/site/1197/tickets?code=1197-143968&languageid=he_IL,Regular,2D,,,2026-08-04,2026,,,92,12+,Kfar Saba,Hot Cinema,589
17:30,Moana (Live Action),מואנה לייב אקשן,https://tickets.hotcinema.co.il/site/1197/tickets?code=1197-141662&languageid=en_gb,https://tickets.hotcinema.co.il/site/1197/tickets?code=1197-141662&languageid=he_IL,Not Just Cinema,2D,,,2026-08-04,2026,,,115,All,Kfar Saba,Hot Cinema,589
11:40,Moana (Live Action),מואנה לייב אקשן,https://tickets.hotcinema.co.il/site/1197/tickets?code=1197-143958&languageid=en_gb,https://tickets.hotcinema.co.il/site/1197/tickets?code=1197-143958&languageid=he_IL,Regular,2D,,Hebrew,2026-08-04,2026,,,115,All,Kfar Saba,Hot Cinema,589
14:15,Moana (Live Action),מואנה לייב אקשן,https://tickets.hotcinema.co.il/site/1197/tickets?code=1197-143959&languageid=en_gb,https://tickets.hotcinema.co.il/site/1197/tickets?code=1197-143959&languageid=he_IL,Regular,2D,,Hebrew,2026-08-04,2026,,,115,All,Kfar Saba,Hot Cinema,589
16:45,Moana (Live Action),מואנה לייב אקשן,https://tickets.hotcinema.co.il/site/1197/tickets?code=1197-143957&languageid=en_gb,https://tickets.hotcinema.co.il/site/1197/tickets?code=1197-143957&languageid=he_IL,Regular,2D,,Hebrew,2026-08-04,2026,,,115,All,Kfar Saba,Hot Cinema,589
22:00,Motor City,מוטור סיטי,https://tickets.hotcinema.co.il/site/1197/tickets?code=1197-143955&languageid=en_gb,https://tickets.hotcinema.co.il/site/1197/tickets?code=1197-143955&languageid=he_IL,Regular,2D,,,2026-08-04,2025,,,103,16+,Kfar Saba,Hot Cinema,589
15:00,Minions & Monsters,מיניונים ומפלצות,https://tickets.hotcinema.co.il/site/1197/tickets?code=1197-143929&languageid=en_gb,https://tickets.hotcinema.co.il/site/1197/tickets?code=1197-143929&languageid=he_IL,Regular,2D,,,2026-08-04,2026,,,90,All,Kfar Saba,Hot Cinema,589
20:00,Obsession,אובססיה,https://tickets.hotcinema.co.il/site/1197/tickets?code=1197-143688&languageid=en_gb,https://tickets.hotcinema.co.il/site/1197/tickets?code=1197-143688&languageid=he_IL,Regular,2D,,,2026-08-05,2026,,,108,14+,Kfar Saba,Hot Cinema,589
22:20,Obsession,אובססיה,https://tickets.hotcinema.co.il/site/1197/tickets?code=1197-143687&languageid=en_gb,https://tickets.hotcinema.co.il/site/1197/tickets?code=1197-143687&languageid=he_IL,Regular,2D,,,2026-08-05,2026,,,108,14+,Kfar Saba,Hot Cinema,589
10:20,The Odyssey,האודיסאה,https://tickets.hotcinema.co.il/site/1197/tickets?code=1197-143696&languageid=en_gb,https://tickets.hotcinema.co.il/site/1197/tickets?code=1197-143696&languageid=he_IL,Regular,2D,,,2026-08-05,2026,,,172,14+,Kfar Saba,Hot Cinema,589
13:30,The Odyssey,האודיסאה,https://tickets.hotcinema.co.il/site/1197/tickets?code=1197-143703&languageid=en_gb,https://tickets.hotcinema.co.il/site/1197/tickets?code=1197-143703&languageid=he_IL,Regular,2D,,,2026-08-05,2026,,,172,14+,Kfar Saba,Hot Cinema,589
17:05,The Odyssey,האודיסאה,https://tickets.hotcinema.co.il/site/1197/tickets?code=1197-143704&languageid=en_gb,https://tickets.hotcinema.co.il/site/1197/tickets?code=1197-143704&languageid=he_IL,Regular,2D,,,2026-08-05,2026,,,172,14+,Kfar Saba,Hot Cinema,589
19:45,The Odyssey,האודיסאה,https://tickets.hotcinema.co.il/site/1197/tickets?code=1197-143664&languageid=en_gb,https://tickets.hotcinema.co.il/site/1197/tickets?code=1197-143664&languageid=he_IL,Regular,2D,,,2026-08-05,2026,,,172,14+,Kfar Saba,Hot Cinema,589
20:40,The Odyssey,האודיסאה,https://tickets.hotcinema.co.il/site/1197/tickets?code=1197-143705&languageid=en_gb,https://tickets.hotcinema.co.il/site/1197/tickets?code=1197-143705&languageid=he_IL,Regular,2D,,,2026-08-05,2026,,,172,14+,Kfar Saba,Hot Cinema,589
21:50,The Odyssey,האודיסאה,https://tickets.hotcinema.co.il/site/1197/tickets?code=1197-143695&languageid=en_gb,https://tickets.hotcinema.co.il/site/1197/tickets?code=1197-143695&languageid=he_IL,Regular,2D,,,2026-08-05,2026,,,172,14+,Kfar Saba,Hot Cinema,589
19:20,The Invite,ההזמנה,https://tickets.hotcinema.co.il/site/1197/tickets?code=1197-143677&languageid=en_gb,https://tickets.hotcinema.co.il/site/1197/tickets?code=1197-143677&languageid=he_IL,Regular,2D,,,2026-08-05,2026,,,107,14+,Kfar Saba,Hot Cinema,589
19:20,A missing part,החלק החסר,https://tickets.hotcinema.co.il/site/1197/tickets?code=1197-143710&languageid=en_gb,https://tickets.hotcinema.co.il/site/1197/tickets?code=1197-143710&languageid=he_IL,Regular,2D,,,2026-08-05,2024,,,98,All,Kfar Saba,Hot Cinema,589
10:20,THE MAGICAL FARAWAY TREE,המסע המופלא לעץ הקסמים,https://tickets.hotcinema.co.il/site/1197/tickets?code=1197-143686&languageid=en_gb,https://tickets.hotcinema.co.il/site/1197/tickets?code=1197-143686&languageid=he_IL,Regular,2D,,Hebrew,2026-08-05,2026,,,110,All,Kfar Saba,Hot Cinema,589
12:45,THE MAGICAL FARAWAY TREE,המסע המופלא לעץ הקסמים,https://tickets.hotcinema.co.il/site/1197/tickets?code=1197-143685&languageid=en_gb,https://tickets.hotcinema.co.il/site/1197/tickets?code=1197-143685&languageid=he_IL,Regular,2D,,Hebrew,2026-08-05,2026,,,110,All,Kfar Saba,Hot Cinema,589
15:10,THE MAGICAL FARAWAY TREE,המסע המופלא לעץ הקסמים,https://tickets.hotcinema.co.il/site/1197/tickets?code=1197-143684&languageid=en_gb,https://tickets.hotcinema.co.il/site/1197/tickets?code=1197-143684&languageid=he_IL,Regular,2D,,Hebrew,2026-08-05,2026,,,110,All,Kfar Saba,Hot Cinema,589
17:35,THE MAGICAL FARAWAY TREE,המסע המופלא לעץ הקסמים,https://tickets.hotcinema.co.il/site/1197/tickets?code=1197-143683&languageid=en_gb,https://tickets.hotcinema.co.il/site/1197/tickets?code=1197-143683&languageid=he_IL,Regular,2D,,Hebrew,2026-08-05,2026,,,110,All,Kfar Saba,Hot Cinema,589
20:30,American Hina,חינה אמריקאית,https://tickets.hotcinema.co.il/site/1197/tickets?code=1197-143716&languageid=en_gb,https://tickets.hotcinema.co.il/site/1197/tickets?code=1197-143716&languageid=he_IL,Regular,2D,,,2026-08-05,2026,,,100,All,Kfar Saba,Hot Cinema,589
10:30,Tafiti: Across the Desert,טפיטי: הרפתקה במדבר,https://tickets.hotcinema.co.il/site/1197/tickets?code=1197-143669&languageid=en_gb,https://tickets.hotcinema.co.il/site/1197/tickets?code=1197-143669&languageid=he_IL,Regular,2D,,,2026-08-05,,,,81,הגבלת גיל: עד גיל 8 בליווי מבוגר,Kfar Saba,Hot Cinema,589
12:40,Tafiti: Across the Desert,טפיטי: הרפתקה במדבר,https://tickets.hotcinema.co.il/site/1197/tickets?code=1197-143670&languageid=en_gb,https://tickets.hotcinema.co.il/site/1197/tickets?code=1197-143670&languageid=he_IL,Regular,2D,,,2026-08-05,,,,81,הגבלת גיל: עד גיל 8 בליווי מבוגר,Kfar Saba,Hot Cinema,589
14:35,Tafiti: Across the Desert,טפיטי: הרפתקה במדבר,https://tickets.hotcinema.co.il/site/1197/tickets?code=1197-143671&languageid=en_gb,https://tickets.hotcinema.co.il/site/1197/tickets?code=1197-143671&languageid=he_IL,Regular,2D,,,2026-08-05,,,,81,הגבלת גיל: עד גיל 8 בליווי מבוגר,Kfar Saba,Hot Cinema,589
14:00,MASHA and THE BEAR – WONDER PARK,מאשה והדוב – ההרפתקה הגדולה,https://tickets.hotcinema.co.il/site/1197/tickets?code=1197-144733&languageid=en_gb,https://tickets.hotcinema.co.il/site/1197/tickets?code=1197-144733&languageid=he_IL,Regular,2D,,Hebrew,2026-08-05,2026,,,73,All,Kfar Saba,Hot Cinema,589
11:20,Moana (Live Action),מואנה לייב אקשן,https://tickets.hotcinema.co.il/site/1197/tickets?code=1197-143682&languageid=en_gb,https://tickets.hotcinema.co.il/site/1197/tickets?code=1197-143682&languageid=he_IL,Regular,2D,,Hebrew,2026-08-05,2026,,,115,All,Kfar Saba,Hot Cinema,589
16:50,Moana (Live Action),מואנה לייב אקשן,https://tickets.hotcinema.co.il/site/1197/tickets?code=1197-143681&languageid=en_gb,https://tickets.hotcinema.co.il/site/1197/tickets?code=1197-143681&languageid=he_IL,Regular,2D,,Hebrew,2026-08-05,2026,,,115,All,Kfar Saba,Hot Cinema,589
19:30,Motor City,מוטור סיטי,https://tickets.hotcinema.co.il/site/1197/tickets?code=1197-143679&languageid=en_gb,https://tickets.hotcinema.co.il/site/1197/tickets?code=1197-143679&languageid=he_IL,Regular,2D,,,2026-08-05,2025,,,103,16+,Kfar Saba,Hot Cinema,589
21:45,Motor City,מוטור סיטי,https://tickets.hotcinema.co.il/site/1197/tickets?code=1197-143678&languageid=en_gb,https://tickets.hotcinema.co.il/site/1197/tickets?code=1197-143678&languageid=he_IL,Regular,2D,,,2026-08-05,2025,,,103,16+,Kfar Saba,Hot Cinema,589
15:00,Minions & Monsters,מיניונים ומפלצות,https://tickets.hotcinema.co.il/site/1197/tickets?code=1197-143654&languageid=en_gb,https://tickets.hotcinema.co.il/site/1197/tickets?code=1197-143654&languageid=he_IL,Regular,2D,,,2026-08-05,2026,,,90,All,Kfar Saba,Hot Cinema,589
10:40,Minions & Monsters,מיניונים ומפלצות,https://tickets.hotcinema.co.il/site/1197/tickets?code=1197-143657&languageid=en_gb,https://tickets.hotcinema.co.il/site/1197/tickets?code=1197-143657&languageid=he_IL,Regular,2D,,Hebrew,2026-08-05,2026,,,90,All,Kfar Saba,Hot Cinema,589
11:20,Minions & Monsters,מיניונים ומפלצות,https://tickets.hotcinema.co.il/site/1197/tickets?code=1197-143702&languageid=en_gb,https://tickets.hotcinema.co.il/site/1197/tickets?code=1197-143702&languageid=he_IL,Regular,2D,,Hebrew,2026-08-05,2026,,,90,All,Kfar Saba,Hot Cinema,589
12:50,Minions & Monsters,מיניונים ומפלצות,https://tickets.hotcinema.co.il/site/1197/tickets?code=1197-143656&languageid=en_gb,https://tickets.hotcinema.co.il/site/1197/tickets?code=1197-143656&languageid=he_IL,Regular,2D,,Hebrew,2026-08-05,2026,,,90,All,Kfar Saba,Hot Cinema,589
13:55,Minions & Monsters,מיניונים ומפלצות,https://tickets.hotcinema.co.il/site/1197/tickets?code=1197-143693&languageid=en_gb,https://tickets.hotcinema.co.il/site/1197/tickets?code=1197-143693&languageid=he_IL,Regular,2D,,Hebrew,2026-08-05,2026,,,90,All,Kfar Saba,Hot Cinema,589
16:05,Minions & Monsters,מיניונים ומפלצות,https://tickets.hotcinema.co.il/site/1197/tickets?code=1197-143694&languageid=en_gb,https://tickets.hotcinema.co.il/site/1197/tickets?code=1197-143694&languageid=he_IL,Regular,2D,,Hebrew,2026-08-05,2026,,,90,All,Kfar Saba,Hot Cinema,589
17:10,Minions & Monsters,מיניונים ומפלצות,https://tickets.hotcinema.co.il/site/1197/tickets?code=1197-143655&languageid=en_gb,https://tickets.hotcinema.co.il/site/1197/tickets?code=1197-143655&languageid=he_IL,Regular,2D,,Hebrew,2026-08-05,2026,,,90,All,Kfar Saba,Hot Cinema,589
12:40,School of Magical Animals,סוד החיות הקסומות 3,https://tickets.hotcinema.co.il/site/1197/tickets?code=1197-143709&languageid=en_gb,https://tickets.hotcinema.co.il/site/1197/tickets?code=1197-143709&languageid=he_IL,Regular,2D,,Hebrew,2026-08-05,2024,,,105,All,Kfar Saba,Hot Cinema,589
15:00,School of Magical Animals,סוד החיות הקסומות 3,https://tickets.hotcinema.co.il/site/1197/tickets?code=1197-143708&languageid=en_gb,https://tickets.hotcinema.co.il/site/1197/tickets?code=1197-143708&languageid=he_IL,Regular,2D,,Hebrew,2026-08-05,2024,,,105,All,Kfar Saba,Hot Cinema,589
19:25,גבעה 338,גבעה 338,https://tickets.hotcinema.co.il/site/1197/tickets?code=1197-144738&languageid=en_gb,https://tickets.hotcinema.co.il/site/1197/tickets?code=1197-144738&languageid=he_IL,Regular,2D,,,2026-08-06,2026,,,106,הגבלת גיל: הותר מגיל 9,Kfar Saba,Hot Cinema,589
21:50,גבעה 338,גבעה 338,https://tickets.hotcinema.co.il/site/1197/tickets?code=1197-144739&languageid=en_gb,https://tickets.hotcinema.co.il/site/1197/tickets?code=1197-144739&languageid=he_IL,Regular,2D,,,2026-08-06,2026,,,106,הגבלת גיל: הותר מגיל 9,Kfar Saba,Hot Cinema,589
18:00,The Odyssey,האודיסאה,https://tickets.hotcinema.co.il/site/1197/tickets?code=1197-144266&languageid=en_gb,https://tickets.hotcinema.co.il/site/1197/tickets?code=1197-144266&languageid=he_IL,Regular,2D,,,2026-08-06,2026,,,172,14+,Kfar Saba,Hot Cinema,589
21:30,The Odyssey,האודיסאה,https://tickets.hotcinema.co.il/site/1197/tickets?code=1197-144267&languageid=en_gb,https://tickets.hotcinema.co.il/site/1197/tickets?code=1197-144267&languageid=he_IL,Regular,2D,,,2026-08-06,2026,,,172,14+,Kfar Saba,Hot Cinema,589
17:30,WALL·E,סינמה נוסטלגיה - וול-E,https://tickets.hotcinema.co.il/site/1197/tickets?code=1197-136815&languageid=en_gb,https://tickets.hotcinema.co.il/site/1197/tickets?code=1197-136815&languageid=he_IL,Not Just Cinema,2D,,Hebrew,2026-08-06,2008,,,98,All,Kfar Saba,Hot Cinema,589
17:00,Spider-Man: Brand new day,ספיידרמן: יום חדש,https://tickets.hotcinema.co.il/site/1197/tickets?code=1197-144263&languageid=en_gb,https://tickets.hotcinema.co.il/site/1197/tickets?code=1197-144263&languageid=he_IL,Premium,2D,,,2026-08-06,2026,,,145,All,Kfar Saba,Hot Cinema,589
20:00,Spider-Man: Brand new day,ספיידרמן: יום חדש,https://tickets.hotcinema.co.il/site/1197/tickets?code=1197-144264&languageid=en_gb,https://tickets.hotcinema.co.il/site/1197/tickets?code=1197-144264&languageid=he_IL,Premium,2D,,,2026-08-06,2026,,,145,All,Kfar Saba,Hot Cinema,589
21:00,Spider-Man: Brand new day,ספיידרמן: יום חדש,https://tickets.hotcinema.co.il/site/1197/tickets?code=1197-144265&languageid=en_gb,https://tickets.hotcinema.co.il/site/1197/tickets?code=1197-144265&languageid=he_IL,Regular,2D,,,2026-08-06,2026,,,145,All,Kfar Saba,Hot Cinema,589
20:30,Spider-Man: Brand new day,ספיידרמן: יום חדש,https://tickets.hotcinema.co.il/site/1197/tickets?code=1197-139357&languageid=en_gb,https://tickets.hotcinema.co.il/site/1197/tickets?code=1197-139357&languageid=he_IL,Regular,2D,,French,2026-08-06,2026,,,145,All,Kfar Saba,Hot Cinema,589
19:10,גבעה 338,גבעה 338,https://tickets.hotcinema.co.il/site/1197/tickets?code=1197-144740&languageid=en_gb,https://tickets.hotcinema.co.il/site/1197/tickets?code=1197-144740&languageid=he_IL,Regular,2D,,,2026-08-07,2026,,,106,הגבלת גיל: הותר מגיל 9,Kfar Saba,Hot Cinema,589
21:35,גבעה 338,גבעה 338,https://tickets.hotcinema.co.il/site/1197/tickets?code=1197-144741&languageid=en_gb,https://tickets.hotcinema.co.il/site/1197/tickets?code=1197-144741&languageid=he_IL,Regular,2D,,,2026-08-07,2026,,,106,הגבלת גיל: הותר מגיל 9,Kfar Saba,Hot Cinema,589
18:00,The Odyssey,האודיסאה,https://tickets.hotcinema.co.il/site/1197/tickets?code=1197-144185&languageid=en_gb,https://tickets.hotcinema.co.il/site/1197/tickets?code=1197-144185&languageid=he_IL,Regular,2D,,,2026-08-07,2026,,,172,14+,Kfar Saba,Hot Cinema,589
21:30,The Odyssey,האודיסאה,https://tickets.hotcinema.co.il/site/1197/tickets?code=1197-144186&languageid=en_gb,https://tickets.hotcinema.co.il/site/1197/tickets?code=1197-144186&languageid=he_IL,Regular,2D,,,2026-08-07,2026,,,172,14+,Kfar Saba,Hot Cinema,589
20:00,Spider-Man: Brand new day,ספיידרמן: יום חדש,https://tickets.hotcinema.co.il/site/1197/tickets?code=1197-144182&languageid=en_gb,https://tickets.hotcinema.co.il/site/1197/tickets?code=1197-144182&languageid=he_IL,Premium,2D,,,2026-08-07,2026,,,145,All,Kfar Saba,Hot Cinema,589
21:30,Spider-Man: Brand new day,ספיידרמן: יום חדש,https://tickets.hotcinema.co.il/site/1197/tickets?code=1197-144184&languageid=en_gb,https://tickets.hotcinema.co.il/site/1197/tickets?code=1197-144184&languageid=he_IL,Regular,2D,,,2026-08-07,2026,,,145,All,Kfar Saba,Hot Cinema,589
23:00,Spider-Man: Brand new day,ספיידרמן: יום חדש,https://tickets.hotcinema.co.il/site/1197/tickets?code=1197-144183&languageid=en_gb,https://tickets.hotcinema.co.il/site/1197/tickets?code=1197-144183&languageid=he_IL,Premium,2D,,,2026-08-07,2026,,,145,All,Kfar Saba,Hot Cinema,589
19:25,גבעה 338,גבעה 338,https://tickets.hotcinema.co.il/site/1197/tickets?code=1197-144742&languageid=en_gb,https://tickets.hotcinema.co.il/site/1197/tickets?code=1197-144742&languageid=he_IL,Regular,2D,,,2026-08-08,2026,,,106,הגבלת גיל: הותר מגיל 9,Kfar Saba,Hot Cinema,589
21:50,גבעה 338,גבעה 338,https://tickets.hotcinema.co.il/site/1197/tickets?code=1197-144743&languageid=en_gb,https://tickets.hotcinema.co.il/site/1197/tickets?code=1197-144743&languageid=he_IL,Regular,2D,,,2026-08-08,2026,,,106,הגבלת גיל: הותר מגיל 9,Kfar Saba,Hot Cinema,589
18:00,The Odyssey,האודיסאה,https://tickets.hotcinema.co.il/site/1197/tickets?code=1197-144093&languageid=en_gb,https://tickets.hotcinema.co.il/site/1197/tickets?code=1197-144093&languageid=he_IL,Regular,2D,,,2026-08-08,2026,,,172,14+,Kfar Saba,Hot Cinema,589
21:30,The Odyssey,האודיסאה,https://tickets.hotcinema.co.il/site/1197/tickets?code=1197-144094&languageid=en_gb,https://tickets.hotcinema.co.il/site/1197/tickets?code=1197-144094&languageid=he_IL,Regular,2D,,,2026-08-08,2026,,,172,14+,Kfar Saba,Hot Cinema,589
11:00,Five Baloons,מעשה בחמישה בלונים,https://tickets.hotcinema.co.il/site/1197/tickets?code=1197-131691&languageid=en_gb,https://tickets.hotcinema.co.il/site/1197/tickets?code=1197-131691&languageid=he_IL,Not Just Cinema,2D,,,2026-08-08,,,,45,All,Kfar Saba,Hot Cinema,589
17:00,Spider-Man: Brand new day,ספיידרמן: יום חדש,https://tickets.hotcinema.co.il/site/1197/tickets?code=1197-144013&languageid=en_gb,https://tickets.hotcinema.co.il/site/1197/tickets?code=1197-144013&languageid=he_IL,Premium,2D,,,2026-08-08,2026,,,145,All,Kfar Saba,Hot Cinema,589
20:00,Spider-Man: Brand new day,ספיידרמן: יום חדש,https://tickets.hotcinema.co.il/site/1197/tickets?code=1197-144014&languageid=en_gb,https://tickets.hotcinema.co.il/site/1197/tickets?code=1197-144014&languageid=he_IL,Premium,2D,,,2026-08-08,2026,,,145,All,Kfar Saba,Hot Cinema,589
20:50,Spider-Man: Brand new day,ספיידרמן: יום חדש,https://tickets.hotcinema.co.il/site/1197/tickets?code=1197-144092&languageid=en_gb,https://tickets.hotcinema.co.il/site/1197/tickets?code=1197-144092&languageid=he_IL,Regular,2D,,,2026-08-08,2026,,,145,All,Kfar Saba,Hot Cinema,589
16:00,חגיגות 10 שנים יחד עם מאפין,חגיגות 10 שנים יחד עם מאפין,https://tickets.hotcinema.co.il/site/1197/tickets?code=1197-136760&languageid=en_gb,https://tickets.hotcinema.co.il/site/1197/tickets?code=1197-136760&languageid=he_IL,Not Just Cinema,2D,,,2026-08-10,,,,120,,Kfar Saba,Hot Cinema,589
20:30,Spider-Man: Brand new day,ספיידרמן: יום חדש,https://tickets.hotcinema.co.il/site/1197/tickets?code=1197-139358&languageid=en_gb,https://tickets.hotcinema.co.il/site/1197/tickets?code=1197-139358&languageid=he_IL,Regular,2D,,French,2026-08-10,2026,,,145,All,Kfar Saba,Hot Cinema,589
19:00,Moana (Live Action),מואנה לייב אקשן,https://tickets.hotcinema.co.il/site/1197/tickets?code=1197-142876&languageid=en_gb,https://tickets.hotcinema.co.il/site/1197/tickets?code=1197-142876&languageid=he_IL,Not Just Cinema,2D,,,2026-08-11,2026,,,115,All,Kfar Saba,Hot Cinema,589
20:00,דני קושמרו,דני קושמרו,https://tickets.hotcinema.co.il/site/1197/tickets?code=1197-131710&languageid=en_gb,https://tickets.hotcinema.co.il/site/1197/tickets?code=1197-131710&languageid=he_IL,Not Just Cinema,2D,,,2026-08-12,,,,60,,Kfar Saba,Hot Cinema,589
21:00,מירית גליצקי מוגזמת,מירית גליצקי מוגזמת,https://tickets.hotcinema.co.il/site/1197/tickets?code=1197-112533&languageid=en_gb,https://tickets.hotcinema.co.il/site/1197/tickets?code=1197-112533&languageid=he_IL,Not Just Cinema,2D,,,2026-08-13,,,,70,,Kfar Saba,Hot Cinema,589
20:00,Superman - 1978,סינמה נוסטלגיה - סופרמן 1978,https://tickets.hotcinema.co.il/site/1197/tickets?code=1197-138071&languageid=en_gb,https://tickets.hotcinema.co.il/site/1197/tickets?code=1197-138071&languageid=he_IL,Not Just Cinema,2D,,,2026-08-13,1978,,,143,,Kfar Saba,Hot Cinema,589
20:30,Spider-Man: Brand new day,ספיידרמן: יום חדש,https://tickets.hotcinema.co.il/site/1197/tickets?code=1197-139360&languageid=en_gb,https://tickets.hotcinema.co.il/site/1197/tickets?code=1197-139360&languageid=he_IL,Regular,2D,,French,2026-08-13,2026,,,145,All,Kfar Saba,Hot Cinema,589
19:30,ערב תרבות בקולנוע - יהודה אליאס,ערב תרבות בקולנוע - יהודה אליאס,https://tickets.hotcinema.co.il/site/1197/tickets?code=1197-134571&languageid=en_gb,https://tickets.hotcinema.co.il/site/1197/tickets?code=1197-134571&languageid=he_IL,Not Just Cinema,2D,,,2026-08-13,,,,60,,Kfar Saba,Hot Cinema,589
21:00,Mamma Mia!,סינמה נוסטלגיה - מאמה מיה!,https://tickets.hotcinema.co.il/site/1197/tickets?code=1197-140604&languageid=en_gb,https://tickets.hotcinema.co.il/site/1197/tickets?code=1197-140604&languageid=he_IL,Not Just Cinema,2D,,,2026-08-14,2008,,,108,12+,Kfar Saba,Hot Cinema,589
11:00,Shmulikipod,שמוליקיפוד,https://tickets.hotcinema.co.il/site/1197/tickets?code=1197-133192&languageid=en_gb,https://tickets.hotcinema.co.il/site/1197/tickets?code=1197-133192&languageid=he_IL,Not Just Cinema,2D,,,2026-08-15,2024,,,45,All,Kfar Saba,Hot Cinema,589
20:00,Superman 2 The Richard Donner Cut,סינמה נוסטלגיה - סופרמן 2 גרסת הבמאי,https://tickets.hotcinema.co.il/site/1197/tickets?code=1197-139386&languageid=en_gb,https://tickets.hotcinema.co.il/site/1197/tickets?code=1197-139386&languageid=he_IL,Not Just Cinema,2D,,,2026-08-20,2006,,,116,All,Kfar Saba,Hot Cinema,589
21:00,Yoni Kletzel & Ryan Williams – “Leave the Goats Al,Yoni Kletzel & Ryan Williams – “Leave the Goats Al,https://tickets.hotcinema.co.il/site/1197/tickets?code=1197-144005&languageid=en_gb,https://tickets.hotcinema.co.il/site/1197/tickets?code=1197-144005&languageid=he_IL,Not Just Cinema,2D,,,2026-08-20,,,,,,Kfar Saba,Hot Cinema,589
11:00,הבית של יעל,הבית של יעל,https://tickets.hotcinema.co.il/site/1197/tickets?code=1197-133194&languageid=en_gb,https://tickets.hotcinema.co.il/site/1197/tickets?code=1197-133194&languageid=he_IL,Not Just Cinema,2D,,,2026-08-22,,,,60,All,Kfar Saba,Hot Cinema,589
17:00,ערב אישי עם אליאור בילוקס,ערב אישי עם אליאור בילוקס,https://tickets.hotcinema.co.il/site/1197/tickets?code=1197-142879&languageid=en_gb,https://tickets.hotcinema.co.il/site/1197/tickets?code=1197-142879&languageid=he_IL,Not Just Cinema,2D,,,2026-08-25,,,,70,,Kfar Saba,Hot Cinema,589
17:30,נתי הגעתי הופעתי,נתי הגעתי הופעתי,https://tickets.hotcinema.co.il/site/1197/tickets?code=1197-121768&languageid=en_gb,https://tickets.hotcinema.co.il/site/1197/tickets?code=1197-121768&languageid=he_IL,Not Just Cinema,2D,,,2026-08-27,,,,70,All,Kfar Saba,Hot Cinema,589
17:30,Tangled,סינמה נוסטלגיה - פלונטר,https://tickets.hotcinema.co.il/site/1197/tickets?code=1197-139390&languageid=en_gb,https://tickets.hotcinema.co.il/site/1197/tickets?code=1197-139390&languageid=he_IL,Not Just Cinema,2D,,Hebrew,2026-08-27,2010,,,100,All,Kfar Saba,Hot Cinema,589
17:30,Tangled,סינמה נוסטלגיה - פלונטר,https://tickets.hotcinema.co.il/site/1197/tickets?code=1197-139392&languageid=en_gb,https://tickets.hotcinema.co.il/site/1197/tickets?code=1197-139392&languageid=he_IL,Not Just Cinema,2D,,Hebrew,2026-08-28,2010,,,100,All,Kfar Saba,Hot Cinema,589
11:00,איילת מטיילת,איילת מטיילת,https://tickets.hotcinema.co.il/site/1197/tickets?code=1197-134550&languageid=en_gb,https://tickets.hotcinema.co.il/site/1197/tickets?code=1197-134550&languageid=he_IL,Not Just Cinema,2D,,,2026-08-29,,,,,All,Kfar Saba,Hot Cinema,589
17:30,Tangled,סינמה נוסטלגיה - פלונטר,https://tickets.hotcinema.co.il/site/1197/tickets?code=1197-139391&languageid=en_gb,https://tickets.hotcinema.co.il/site/1197/tickets?code=1197-139391&languageid=he_IL,Not Just Cinema,2D,,Hebrew,2026-08-29,2010,,,100,All,Kfar Saba,Hot Cinema,589
20:00,סינמה נוסטלגיה - גבעת חלפון אינה עונה חוגגת 50!,סינמה נוסטלגיה - גבעת חלפון אינה עונה חוגגת 50!,https://tickets.hotcinema.co.il/site/1197/tickets?code=1197-141669&languageid=en_gb,https://tickets.hotcinema.co.il/site/1197/tickets?code=1197-141669&languageid=he_IL,Not Just Cinema,2D,,,2026-09-03,1976,,,92,12+,Kfar Saba,Hot Cinema,589
20:00,סינמה אישי הדר מרקס,ערב אישי עם הדר מרקס ואורח הכבוד בני כבודי,https://tickets.hotcinema.co.il/site/1197/tickets?code=1197-122302&languageid=en_gb,https://tickets.hotcinema.co.il/site/1197/tickets?code=1197-122302&languageid=he_IL,Not Just Cinema,2D,,,2026-09-03,2026,,,70,,Kfar Saba,Hot Cinema,589
20:00,סינמה נוסטלגיה - גבעת חלפון אינה עונה חוגגת 50!,סינמה נוסטלגיה - גבעת חלפון אינה עונה חוגגת 50!,https://tickets.hotcinema.co.il/site/1197/tickets?code=1197-141670&languageid=en_gb,https://tickets.hotcinema.co.il/site/1197/tickets?code=1197-141670&languageid=he_IL,Not Just Cinema,2D,,,2026-09-04,1976,,,92,12+,Kfar Saba,Hot Cinema,589
20:00,סינמה נוסטלגיה - גבעת חלפון אינה עונה חוגגת 50!,סינמה נוסטלגיה - גבעת חלפון אינה עונה חוגגת 50!,https://tickets.hotcinema.co.il/site/1197/tickets?code=1197-141671&languageid=en_gb,https://tickets.hotcinema.co.il/site/1197/tickets?code=1197-141671&languageid=he_IL,Not Just Cinema,2D,,,2026-09-05,1976,,,92,12+,Kfar Saba,Hot Cinema,589
20:00,סינמה אישי יהודית כץ,סינמה אישי יהודית כץ,https://tickets.hotcinema.co.il/site/1197/tickets?code=1197-133196&languageid=en_gb,https://tickets.hotcinema.co.il/site/1197/tickets?code=1197-133196&languageid=he_IL,Not Just Cinema,2D,,,2026-09-09,,,,70,,Kfar Saba,Hot Cinema,589
20:00,Taxi Driver,סינמה נוסטלגיה - 50 שנה לסרט נהג מונית,https://tickets.hotcinema.co.il/site/1197/tickets?code=1197-140600&languageid=en_gb,https://tickets.hotcinema.co.il/site/1197/tickets?code=1197-140600&languageid=he_IL,Not Just Cinema,2D,,,2026-09-10,1976,,,114,הגבלת גיל: הותר מגיל 18 בהצגת תעודה מזהה,Kfar Saba,Hot Cinema,589
11:00,האריה שבפנים,האריה שבפנים,https://tickets.hotcinema.co.il/site/1197/tickets?code=1197-134569&languageid=en_gb,https://tickets.hotcinema.co.il/site/1197/tickets?code=1197-134569&languageid=he_IL,Not Just Cinema,2D,,,2026-09-12,,,,45,All,Kfar Saba,Hot Cinema,589
20:00,A Few Good Men,סינמה נוסטלגיה - בחורים טובים,https://tickets.hotcinema.co.il/site/1197/tickets?code=1197-141677&languageid=en_gb,https://tickets.hotcinema.co.il/site/1197/tickets?code=1197-141677&languageid=he_IL,Not Just Cinema,2D,,,2026-09-17,1992,,,138,12+,Kfar Saba,Hot Cinema,589
20:00,A Few Good Men,סינמה נוסטלגיה - בחורים טובים,https://tickets.hotcinema.co.il/site/1197/tickets?code=1197-141675&languageid=en_gb,https://tickets.hotcinema.co.il/site/1197/tickets?code=1197-141675&languageid=he_IL,Not Just Cinema,2D,,,2026-09-18,1992,,,138,12+,Kfar Saba,Hot Cinema,589
20:00,A Few Good Men,סינמה נוסטלגיה - בחורים טובים,https://tickets.hotcinema.co.il/site/1197/tickets?code=1197-141676&languageid=en_gb,https://tickets.hotcinema.co.il/site/1197/tickets?code=1197-141676&languageid=he_IL,Not Just Cinema,2D,,,2026-09-19,1992,,,138,12+,Kfar Saba,Hot Cinema,589
20:00,Ghostbusters,סינמה נוסטלגיה - מכסחי השדים,https://tickets.hotcinema.co.il/site/1197/tickets?code=1197-141679&languageid=en_gb,https://tickets.hotcinema.co.il/site/1197/tickets?code=1197-141679&languageid=he_IL,Not Just Cinema,2D,,,2026-09-24,1984,,,105,12+,Kfar Saba,Hot Cinema,589
18:30,Just an Illusion,אשליות מתוקות,https://tickets.hotcinema.co.il/site/1194/tickets?code=1194-89851&languageid=en_gb,https://tickets.hotcinema.co.il/site/1194/tickets?code=1194-89851&languageid=he_IL,Regular,2D,,,2026-08-04,2026,,,116,All,Petach Tikvah,Hot Cinema,589
11:10,The Odyssey,האודיסאה,https://tickets.hotcinema.co.il/site/1194/tickets?code=1194-89870&languageid=en_gb,https://tickets.hotcinema.co.il/site/1194/tickets?code=1194-89870&languageid=he_IL,Regular,2D,,,2026-08-04,2026,,,172,14+,Petach Tikvah,Hot Cinema,589
15:00,The Odyssey,האודיסאה,https://tickets.hotcinema.co.il/site/1194/tickets?code=1194-89845&languageid=en_gb,https://tickets.hotcinema.co.il/site/1194/tickets?code=1194-89845&languageid=he_IL,Regular,2D,,,2026-08-04,2026,,,172,14+,Petach Tikvah,Hot Cinema,589
17:10,The Odyssey,האודיסאה,https://tickets.hotcinema.co.il/site/1194/tickets?code=1194-89872&languageid=en_gb,https://tickets.hotcinema.co.il/site/1194/tickets?code=1194-89872&languageid=he_IL,Regular,2D,,,2026-08-04,2026,,,172,14+,Petach Tikvah,Hot Cinema,589
18:40,The Odyssey,האודיסאה,https://tickets.hotcinema.co.il/site/1194/tickets?code=1194-89844&languageid=en_gb,https://tickets.hotcinema.co.il/site/1194/tickets?code=1194-89844&languageid=he_IL,Regular,2D,,,2026-08-04,2026,,,172,14+,Petach Tikvah,Hot Cinema,589
20:45,The Odyssey,האודיסאה,https://tickets.hotcinema.co.il/site/1194/tickets?code=1194-89871&languageid=en_gb,https://tickets.hotcinema.co.il/site/1194/tickets?code=1194-89871&languageid=he_IL,Regular,2D,,,2026-08-04,2026,,,172,14+,Petach Tikvah,Hot Cinema,589
22:15,The Odyssey,האודיסאה,https://tickets.hotcinema.co.il/site/1194/tickets?code=1194-89846&languageid=en_gb,https://tickets.hotcinema.co.il/site/1194/tickets?code=1194-89846&languageid=he_IL,Regular,2D,,,2026-08-04,2026,,,172,14+,Petach Tikvah,Hot Cinema,589
16:15,A missing part,החלק החסר,https://tickets.hotcinema.co.il/site/1194/tickets?code=1194-89853&languageid=en_gb,https://tickets.hotcinema.co.il/site/1194/tickets?code=1194-89853&languageid=he_IL,Regular,2D,,,2026-08-04,2024,,,98,All,Petach Tikvah,Hot Cinema,589
13:50,THE MAGICAL FARAWAY TREE,המסע המופלא לעץ הקסמים,https://tickets.hotcinema.co.il/site/1194/tickets?code=1194-89852&languageid=en_gb,https://tickets.hotcinema.co.il/site/1194/tickets?code=1194-89852&languageid=he_IL,Regular,2D,,Hebrew,2026-08-04,2026,,,110,All,Petach Tikvah,Hot Cinema,589
21:30,American Hina,חינה אמריקאית,https://tickets.hotcinema.co.il/site/1194/tickets?code=1194-89865&languageid=en_gb,https://tickets.hotcinema.co.il/site/1194/tickets?code=1194-89865&languageid=he_IL,Regular,2D,,,2026-08-04,2026,,,100,All,Petach Tikvah,Hot Cinema,589
17:25,Diamonds,יהלומים,https://tickets.hotcinema.co.il/site/1194/tickets?code=1194-89857&languageid=en_gb,https://tickets.hotcinema.co.il/site/1194/tickets?code=1194-89857&languageid=he_IL,Regular,2D,,,2026-08-04,2024,,,135,All,Petach Tikvah,Hot Cinema,589
15:15,כי את מכוערת,כי את מכוערת,https://tickets.hotcinema.co.il/site/1194/tickets?code=1194-89867&languageid=en_gb,https://tickets.hotcinema.co.il/site/1194/tickets?code=1194-89867&languageid=he_IL,Regular,2D,,,2026-08-04,2025,,,83,12+,Petach Tikvah,Hot Cinema,589
12:40,For the Love of a Woman,כימים אחדים,https://tickets.hotcinema.co.il/site/1194/tickets?code=1194-89868&languageid=en_gb,https://tickets.hotcinema.co.il/site/1194/tickets?code=1194-89868&languageid=he_IL,Regular,2D,,,2026-08-04,2025,,,117,הגבלת גיל: הותר מגיל 9,Petach Tikvah,Hot Cinema,589
19:20,מאמא,מאמא,https://tickets.hotcinema.co.il/site/1194/tickets?code=1194-89864&languageid=en_gb,https://tickets.hotcinema.co.il/site/1194/tickets?code=1194-89864&languageid=he_IL,Regular,2D,,,2026-08-04,2026,,,92,12+,Petach Tikvah,Hot Cinema,589
13:30,Moana (Live Action),מואנה לייב אקשן,https://tickets.hotcinema.co.il/site/1194/tickets?code=1194-89879&languageid=en_gb,https://tickets.hotcinema.co.il/site/1194/tickets?code=1194-89879&languageid=he_IL,Regular,2D,,Hebrew,2026-08-04,2026,,,115,All,Petach Tikvah,Hot Cinema,589
10:45,Minions & Monsters,מיניונים ומפלצות,https://tickets.hotcinema.co.il/site/1194/tickets?code=1194-89847&languageid=en_gb,https://tickets.hotcinema.co.il/site/1194/tickets?code=1194-89847&languageid=he_IL,Regular,2D,,Hebrew,2026-08-04,2026,,,90,All,Petach Tikvah,Hot Cinema,589
12:50,Minions & Monsters,מיניונים ומפלצות,https://tickets.hotcinema.co.il/site/1194/tickets?code=1194-89848&languageid=en_gb,https://tickets.hotcinema.co.il/site/1194/tickets?code=1194-89848&languageid=he_IL,Regular,2D,,Hebrew,2026-08-04,2026,,,90,All,Petach Tikvah,Hot Cinema,589
17:15,Minions & Monsters,מיניונים ומפלצות,https://tickets.hotcinema.co.il/site/1194/tickets?code=1194-89869&languageid=en_gb,https://tickets.hotcinema.co.il/site/1194/tickets?code=1194-89869&languageid=he_IL,Regular,2D,,Hebrew,2026-08-04,2026,,,90,All,Petach Tikvah,Hot Cinema,589
10:20,School of Magical Animals,סוד החיות הקסומות 3,https://tickets.hotcinema.co.il/site/1194/tickets?code=1194-89866&languageid=en_gb,https://tickets.hotcinema.co.il/site/1194/tickets?code=1194-89866&languageid=he_IL,Regular,2D,,Hebrew,2026-08-04,2024,,,105,All,Petach Tikvah,Hot Cinema,589
10:45,Saltiz,סולטיז הסרט - וולוג ה-100,https://tickets.hotcinema.co.il/site/1194/tickets?code=1194-89856&languageid=en_gb,https://tickets.hotcinema.co.il/site/1194/tickets?code=1194-89856&languageid=he_IL,Regular,2D,,,2026-08-04,2026,,,100,All,Petach Tikvah,Hot Cinema,589
13:00,Saltiz,סולטיז הסרט - וולוג ה-100,https://tickets.hotcinema.co.il/site/1194/tickets?code=1194-89855&languageid=en_gb,https://tickets.hotcinema.co.il/site/1194/tickets?code=1194-89855&languageid=he_IL,Regular,2D,,,2026-08-04,2026,,,100,All,Petach Tikvah,Hot Cinema,589
15:10,Saltiz,סולטיז הסרט - וולוג ה-100,https://tickets.hotcinema.co.il/site/1194/tickets?code=1194-89854&languageid=en_gb,https://tickets.hotcinema.co.il/site/1194/tickets?code=1194-89854&languageid=he_IL,Regular,2D,,,2026-08-04,2026,,,100,All,Petach Tikvah,Hot Cinema,589
10:45,Spider-Man: Brand new day,ספיידרמן: יום חדש,https://tickets.hotcinema.co.il/site/1194/tickets?code=1194-89863&languageid=en_gb,https://tickets.hotcinema.co.il/site/1194/tickets?code=1194-89863&languageid=he_IL,Regular,2D,,,2026-08-04,2026,,,145,All,Petach Tikvah,Hot Cinema,589
11:50,Spider-Man: Brand new day,ספיידרמן: יום חדש,https://tickets.hotcinema.co.il/site/1194/tickets?code=1194-89877&languageid=en_gb,https://tickets.hotcinema.co.il/site/1194/tickets?code=1194-89877&languageid=he_IL,Regular,2D Atmos,,,2026-08-04,2026,,,145,All,Petach Tikvah,Hot Cinema,589
13:40,Spider-Man: Brand new day,ספיידרמן: יום חדש,https://tickets.hotcinema.co.il/site/1194/tickets?code=1194-89860&languageid=en_gb,https://tickets.hotcinema.co.il/site/1194/tickets?code=1194-89860&languageid=he_IL,Regular,2D,,,2026-08-04,2026,,,145,All,Petach Tikvah,Hot Cinema,589
15:00,Spider-Man: Brand new day,ספיידרמן: יום חדש,https://tickets.hotcinema.co.il/site/1194/tickets?code=1194-89876&languageid=en_gb,https://tickets.hotcinema.co.il/site/1194/tickets?code=1194-89876&languageid=he_IL,Regular,2D Atmos,,,2026-08-04,2026,,,145,All,Petach Tikvah,Hot Cinema,589
16:40,Spider-Man: Brand new day,ספיידרמן: יום חדש,https://tickets.hotcinema.co.il/site/1194/tickets?code=1194-89859&languageid=en_gb,https://tickets.hotcinema.co.il/site/1194/tickets?code=1194-89859&languageid=he_IL,Regular,2D,,,2026-08-04,2026,,,145,All,Petach Tikvah,Hot Cinema,589
18:10,Spider-Man: Brand new day,ספיידרמן: יום חדש,https://tickets.hotcinema.co.il/site/1194/tickets?code=1194-89875&languageid=en_gb,https://tickets.hotcinema.co.il/site/1194/tickets?code=1194-89875&languageid=he_IL,Regular,2D Atmos,,,2026-08-04,2026,,,145,All,Petach Tikvah,Hot Cinema,589
19:40,Spider-Man: Brand new day,ספיידרמן: יום חדש,https://tickets.hotcinema.co.il/site/1194/tickets?code=1194-89861&languageid=en_gb,https://tickets.hotcinema.co.il/site/1194/tickets?code=1194-89861&languageid=he_IL,Regular,2D,,,2026-08-04,2026,,,145,All,Petach Tikvah,Hot Cinema,589
20:15,Spider-Man: Brand new day,ספיידרמן: יום חדש,https://tickets.hotcinema.co.il/site/1194/tickets?code=1194-89858&languageid=en_gb,https://tickets.hotcinema.co.il/site/1194/tickets?code=1194-89858&languageid=he_IL,Regular,2D,,,2026-08-04,2026,,,145,All,Petach Tikvah,Hot Cinema,589
21:20,Spider-Man: Brand new day,ספיידרמן: יום חדש,https://tickets.hotcinema.co.il/site/1194/tickets?code=1194-89874&languageid=en_gb,https://tickets.hotcinema.co.il/site/1194/tickets?code=1194-89874&languageid=he_IL,Regular,2D Atmos,,,2026-08-04,2026,,,145,All,Petach Tikvah,Hot Cinema,589
22:40,Spider-Man: Brand new day,ספיידרמן: יום חדש,https://tickets.hotcinema.co.il/site/1194/tickets?code=1194-89862&languageid=en_gb,https://tickets.hotcinema.co.il/site/1194/tickets?code=1194-89862&languageid=he_IL,Regular,2D,,,2026-08-04,2026,,,145,All,Petach Tikvah,Hot Cinema,589
21:10,סרט כחול לבן,סרט כחול לבן,https://tickets.hotcinema.co.il/site/1194/tickets?code=1194-89850&languageid=en_gb,https://tickets.hotcinema.co.il/site/1194/tickets?code=1194-89850&languageid=he_IL,Regular,2D,,,2026-08-04,2026,,,86,14+,Petach Tikvah,Hot Cinema,589
11:10,Toy Story 5,צעצוע של סיפור 5,https://tickets.hotcinema.co.il/site/1194/tickets?code=1194-89878&languageid=en_gb,https://tickets.hotcinema.co.il/site/1194/tickets?code=1194-89878&languageid=he_IL,Regular,2D,,Hebrew,2026-08-04,2026,,,102,All,Petach Tikvah,Hot Cinema,589
18:10,קופה ראשית: הסרט,קופה ראשית: הסרט,https://tickets.hotcinema.co.il/site/1194/tickets?code=1194-89882&languageid=en_gb,https://tickets.hotcinema.co.il/site/1194/tickets?code=1194-89882&languageid=he_IL,Regular,2D,,,2026-08-04,2026,,,91,All,Petach Tikvah,Hot Cinema,589
20:20,קופה ראשית: הסרט,קופה ראשית: הסרט,https://tickets.hotcinema.co.il/site/1194/tickets?code=1194-89881&languageid=en_gb,https://tickets.hotcinema.co.il/site/1194/tickets?code=1194-89881&languageid=he_IL,Regular,2D,,,2026-08-04,2026,,,91,All,Petach Tikvah,Hot Cinema,589
22:30,קופה ראשית: הסרט,קופה ראשית: הסרט,https://tickets.hotcinema.co.il/site/1194/tickets?code=1194-89880&languageid=en_gb,https://tickets.hotcinema.co.il/site/1194/tickets?code=1194-89880&languageid=he_IL,Regular,2D,,,2026-08-04,2026,,,91,All,Petach Tikvah,Hot Cinema,589
14:50,Dream High,תיכון מגשימים,https://tickets.hotcinema.co.il/site/1194/tickets?code=1194-89873&languageid=en_gb,https://tickets.hotcinema.co.il/site/1194/tickets?code=1194-89873&languageid=he_IL,Regular,2D,,,2026-08-04,2026,,,100,12+,Petach Tikvah,Hot Cinema,589
13:30,The Odyssey,האודיסאה,https://tickets.hotcinema.co.il/site/1194/tickets?code=1194-89758&languageid=en_gb,https://tickets.hotcinema.co.il/site/1194/tickets?code=1194-89758&languageid=he_IL,Regular,2D,,,2026-08-05,2026,,,172,14+,Petach Tikvah,Hot Cinema,589
18:50,The Odyssey,האודיסאה,https://tickets.hotcinema.co.il/site/1194/tickets?code=1194-89769&languageid=en_gb,https://tickets.hotcinema.co.il/site/1194/tickets?code=1194-89769&languageid=he_IL,Regular,2D,,,2026-08-05,2026,,,172,14+,Petach Tikvah,Hot Cinema,589
20:45,The Odyssey,האודיסאה,https://tickets.hotcinema.co.il/site/1194/tickets?code=1194-89757&languageid=en_gb,https://tickets.hotcinema.co.il/site/1194/tickets?code=1194-89757&languageid=he_IL,Regular,2D,,,2026-08-05,2026,,,172,14+,Petach Tikvah,Hot Cinema,589
10:45,THE MAGICAL FARAWAY TREE,המסע המופלא לעץ הקסמים,https://tickets.hotcinema.co.il/site/1194/tickets?code=1194-89738&languageid=en_gb,https://tickets.hotcinema.co.il/site/1194/tickets?code=1194-89738&languageid=he_IL,Regular,2D,,Hebrew,2026-08-05,2026,,,110,All,Petach Tikvah,Hot Cinema,589
15:20,THE MAGICAL FARAWAY TREE,המסע המופלא לעץ הקסמים,https://tickets.hotcinema.co.il/site/1194/tickets?code=1194-89739&languageid=en_gb,https://tickets.hotcinema.co.il/site/1194/tickets?code=1194-89739&languageid=he_IL,Regular,2D,,Hebrew,2026-08-05,2026,,,110,All,Petach Tikvah,Hot Cinema,589
11:00,Tafiti: Across the Desert,טפיטי: הרפתקה במדבר,https://tickets.hotcinema.co.il/site/1194/tickets?code=1194-89756&languageid=en_gb,https://tickets.hotcinema.co.il/site/1194/tickets?code=1194-89756&languageid=he_IL,Regular,2D,,,2026-08-05,,,,81,הגבלת גיל: עד גיל 8 בליווי מבוגר,Petach Tikvah,Hot Cinema,589
18:30,Moana (Live Action),מואנה לייב אקשן,https://tickets.hotcinema.co.il/site/1194/tickets?code=1194-87178&languageid=en_gb,https://tickets.hotcinema.co.il/site/1194/tickets?code=1194-87178&languageid=he_IL,Not Just Cinema,2D,,,2026-08-05,2026,,,115,All,Petach Tikvah,Hot Cinema,589
10:30,Moana (Live Action),מואנה לייב אקשן,https://tickets.hotcinema.co.il/site/1194/tickets?code=1194-89764&languageid=en_gb,https://tickets.hotcinema.co.il/site/1194/tickets?code=1194-89764&languageid=he_IL,Regular,2D,,Hebrew,2026-08-05,2026,,,115,All,Petach Tikvah,Hot Cinema,589
10:20,Minions & Monsters,מיניונים ומפלצות,https://tickets.hotcinema.co.il/site/1194/tickets?code=1194-89730&languageid=en_gb,https://tickets.hotcinema.co.il/site/1194/tickets?code=1194-89730&languageid=he_IL,Regular,2D,,Hebrew,2026-08-05,2026,,,90,All,Petach Tikvah,Hot Cinema,589
12:30,Minions & Monsters,מיניונים ומפלצות,https://tickets.hotcinema.co.il/site/1194/tickets?code=1194-89731&languageid=en_gb,https://tickets.hotcinema.co.il/site/1194/tickets?code=1194-89731&languageid=he_IL,Regular,2D,,Hebrew,2026-08-05,2026,,,90,All,Petach Tikvah,Hot Cinema,589
14:40,Minions & Monsters,מיניונים ומפלצות,https://tickets.hotcinema.co.il/site/1194/tickets?code=1194-89732&languageid=en_gb,https://tickets.hotcinema.co.il/site/1194/tickets?code=1194-89732&languageid=he_IL,Regular,2D,,Hebrew,2026-08-05,2026,,,90,All,Petach Tikvah,Hot Cinema,589
16:45,Minions & Monsters,מיניונים ומפלצות,https://tickets.hotcinema.co.il/site/1194/tickets?code=1194-89733&languageid=en_gb,https://tickets.hotcinema.co.il/site/1194/tickets?code=1194-89733&languageid=he_IL,Regular,2D,,Hebrew,2026-08-05,2026,,,90,All,Petach Tikvah,Hot Cinema,589
17:15,School of Magical Animals,סוד החיות הקסומות 3,https://tickets.hotcinema.co.il/site/1194/tickets?code=1194-89755&languageid=en_gb,https://tickets.hotcinema.co.il/site/1194/tickets?code=1194-89755&languageid=he_IL,Regular,2D,,Hebrew,2026-08-05,2024,,,105,All,Petach Tikvah,Hot Cinema,589
10:20,Saltiz,סולטיז הסרט - וולוג ה-100,https://tickets.hotcinema.co.il/site/1194/tickets?code=1194-89742&languageid=en_gb,https://tickets.hotcinema.co.il/site/1194/tickets?code=1194-89742&languageid=he_IL,Regular,2D,,,2026-08-05,2026,,,100,All,Petach Tikvah,Hot Cinema,589
12:30,Saltiz,סולטיז הסרט - וולוג ה-100,https://tickets.hotcinema.co.il/site/1194/tickets?code=1194-89741&languageid=en_gb,https://tickets.hotcinema.co.il/site/1194/tickets?code=1194-89741&languageid=he_IL,Regular,2D,,,2026-08-05,2026,,,100,All,Petach Tikvah,Hot Cinema,589
14:40,Saltiz,סולטיז הסרט - וולוג ה-100,https://tickets.hotcinema.co.il/site/1194/tickets?code=1194-89740&languageid=en_gb,https://tickets.hotcinema.co.il/site/1194/tickets?code=1194-89740&languageid=he_IL,Regular,2D,,,2026-08-05,2026,,,100,All,Petach Tikvah,Hot Cinema,589
17:45,Saltiz,סולטיז הסרט - וולוג ה-100,https://tickets.hotcinema.co.il/site/1194/tickets?code=1194-89737&languageid=en_gb,https://tickets.hotcinema.co.il/site/1194/tickets?code=1194-89737&languageid=he_IL,Regular,2D,,,2026-08-05,2026,,,100,All,Petach Tikvah,Hot Cinema,589
13:00,Three Wishes for Cinderella,סינדרלה ושלוש המשאלות,https://tickets.hotcinema.co.il/site/1194/tickets?code=1194-89751&languageid=en_gb,https://tickets.hotcinema.co.il/site/1194/tickets?code=1194-89751&languageid=he_IL,Regular,2D,,Hebrew,2026-08-05,2026,,,85,All,Petach Tikvah,Hot Cinema,589
10:20,Spider-Man: Brand new day,ספיידרמן: יום חדש,https://tickets.hotcinema.co.il/site/1194/tickets?code=1194-89750&languageid=en_gb,https://tickets.hotcinema.co.il/site/1194/tickets?code=1194-89750&languageid=he_IL,Regular,2D,,,2026-08-05,2026,,,145,All,Petach Tikvah,Hot Cinema,589
11:30,Spider-Man: Brand new day,ספיידרמן: יום חדש,https://tickets.hotcinema.co.il/site/1194/tickets?code=1194-89762&languageid=en_gb,https://tickets.hotcinema.co.il/site/1194/tickets?code=1194-89762&languageid=he_IL,Regular,2D Atmos,,,2026-08-05,2026,,,145,All,Petach Tikvah,Hot Cinema,589
13:15,Spider-Man: Brand new day,ספיידרמן: יום חדש,https://tickets.hotcinema.co.il/site/1194/tickets?code=1194-89749&languageid=en_gb,https://tickets.hotcinema.co.il/site/1194/tickets?code=1194-89749&languageid=he_IL,Regular,2D,,,2026-08-05,2026,,,145,All,Petach Tikvah,Hot Cinema,589
14:30,Spider-Man: Brand new day,ספיידרמן: יום חדש,https://tickets.hotcinema.co.il/site/1194/tickets?code=1194-89761&languageid=en_gb,https://tickets.hotcinema.co.il/site/1194/tickets?code=1194-89761&languageid=he_IL,Regular,2D Atmos,,,2026-08-05,2026,,,145,All,Petach Tikvah,Hot Cinema,589
16:10,Spider-Man: Brand new day,ספיידרמן: יום חדש,https://tickets.hotcinema.co.il/site/1194/tickets?code=1194-89748&languageid=en_gb,https://tickets.hotcinema.co.il/site/1194/tickets?code=1194-89748&languageid=he_IL,Regular,2D,,,2026-08-05,2026,,,145,All,Petach Tikvah,Hot Cinema,589
17:20,Spider-Man: Brand new day,ספיידרמן: יום חדש,https://tickets.hotcinema.co.il/site/1194/tickets?code=1194-89898&languageid=en_gb,https://tickets.hotcinema.co.il/site/1194/tickets?code=1194-89898&languageid=he_IL,Regular,2D,,,2026-08-05,2026,,,145,All,Petach Tikvah,Hot Cinema,589
19:10,Spider-Man: Brand new day,ספיידרמן: יום חדש,https://tickets.hotcinema.co.il/site/1194/tickets?code=1194-89746&languageid=en_gb,https://tickets.hotcinema.co.il/site/1194/tickets?code=1194-89746&languageid=he_IL,Regular,2D,,,2026-08-05,2026,,,145,All,Petach Tikvah,Hot Cinema,589
20:15,Spider-Man: Brand new day,ספיידרמן: יום חדש,https://tickets.hotcinema.co.il/site/1194/tickets?code=1194-89743&languageid=en_gb,https://tickets.hotcinema.co.il/site/1194/tickets?code=1194-89743&languageid=he_IL,Regular,2D,,,2026-08-05,2026,,,145,All,Petach Tikvah,Hot Cinema,589
21:00,Spider-Man: Brand new day,ספיידרמן: יום חדש,https://tickets.hotcinema.co.il/site/1194/tickets?code=1194-89736&languageid=en_gb,https://tickets.hotcinema.co.il/site/1194/tickets?code=1194-89736&languageid=he_IL,Regular,2D,,,2026-08-05,2026,,,145,All,Petach Tikvah,Hot Cinema,589
22:10,Spider-Man: Brand new day,ספיידרמן: יום חדש,https://tickets.hotcinema.co.il/site/1194/tickets?code=1194-89747&languageid=en_gb,https://tickets.hotcinema.co.il/site/1194/tickets?code=1194-89747&languageid=he_IL,Regular,2D,,,2026-08-05,2026,,,145,All,Petach Tikvah,Hot Cinema,589
11:10,Toy Story 5,צעצוע של סיפור 5,https://tickets.hotcinema.co.il/site/1194/tickets?code=1194-89759&languageid=en_gb,https://tickets.hotcinema.co.il/site/1194/tickets?code=1194-89759&languageid=he_IL,Regular,2D,,Hebrew,2026-08-05,2026,,,102,All,Petach Tikvah,Hot Cinema,589
13:10,Toy Story 5,צעצוע של סיפור 5,https://tickets.hotcinema.co.il/site/1194/tickets?code=1194-89763&languageid=en_gb,https://tickets.hotcinema.co.il/site/1194/tickets?code=1194-89763&languageid=he_IL,Regular,2D,,Hebrew,2026-08-05,2026,,,102,All,Petach Tikvah,Hot Cinema,589
15:30,קופה ראשית: הסרט,קופה ראשית: הסרט,https://tickets.hotcinema.co.il/site/1194/tickets?code=1194-89766&languageid=en_gb,https://tickets.hotcinema.co.il/site/1194/tickets?code=1194-89766&languageid=he_IL,Regular,2D,,,2026-08-05,2026,,,91,All,Petach Tikvah,Hot Cinema,589
19:45,קופה ראשית: הסרט,קופה ראשית: הסרט,https://tickets.hotcinema.co.il/site/1194/tickets?code=1194-89754&languageid=en_gb,https://tickets.hotcinema.co.il/site/1194/tickets?code=1194-89754&languageid=he_IL,Regular,2D,,,2026-08-05,2026,,,91,All,Petach Tikvah,Hot Cinema,589
22:00,קופה ראשית: הסרט,קופה ראשית: הסרט,https://tickets.hotcinema.co.il/site/1194/tickets?code=1194-89753&languageid=en_gb,https://tickets.hotcinema.co.il/site/1194/tickets?code=1194-89753&languageid=he_IL,Regular,2D,,,2026-08-05,2026,,,91,All,Petach Tikvah,Hot Cinema,589
15:00,Dream High,תיכון מגשימים,https://tickets.hotcinema.co.il/site/1194/tickets?code=1194-89752&languageid=en_gb,https://tickets.hotcinema.co.il/site/1194/tickets?code=1194-89752&languageid=he_IL,Regular,2D,,,2026-08-05,2026,,,100,12+,Petach Tikvah,Hot Cinema,589
20:45,גבעה 338,גבעה 338,https://tickets.hotcinema.co.il/site/1194/tickets?code=1194-90180&languageid=en_gb,https://tickets.hotcinema.co.il/site/1194/tickets?code=1194-90180&languageid=he_IL,Regular,2D,,,2026-08-06,2026,,,106,הגבלת גיל: הותר מגיל 9,Petach Tikvah,Hot Cinema,589
17:30,WALL·E,סינמה נוסטלגיה - וול-E,https://tickets.hotcinema.co.il/site/1194/tickets?code=1194-85507&languageid=en_gb,https://tickets.hotcinema.co.il/site/1194/tickets?code=1194-85507&languageid=he_IL,Not Just Cinema,2D,,Hebrew,2026-08-06,2008,,,98,All,Petach Tikvah,Hot Cinema,589
19:30,גבעה 338,גבעה 338,https://tickets.hotcinema.co.il/site/1194/tickets?code=1194-90181&languageid=en_gb,https://tickets.hotcinema.co.il/site/1194/tickets?code=1194-90181&languageid=he_IL,Regular,2D,,,2026-08-07,2026,,,106,הגבלת גיל: הותר מגיל 9,Petach Tikvah,Hot Cinema,589
21:50,גבעה 338,גבעה 338,https://tickets.hotcinema.co.il/site/1194/tickets?code=1194-90182&languageid=en_gb,https://tickets.hotcinema.co.il/site/1194/tickets?code=1194-90182&languageid=he_IL,Regular,2D,,,2026-08-07,2026,,,106,הגבלת גיל: הותר מגיל 9,Petach Tikvah,Hot Cinema,589
19:30,גבעה 338,גבעה 338,https://tickets.hotcinema.co.il/site/1194/tickets?code=1194-90183&languageid=en_gb,https://tickets.hotcinema.co.il/site/1194/tickets?code=1194-90183&languageid=he_IL,Regular,2D,,,2026-08-08,2026,,,106,הגבלת גיל: הותר מגיל 9,Petach Tikvah,Hot Cinema,589
21:50,גבעה 338,גבעה 338,https://tickets.hotcinema.co.il/site/1194/tickets?code=1194-90184&languageid=en_gb,https://tickets.hotcinema.co.il/site/1194/tickets?code=1194-90184&languageid=he_IL,Regular,2D,,,2026-08-08,2026,,,106,הגבלת גיל: הותר מגיל 9,Petach Tikvah,Hot Cinema,589
17:15,Spider-Man: Brand new day,ספיידרמן: יום חדש,https://tickets.hotcinema.co.il/site/1194/tickets?code=1194-89896&languageid=en_gb,https://tickets.hotcinema.co.il/site/1194/tickets?code=1194-89896&languageid=he_IL,Regular,2D,,,2026-08-08,2026,,,145,All,Petach Tikvah,Hot Cinema,589
20:15,Spider-Man: Brand new day,ספיידרמן: יום חדש,https://tickets.hotcinema.co.il/site/1194/tickets?code=1194-89897&languageid=en_gb,https://tickets.hotcinema.co.il/site/1194/tickets?code=1194-89897&languageid=he_IL,Regular,2D,,,2026-08-08,2026,,,145,All,Petach Tikvah,Hot Cinema,589
20:00,Superman - 1978,סינמה נוסטלגיה - סופרמן 1978,https://tickets.hotcinema.co.il/site/1194/tickets?code=1194-86320&languageid=en_gb,https://tickets.hotcinema.co.il/site/1194/tickets?code=1194-86320&languageid=he_IL,Not Just Cinema,2D,,,2026-08-13,1978,,,143,,Petach Tikvah,Hot Cinema,589
20:00,Superman 2 The Richard Donner Cut,סינמה נוסטלגיה - סופרמן 2 גרסת הבמאי,https://tickets.hotcinema.co.il/site/1194/tickets?code=1194-87145&languageid=en_gb,https://tickets.hotcinema.co.il/site/1194/tickets?code=1194-87145&languageid=he_IL,Not Just Cinema,2D,,,2026-08-20,2006,,,116,All,Petach Tikvah,Hot Cinema,589
17:30,Tangled,סינמה נוסטלגיה - פלונטר,https://tickets.hotcinema.co.il/site/1194/tickets?code=1194-87149&languageid=en_gb,https://tickets.hotcinema.co.il/site/1194/tickets?code=1194-87149&languageid=he_IL,Not Just Cinema,2D,,Hebrew,2026-08-27,2010,,,100,All,Petach Tikvah,Hot Cinema,589
17:30,Tangled,סינמה נוסטלגיה - פלונטר,https://tickets.hotcinema.co.il/site/1194/tickets?code=1194-87150&languageid=en_gb,https://tickets.hotcinema.co.il/site/1194/tickets?code=1194-87150&languageid=he_IL,Not Just Cinema,2D,,Hebrew,2026-08-28,2010,,,100,All,Petach Tikvah,Hot Cinema,589
17:30,Tangled,סינמה נוסטלגיה - פלונטר,https://tickets.hotcinema.co.il/site/1194/tickets?code=1194-87151&languageid=en_gb,https://tickets.hotcinema.co.il/site/1194/tickets?code=1194-87151&languageid=he_IL,Not Just Cinema,2D,,Hebrew,2026-08-29,2010,,,100,All,Petach Tikvah,Hot Cinema,589
19:30,גבעה 338,גבעה 338,https://tickets.hotcinema.co.il/site/1194/tickets?code=1194-90197&languageid=en_gb,https://tickets.hotcinema.co.il/site/1194/tickets?code=1194-90197&languageid=he_IL,Not Just Cinema,2D,,,2026-08-30,2026,,,106,הגבלת גיל: הותר מגיל 9,Petach Tikvah,Hot Cinema,589
20:00,סינמה נוסטלגיה - גבעת חלפון אינה עונה חוגגת 50!,סינמה נוסטלגיה - גבעת חלפון אינה עונה חוגגת 50!,https://tickets.hotcinema.co.il/site/1194/tickets?code=1194-88541&languageid=en_gb,https://tickets.hotcinema.co.il/site/1194/tickets?code=1194-88541&languageid=he_IL,Not Just Cinema,2D,,,2026-09-03,1976,,,92,12+,Petach Tikvah,Hot Cinema,589
20:00,סינמה נוסטלגיה - גבעת חלפון אינה עונה חוגגת 50!,סינמה נוסטלגיה - גבעת חלפון אינה עונה חוגגת 50!,https://tickets.hotcinema.co.il/site/1194/tickets?code=1194-88542&languageid=en_gb,https://tickets.hotcinema.co.il/site/1194/tickets?code=1194-88542&languageid=he_IL,Not Just Cinema,2D,,,2026-09-04,1976,,,92,12+,Petach Tikvah,Hot Cinema,589
20:00,סינמה נוסטלגיה - גבעת חלפון אינה עונה חוגגת 50!,סינמה נוסטלגיה - גבעת חלפון אינה עונה חוגגת 50!,https://tickets.hotcinema.co.il/site/1194/tickets?code=1194-88543&languageid=en_gb,https://tickets.hotcinema.co.il/site/1194/tickets?code=1194-88543&languageid=he_IL,Not Just Cinema,2D,,,2026-09-05,1976,,,92,12+,Petach Tikvah,Hot Cinema,589
20:00,Taxi Driver,סינמה נוסטלגיה - 50 שנה לסרט נהג מונית,https://tickets.hotcinema.co.il/site/1194/tickets?code=1194-87795&languageid=en_gb,https://tickets.hotcinema.co.il/site/1194/tickets?code=1194-87795&languageid=he_IL,Not Just Cinema,2D,,,2026-09-10,1976,,,114,הגבלת גיל: הותר מגיל 18 בהצגת תעודה מזהה,Petach Tikvah,Hot Cinema,589
20:00,A Few Good Men,סינמה נוסטלגיה - בחורים טובים,https://tickets.hotcinema.co.il/site/1194/tickets?code=1194-88549&languageid=en_gb,https://tickets.hotcinema.co.il/site/1194/tickets?code=1194-88549&languageid=he_IL,Not Just Cinema,2D,,,2026-09-17,1992,,,138,12+,Petach Tikvah,Hot Cinema,589
20:00,A Few Good Men,סינמה נוסטלגיה - בחורים טובים,https://tickets.hotcinema.co.il/site/1194/tickets?code=1194-88547&languageid=en_gb,https://tickets.hotcinema.co.il/site/1194/tickets?code=1194-88547&languageid=he_IL,Not Just Cinema,2D,,,2026-09-18,1992,,,138,12+,Petach Tikvah,Hot Cinema,589
20:00,A Few Good Men,סינמה נוסטלגיה - בחורים טובים,https://tickets.hotcinema.co.il/site/1194/tickets?code=1194-88548&languageid=en_gb,https://tickets.hotcinema.co.il/site/1194/tickets?code=1194-88548&languageid=he_IL,Not Just Cinema,2D,,,2026-09-19,1992,,,138,12+,Petach Tikvah,Hot Cinema,589
20:00,Ghostbusters,סינמה נוסטלגיה - מכסחי השדים,https://tickets.hotcinema.co.il/site/1194/tickets?code=1194-88551&languageid=en_gb,https://tickets.hotcinema.co.il/site/1194/tickets?code=1194-88551&languageid=he_IL,Not Just Cinema,2D,,,2026-09-24,1984,,,105,12+,Petach Tikvah,Hot Cinema,589
11:00,Just an Illusion,אשליות מתוקות,https://tickets.hotcinema.co.il/site/1183/tickets?code=1183-96610&languageid=en_gb,https://tickets.hotcinema.co.il/site/1183/tickets?code=1183-96610&languageid=he_IL,Regular,2D,,,2026-08-04,2026,,,116,All,Modiin,Hot Cinema,589
11:20,The Odyssey,האודיסאה,https://tickets.hotcinema.co.il/site/1183/tickets?code=1183-96650&languageid=en_gb,https://tickets.hotcinema.co.il/site/1183/tickets?code=1183-96650&languageid=he_IL,Regular,2D,,,2026-08-04,2026,,,172,14+,Modiin,Hot Cinema,589
13:30,The Odyssey,האודיסאה,https://tickets.hotcinema.co.il/site/1183/tickets?code=1183-96649&languageid=en_gb,https://tickets.hotcinema.co.il/site/1183/tickets?code=1183-96649&languageid=he_IL,Regular,2D,,,2026-08-04,2026,,,172,14+,Modiin,Hot Cinema,589
17:00,The Odyssey,האודיסאה,https://tickets.hotcinema.co.il/site/1183/tickets?code=1183-96628&languageid=en_gb,https://tickets.hotcinema.co.il/site/1183/tickets?code=1183-96628&languageid=he_IL,Regular,2D,,,2026-08-04,2026,,,172,14+,Modiin,Hot Cinema,589
18:20,The Odyssey,האודיסאה,https://tickets.hotcinema.co.il/site/1183/tickets?code=1183-96642&languageid=en_gb,https://tickets.hotcinema.co.il/site/1183/tickets?code=1183-96642&languageid=he_IL,Regular,2D,,,2026-08-04,2026,,,172,14+,Modiin,Hot Cinema,589
20:30,The Odyssey,האודיסאה,https://tickets.hotcinema.co.il/site/1183/tickets?code=1183-96629&languageid=en_gb,https://tickets.hotcinema.co.il/site/1183/tickets?code=1183-96629&languageid=he_IL,Regular,2D,,,2026-08-04,2026,,,172,14+,Modiin,Hot Cinema,589
21:50,The Odyssey,האודיסאה,https://tickets.hotcinema.co.il/site/1183/tickets?code=1183-96627&languageid=en_gb,https://tickets.hotcinema.co.il/site/1183/tickets?code=1183-96627&languageid=he_IL,Regular,2D,,,2026-08-04,2026,,,172,14+,Modiin,Hot Cinema,589
17:10,A missing part,החלק החסר,https://tickets.hotcinema.co.il/site/1183/tickets?code=1183-96643&languageid=en_gb,https://tickets.hotcinema.co.il/site/1183/tickets?code=1183-96643&languageid=he_IL,Regular,2D,,,2026-08-04,2024,,,98,All,Modiin,Hot Cinema,589
14:50,THE MAGICAL FARAWAY TREE,המסע המופלא לעץ הקסמים,https://tickets.hotcinema.co.il/site/1183/tickets?code=1183-96615&languageid=en_gb,https://tickets.hotcinema.co.il/site/1183/tickets?code=1183-96615&languageid=he_IL,Regular,2D,,Hebrew,2026-08-04,2026,,,110,All,Modiin,Hot Cinema,589
16:40,American Hina,חינה אמריקאית,https://tickets.hotcinema.co.il/site/1183/tickets?code=1183-96644&languageid=en_gb,https://tickets.hotcinema.co.il/site/1183/tickets?code=1183-96644&languageid=he_IL,Regular,2D,,,2026-08-04,2026,,,100,All,Modiin,Hot Cinema,589
21:00,American Hina,חינה אמריקאית,https://tickets.hotcinema.co.il/site/1183/tickets?code=1183-96616&languageid=en_gb,https://tickets.hotcinema.co.il/site/1183/tickets?code=1183-96616&languageid=he_IL,Regular,2D,,,2026-08-04,2026,,,100,All,Modiin,Hot Cinema,589
10:15,Diamonds,יהלומים,https://tickets.hotcinema.co.il/site/1183/tickets?code=1183-96647&languageid=en_gb,https://tickets.hotcinema.co.il/site/1183/tickets?code=1183-96647&languageid=he_IL,Regular,2D,,,2026-08-04,2024,,,135,All,Modiin,Hot Cinema,589
19:00,כי את מכוערת,כי את מכוערת,https://tickets.hotcinema.co.il/site/1183/tickets?code=1183-96646&languageid=en_gb,https://tickets.hotcinema.co.il/site/1183/tickets?code=1183-96646&languageid=he_IL,Regular,2D,,,2026-08-04,2025,,,83,12+,Modiin,Hot Cinema,589
17:25,מאמא,מאמא,https://tickets.hotcinema.co.il/site/1183/tickets?code=1183-96645&languageid=en_gb,https://tickets.hotcinema.co.il/site/1183/tickets?code=1183-96645&languageid=he_IL,Regular,2D,,,2026-08-04,2026,,,92,12+,Modiin,Hot Cinema,589
13:10,Moana (Live Action),מואנה לייב אקשן,https://tickets.hotcinema.co.il/site/1183/tickets?code=1183-96614&languageid=en_gb,https://tickets.hotcinema.co.il/site/1183/tickets?code=1183-96614&languageid=he_IL,Regular,2D,,Hebrew,2026-08-04,2026,,,115,All,Modiin,Hot Cinema,589
10:15,Minions & Monsters,מיניונים ומפלצות,https://tickets.hotcinema.co.il/site/1183/tickets?code=1183-96622&languageid=en_gb,https://tickets.hotcinema.co.il/site/1183/tickets?code=1183-96622&languageid=he_IL,Regular,2D,,Hebrew,2026-08-04,2026,,,90,All,Modiin,Hot Cinema,589
12:15,Minions & Monsters,מיניונים ומפלצות,https://tickets.hotcinema.co.il/site/1183/tickets?code=1183-96621&languageid=en_gb,https://tickets.hotcinema.co.il/site/1183/tickets?code=1183-96621&languageid=he_IL,Regular,2D,,Hebrew,2026-08-04,2026,,,90,All,Modiin,Hot Cinema,589
14:15,Minions & Monsters,מיניונים ומפלצות,https://tickets.hotcinema.co.il/site/1183/tickets?code=1183-96620&languageid=en_gb,https://tickets.hotcinema.co.il/site/1183/tickets?code=1183-96620&languageid=he_IL,Regular,2D,,Hebrew,2026-08-04,2026,,,90,All,Modiin,Hot Cinema,589
16:15,Minions & Monsters,מיניונים ומפלצות,https://tickets.hotcinema.co.il/site/1183/tickets?code=1183-96619&languageid=en_gb,https://tickets.hotcinema.co.il/site/1183/tickets?code=1183-96619&languageid=he_IL,Regular,2D,,Hebrew,2026-08-04,2026,,,90,All,Modiin,Hot Cinema,589
10:20,School of Magical Animals,סוד החיות הקסומות 3,https://tickets.hotcinema.co.il/site/1183/tickets?code=1183-96613&languageid=en_gb,https://tickets.hotcinema.co.il/site/1183/tickets?code=1183-96613&languageid=he_IL,Regular,2D,,Hebrew,2026-08-04,2024,,,105,All,Modiin,Hot Cinema,589
13:00,Saltiz,סולטיז הסרט - וולוג ה-100,https://tickets.hotcinema.co.il/site/1183/tickets?code=1183-96623&languageid=en_gb,https://tickets.hotcinema.co.il/site/1183/tickets?code=1183-96623&languageid=he_IL,Regular,2D,,,2026-08-04,2026,,,100,All,Modiin,Hot Cinema,589
15:10,Saltiz,סולטיז הסרט - וולוג ה-100,https://tickets.hotcinema.co.il/site/1183/tickets?code=1183-96624&languageid=en_gb,https://tickets.hotcinema.co.il/site/1183/tickets?code=1183-96624&languageid=he_IL,Regular,2D,,,2026-08-04,2026,,,100,All,Modiin,Hot Cinema,589
12:35,Three Wishes for Cinderella,סינדרלה ושלוש המשאלות,https://tickets.hotcinema.co.il/site/1183/tickets?code=1183-96612&languageid=en_gb,https://tickets.hotcinema.co.il/site/1183/tickets?code=1183-96612&languageid=he_IL,Regular,2D,,Hebrew,2026-08-04,2026,,,85,All,Modiin,Hot Cinema,589
11:10,Spider-Man: Brand new day,ספיידרמן: יום חדש,https://tickets.hotcinema.co.il/site/1183/tickets?code=1183-96634&languageid=en_gb,https://tickets.hotcinema.co.il/site/1183/tickets?code=1183-96634&languageid=he_IL,Regular,2D,,,2026-08-04,2026,,,145,All,Modiin,Hot Cinema,589
12:15,Spider-Man: Brand new day,ספיידרמן: יום חדש,https://tickets.hotcinema.co.il/site/1183/tickets?code=1183-96638&languageid=en_gb,https://tickets.hotcinema.co.il/site/1183/tickets?code=1183-96638&languageid=he_IL,Regular,2D,,,2026-08-04,2026,,,145,All,Modiin,Hot Cinema,589
14:10,Spider-Man: Brand new day,ספיידרמן: יום חדש,https://tickets.hotcinema.co.il/site/1183/tickets?code=1183-96635&languageid=en_gb,https://tickets.hotcinema.co.il/site/1183/tickets?code=1183-96635&languageid=he_IL,Regular,2D,,,2026-08-04,2026,,,145,All,Modiin,Hot Cinema,589
15:30,Spider-Man: Brand new day,ספיידרמן: יום חדש,https://tickets.hotcinema.co.il/site/1183/tickets?code=1183-96639&languageid=en_gb,https://tickets.hotcinema.co.il/site/1183/tickets?code=1183-96639&languageid=he_IL,Regular,2D,,,2026-08-04,2026,,,145,All,Modiin,Hot Cinema,589
17:15,Spider-Man: Brand new day,ספיידרמן: יום חדש,https://tickets.hotcinema.co.il/site/1183/tickets?code=1183-96636&languageid=en_gb,https://tickets.hotcinema.co.il/site/1183/tickets?code=1183-96636&languageid=he_IL,Regular,2D,,,2026-08-04,2026,,,145,All,Modiin,Hot Cinema,589
18:40,Spider-Man: Brand new day,ספיידרמן: יום חדש,https://tickets.hotcinema.co.il/site/1183/tickets?code=1183-96640&languageid=en_gb,https://tickets.hotcinema.co.il/site/1183/tickets?code=1183-96640&languageid=he_IL,Regular,2D,,,2026-08-04,2026,,,145,All,Modiin,Hot Cinema,589
19:30,Spider-Man: Brand new day,ספיידרמן: יום חדש,https://tickets.hotcinema.co.il/site/1183/tickets?code=1183-96626&languageid=en_gb,https://tickets.hotcinema.co.il/site/1183/tickets?code=1183-96626&languageid=he_IL,Regular,2D,,,2026-08-04,2026,,,145,All,Modiin,Hot Cinema,589
20:30,Spider-Man: Brand new day,ספיידרמן: יום חדש,https://tickets.hotcinema.co.il/site/1183/tickets?code=1183-96637&languageid=en_gb,https://tickets.hotcinema.co.il/site/1183/tickets?code=1183-96637&languageid=he_IL,Regular,2D,,,2026-08-04,2026,,,145,All,Modiin,Hot Cinema,589
21:50,Spider-Man: Brand new day,ספיידרמן: יום חדש,https://tickets.hotcinema.co.il/site/1183/tickets?code=1183-96641&languageid=en_gb,https://tickets.hotcinema.co.il/site/1183/tickets?code=1183-96641&languageid=he_IL,Regular,2D,,,2026-08-04,2026,,,145,All,Modiin,Hot Cinema,589
22:30,Spider-Man: Brand new day,ספיידרמן: יום חדש,https://tickets.hotcinema.co.il/site/1183/tickets?code=1183-96625&languageid=en_gb,https://tickets.hotcinema.co.il/site/1183/tickets?code=1183-96625&languageid=he_IL,Regular,2D,,,2026-08-04,2026,,,145,All,Modiin,Hot Cinema,589
19:15,סרט כחול לבן,סרט כחול לבן,https://tickets.hotcinema.co.il/site/1183/tickets?code=1183-96618&languageid=en_gb,https://tickets.hotcinema.co.il/site/1183/tickets?code=1183-96618&languageid=he_IL,Regular,2D,,,2026-08-04,2026,,,86,14+,Modiin,Hot Cinema,589
21:10,Sentimental Value,ערך סנטימנטלי,https://tickets.hotcinema.co.il/site/1183/tickets?code=1183-96648&languageid=en_gb,https://tickets.hotcinema.co.il/site/1183/tickets?code=1183-96648&languageid=he_IL,Regular,2D,,,2026-08-04,2025,,,132,All,Modiin,Hot Cinema,589
11:00,Toy Story 5,צעצוע של סיפור 5,https://tickets.hotcinema.co.il/site/1183/tickets?code=1183-96611&languageid=en_gb,https://tickets.hotcinema.co.il/site/1183/tickets?code=1183-96611&languageid=he_IL,Regular,2D,,Hebrew,2026-08-04,2026,,,102,All,Modiin,Hot Cinema,589
15:40,קופה ראשית: הסרט,קופה ראשית: הסרט,https://tickets.hotcinema.co.il/site/1183/tickets?code=1183-96630&languageid=en_gb,https://tickets.hotcinema.co.il/site/1183/tickets?code=1183-96630&languageid=he_IL,Regular,2D,,,2026-08-04,2026,,,91,All,Modiin,Hot Cinema,589
17:45,קופה ראשית: הסרט,קופה ראשית: הסרט,https://tickets.hotcinema.co.il/site/1183/tickets?code=1183-96631&languageid=en_gb,https://tickets.hotcinema.co.il/site/1183/tickets?code=1183-96631&languageid=he_IL,Regular,2D,,,2026-08-04,2026,,,91,All,Modiin,Hot Cinema,589
19:50,קופה ראשית: הסרט,קופה ראשית: הסרט,https://tickets.hotcinema.co.il/site/1183/tickets?code=1183-96632&languageid=en_gb,https://tickets.hotcinema.co.il/site/1183/tickets?code=1183-96632&languageid=he_IL,Regular,2D,,,2026-08-04,2026,,,91,All,Modiin,Hot Cinema,589
22:00,קופה ראשית: הסרט,קופה ראשית: הסרט,https://tickets.hotcinema.co.il/site/1183/tickets?code=1183-96633&languageid=en_gb,https://tickets.hotcinema.co.il/site/1183/tickets?code=1183-96633&languageid=he_IL,Regular,2D,,,2026-08-04,2026,,,91,All,Modiin,Hot Cinema,589
14:30,Dream High,תיכון מגשימים,https://tickets.hotcinema.co.il/site/1183/tickets?code=1183-96617&languageid=en_gb,https://tickets.hotcinema.co.il/site/1183/tickets?code=1183-96617&languageid=he_IL,Regular,2D,,,2026-08-04,2026,,,100,12+,Modiin,Hot Cinema,589
11:00,The Odyssey,האודיסאה,https://tickets.hotcinema.co.il/site/1183/tickets?code=1183-96502&languageid=en_gb,https://tickets.hotcinema.co.il/site/1183/tickets?code=1183-96502&languageid=he_IL,Regular,2D,,,2026-08-05,2026,,,172,14+,Modiin,Hot Cinema,589
14:30,The Odyssey,האודיסאה,https://tickets.hotcinema.co.il/site/1183/tickets?code=1183-96496&languageid=en_gb,https://tickets.hotcinema.co.il/site/1183/tickets?code=1183-96496&languageid=he_IL,Regular,2D,,,2026-08-05,2026,,,172,14+,Modiin,Hot Cinema,589
18:10,The Odyssey,האודיסאה,https://tickets.hotcinema.co.il/site/1183/tickets?code=1183-96483&languageid=en_gb,https://tickets.hotcinema.co.il/site/1183/tickets?code=1183-96483&languageid=he_IL,Regular,2D,,,2026-08-05,2026,,,172,14+,Modiin,Hot Cinema,589
21:45,The Odyssey,האודיסאה,https://tickets.hotcinema.co.il/site/1183/tickets?code=1183-96484&languageid=en_gb,https://tickets.hotcinema.co.il/site/1183/tickets?code=1183-96484&languageid=he_IL,Regular,2D,,,2026-08-05,2026,,,172,14+,Modiin,Hot Cinema,589
11:30,THE MAGICAL FARAWAY TREE,המסע המופלא לעץ הקסמים,https://tickets.hotcinema.co.il/site/1183/tickets?code=1183-96472&languageid=en_gb,https://tickets.hotcinema.co.il/site/1183/tickets?code=1183-96472&languageid=he_IL,Regular,2D,,Hebrew,2026-08-05,2026,,,110,All,Modiin,Hot Cinema,589
10:45,Tafiti: Across the Desert,טפיטי: הרפתקה במדבר,https://tickets.hotcinema.co.il/site/1183/tickets?code=1183-96467&languageid=en_gb,https://tickets.hotcinema.co.il/site/1183/tickets?code=1183-96467&languageid=he_IL,Regular,2D,,,2026-08-05,,,,81,הגבלת גיל: עד גיל 8 בליווי מבוגר,Modiin,Hot Cinema,589
11:30,Moana (Live Action),מואנה לייב אקשן,https://tickets.hotcinema.co.il/site/1183/tickets?code=1183-96470&languageid=en_gb,https://tickets.hotcinema.co.il/site/1183/tickets?code=1183-96470&languageid=he_IL,Regular,2D,,Hebrew,2026-08-05,2026,,,115,All,Modiin,Hot Cinema,589
14:00,Moana (Live Action),מואנה לייב אקשן,https://tickets.hotcinema.co.il/site/1183/tickets?code=1183-96471&languageid=en_gb,https://tickets.hotcinema.co.il/site/1183/tickets?code=1183-96471&languageid=he_IL,Regular,2D,,Hebrew,2026-08-05,2026,,,115,All,Modiin,Hot Cinema,589
21:30,Michael,מייקל,https://tickets.hotcinema.co.il/site/1183/tickets?code=1183-96651&languageid=en_gb,https://tickets.hotcinema.co.il/site/1183/tickets?code=1183-96651&languageid=he_IL,Regular,2D,,,2026-08-05,2026,,,127,All,Modiin,Hot Cinema,589
10:15,Minions & Monsters,מיניונים ומפלצות,https://tickets.hotcinema.co.il/site/1183/tickets?code=1183-96476&languageid=en_gb,https://tickets.hotcinema.co.il/site/1183/tickets?code=1183-96476&languageid=he_IL,Regular,2D,,Hebrew,2026-08-05,2026,,,90,All,Modiin,Hot Cinema,589
12:15,Minions & Monsters,מיניונים ומפלצות,https://tickets.hotcinema.co.il/site/1183/tickets?code=1183-96475&languageid=en_gb,https://tickets.hotcinema.co.il/site/1183/tickets?code=1183-96475&languageid=he_IL,Regular,2D,,Hebrew,2026-08-05,2026,,,90,All,Modiin,Hot Cinema,589
14:20,Minions & Monsters,מיניונים ומפלצות,https://tickets.hotcinema.co.il/site/1183/tickets?code=1183-96474&languageid=en_gb,https://tickets.hotcinema.co.il/site/1183/tickets?code=1183-96474&languageid=he_IL,Regular,2D,,Hebrew,2026-08-05,2026,,,90,All,Modiin,Hot Cinema,589
16:50,School of Magical Animals,סוד החיות הקסומות 3,https://tickets.hotcinema.co.il/site/1183/tickets?code=1183-96469&languageid=en_gb,https://tickets.hotcinema.co.il/site/1183/tickets?code=1183-96469&languageid=he_IL,Regular,2D,,Hebrew,2026-08-05,2024,,,105,All,Modiin,Hot Cinema,589
10:30,Saltiz,סולטיז הסרט - וולוג ה-100,https://tickets.hotcinema.co.il/site/1183/tickets?code=1183-96477&languageid=en_gb,https://tickets.hotcinema.co.il/site/1183/tickets?code=1183-96477&languageid=he_IL,Regular,2D,,,2026-08-05,2026,,,100,All,Modiin,Hot Cinema,589
12:45,Saltiz,סולטיז הסרט - וולוג ה-100,https://tickets.hotcinema.co.il/site/1183/tickets?code=1183-96478&languageid=en_gb,https://tickets.hotcinema.co.il/site/1183/tickets?code=1183-96478&languageid=he_IL,Regular,2D,,,2026-08-05,2026,,,100,All,Modiin,Hot Cinema,589
15:00,Saltiz,סולטיז הסרט - וולוג ה-100,https://tickets.hotcinema.co.il/site/1183/tickets?code=1183-96479&languageid=en_gb,https://tickets.hotcinema.co.il/site/1183/tickets?code=1183-96479&languageid=he_IL,Regular,2D,,,2026-08-05,2026,,,100,All,Modiin,Hot Cinema,589
17:10,Saltiz,סולטיז הסרט - וולוג ה-100,https://tickets.hotcinema.co.il/site/1183/tickets?code=1183-96482&languageid=en_gb,https://tickets.hotcinema.co.il/site/1183/tickets?code=1183-96482&languageid=he_IL,Regular,2D,,,2026-08-05,2026,,,100,All,Modiin,Hot Cinema,589
11:10,Spider-Man: Brand new day,ספיידרמן: יום חדש,https://tickets.hotcinema.co.il/site/1183/tickets?code=1183-96487&languageid=en_gb,https://tickets.hotcinema.co.il/site/1183/tickets?code=1183-96487&languageid=he_IL,Regular,2D,,,2026-08-05,2026,,,145,All,Modiin,Hot Cinema,589
12:15,Spider-Man: Brand new day,ספיידרמן: יום חדש,https://tickets.hotcinema.co.il/site/1183/tickets?code=1183-96491&languageid=en_gb,https://tickets.hotcinema.co.il/site/1183/tickets?code=1183-96491&languageid=he_IL,Regular,2D,,,2026-08-05,2026,,,145,All,Modiin,Hot Cinema,589
14:10,Spider-Man: Brand new day,ספיידרמן: יום חדש,https://tickets.hotcinema.co.il/site/1183/tickets?code=1183-96488&languageid=en_gb,https://tickets.hotcinema.co.il/site/1183/tickets?code=1183-96488&languageid=he_IL,Regular,2D,,,2026-08-05,2026,,,145,All,Modiin,Hot Cinema,589
15:30,Spider-Man: Brand new day,ספיידרמן: יום חדש,https://tickets.hotcinema.co.il/site/1183/tickets?code=1183-96492&languageid=en_gb,https://tickets.hotcinema.co.il/site/1183/tickets?code=1183-96492&languageid=he_IL,Regular,2D,,,2026-08-05,2026,,,145,All,Modiin,Hot Cinema,589
17:15,Spider-Man: Brand new day,ספיידרמן: יום חדש,https://tickets.hotcinema.co.il/site/1183/tickets?code=1183-96489&languageid=en_gb,https://tickets.hotcinema.co.il/site/1183/tickets?code=1183-96489&languageid=he_IL,Regular,2D,,,2026-08-05,2026,,,145,All,Modiin,Hot Cinema,589
18:40,Spider-Man: Brand new day,ספיידרמן: יום חדש,https://tickets.hotcinema.co.il/site/1183/tickets?code=1183-96493&languageid=en_gb,https://tickets.hotcinema.co.il/site/1183/tickets?code=1183-96493&languageid=he_IL,Regular,2D,,,2026-08-05,2026,,,145,All,Modiin,Hot Cinema,589
19:30,Spider-Man: Brand new day,ספיידרמן: יום חדש,https://tickets.hotcinema.co.il/site/1183/tickets?code=1183-96481&languageid=en_gb,https://tickets.hotcinema.co.il/site/1183/tickets?code=1183-96481&languageid=he_IL,Regular,2D,,,2026-08-05,2026,,,145,All,Modiin,Hot Cinema,589
20:30,Spider-Man: Brand new day,ספיידרמן: יום חדש,https://tickets.hotcinema.co.il/site/1183/tickets?code=1183-96490&languageid=en_gb,https://tickets.hotcinema.co.il/site/1183/tickets?code=1183-96490&languageid=he_IL,Regular,2D,,,2026-08-05,2026,,,145,All,Modiin,Hot Cinema,589
21:50,Spider-Man: Brand new day,ספיידרמן: יום חדש,https://tickets.hotcinema.co.il/site/1183/tickets?code=1183-96494&languageid=en_gb,https://tickets.hotcinema.co.il/site/1183/tickets?code=1183-96494&languageid=he_IL,Regular,2D,,,2026-08-05,2026,,,145,All,Modiin,Hot Cinema,589
22:30,Spider-Man: Brand new day,ספיידרמן: יום חדש,https://tickets.hotcinema.co.il/site/1183/tickets?code=1183-96480&languageid=en_gb,https://tickets.hotcinema.co.il/site/1183/tickets?code=1183-96480&languageid=he_IL,Regular,2D,,,2026-08-05,2026,,,145,All,Modiin,Hot Cinema,589
20:30,Spider-Man: Brand new day,ספיידרמן: יום חדש,https://tickets.hotcinema.co.il/site/1183/tickets?code=1183-93634&languageid=en_gb,https://tickets.hotcinema.co.il/site/1183/tickets?code=1183-93634&languageid=he_IL,Regular,2D,,French,2026-08-05,2026,,,145,All,Modiin,Hot Cinema,589
14:00,Toy Story 5,צעצוע של סיפור 5,https://tickets.hotcinema.co.il/site/1183/tickets?code=1183-96468&languageid=en_gb,https://tickets.hotcinema.co.il/site/1183/tickets?code=1183-96468&languageid=he_IL,Regular,2D,,Hebrew,2026-08-05,2026,,,102,All,Modiin,Hot Cinema,589
19:10,קופה ראשית: הסרט,קופה ראשית: הסרט,https://tickets.hotcinema.co.il/site/1183/tickets?code=1183-96497&languageid=en_gb,https://tickets.hotcinema.co.il/site/1183/tickets?code=1183-96497&languageid=he_IL,Regular,2D,,,2026-08-05,2026,,,91,All,Modiin,Hot Cinema,589
21:30,קופה ראשית: הסרט,קופה ראשית: הסרט,https://tickets.hotcinema.co.il/site/1183/tickets?code=1183-96498&languageid=en_gb,https://tickets.hotcinema.co.il/site/1183/tickets?code=1183-96498&languageid=he_IL,Regular,2D,,,2026-08-05,2026,,,91,All,Modiin,Hot Cinema,589
14:40,Dream High,תיכון מגשימים,https://tickets.hotcinema.co.il/site/1183/tickets?code=1183-96473&languageid=en_gb,https://tickets.hotcinema.co.il/site/1183/tickets?code=1183-96473&languageid=he_IL,Regular,2D,,,2026-08-05,2026,,,100,12+,Modiin,Hot Cinema,589
19:30,גבעה 338,גבעה 338,https://tickets.hotcinema.co.il/site/1183/tickets?code=1183-96980&languageid=en_gb,https://tickets.hotcinema.co.il/site/1183/tickets?code=1183-96980&languageid=he_IL,Regular,2D,,,2026-08-06,2026,,,106,הגבלת גיל: הותר מגיל 9,Modiin,Hot Cinema,589
21:50,גבעה 338,גבעה 338,https://tickets.hotcinema.co.il/site/1183/tickets?code=1183-96981&languageid=en_gb,https://tickets.hotcinema.co.il/site/1183/tickets?code=1183-96981&languageid=he_IL,Regular,2D,,,2026-08-06,2026,,,106,הגבלת גיל: הותר מגיל 9,Modiin,Hot Cinema,589
17:30,WALL·E,סינמה נוסטלגיה - וול-E,https://tickets.hotcinema.co.il/site/1183/tickets?code=1183-91930&languageid=en_gb,https://tickets.hotcinema.co.il/site/1183/tickets?code=1183-91930&languageid=he_IL,Not Just Cinema,2D,,Hebrew,2026-08-06,2008,,,98,All,Modiin,Hot Cinema,589
19:30,גבעה 338,גבעה 338,https://tickets.hotcinema.co.il/site/1183/tickets?code=1183-96982&languageid=en_gb,https://tickets.hotcinema.co.il/site/1183/tickets?code=1183-96982&languageid=he_IL,Regular,2D,,,2026-08-07,2026,,,106,הגבלת גיל: הותר מגיל 9,Modiin,Hot Cinema,589
21:50,גבעה 338,גבעה 338,https://tickets.hotcinema.co.il/site/1183/tickets?code=1183-96983&languageid=en_gb,https://tickets.hotcinema.co.il/site/1183/tickets?code=1183-96983&languageid=he_IL,Regular,2D,,,2026-08-07,2026,,,106,הגבלת גיל: הותר מגיל 9,Modiin,Hot Cinema,589
19:30,גבעה 338,גבעה 338,https://tickets.hotcinema.co.il/site/1183/tickets?code=1183-96984&languageid=en_gb,https://tickets.hotcinema.co.il/site/1183/tickets?code=1183-96984&languageid=he_IL,Regular,2D,,,2026-08-08,2026,,,106,הגבלת גיל: הותר מגיל 9,Modiin,Hot Cinema,589
21:50,גבעה 338,גבעה 338,https://tickets.hotcinema.co.il/site/1183/tickets?code=1183-96985&languageid=en_gb,https://tickets.hotcinema.co.il/site/1183/tickets?code=1183-96985&languageid=he_IL,Regular,2D,,,2026-08-08,2026,,,106,הגבלת גיל: הותר מגיל 9,Modiin,Hot Cinema,589
20:30,יעקוב חמו מגיע לעשות סטנדאפ ב-HOT CINEMA,יעקוב חמו מגיע לעשות סטנדאפ ב-HOT CINEMA,https://tickets.hotcinema.co.il/site/1183/tickets?code=1183-90667&languageid=en_gb,https://tickets.hotcinema.co.il/site/1183/tickets?code=1183-90667&languageid=he_IL,Not Just Cinema,2D,,,2026-08-13,2026,,,70,,Modiin,Hot Cinema,589
20:00,Superman - 1978,סינמה נוסטלגיה - סופרמן 1978,https://tickets.hotcinema.co.il/site/1183/tickets?code=1183-92699&languageid=en_gb,https://tickets.hotcinema.co.il/site/1183/tickets?code=1183-92699&languageid=he_IL,Not Just Cinema,2D,,,2026-08-13,1978,,,143,,Modiin,Hot Cinema,589
20:00,Superman 2 The Richard Donner Cut,סינמה נוסטלגיה - סופרמן 2 גרסת הבמאי,https://tickets.hotcinema.co.il/site/1183/tickets?code=1183-93684&languageid=en_gb,https://tickets.hotcinema.co.il/site/1183/tickets?code=1183-93684&languageid=he_IL,Not Just Cinema,2D,,,2026-08-20,2006,,,116,All,Modiin,Hot Cinema,589
17:30,Tangled,סינמה נוסטלגיה - פלונטר,https://tickets.hotcinema.co.il/site/1183/tickets?code=1183-93688&languageid=en_gb,https://tickets.hotcinema.co.il/site/1183/tickets?code=1183-93688&languageid=he_IL,Not Just Cinema,2D,,Hebrew,2026-08-27,2010,,,100,All,Modiin,Hot Cinema,589
17:30,Tangled,סינמה נוסטלגיה - פלונטר,https://tickets.hotcinema.co.il/site/1183/tickets?code=1183-93689&languageid=en_gb,https://tickets.hotcinema.co.il/site/1183/tickets?code=1183-93689&languageid=he_IL,Not Just Cinema,2D,,Hebrew,2026-08-28,2010,,,100,All,Modiin,Hot Cinema,589
17:30,Tangled,סינמה נוסטלגיה - פלונטר,https://tickets.hotcinema.co.il/site/1183/tickets?code=1183-93690&languageid=en_gb,https://tickets.hotcinema.co.il/site/1183/tickets?code=1183-93690&languageid=he_IL,Not Just Cinema,2D,,Hebrew,2026-08-29,2010,,,100,All,Modiin,Hot Cinema,589
20:00,סינמה נוסטלגיה - גבעת חלפון אינה עונה חוגגת 50!,סינמה נוסטלגיה - גבעת חלפון אינה עונה חוגגת 50!,https://tickets.hotcinema.co.il/site/1183/tickets?code=1183-95252&languageid=en_gb,https://tickets.hotcinema.co.il/site/1183/tickets?code=1183-95252&languageid=he_IL,Not Just Cinema,2D,,,2026-09-03,1976,,,92,12+,Modiin,Hot Cinema,589
20:00,סינמה נוסטלגיה - גבעת חלפון אינה עונה חוגגת 50!,סינמה נוסטלגיה - גבעת חלפון אינה עונה חוגגת 50!,https://tickets.hotcinema.co.il/site/1183/tickets?code=1183-95253&languageid=en_gb,https://tickets.hotcinema.co.il/site/1183/tickets?code=1183-95253&languageid=he_IL,Not Just Cinema,2D,,,2026-09-04,1976,,,92,12+,Modiin,Hot Cinema,589
20:00,סינמה נוסטלגיה - גבעת חלפון אינה עונה חוגגת 50!,סינמה נוסטלגיה - גבעת חלפון אינה עונה חוגגת 50!,https://tickets.hotcinema.co.il/site/1183/tickets?code=1183-95254&languageid=en_gb,https://tickets.hotcinema.co.il/site/1183/tickets?code=1183-95254&languageid=he_IL,Not Just Cinema,2D,,,2026-09-05,1976,,,92,12+,Modiin,Hot Cinema,589
20:00,Taxi Driver,סינמה נוסטלגיה - 50 שנה לסרט נהג מונית,https://tickets.hotcinema.co.il/site/1183/tickets?code=1183-94454&languageid=en_gb,https://tickets.hotcinema.co.il/site/1183/tickets?code=1183-94454&languageid=he_IL,Not Just Cinema,2D,,,2026-09-10,1976,,,114,הגבלת גיל: הותר מגיל 18 בהצגת תעודה מזהה,Modiin,Hot Cinema,589
20:00,A Few Good Men,סינמה נוסטלגיה - בחורים טובים,https://tickets.hotcinema.co.il/site/1183/tickets?code=1183-95260&languageid=en_gb,https://tickets.hotcinema.co.il/site/1183/tickets?code=1183-95260&languageid=he_IL,Not Just Cinema,2D,,,2026-09-17,1992,,,138,12+,Modiin,Hot Cinema,589
20:00,A Few Good Men,סינמה נוסטלגיה - בחורים טובים,https://tickets.hotcinema.co.il/site/1183/tickets?code=1183-95258&languageid=en_gb,https://tickets.hotcinema.co.il/site/1183/tickets?code=1183-95258&languageid=he_IL,Not Just Cinema,2D,,,2026-09-18,1992,,,138,12+,Modiin,Hot Cinema,589
20:00,A Few Good Men,סינמה נוסטלגיה - בחורים טובים,https://tickets.hotcinema.co.il/site/1183/tickets?code=1183-95259&languageid=en_gb,https://tickets.hotcinema.co.il/site/1183/tickets?code=1183-95259&languageid=he_IL,Not Just Cinema,2D,,,2026-09-19,1992,,,138,12+,Modiin,Hot Cinema,589
20:00,Ghostbusters,סינמה נוסטלגיה - מכסחי השדים,https://tickets.hotcinema.co.il/site/1183/tickets?code=1183-95262&languageid=en_gb,https://tickets.hotcinema.co.il/site/1183/tickets?code=1183-95262&languageid=he_IL,Not Just Cinema,2D,,,2026-09-24,1984,,,105,12+,Modiin,Hot Cinema,589
19:45,Just an Illusion,אשליות מתוקות,https://tickets.hotcinema.co.il/site/1191/tickets?code=1191-81703&languageid=en_gb,https://tickets.hotcinema.co.il/site/1191/tickets?code=1191-81703&languageid=he_IL,Regular,2D,,,2026-08-04,2026,,,116,All,Rehovot,Hot Cinema,589
11:30,The Odyssey,האודיסאה,https://tickets.hotcinema.co.il/site/1191/tickets?code=1191-81707&languageid=en_gb,https://tickets.hotcinema.co.il/site/1191/tickets?code=1191-81707&languageid=he_IL,Regular,2D,,,2026-08-04,2026,,,172,14+,Rehovot,Hot Cinema,589
13:00,The Odyssey,האודיסאה,https://tickets.hotcinema.co.il/site/1191/tickets?code=1191-81691&languageid=en_gb,https://tickets.hotcinema.co.il/site/1191/tickets?code=1191-81691&languageid=he_IL,Regular,2D,,,2026-08-04,2026,,,172,14+,Rehovot,Hot Cinema,589
16:30,The Odyssey,האודיסאה,https://tickets.hotcinema.co.il/site/1191/tickets?code=1191-81690&languageid=en_gb,https://tickets.hotcinema.co.il/site/1191/tickets?code=1191-81690&languageid=he_IL,Regular,2D,,,2026-08-04,2026,,,172,14+,Rehovot,Hot Cinema,589
19:00,The Odyssey,האודיסאה,https://tickets.hotcinema.co.il/site/1191/tickets?code=1191-81708&languageid=en_gb,https://tickets.hotcinema.co.il/site/1191/tickets?code=1191-81708&languageid=he_IL,Regular,2D,,,2026-08-04,2026,,,172,14+,Rehovot,Hot Cinema,589
20:45,The Odyssey,האודיסאה,https://tickets.hotcinema.co.il/site/1191/tickets?code=1191-81713&languageid=en_gb,https://tickets.hotcinema.co.il/site/1191/tickets?code=1191-81713&languageid=he_IL,Regular,2D,,,2026-08-04,2026,,,172,14+,Rehovot,Hot Cinema,589
19:20,A missing part,החלק החסר,https://tickets.hotcinema.co.il/site/1191/tickets?code=1191-81686&languageid=en_gb,https://tickets.hotcinema.co.il/site/1191/tickets?code=1191-81686&languageid=he_IL,Regular,2D,,,2026-08-04,2024,,,98,All,Rehovot,Hot Cinema,589
10:20,THE MAGICAL FARAWAY TREE,המסע המופלא לעץ הקסמים,https://tickets.hotcinema.co.il/site/1191/tickets?code=1191-81688&languageid=en_gb,https://tickets.hotcinema.co.il/site/1191/tickets?code=1191-81688&languageid=he_IL,Regular,2D,,Hebrew,2026-08-04,2026,,,110,All,Rehovot,Hot Cinema,589
12:40,THE MAGICAL FARAWAY TREE,המסע המופלא לעץ הקסמים,https://tickets.hotcinema.co.il/site/1191/tickets?code=1191-81687&languageid=en_gb,https://tickets.hotcinema.co.il/site/1191/tickets?code=1191-81687&languageid=he_IL,Regular,2D,,Hebrew,2026-08-04,2026,,,110,All,Rehovot,Hot Cinema,589
20:00,American Hina,חינה אמריקאית,https://tickets.hotcinema.co.il/site/1191/tickets?code=1191-81694&languageid=en_gb,https://tickets.hotcinema.co.il/site/1191/tickets?code=1191-81694&languageid=he_IL,Regular,2D,,,2026-08-04,2026,,,100,All,Rehovot,Hot Cinema,589
12:30,Tafiti: Across the Desert,טפיטי: הרפתקה במדבר,https://tickets.hotcinema.co.il/site/1191/tickets?code=1191-81714&languageid=en_gb,https://tickets.hotcinema.co.il/site/1191/tickets?code=1191-81714&languageid=he_IL,Regular,2D,,,2026-08-04,,,,81,הגבלת גיל: עד גיל 8 בליווי מבוגר,Rehovot,Hot Cinema,589
17:20,כי את מכוערת,כי את מכוערת,https://tickets.hotcinema.co.il/site/1191/tickets?code=1191-81689&languageid=en_gb,https://tickets.hotcinema.co.il/site/1191/tickets?code=1191-81689&languageid=he_IL,Regular,2D,,,2026-08-04,2025,,,83,12+,Rehovot,Hot Cinema,589
14:25,מאמא,מאמא,https://tickets.hotcinema.co.il/site/1191/tickets?code=1191-81716&languageid=en_gb,https://tickets.hotcinema.co.il/site/1191/tickets?code=1191-81716&languageid=he_IL,Regular,2D,,,2026-08-04,2026,,,92,12+,Rehovot,Hot Cinema,589
18:40,מאמא,מאמא,https://tickets.hotcinema.co.il/site/1191/tickets?code=1191-81717&languageid=en_gb,https://tickets.hotcinema.co.il/site/1191/tickets?code=1191-81717&languageid=he_IL,Regular,2D,,,2026-08-04,2026,,,92,12+,Rehovot,Hot Cinema,589
15:00,The ties that bind us,מה שמחבר בינינו,https://tickets.hotcinema.co.il/site/1191/tickets?code=1191-81685&languageid=en_gb,https://tickets.hotcinema.co.il/site/1191/tickets?code=1191-81685&languageid=he_IL,Regular,2D,,,2026-08-04,2024,,,106,All,Rehovot,Hot Cinema,589
10:15,Moana (Live Action),מואנה לייב אקשן,https://tickets.hotcinema.co.il/site/1191/tickets?code=1191-81700&languageid=en_gb,https://tickets.hotcinema.co.il/site/1191/tickets?code=1191-81700&languageid=he_IL,Regular,2D,,Hebrew,2026-08-04,2026,,,115,All,Rehovot,Hot Cinema,589
11:00,Minions & Monsters,מיניונים ומפלצות,https://tickets.hotcinema.co.il/site/1191/tickets?code=1191-81692&languageid=en_gb,https://tickets.hotcinema.co.il/site/1191/tickets?code=1191-81692&languageid=he_IL,Regular,2D,,Hebrew,2026-08-04,2026,,,90,All,Rehovot,Hot Cinema,589
15:00,Minions & Monsters,מיניונים ומפלצות,https://tickets.hotcinema.co.il/site/1191/tickets?code=1191-81711&languageid=en_gb,https://tickets.hotcinema.co.il/site/1191/tickets?code=1191-81711&languageid=he_IL,Regular,2D,,Hebrew,2026-08-04,2026,,,90,All,Rehovot,Hot Cinema,589
17:00,Minions & Monsters,מיניונים ומפלצות,https://tickets.hotcinema.co.il/site/1191/tickets?code=1191-81710&languageid=en_gb,https://tickets.hotcinema.co.il/site/1191/tickets?code=1191-81710&languageid=he_IL,Regular,2D,,Hebrew,2026-08-04,2026,,,90,All,Rehovot,Hot Cinema,589
13:10,Saltiz,סולטיז הסרט - וולוג ה-100,https://tickets.hotcinema.co.il/site/1191/tickets?code=1191-81704&languageid=en_gb,https://tickets.hotcinema.co.il/site/1191/tickets?code=1191-81704&languageid=he_IL,Regular,2D,,,2026-08-04,2026,,,100,All,Rehovot,Hot Cinema,589
15:20,Saltiz,סולטיז הסרט - וולוג ה-100,https://tickets.hotcinema.co.il/site/1191/tickets?code=1191-81705&languageid=en_gb,https://tickets.hotcinema.co.il/site/1191/tickets?code=1191-81705&languageid=he_IL,Regular,2D,,,2026-08-04,2026,,,100,All,Rehovot,Hot Cinema,589
17:30,Saltiz,סולטיז הסרט - וולוג ה-100,https://tickets.hotcinema.co.il/site/1191/tickets?code=1191-81706&languageid=en_gb,https://tickets.hotcinema.co.il/site/1191/tickets?code=1191-81706&languageid=he_IL,Regular,2D,,,2026-08-04,2026,,,100,All,Rehovot,Hot Cinema,589
10:50,Spider-Man: Brand new day,ספיידרמן: יום חדש,https://tickets.hotcinema.co.il/site/1191/tickets?code=1191-81722&languageid=en_gb,https://tickets.hotcinema.co.il/site/1191/tickets?code=1191-81722&languageid=he_IL,Regular,2D Atmos,,,2026-08-04,2026,,,145,All,Rehovot,Hot Cinema,589
11:50,Spider-Man: Brand new day,ספיידרמן: יום חדש,https://tickets.hotcinema.co.il/site/1191/tickets?code=1191-81718&languageid=en_gb,https://tickets.hotcinema.co.il/site/1191/tickets?code=1191-81718&languageid=he_IL,Regular,2D Atmos,,,2026-08-04,2026,,,145,All,Rehovot,Hot Cinema,589
14:00,Spider-Man: Brand new day,ספיידרמן: יום חדש,https://tickets.hotcinema.co.il/site/1191/tickets?code=1191-81723&languageid=en_gb,https://tickets.hotcinema.co.il/site/1191/tickets?code=1191-81723&languageid=he_IL,Regular,2D Atmos,,,2026-08-04,2026,,,145,All,Rehovot,Hot Cinema,589
15:10,Spider-Man: Brand new day,ספיידרמן: יום חדש,https://tickets.hotcinema.co.il/site/1191/tickets?code=1191-81719&languageid=en_gb,https://tickets.hotcinema.co.il/site/1191/tickets?code=1191-81719&languageid=he_IL,Regular,2D Atmos,,,2026-08-04,2026,,,145,All,Rehovot,Hot Cinema,589
17:00,Spider-Man: Brand new day,ספיידרמן: יום חדש,https://tickets.hotcinema.co.il/site/1191/tickets?code=1191-81725&languageid=en_gb,https://tickets.hotcinema.co.il/site/1191/tickets?code=1191-81725&languageid=he_IL,Regular,2D Atmos,,,2026-08-04,2026,,,145,All,Rehovot,Hot Cinema,589
18:30,Spider-Man: Brand new day,ספיידרמן: יום חדש,https://tickets.hotcinema.co.il/site/1191/tickets?code=1191-81720&languageid=en_gb,https://tickets.hotcinema.co.il/site/1191/tickets?code=1191-81720&languageid=he_IL,Regular,2D Atmos,,,2026-08-04,2026,,,145,All,Rehovot,Hot Cinema,589
20:10,Spider-Man: Brand new day,ספיידרמן: יום חדש,https://tickets.hotcinema.co.il/site/1191/tickets?code=1191-81726&languageid=en_gb,https://tickets.hotcinema.co.il/site/1191/tickets?code=1191-81726&languageid=he_IL,Regular,2D Atmos,,,2026-08-04,2026,,,145,All,Rehovot,Hot Cinema,589
21:50,Spider-Man: Brand new day,ספיידרמן: יום חדש,https://tickets.hotcinema.co.il/site/1191/tickets?code=1191-81721&languageid=en_gb,https://tickets.hotcinema.co.il/site/1191/tickets?code=1191-81721&languageid=he_IL,Regular,2D Atmos,,,2026-08-04,2026,,,145,All,Rehovot,Hot Cinema,589
22:20,Spider-Man: Brand new day,ספיידרמן: יום חדש,https://tickets.hotcinema.co.il/site/1191/tickets?code=1191-81702&languageid=en_gb,https://tickets.hotcinema.co.il/site/1191/tickets?code=1191-81702&languageid=he_IL,Regular,2D Atmos,,,2026-08-04,2026,,,145,All,Rehovot,Hot Cinema,589
22:15,סרט כחול לבן,סרט כחול לבן,https://tickets.hotcinema.co.il/site/1191/tickets?code=1191-81693&languageid=en_gb,https://tickets.hotcinema.co.il/site/1191/tickets?code=1191-81693&languageid=he_IL,Regular,2D,,,2026-08-04,2026,,,86,14+,Rehovot,Hot Cinema,589
21:30,Sentimental Value,ערך סנטימנטלי,https://tickets.hotcinema.co.il/site/1191/tickets?code=1191-81684&languageid=en_gb,https://tickets.hotcinema.co.il/site/1191/tickets?code=1191-81684&languageid=he_IL,Regular,2D,,,2026-08-04,2025,,,132,All,Rehovot,Hot Cinema,589
10:30,Colours of Time,צבעי הזמן,https://tickets.hotcinema.co.il/site/1191/tickets?code=1191-81701&languageid=en_gb,https://tickets.hotcinema.co.il/site/1191/tickets?code=1191-81701&languageid=he_IL,Regular,2D,,,2026-08-04,2026,,,124,All,Rehovot,Hot Cinema,589
10:15,Toy Story 5,צעצוע של סיפור 5,https://tickets.hotcinema.co.il/site/1191/tickets?code=1191-81712&languageid=en_gb,https://tickets.hotcinema.co.il/site/1191/tickets?code=1191-81712&languageid=he_IL,Regular,2D,,Hebrew,2026-08-04,2026,,,102,All,Rehovot,Hot Cinema,589
14:35,קופה ראשית: הסרט,קופה ראשית: הסרט,https://tickets.hotcinema.co.il/site/1191/tickets?code=1191-81695&languageid=en_gb,https://tickets.hotcinema.co.il/site/1191/tickets?code=1191-81695&languageid=he_IL,Regular,2D,,,2026-08-04,2026,,,91,All,Rehovot,Hot Cinema,589
16:40,קופה ראשית: הסרט,קופה ראשית: הסרט,https://tickets.hotcinema.co.il/site/1191/tickets?code=1191-81696&languageid=en_gb,https://tickets.hotcinema.co.il/site/1191/tickets?code=1191-81696&languageid=he_IL,Regular,2D,,,2026-08-04,2026,,,91,All,Rehovot,Hot Cinema,589
22:05,קופה ראשית: הסרט,קופה ראשית: הסרט,https://tickets.hotcinema.co.il/site/1191/tickets?code=1191-81698&languageid=en_gb,https://tickets.hotcinema.co.il/site/1191/tickets?code=1191-81698&languageid=he_IL,Regular,2D,,,2026-08-04,2026,,,91,All,Rehovot,Hot Cinema,589
16:30,Dream High,תיכון מגשימים,https://tickets.hotcinema.co.il/site/1191/tickets?code=1191-81715&languageid=en_gb,https://tickets.hotcinema.co.il/site/1191/tickets?code=1191-81715&languageid=he_IL,Regular,2D,,,2026-08-04,2026,,,100,12+,Rehovot,Hot Cinema,589
22:30,Obsession,אובססיה,https://tickets.hotcinema.co.il/site/1191/tickets?code=1191-81527&languageid=en_gb,https://tickets.hotcinema.co.il/site/1191/tickets?code=1191-81527&languageid=he_IL,Regular,2D,,,2026-08-05,2026,,,108,14+,Rehovot,Hot Cinema,589
13:45,The Odyssey,האודיסאה,https://tickets.hotcinema.co.il/site/1191/tickets?code=1191-81531&languageid=en_gb,https://tickets.hotcinema.co.il/site/1191/tickets?code=1191-81531&languageid=he_IL,Regular,2D,,,2026-08-05,2026,,,172,14+,Rehovot,Hot Cinema,589
16:50,The Odyssey,האודיסאה,https://tickets.hotcinema.co.il/site/1191/tickets?code=1191-81556&languageid=en_gb,https://tickets.hotcinema.co.il/site/1191/tickets?code=1191-81556&languageid=he_IL,Regular,2D,,,2026-08-05,2026,,,172,14+,Rehovot,Hot Cinema,589
20:30,The Odyssey,האודיסאה,https://tickets.hotcinema.co.il/site/1191/tickets?code=1191-81557&languageid=en_gb,https://tickets.hotcinema.co.il/site/1191/tickets?code=1191-81557&languageid=he_IL,Regular,2D,,,2026-08-05,2026,,,172,14+,Rehovot,Hot Cinema,589
11:20,THE MAGICAL FARAWAY TREE,המסע המופלא לעץ הקסמים,https://tickets.hotcinema.co.il/site/1191/tickets?code=1191-81529&languageid=en_gb,https://tickets.hotcinema.co.il/site/1191/tickets?code=1191-81529&languageid=he_IL,Regular,2D,,Hebrew,2026-08-05,2026,,,110,All,Rehovot,Hot Cinema,589
15:40,THE MAGICAL FARAWAY TREE,המסע המופלא לעץ הקסמים,https://tickets.hotcinema.co.il/site/1191/tickets?code=1191-81528&languageid=en_gb,https://tickets.hotcinema.co.il/site/1191/tickets?code=1191-81528&languageid=he_IL,Regular,2D,,Hebrew,2026-08-05,2026,,,110,All,Rehovot,Hot Cinema,589
21:30,American Hina,חינה אמריקאית,https://tickets.hotcinema.co.il/site/1191/tickets?code=1191-81535&languageid=en_gb,https://tickets.hotcinema.co.il/site/1191/tickets?code=1191-81535&languageid=he_IL,Regular,2D,,,2026-08-05,2026,,,100,All,Rehovot,Hot Cinema,589
12:40,Tafiti: Across the Desert,טפיטי: הרפתקה במדבר,https://tickets.hotcinema.co.il/site/1191/tickets?code=1191-81558&languageid=en_gb,https://tickets.hotcinema.co.il/site/1191/tickets?code=1191-81558&languageid=he_IL,Regular,2D,,,2026-08-05,,,,81,הגבלת גיל: עד גיל 8 בליווי מבוגר,Rehovot,Hot Cinema,589
18:00,Moana (Live Action),מואנה לייב אקשן,https://tickets.hotcinema.co.il/site/1191/tickets?code=1191-81530&languageid=en_gb,https://tickets.hotcinema.co.il/site/1191/tickets?code=1191-81530&languageid=he_IL,Regular,2D,,,2026-08-05,2026,,,115,All,Rehovot,Hot Cinema,589
10:45,Moana (Live Action),מואנה לייב אקשן,https://tickets.hotcinema.co.il/site/1191/tickets?code=1191-81541&languageid=en_gb,https://tickets.hotcinema.co.il/site/1191/tickets?code=1191-81541&languageid=he_IL,Regular,2D,,Hebrew,2026-08-05,2026,,,115,All,Rehovot,Hot Cinema,589
19:30,Minions & Monsters,מיניונים ומפלצות,https://tickets.hotcinema.co.il/site/1191/tickets?code=1191-81532&languageid=en_gb,https://tickets.hotcinema.co.il/site/1191/tickets?code=1191-81532&languageid=he_IL,Regular,2D,,,2026-08-05,2026,,,90,All,Rehovot,Hot Cinema,589
10:15,Minions & Monsters,מיניונים ומפלצות,https://tickets.hotcinema.co.il/site/1191/tickets?code=1191-81561&languageid=en_gb,https://tickets.hotcinema.co.il/site/1191/tickets?code=1191-81561&languageid=he_IL,Regular,2D,,Hebrew,2026-08-05,2026,,,90,All,Rehovot,Hot Cinema,589
11:10,Minions & Monsters,מיניונים ומפלצות,https://tickets.hotcinema.co.il/site/1191/tickets?code=1191-81552&languageid=en_gb,https://tickets.hotcinema.co.il/site/1191/tickets?code=1191-81552&languageid=he_IL,Regular,2D,,Hebrew,2026-08-05,2026,,,90,All,Rehovot,Hot Cinema,589
13:10,Minions & Monsters,מיניונים ומפלצות,https://tickets.hotcinema.co.il/site/1191/tickets?code=1191-81551&languageid=en_gb,https://tickets.hotcinema.co.il/site/1191/tickets?code=1191-81551&languageid=he_IL,Regular,2D,,Hebrew,2026-08-05,2026,,,90,All,Rehovot,Hot Cinema,589
15:10,Minions & Monsters,מיניונים ומפלצות,https://tickets.hotcinema.co.il/site/1191/tickets?code=1191-81550&languageid=en_gb,https://tickets.hotcinema.co.il/site/1191/tickets?code=1191-81550&languageid=he_IL,Regular,2D,,Hebrew,2026-08-05,2026,,,90,All,Rehovot,Hot Cinema,589
17:10,Minions & Monsters,מיניונים ומפלצות,https://tickets.hotcinema.co.il/site/1191/tickets?code=1191-81549&languageid=en_gb,https://tickets.hotcinema.co.il/site/1191/tickets?code=1191-81549&languageid=he_IL,Regular,2D,,Hebrew,2026-08-05,2026,,,90,All,Rehovot,Hot Cinema,589
11:30,School of Magical Animals,סוד החיות הקסומות 3,https://tickets.hotcinema.co.il/site/1191/tickets?code=1191-81533&languageid=en_gb,https://tickets.hotcinema.co.il/site/1191/tickets?code=1191-81533&languageid=he_IL,Regular,2D,,Hebrew,2026-08-05,2024,,,105,All,Rehovot,Hot Cinema,589
10:30,Saltiz,סולטיז הסרט - וולוג ה-100,https://tickets.hotcinema.co.il/site/1191/tickets?code=1191-81544&languageid=en_gb,https://tickets.hotcinema.co.il/site/1191/tickets?code=1191-81544&languageid=he_IL,Regular,2D,,,2026-08-05,2026,,,100,All,Rehovot,Hot Cinema,589
12:40,Saltiz,סולטיז הסרט - וולוג ה-100,https://tickets.hotcinema.co.il/site/1191/tickets?code=1191-81545&languageid=en_gb,https://tickets.hotcinema.co.il/site/1191/tickets?code=1191-81545&languageid=he_IL,Regular,2D,,,2026-08-05,2026,,,100,All,Rehovot,Hot Cinema,589
14:50,Saltiz,סולטיז הסרט - וולוג ה-100,https://tickets.hotcinema.co.il/site/1191/tickets?code=1191-81546&languageid=en_gb,https://tickets.hotcinema.co.il/site/1191/tickets?code=1191-81546&languageid=he_IL,Regular,2D,,,2026-08-05,2026,,,100,All,Rehovot,Hot Cinema,589
17:00,Saltiz,סולטיז הסרט - וולוג ה-100,https://tickets.hotcinema.co.il/site/1191/tickets?code=1191-81547&languageid=en_gb,https://tickets.hotcinema.co.il/site/1191/tickets?code=1191-81547&languageid=he_IL,Regular,2D,,,2026-08-05,2026,,,100,All,Rehovot,Hot Cinema,589
13:45,Three Wishes for Cinderella,סינדרלה ושלוש המשאלות,https://tickets.hotcinema.co.il/site/1191/tickets?code=1191-81526&languageid=en_gb,https://tickets.hotcinema.co.il/site/1191/tickets?code=1191-81526&languageid=he_IL,Regular,2D,,Hebrew,2026-08-05,2026,,,85,All,Rehovot,Hot Cinema,589
10:50,Spider-Man: Brand new day,ספיידרמן: יום חדש,https://tickets.hotcinema.co.il/site/1191/tickets?code=1191-81562&languageid=en_gb,https://tickets.hotcinema.co.il/site/1191/tickets?code=1191-81562&languageid=he_IL,Regular,2D Atmos,,,2026-08-05,2026,,,145,All,Rehovot,Hot Cinema,589
12:40,Spider-Man: Brand new day,ספיידרמן: יום חדש,https://tickets.hotcinema.co.il/site/1191/tickets?code=1191-81560&languageid=en_gb,https://tickets.hotcinema.co.il/site/1191/tickets?code=1191-81560&languageid=he_IL,Regular,2D Atmos,,,2026-08-05,2026,,,145,All,Rehovot,Hot Cinema,589
14:00,Spider-Man: Brand new day,ספיידרמן: יום חדש,https://tickets.hotcinema.co.il/site/1191/tickets?code=1191-81563&languageid=en_gb,https://tickets.hotcinema.co.il/site/1191/tickets?code=1191-81563&languageid=he_IL,Regular,2D Atmos,,,2026-08-05,2026,,,145,All,Rehovot,Hot Cinema,589
15:50,Spider-Man: Brand new day,ספיידרמן: יום חדש,https://tickets.hotcinema.co.il/site/1191/tickets?code=1191-81559&languageid=en_gb,https://tickets.hotcinema.co.il/site/1191/tickets?code=1191-81559&languageid=he_IL,Regular,2D Atmos,,,2026-08-05,2026,,,145,All,Rehovot,Hot Cinema,589
17:00,Spider-Man: Brand new day,ספיידרמן: יום חדש,https://tickets.hotcinema.co.il/site/1191/tickets?code=1191-81565&languageid=en_gb,https://tickets.hotcinema.co.il/site/1191/tickets?code=1191-81565&languageid=he_IL,Regular,2D Atmos,,,2026-08-05,2026,,,145,All,Rehovot,Hot Cinema,589
19:20,Spider-Man: Brand new day,ספיידרמן: יום חדש,https://tickets.hotcinema.co.il/site/1191/tickets?code=1191-81543&languageid=en_gb,https://tickets.hotcinema.co.il/site/1191/tickets?code=1191-81543&languageid=he_IL,Regular,2D Atmos,,,2026-08-05,2026,,,145,All,Rehovot,Hot Cinema,589
20:10,Spider-Man: Brand new day,ספיידרמן: יום חדש,https://tickets.hotcinema.co.il/site/1191/tickets?code=1191-81566&languageid=en_gb,https://tickets.hotcinema.co.il/site/1191/tickets?code=1191-81566&languageid=he_IL,Regular,2D Atmos,,,2026-08-05,2026,,,145,All,Rehovot,Hot Cinema,589
22:20,Spider-Man: Brand new day,ספיידרמן: יום חדש,https://tickets.hotcinema.co.il/site/1191/tickets?code=1191-81542&languageid=en_gb,https://tickets.hotcinema.co.il/site/1191/tickets?code=1191-81542&languageid=he_IL,Regular,2D Atmos,,,2026-08-05,2026,,,145,All,Rehovot,Hot Cinema,589
20:30,סרט כחול לבן,סרט כחול לבן,https://tickets.hotcinema.co.il/site/1191/tickets?code=1191-81525&languageid=en_gb,https://tickets.hotcinema.co.il/site/1191/tickets?code=1191-81525&languageid=he_IL,Regular,2D,,,2026-08-05,2026,,,86,14+,Rehovot,Hot Cinema,589
10:20,Toy Story 5,צעצוע של סיפור 5,https://tickets.hotcinema.co.il/site/1191/tickets?code=1191-81555&languageid=en_gb,https://tickets.hotcinema.co.il/site/1191/tickets?code=1191-81555&languageid=he_IL,Regular,2D,,Hebrew,2026-08-05,2026,,,102,All,Rehovot,Hot Cinema,589
14:35,Toy Story 5,צעצוע של סיפור 5,https://tickets.hotcinema.co.il/site/1191/tickets?code=1191-81554&languageid=en_gb,https://tickets.hotcinema.co.il/site/1191/tickets?code=1191-81554&languageid=he_IL,Regular,2D,,Hebrew,2026-08-05,2026,,,102,All,Rehovot,Hot Cinema,589
15:20,קופה ראשית: הסרט,קופה ראשית: הסרט,https://tickets.hotcinema.co.il/site/1191/tickets?code=1191-81536&languageid=en_gb,https://tickets.hotcinema.co.il/site/1191/tickets?code=1191-81536&languageid=he_IL,Regular,2D,,,2026-08-05,2026,,,91,All,Rehovot,Hot Cinema,589
17:30,קופה ראשית: הסרט,קופה ראשית: הסרט,https://tickets.hotcinema.co.il/site/1191/tickets?code=1191-81537&languageid=en_gb,https://tickets.hotcinema.co.il/site/1191/tickets?code=1191-81537&languageid=he_IL,Regular,2D,,,2026-08-05,2026,,,91,All,Rehovot,Hot Cinema,589
19:40,קופה ראשית: הסרט,קופה ראשית: הסרט,https://tickets.hotcinema.co.il/site/1191/tickets?code=1191-81538&languageid=en_gb,https://tickets.hotcinema.co.il/site/1191/tickets?code=1191-81538&languageid=he_IL,Regular,2D,,,2026-08-05,2026,,,91,All,Rehovot,Hot Cinema,589
21:45,קופה ראשית: הסרט,קופה ראשית: הסרט,https://tickets.hotcinema.co.il/site/1191/tickets?code=1191-81539&languageid=en_gb,https://tickets.hotcinema.co.il/site/1191/tickets?code=1191-81539&languageid=he_IL,Regular,2D,,,2026-08-05,2026,,,91,All,Rehovot,Hot Cinema,589
17:15,Dream High,תיכון מגשימים,https://tickets.hotcinema.co.il/site/1191/tickets?code=1191-81534&languageid=en_gb,https://tickets.hotcinema.co.il/site/1191/tickets?code=1191-81534&languageid=he_IL,Regular,2D,,,2026-08-05,2026,,,100,12+,Rehovot,Hot Cinema,589
19:30,גבעה 338,גבעה 338,https://tickets.hotcinema.co.il/site/1191/tickets?code=1191-82053&languageid=en_gb,https://tickets.hotcinema.co.il/site/1191/tickets?code=1191-82053&languageid=he_IL,Regular,2D,,,2026-08-06,2026,,,106,הגבלת גיל: הותר מגיל 9,Rehovot,Hot Cinema,589
21:50,גבעה 338,גבעה 338,https://tickets.hotcinema.co.il/site/1191/tickets?code=1191-82054&languageid=en_gb,https://tickets.hotcinema.co.il/site/1191/tickets?code=1191-82054&languageid=he_IL,Regular,2D,,,2026-08-06,2026,,,106,הגבלת גיל: הותר מגיל 9,Rehovot,Hot Cinema,589
17:30,WALL·E,סינמה נוסטלגיה - וול-E,https://tickets.hotcinema.co.il/site/1191/tickets?code=1191-77693&languageid=en_gb,https://tickets.hotcinema.co.il/site/1191/tickets?code=1191-77693&languageid=he_IL,Not Just Cinema,2D,,Hebrew,2026-08-06,2008,,,98,All,Rehovot,Hot Cinema,589
19:30,גבעה 338,גבעה 338,https://tickets.hotcinema.co.il/site/1191/tickets?code=1191-82055&languageid=en_gb,https://tickets.hotcinema.co.il/site/1191/tickets?code=1191-82055&languageid=he_IL,Regular,2D,,,2026-08-07,2026,,,106,הגבלת גיל: הותר מגיל 9,Rehovot,Hot Cinema,589
21:50,גבעה 338,גבעה 338,https://tickets.hotcinema.co.il/site/1191/tickets?code=1191-82056&languageid=en_gb,https://tickets.hotcinema.co.il/site/1191/tickets?code=1191-82056&languageid=he_IL,Regular,2D,,,2026-08-07,2026,,,106,הגבלת גיל: הותר מגיל 9,Rehovot,Hot Cinema,589
19:30,גבעה 338,גבעה 338,https://tickets.hotcinema.co.il/site/1191/tickets?code=1191-82057&languageid=en_gb,https://tickets.hotcinema.co.il/site/1191/tickets?code=1191-82057&languageid=he_IL,Regular,2D,,,2026-08-08,2026,,,106,הגבלת גיל: הותר מגיל 9,Rehovot,Hot Cinema,589
21:50,גבעה 338,גבעה 338,https://tickets.hotcinema.co.il/site/1191/tickets?code=1191-82058&languageid=en_gb,https://tickets.hotcinema.co.il/site/1191/tickets?code=1191-82058&languageid=he_IL,Regular,2D,,,2026-08-08,2026,,,106,הגבלת גיל: הותר מגיל 9,Rehovot,Hot Cinema,589
16:30,Minions & Monsters,מיניונים ומפלצות,https://tickets.hotcinema.co.il/site/1191/tickets?code=1191-78350&languageid=en_gb,https://tickets.hotcinema.co.il/site/1191/tickets?code=1191-78350&languageid=he_IL,Not Just Cinema,2D,,Hebrew,2026-08-13,2026,,,90,All,Rehovot,Hot Cinema,589
20:00,Superman - 1978,סינמה נוסטלגיה - סופרמן 1978,https://tickets.hotcinema.co.il/site/1191/tickets?code=1191-78352&languageid=en_gb,https://tickets.hotcinema.co.il/site/1191/tickets?code=1191-78352&languageid=he_IL,Not Just Cinema,2D,,,2026-08-13,1978,,,143,,Rehovot,Hot Cinema,589
20:00,Superman 2 The Richard Donner Cut,סינמה נוסטלגיה - סופרמן 2 גרסת הבמאי,https://tickets.hotcinema.co.il/site/1191/tickets?code=1191-79140&languageid=en_gb,https://tickets.hotcinema.co.il/site/1191/tickets?code=1191-79140&languageid=he_IL,Not Just Cinema,2D,,,2026-08-20,2006,,,116,All,Rehovot,Hot Cinema,589
17:30,Tangled,סינמה נוסטלגיה - פלונטר,https://tickets.hotcinema.co.il/site/1191/tickets?code=1191-79144&languageid=en_gb,https://tickets.hotcinema.co.il/site/1191/tickets?code=1191-79144&languageid=he_IL,Not Just Cinema,2D,,Hebrew,2026-08-27,2010,,,100,All,Rehovot,Hot Cinema,589
17:30,Tangled,סינמה נוסטלגיה - פלונטר,https://tickets.hotcinema.co.il/site/1191/tickets?code=1191-79145&languageid=en_gb,https://tickets.hotcinema.co.il/site/1191/tickets?code=1191-79145&languageid=he_IL,Not Just Cinema,2D,,Hebrew,2026-08-28,2010,,,100,All,Rehovot,Hot Cinema,589
17:30,Tangled,סינמה נוסטלגיה - פלונטר,https://tickets.hotcinema.co.il/site/1191/tickets?code=1191-79146&languageid=en_gb,https://tickets.hotcinema.co.il/site/1191/tickets?code=1191-79146&languageid=he_IL,Not Just Cinema,2D,,Hebrew,2026-08-29,2010,,,100,All,Rehovot,Hot Cinema,589
20:00,One night only,לגמור את הלילה,https://tickets.hotcinema.co.il/site/1191/tickets?code=1191-81729&languageid=en_gb,https://tickets.hotcinema.co.il/site/1191/tickets?code=1191-81729&languageid=he_IL,Not Just Cinema,2D,,,2026-09-03,2026,,,102,14+,Rehovot,Hot Cinema,589
20:00,סינמה נוסטלגיה - גבעת חלפון אינה עונה חוגגת 50!,סינמה נוסטלגיה - גבעת חלפון אינה עונה חוגגת 50!,https://tickets.hotcinema.co.il/site/1191/tickets?code=1191-80394&languageid=en_gb,https://tickets.hotcinema.co.il/site/1191/tickets?code=1191-80394&languageid=he_IL,Not Just Cinema,2D,,,2026-09-03,1976,,,92,12+,Rehovot,Hot Cinema,589
20:00,סינמה נוסטלגיה - גבעת חלפון אינה עונה חוגגת 50!,סינמה נוסטלגיה - גבעת חלפון אינה עונה חוגגת 50!,https://tickets.hotcinema.co.il/site/1191/tickets?code=1191-80395&languageid=en_gb,https://tickets.hotcinema.co.il/site/1191/tickets?code=1191-80395&languageid=he_IL,Not Just Cinema,2D,,,2026-09-04,1976,,,92,12+,Rehovot,Hot Cinema,589
20:00,סינמה נוסטלגיה - גבעת חלפון אינה עונה חוגגת 50!,סינמה נוסטלגיה - גבעת חלפון אינה עונה חוגגת 50!,https://tickets.hotcinema.co.il/site/1191/tickets?code=1191-80396&languageid=en_gb,https://tickets.hotcinema.co.il/site/1191/tickets?code=1191-80396&languageid=he_IL,Not Just Cinema,2D,,,2026-09-05,1976,,,92,12+,Rehovot,Hot Cinema,589
20:00,Taxi Driver,סינמה נוסטלגיה - 50 שנה לסרט נהג מונית,https://tickets.hotcinema.co.il/site/1191/tickets?code=1191-79736&languageid=en_gb,https://tickets.hotcinema.co.il/site/1191/tickets?code=1191-79736&languageid=he_IL,Not Just Cinema,2D,,,2026-09-10,1976,,,114,הגבלת גיל: הותר מגיל 18 בהצגת תעודה מזהה,Rehovot,Hot Cinema,589
20:00,A Few Good Men,סינמה נוסטלגיה - בחורים טובים,https://tickets.hotcinema.co.il/site/1191/tickets?code=1191-80402&languageid=en_gb,https://tickets.hotcinema.co.il/site/1191/tickets?code=1191-80402&languageid=he_IL,Not Just Cinema,2D,,,2026-09-17,1992,,,138,12+,Rehovot,Hot Cinema,589
20:00,A Few Good Men,סינמה נוסטלגיה - בחורים טובים,https://tickets.hotcinema.co.il/site/1191/tickets?code=1191-80400&languageid=en_gb,https://tickets.hotcinema.co.il/site/1191/tickets?code=1191-80400&languageid=he_IL,Not Just Cinema,2D,,,2026-09-18,1992,,,138,12+,Rehovot,Hot Cinema,589
20:00,A Few Good Men,סינמה נוסטלגיה - בחורים טובים,https://tickets.hotcinema.co.il/site/1191/tickets?code=1191-80401&languageid=en_gb,https://tickets.hotcinema.co.il/site/1191/tickets?code=1191-80401&languageid=he_IL,Not Just Cinema,2D,,,2026-09-19,1992,,,138,12+,Rehovot,Hot Cinema,589
20:00,Ghostbusters,סינמה נוסטלגיה - מכסחי השדים,https://tickets.hotcinema.co.il/site/1191/tickets?code=1191-80404&languageid=en_gb,https://tickets.hotcinema.co.il/site/1191/tickets?code=1191-80404&languageid=he_IL,Not Just Cinema,2D,,,2026-09-24,1984,,,105,12+,Rehovot,Hot Cinema,589
22:20,Obsession,אובססיה,https://tickets.hotcinema.co.il/site/1195/tickets?code=1195-168699&languageid=en_gb,https://tickets.hotcinema.co.il/site/1195/tickets?code=1195-168699&languageid=he_IL,Regular,2D,,,2026-08-04,2026,,,108,14+,Haifa,Hot Cinema,589
11:40,Just an Illusion,אשליות מתוקות,https://tickets.hotcinema.co.il/site/1195/tickets?code=1195-168676&languageid=en_gb,https://tickets.hotcinema.co.il/site/1195/tickets?code=1195-168676&languageid=he_IL,Regular,2D,,,2026-08-04,2026,,,116,All,Haifa,Hot Cinema,589
14:40,Just an Illusion,אשליות מתוקות,https://tickets.hotcinema.co.il/site/1195/tickets?code=1195-168675&languageid=en_gb,https://tickets.hotcinema.co.il/site/1195/tickets?code=1195-168675&languageid=he_IL,Regular,2D,,,2026-08-04,2026,,,116,All,Haifa,Hot Cinema,589
17:10,Just an Illusion,אשליות מתוקות,https://tickets.hotcinema.co.il/site/1195/tickets?code=1195-168674&languageid=en_gb,https://tickets.hotcinema.co.il/site/1195/tickets?code=1195-168674&languageid=he_IL,Regular,2D,,,2026-08-04,2026,,,116,All,Haifa,Hot Cinema,589
19:40,Just an Illusion,אשליות מתוקות,https://tickets.hotcinema.co.il/site/1195/tickets?code=1195-168673&languageid=en_gb,https://tickets.hotcinema.co.il/site/1195/tickets?code=1195-168673&languageid=he_IL,Regular,2D,,,2026-08-04,2026,,,116,All,Haifa,Hot Cinema,589
22:10,I Want Your Sex,בוסית בהפרעה,https://tickets.hotcinema.co.il/site/1195/tickets?code=1195-168754&languageid=en_gb,https://tickets.hotcinema.co.il/site/1195/tickets?code=1195-168754&languageid=he_IL,Regular,2D,,,2026-08-04,2026,,,90,16+,Haifa,Hot Cinema,589
10:30,The Odyssey,האודיסאה,https://tickets.hotcinema.co.il/site/1195/tickets?code=1195-168746&languageid=en_gb,https://tickets.hotcinema.co.il/site/1195/tickets?code=1195-168746&languageid=he_IL,Regular,2D,,,2026-08-04,2026,,,172,14+,Haifa,Hot Cinema,589
13:10,The Odyssey,האודיסאה,https://tickets.hotcinema.co.il/site/1195/tickets?code=1195-168731&languageid=en_gb,https://tickets.hotcinema.co.il/site/1195/tickets?code=1195-168731&languageid=he_IL,Regular,2D,,,2026-08-04,2026,,,172,14+,Haifa,Hot Cinema,589
14:15,The Odyssey,האודיסאה,https://tickets.hotcinema.co.il/site/1195/tickets?code=1195-168747&languageid=en_gb,https://tickets.hotcinema.co.il/site/1195/tickets?code=1195-168747&languageid=he_IL,Regular,2D,,,2026-08-04,2026,,,172,14+,Haifa,Hot Cinema,589
16:40,The Odyssey,האודיסאה,https://tickets.hotcinema.co.il/site/1195/tickets?code=1195-168730&languageid=en_gb,https://tickets.hotcinema.co.il/site/1195/tickets?code=1195-168730&languageid=he_IL,Regular,2D,,,2026-08-04,2026,,,172,14+,Haifa,Hot Cinema,589
18:10,The Odyssey,האודיסאה,https://tickets.hotcinema.co.il/site/1195/tickets?code=1195-168748&languageid=en_gb,https://tickets.hotcinema.co.il/site/1195/tickets?code=1195-168748&languageid=he_IL,Regular,2D,,,2026-08-04,2026,,,172,14+,Haifa,Hot Cinema,589
19:10,The Odyssey,האודיסאה,https://tickets.hotcinema.co.il/site/1195/tickets?code=1195-168741&languageid=en_gb,https://tickets.hotcinema.co.il/site/1195/tickets?code=1195-168741&languageid=he_IL,Regular,2D,,,2026-08-04,2026,,,172,14+,Haifa,Hot Cinema,589
20:10,The Odyssey,האודיסאה,https://tickets.hotcinema.co.il/site/1195/tickets?code=1195-168729&languageid=en_gb,https://tickets.hotcinema.co.il/site/1195/tickets?code=1195-168729&languageid=he_IL,Regular,2D,,,2026-08-04,2026,,,172,14+,Haifa,Hot Cinema,589
21:45,The Odyssey,האודיסאה,https://tickets.hotcinema.co.il/site/1195/tickets?code=1195-168749&languageid=en_gb,https://tickets.hotcinema.co.il/site/1195/tickets?code=1195-168749&languageid=he_IL,Regular,2D,,,2026-08-04,2026,,,172,14+,Haifa,Hot Cinema,589
19:25,The Invite,ההזמנה,https://tickets.hotcinema.co.il/site/1195/tickets?code=1195-168755&languageid=en_gb,https://tickets.hotcinema.co.il/site/1195/tickets?code=1195-168755&languageid=he_IL,Regular,2D,,,2026-08-04,2026,,,107,14+,Haifa,Hot Cinema,589
22:00,The Invite,ההזמנה,https://tickets.hotcinema.co.il/site/1195/tickets?code=1195-168688&languageid=en_gb,https://tickets.hotcinema.co.il/site/1195/tickets?code=1195-168688&languageid=he_IL,Regular,2D,,,2026-08-04,2026,,,107,14+,Haifa,Hot Cinema,589
14:15,A missing part,החלק החסר,https://tickets.hotcinema.co.il/site/1195/tickets?code=1195-168725&languageid=en_gb,https://tickets.hotcinema.co.il/site/1195/tickets?code=1195-168725&languageid=he_IL,Regular,2D,,,2026-08-04,2024,,,98,All,Haifa,Hot Cinema,589
16:30,A missing part,החלק החסר,https://tickets.hotcinema.co.il/site/1195/tickets?code=1195-168724&languageid=en_gb,https://tickets.hotcinema.co.il/site/1195/tickets?code=1195-168724&languageid=he_IL,Regular,2D,,,2026-08-04,2024,,,98,All,Haifa,Hot Cinema,589
18:40,A missing part,החלק החסר,https://tickets.hotcinema.co.il/site/1195/tickets?code=1195-168722&languageid=en_gb,https://tickets.hotcinema.co.il/site/1195/tickets?code=1195-168722&languageid=he_IL,Regular,2D,,,2026-08-04,2024,,,98,All,Haifa,Hot Cinema,589
20:50,A missing part,החלק החסר,https://tickets.hotcinema.co.il/site/1195/tickets?code=1195-168723&languageid=en_gb,https://tickets.hotcinema.co.il/site/1195/tickets?code=1195-168723&languageid=he_IL,Regular,2D,,,2026-08-04,2024,,,98,All,Haifa,Hot Cinema,589
10:10,THE MAGICAL FARAWAY TREE,המסע המופלא לעץ הקסמים,https://tickets.hotcinema.co.il/site/1195/tickets?code=1195-168715&languageid=en_gb,https://tickets.hotcinema.co.il/site/1195/tickets?code=1195-168715&languageid=he_IL,Regular,2D,,Hebrew,2026-08-04,2026,,,110,All,Haifa,Hot Cinema,589
12:35,THE MAGICAL FARAWAY TREE,המסע המופלא לעץ הקסמים,https://tickets.hotcinema.co.il/site/1195/tickets?code=1195-168714&languageid=en_gb,https://tickets.hotcinema.co.il/site/1195/tickets?code=1195-168714&languageid=he_IL,Regular,2D,,Hebrew,2026-08-04,2026,,,110,All,Haifa,Hot Cinema,589
15:00,THE MAGICAL FARAWAY TREE,המסע המופלא לעץ הקסמים,https://tickets.hotcinema.co.il/site/1195/tickets?code=1195-168713&languageid=en_gb,https://tickets.hotcinema.co.il/site/1195/tickets?code=1195-168713&languageid=he_IL,Regular,2D,,Hebrew,2026-08-04,2026,,,110,All,Haifa,Hot Cinema,589
17:25,THE MAGICAL FARAWAY TREE,המסע המופלא לעץ הקסמים,https://tickets.hotcinema.co.il/site/1195/tickets?code=1195-168712&languageid=en_gb,https://tickets.hotcinema.co.il/site/1195/tickets?code=1195-168712&languageid=he_IL,Regular,2D,,Hebrew,2026-08-04,2026,,,110,All,Haifa,Hot Cinema,589
19:50,American Hina,חינה אמריקאית,https://tickets.hotcinema.co.il/site/1195/tickets?code=1195-168711&languageid=en_gb,https://tickets.hotcinema.co.il/site/1195/tickets?code=1195-168711&languageid=he_IL,Regular,2D,,,2026-08-04,2026,,,100,All,Haifa,Hot Cinema,589
22:00,American Hina,חינה אמריקאית,https://tickets.hotcinema.co.il/site/1195/tickets?code=1195-168710&languageid=en_gb,https://tickets.hotcinema.co.il/site/1195/tickets?code=1195-168710&languageid=he_IL,Regular,2D,,,2026-08-04,2026,,,100,All,Haifa,Hot Cinema,589
10:20,Tafiti: Across the Desert,טפיטי: הרפתקה במדבר,https://tickets.hotcinema.co.il/site/1195/tickets?code=1195-168687&languageid=en_gb,https://tickets.hotcinema.co.il/site/1195/tickets?code=1195-168687&languageid=he_IL,Regular,2D,,,2026-08-04,,,,81,הגבלת גיל: עד גיל 8 בליווי מבוגר,Haifa,Hot Cinema,589
12:15,Tafiti: Across the Desert,טפיטי: הרפתקה במדבר,https://tickets.hotcinema.co.il/site/1195/tickets?code=1195-168686&languageid=en_gb,https://tickets.hotcinema.co.il/site/1195/tickets?code=1195-168686&languageid=he_IL,Regular,2D,,,2026-08-04,,,,81,הגבלת גיל: עד גיל 8 בליווי מבוגר,Haifa,Hot Cinema,589
10:45,Diamonds,יהלומים,https://tickets.hotcinema.co.il/site/1195/tickets?code=1195-168753&languageid=en_gb,https://tickets.hotcinema.co.il/site/1195/tickets?code=1195-168753&languageid=he_IL,Regular,2D,,,2026-08-04,2024,,,135,All,Haifa,Hot Cinema,589
12:30,Diamonds,יהלומים,https://tickets.hotcinema.co.il/site/1195/tickets?code=1195-168760&languageid=en_gb,https://tickets.hotcinema.co.il/site/1195/tickets?code=1195-168760&languageid=he_IL,Regular,2D,,,2026-08-04,2024,,,135,All,Haifa,Hot Cinema,589
13:40,Diamonds,יהלומים,https://tickets.hotcinema.co.il/site/1195/tickets?code=1195-168752&languageid=en_gb,https://tickets.hotcinema.co.il/site/1195/tickets?code=1195-168752&languageid=he_IL,Regular,2D,,,2026-08-04,2024,,,135,All,Haifa,Hot Cinema,589
16:30,Diamonds,יהלומים,https://tickets.hotcinema.co.il/site/1195/tickets?code=1195-168751&languageid=en_gb,https://tickets.hotcinema.co.il/site/1195/tickets?code=1195-168751&languageid=he_IL,Regular,2D,,,2026-08-04,2024,,,135,All,Haifa,Hot Cinema,589
19:20,Diamonds,יהלומים,https://tickets.hotcinema.co.il/site/1195/tickets?code=1195-168750&languageid=en_gb,https://tickets.hotcinema.co.il/site/1195/tickets?code=1195-168750&languageid=he_IL,Regular,2D,,,2026-08-04,2024,,,135,All,Haifa,Hot Cinema,589
10:30,For the Love of a Woman,כימים אחדים,https://tickets.hotcinema.co.il/site/1195/tickets?code=1195-168707&languageid=en_gb,https://tickets.hotcinema.co.il/site/1195/tickets?code=1195-168707&languageid=he_IL,Regular,2D,,,2026-08-04,2025,,,117,הגבלת גיל: הותר מגיל 9,Haifa,Hot Cinema,589
13:00,For the Love of a Woman,כימים אחדים,https://tickets.hotcinema.co.il/site/1195/tickets?code=1195-168706&languageid=en_gb,https://tickets.hotcinema.co.il/site/1195/tickets?code=1195-168706&languageid=he_IL,Regular,2D,,,2026-08-04,2025,,,117,הגבלת גיל: הותר מגיל 9,Haifa,Hot Cinema,589
15:30,For the Love of a Woman,כימים אחדים,https://tickets.hotcinema.co.il/site/1195/tickets?code=1195-168705&languageid=en_gb,https://tickets.hotcinema.co.il/site/1195/tickets?code=1195-168705&languageid=he_IL,Regular,2D,,,2026-08-04,2025,,,117,הגבלת גיל: הותר מגיל 9,Haifa,Hot Cinema,589
19:45,For the Love of a Woman,כימים אחדים,https://tickets.hotcinema.co.il/site/1195/tickets?code=1195-168704&languageid=en_gb,https://tickets.hotcinema.co.il/site/1195/tickets?code=1195-168704&languageid=he_IL,Regular,2D,,,2026-08-04,2025,,,117,הגבלת גיל: הותר מגיל 9,Haifa,Hot Cinema,589
10:40,מאמא,מאמא,https://tickets.hotcinema.co.il/site/1195/tickets?code=1195-168720&languageid=en_gb,https://tickets.hotcinema.co.il/site/1195/tickets?code=1195-168720&languageid=he_IL,Regular,2D,,,2026-08-04,2026,,,92,12+,Haifa,Hot Cinema,589
12:45,מאמא,מאמא,https://tickets.hotcinema.co.il/site/1195/tickets?code=1195-168719&languageid=en_gb,https://tickets.hotcinema.co.il/site/1195/tickets?code=1195-168719&languageid=he_IL,Regular,2D,,,2026-08-04,2026,,,92,12+,Haifa,Hot Cinema,589
14:50,מאמא,מאמא,https://tickets.hotcinema.co.il/site/1195/tickets?code=1195-168718&languageid=en_gb,https://tickets.hotcinema.co.il/site/1195/tickets?code=1195-168718&languageid=he_IL,Regular,2D,,,2026-08-04,2026,,,92,12+,Haifa,Hot Cinema,589
17:00,מאמא,מאמא,https://tickets.hotcinema.co.il/site/1195/tickets?code=1195-168683&languageid=en_gb,https://tickets.hotcinema.co.il/site/1195/tickets?code=1195-168683&languageid=he_IL,Regular,2D,,,2026-08-04,2026,,,92,12+,Haifa,Hot Cinema,589
19:45,מאמא,מאמא,https://tickets.hotcinema.co.il/site/1195/tickets?code=1195-168717&languageid=en_gb,https://tickets.hotcinema.co.il/site/1195/tickets?code=1195-168717&languageid=he_IL,Regular,2D,,,2026-08-04,2026,,,92,12+,Haifa,Hot Cinema,589
10:40,Moana (Live Action),מואנה לייב אקשן,https://tickets.hotcinema.co.il/site/1195/tickets?code=1195-168728&languageid=en_gb,https://tickets.hotcinema.co.il/site/1195/tickets?code=1195-168728&languageid=he_IL,Regular,2D,,Hebrew,2026-08-04,2026,,,115,All,Haifa,Hot Cinema,589
17:00,Moana (Live Action),מואנה לייב אקשן,https://tickets.hotcinema.co.il/site/1195/tickets?code=1195-168716&languageid=en_gb,https://tickets.hotcinema.co.il/site/1195/tickets?code=1195-168716&languageid=he_IL,Regular,2D,,Hebrew,2026-08-04,2026,,,115,All,Haifa,Hot Cinema,589
21:50,Motor City,מוטור סיטי,https://tickets.hotcinema.co.il/site/1195/tickets?code=1195-168721&languageid=en_gb,https://tickets.hotcinema.co.il/site/1195/tickets?code=1195-168721&languageid=he_IL,Regular,2D,,,2026-08-04,2025,,,103,16+,Haifa,Hot Cinema,589
11:15,Minions & Monsters,מיניונים ומפלצות,https://tickets.hotcinema.co.il/site/1195/tickets?code=1195-168694&languageid=en_gb,https://tickets.hotcinema.co.il/site/1195/tickets?code=1195-168694&languageid=he_IL,Regular,2D,,Hebrew,2026-08-04,2026,,,90,All,Haifa,Hot Cinema,589
13:20,Minions & Monsters,מיניונים ומפלצות,https://tickets.hotcinema.co.il/site/1195/tickets?code=1195-168693&languageid=en_gb,https://tickets.hotcinema.co.il/site/1195/tickets?code=1195-168693&languageid=he_IL,Regular,2D,,Hebrew,2026-08-04,2026,,,90,All,Haifa,Hot Cinema,589
15:30,Minions & Monsters,מיניונים ומפלצות,https://tickets.hotcinema.co.il/site/1195/tickets?code=1195-168692&languageid=en_gb,https://tickets.hotcinema.co.il/site/1195/tickets?code=1195-168692&languageid=he_IL,Regular,2D,,Hebrew,2026-08-04,2026,,,90,All,Haifa,Hot Cinema,589
17:35,Minions & Monsters,מיניונים ומפלצות,https://tickets.hotcinema.co.il/site/1195/tickets?code=1195-168691&languageid=en_gb,https://tickets.hotcinema.co.il/site/1195/tickets?code=1195-168691&languageid=he_IL,Regular,2D,,Hebrew,2026-08-04,2026,,,90,All,Haifa,Hot Cinema,589
20:00,I Want Your Sex,בוסית בהפרעה,https://tickets.hotcinema.co.il/site/1195/tickets?code=1195-168514&languageid=en_gb,https://tickets.hotcinema.co.il/site/1195/tickets?code=1195-168514&languageid=he_IL,Regular,2D,,,2026-08-05,2026,,,90,16+,Haifa,Hot Cinema,589
22:00,I Want Your Sex,בוסית בהפרעה,https://tickets.hotcinema.co.il/site/1195/tickets?code=1195-168513&languageid=en_gb,https://tickets.hotcinema.co.il/site/1195/tickets?code=1195-168513&languageid=he_IL,Regular,2D,,,2026-08-05,2026,,,90,16+,Haifa,Hot Cinema,589
10:10,The Odyssey,האודיסאה,https://tickets.hotcinema.co.il/site/1195/tickets?code=1195-168488&languageid=en_gb,https://tickets.hotcinema.co.il/site/1195/tickets?code=1195-168488&languageid=he_IL,Regular,2D,,,2026-08-05,2026,,,172,14+,Haifa,Hot Cinema,589
12:50,The Odyssey,האודיסאה,https://tickets.hotcinema.co.il/site/1195/tickets?code=1195-168507&languageid=en_gb,https://tickets.hotcinema.co.il/site/1195/tickets?code=1195-168507&languageid=he_IL,Regular,2D,,,2026-08-05,2026,,,172,14+,Haifa,Hot Cinema,589
13:40,The Odyssey,האודיסאה,https://tickets.hotcinema.co.il/site/1195/tickets?code=1195-168490&languageid=en_gb,https://tickets.hotcinema.co.il/site/1195/tickets?code=1195-168490&languageid=he_IL,Regular,2D,,,2026-08-05,2026,,,172,14+,Haifa,Hot Cinema,589
16:40,The Odyssey,האודיסאה,https://tickets.hotcinema.co.il/site/1195/tickets?code=1195-168506&languageid=en_gb,https://tickets.hotcinema.co.il/site/1195/tickets?code=1195-168506&languageid=he_IL,Regular,2D,,,2026-08-05,2026,,,172,14+,Haifa,Hot Cinema,589
17:10,The Odyssey,האודיסאה,https://tickets.hotcinema.co.il/site/1195/tickets?code=1195-168489&languageid=en_gb,https://tickets.hotcinema.co.il/site/1195/tickets?code=1195-168489&languageid=he_IL,Regular,2D,,,2026-08-05,2026,,,172,14+,Haifa,Hot Cinema,589
20:00,The Odyssey,האודיסאה,https://tickets.hotcinema.co.il/site/1195/tickets?code=1195-168501&languageid=en_gb,https://tickets.hotcinema.co.il/site/1195/tickets?code=1195-168501&languageid=he_IL,Regular,2D,,,2026-08-05,2026,,,172,14+,Haifa,Hot Cinema,589
20:45,The Invite,ההזמנה,https://tickets.hotcinema.co.il/site/1195/tickets?code=1195-168482&languageid=en_gb,https://tickets.hotcinema.co.il/site/1195/tickets?code=1195-168482&languageid=he_IL,Regular,2D,,,2026-08-05,2026,,,107,14+,Haifa,Hot Cinema,589
18:40,A missing part,החלק החסר,https://tickets.hotcinema.co.il/site/1195/tickets?code=1195-168483&languageid=en_gb,https://tickets.hotcinema.co.il/site/1195/tickets?code=1195-168483&languageid=he_IL,Regular,2D,,,2026-08-05,2024,,,98,All,Haifa,Hot Cinema,589
10:20,THE MAGICAL FARAWAY TREE,המסע המופלא לעץ הקסמים,https://tickets.hotcinema.co.il/site/1195/tickets?code=1195-168475&languageid=en_gb,https://tickets.hotcinema.co.il/site/1195/tickets?code=1195-168475&languageid=he_IL,Regular,2D,,Hebrew,2026-08-05,2026,,,110,All,Haifa,Hot Cinema,589
12:45,THE MAGICAL FARAWAY TREE,המסע המופלא לעץ הקסמים,https://tickets.hotcinema.co.il/site/1195/tickets?code=1195-168474&languageid=en_gb,https://tickets.hotcinema.co.il/site/1195/tickets?code=1195-168474&languageid=he_IL,Regular,2D,,Hebrew,2026-08-05,2026,,,110,All,Haifa,Hot Cinema,589
15:10,THE MAGICAL FARAWAY TREE,המסע המופלא לעץ הקסמים,https://tickets.hotcinema.co.il/site/1195/tickets?code=1195-168473&languageid=en_gb,https://tickets.hotcinema.co.il/site/1195/tickets?code=1195-168473&languageid=he_IL,Regular,2D,,Hebrew,2026-08-05,2026,,,110,All,Haifa,Hot Cinema,589
20:15,American Hina,חינה אמריקאית,https://tickets.hotcinema.co.il/site/1195/tickets?code=1195-168472&languageid=en_gb,https://tickets.hotcinema.co.il/site/1195/tickets?code=1195-168472&languageid=he_IL,Regular,2D,,,2026-08-05,2026,,,100,All,Haifa,Hot Cinema,589
21:30,American Hina,חינה אמריקאית,https://tickets.hotcinema.co.il/site/1195/tickets?code=1195-168448&languageid=en_gb,https://tickets.hotcinema.co.il/site/1195/tickets?code=1195-168448&languageid=he_IL,Regular,2D,,,2026-08-05,2026,,,100,All,Haifa,Hot Cinema,589
11:00,Tafiti: Across the Desert,טפיטי: הרפתקה במדבר,https://tickets.hotcinema.co.il/site/1195/tickets?code=1195-168451&languageid=en_gb,https://tickets.hotcinema.co.il/site/1195/tickets?code=1195-168451&languageid=he_IL,Regular,2D,,,2026-08-05,,,,81,הגבלת גיל: עד גיל 8 בליווי מבוגר,Haifa,Hot Cinema,589
13:10,Tafiti: Across the Desert,טפיטי: הרפתקה במדבר,https://tickets.hotcinema.co.il/site/1195/tickets?code=1195-168450&languageid=en_gb,https://tickets.hotcinema.co.il/site/1195/tickets?code=1195-168450&languageid=he_IL,Regular,2D,,,2026-08-05,,,,81,הגבלת גיל: עד גיל 8 בליווי מבוגר,Haifa,Hot Cinema,589
15:15,Tafiti: Across the Desert,טפיטי: הרפתקה במדבר,https://tickets.hotcinema.co.il/site/1195/tickets?code=1195-168449&languageid=en_gb,https://tickets.hotcinema.co.il/site/1195/tickets?code=1195-168449&languageid=he_IL,Regular,2D,,,2026-08-05,,,,81,הגבלת גיל: עד גיל 8 בליווי מבוגר,Haifa,Hot Cinema,589
20:00,The Get Out,לצאת מהמשחק,https://tickets.hotcinema.co.il/site/1195/tickets?code=1195-159048&languageid=en_gb,https://tickets.hotcinema.co.il/site/1195/tickets?code=1195-159048&languageid=he_IL,Not Just Cinema,2D,,,2026-08-05,2026,,,101,14+,Haifa,Hot Cinema,589
19:15,מאמא,מאמא,https://tickets.hotcinema.co.il/site/1195/tickets?code=1195-168447&languageid=en_gb,https://tickets.hotcinema.co.il/site/1195/tickets?code=1195-168447&languageid=he_IL,Regular,2D,,,2026-08-05,2026,,,92,12+,Haifa,Hot Cinema,589
14:15,Moana (Live Action),מואנה לייב אקשן,https://tickets.hotcinema.co.il/site/1195/tickets?code=1195-168479&languageid=en_gb,https://tickets.hotcinema.co.il/site/1195/tickets?code=1195-168479&languageid=he_IL,Regular,2D,,,2026-08-05,2026,,,115,All,Haifa,Hot Cinema,589
10:20,Moana (Live Action),מואנה לייב אקשן,https://tickets.hotcinema.co.il/site/1195/tickets?code=1195-168508&languageid=en_gb,https://tickets.hotcinema.co.il/site/1195/tickets?code=1195-168508&languageid=he_IL,Regular,2D,,Hebrew,2026-08-05,2026,,,115,All,Haifa,Hot Cinema,589
11:45,Moana (Live Action),מואנה לייב אקשן,https://tickets.hotcinema.co.il/site/1195/tickets?code=1195-168478&languageid=en_gb,https://tickets.hotcinema.co.il/site/1195/tickets?code=1195-168478&languageid=he_IL,Regular,2D,,Hebrew,2026-08-05,2026,,,115,All,Haifa,Hot Cinema,589
17:00,Moana (Live Action),מואנה לייב אקשן,https://tickets.hotcinema.co.il/site/1195/tickets?code=1195-168477&languageid=en_gb,https://tickets.hotcinema.co.il/site/1195/tickets?code=1195-168477&languageid=he_IL,Regular,2D,,Hebrew,2026-08-05,2026,,,115,All,Haifa,Hot Cinema,589
19:30,Motor City,מוטור סיטי,https://tickets.hotcinema.co.il/site/1195/tickets?code=1195-168480&languageid=en_gb,https://tickets.hotcinema.co.il/site/1195/tickets?code=1195-168480&languageid=he_IL,Regular,2D,,,2026-08-05,2025,,,103,16+,Haifa,Hot Cinema,589
21:45,Motor City,מוטור סיטי,https://tickets.hotcinema.co.il/site/1195/tickets?code=1195-168481&languageid=en_gb,https://tickets.hotcinema.co.il/site/1195/tickets?code=1195-168481&languageid=he_IL,Regular,2D,,,2026-08-05,2025,,,103,16+,Haifa,Hot Cinema,589
15:40,Minions & Monsters,מיניונים ומפלצות,https://tickets.hotcinema.co.il/site/1195/tickets?code=1195-168509&languageid=en_gb,https://tickets.hotcinema.co.il/site/1195/tickets?code=1195-168509&languageid=he_IL,Regular,2D,,,2026-08-05,2026,,,90,All,Haifa,Hot Cinema,589
10:15,Minions & Monsters,מיניונים ומפלצות,https://tickets.hotcinema.co.il/site/1195/tickets?code=1195-168492&languageid=en_gb,https://tickets.hotcinema.co.il/site/1195/tickets?code=1195-168492&languageid=he_IL,Regular,2D,,Hebrew,2026-08-05,2026,,,90,All,Haifa,Hot Cinema,589
11:15,Minions & Monsters,מיניונים ומפלצות,https://tickets.hotcinema.co.il/site/1195/tickets?code=1195-168457&languageid=en_gb,https://tickets.hotcinema.co.il/site/1195/tickets?code=1195-168457&languageid=he_IL,Regular,2D,,Hebrew,2026-08-05,2026,,,90,All,Haifa,Hot Cinema,589
12:30,Minions & Monsters,מיניונים ומפלצות,https://tickets.hotcinema.co.il/site/1195/tickets?code=1195-168487&languageid=en_gb,https://tickets.hotcinema.co.il/site/1195/tickets?code=1195-168487&languageid=he_IL,Regular,2D,,Hebrew,2026-08-05,2026,,,90,All,Haifa,Hot Cinema,589
13:20,Minions & Monsters,מיניונים ומפלצות,https://tickets.hotcinema.co.il/site/1195/tickets?code=1195-168456&languageid=en_gb,https://tickets.hotcinema.co.il/site/1195/tickets?code=1195-168456&languageid=he_IL,Regular,2D,,Hebrew,2026-08-05,2026,,,90,All,Haifa,Hot Cinema,589
15:30,Minions & Monsters,מיניונים ומפלצות,https://tickets.hotcinema.co.il/site/1195/tickets?code=1195-168455&languageid=en_gb,https://tickets.hotcinema.co.il/site/1195/tickets?code=1195-168455&languageid=he_IL,Regular,2D,,Hebrew,2026-08-05,2026,,,90,All,Haifa,Hot Cinema,589
16:40,Minions & Monsters,מיניונים ומפלצות,https://tickets.hotcinema.co.il/site/1195/tickets?code=1195-168484&languageid=en_gb,https://tickets.hotcinema.co.il/site/1195/tickets?code=1195-168484&languageid=he_IL,Regular,2D,,Hebrew,2026-08-05,2026,,,90,All,Haifa,Hot Cinema,589
17:35,Minions & Monsters,מיניונים ומפלצות,https://tickets.hotcinema.co.il/site/1195/tickets?code=1195-168454&languageid=en_gb,https://tickets.hotcinema.co.il/site/1195/tickets?code=1195-168454&languageid=he_IL,Regular,2D,,Hebrew,2026-08-05,2026,,,90,All,Haifa,Hot Cinema,589
19:30,גבעה 338,גבעה 338,https://tickets.hotcinema.co.il/site/1195/tickets?code=1195-169630&languageid=en_gb,https://tickets.hotcinema.co.il/site/1195/tickets?code=1195-169630&languageid=he_IL,Regular,2D,,,2026-08-06,2026,,,106,הגבלת גיל: הותר מגיל 9,Haifa,Hot Cinema,589
20:30,גבעה 338,גבעה 338,https://tickets.hotcinema.co.il/site/1195/tickets?code=1195-169631&languageid=en_gb,https://tickets.hotcinema.co.il/site/1195/tickets?code=1195-169631&languageid=he_IL,Regular,2D,,,2026-08-06,2026,,,106,הגבלת גיל: הותר מגיל 9,Haifa,Hot Cinema,589
21:50,גבעה 338,גבעה 338,https://tickets.hotcinema.co.il/site/1195/tickets?code=1195-169632&languageid=en_gb,https://tickets.hotcinema.co.il/site/1195/tickets?code=1195-169632&languageid=he_IL,Regular,2D,,,2026-08-06,2026,,,106,הגבלת גיל: הותר מגיל 9,Haifa,Hot Cinema,589
17:30,WALL·E,סינמה נוסטלגיה - וול-E,https://tickets.hotcinema.co.il/site/1195/tickets?code=1195-160315&languageid=en_gb,https://tickets.hotcinema.co.il/site/1195/tickets?code=1195-160315&languageid=he_IL,Not Just Cinema,2D,,Hebrew,2026-08-06,2008,,,98,All,Haifa,Hot Cinema,589
18:00,Spider-Man: Brand new day,ספיידרמן: יום חדש,https://tickets.hotcinema.co.il/site/1195/tickets?code=1195-169597&languageid=en_gb,https://tickets.hotcinema.co.il/site/1195/tickets?code=1195-169597&languageid=he_IL,Regular,2D,,,2026-08-06,2026,,,145,All,Haifa,Hot Cinema,589
21:00,Spider-Man: Brand new day,ספיידרמן: יום חדש,https://tickets.hotcinema.co.il/site/1195/tickets?code=1195-169598&languageid=en_gb,https://tickets.hotcinema.co.il/site/1195/tickets?code=1195-169598&languageid=he_IL,Regular,2D,,,2026-08-06,2026,,,145,All,Haifa,Hot Cinema,589
19:30,גבעה 338,גבעה 338,https://tickets.hotcinema.co.il/site/1195/tickets?code=1195-169626&languageid=en_gb,https://tickets.hotcinema.co.il/site/1195/tickets?code=1195-169626&languageid=he_IL,Regular,2D,,,2026-08-07,2026,,,106,הגבלת גיל: הותר מגיל 9,Haifa,Hot Cinema,589
20:30,גבעה 338,גבעה 338,https://tickets.hotcinema.co.il/site/1195/tickets?code=1195-169628&languageid=en_gb,https://tickets.hotcinema.co.il/site/1195/tickets?code=1195-169628&languageid=he_IL,Regular,2D,,,2026-08-07,2026,,,106,הגבלת גיל: הותר מגיל 9,Haifa,Hot Cinema,589
21:50,גבעה 338,גבעה 338,https://tickets.hotcinema.co.il/site/1195/tickets?code=1195-169627&languageid=en_gb,https://tickets.hotcinema.co.il/site/1195/tickets?code=1195-169627&languageid=he_IL,Regular,2D,,,2026-08-07,2026,,,106,הגבלת גיל: הותר מגיל 9,Haifa,Hot Cinema,589
17:15,Spider-Man: Brand new day,ספיידרמן: יום חדש,https://tickets.hotcinema.co.il/site/1195/tickets?code=1195-169599&languageid=en_gb,https://tickets.hotcinema.co.il/site/1195/tickets?code=1195-169599&languageid=he_IL,Regular,2D,,,2026-08-07,2026,,,145,All,Haifa,Hot Cinema,589
20:15,Spider-Man: Brand new day,ספיידרמן: יום חדש,https://tickets.hotcinema.co.il/site/1195/tickets?code=1195-169600&languageid=en_gb,https://tickets.hotcinema.co.il/site/1195/tickets?code=1195-169600&languageid=he_IL,Regular,2D,,,2026-08-07,2026,,,145,All,Haifa,Hot Cinema,589
19:30,גבעה 338,גבעה 338,https://tickets.hotcinema.co.il/site/1195/tickets?code=1195-169624&languageid=en_gb,https://tickets.hotcinema.co.il/site/1195/tickets?code=1195-169624&languageid=he_IL,Regular,2D,,,2026-08-08,2026,,,106,הגבלת גיל: הותר מגיל 9,Haifa,Hot Cinema,589
20:30,גבעה 338,גבעה 338,https://tickets.hotcinema.co.il/site/1195/tickets?code=1195-169629&languageid=en_gb,https://tickets.hotcinema.co.il/site/1195/tickets?code=1195-169629&languageid=he_IL,Regular,2D,,,2026-08-08,2026,,,106,הגבלת גיל: הותר מגיל 9,Haifa,Hot Cinema,589
21:50,גבעה 338,גבעה 338,https://tickets.hotcinema.co.il/site/1195/tickets?code=1195-169625&languageid=en_gb,https://tickets.hotcinema.co.il/site/1195/tickets?code=1195-169625&languageid=he_IL,Regular,2D,,,2026-08-08,2026,,,106,הגבלת גיל: הותר מגיל 9,Haifa,Hot Cinema,589
20:10,The Odyssey,האודיסאה,https://tickets.hotcinema.co.il/site/1195/tickets?code=1195-169603&languageid=en_gb,https://tickets.hotcinema.co.il/site/1195/tickets?code=1195-169603&languageid=he_IL,Regular,2D,,,2026-08-08,2026,,,172,14+,Haifa,Hot Cinema,589
17:15,Spider-Man: Brand new day,ספיידרמן: יום חדש,https://tickets.hotcinema.co.il/site/1195/tickets?code=1195-169601&languageid=en_gb,https://tickets.hotcinema.co.il/site/1195/tickets?code=1195-169601&languageid=he_IL,Regular,2D,,,2026-08-08,2026,,,145,All,Haifa,Hot Cinema,589
20:15,Spider-Man: Brand new day,ספיידרמן: יום חדש,https://tickets.hotcinema.co.il/site/1195/tickets?code=1195-169602&languageid=en_gb,https://tickets.hotcinema.co.il/site/1195/tickets?code=1195-169602&languageid=he_IL,Regular,2D,,,2026-08-08,2026,,,145,All,Haifa,Hot Cinema,589
20:00,Pretty Woman,סינמה נוסטלגיה - אישה יפה,https://tickets.hotcinema.co.il/site/1195/tickets?code=1195-159741&languageid=en_gb,https://tickets.hotcinema.co.il/site/1195/tickets?code=1195-159741&languageid=he_IL,Not Just Cinema,2D,,,2026-08-13,1990,,,119,16+,Haifa,Hot Cinema,589
20:00,Superman - 1978,סינמה נוסטלגיה - סופרמן 1978,https://tickets.hotcinema.co.il/site/1195/tickets?code=1195-161647&languageid=en_gb,https://tickets.hotcinema.co.il/site/1195/tickets?code=1195-161647&languageid=he_IL,Not Just Cinema,2D,,,2026-08-13,1978,,,143,,Haifa,Hot Cinema,589
20:00,Superman 2 The Richard Donner Cut,סינמה נוסטלגיה - סופרמן 2 גרסת הבמאי,https://tickets.hotcinema.co.il/site/1195/tickets?code=1195-163233&languageid=en_gb,https://tickets.hotcinema.co.il/site/1195/tickets?code=1195-163233&languageid=he_IL,Not Just Cinema,2D,,,2026-08-20,2006,,,116,All,Haifa,Hot Cinema,589
17:30,Tangled,סינמה נוסטלגיה - פלונטר,https://tickets.hotcinema.co.il/site/1195/tickets?code=1195-163237&languageid=en_gb,https://tickets.hotcinema.co.il/site/1195/tickets?code=1195-163237&languageid=he_IL,Not Just Cinema,2D,,Hebrew,2026-08-27,2010,,,100,All,Haifa,Hot Cinema,589
17:30,Tangled,סינמה נוסטלגיה - פלונטר,https://tickets.hotcinema.co.il/site/1195/tickets?code=1195-163239&languageid=en_gb,https://tickets.hotcinema.co.il/site/1195/tickets?code=1195-163239&languageid=he_IL,Not Just Cinema,2D,,Hebrew,2026-08-28,2010,,,100,All,Haifa,Hot Cinema,589
17:30,Tangled,סינמה נוסטלגיה - פלונטר,https://tickets.hotcinema.co.il/site/1195/tickets?code=1195-163238&languageid=en_gb,https://tickets.hotcinema.co.il/site/1195/tickets?code=1195-163238&languageid=he_IL,Not Just Cinema,2D,,Hebrew,2026-08-29,2010,,,100,All,Haifa,Hot Cinema,589
20:00,סינמה נוסטלגיה - גבעת חלפון אינה עונה חוגגת 50!,סינמה נוסטלגיה - גבעת חלפון אינה עונה חוגגת 50!,https://tickets.hotcinema.co.il/site/1195/tickets?code=1195-165970&languageid=en_gb,https://tickets.hotcinema.co.il/site/1195/tickets?code=1195-165970&languageid=he_IL,Not Just Cinema,2D,,,2026-09-03,1976,,,92,12+,Haifa,Hot Cinema,589
20:00,סינמה נוסטלגיה - גבעת חלפון אינה עונה חוגגת 50!,סינמה נוסטלגיה - גבעת חלפון אינה עונה חוגגת 50!,https://tickets.hotcinema.co.il/site/1195/tickets?code=1195-165971&languageid=en_gb,https://tickets.hotcinema.co.il/site/1195/tickets?code=1195-165971&languageid=he_IL,Not Just Cinema,2D,,,2026-09-04,1976,,,92,12+,Haifa,Hot Cinema,589
20:00,סינמה נוסטלגיה - גבעת חלפון אינה עונה חוגגת 50!,סינמה נוסטלגיה - גבעת חלפון אינה עונה חוגגת 50!,https://tickets.hotcinema.co.il/site/1195/tickets?code=1195-165972&languageid=en_gb,https://tickets.hotcinema.co.il/site/1195/tickets?code=1195-165972&languageid=he_IL,Not Just Cinema,2D,,,2026-09-05,1976,,,92,12+,Haifa,Hot Cinema,589
20:00,Taxi Driver,סינמה נוסטלגיה - 50 שנה לסרט נהג מונית,https://tickets.hotcinema.co.il/site/1195/tickets?code=1195-164658&languageid=en_gb,https://tickets.hotcinema.co.il/site/1195/tickets?code=1195-164658&languageid=he_IL,Not Just Cinema,2D,,,2026-09-10,1976,,,114,הגבלת גיל: הותר מגיל 18 בהצגת תעודה מזהה,Haifa,Hot Cinema,589
20:00,A Few Good Men,סינמה נוסטלגיה - בחורים טובים,https://tickets.hotcinema.co.il/site/1195/tickets?code=1195-165978&languageid=en_gb,https://tickets.hotcinema.co.il/site/1195/tickets?code=1195-165978&languageid=he_IL,Not Just Cinema,2D,,,2026-09-17,1992,,,138,12+,Haifa,Hot Cinema,589
20:00,A Few Good Men,סינמה נוסטלגיה - בחורים טובים,https://tickets.hotcinema.co.il/site/1195/tickets?code=1195-165976&languageid=en_gb,https://tickets.hotcinema.co.il/site/1195/tickets?code=1195-165976&languageid=he_IL,Not Just Cinema,2D,,,2026-09-18,1992,,,138,12+,Haifa,Hot Cinema,589
20:00,A Few Good Men,סינמה נוסטלגיה - בחורים טובים,https://tickets.hotcinema.co.il/site/1195/tickets?code=1195-165977&languageid=en_gb,https://tickets.hotcinema.co.il/site/1195/tickets?code=1195-165977&languageid=he_IL,Not Just Cinema,2D,,,2026-09-19,1992,,,138,12+,Haifa,Hot Cinema,589
20:00,Ghostbusters,סינמה נוסטלגיה - מכסחי השדים,https://tickets.hotcinema.co.il/site/1195/tickets?code=1195-165980&languageid=en_gb,https://tickets.hotcinema.co.il/site/1195/tickets?code=1195-165980&languageid=he_IL,Not Just Cinema,2D,,,2026-09-24,1984,,,105,12+,Haifa,Hot Cinema,589
11:10,Just an Illusion,אשליות מתוקות,https://tickets.hotcinema.co.il/site/1184/tickets?code=1184-171082&languageid=en_gb,https://tickets.hotcinema.co.il/site/1184/tickets?code=1184-171082&languageid=he_IL,Regular,2D,,,2026-08-04,2026,,,116,All,Kiryat Bialik,Hot Cinema,589
13:50,Just an Illusion,אשליות מתוקות,https://tickets.hotcinema.co.il/site/1184/tickets?code=1184-171083&languageid=en_gb,https://tickets.hotcinema.co.il/site/1184/tickets?code=1184-171083&languageid=he_IL,Regular,2D,,,2026-08-04,2026,,,116,All,Kiryat Bialik,Hot Cinema,589
16:40,Just an Illusion,אשליות מתוקות,https://tickets.hotcinema.co.il/site/1184/tickets?code=1184-171049&languageid=en_gb,https://tickets.hotcinema.co.il/site/1184/tickets?code=1184-171049&languageid=he_IL,Regular,2D,,,2026-08-04,2026,,,116,All,Kiryat Bialik,Hot Cinema,589
19:10,Just an Illusion,אשליות מתוקות,https://tickets.hotcinema.co.il/site/1184/tickets?code=1184-171084&languageid=en_gb,https://tickets.hotcinema.co.il/site/1184/tickets?code=1184-171084&languageid=he_IL,Regular,2D,,,2026-08-04,2026,,,116,All,Kiryat Bialik,Hot Cinema,589
22:00,I Want Your Sex,בוסית בהפרעה,https://tickets.hotcinema.co.il/site/1184/tickets?code=1184-171092&languageid=en_gb,https://tickets.hotcinema.co.il/site/1184/tickets?code=1184-171092&languageid=he_IL,Regular,2D,,,2026-08-04,2026,,,90,16+,Kiryat Bialik,Hot Cinema,589
10:15,The Odyssey,האודיסאה,https://tickets.hotcinema.co.il/site/1184/tickets?code=1184-171066&languageid=en_gb,https://tickets.hotcinema.co.il/site/1184/tickets?code=1184-171066&languageid=he_IL,Regular,2D,,,2026-08-04,2026,,,172,14+,Kiryat Bialik,Hot Cinema,589
11:30,The Odyssey,האודיסאה,https://tickets.hotcinema.co.il/site/1184/tickets?code=1184-171077&languageid=en_gb,https://tickets.hotcinema.co.il/site/1184/tickets?code=1184-171077&languageid=he_IL,Regular,2D,,,2026-08-04,2026,,,172,14+,Kiryat Bialik,Hot Cinema,589
13:45,The Odyssey,האודיסאה,https://tickets.hotcinema.co.il/site/1184/tickets?code=1184-171068&languageid=en_gb,https://tickets.hotcinema.co.il/site/1184/tickets?code=1184-171068&languageid=he_IL,Regular,2D,,,2026-08-04,2026,,,172,14+,Kiryat Bialik,Hot Cinema,589
15:10,The Odyssey,האודיסאה,https://tickets.hotcinema.co.il/site/1184/tickets?code=1184-171076&languageid=en_gb,https://tickets.hotcinema.co.il/site/1184/tickets?code=1184-171076&languageid=he_IL,Regular,2D,,,2026-08-04,2026,,,172,14+,Kiryat Bialik,Hot Cinema,589
17:15,The Odyssey,האודיסאה,https://tickets.hotcinema.co.il/site/1184/tickets?code=1184-171069&languageid=en_gb,https://tickets.hotcinema.co.il/site/1184/tickets?code=1184-171069&languageid=he_IL,Regular,2D,,,2026-08-04,2026,,,172,14+,Kiryat Bialik,Hot Cinema,589
18:45,The Odyssey,האודיסאה,https://tickets.hotcinema.co.il/site/1184/tickets?code=1184-171075&languageid=en_gb,https://tickets.hotcinema.co.il/site/1184/tickets?code=1184-171075&languageid=he_IL,Regular,2D,,,2026-08-04,2026,,,172,14+,Kiryat Bialik,Hot Cinema,589
19:30,The Odyssey,האודיסאה,https://tickets.hotcinema.co.il/site/1184/tickets?code=1184-171064&languageid=en_gb,https://tickets.hotcinema.co.il/site/1184/tickets?code=1184-171064&languageid=he_IL,Regular,2D,,,2026-08-04,2026,,,172,14+,Kiryat Bialik,Hot Cinema,589
20:45,The Odyssey,האודיסאה,https://tickets.hotcinema.co.il/site/1184/tickets?code=1184-171067&languageid=en_gb,https://tickets.hotcinema.co.il/site/1184/tickets?code=1184-171067&languageid=he_IL,Regular,2D,,,2026-08-04,2026,,,172,14+,Kiryat Bialik,Hot Cinema,589
21:45,The Odyssey,האודיסאה,https://tickets.hotcinema.co.il/site/1184/tickets?code=1184-171059&languageid=en_gb,https://tickets.hotcinema.co.il/site/1184/tickets?code=1184-171059&languageid=he_IL,Regular,2D,,,2026-08-04,2026,,,172,14+,Kiryat Bialik,Hot Cinema,589
12:40,The Invite,ההזמנה,https://tickets.hotcinema.co.il/site/1184/tickets?code=1184-171094&languageid=en_gb,https://tickets.hotcinema.co.il/site/1184/tickets?code=1184-171094&languageid=he_IL,Regular,2D,,,2026-08-04,2026,,,107,14+,Kiryat Bialik,Hot Cinema,589
21:50,The Invite,ההזמנה,https://tickets.hotcinema.co.il/site/1184/tickets?code=1184-171108&languageid=en_gb,https://tickets.hotcinema.co.il/site/1184/tickets?code=1184-171108&languageid=he_IL,Regular,2D,,,2026-08-04,2026,,,107,14+,Kiryat Bialik,Hot Cinema,589
13:10,A missing part,החלק החסר,https://tickets.hotcinema.co.il/site/1184/tickets?code=1184-171107&languageid=en_gb,https://tickets.hotcinema.co.il/site/1184/tickets?code=1184-171107&languageid=he_IL,Regular,2D,,,2026-08-04,2024,,,98,All,Kiryat Bialik,Hot Cinema,589
15:20,A missing part,החלק החסר,https://tickets.hotcinema.co.il/site/1184/tickets?code=1184-171106&languageid=en_gb,https://tickets.hotcinema.co.il/site/1184/tickets?code=1184-171106&languageid=he_IL,Regular,2D,,,2026-08-04,2024,,,98,All,Kiryat Bialik,Hot Cinema,589
19:40,A missing part,החלק החסר,https://tickets.hotcinema.co.il/site/1184/tickets?code=1184-171105&languageid=en_gb,https://tickets.hotcinema.co.il/site/1184/tickets?code=1184-171105&languageid=he_IL,Regular,2D,,,2026-08-04,2024,,,98,All,Kiryat Bialik,Hot Cinema,589
10:15,THE MAGICAL FARAWAY TREE,המסע המופלא לעץ הקסמים,https://tickets.hotcinema.co.il/site/1184/tickets?code=1184-171095&languageid=en_gb,https://tickets.hotcinema.co.il/site/1184/tickets?code=1184-171095&languageid=he_IL,Regular,2D,,Hebrew,2026-08-04,2026,,,110,All,Kiryat Bialik,Hot Cinema,589
15:00,THE MAGICAL FARAWAY TREE,המסע המופלא לעץ הקסמים,https://tickets.hotcinema.co.il/site/1184/tickets?code=1184-171096&languageid=en_gb,https://tickets.hotcinema.co.il/site/1184/tickets?code=1184-171096&languageid=he_IL,Regular,2D,,Hebrew,2026-08-04,2026,,,110,All,Kiryat Bialik,Hot Cinema,589
15:00,American Hina,חינה אמריקאית,https://tickets.hotcinema.co.il/site/1184/tickets?code=1184-171102&languageid=en_gb,https://tickets.hotcinema.co.il/site/1184/tickets?code=1184-171102&languageid=he_IL,Regular,2D,,,2026-08-04,2026,,,100,All,Kiryat Bialik,Hot Cinema,589
19:30,American Hina,חינה אמריקאית,https://tickets.hotcinema.co.il/site/1184/tickets?code=1184-171103&languageid=en_gb,https://tickets.hotcinema.co.il/site/1184/tickets?code=1184-171103&languageid=he_IL,Regular,2D,,,2026-08-04,2026,,,100,All,Kiryat Bialik,Hot Cinema,589
10:40,Tafiti: Across the Desert,טפיטי: הרפתקה במדבר,https://tickets.hotcinema.co.il/site/1184/tickets?code=1184-171104&languageid=en_gb,https://tickets.hotcinema.co.il/site/1184/tickets?code=1184-171104&languageid=he_IL,Regular,2D,,,2026-08-04,,,,81,הגבלת גיל: עד גיל 8 בליווי מבוגר,Kiryat Bialik,Hot Cinema,589
15:15,For the Love of a Woman,כימים אחדים,https://tickets.hotcinema.co.il/site/1184/tickets?code=1184-171115&languageid=en_gb,https://tickets.hotcinema.co.il/site/1184/tickets?code=1184-171115&languageid=he_IL,Regular,2D,,,2026-08-04,2025,,,117,הגבלת גיל: הותר מגיל 9,Kiryat Bialik,Hot Cinema,589
19:15,For the Love of a Woman,כימים אחדים,https://tickets.hotcinema.co.il/site/1184/tickets?code=1184-171047&languageid=en_gb,https://tickets.hotcinema.co.il/site/1184/tickets?code=1184-171047&languageid=he_IL,Regular,2D,,,2026-08-04,2025,,,117,הגבלת גיל: הותר מגיל 9,Kiryat Bialik,Hot Cinema,589
12:45,מאמא,מאמא,https://tickets.hotcinema.co.il/site/1184/tickets?code=1184-171099&languageid=en_gb,https://tickets.hotcinema.co.il/site/1184/tickets?code=1184-171099&languageid=he_IL,Regular,2D,,,2026-08-04,2026,,,92,12+,Kiryat Bialik,Hot Cinema,589
17:15,מאמא,מאמא,https://tickets.hotcinema.co.il/site/1184/tickets?code=1184-171100&languageid=en_gb,https://tickets.hotcinema.co.il/site/1184/tickets?code=1184-171100&languageid=he_IL,Regular,2D,,,2026-08-04,2026,,,92,12+,Kiryat Bialik,Hot Cinema,589
19:30,מאמא,מאמא,https://tickets.hotcinema.co.il/site/1184/tickets?code=1184-171091&languageid=en_gb,https://tickets.hotcinema.co.il/site/1184/tickets?code=1184-171091&languageid=he_IL,Regular,2D,,,2026-08-04,2026,,,92,12+,Kiryat Bialik,Hot Cinema,589
16:40,Moana (Live Action),מואנה לייב אקשן,https://tickets.hotcinema.co.il/site/1184/tickets?code=1184-171085&languageid=en_gb,https://tickets.hotcinema.co.il/site/1184/tickets?code=1184-171085&languageid=he_IL,Regular,2D,,Hebrew,2026-08-04,2026,,,115,All,Kiryat Bialik,Hot Cinema,589
21:45,Motor City,מוטור סיטי,https://tickets.hotcinema.co.il/site/1184/tickets?code=1184-171086&languageid=en_gb,https://tickets.hotcinema.co.il/site/1184/tickets?code=1184-171086&languageid=he_IL,Regular,2D,,,2026-08-04,2025,,,103,16+,Kiryat Bialik,Hot Cinema,589
11:15,Minions & Monsters,מיניונים ומפלצות,https://tickets.hotcinema.co.il/site/1184/tickets?code=1184-171058&languageid=en_gb,https://tickets.hotcinema.co.il/site/1184/tickets?code=1184-171058&languageid=he_IL,Regular,2D,,Hebrew,2026-08-04,2026,,,90,All,Kiryat Bialik,Hot Cinema,589
13:20,Minions & Monsters,מיניונים ומפלצות,https://tickets.hotcinema.co.il/site/1184/tickets?code=1184-171057&languageid=en_gb,https://tickets.hotcinema.co.il/site/1184/tickets?code=1184-171057&languageid=he_IL,Regular,2D,,Hebrew,2026-08-04,2026,,,90,All,Kiryat Bialik,Hot Cinema,589
15:30,Minions & Monsters,מיניונים ומפלצות,https://tickets.hotcinema.co.il/site/1184/tickets?code=1184-171056&languageid=en_gb,https://tickets.hotcinema.co.il/site/1184/tickets?code=1184-171056&languageid=he_IL,Regular,2D,,Hebrew,2026-08-04,2026,,,90,All,Kiryat Bialik,Hot Cinema,589
17:35,Minions & Monsters,מיניונים ומפלצות,https://tickets.hotcinema.co.il/site/1184/tickets?code=1184-171055&languageid=en_gb,https://tickets.hotcinema.co.il/site/1184/tickets?code=1184-171055&languageid=he_IL,Regular,2D,,Hebrew,2026-08-04,2026,,,90,All,Kiryat Bialik,Hot Cinema,589
10:30,School of Magical Animals,סוד החיות הקסומות 3,https://tickets.hotcinema.co.il/site/1184/tickets?code=1184-171114&languageid=en_gb,https://tickets.hotcinema.co.il/site/1184/tickets?code=1184-171114&languageid=he_IL,Regular,2D,,Hebrew,2026-08-04,2024,,,105,All,Kiryat Bialik,Hot Cinema,589
12:50,School of Magical Animals,סוד החיות הקסומות 3,https://tickets.hotcinema.co.il/site/1184/tickets?code=1184-171113&languageid=en_gb,https://tickets.hotcinema.co.il/site/1184/tickets?code=1184-171113&languageid=he_IL,Regular,2D,,Hebrew,2026-08-04,2024,,,105,All,Kiryat Bialik,Hot Cinema,589
12:30,Saltiz,סולטיז הסרט - וולוג ה-100,https://tickets.hotcinema.co.il/site/1184/tickets?code=1184-171063&languageid=en_gb,https://tickets.hotcinema.co.il/site/1184/tickets?code=1184-171063&languageid=he_IL,Regular,2D,,,2026-08-04,2026,,,100,All,Kiryat Bialik,Hot Cinema,589
14:40,Saltiz,סולטיז הסרט - וולוג ה-100,https://tickets.hotcinema.co.il/site/1184/tickets?code=1184-171062&languageid=en_gb,https://tickets.hotcinema.co.il/site/1184/tickets?code=1184-171062&languageid=he_IL,Regular,2D,,,2026-08-04,2026,,,100,All,Kiryat Bialik,Hot Cinema,589
17:10,Saltiz,סולטיז הסרט - וולוג ה-100,https://tickets.hotcinema.co.il/site/1184/tickets?code=1184-171061&languageid=en_gb,https://tickets.hotcinema.co.il/site/1184/tickets?code=1184-171061&languageid=he_IL,Regular,2D,,,2026-08-04,2026,,,100,All,Kiryat Bialik,Hot Cinema,589
14:30,Three Wishes for Cinderella,סינדרלה ושלוש המשאלות,https://tickets.hotcinema.co.il/site/1184/tickets?code=1184-171050&languageid=en_gb,https://tickets.hotcinema.co.il/site/1184/tickets?code=1184-171050&languageid=he_IL,Regular,2D,,Hebrew,2026-08-04,2026,,,85,All,Kiryat Bialik,Hot Cinema,589
11:00,Spider-Man: Brand new day,ספיידרמן: יום חדש,https://tickets.hotcinema.co.il/site/1184/tickets?code=1184-171073&languageid=en_gb,https://tickets.hotcinema.co.il/site/1184/tickets?code=1184-171073&languageid=he_IL,Regular,2D,,,2026-08-04,2026,,,145,All,Kiryat Bialik,Hot Cinema,589
11:30,Spider-Man: Brand new day,ספיידרמן: יום חדש,https://tickets.hotcinema.co.il/site/1184/tickets?code=1184-171885&languageid=en_gb,https://tickets.hotcinema.co.il/site/1184/tickets?code=1184-171885&languageid=he_IL,Regular,2D,,,2026-08-04,2026,,,145,All,Kiryat Bialik,Hot Cinema,589
11:40,Spider-Man: Brand new day,ספיידרמן: יום חדש,https://tickets.hotcinema.co.il/site/1184/tickets?code=1184-171054&languageid=en_gb,https://tickets.hotcinema.co.il/site/1184/tickets?code=1184-171054&languageid=he_IL,Regular,2D,,,2026-08-04,2026,,,145,All,Kiryat Bialik,Hot Cinema,589
12:10,Spider-Man: Brand new day,ספיידרמן: יום חדש,https://tickets.hotcinema.co.il/site/1184/tickets?code=1184-171081&languageid=en_gb,https://tickets.hotcinema.co.il/site/1184/tickets?code=1184-171081&languageid=he_IL,Regular,2D,,,2026-08-04,2026,,,145,All,Kiryat Bialik,Hot Cinema,589
14:00,Spider-Man: Brand new day,ספיידרמן: יום חדש,https://tickets.hotcinema.co.il/site/1184/tickets?code=1184-171072&languageid=en_gb,https://tickets.hotcinema.co.il/site/1184/tickets?code=1184-171072&languageid=he_IL,Regular,2D,,,2026-08-04,2026,,,145,All,Kiryat Bialik,Hot Cinema,589
14:40,Spider-Man: Brand new day,ספיידרמן: יום חדש,https://tickets.hotcinema.co.il/site/1184/tickets?code=1184-171886&languageid=en_gb,https://tickets.hotcinema.co.il/site/1184/tickets?code=1184-171886&languageid=he_IL,Regular,2D,,,2026-08-04,2026,,,145,All,Kiryat Bialik,Hot Cinema,589
14:50,Spider-Man: Brand new day,ספיידרמן: יום חדש,https://tickets.hotcinema.co.il/site/1184/tickets?code=1184-171053&languageid=en_gb,https://tickets.hotcinema.co.il/site/1184/tickets?code=1184-171053&languageid=he_IL,Regular,2D,,,2026-08-04,2026,,,145,All,Kiryat Bialik,Hot Cinema,589
15:15,Spider-Man: Brand new day,ספיידרמן: יום חדש,https://tickets.hotcinema.co.il/site/1184/tickets?code=1184-171080&languageid=en_gb,https://tickets.hotcinema.co.il/site/1184/tickets?code=1184-171080&languageid=he_IL,Regular,2D,,,2026-08-04,2026,,,145,All,Kiryat Bialik,Hot Cinema,589
17:30,Spider-Man: Brand new day,ספיידרמן: יום חדש,https://tickets.hotcinema.co.il/site/1184/tickets?code=1184-171093&languageid=en_gb,https://tickets.hotcinema.co.il/site/1184/tickets?code=1184-171093&languageid=he_IL,Regular,2D,,,2026-08-04,2026,,,145,All,Kiryat Bialik,Hot Cinema,589
17:45,Spider-Man: Brand new day,ספיידרמן: יום חדש,https://tickets.hotcinema.co.il/site/1184/tickets?code=1184-171052&languageid=en_gb,https://tickets.hotcinema.co.il/site/1184/tickets?code=1184-171052&languageid=he_IL,Regular,2D,,,2026-08-04,2026,,,145,All,Kiryat Bialik,Hot Cinema,589
18:00,Spider-Man: Brand new day,ספיידרמן: יום חדש,https://tickets.hotcinema.co.il/site/1184/tickets?code=1184-171887&languageid=en_gb,https://tickets.hotcinema.co.il/site/1184/tickets?code=1184-171887&languageid=he_IL,Regular,2D,,,2026-08-04,2026,,,145,All,Kiryat Bialik,Hot Cinema,589
18:30,Spider-Man: Brand new day,ספיידרמן: יום חדש,https://tickets.hotcinema.co.il/site/1184/tickets?code=1184-171079&languageid=en_gb,https://tickets.hotcinema.co.il/site/1184/tickets?code=1184-171079&languageid=he_IL,Regular,2D,,,2026-08-04,2026,,,145,All,Kiryat Bialik,Hot Cinema,589
20:00,Spider-Man: Brand new day,ספיידרמן: יום חדש,https://tickets.hotcinema.co.il/site/1184/tickets?code=1184-171071&languageid=en_gb,https://tickets.hotcinema.co.il/site/1184/tickets?code=1184-171071&languageid=he_IL,Regular,2D,,,2026-08-04,2026,,,145,All,Kiryat Bialik,Hot Cinema,589
20:50,Spider-Man: Brand new day,ספיידרמן: יום חדש,https://tickets.hotcinema.co.il/site/1184/tickets?code=1184-171051&languageid=en_gb,https://tickets.hotcinema.co.il/site/1184/tickets?code=1184-171051&languageid=he_IL,Regular,2D,,,2026-08-04,2026,,,145,All,Kiryat Bialik,Hot Cinema,589
21:40,Spider-Man: Brand new day,ספיידרמן: יום חדש,https://tickets.hotcinema.co.il/site/1184/tickets?code=1184-171078&languageid=en_gb,https://tickets.hotcinema.co.il/site/1184/tickets?code=1184-171078&languageid=he_IL,Regular,2D,,,2026-08-04,2026,,,145,All,Kiryat Bialik,Hot Cinema,589
22:00,Spider-Man: Brand new day,ספיידרמן: יום חדש,https://tickets.hotcinema.co.il/site/1184/tickets?code=1184-171888&languageid=en_gb,https://tickets.hotcinema.co.il/site/1184/tickets?code=1184-171888&languageid=he_IL,Regular,2D,,,2026-08-04,2026,,,145,All,Kiryat Bialik,Hot Cinema,589
22:10,Spider-Man: Brand new day,ספיידרמן: יום חדש,https://tickets.hotcinema.co.il/site/1184/tickets?code=1184-171048&languageid=en_gb,https://tickets.hotcinema.co.il/site/1184/tickets?code=1184-171048&languageid=he_IL,Regular,2D,,,2026-08-04,2026,,,145,All,Kiryat Bialik,Hot Cinema,589
22:30,Spider-Man: Brand new day,ספיידרמן: יום חדש,https://tickets.hotcinema.co.il/site/1184/tickets?code=1184-171074&languageid=en_gb,https://tickets.hotcinema.co.il/site/1184/tickets?code=1184-171074&languageid=he_IL,Regular,2D,,,2026-08-04,2026,,,145,All,Kiryat Bialik,Hot Cinema,589
18:00,סרט כחול לבן,סרט כחול לבן,https://tickets.hotcinema.co.il/site/1184/tickets?code=1184-171112&languageid=en_gb,https://tickets.hotcinema.co.il/site/1184/tickets?code=1184-171112&languageid=he_IL,Regular,2D,,,2026-08-04,2026,,,86,14+,Kiryat Bialik,Hot Cinema,589
20:00,סרט כחול לבן,סרט כחול לבן,https://tickets.hotcinema.co.il/site/1184/tickets?code=1184-171111&languageid=en_gb,https://tickets.hotcinema.co.il/site/1184/tickets?code=1184-171111&languageid=he_IL,Regular,2D,,,2026-08-04,2026,,,86,14+,Kiryat Bialik,Hot Cinema,589
22:00,סרט כחול לבן,סרט כחול לבן,https://tickets.hotcinema.co.il/site/1184/tickets?code=1184-171110&languageid=en_gb,https://tickets.hotcinema.co.il/site/1184/tickets?code=1184-171110&languageid=he_IL,Regular,2D,,,2026-08-04,2026,,,86,14+,Kiryat Bialik,Hot Cinema,589
20:30,Sentimental Value,ערך סנטימנטלי,https://tickets.hotcinema.co.il/site/1184/tickets?code=1184-171097&languageid=en_gb,https://tickets.hotcinema.co.il/site/1184/tickets?code=1184-171097&languageid=he_IL,Regular,2D,,,2026-08-04,2025,,,132,All,Kiryat Bialik,Hot Cinema,589
10:30,Toy Story 5,צעצוע של סיפור 5,https://tickets.hotcinema.co.il/site/1184/tickets?code=1184-171101&languageid=en_gb,https://tickets.hotcinema.co.il/site/1184/tickets?code=1184-171101&languageid=he_IL,Regular,2D,,Hebrew,2026-08-04,2026,,,102,All,Kiryat Bialik,Hot Cinema,589
11:00,קופה ראשית: הסרט,קופה ראשית: הסרט,https://tickets.hotcinema.co.il/site/1184/tickets?code=1184-171090&languageid=en_gb,https://tickets.hotcinema.co.il/site/1184/tickets?code=1184-171090&languageid=he_IL,Regular,2D,,,2026-08-04,2026,,,91,All,Kiryat Bialik,Hot Cinema,589
13:10,קופה ראשית: הסרט,קופה ראשית: הסרט,https://tickets.hotcinema.co.il/site/1184/tickets?code=1184-171089&languageid=en_gb,https://tickets.hotcinema.co.il/site/1184/tickets?code=1184-171089&languageid=he_IL,Regular,2D,,,2026-08-04,2026,,,91,All,Kiryat Bialik,Hot Cinema,589
15:15,קופה ראשית: הסרט,קופה ראשית: הסרט,https://tickets.hotcinema.co.il/site/1184/tickets?code=1184-171088&languageid=en_gb,https://tickets.hotcinema.co.il/site/1184/tickets?code=1184-171088&languageid=he_IL,Regular,2D,,,2026-08-04,2026,,,91,All,Kiryat Bialik,Hot Cinema,589
17:20,קופה ראשית: הסרט,קופה ראשית: הסרט,https://tickets.hotcinema.co.il/site/1184/tickets?code=1184-171087&languageid=en_gb,https://tickets.hotcinema.co.il/site/1184/tickets?code=1184-171087&languageid=he_IL,Regular,2D,,,2026-08-04,2026,,,91,All,Kiryat Bialik,Hot Cinema,589
19:40,קופה ראשית: הסרט,קופה ראשית: הסרט,https://tickets.hotcinema.co.il/site/1184/tickets?code=1184-171060&languageid=en_gb,https://tickets.hotcinema.co.il/site/1184/tickets?code=1184-171060&languageid=he_IL,Regular,2D,,,2026-08-04,2026,,,91,All,Kiryat Bialik,Hot Cinema,589
21:40,קופה ראשית: הסרט,קופה ראשית: הסרט,https://tickets.hotcinema.co.il/site/1184/tickets?code=1184-171098&languageid=en_gb,https://tickets.hotcinema.co.il/site/1184/tickets?code=1184-171098&languageid=he_IL,Regular,2D,,,2026-08-04,2026,,,91,All,Kiryat Bialik,Hot Cinema,589
17:30,Dream High,תיכון מגשימים,https://tickets.hotcinema.co.il/site/1184/tickets?code=1184-171109&languageid=en_gb,https://tickets.hotcinema.co.il/site/1184/tickets?code=1184-171109&languageid=he_IL,Regular,2D,,,2026-08-04,2026,,,100,12+,Kiryat Bialik,Hot Cinema,589
19:50,I Want Your Sex,בוסית בהפרעה,https://tickets.hotcinema.co.il/site/1184/tickets?code=1184-170883&languageid=en_gb,https://tickets.hotcinema.co.il/site/1184/tickets?code=1184-170883&languageid=he_IL,Regular,2D,,,2026-08-05,2026,,,90,16+,Kiryat Bialik,Hot Cinema,589
22:00,I Want Your Sex,בוסית בהפרעה,https://tickets.hotcinema.co.il/site/1184/tickets?code=1184-170882&languageid=en_gb,https://tickets.hotcinema.co.il/site/1184/tickets?code=1184-170882&languageid=he_IL,Regular,2D,,,2026-08-05,2026,,,90,16+,Kiryat Bialik,Hot Cinema,589
10:15,The Odyssey,האודיסאה,https://tickets.hotcinema.co.il/site/1184/tickets?code=1184-170865&languageid=en_gb,https://tickets.hotcinema.co.il/site/1184/tickets?code=1184-170865&languageid=he_IL,Regular,2D,,,2026-08-05,2026,,,172,14+,Kiryat Bialik,Hot Cinema,589
13:45,The Odyssey,האודיסאה,https://tickets.hotcinema.co.il/site/1184/tickets?code=1184-170864&languageid=en_gb,https://tickets.hotcinema.co.il/site/1184/tickets?code=1184-170864&languageid=he_IL,Regular,2D,,,2026-08-05,2026,,,172,14+,Kiryat Bialik,Hot Cinema,589
17:15,The Odyssey,האודיסאה,https://tickets.hotcinema.co.il/site/1184/tickets?code=1184-170863&languageid=en_gb,https://tickets.hotcinema.co.il/site/1184/tickets?code=1184-170863&languageid=he_IL,Regular,2D,,,2026-08-05,2026,,,172,14+,Kiryat Bialik,Hot Cinema,589
19:00,The Odyssey,האודיסאה,https://tickets.hotcinema.co.il/site/1184/tickets?code=1184-170861&languageid=en_gb,https://tickets.hotcinema.co.il/site/1184/tickets?code=1184-170861&languageid=he_IL,Regular,2D,,,2026-08-05,2026,,,172,14+,Kiryat Bialik,Hot Cinema,589
20:45,The Odyssey,האודיסאה,https://tickets.hotcinema.co.il/site/1184/tickets?code=1184-170862&languageid=en_gb,https://tickets.hotcinema.co.il/site/1184/tickets?code=1184-170862&languageid=he_IL,Regular,2D,,,2026-08-05,2026,,,172,14+,Kiryat Bialik,Hot Cinema,589
21:50,The Odyssey,האודיסאה,https://tickets.hotcinema.co.il/site/1184/tickets?code=1184-170855&languageid=en_gb,https://tickets.hotcinema.co.il/site/1184/tickets?code=1184-170855&languageid=he_IL,Regular,2D,,,2026-08-05,2026,,,172,14+,Kiryat Bialik,Hot Cinema,589
21:50,The Invite,ההזמנה,https://tickets.hotcinema.co.il/site/1184/tickets?code=1184-170899&languageid=en_gb,https://tickets.hotcinema.co.il/site/1184/tickets?code=1184-170899&languageid=he_IL,Regular,2D,,,2026-08-05,2026,,,107,14+,Kiryat Bialik,Hot Cinema,589
19:40,A missing part,החלק החסר,https://tickets.hotcinema.co.il/site/1184/tickets?code=1184-170902&languageid=en_gb,https://tickets.hotcinema.co.il/site/1184/tickets?code=1184-170902&languageid=he_IL,Regular,2D,,,2026-08-05,2024,,,98,All,Kiryat Bialik,Hot Cinema,589
12:40,THE MAGICAL FARAWAY TREE,המסע המופלא לעץ הקסמים,https://tickets.hotcinema.co.il/site/1184/tickets?code=1184-170889&languageid=en_gb,https://tickets.hotcinema.co.il/site/1184/tickets?code=1184-170889&languageid=he_IL,Regular,2D,,Hebrew,2026-08-05,2026,,,110,All,Kiryat Bialik,Hot Cinema,589
15:05,THE MAGICAL FARAWAY TREE,המסע המופלא לעץ הקסמים,https://tickets.hotcinema.co.il/site/1184/tickets?code=1184-170890&languageid=en_gb,https://tickets.hotcinema.co.il/site/1184/tickets?code=1184-170890&languageid=he_IL,Regular,2D,,Hebrew,2026-08-05,2026,,,110,All,Kiryat Bialik,Hot Cinema,589
17:30,THE MAGICAL FARAWAY TREE,המסע המופלא לעץ הקסמים,https://tickets.hotcinema.co.il/site/1184/tickets?code=1184-170891&languageid=en_gb,https://tickets.hotcinema.co.il/site/1184/tickets?code=1184-170891&languageid=he_IL,Regular,2D,,Hebrew,2026-08-05,2026,,,110,All,Kiryat Bialik,Hot Cinema,589
11:15,Tafiti: Across the Desert,טפיטי: הרפתקה במדבר,https://tickets.hotcinema.co.il/site/1184/tickets?code=1184-170901&languageid=en_gb,https://tickets.hotcinema.co.il/site/1184/tickets?code=1184-170901&languageid=he_IL,Regular,2D,,,2026-08-05,,,,81,הגבלת גיל: עד גיל 8 בליווי מבוגר,Kiryat Bialik,Hot Cinema,589
15:30,Tafiti: Across the Desert,טפיטי: הרפתקה במדבר,https://tickets.hotcinema.co.il/site/1184/tickets?code=1184-170900&languageid=en_gb,https://tickets.hotcinema.co.il/site/1184/tickets?code=1184-170900&languageid=he_IL,Regular,2D,,,2026-08-05,,,,81,הגבלת גיל: עד גיל 8 בליווי מבוגר,Kiryat Bialik,Hot Cinema,589
19:30,מאמא,מאמא,https://tickets.hotcinema.co.il/site/1184/tickets?code=1184-170892&languageid=en_gb,https://tickets.hotcinema.co.il/site/1184/tickets?code=1184-170892&languageid=he_IL,Regular,2D,,,2026-08-05,2026,,,92,12+,Kiryat Bialik,Hot Cinema,589
10:45,MASHA and THE BEAR – WONDER PARK,מאשה והדוב – ההרפתקה הגדולה,https://tickets.hotcinema.co.il/site/1184/tickets?code=1184-170887&languageid=en_gb,https://tickets.hotcinema.co.il/site/1184/tickets?code=1184-170887&languageid=he_IL,Regular,2D,,Hebrew,2026-08-05,2026,,,73,All,Kiryat Bialik,Hot Cinema,589
14:10,Moana (Live Action),מואנה לייב אקשן,https://tickets.hotcinema.co.il/site/1184/tickets?code=1184-170878&languageid=en_gb,https://tickets.hotcinema.co.il/site/1184/tickets?code=1184-170878&languageid=he_IL,Regular,2D,,,2026-08-05,2026,,,115,All,Kiryat Bialik,Hot Cinema,589
11:40,Moana (Live Action),מואנה לייב אקשן,https://tickets.hotcinema.co.il/site/1184/tickets?code=1184-170876&languageid=en_gb,https://tickets.hotcinema.co.il/site/1184/tickets?code=1184-170876&languageid=he_IL,Regular,2D,,Hebrew,2026-08-05,2026,,,115,All,Kiryat Bialik,Hot Cinema,589
16:40,Moana (Live Action),מואנה לייב אקשן,https://tickets.hotcinema.co.il/site/1184/tickets?code=1184-170877&languageid=en_gb,https://tickets.hotcinema.co.il/site/1184/tickets?code=1184-170877&languageid=he_IL,Regular,2D,,Hebrew,2026-08-05,2026,,,115,All,Kiryat Bialik,Hot Cinema,589
19:15,Motor City,מוטור סיטי,https://tickets.hotcinema.co.il/site/1184/tickets?code=1184-170879&languageid=en_gb,https://tickets.hotcinema.co.il/site/1184/tickets?code=1184-170879&languageid=he_IL,Regular,2D,,,2026-08-05,2025,,,103,16+,Kiryat Bialik,Hot Cinema,589
21:30,Motor City,מוטור סיטי,https://tickets.hotcinema.co.il/site/1184/tickets?code=1184-170880&languageid=en_gb,https://tickets.hotcinema.co.il/site/1184/tickets?code=1184-170880&languageid=he_IL,Regular,2D,,,2026-08-05,2025,,,103,16+,Kiryat Bialik,Hot Cinema,589
17:30,מיטל ונעלי הפלא,מיטל ונעלי הפלא,https://tickets.hotcinema.co.il/site/1184/tickets?code=1184-165552&languageid=en_gb,https://tickets.hotcinema.co.il/site/1184/tickets?code=1184-165552&languageid=he_IL,Not Just Cinema,2D,,,2026-08-05,,,,70,,Kiryat Bialik,Hot Cinema,589
11:15,Minions & Monsters,מיניונים ומפלצות,https://tickets.hotcinema.co.il/site/1184/tickets?code=1184-170852&languageid=en_gb,https://tickets.hotcinema.co.il/site/1184/tickets?code=1184-170852&languageid=he_IL,Regular,2D,,Hebrew,2026-08-05,2026,,,90,All,Kiryat Bialik,Hot Cinema,589
13:20,Minions & Monsters,מיניונים ומפלצות,https://tickets.hotcinema.co.il/site/1184/tickets?code=1184-170851&languageid=en_gb,https://tickets.hotcinema.co.il/site/1184/tickets?code=1184-170851&languageid=he_IL,Regular,2D,,Hebrew,2026-08-05,2026,,,90,All,Kiryat Bialik,Hot Cinema,589
15:25,Minions & Monsters,מיניונים ומפלצות,https://tickets.hotcinema.co.il/site/1184/tickets?code=1184-170853&languageid=en_gb,https://tickets.hotcinema.co.il/site/1184/tickets?code=1184-170853&languageid=he_IL,Regular,2D,,Hebrew,2026-08-05,2026,,,90,All,Kiryat Bialik,Hot Cinema,589
17:30,Minions & Monsters,מיניונים ומפלצות,https://tickets.hotcinema.co.il/site/1184/tickets?code=1184-170854&languageid=en_gb,https://tickets.hotcinema.co.il/site/1184/tickets?code=1184-170854&languageid=he_IL,Regular,2D,,Hebrew,2026-08-05,2026,,,90,All,Kiryat Bialik,Hot Cinema,589
10:30,School of Magical Animals,סוד החיות הקסומות 3,https://tickets.hotcinema.co.il/site/1184/tickets?code=1184-170909&languageid=en_gb,https://tickets.hotcinema.co.il/site/1184/tickets?code=1184-170909&languageid=he_IL,Regular,2D,,Hebrew,2026-08-05,2024,,,105,All,Kiryat Bialik,Hot Cinema,589
12:50,School of Magical Animals,סוד החיות הקסומות 3,https://tickets.hotcinema.co.il/site/1184/tickets?code=1184-170908&languageid=en_gb,https://tickets.hotcinema.co.il/site/1184/tickets?code=1184-170908&languageid=he_IL,Regular,2D,,Hebrew,2026-08-05,2024,,,105,All,Kiryat Bialik,Hot Cinema,589
15:10,School of Magical Animals,סוד החיות הקסומות 3,https://tickets.hotcinema.co.il/site/1184/tickets?code=1184-170907&languageid=en_gb,https://tickets.hotcinema.co.il/site/1184/tickets?code=1184-170907&languageid=he_IL,Regular,2D,,Hebrew,2026-08-05,2024,,,105,All,Kiryat Bialik,Hot Cinema,589
10:20,Saltiz,סולטיז הסרט - וולוג ה-100,https://tickets.hotcinema.co.il/site/1184/tickets?code=1184-170860&languageid=en_gb,https://tickets.hotcinema.co.il/site/1184/tickets?code=1184-170860&languageid=he_IL,Regular,2D,,,2026-08-05,2026,,,100,All,Kiryat Bialik,Hot Cinema,589
12:30,Saltiz,סולטיז הסרט - וולוג ה-100,https://tickets.hotcinema.co.il/site/1184/tickets?code=1184-170859&languageid=en_gb,https://tickets.hotcinema.co.il/site/1184/tickets?code=1184-170859&languageid=he_IL,Regular,2D,,,2026-08-05,2026,,,100,All,Kiryat Bialik,Hot Cinema,589
14:40,Saltiz,סולטיז הסרט - וולוג ה-100,https://tickets.hotcinema.co.il/site/1184/tickets?code=1184-170858&languageid=en_gb,https://tickets.hotcinema.co.il/site/1184/tickets?code=1184-170858&languageid=he_IL,Regular,2D,,,2026-08-05,2026,,,100,All,Kiryat Bialik,Hot Cinema,589
16:50,Saltiz,סולטיז הסרט - וולוג ה-100,https://tickets.hotcinema.co.il/site/1184/tickets?code=1184-170857&languageid=en_gb,https://tickets.hotcinema.co.il/site/1184/tickets?code=1184-170857&languageid=he_IL,Regular,2D,,,2026-08-05,2026,,,100,All,Kiryat Bialik,Hot Cinema,589
12:15,Three Wishes for Cinderella,סינדרלה ושלוש המשאלות,https://tickets.hotcinema.co.il/site/1184/tickets?code=1184-170845&languageid=en_gb,https://tickets.hotcinema.co.il/site/1184/tickets?code=1184-170845&languageid=he_IL,Regular,2D,,Hebrew,2026-08-05,2026,,,85,All,Kiryat Bialik,Hot Cinema,589
14:20,Three Wishes for Cinderella,סינדרלה ושלוש המשאלות,https://tickets.hotcinema.co.il/site/1184/tickets?code=1184-170846&languageid=en_gb,https://tickets.hotcinema.co.il/site/1184/tickets?code=1184-170846&languageid=he_IL,Regular,2D,,Hebrew,2026-08-05,2026,,,85,All,Kiryat Bialik,Hot Cinema,589
11:00,Spider-Man: Brand new day,ספיידרמן: יום חדש,https://tickets.hotcinema.co.il/site/1184/tickets?code=1184-170869&languageid=en_gb,https://tickets.hotcinema.co.il/site/1184/tickets?code=1184-170869&languageid=he_IL,Regular,2D,,,2026-08-05,2026,,,145,All,Kiryat Bialik,Hot Cinema,589
11:30,Spider-Man: Brand new day,ספיידרמן: יום חדש,https://tickets.hotcinema.co.il/site/1184/tickets?code=1184-170847&languageid=en_gb,https://tickets.hotcinema.co.il/site/1184/tickets?code=1184-170847&languageid=he_IL,Regular,2D,,,2026-08-05,2026,,,145,All,Kiryat Bialik,Hot Cinema,589
12:00,Spider-Man: Brand new day,ספיידרמן: יום חדש,https://tickets.hotcinema.co.il/site/1184/tickets?code=1184-171889&languageid=en_gb,https://tickets.hotcinema.co.il/site/1184/tickets?code=1184-171889&languageid=he_IL,Regular,2D,,,2026-08-05,2026,,,145,All,Kiryat Bialik,Hot Cinema,589
12:00,Spider-Man: Brand new day,ספיידרמן: יום חדש,https://tickets.hotcinema.co.il/site/1184/tickets?code=1184-171889&languageid=en_gb,https://tickets.hotcinema.co.il/site/1184/tickets?code=1184-171889&languageid=he_IL,Regular,2D,,,2026-08-05,2026,,,145,All,Kiryat Bialik,Hot Cinema,589
12:40,Spider-Man: Brand new day,ספיידרמן: יום חדש,https://tickets.hotcinema.co.il/site/1184/tickets?code=1184-170873&languageid=en_gb,https://tickets.hotcinema.co.il/site/1184/tickets?code=1184-170873&languageid=he_IL,Regular,2D,,,2026-08-05,2026,,,145,All,Kiryat Bialik,Hot Cinema,589
14:00,Spider-Man: Brand new day,ספיידרמן: יום חדש,https://tickets.hotcinema.co.il/site/1184/tickets?code=1184-170868&languageid=en_gb,https://tickets.hotcinema.co.il/site/1184/tickets?code=1184-170868&languageid=he_IL,Regular,2D,,,2026-08-05,2026,,,145,All,Kiryat Bialik,Hot Cinema,589
14:50,Spider-Man: Brand new day,ספיידרמן: יום חדש,https://tickets.hotcinema.co.il/site/1184/tickets?code=1184-170850&languageid=en_gb,https://tickets.hotcinema.co.il/site/1184/tickets?code=1184-170850&languageid=he_IL,Regular,2D,,,2026-08-05,2026,,,145,All,Kiryat Bialik,Hot Cinema,589
15:15,Spider-Man: Brand new day,ספיידרמן: יום חדש,https://tickets.hotcinema.co.il/site/1184/tickets?code=1184-171890&languageid=en_gb,https://tickets.hotcinema.co.il/site/1184/tickets?code=1184-171890&languageid=he_IL,Regular,2D,,,2026-08-05,2026,,,145,All,Kiryat Bialik,Hot Cinema,589
15:40,Spider-Man: Brand new day,ספיידרמן: יום חדש,https://tickets.hotcinema.co.il/site/1184/tickets?code=1184-170872&languageid=en_gb,https://tickets.hotcinema.co.il/site/1184/tickets?code=1184-170872&languageid=he_IL,Regular,2D,,,2026-08-05,2026,,,145,All,Kiryat Bialik,Hot Cinema,589
16:20,Spider-Man: Brand new day,ספיידרמן: יום חדש,https://tickets.hotcinema.co.il/site/1184/tickets?code=1184-170844&languageid=en_gb,https://tickets.hotcinema.co.il/site/1184/tickets?code=1184-170844&languageid=he_IL,Regular,2D,,,2026-08-05,2026,,,145,All,Kiryat Bialik,Hot Cinema,589
17:00,Spider-Man: Brand new day,ספיידרמן: יום חדש,https://tickets.hotcinema.co.il/site/1184/tickets?code=1184-170867&languageid=en_gb,https://tickets.hotcinema.co.il/site/1184/tickets?code=1184-170867&languageid=he_IL,Regular,2D,,,2026-08-05,2026,,,145,All,Kiryat Bialik,Hot Cinema,589
17:45,Spider-Man: Brand new day,ספיידרמן: יום חדש,https://tickets.hotcinema.co.il/site/1184/tickets?code=1184-170849&languageid=en_gb,https://tickets.hotcinema.co.il/site/1184/tickets?code=1184-170849&languageid=he_IL,Regular,2D,,,2026-08-05,2026,,,145,All,Kiryat Bialik,Hot Cinema,589
18:30,Spider-Man: Brand new day,ספיידרמן: יום חדש,https://tickets.hotcinema.co.il/site/1184/tickets?code=1184-171891&languageid=en_gb,https://tickets.hotcinema.co.il/site/1184/tickets?code=1184-171891&languageid=he_IL,Regular,2D,,,2026-08-05,2026,,,145,All,Kiryat Bialik,Hot Cinema,589
18:40,Spider-Man: Brand new day,ספיידרמן: יום חדש,https://tickets.hotcinema.co.il/site/1184/tickets?code=1184-170871&languageid=en_gb,https://tickets.hotcinema.co.il/site/1184/tickets?code=1184-170871&languageid=he_IL,Regular,2D,,,2026-08-05,2026,,,145,All,Kiryat Bialik,Hot Cinema,589
19:15,Spider-Man: Brand new day,ספיידרמן: יום חדש,https://tickets.hotcinema.co.il/site/1184/tickets?code=1184-170842&languageid=en_gb,https://tickets.hotcinema.co.il/site/1184/tickets?code=1184-170842&languageid=he_IL,Regular,2D,,,2026-08-05,2026,,,145,All,Kiryat Bialik,Hot Cinema,589
20:10,Spider-Man: Brand new day,ספיידרמן: יום חדש,https://tickets.hotcinema.co.il/site/1184/tickets?code=1184-170866&languageid=en_gb,https://tickets.hotcinema.co.il/site/1184/tickets?code=1184-170866&languageid=he_IL,Regular,2D,,,2026-08-05,2026,,,145,All,Kiryat Bialik,Hot Cinema,589
20:40,Spider-Man: Brand new day,ספיידרמן: יום חדש,https://tickets.hotcinema.co.il/site/1184/tickets?code=1184-170874&languageid=en_gb,https://tickets.hotcinema.co.il/site/1184/tickets?code=1184-170874&languageid=he_IL,Regular,2D,,,2026-08-05,2026,,,145,All,Kiryat Bialik,Hot Cinema,589
21:00,Spider-Man: Brand new day,ספיידרמן: יום חדש,https://tickets.hotcinema.co.il/site/1184/tickets?code=1184-170848&languageid=en_gb,https://tickets.hotcinema.co.il/site/1184/tickets?code=1184-170848&languageid=he_IL,Regular,2D,,,2026-08-05,2026,,,145,All,Kiryat Bialik,Hot Cinema,589
21:40,Spider-Man: Brand new day,ספיידרמן: יום חדש,https://tickets.hotcinema.co.il/site/1184/tickets?code=1184-170870&languageid=en_gb,https://tickets.hotcinema.co.il/site/1184/tickets?code=1184-170870&languageid=he_IL,Regular,2D,,,2026-08-05,2026,,,145,All,Kiryat Bialik,Hot Cinema,589
21:50,Spider-Man: Brand new day,ספיידרמן: יום חדש,https://tickets.hotcinema.co.il/site/1184/tickets?code=1184-171892&languageid=en_gb,https://tickets.hotcinema.co.il/site/1184/tickets?code=1184-171892&languageid=he_IL,Regular,2D,,,2026-08-05,2026,,,145,All,Kiryat Bialik,Hot Cinema,589
22:15,Spider-Man: Brand new day,ספיידרמן: יום חדש,https://tickets.hotcinema.co.il/site/1184/tickets?code=1184-170843&languageid=en_gb,https://tickets.hotcinema.co.il/site/1184/tickets?code=1184-170843&languageid=he_IL,Regular,2D,,,2026-08-05,2026,,,145,All,Kiryat Bialik,Hot Cinema,589
17:30,סרט כחול לבן,סרט כחול לבן,https://tickets.hotcinema.co.il/site/1184/tickets?code=1184-170906&languageid=en_gb,https://tickets.hotcinema.co.il/site/1184/tickets?code=1184-170906&languageid=he_IL,Regular,2D,,,2026-08-05,2026,,,86,14+,Kiryat Bialik,Hot Cinema,589
19:30,סרט כחול לבן,סרט כחול לבן,https://tickets.hotcinema.co.il/site/1184/tickets?code=1184-170905&languageid=en_gb,https://tickets.hotcinema.co.il/site/1184/tickets?code=1184-170905&languageid=he_IL,Regular,2D,,,2026-08-05,2026,,,86,14+,Kiryat Bialik,Hot Cinema,589
21:30,סרט כחול לבן,סרט כחול לבן,https://tickets.hotcinema.co.il/site/1184/tickets?code=1184-170904&languageid=en_gb,https://tickets.hotcinema.co.il/site/1184/tickets?code=1184-170904&languageid=he_IL,Regular,2D,,,2026-08-05,2026,,,86,14+,Kiryat Bialik,Hot Cinema,589
15:00,Toy Story 5,צעצוע של סיפור 5,https://tickets.hotcinema.co.il/site/1184/tickets?code=1184-170893&languageid=en_gb,https://tickets.hotcinema.co.il/site/1184/tickets?code=1184-170893&languageid=he_IL,Regular,2D,,,2026-08-05,2026,,,102,All,Kiryat Bialik,Hot Cinema,589
10:30,Toy Story 5,צעצוע של סיפור 5,https://tickets.hotcinema.co.il/site/1184/tickets?code=1184-170896&languageid=en_gb,https://tickets.hotcinema.co.il/site/1184/tickets?code=1184-170896&languageid=he_IL,Regular,2D,,Hebrew,2026-08-05,2026,,,102,All,Kiryat Bialik,Hot Cinema,589
12:45,Toy Story 5,צעצוע של סיפור 5,https://tickets.hotcinema.co.il/site/1184/tickets?code=1184-170895&languageid=en_gb,https://tickets.hotcinema.co.il/site/1184/tickets?code=1184-170895&languageid=he_IL,Regular,2D,,Hebrew,2026-08-05,2026,,,102,All,Kiryat Bialik,Hot Cinema,589
17:15,Toy Story 5,צעצוע של סיפור 5,https://tickets.hotcinema.co.il/site/1184/tickets?code=1184-170894&languageid=en_gb,https://tickets.hotcinema.co.il/site/1184/tickets?code=1184-170894&languageid=he_IL,Regular,2D,,Hebrew,2026-08-05,2026,,,102,All,Kiryat Bialik,Hot Cinema,589
11:30,קופה ראשית: הסרט,קופה ראשית: הסרט,https://tickets.hotcinema.co.il/site/1184/tickets?code=1184-170881&languageid=en_gb,https://tickets.hotcinema.co.il/site/1184/tickets?code=1184-170881&languageid=he_IL,Regular,2D,,,2026-08-05,2026,,,91,All,Kiryat Bialik,Hot Cinema,589
13:35,קופה ראשית: הסרט,קופה ראשית: הסרט,https://tickets.hotcinema.co.il/site/1184/tickets?code=1184-170886&languageid=en_gb,https://tickets.hotcinema.co.il/site/1184/tickets?code=1184-170886&languageid=he_IL,Regular,2D,,,2026-08-05,2026,,,91,All,Kiryat Bialik,Hot Cinema,589
15:40,קופה ראשית: הסרט,קופה ראשית: הסרט,https://tickets.hotcinema.co.il/site/1184/tickets?code=1184-170885&languageid=en_gb,https://tickets.hotcinema.co.il/site/1184/tickets?code=1184-170885&languageid=he_IL,Regular,2D,,,2026-08-05,2026,,,91,All,Kiryat Bialik,Hot Cinema,589
17:45,קופה ראשית: הסרט,קופה ראשית: הסרט,https://tickets.hotcinema.co.il/site/1184/tickets?code=1184-170884&languageid=en_gb,https://tickets.hotcinema.co.il/site/1184/tickets?code=1184-170884&languageid=he_IL,Regular,2D,,,2026-08-05,2026,,,91,All,Kiryat Bialik,Hot Cinema,589
19:45,קופה ראשית: הסרט,קופה ראשית: הסרט,https://tickets.hotcinema.co.il/site/1184/tickets?code=1184-170856&languageid=en_gb,https://tickets.hotcinema.co.il/site/1184/tickets?code=1184-170856&languageid=he_IL,Regular,2D,,,2026-08-05,2026,,,91,All,Kiryat Bialik,Hot Cinema,589
21:40,קופה ראשית: הסרט,קופה ראשית: הסרט,https://tickets.hotcinema.co.il/site/1184/tickets?code=1184-170897&languageid=en_gb,https://tickets.hotcinema.co.il/site/1184/tickets?code=1184-170897&languageid=he_IL,Regular,2D,,,2026-08-05,2026,,,91,All,Kiryat Bialik,Hot Cinema,589
17:30,Dream High,תיכון מגשימים,https://tickets.hotcinema.co.il/site/1184/tickets?code=1184-170903&languageid=en_gb,https://tickets.hotcinema.co.il/site/1184/tickets?code=1184-170903&languageid=he_IL,Regular,2D,,,2026-08-05,2026,,,100,12+,Kiryat Bialik,Hot Cinema,589
19:30,גבעה 338,גבעה 338,https://tickets.hotcinema.co.il/site/1184/tickets?code=1184-171909&languageid=en_gb,https://tickets.hotcinema.co.il/site/1184/tickets?code=1184-171909&languageid=he_IL,Regular,2D,,,2026-08-06,2026,,,106,הגבלת גיל: הותר מגיל 9,Kiryat Bialik,Hot Cinema,589
20:10,גבעה 338,גבעה 338,https://tickets.hotcinema.co.il/site/1184/tickets?code=1184-171911&languageid=en_gb,https://tickets.hotcinema.co.il/site/1184/tickets?code=1184-171911&languageid=he_IL,Regular,2D,,,2026-08-06,2026,,,106,הגבלת גיל: הותר מגיל 9,Kiryat Bialik,Hot Cinema,589
21:50,גבעה 338,גבעה 338,https://tickets.hotcinema.co.il/site/1184/tickets?code=1184-171910&languageid=en_gb,https://tickets.hotcinema.co.il/site/1184/tickets?code=1184-171910&languageid=he_IL,Regular,2D,,,2026-08-06,2026,,,106,הגבלת גיל: הותר מגיל 9,Kiryat Bialik,Hot Cinema,589
22:30,גבעה 338,גבעה 338,https://tickets.hotcinema.co.il/site/1184/tickets?code=1184-171912&languageid=en_gb,https://tickets.hotcinema.co.il/site/1184/tickets?code=1184-171912&languageid=he_IL,Regular,2D,,,2026-08-06,2026,,,106,הגבלת גיל: הותר מגיל 9,Kiryat Bialik,Hot Cinema,589
19:50,The Odyssey,האודיסאה,https://tickets.hotcinema.co.il/site/1184/tickets?code=1184-171723&languageid=en_gb,https://tickets.hotcinema.co.il/site/1184/tickets?code=1184-171723&languageid=he_IL,Regular,2D,,,2026-08-06,2026,,,172,14+,Kiryat Bialik,Hot Cinema,589
20:30,יעקוב חמו מגיע לעשות סטנדאפ ב-HOT CINEMA,יעקוב חמו מגיע לעשות סטנדאפ ב-HOT CINEMA,https://tickets.hotcinema.co.il/site/1184/tickets?code=1184-160413&languageid=en_gb,https://tickets.hotcinema.co.il/site/1184/tickets?code=1184-160413&languageid=he_IL,Not Just Cinema,2D,,,2026-08-06,2026,,,70,,Kiryat Bialik,Hot Cinema,589
17:30,WALL·E,סינמה נוסטלגיה - וול-E,https://tickets.hotcinema.co.il/site/1184/tickets?code=1184-162753&languageid=en_gb,https://tickets.hotcinema.co.il/site/1184/tickets?code=1184-162753&languageid=he_IL,Not Just Cinema,2D,,Hebrew,2026-08-06,2008,,,98,All,Kiryat Bialik,Hot Cinema,589
20:30,Spider-Man: Brand new day,ספיידרמן: יום חדש,https://tickets.hotcinema.co.il/site/1184/tickets?code=1184-171722&languageid=en_gb,https://tickets.hotcinema.co.il/site/1184/tickets?code=1184-171722&languageid=he_IL,Regular,2D,,,2026-08-06,2026,,,145,All,Kiryat Bialik,Hot Cinema,589
19:30,גבעה 338,גבעה 338,https://tickets.hotcinema.co.il/site/1184/tickets?code=1184-171906&languageid=en_gb,https://tickets.hotcinema.co.il/site/1184/tickets?code=1184-171906&languageid=he_IL,Regular,2D,,,2026-08-07,2026,,,106,הגבלת גיל: הותר מגיל 9,Kiryat Bialik,Hot Cinema,589
21:50,גבעה 338,גבעה 338,https://tickets.hotcinema.co.il/site/1184/tickets?code=1184-171907&languageid=en_gb,https://tickets.hotcinema.co.il/site/1184/tickets?code=1184-171907&languageid=he_IL,Regular,2D,,,2026-08-07,2026,,,106,הגבלת גיל: הותר מגיל 9,Kiryat Bialik,Hot Cinema,589
00:00,גבעה 338,גבעה 338,https://tickets.hotcinema.co.il/site/1184/tickets?code=1184-None&languageid=en_gb,https://tickets.hotcinema.co.il/site/1184/tickets?code=1184-None&languageid=he_IL,Regular,2D,,,2026-08-07,2026,,,106,הגבלת גיל: הותר מגיל 9,Kiryat Bialik,Hot Cinema,589
20:00,The Odyssey,האודיסאה,https://tickets.hotcinema.co.il/site/1184/tickets?code=1184-171724&languageid=en_gb,https://tickets.hotcinema.co.il/site/1184/tickets?code=1184-171724&languageid=he_IL,Regular,2D,,,2026-08-07,2026,,,172,14+,Kiryat Bialik,Hot Cinema,589
21:00,Muhamad Naama,מוחמד נעמה מגיע לעשות סטנדאפ ב-HOT CINEMA,https://tickets.hotcinema.co.il/site/1184/tickets?code=1184-160415&languageid=en_gb,https://tickets.hotcinema.co.il/site/1184/tickets?code=1184-160415&languageid=he_IL,Not Just Cinema,2D,,,2026-08-07,2024,,,70,,Kiryat Bialik,Hot Cinema,589
21:15,Spider-Man: Brand new day,ספיידרמן: יום חדש,https://tickets.hotcinema.co.il/site/1184/tickets?code=1184-171225&languageid=en_gb,https://tickets.hotcinema.co.il/site/1184/tickets?code=1184-171225&languageid=he_IL,Regular,2D,,,2026-08-07,2026,,,145,All,Kiryat Bialik,Hot Cinema,589
11:00,בים בם בם תירס חם,בים בם בם תירס חם,https://tickets.hotcinema.co.il/site/1184/tickets?code=1184-158778&languageid=en_gb,https://tickets.hotcinema.co.il/site/1184/tickets?code=1184-158778&languageid=he_IL,Not Just Cinema,2D,,,2026-08-08,,,,45,All,Kiryat Bialik,Hot Cinema,589
19:30,גבעה 338,גבעה 338,https://tickets.hotcinema.co.il/site/1184/tickets?code=1184-171902&languageid=en_gb,https://tickets.hotcinema.co.il/site/1184/tickets?code=1184-171902&languageid=he_IL,Regular,2D,,,2026-08-08,2026,,,106,הגבלת גיל: הותר מגיל 9,Kiryat Bialik,Hot Cinema,589
20:10,גבעה 338,גבעה 338,https://tickets.hotcinema.co.il/site/1184/tickets?code=1184-171904&languageid=en_gb,https://tickets.hotcinema.co.il/site/1184/tickets?code=1184-171904&languageid=he_IL,Regular,2D,,,2026-08-08,2026,,,106,הגבלת גיל: הותר מגיל 9,Kiryat Bialik,Hot Cinema,589
21:50,גבעה 338,גבעה 338,https://tickets.hotcinema.co.il/site/1184/tickets?code=1184-171903&languageid=en_gb,https://tickets.hotcinema.co.il/site/1184/tickets?code=1184-171903&languageid=he_IL,Regular,2D,,,2026-08-08,2026,,,106,הגבלת גיל: הותר מגיל 9,Kiryat Bialik,Hot Cinema,589
22:30,גבעה 338,גבעה 338,https://tickets.hotcinema.co.il/site/1184/tickets?code=1184-171905&languageid=en_gb,https://tickets.hotcinema.co.il/site/1184/tickets?code=1184-171905&languageid=he_IL,Regular,2D,,,2026-08-08,2026,,,106,הגבלת גיל: הותר מגיל 9,Kiryat Bialik,Hot Cinema,589
20:00,The Odyssey,האודיסאה,https://tickets.hotcinema.co.il/site/1184/tickets?code=1184-171725&languageid=en_gb,https://tickets.hotcinema.co.il/site/1184/tickets?code=1184-171725&languageid=he_IL,Regular,2D,,,2026-08-08,2026,,,172,14+,Kiryat Bialik,Hot Cinema,589
14:10,Spider-Man: Brand new day,ספיידרמן: יום חדש,https://tickets.hotcinema.co.il/site/1184/tickets?code=1184-171727&languageid=en_gb,https://tickets.hotcinema.co.il/site/1184/tickets?code=1184-171727&languageid=he_IL,Regular,2D,,,2026-08-08,2026,,,145,All,Kiryat Bialik,Hot Cinema,589
17:15,Spider-Man: Brand new day,ספיידרמן: יום חדש,https://tickets.hotcinema.co.il/site/1184/tickets?code=1184-171726&languageid=en_gb,https://tickets.hotcinema.co.il/site/1184/tickets?code=1184-171726&languageid=he_IL,Regular,2D,,,2026-08-08,2026,,,145,All,Kiryat Bialik,Hot Cinema,589
20:20,Spider-Man: Brand new day,ספיידרמן: יום חדש,https://tickets.hotcinema.co.il/site/1184/tickets?code=1184-171137&languageid=en_gb,https://tickets.hotcinema.co.il/site/1184/tickets?code=1184-171137&languageid=he_IL,Regular,2D,,,2026-08-08,2026,,,145,All,Kiryat Bialik,Hot Cinema,589
20:00,Superman - 1978,סינמה נוסטלגיה - סופרמן 1978,https://tickets.hotcinema.co.il/site/1184/tickets?code=1184-164134&languageid=en_gb,https://tickets.hotcinema.co.il/site/1184/tickets?code=1184-164134&languageid=he_IL,Not Just Cinema,2D,,,2026-08-13,1978,,,143,,Kiryat Bialik,Hot Cinema,589
11:00,הבית של יעל,הבית של יעל,https://tickets.hotcinema.co.il/site/1184/tickets?code=1184-158780&languageid=en_gb,https://tickets.hotcinema.co.il/site/1184/tickets?code=1184-158780&languageid=he_IL,Not Just Cinema,2D,,,2026-08-15,,,,60,All,Kiryat Bialik,Hot Cinema,589
21:00,יונה קפח מגיעה לעשות סטנדאפ ב-HOT CINEMA,יונה קפח מגיעה לעשות סטנדאפ ב-HOT CINEMA,https://tickets.hotcinema.co.il/site/1184/tickets?code=1184-162222&languageid=en_gb,https://tickets.hotcinema.co.il/site/1184/tickets?code=1184-162222&languageid=he_IL,Not Just Cinema,2D,,,2026-08-20,,,,,,Kiryat Bialik,Hot Cinema,589
20:00,Superman 2 The Richard Donner Cut,סינמה נוסטלגיה - סופרמן 2 גרסת הבמאי,https://tickets.hotcinema.co.il/site/1184/tickets?code=1184-165566&languageid=en_gb,https://tickets.hotcinema.co.il/site/1184/tickets?code=1184-165566&languageid=he_IL,Not Just Cinema,2D,,,2026-08-20,2006,,,116,All,Kiryat Bialik,Hot Cinema,589
11:00,חנן הגנן,הצגה - חנן הגנן,https://tickets.hotcinema.co.il/site/1184/tickets?code=1184-160409&languageid=en_gb,https://tickets.hotcinema.co.il/site/1184/tickets?code=1184-160409&languageid=he_IL,Not Just Cinema,2D,,,2026-08-22,,,,45,All,Kiryat Bialik,Hot Cinema,589
17:30,Tangled,סינמה נוסטלגיה - פלונטר,https://tickets.hotcinema.co.il/site/1184/tickets?code=1184-165570&languageid=en_gb,https://tickets.hotcinema.co.il/site/1184/tickets?code=1184-165570&languageid=he_IL,Not Just Cinema,2D,,Hebrew,2026-08-27,2010,,,100,All,Kiryat Bialik,Hot Cinema,589
17:30,Tangled,סינמה נוסטלגיה - פלונטר,https://tickets.hotcinema.co.il/site/1184/tickets?code=1184-165571&languageid=en_gb,https://tickets.hotcinema.co.il/site/1184/tickets?code=1184-165571&languageid=he_IL,Not Just Cinema,2D,,Hebrew,2026-08-28,2010,,,100,All,Kiryat Bialik,Hot Cinema,589
11:00,Five Baloons,מעשה בחמישה בלונים,https://tickets.hotcinema.co.il/site/1184/tickets?code=1184-133630&languageid=en_gb,https://tickets.hotcinema.co.il/site/1184/tickets?code=1184-133630&languageid=he_IL,Not Just Cinema,2D,,,2026-08-29,,,,45,All,Kiryat Bialik,Hot Cinema,589
17:30,Tangled,סינמה נוסטלגיה - פלונטר,https://tickets.hotcinema.co.il/site/1184/tickets?code=1184-165572&languageid=en_gb,https://tickets.hotcinema.co.il/site/1184/tickets?code=1184-165572&languageid=he_IL,Not Just Cinema,2D,,Hebrew,2026-08-29,2010,,,100,All,Kiryat Bialik,Hot Cinema,589
20:00,סינמה נוסטלגיה - גבעת חלפון אינה עונה חוגגת 50!,סינמה נוסטלגיה - גבעת חלפון אינה עונה חוגגת 50!,https://tickets.hotcinema.co.il/site/1184/tickets?code=1184-168571&languageid=en_gb,https://tickets.hotcinema.co.il/site/1184/tickets?code=1184-168571&languageid=he_IL,Not Just Cinema,2D,,,2026-09-03,1976,,,92,12+,Kiryat Bialik,Hot Cinema,589
20:00,סינמה נוסטלגיה - גבעת חלפון אינה עונה חוגגת 50!,סינמה נוסטלגיה - גבעת חלפון אינה עונה חוגגת 50!,https://tickets.hotcinema.co.il/site/1184/tickets?code=1184-168572&languageid=en_gb,https://tickets.hotcinema.co.il/site/1184/tickets?code=1184-168572&languageid=he_IL,Not Just Cinema,2D,,,2026-09-04,1976,,,92,12+,Kiryat Bialik,Hot Cinema,589
11:00,איילת מטיילת,איילת מטיילת,https://tickets.hotcinema.co.il/site/1184/tickets?code=1184-160405&languageid=en_gb,https://tickets.hotcinema.co.il/site/1184/tickets?code=1184-160405&languageid=he_IL,Not Just Cinema,2D,,,2026-09-05,,,,,All,Kiryat Bialik,Hot Cinema,589
20:00,סינמה נוסטלגיה - גבעת חלפון אינה עונה חוגגת 50!,סינמה נוסטלגיה - גבעת חלפון אינה עונה חוגגת 50!,https://tickets.hotcinema.co.il/site/1184/tickets?code=1184-168573&languageid=en_gb,https://tickets.hotcinema.co.il/site/1184/tickets?code=1184-168573&languageid=he_IL,Not Just Cinema,2D,,,2026-09-05,1976,,,92,12+,Kiryat Bialik,Hot Cinema,589
20:00,Taxi Driver,סינמה נוסטלגיה - 50 שנה לסרט נהג מונית,https://tickets.hotcinema.co.il/site/1184/tickets?code=1184-167240&languageid=en_gb,https://tickets.hotcinema.co.il/site/1184/tickets?code=1184-167240&languageid=he_IL,Not Just Cinema,2D,,,2026-09-10,1976,,,114,הגבלת גיל: הותר מגיל 18 בהצגת תעודה מזהה,Kiryat Bialik,Hot Cinema,589
20:30,Roni Sason,רוני ששון מגיע לעשות סטנדאפ ב-HOT CINEMA,https://tickets.hotcinema.co.il/site/1184/tickets?code=1184-171916&languageid=en_gb,https://tickets.hotcinema.co.il/site/1184/tickets?code=1184-171916&languageid=he_IL,Not Just Cinema,2D,,,2026-09-10,2024,,,70,,Kiryat Bialik,Hot Cinema,589
20:00,A Few Good Men,סינמה נוסטלגיה - בחורים טובים,https://tickets.hotcinema.co.il/site/1184/tickets?code=1184-168579&languageid=en_gb,https://tickets.hotcinema.co.il/site/1184/tickets?code=1184-168579&languageid=he_IL,Not Just Cinema,2D,,,2026-09-17,1992,,,138,12+,Kiryat Bialik,Hot Cinema,589
20:00,A Few Good Men,סינמה נוסטלגיה - בחורים טובים,https://tickets.hotcinema.co.il/site/1184/tickets?code=1184-168577&languageid=en_gb,https://tickets.hotcinema.co.il/site/1184/tickets?code=1184-168577&languageid=he_IL,Not Just Cinema,2D,,,2026-09-18,1992,,,138,12+,Kiryat Bialik,Hot Cinema,589
11:00,האריה שבפנים,האריה שבפנים,https://tickets.hotcinema.co.il/site/1184/tickets?code=1184-160411&languageid=en_gb,https://tickets.hotcinema.co.il/site/1184/tickets?code=1184-160411&languageid=he_IL,Not Just Cinema,2D,,,2026-09-19,,,,45,All,Kiryat Bialik,Hot Cinema,589
20:00,A Few Good Men,סינמה נוסטלגיה - בחורים טובים,https://tickets.hotcinema.co.il/site/1184/tickets?code=1184-168578&languageid=en_gb,https://tickets.hotcinema.co.il/site/1184/tickets?code=1184-168578&languageid=he_IL,Not Just Cinema,2D,,,2026-09-19,1992,,,138,12+,Kiryat Bialik,Hot Cinema,589
20:00,Ghostbusters,סינמה נוסטלגיה - מכסחי השדים,https://tickets.hotcinema.co.il/site/1184/tickets?code=1184-168581&languageid=en_gb,https://tickets.hotcinema.co.il/site/1184/tickets?code=1184-168581&languageid=he_IL,Not Just Cinema,2D,,,2026-09-24,1984,,,105,12+,Kiryat Bialik,Hot Cinema,589
12:45,The Odyssey,האודיסאה,https://tickets.hotcinema.co.il/site/1192/tickets?code=1192-61241&languageid=en_gb,https://tickets.hotcinema.co.il/site/1192/tickets?code=1192-61241&languageid=he_IL,Regular,2D,,,2026-08-04,2026,,,172,14+,Carmiel,Hot Cinema,589
14:30,The Odyssey,האודיסאה,https://tickets.hotcinema.co.il/site/1192/tickets?code=1192-61248&languageid=en_gb,https://tickets.hotcinema.co.il/site/1192/tickets?code=1192-61248&languageid=he_IL,Regular,2D,,,2026-08-04,2026,,,172,14+,Carmiel,Hot Cinema,589
18:10,The Odyssey,האודיסאה,https://tickets.hotcinema.co.il/site/1192/tickets?code=1192-61247&languageid=en_gb,https://tickets.hotcinema.co.il/site/1192/tickets?code=1192-61247&languageid=he_IL,Regular,2D,,,2026-08-04,2026,,,172,14+,Carmiel,Hot Cinema,589
19:10,The Odyssey,האודיסאה,https://tickets.hotcinema.co.il/site/1192/tickets?code=1192-61229&languageid=en_gb,https://tickets.hotcinema.co.il/site/1192/tickets?code=1192-61229&languageid=he_IL,Regular,2D,,,2026-08-04,2026,,,172,14+,Carmiel,Hot Cinema,589
17:05,A missing part,החלק החסר,https://tickets.hotcinema.co.il/site/1192/tickets?code=1192-61233&languageid=en_gb,https://tickets.hotcinema.co.il/site/1192/tickets?code=1192-61233&languageid=he_IL,Regular,2D,,,2026-08-04,2024,,,98,All,Carmiel,Hot Cinema,589
16:20,THE MAGICAL FARAWAY TREE,המסע המופלא לעץ הקסמים,https://tickets.hotcinema.co.il/site/1192/tickets?code=1192-61244&languageid=en_gb,https://tickets.hotcinema.co.il/site/1192/tickets?code=1192-61244&languageid=he_IL,Regular,2D,,Hebrew,2026-08-04,2026,,,110,All,Carmiel,Hot Cinema,589
18:40,American Hina,חינה אמריקאית,https://tickets.hotcinema.co.il/site/1192/tickets?code=1192-61242&languageid=en_gb,https://tickets.hotcinema.co.il/site/1192/tickets?code=1192-61242&languageid=he_IL,Regular,2D,,,2026-08-04,2026,,,100,All,Carmiel,Hot Cinema,589
14:20,Tafiti: Across the Desert,טפיטי: הרפתקה במדבר,https://tickets.hotcinema.co.il/site/1192/tickets?code=1192-61234&languageid=en_gb,https://tickets.hotcinema.co.il/site/1192/tickets?code=1192-61234&languageid=he_IL,Regular,2D,,,2026-08-04,,,,81,הגבלת גיל: עד גיל 8 בליווי מבוגר,Carmiel,Hot Cinema,589
18:20,Diamonds,יהלומים,https://tickets.hotcinema.co.il/site/1192/tickets?code=1192-61239&languageid=en_gb,https://tickets.hotcinema.co.il/site/1192/tickets?code=1192-61239&languageid=he_IL,Regular,2D,,,2026-08-04,2024,,,135,All,Carmiel,Hot Cinema,589
20:50,כי את מכוערת,כי את מכוערת,https://tickets.hotcinema.co.il/site/1192/tickets?code=1192-61240&languageid=en_gb,https://tickets.hotcinema.co.il/site/1192/tickets?code=1192-61240&languageid=he_IL,Regular,2D,,,2026-08-04,2025,,,83,12+,Carmiel,Hot Cinema,589
14:40,Moana (Live Action),מואנה לייב אקשן,https://tickets.hotcinema.co.il/site/1192/tickets?code=1192-61231&languageid=en_gb,https://tickets.hotcinema.co.il/site/1192/tickets?code=1192-61231&languageid=he_IL,Regular,2D,,,2026-08-04,2026,,,115,All,Carmiel,Hot Cinema,589
12:15,Moana (Live Action),מואנה לייב אקשן,https://tickets.hotcinema.co.il/site/1192/tickets?code=1192-61230&languageid=en_gb,https://tickets.hotcinema.co.il/site/1192/tickets?code=1192-61230&languageid=he_IL,Regular,2D,,Hebrew,2026-08-04,2026,,,115,All,Carmiel,Hot Cinema,589
10:15,Minions & Monsters,מיניונים ומפלצות,https://tickets.hotcinema.co.il/site/1192/tickets?code=1192-61250&languageid=en_gb,https://tickets.hotcinema.co.il/site/1192/tickets?code=1192-61250&languageid=he_IL,Regular,2D,,Hebrew,2026-08-04,2026,,,90,All,Carmiel,Hot Cinema,589
12:20,Minions & Monsters,מיניונים ומפלצות,https://tickets.hotcinema.co.il/site/1192/tickets?code=1192-61249&languageid=en_gb,https://tickets.hotcinema.co.il/site/1192/tickets?code=1192-61249&languageid=he_IL,Regular,2D,,Hebrew,2026-08-04,2026,,,90,All,Carmiel,Hot Cinema,589
10:30,School of Magical Animals,סוד החיות הקסומות 3,https://tickets.hotcinema.co.il/site/1192/tickets?code=1192-61243&languageid=en_gb,https://tickets.hotcinema.co.il/site/1192/tickets?code=1192-61243&languageid=he_IL,Regular,2D,,Hebrew,2026-08-04,2024,,,105,All,Carmiel,Hot Cinema,589
10:15,Saltiz,סולטיז הסרט - וולוג ה-100,https://tickets.hotcinema.co.il/site/1192/tickets?code=1192-61236&languageid=en_gb,https://tickets.hotcinema.co.il/site/1192/tickets?code=1192-61236&languageid=he_IL,Regular,2D,,,2026-08-04,2026,,,100,All,Carmiel,Hot Cinema,589
16:10,Saltiz,סולטיז הסרט - וולוג ה-100,https://tickets.hotcinema.co.il/site/1192/tickets?code=1192-61235&languageid=en_gb,https://tickets.hotcinema.co.il/site/1192/tickets?code=1192-61235&languageid=he_IL,Regular,2D,,,2026-08-04,2026,,,100,All,Carmiel,Hot Cinema,589
10:20,Three Wishes for Cinderella,סינדרלה ושלוש המשאלות,https://tickets.hotcinema.co.il/site/1192/tickets?code=1192-61232&languageid=en_gb,https://tickets.hotcinema.co.il/site/1192/tickets?code=1192-61232&languageid=he_IL,Regular,2D,,Hebrew,2026-08-04,2026,,,85,All,Carmiel,Hot Cinema,589
10:30,Spider-Man: Brand new day,ספיידרמן: יום חדש,https://tickets.hotcinema.co.il/site/1192/tickets?code=1192-61252&languageid=en_gb,https://tickets.hotcinema.co.il/site/1192/tickets?code=1192-61252&languageid=he_IL,Regular,2D,,,2026-08-04,2026,,,145,All,Carmiel,Hot Cinema,589
11:40,Spider-Man: Brand new day,ספיידרמן: יום חדש,https://tickets.hotcinema.co.il/site/1192/tickets?code=1192-61227&languageid=en_gb,https://tickets.hotcinema.co.il/site/1192/tickets?code=1192-61227&languageid=he_IL,Regular,2D,,,2026-08-04,2026,,,145,All,Carmiel,Hot Cinema,589
13:30,Spider-Man: Brand new day,ספיידרמן: יום חדש,https://tickets.hotcinema.co.il/site/1192/tickets?code=1192-61251&languageid=en_gb,https://tickets.hotcinema.co.il/site/1192/tickets?code=1192-61251&languageid=he_IL,Regular,2D,,,2026-08-04,2026,,,145,All,Carmiel,Hot Cinema,589
15:00,Spider-Man: Brand new day,ספיידרמן: יום חדש,https://tickets.hotcinema.co.il/site/1192/tickets?code=1192-61226&languageid=en_gb,https://tickets.hotcinema.co.il/site/1192/tickets?code=1192-61226&languageid=he_IL,Regular,2D,,,2026-08-04,2026,,,145,All,Carmiel,Hot Cinema,589
16:30,Spider-Man: Brand new day,ספיידרמן: יום חדש,https://tickets.hotcinema.co.il/site/1192/tickets?code=1192-61221&languageid=en_gb,https://tickets.hotcinema.co.il/site/1192/tickets?code=1192-61221&languageid=he_IL,Regular,2D,,,2026-08-04,2026,,,145,All,Carmiel,Hot Cinema,589
18:15,Spider-Man: Brand new day,ספיידרמן: יום חדש,https://tickets.hotcinema.co.il/site/1192/tickets?code=1192-61225&languageid=en_gb,https://tickets.hotcinema.co.il/site/1192/tickets?code=1192-61225&languageid=he_IL,Regular,2D,,,2026-08-04,2026,,,145,All,Carmiel,Hot Cinema,589
19:30,Spider-Man: Brand new day,ספיידרמן: יום חדש,https://tickets.hotcinema.co.il/site/1192/tickets?code=1192-61222&languageid=en_gb,https://tickets.hotcinema.co.il/site/1192/tickets?code=1192-61222&languageid=he_IL,Regular,2D,,,2026-08-04,2026,,,145,All,Carmiel,Hot Cinema,589
21:30,Spider-Man: Brand new day,ספיידרמן: יום חדש,https://tickets.hotcinema.co.il/site/1192/tickets?code=1192-61224&languageid=en_gb,https://tickets.hotcinema.co.il/site/1192/tickets?code=1192-61224&languageid=he_IL,Regular,2D,,,2026-08-04,2026,,,145,All,Carmiel,Hot Cinema,589
21:50,Spider-Man: Brand new day,ספיידרמן: יום חדש,https://tickets.hotcinema.co.il/site/1192/tickets?code=1192-61246&languageid=en_gb,https://tickets.hotcinema.co.il/site/1192/tickets?code=1192-61246&languageid=he_IL,Regular,2D,,,2026-08-04,2026,,,145,All,Carmiel,Hot Cinema,589
21:10,קופה ראשית: הסרט,קופה ראשית: הסרט,https://tickets.hotcinema.co.il/site/1192/tickets?code=1192-61237&languageid=en_gb,https://tickets.hotcinema.co.il/site/1192/tickets?code=1192-61237&languageid=he_IL,Regular,2D,,,2026-08-04,2026,,,91,All,Carmiel,Hot Cinema,589
13:20,The Odyssey,האודיסאה,https://tickets.hotcinema.co.il/site/1192/tickets?code=1192-61141&languageid=en_gb,https://tickets.hotcinema.co.il/site/1192/tickets?code=1192-61141&languageid=he_IL,Regular,2D,,,2026-08-05,2026,,,172,14+,Carmiel,Hot Cinema,589
14:15,The Odyssey,האודיסאה,https://tickets.hotcinema.co.il/site/1192/tickets?code=1192-61150&languageid=en_gb,https://tickets.hotcinema.co.il/site/1192/tickets?code=1192-61150&languageid=he_IL,Regular,2D,,,2026-08-05,2026,,,172,14+,Carmiel,Hot Cinema,589
17:50,The Odyssey,האודיסאה,https://tickets.hotcinema.co.il/site/1192/tickets?code=1192-61151&languageid=en_gb,https://tickets.hotcinema.co.il/site/1192/tickets?code=1192-61151&languageid=he_IL,Regular,2D,,,2026-08-05,2026,,,172,14+,Carmiel,Hot Cinema,589
19:00,The Odyssey,האודיסאה,https://tickets.hotcinema.co.il/site/1192/tickets?code=1192-61157&languageid=en_gb,https://tickets.hotcinema.co.il/site/1192/tickets?code=1192-61157&languageid=he_IL,Regular,2D,,,2026-08-05,2026,,,172,14+,Carmiel,Hot Cinema,589
19:10,The Odyssey,האודיסאה,https://tickets.hotcinema.co.il/site/1192/tickets?code=1192-61139&languageid=en_gb,https://tickets.hotcinema.co.il/site/1192/tickets?code=1192-61139&languageid=he_IL,Regular,2D,,,2026-08-05,2026,,,172,14+,Carmiel,Hot Cinema,589
22:40,The Odyssey,האודיסאה,https://tickets.hotcinema.co.il/site/1192/tickets?code=1192-61140&languageid=en_gb,https://tickets.hotcinema.co.il/site/1192/tickets?code=1192-61140&languageid=he_IL,Regular,2D,,,2026-08-05,2026,,,172,14+,Carmiel,Hot Cinema,589
11:30,THE MAGICAL FARAWAY TREE,המסע המופלא לעץ הקסמים,https://tickets.hotcinema.co.il/site/1192/tickets?code=1192-61146&languageid=en_gb,https://tickets.hotcinema.co.il/site/1192/tickets?code=1192-61146&languageid=he_IL,Regular,2D,,Hebrew,2026-08-05,2026,,,110,All,Carmiel,Hot Cinema,589
10:30,Tafiti: Across the Desert,טפיטי: הרפתקה במדבר,https://tickets.hotcinema.co.il/site/1192/tickets?code=1192-61153&languageid=en_gb,https://tickets.hotcinema.co.il/site/1192/tickets?code=1192-61153&languageid=he_IL,Regular,2D,,,2026-08-05,,,,81,הגבלת גיל: עד גיל 8 בליווי מבוגר,Carmiel,Hot Cinema,589
10:50,Moana (Live Action),מואנה לייב אקשן,https://tickets.hotcinema.co.il/site/1192/tickets?code=1192-61142&languageid=en_gb,https://tickets.hotcinema.co.il/site/1192/tickets?code=1192-61142&languageid=he_IL,Regular,2D,,Hebrew,2026-08-05,2026,,,115,All,Carmiel,Hot Cinema,589
21:20,Motor City,מוטור סיטי,https://tickets.hotcinema.co.il/site/1192/tickets?code=1192-61154&languageid=en_gb,https://tickets.hotcinema.co.il/site/1192/tickets?code=1192-61154&languageid=he_IL,Regular,2D,,,2026-08-05,2025,,,103,16+,Carmiel,Hot Cinema,589
22:35,Motor City,מוטור סיטי,https://tickets.hotcinema.co.il/site/1192/tickets?code=1192-61156&languageid=en_gb,https://tickets.hotcinema.co.il/site/1192/tickets?code=1192-61156&languageid=he_IL,Regular,2D,,,2026-08-05,2025,,,103,16+,Carmiel,Hot Cinema,589
23:30,Motor City,מוטור סיטי,https://tickets.hotcinema.co.il/site/1192/tickets?code=1192-61155&languageid=en_gb,https://tickets.hotcinema.co.il/site/1192/tickets?code=1192-61155&languageid=he_IL,Regular,2D,,,2026-08-05,2025,,,103,16+,Carmiel,Hot Cinema,589
10:10,Minions & Monsters,מיניונים ומפלצות,https://tickets.hotcinema.co.il/site/1192/tickets?code=1192-61160&languageid=en_gb,https://tickets.hotcinema.co.il/site/1192/tickets?code=1192-61160&languageid=he_IL,Regular,2D,,Hebrew,2026-08-05,2026,,,90,All,Carmiel,Hot Cinema,589
12:15,Minions & Monsters,מיניונים ומפלצות,https://tickets.hotcinema.co.il/site/1192/tickets?code=1192-61158&languageid=en_gb,https://tickets.hotcinema.co.il/site/1192/tickets?code=1192-61158&languageid=he_IL,Regular,2D,,Hebrew,2026-08-05,2026,,,90,All,Carmiel,Hot Cinema,589
10:15,Spider-Man: Brand new day,ספיידרמן: יום חדש,https://tickets.hotcinema.co.il/site/1192/tickets?code=1192-61134&languageid=en_gb,https://tickets.hotcinema.co.il/site/1192/tickets?code=1192-61134&languageid=he_IL,Regular,2D,,,2026-08-05,2026,,,145,All,Carmiel,Hot Cinema,589
11:20,Spider-Man: Brand new day,ספיידרמן: יום חדש,https://tickets.hotcinema.co.il/site/1192/tickets?code=1192-61136&languageid=en_gb,https://tickets.hotcinema.co.il/site/1192/tickets?code=1192-61136&languageid=he_IL,Regular,2D,,,2026-08-05,2026,,,145,All,Carmiel,Hot Cinema,589
13:15,Spider-Man: Brand new day,ספיידרמן: יום חדש,https://tickets.hotcinema.co.il/site/1192/tickets?code=1192-61302&languageid=en_gb,https://tickets.hotcinema.co.il/site/1192/tickets?code=1192-61302&languageid=he_IL,Regular,2D,,,2026-08-05,2026,,,145,All,Carmiel,Hot Cinema,589
14:00,Spider-Man: Brand new day,ספיידרמן: יום חדש,https://tickets.hotcinema.co.il/site/1192/tickets?code=1192-61147&languageid=en_gb,https://tickets.hotcinema.co.il/site/1192/tickets?code=1192-61147&languageid=he_IL,Regular,2D,,,2026-08-05,2026,,,145,All,Carmiel,Hot Cinema,589
16:15,Spider-Man: Brand new day,ספיידרמן: יום חדש,https://tickets.hotcinema.co.il/site/1192/tickets?code=1192-61303&languageid=en_gb,https://tickets.hotcinema.co.il/site/1192/tickets?code=1192-61303&languageid=he_IL,Regular,2D,,,2026-08-05,2026,,,145,All,Carmiel,Hot Cinema,589
17:00,Spider-Man: Brand new day,ספיידרמן: יום חדש,https://tickets.hotcinema.co.il/site/1192/tickets?code=1192-61253&languageid=en_gb,https://tickets.hotcinema.co.il/site/1192/tickets?code=1192-61253&languageid=he_IL,Regular,2D,,,2026-08-05,2026,,,145,All,Carmiel,Hot Cinema,589
19:15,Spider-Man: Brand new day,ספיידרמן: יום חדש,https://tickets.hotcinema.co.il/site/1192/tickets?code=1192-61162&languageid=en_gb,https://tickets.hotcinema.co.il/site/1192/tickets?code=1192-61162&languageid=he_IL,Regular,2D,,,2026-08-05,2026,,,145,All,Carmiel,Hot Cinema,589
20:00,Spider-Man: Brand new day,ספיידרמן: יום חדש,https://tickets.hotcinema.co.il/site/1192/tickets?code=1192-61135&languageid=en_gb,https://tickets.hotcinema.co.il/site/1192/tickets?code=1192-61135&languageid=he_IL,Regular,2D,,,2026-08-05,2026,,,145,All,Carmiel,Hot Cinema,589
22:15,Spider-Man: Brand new day,ספיידרמן: יום חדש,https://tickets.hotcinema.co.il/site/1192/tickets?code=1192-61133&languageid=en_gb,https://tickets.hotcinema.co.il/site/1192/tickets?code=1192-61133&languageid=he_IL,Regular,2D,,,2026-08-05,2026,,,145,All,Carmiel,Hot Cinema,589
23:00,Spider-Man: Brand new day,ספיידרמן: יום חדש,https://tickets.hotcinema.co.il/site/1192/tickets?code=1192-61137&languageid=en_gb,https://tickets.hotcinema.co.il/site/1192/tickets?code=1192-61137&languageid=he_IL,Regular,2D,,,2026-08-05,2026,,,145,All,Carmiel,Hot Cinema,589
22:00,סרט כחול לבן,סרט כחול לבן,https://tickets.hotcinema.co.il/site/1192/tickets?code=1192-61258&languageid=en_gb,https://tickets.hotcinema.co.il/site/1192/tickets?code=1192-61258&languageid=he_IL,Regular,2D,,,2026-08-05,2026,,,86,14+,Carmiel,Hot Cinema,589
20:00,קופה ראשית: הסרט,קופה ראשית: הסרט,https://tickets.hotcinema.co.il/site/1192/tickets?code=1192-61149&languageid=en_gb,https://tickets.hotcinema.co.il/site/1192/tickets?code=1192-61149&languageid=he_IL,Regular,2D,,,2026-08-05,2026,,,91,All,Carmiel,Hot Cinema,589
20:10,גבעה 338,גבעה 338,https://tickets.hotcinema.co.il/site/1192/tickets?code=1192-61511&languageid=en_gb,https://tickets.hotcinema.co.il/site/1192/tickets?code=1192-61511&languageid=he_IL,Regular,2D,,,2026-08-06,2026,,,106,הגבלת גיל: הותר מגיל 9,Carmiel,Hot Cinema,589
22:30,גבעה 338,גבעה 338,https://tickets.hotcinema.co.il/site/1192/tickets?code=1192-61512&languageid=en_gb,https://tickets.hotcinema.co.il/site/1192/tickets?code=1192-61512&languageid=he_IL,Regular,2D,,,2026-08-06,2026,,,106,הגבלת גיל: הותר מגיל 9,Carmiel,Hot Cinema,589
17:30,WALL·E,סינמה נוסטלגיה - וול-E,https://tickets.hotcinema.co.il/site/1192/tickets?code=1192-58179&languageid=en_gb,https://tickets.hotcinema.co.il/site/1192/tickets?code=1192-58179&languageid=he_IL,Not Just Cinema,2D,,Hebrew,2026-08-06,2008,,,98,All,Carmiel,Hot Cinema,589
20:10,גבעה 338,גבעה 338,https://tickets.hotcinema.co.il/site/1192/tickets?code=1192-61513&languageid=en_gb,https://tickets.hotcinema.co.il/site/1192/tickets?code=1192-61513&languageid=he_IL,Regular,2D,,,2026-08-07,2026,,,106,הגבלת גיל: הותר מגיל 9,Carmiel,Hot Cinema,589
22:30,גבעה 338,גבעה 338,https://tickets.hotcinema.co.il/site/1192/tickets?code=1192-61514&languageid=en_gb,https://tickets.hotcinema.co.il/site/1192/tickets?code=1192-61514&languageid=he_IL,Regular,2D,,,2026-08-07,2026,,,106,הגבלת גיל: הותר מגיל 9,Carmiel,Hot Cinema,589
20:10,גבעה 338,גבעה 338,https://tickets.hotcinema.co.il/site/1192/tickets?code=1192-61515&languageid=en_gb,https://tickets.hotcinema.co.il/site/1192/tickets?code=1192-61515&languageid=he_IL,Regular,2D,,,2026-08-08,2026,,,106,הגבלת גיל: הותר מגיל 9,Carmiel,Hot Cinema,589
22:30,גבעה 338,גבעה 338,https://tickets.hotcinema.co.il/site/1192/tickets?code=1192-61516&languageid=en_gb,https://tickets.hotcinema.co.il/site/1192/tickets?code=1192-61516&languageid=he_IL,Regular,2D,,,2026-08-08,2026,,,106,הגבלת גיל: הותר מגיל 9,Carmiel,Hot Cinema,589
20:00,Superman - 1978,סינמה נוסטלגיה - סופרמן 1978,https://tickets.hotcinema.co.il/site/1192/tickets?code=1192-58703&languageid=en_gb,https://tickets.hotcinema.co.il/site/1192/tickets?code=1192-58703&languageid=he_IL,Not Just Cinema,2D,,,2026-08-13,1978,,,143,,Carmiel,Hot Cinema,589
20:00,Superman 2 The Richard Donner Cut,סינמה נוסטלגיה - סופרמן 2 גרסת הבמאי,https://tickets.hotcinema.co.il/site/1192/tickets?code=1192-59309&languageid=en_gb,https://tickets.hotcinema.co.il/site/1192/tickets?code=1192-59309&languageid=he_IL,Not Just Cinema,2D,,,2026-08-20,2006,,,116,All,Carmiel,Hot Cinema,589
17:30,Tangled,סינמה נוסטלגיה - פלונטר,https://tickets.hotcinema.co.il/site/1192/tickets?code=1192-59313&languageid=en_gb,https://tickets.hotcinema.co.il/site/1192/tickets?code=1192-59313&languageid=he_IL,Not Just Cinema,2D,,Hebrew,2026-08-27,2010,,,100,All,Carmiel,Hot Cinema,589
17:30,Tangled,סינמה נוסטלגיה - פלונטר,https://tickets.hotcinema.co.il/site/1192/tickets?code=1192-59314&languageid=en_gb,https://tickets.hotcinema.co.il/site/1192/tickets?code=1192-59314&languageid=he_IL,Not Just Cinema,2D,,Hebrew,2026-08-28,2010,,,100,All,Carmiel,Hot Cinema,589
17:30,Tangled,סינמה נוסטלגיה - פלונטר,https://tickets.hotcinema.co.il/site/1192/tickets?code=1192-59315&languageid=en_gb,https://tickets.hotcinema.co.il/site/1192/tickets?code=1192-59315&languageid=he_IL,Not Just Cinema,2D,,Hebrew,2026-08-29,2010,,,100,All,Carmiel,Hot Cinema,589
20:00,סינמה נוסטלגיה - גבעת חלפון אינה עונה חוגגת 50!,סינמה נוסטלגיה - גבעת חלפון אינה עונה חוגגת 50!,https://tickets.hotcinema.co.il/site/1192/tickets?code=1192-60255&languageid=en_gb,https://tickets.hotcinema.co.il/site/1192/tickets?code=1192-60255&languageid=he_IL,Not Just Cinema,2D,,,2026-09-03,1976,,,92,12+,Carmiel,Hot Cinema,589
20:00,סינמה נוסטלגיה - גבעת חלפון אינה עונה חוגגת 50!,סינמה נוסטלגיה - גבעת חלפון אינה עונה חוגגת 50!,https://tickets.hotcinema.co.il/site/1192/tickets?code=1192-60256&languageid=en_gb,https://tickets.hotcinema.co.il/site/1192/tickets?code=1192-60256&languageid=he_IL,Not Just Cinema,2D,,,2026-09-04,1976,,,92,12+,Carmiel,Hot Cinema,589
20:00,סינמה נוסטלגיה - גבעת חלפון אינה עונה חוגגת 50!,סינמה נוסטלגיה - גבעת חלפון אינה עונה חוגגת 50!,https://tickets.hotcinema.co.il/site/1192/tickets?code=1192-60257&languageid=en_gb,https://tickets.hotcinema.co.il/site/1192/tickets?code=1192-60257&languageid=he_IL,Not Just Cinema,2D,,,2026-09-05,1976,,,92,12+,Carmiel,Hot Cinema,589
20:00,Taxi Driver,סינמה נוסטלגיה - 50 שנה לסרט נהג מונית,https://tickets.hotcinema.co.il/site/1192/tickets?code=1192-59789&languageid=en_gb,https://tickets.hotcinema.co.il/site/1192/tickets?code=1192-59789&languageid=he_IL,Not Just Cinema,2D,,,2026-09-10,1976,,,114,הגבלת גיל: הותר מגיל 18 בהצגת תעודה מזהה,Carmiel,Hot Cinema,589
20:00,A Few Good Men,סינמה נוסטלגיה - בחורים טובים,https://tickets.hotcinema.co.il/site/1192/tickets?code=1192-60263&languageid=en_gb,https://tickets.hotcinema.co.il/site/1192/tickets?code=1192-60263&languageid=he_IL,Not Just Cinema,2D,,,2026-09-17,1992,,,138,12+,Carmiel,Hot Cinema,589
20:00,A Few Good Men,סינמה נוסטלגיה - בחורים טובים,https://tickets.hotcinema.co.il/site/1192/tickets?code=1192-60261&languageid=en_gb,https://tickets.hotcinema.co.il/site/1192/tickets?code=1192-60261&languageid=he_IL,Not Just Cinema,2D,,,2026-09-18,1992,,,138,12+,Carmiel,Hot Cinema,589
20:00,A Few Good Men,סינמה נוסטלגיה - בחורים טובים,https://tickets.hotcinema.co.il/site/1192/tickets?code=1192-60262&languageid=en_gb,https://tickets.hotcinema.co.il/site/1192/tickets?code=1192-60262&languageid=he_IL,Not Just Cinema,2D,,,2026-09-19,1992,,,138,12+,Carmiel,Hot Cinema,589
20:00,Ghostbusters,סינמה נוסטלגיה - מכסחי השדים,https://tickets.hotcinema.co.il/site/1192/tickets?code=1192-60265&languageid=en_gb,https://tickets.hotcinema.co.il/site/1192/tickets?code=1192-60265&languageid=he_IL,Not Just Cinema,2D,,,2026-09-24,1984,,,105,12+,Carmiel,Hot Cinema,589
17:00,The Odyssey,האודיסאה,https://tickets.hotcinema.co.il/site/1181/tickets?code=1181-38663&languageid=en_gb,https://tickets.hotcinema.co.il/site/1181/tickets?code=1181-38663&languageid=he_IL,Regular,2D,,,2026-08-04,2026,,,172,14+,Nahariya,Hot Cinema,589
20:35,The Odyssey,האודיסאה,https://tickets.hotcinema.co.il/site/1181/tickets?code=1181-38651&languageid=en_gb,https://tickets.hotcinema.co.il/site/1181/tickets?code=1181-38651&languageid=he_IL,Regular,2D,,,2026-08-04,2026,,,172,14+,Nahariya,Hot Cinema,589
15:30,A missing part,החלק החסר,https://tickets.hotcinema.co.il/site/1181/tickets?code=1181-38660&languageid=en_gb,https://tickets.hotcinema.co.il/site/1181/tickets?code=1181-38660&languageid=he_IL,Regular,2D,,,2026-08-04,2024,,,98,All,Nahariya,Hot Cinema,589
10:10,THE MAGICAL FARAWAY TREE,המסע המופלא לעץ הקסמים,https://tickets.hotcinema.co.il/site/1181/tickets?code=1181-38652&languageid=en_gb,https://tickets.hotcinema.co.il/site/1181/tickets?code=1181-38652&languageid=he_IL,Regular,2D,,Hebrew,2026-08-04,2026,,,110,All,Nahariya,Hot Cinema,589
10:10,Minions & Monsters,מיניונים ומפלצות,https://tickets.hotcinema.co.il/site/1181/tickets?code=1181-38654&languageid=en_gb,https://tickets.hotcinema.co.il/site/1181/tickets?code=1181-38654&languageid=he_IL,Regular,2D,,Hebrew,2026-08-04,2026,,,90,All,Nahariya,Hot Cinema,589
17:45,Minions & Monsters,מיניונים ומפלצות,https://tickets.hotcinema.co.il/site/1181/tickets?code=1181-38653&languageid=en_gb,https://tickets.hotcinema.co.il/site/1181/tickets?code=1181-38653&languageid=he_IL,Regular,2D,,Hebrew,2026-08-04,2026,,,90,All,Nahariya,Hot Cinema,589
14:40,Saltiz,סולטיז הסרט - וולוג ה-100,https://tickets.hotcinema.co.il/site/1181/tickets?code=1181-38658&languageid=en_gb,https://tickets.hotcinema.co.il/site/1181/tickets?code=1181-38658&languageid=he_IL,Regular,2D,,,2026-08-04,2026,,,100,All,Nahariya,Hot Cinema,589
10:55,Spider-Man: Brand new day,ספיידרמן: יום חדש,https://tickets.hotcinema.co.il/site/1181/tickets?code=1181-38661&languageid=en_gb,https://tickets.hotcinema.co.il/site/1181/tickets?code=1181-38661&languageid=he_IL,Regular,2D,,,2026-08-04,2026,,,145,All,Nahariya,Hot Cinema,589
12:20,Spider-Man: Brand new day,ספיידרמן: יום חדש,https://tickets.hotcinema.co.il/site/1181/tickets?code=1181-38647&languageid=en_gb,https://tickets.hotcinema.co.il/site/1181/tickets?code=1181-38647&languageid=he_IL,Regular,2D,,,2026-08-04,2026,,,145,All,Nahariya,Hot Cinema,589
14:05,Spider-Man: Brand new day,ספיידרמן: יום חדש,https://tickets.hotcinema.co.il/site/1181/tickets?code=1181-38650&languageid=en_gb,https://tickets.hotcinema.co.il/site/1181/tickets?code=1181-38650&languageid=he_IL,Regular,2D,,,2026-08-04,2026,,,145,All,Nahariya,Hot Cinema,589
15:25,Spider-Man: Brand new day,ספיידרמן: יום חדש,https://tickets.hotcinema.co.il/site/1181/tickets?code=1181-38646&languageid=en_gb,https://tickets.hotcinema.co.il/site/1181/tickets?code=1181-38646&languageid=he_IL,Regular,2D,,,2026-08-04,2026,,,145,All,Nahariya,Hot Cinema,589
17:20,Spider-Man: Brand new day,ספיידרמן: יום חדש,https://tickets.hotcinema.co.il/site/1181/tickets?code=1181-38649&languageid=en_gb,https://tickets.hotcinema.co.il/site/1181/tickets?code=1181-38649&languageid=he_IL,Regular,2D,,,2026-08-04,2026,,,145,All,Nahariya,Hot Cinema,589
18:30,Spider-Man: Brand new day,ספיידרמן: יום חדש,https://tickets.hotcinema.co.il/site/1181/tickets?code=1181-38645&languageid=en_gb,https://tickets.hotcinema.co.il/site/1181/tickets?code=1181-38645&languageid=he_IL,Regular,2D,,,2026-08-04,2026,,,145,All,Nahariya,Hot Cinema,589
20:30,Spider-Man: Brand new day,ספיידרמן: יום חדש,https://tickets.hotcinema.co.il/site/1181/tickets?code=1181-38648&languageid=en_gb,https://tickets.hotcinema.co.il/site/1181/tickets?code=1181-38648&languageid=he_IL,Regular,2D,,,2026-08-04,2026,,,145,All,Nahariya,Hot Cinema,589
21:40,Spider-Man: Brand new day,ספיידרמן: יום חדש,https://tickets.hotcinema.co.il/site/1181/tickets?code=1181-38644&languageid=en_gb,https://tickets.hotcinema.co.il/site/1181/tickets?code=1181-38644&languageid=he_IL,Regular,2D,,,2026-08-04,2026,,,145,All,Nahariya,Hot Cinema,589
19:50,סרט כחול לבן,סרט כחול לבן,https://tickets.hotcinema.co.il/site/1181/tickets?code=1181-38659&languageid=en_gb,https://tickets.hotcinema.co.il/site/1181/tickets?code=1181-38659&languageid=he_IL,Regular,2D,,,2026-08-04,2026,,,86,14+,Nahariya,Hot Cinema,589
10:45,Toy Story 5,צעצוע של סיפור 5,https://tickets.hotcinema.co.il/site/1181/tickets?code=1181-38656&languageid=en_gb,https://tickets.hotcinema.co.il/site/1181/tickets?code=1181-38656&languageid=he_IL,Regular,2D,,Hebrew,2026-08-04,2026,,,102,All,Nahariya,Hot Cinema,589
21:45,קופה ראשית: הסרט,קופה ראשית: הסרט,https://tickets.hotcinema.co.il/site/1181/tickets?code=1181-38662&languageid=en_gb,https://tickets.hotcinema.co.il/site/1181/tickets?code=1181-38662&languageid=he_IL,Regular,2D,,,2026-08-04,2026,,,91,All,Nahariya,Hot Cinema,589
13:05,Dream High,תיכון מגשימים,https://tickets.hotcinema.co.il/site/1181/tickets?code=1181-38655&languageid=en_gb,https://tickets.hotcinema.co.il/site/1181/tickets?code=1181-38655&languageid=he_IL,Regular,2D,,,2026-08-04,2026,,,100,12+,Nahariya,Hot Cinema,589
21:00,The Odyssey,האודיסאה,https://tickets.hotcinema.co.il/site/1181/tickets?code=1181-38589&languageid=en_gb,https://tickets.hotcinema.co.il/site/1181/tickets?code=1181-38589&languageid=he_IL,Regular,2D,,,2026-08-05,2026,,,172,14+,Nahariya,Hot Cinema,589
15:30,THE MAGICAL FARAWAY TREE,המסע המופלא לעץ הקסמים,https://tickets.hotcinema.co.il/site/1181/tickets?code=1181-38585&languageid=en_gb,https://tickets.hotcinema.co.il/site/1181/tickets?code=1181-38585&languageid=he_IL,Regular,2D,,Hebrew,2026-08-05,2026,,,110,All,Nahariya,Hot Cinema,589
10:05,Tafiti: Across the Desert,טפיטי: הרפתקה במדבר,https://tickets.hotcinema.co.il/site/1181/tickets?code=1181-38595&languageid=en_gb,https://tickets.hotcinema.co.il/site/1181/tickets?code=1181-38595&languageid=he_IL,Regular,2D,,,2026-08-05,,,,81,הגבלת גיל: עד גיל 8 בליווי מבוגר,Nahariya,Hot Cinema,589
11:00,Moana (Live Action),מואנה לייב אקשן,https://tickets.hotcinema.co.il/site/1181/tickets?code=1181-38590&languageid=en_gb,https://tickets.hotcinema.co.il/site/1181/tickets?code=1181-38590&languageid=he_IL,Regular,2D,,Hebrew,2026-08-05,2026,,,115,All,Nahariya,Hot Cinema,589
10:20,Minions & Monsters,מיניונים ומפלצות,https://tickets.hotcinema.co.il/site/1181/tickets?code=1181-38592&languageid=en_gb,https://tickets.hotcinema.co.il/site/1181/tickets?code=1181-38592&languageid=he_IL,Regular,2D,,Hebrew,2026-08-05,2026,,,90,All,Nahariya,Hot Cinema,589
16:40,Minions & Monsters,מיניונים ומפלצות,https://tickets.hotcinema.co.il/site/1181/tickets?code=1181-38591&languageid=en_gb,https://tickets.hotcinema.co.il/site/1181/tickets?code=1181-38591&languageid=he_IL,Regular,2D,,Hebrew,2026-08-05,2026,,,90,All,Nahariya,Hot Cinema,589
18:00,Saltiz,סולטיז הסרט - וולוג ה-100,https://tickets.hotcinema.co.il/site/1181/tickets?code=1181-38597&languageid=en_gb,https://tickets.hotcinema.co.il/site/1181/tickets?code=1181-38597&languageid=he_IL,Regular,2D,,,2026-08-05,2026,,,100,All,Nahariya,Hot Cinema,589
11:30,Spider-Man: Brand new day,ספיידרמן: יום חדש,https://tickets.hotcinema.co.il/site/1181/tickets?code=1181-38593&languageid=en_gb,https://tickets.hotcinema.co.il/site/1181/tickets?code=1181-38593&languageid=he_IL,Regular,2D,,,2026-08-05,2026,,,145,All,Nahariya,Hot Cinema,589
12:25,Spider-Man: Brand new day,ספיידרמן: יום חדש,https://tickets.hotcinema.co.il/site/1181/tickets?code=1181-38584&languageid=en_gb,https://tickets.hotcinema.co.il/site/1181/tickets?code=1181-38584&languageid=he_IL,Regular,2D,,,2026-08-05,2026,,,145,All,Nahariya,Hot Cinema,589
14:40,Spider-Man: Brand new day,ספיידרמן: יום חדש,https://tickets.hotcinema.co.il/site/1181/tickets?code=1181-38588&languageid=en_gb,https://tickets.hotcinema.co.il/site/1181/tickets?code=1181-38588&languageid=he_IL,Regular,2D,,,2026-08-05,2026,,,145,All,Nahariya,Hot Cinema,589
15:35,Spider-Man: Brand new day,ספיידרמן: יום חדש,https://tickets.hotcinema.co.il/site/1181/tickets?code=1181-38583&languageid=en_gb,https://tickets.hotcinema.co.il/site/1181/tickets?code=1181-38583&languageid=he_IL,Regular,2D,,,2026-08-05,2026,,,145,All,Nahariya,Hot Cinema,589
17:50,Spider-Man: Brand new day,ספיידרמן: יום חדש,https://tickets.hotcinema.co.il/site/1181/tickets?code=1181-38587&languageid=en_gb,https://tickets.hotcinema.co.il/site/1181/tickets?code=1181-38587&languageid=he_IL,Regular,2D,,,2026-08-05,2026,,,145,All,Nahariya,Hot Cinema,589
18:35,Spider-Man: Brand new day,ספיידרמן: יום חדש,https://tickets.hotcinema.co.il/site/1181/tickets?code=1181-38582&languageid=en_gb,https://tickets.hotcinema.co.il/site/1181/tickets?code=1181-38582&languageid=he_IL,Regular,2D,,,2026-08-05,2026,,,145,All,Nahariya,Hot Cinema,589
21:00,Spider-Man: Brand new day,ספיידרמן: יום חדש,https://tickets.hotcinema.co.il/site/1181/tickets?code=1181-38586&languageid=en_gb,https://tickets.hotcinema.co.il/site/1181/tickets?code=1181-38586&languageid=he_IL,Regular,2D,,,2026-08-05,2026,,,145,All,Nahariya,Hot Cinema,589
21:35,Spider-Man: Brand new day,ספיידרמן: יום חדש,https://tickets.hotcinema.co.il/site/1181/tickets?code=1181-38581&languageid=en_gb,https://tickets.hotcinema.co.il/site/1181/tickets?code=1181-38581&languageid=he_IL,Regular,2D,,,2026-08-05,2026,,,145,All,Nahariya,Hot Cinema,589
12:00,Toy Story 5,צעצוע של סיפור 5,https://tickets.hotcinema.co.il/site/1181/tickets?code=1181-38594&languageid=en_gb,https://tickets.hotcinema.co.il/site/1181/tickets?code=1181-38594&languageid=he_IL,Regular,2D,,Hebrew,2026-08-05,2026,,,102,All,Nahariya,Hot Cinema,589
14:20,Toy Story 5,צעצוע של סיפור 5,https://tickets.hotcinema.co.il/site/1181/tickets?code=1181-38598&languageid=en_gb,https://tickets.hotcinema.co.il/site/1181/tickets?code=1181-38598&languageid=he_IL,Regular,2D,,Hebrew,2026-08-05,2026,,,102,All,Nahariya,Hot Cinema,589
18:45,קופה ראשית: הסרט,קופה ראשית: הסרט,https://tickets.hotcinema.co.il/site/1181/tickets?code=1181-38599&languageid=en_gb,https://tickets.hotcinema.co.il/site/1181/tickets?code=1181-38599&languageid=he_IL,Regular,2D,,,2026-08-05,2026,,,91,All,Nahariya,Hot Cinema,589
19:40,גבעה 338,גבעה 338,https://tickets.hotcinema.co.il/site/1181/tickets?code=1181-38833&languageid=en_gb,https://tickets.hotcinema.co.il/site/1181/tickets?code=1181-38833&languageid=he_IL,Regular,2D,,,2026-08-06,2026,,,106,הגבלת גיל: הותר מגיל 9,Nahariya,Hot Cinema,589
17:30,WALL·E,סינמה נוסטלגיה - וול-E,https://tickets.hotcinema.co.il/site/1181/tickets?code=1181-36537&languageid=en_gb,https://tickets.hotcinema.co.il/site/1181/tickets?code=1181-36537&languageid=he_IL,Not Just Cinema,2D,,Hebrew,2026-08-06,2008,,,98,All,Nahariya,Hot Cinema,589
22:05,Spider-Man: Brand new day,ספיידרמן: יום חדש,https://tickets.hotcinema.co.il/site/1181/tickets?code=1181-38843&languageid=en_gb,https://tickets.hotcinema.co.il/site/1181/tickets?code=1181-38843&languageid=he_IL,Regular,2D,,,2026-08-06,2026,,,145,All,Nahariya,Hot Cinema,589
21:20,גבעה 338,גבעה 338,https://tickets.hotcinema.co.il/site/1181/tickets?code=1181-38834&languageid=en_gb,https://tickets.hotcinema.co.il/site/1181/tickets?code=1181-38834&languageid=he_IL,Regular,2D,,,2026-08-07,2026,,,106,הגבלת גיל: הותר מגיל 9,Nahariya,Hot Cinema,589
22:10,גבעה 338,גבעה 338,https://tickets.hotcinema.co.il/site/1181/tickets?code=1181-38835&languageid=en_gb,https://tickets.hotcinema.co.il/site/1181/tickets?code=1181-38835&languageid=he_IL,Regular,2D,,,2026-08-08,2026,,,106,הגבלת גיל: הותר מגיל 9,Nahariya,Hot Cinema,589
20:00,Superman - 1978,סינמה נוסטלגיה - סופרמן 1978,https://tickets.hotcinema.co.il/site/1181/tickets?code=1181-36910&languageid=en_gb,https://tickets.hotcinema.co.il/site/1181/tickets?code=1181-36910&languageid=he_IL,Not Just Cinema,2D,,,2026-08-13,1978,,,143,,Nahariya,Hot Cinema,589
20:00,Superman 2 The Richard Donner Cut,סינמה נוסטלגיה - סופרמן 2 גרסת הבמאי,https://tickets.hotcinema.co.il/site/1181/tickets?code=1181-37327&languageid=en_gb,https://tickets.hotcinema.co.il/site/1181/tickets?code=1181-37327&languageid=he_IL,Not Just Cinema,2D,,,2026-08-20,2006,,,116,All,Nahariya,Hot Cinema,589
17:30,Tangled,סינמה נוסטלגיה - פלונטר,https://tickets.hotcinema.co.il/site/1181/tickets?code=1181-37329&languageid=en_gb,https://tickets.hotcinema.co.il/site/1181/tickets?code=1181-37329&languageid=he_IL,Not Just Cinema,2D,,Hebrew,2026-08-27,2010,,,100,All,Nahariya,Hot Cinema,589
17:30,Tangled,סינמה נוסטלגיה - פלונטר,https://tickets.hotcinema.co.il/site/1181/tickets?code=1181-37330&languageid=en_gb,https://tickets.hotcinema.co.il/site/1181/tickets?code=1181-37330&languageid=he_IL,Not Just Cinema,2D,,Hebrew,2026-08-28,2010,,,100,All,Nahariya,Hot Cinema,589
17:30,Tangled,סינמה נוסטלגיה - פלונטר,https://tickets.hotcinema.co.il/site/1181/tickets?code=1181-37331&languageid=en_gb,https://tickets.hotcinema.co.il/site/1181/tickets?code=1181-37331&languageid=he_IL,Not Just Cinema,2D,,Hebrew,2026-08-29,2010,,,100,All,Nahariya,Hot Cinema,589
20:00,סינמה נוסטלגיה - גבעת חלפון אינה עונה חוגגת 50!,סינמה נוסטלגיה - גבעת חלפון אינה עונה חוגגת 50!,https://tickets.hotcinema.co.il/site/1181/tickets?code=1181-37978&languageid=en_gb,https://tickets.hotcinema.co.il/site/1181/tickets?code=1181-37978&languageid=he_IL,Not Just Cinema,2D,,,2026-09-03,1976,,,92,12+,Nahariya,Hot Cinema,589
20:00,סינמה נוסטלגיה - גבעת חלפון אינה עונה חוגגת 50!,סינמה נוסטלגיה - גבעת חלפון אינה עונה חוגגת 50!,https://tickets.hotcinema.co.il/site/1181/tickets?code=1181-37979&languageid=en_gb,https://tickets.hotcinema.co.il/site/1181/tickets?code=1181-37979&languageid=he_IL,Not Just Cinema,2D,,,2026-09-04,1976,,,92,12+,Nahariya,Hot Cinema,589
20:00,סינמה נוסטלגיה - גבעת חלפון אינה עונה חוגגת 50!,סינמה נוסטלגיה - גבעת חלפון אינה עונה חוגגת 50!,https://tickets.hotcinema.co.il/site/1181/tickets?code=1181-37980&languageid=en_gb,https://tickets.hotcinema.co.il/site/1181/tickets?code=1181-37980&languageid=he_IL,Not Just Cinema,2D,,,2026-09-05,1976,,,92,12+,Nahariya,Hot Cinema,589
20:00,Taxi Driver,סינמה נוסטלגיה - 50 שנה לסרט נהג מונית,https://tickets.hotcinema.co.il/site/1181/tickets?code=1181-37974&languageid=en_gb,https://tickets.hotcinema.co.il/site/1181/tickets?code=1181-37974&languageid=he_IL,Not Just Cinema,2D,,,2026-09-10,1976,,,114,הגבלת גיל: הותר מגיל 18 בהצגת תעודה מזהה,Nahariya,Hot Cinema,589
20:00,A Few Good Men,סינמה נוסטלגיה - בחורים טובים,https://tickets.hotcinema.co.il/site/1181/tickets?code=1181-37986&languageid=en_gb,https://tickets.hotcinema.co.il/site/1181/tickets?code=1181-37986&languageid=he_IL,Not Just Cinema,2D,,,2026-09-17,1992,,,138,12+,Nahariya,Hot Cinema,589
20:00,A Few Good Men,סינמה נוסטלגיה - בחורים טובים,https://tickets.hotcinema.co.il/site/1181/tickets?code=1181-37984&languageid=en_gb,https://tickets.hotcinema.co.il/site/1181/tickets?code=1181-37984&languageid=he_IL,Not Just Cinema,2D,,,2026-09-18,1992,,,138,12+,Nahariya,Hot Cinema,589
20:00,A Few Good Men,סינמה נוסטלגיה - בחורים טובים,https://tickets.hotcinema.co.il/site/1181/tickets?code=1181-37985&languageid=en_gb,https://tickets.hotcinema.co.il/site/1181/tickets?code=1181-37985&languageid=he_IL,Not Just Cinema,2D,,,2026-09-19,1992,,,138,12+,Nahariya,Hot Cinema,589
20:00,Ghostbusters,סינמה נוסטלגיה - מכסחי השדים,https://tickets.hotcinema.co.il/site/1181/tickets?code=1181-37988&languageid=en_gb,https://tickets.hotcinema.co.il/site/1181/tickets?code=1181-37988&languageid=he_IL,Not Just Cinema,2D,,,2026-09-24,1984,,,105,12+,Nahariya,Hot Cinema,589
11:20,The Odyssey,האודיסאה,https://tickets.hotcinema.co.il/site/1193/tickets?code=1193-77577&languageid=en_gb,https://tickets.hotcinema.co.il/site/1193/tickets?code=1193-77577&languageid=he_IL,Regular,2D,,,2026-08-04,2026,,,172,14+,Ashkelon,Hot Cinema,589
15:00,The Odyssey,האודיסאה,https://tickets.hotcinema.co.il/site/1193/tickets?code=1193-77574&languageid=en_gb,https://tickets.hotcinema.co.il/site/1193/tickets?code=1193-77574&languageid=he_IL,Regular,2D,,,2026-08-04,2026,,,172,14+,Ashkelon,Hot Cinema,589
16:50,The Odyssey,האודיסאה,https://tickets.hotcinema.co.il/site/1193/tickets?code=1193-77595&languageid=en_gb,https://tickets.hotcinema.co.il/site/1193/tickets?code=1193-77595&languageid=he_IL,Regular,2D,,,2026-08-04,2026,,,172,14+,Ashkelon,Hot Cinema,589
18:30,The Odyssey,האודיסאה,https://tickets.hotcinema.co.il/site/1193/tickets?code=1193-77575&languageid=en_gb,https://tickets.hotcinema.co.il/site/1193/tickets?code=1193-77575&languageid=he_IL,Regular,2D,,,2026-08-04,2026,,,172,14+,Ashkelon,Hot Cinema,589
20:50,The Odyssey,האודיסאה,https://tickets.hotcinema.co.il/site/1193/tickets?code=1193-77563&languageid=en_gb,https://tickets.hotcinema.co.il/site/1193/tickets?code=1193-77563&languageid=he_IL,Regular,2D,,,2026-08-04,2026,,,172,14+,Ashkelon,Hot Cinema,589
22:00,The Odyssey,האודיסאה,https://tickets.hotcinema.co.il/site/1193/tickets?code=1193-77576&languageid=en_gb,https://tickets.hotcinema.co.il/site/1193/tickets?code=1193-77576&languageid=he_IL,Regular,2D,,,2026-08-04,2026,,,172,14+,Ashkelon,Hot Cinema,589
17:20,A missing part,החלק החסר,https://tickets.hotcinema.co.il/site/1193/tickets?code=1193-77570&languageid=en_gb,https://tickets.hotcinema.co.il/site/1193/tickets?code=1193-77570&languageid=he_IL,Regular,2D,,,2026-08-04,2024,,,98,All,Ashkelon,Hot Cinema,589
10:15,THE MAGICAL FARAWAY TREE,המסע המופלא לעץ הקסמים,https://tickets.hotcinema.co.il/site/1193/tickets?code=1193-77600&languageid=en_gb,https://tickets.hotcinema.co.il/site/1193/tickets?code=1193-77600&languageid=he_IL,Regular,2D,,Hebrew,2026-08-04,2026,,,110,All,Ashkelon,Hot Cinema,589
14:30,THE MAGICAL FARAWAY TREE,המסע המופלא לעץ הקסמים,https://tickets.hotcinema.co.il/site/1193/tickets?code=1193-77599&languageid=en_gb,https://tickets.hotcinema.co.il/site/1193/tickets?code=1193-77599&languageid=he_IL,Regular,2D,,Hebrew,2026-08-04,2026,,,110,All,Ashkelon,Hot Cinema,589
19:30,American Hina,חינה אמריקאית,https://tickets.hotcinema.co.il/site/1193/tickets?code=1193-77584&languageid=en_gb,https://tickets.hotcinema.co.il/site/1193/tickets?code=1193-77584&languageid=he_IL,Regular,2D,,,2026-08-04,2026,,,100,All,Ashkelon,Hot Cinema,589
12:35,Tafiti: Across the Desert,טפיטי: הרפתקה במדבר,https://tickets.hotcinema.co.il/site/1193/tickets?code=1193-77596&languageid=en_gb,https://tickets.hotcinema.co.il/site/1193/tickets?code=1193-77596&languageid=he_IL,Regular,2D,,,2026-08-04,,,,81,הגבלת גיל: עד גיל 8 בליווי מבוגר,Ashkelon,Hot Cinema,589
19:30,כי את מכוערת,כי את מכוערת,https://tickets.hotcinema.co.il/site/1193/tickets?code=1193-77573&languageid=en_gb,https://tickets.hotcinema.co.il/site/1193/tickets?code=1193-77573&languageid=he_IL,Regular,2D,,,2026-08-04,2025,,,83,12+,Ashkelon,Hot Cinema,589
20:20,מאמא,מאמא,https://tickets.hotcinema.co.il/site/1193/tickets?code=1193-77597&languageid=en_gb,https://tickets.hotcinema.co.il/site/1193/tickets?code=1193-77597&languageid=he_IL,Regular,2D,,,2026-08-04,2026,,,92,12+,Ashkelon,Hot Cinema,589
13:00,Moana (Live Action),מואנה לייב אקשן,https://tickets.hotcinema.co.il/site/1193/tickets?code=1193-77594&languageid=en_gb,https://tickets.hotcinema.co.il/site/1193/tickets?code=1193-77594&languageid=he_IL,Regular,2D,,Hebrew,2026-08-04,2026,,,115,All,Ashkelon,Hot Cinema,589
11:00,Minions & Monsters,מיניונים ומפלצות,https://tickets.hotcinema.co.il/site/1193/tickets?code=1193-77566&languageid=en_gb,https://tickets.hotcinema.co.il/site/1193/tickets?code=1193-77566&languageid=he_IL,Regular,2D,,Hebrew,2026-08-04,2026,,,90,All,Ashkelon,Hot Cinema,589
13:00,Minions & Monsters,מיניונים ומפלצות,https://tickets.hotcinema.co.il/site/1193/tickets?code=1193-77565&languageid=en_gb,https://tickets.hotcinema.co.il/site/1193/tickets?code=1193-77565&languageid=he_IL,Regular,2D,,Hebrew,2026-08-04,2026,,,90,All,Ashkelon,Hot Cinema,589
15:00,Minions & Monsters,מיניונים ומפלצות,https://tickets.hotcinema.co.il/site/1193/tickets?code=1193-77564&languageid=en_gb,https://tickets.hotcinema.co.il/site/1193/tickets?code=1193-77564&languageid=he_IL,Regular,2D,,Hebrew,2026-08-04,2026,,,90,All,Ashkelon,Hot Cinema,589
15:00,School of Magical Animals,סוד החיות הקסומות 3,https://tickets.hotcinema.co.il/site/1193/tickets?code=1193-77569&languageid=en_gb,https://tickets.hotcinema.co.il/site/1193/tickets?code=1193-77569&languageid=he_IL,Regular,2D,,Hebrew,2026-08-04,2024,,,105,All,Ashkelon,Hot Cinema,589
10:20,Saltiz,סולטיז הסרט - וולוג ה-100,https://tickets.hotcinema.co.il/site/1193/tickets?code=1193-77586&languageid=en_gb,https://tickets.hotcinema.co.il/site/1193/tickets?code=1193-77586&languageid=he_IL,Regular,2D,,,2026-08-04,2026,,,100,All,Ashkelon,Hot Cinema,589
12:40,Saltiz,סולטיז הסרט - וולוג ה-100,https://tickets.hotcinema.co.il/site/1193/tickets?code=1193-77587&languageid=en_gb,https://tickets.hotcinema.co.il/site/1193/tickets?code=1193-77587&languageid=he_IL,Regular,2D,,,2026-08-04,2026,,,100,All,Ashkelon,Hot Cinema,589
15:00,Saltiz,סולטיז הסרט - וולוג ה-100,https://tickets.hotcinema.co.il/site/1193/tickets?code=1193-77588&languageid=en_gb,https://tickets.hotcinema.co.il/site/1193/tickets?code=1193-77588&languageid=he_IL,Regular,2D,,,2026-08-04,2026,,,100,All,Ashkelon,Hot Cinema,589
17:15,Saltiz,סולטיז הסרט - וולוג ה-100,https://tickets.hotcinema.co.il/site/1193/tickets?code=1193-77585&languageid=en_gb,https://tickets.hotcinema.co.il/site/1193/tickets?code=1193-77585&languageid=he_IL,Regular,2D,,,2026-08-04,2026,,,100,All,Ashkelon,Hot Cinema,589
13:00,Three Wishes for Cinderella,סינדרלה ושלוש המשאלות,https://tickets.hotcinema.co.il/site/1193/tickets?code=1193-77571&languageid=en_gb,https://tickets.hotcinema.co.il/site/1193/tickets?code=1193-77571&languageid=he_IL,Regular,2D,,Hebrew,2026-08-04,2026,,,85,All,Ashkelon,Hot Cinema,589
10:20,Spider-Man: Brand new day,ספיידרמן: יום חדש,https://tickets.hotcinema.co.il/site/1193/tickets?code=1193-77582&languageid=en_gb,https://tickets.hotcinema.co.il/site/1193/tickets?code=1193-77582&languageid=he_IL,Regular,2D,,,2026-08-04,2026,,,145,All,Ashkelon,Hot Cinema,589
10:50,Spider-Man: Brand new day,ספיידרמן: יום חדש,https://tickets.hotcinema.co.il/site/1193/tickets?code=1193-77601&languageid=en_gb,https://tickets.hotcinema.co.il/site/1193/tickets?code=1193-77601&languageid=he_IL,Regular,2D,,,2026-08-04,2026,,,145,All,Ashkelon,Hot Cinema,589
13:30,Spider-Man: Brand new day,ספיידרמן: יום חדש,https://tickets.hotcinema.co.il/site/1193/tickets?code=1193-77578&languageid=en_gb,https://tickets.hotcinema.co.il/site/1193/tickets?code=1193-77578&languageid=he_IL,Regular,2D,,,2026-08-04,2026,,,145,All,Ashkelon,Hot Cinema,589
14:00,Spider-Man: Brand new day,ספיידרמן: יום חדש,https://tickets.hotcinema.co.il/site/1193/tickets?code=1193-77602&languageid=en_gb,https://tickets.hotcinema.co.il/site/1193/tickets?code=1193-77602&languageid=he_IL,Regular,2D,,,2026-08-04,2026,,,145,All,Ashkelon,Hot Cinema,589
16:30,Spider-Man: Brand new day,ספיידרמן: יום חדש,https://tickets.hotcinema.co.il/site/1193/tickets?code=1193-77579&languageid=en_gb,https://tickets.hotcinema.co.il/site/1193/tickets?code=1193-77579&languageid=he_IL,Regular,2D,,,2026-08-04,2026,,,145,All,Ashkelon,Hot Cinema,589
17:30,Spider-Man: Brand new day,ספיידרמן: יום חדש,https://tickets.hotcinema.co.il/site/1193/tickets?code=1193-77603&languageid=en_gb,https://tickets.hotcinema.co.il/site/1193/tickets?code=1193-77603&languageid=he_IL,Regular,2D,,,2026-08-04,2026,,,145,All,Ashkelon,Hot Cinema,589
19:30,Spider-Man: Brand new day,ספיידרמן: יום חדש,https://tickets.hotcinema.co.il/site/1193/tickets?code=1193-77580&languageid=en_gb,https://tickets.hotcinema.co.il/site/1193/tickets?code=1193-77580&languageid=he_IL,Regular,2D,,,2026-08-04,2026,,,145,All,Ashkelon,Hot Cinema,589
20:40,Spider-Man: Brand new day,ספיידרמן: יום חדש,https://tickets.hotcinema.co.il/site/1193/tickets?code=1193-77604&languageid=en_gb,https://tickets.hotcinema.co.il/site/1193/tickets?code=1193-77604&languageid=he_IL,Regular,2D,,,2026-08-04,2026,,,145,All,Ashkelon,Hot Cinema,589
21:30,Spider-Man: Brand new day,ספיידרמן: יום חדש,https://tickets.hotcinema.co.il/site/1193/tickets?code=1193-77568&languageid=en_gb,https://tickets.hotcinema.co.il/site/1193/tickets?code=1193-77568&languageid=he_IL,Regular,2D,,,2026-08-04,2026,,,145,All,Ashkelon,Hot Cinema,589
21:45,Spider-Man: Brand new day,ספיידרמן: יום חדש,https://tickets.hotcinema.co.il/site/1193/tickets?code=1193-77583&languageid=en_gb,https://tickets.hotcinema.co.il/site/1193/tickets?code=1193-77583&languageid=he_IL,Regular,2D,,,2026-08-04,2026,,,145,All,Ashkelon,Hot Cinema,589
22:25,Spider-Man: Brand new day,ספיידרמן: יום חדש,https://tickets.hotcinema.co.il/site/1193/tickets?code=1193-77581&languageid=en_gb,https://tickets.hotcinema.co.il/site/1193/tickets?code=1193-77581&languageid=he_IL,Regular,2D,,,2026-08-04,2026,,,145,All,Ashkelon,Hot Cinema,589
22:20,סרט כחול לבן,סרט כחול לבן,https://tickets.hotcinema.co.il/site/1193/tickets?code=1193-77598&languageid=en_gb,https://tickets.hotcinema.co.il/site/1193/tickets?code=1193-77598&languageid=he_IL,Regular,2D,,,2026-08-04,2026,,,86,14+,Ashkelon,Hot Cinema,589
10:40,Toy Story 5,צעצוע של סיפור 5,https://tickets.hotcinema.co.il/site/1193/tickets?code=1193-77593&languageid=en_gb,https://tickets.hotcinema.co.il/site/1193/tickets?code=1193-77593&languageid=he_IL,Regular,2D,,Hebrew,2026-08-04,2026,,,102,All,Ashkelon,Hot Cinema,589
15:30,קופה ראשית: הסרט,קופה ראשית: הסרט,https://tickets.hotcinema.co.il/site/1193/tickets?code=1193-77589&languageid=en_gb,https://tickets.hotcinema.co.il/site/1193/tickets?code=1193-77589&languageid=he_IL,Regular,2D,,,2026-08-04,2026,,,91,All,Ashkelon,Hot Cinema,589
17:40,קופה ראשית: הסרט,קופה ראשית: הסרט,https://tickets.hotcinema.co.il/site/1193/tickets?code=1193-77590&languageid=en_gb,https://tickets.hotcinema.co.il/site/1193/tickets?code=1193-77590&languageid=he_IL,Regular,2D,,,2026-08-04,2026,,,91,All,Ashkelon,Hot Cinema,589
19:45,קופה ראשית: הסרט,קופה ראשית: הסרט,https://tickets.hotcinema.co.il/site/1193/tickets?code=1193-77591&languageid=en_gb,https://tickets.hotcinema.co.il/site/1193/tickets?code=1193-77591&languageid=he_IL,Regular,2D,,,2026-08-04,2026,,,91,All,Ashkelon,Hot Cinema,589
21:50,קופה ראשית: הסרט,קופה ראשית: הסרט,https://tickets.hotcinema.co.il/site/1193/tickets?code=1193-77592&languageid=en_gb,https://tickets.hotcinema.co.il/site/1193/tickets?code=1193-77592&languageid=he_IL,Regular,2D,,,2026-08-04,2026,,,91,All,Ashkelon,Hot Cinema,589
17:00,The Odyssey,האודיסאה,https://tickets.hotcinema.co.il/site/1193/tickets?code=1193-77477&languageid=en_gb,https://tickets.hotcinema.co.il/site/1193/tickets?code=1193-77477&languageid=he_IL,Regular,2D,,,2026-08-05,2026,,,172,14+,Ashkelon,Hot Cinema,589
20:40,The Odyssey,האודיסאה,https://tickets.hotcinema.co.il/site/1193/tickets?code=1193-77478&languageid=en_gb,https://tickets.hotcinema.co.il/site/1193/tickets?code=1193-77478&languageid=he_IL,Regular,2D,,,2026-08-05,2026,,,172,14+,Ashkelon,Hot Cinema,589
22:30,The Odyssey,האודיסאה,https://tickets.hotcinema.co.il/site/1193/tickets?code=1193-77447&languageid=en_gb,https://tickets.hotcinema.co.il/site/1193/tickets?code=1193-77447&languageid=he_IL,Regular,2D,,,2026-08-05,2026,,,172,14+,Ashkelon,Hot Cinema,589
10:30,THE MAGICAL FARAWAY TREE,המסע המופלא לעץ הקסמים,https://tickets.hotcinema.co.il/site/1193/tickets?code=1193-77481&languageid=en_gb,https://tickets.hotcinema.co.il/site/1193/tickets?code=1193-77481&languageid=he_IL,Regular,2D,,Hebrew,2026-08-05,2026,,,110,All,Ashkelon,Hot Cinema,589
14:40,THE MAGICAL FARAWAY TREE,המסע המופלא לעץ הקסמים,https://tickets.hotcinema.co.il/site/1193/tickets?code=1193-77480&languageid=en_gb,https://tickets.hotcinema.co.il/site/1193/tickets?code=1193-77480&languageid=he_IL,Regular,2D,,Hebrew,2026-08-05,2026,,,110,All,Ashkelon,Hot Cinema,589
12:50,Tafiti: Across the Desert,טפיטי: הרפתקה במדבר,https://tickets.hotcinema.co.il/site/1193/tickets?code=1193-77479&languageid=en_gb,https://tickets.hotcinema.co.il/site/1193/tickets?code=1193-77479&languageid=he_IL,Regular,2D,,,2026-08-05,,,,81,הגבלת גיל: עד גיל 8 בליווי מבוגר,Ashkelon,Hot Cinema,589
10:30,Moana (Live Action),מואנה לייב אקשן,https://tickets.hotcinema.co.il/site/1193/tickets?code=1193-77475&languageid=en_gb,https://tickets.hotcinema.co.il/site/1193/tickets?code=1193-77475&languageid=he_IL,Regular,2D,,Hebrew,2026-08-05,2026,,,115,All,Ashkelon,Hot Cinema,589
13:00,Moana (Live Action),מואנה לייב אקשן,https://tickets.hotcinema.co.il/site/1193/tickets?code=1193-77476&languageid=en_gb,https://tickets.hotcinema.co.il/site/1193/tickets?code=1193-77476&languageid=he_IL,Regular,2D,,Hebrew,2026-08-05,2026,,,115,All,Ashkelon,Hot Cinema,589
19:30,Motor City,מוטור סיטי,https://tickets.hotcinema.co.il/site/1193/tickets?code=1193-77450&languageid=en_gb,https://tickets.hotcinema.co.il/site/1193/tickets?code=1193-77450&languageid=he_IL,Regular,2D,,,2026-08-05,2025,,,103,16+,Ashkelon,Hot Cinema,589
21:45,Motor City,מוטור סיטי,https://tickets.hotcinema.co.il/site/1193/tickets?code=1193-77449&languageid=en_gb,https://tickets.hotcinema.co.il/site/1193/tickets?code=1193-77449&languageid=he_IL,Regular,2D,,,2026-08-05,2025,,,103,16+,Ashkelon,Hot Cinema,589
11:00,Minions & Monsters,מיניונים ומפלצות,https://tickets.hotcinema.co.il/site/1193/tickets?code=1193-77446&languageid=en_gb,https://tickets.hotcinema.co.il/site/1193/tickets?code=1193-77446&languageid=he_IL,Regular,2D,,Hebrew,2026-08-05,2026,,,90,All,Ashkelon,Hot Cinema,589
13:00,Minions & Monsters,מיניונים ומפלצות,https://tickets.hotcinema.co.il/site/1193/tickets?code=1193-77445&languageid=en_gb,https://tickets.hotcinema.co.il/site/1193/tickets?code=1193-77445&languageid=he_IL,Regular,2D,,Hebrew,2026-08-05,2026,,,90,All,Ashkelon,Hot Cinema,589
15:00,Minions & Monsters,מיניונים ומפלצות,https://tickets.hotcinema.co.il/site/1193/tickets?code=1193-77444&languageid=en_gb,https://tickets.hotcinema.co.il/site/1193/tickets?code=1193-77444&languageid=he_IL,Regular,2D,,Hebrew,2026-08-05,2026,,,90,All,Ashkelon,Hot Cinema,589
17:00,Minions & Monsters,מיניונים ומפלצות,https://tickets.hotcinema.co.il/site/1193/tickets?code=1193-77443&languageid=en_gb,https://tickets.hotcinema.co.il/site/1193/tickets?code=1193-77443&languageid=he_IL,Regular,2D,,Hebrew,2026-08-05,2026,,,90,All,Ashkelon,Hot Cinema,589
11:00,School of Magical Animals,סוד החיות הקסומות 3,https://tickets.hotcinema.co.il/site/1193/tickets?code=1193-77451&languageid=en_gb,https://tickets.hotcinema.co.il/site/1193/tickets?code=1193-77451&languageid=he_IL,Regular,2D,,Hebrew,2026-08-05,2024,,,105,All,Ashkelon,Hot Cinema,589
10:20,Saltiz,סולטיז הסרט - וולוג ה-100,https://tickets.hotcinema.co.il/site/1193/tickets?code=1193-77467&languageid=en_gb,https://tickets.hotcinema.co.il/site/1193/tickets?code=1193-77467&languageid=he_IL,Regular,2D,,,2026-08-05,2026,,,100,All,Ashkelon,Hot Cinema,589
12:30,Saltiz,סולטיז הסרט - וולוג ה-100,https://tickets.hotcinema.co.il/site/1193/tickets?code=1193-77468&languageid=en_gb,https://tickets.hotcinema.co.il/site/1193/tickets?code=1193-77468&languageid=he_IL,Regular,2D,,,2026-08-05,2026,,,100,All,Ashkelon,Hot Cinema,589
14:40,Saltiz,סולטיז הסרט - וולוג ה-100,https://tickets.hotcinema.co.il/site/1193/tickets?code=1193-77469&languageid=en_gb,https://tickets.hotcinema.co.il/site/1193/tickets?code=1193-77469&languageid=he_IL,Regular,2D,,,2026-08-05,2026,,,100,All,Ashkelon,Hot Cinema,589
17:00,Saltiz,סולטיז הסרט - וולוג ה-100,https://tickets.hotcinema.co.il/site/1193/tickets?code=1193-77470&languageid=en_gb,https://tickets.hotcinema.co.il/site/1193/tickets?code=1193-77470&languageid=he_IL,Regular,2D,,,2026-08-05,2026,,,100,All,Ashkelon,Hot Cinema,589
13:20,Three Wishes for Cinderella,סינדרלה ושלוש המשאלות,https://tickets.hotcinema.co.il/site/1193/tickets?code=1193-77452&languageid=en_gb,https://tickets.hotcinema.co.il/site/1193/tickets?code=1193-77452&languageid=he_IL,Regular,2D,,Hebrew,2026-08-05,2026,,,85,All,Ashkelon,Hot Cinema,589
10:40,Spider-Man: Brand new day,ספיידרמן: יום חדש,https://tickets.hotcinema.co.il/site/1193/tickets?code=1193-77463&languageid=en_gb,https://tickets.hotcinema.co.il/site/1193/tickets?code=1193-77463&languageid=he_IL,Regular,2D,,,2026-08-05,2026,,,145,All,Ashkelon,Hot Cinema,589
11:30,Spider-Man: Brand new day,ספיידרמן: יום חדש,https://tickets.hotcinema.co.il/site/1193/tickets?code=1193-77482&languageid=en_gb,https://tickets.hotcinema.co.il/site/1193/tickets?code=1193-77482&languageid=he_IL,Regular,2D,,,2026-08-05,2026,,,145,All,Ashkelon,Hot Cinema,589
13:40,Spider-Man: Brand new day,ספיידרמן: יום חדש,https://tickets.hotcinema.co.il/site/1193/tickets?code=1193-77461&languageid=en_gb,https://tickets.hotcinema.co.il/site/1193/tickets?code=1193-77461&languageid=he_IL,Regular,2D,,,2026-08-05,2026,,,145,All,Ashkelon,Hot Cinema,589
14:30,Spider-Man: Brand new day,ספיידרמן: יום חדש,https://tickets.hotcinema.co.il/site/1193/tickets?code=1193-77483&languageid=en_gb,https://tickets.hotcinema.co.il/site/1193/tickets?code=1193-77483&languageid=he_IL,Regular,2D,,,2026-08-05,2026,,,145,All,Ashkelon,Hot Cinema,589
17:30,Spider-Man: Brand new day,ספיידרמן: יום חדש,https://tickets.hotcinema.co.il/site/1193/tickets?code=1193-77484&languageid=en_gb,https://tickets.hotcinema.co.il/site/1193/tickets?code=1193-77484&languageid=he_IL,Regular,2D,,,2026-08-05,2026,,,145,All,Ashkelon,Hot Cinema,589
19:15,Spider-Man: Brand new day,ספיידרמן: יום חדש,https://tickets.hotcinema.co.il/site/1193/tickets?code=1193-77466&languageid=en_gb,https://tickets.hotcinema.co.il/site/1193/tickets?code=1193-77466&languageid=he_IL,Regular,2D,,,2026-08-05,2026,,,145,All,Ashkelon,Hot Cinema,589
20:00,Spider-Man: Brand new day,ספיידרמן: יום חדש,https://tickets.hotcinema.co.il/site/1193/tickets?code=1193-77462&languageid=en_gb,https://tickets.hotcinema.co.il/site/1193/tickets?code=1193-77462&languageid=he_IL,Regular,2D,,,2026-08-05,2026,,,145,All,Ashkelon,Hot Cinema,589
21:00,Spider-Man: Brand new day,ספיידרמן: יום חדש,https://tickets.hotcinema.co.il/site/1193/tickets?code=1193-77459&languageid=en_gb,https://tickets.hotcinema.co.il/site/1193/tickets?code=1193-77459&languageid=he_IL,Regular,2D,,,2026-08-05,2026,,,145,All,Ashkelon,Hot Cinema,589
22:15,Spider-Man: Brand new day,ספיידרמן: יום חדש,https://tickets.hotcinema.co.il/site/1193/tickets?code=1193-77465&languageid=en_gb,https://tickets.hotcinema.co.il/site/1193/tickets?code=1193-77465&languageid=he_IL,Regular,2D,,,2026-08-05,2026,,,145,All,Ashkelon,Hot Cinema,589
23:00,Spider-Man: Brand new day,ספיידרמן: יום חדש,https://tickets.hotcinema.co.il/site/1193/tickets?code=1193-77464&languageid=en_gb,https://tickets.hotcinema.co.il/site/1193/tickets?code=1193-77464&languageid=he_IL,Regular,2D,,,2026-08-05,2026,,,145,All,Ashkelon,Hot Cinema,589
20:30,Spider-Man: Brand new day,ספיידרמן: יום חדש,https://tickets.hotcinema.co.il/site/1193/tickets?code=1193-74836&languageid=en_gb,https://tickets.hotcinema.co.il/site/1193/tickets?code=1193-74836&languageid=he_IL,Regular,2D,,French,2026-08-05,2026,,,145,All,Ashkelon,Hot Cinema,589
10:20,Toy Story 5,צעצוע של סיפור 5,https://tickets.hotcinema.co.il/site/1193/tickets?code=1193-77457&languageid=en_gb,https://tickets.hotcinema.co.il/site/1193/tickets?code=1193-77457&languageid=he_IL,Regular,2D,,Hebrew,2026-08-05,2026,,,102,All,Ashkelon,Hot Cinema,589
12:30,Toy Story 5,צעצוע של סיפור 5,https://tickets.hotcinema.co.il/site/1193/tickets?code=1193-77455&languageid=en_gb,https://tickets.hotcinema.co.il/site/1193/tickets?code=1193-77455&languageid=he_IL,Regular,2D,,Hebrew,2026-08-05,2026,,,102,All,Ashkelon,Hot Cinema,589
14:45,Toy Story 5,צעצוע של סיפור 5,https://tickets.hotcinema.co.il/site/1193/tickets?code=1193-77456&languageid=en_gb,https://tickets.hotcinema.co.il/site/1193/tickets?code=1193-77456&languageid=he_IL,Regular,2D,,Hebrew,2026-08-05,2026,,,102,All,Ashkelon,Hot Cinema,589
15:30,קופה ראשית: הסרט,קופה ראשית: הסרט,https://tickets.hotcinema.co.il/site/1193/tickets?code=1193-77471&languageid=en_gb,https://tickets.hotcinema.co.il/site/1193/tickets?code=1193-77471&languageid=he_IL,Regular,2D,,,2026-08-05,2026,,,91,All,Ashkelon,Hot Cinema,589
17:40,קופה ראשית: הסרט,קופה ראשית: הסרט,https://tickets.hotcinema.co.il/site/1193/tickets?code=1193-77472&languageid=en_gb,https://tickets.hotcinema.co.il/site/1193/tickets?code=1193-77472&languageid=he_IL,Regular,2D,,,2026-08-05,2026,,,91,All,Ashkelon,Hot Cinema,589
19:45,קופה ראשית: הסרט,קופה ראשית: הסרט,https://tickets.hotcinema.co.il/site/1193/tickets?code=1193-77473&languageid=en_gb,https://tickets.hotcinema.co.il/site/1193/tickets?code=1193-77473&languageid=he_IL,Regular,2D,,,2026-08-05,2026,,,91,All,Ashkelon,Hot Cinema,589
21:50,קופה ראשית: הסרט,קופה ראשית: הסרט,https://tickets.hotcinema.co.il/site/1193/tickets?code=1193-77474&languageid=en_gb,https://tickets.hotcinema.co.il/site/1193/tickets?code=1193-77474&languageid=he_IL,Regular,2D,,,2026-08-05,2026,,,91,All,Ashkelon,Hot Cinema,589
17:20,Dream High,תיכון מגשימים,https://tickets.hotcinema.co.il/site/1193/tickets?code=1193-77453&languageid=en_gb,https://tickets.hotcinema.co.il/site/1193/tickets?code=1193-77453&languageid=he_IL,Regular,2D,,,2026-08-05,2026,,,100,12+,Ashkelon,Hot Cinema,589
19:30,גבעה 338,גבעה 338,https://tickets.hotcinema.co.il/site/1193/tickets?code=1193-77952&languageid=en_gb,https://tickets.hotcinema.co.il/site/1193/tickets?code=1193-77952&languageid=he_IL,Regular,2D,,,2026-08-06,2026,,,106,הגבלת גיל: הותר מגיל 9,Ashkelon,Hot Cinema,589
21:45,גבעה 338,גבעה 338,https://tickets.hotcinema.co.il/site/1193/tickets?code=1193-77953&languageid=en_gb,https://tickets.hotcinema.co.il/site/1193/tickets?code=1193-77953&languageid=he_IL,Regular,2D,,,2026-08-06,2026,,,106,הגבלת גיל: הותר מגיל 9,Ashkelon,Hot Cinema,589
17:30,WALL·E,סינמה נוסטלגיה - וול-E,https://tickets.hotcinema.co.il/site/1193/tickets?code=1193-73408&languageid=en_gb,https://tickets.hotcinema.co.il/site/1193/tickets?code=1193-73408&languageid=he_IL,Not Just Cinema,2D,,Hebrew,2026-08-06,2008,,,98,All,Ashkelon,Hot Cinema,589
19:30,גבעה 338,גבעה 338,https://tickets.hotcinema.co.il/site/1193/tickets?code=1193-77950&languageid=en_gb,https://tickets.hotcinema.co.il/site/1193/tickets?code=1193-77950&languageid=he_IL,Regular,2D,,,2026-08-07,2026,,,106,הגבלת גיל: הותר מגיל 9,Ashkelon,Hot Cinema,589
21:50,גבעה 338,גבעה 338,https://tickets.hotcinema.co.il/site/1193/tickets?code=1193-77951&languageid=en_gb,https://tickets.hotcinema.co.il/site/1193/tickets?code=1193-77951&languageid=he_IL,Regular,2D,,,2026-08-07,2026,,,106,הגבלת גיל: הותר מגיל 9,Ashkelon,Hot Cinema,589
19:30,גבעה 338,גבעה 338,https://tickets.hotcinema.co.il/site/1193/tickets?code=1193-77948&languageid=en_gb,https://tickets.hotcinema.co.il/site/1193/tickets?code=1193-77948&languageid=he_IL,Regular,2D,,,2026-08-08,2026,,,106,הגבלת גיל: הותר מגיל 9,Ashkelon,Hot Cinema,589
21:50,גבעה 338,גבעה 338,https://tickets.hotcinema.co.il/site/1193/tickets?code=1193-77949&languageid=en_gb,https://tickets.hotcinema.co.il/site/1193/tickets?code=1193-77949&languageid=he_IL,Regular,2D,,,2026-08-08,2026,,,106,הגבלת גיל: הותר מגיל 9,Ashkelon,Hot Cinema,589
20:00,Superman - 1978,סינמה נוסטלגיה - סופרמן 1978,https://tickets.hotcinema.co.il/site/1193/tickets?code=1193-74034&languageid=en_gb,https://tickets.hotcinema.co.il/site/1193/tickets?code=1193-74034&languageid=he_IL,Not Just Cinema,2D,,,2026-08-13,1978,,,143,,Ashkelon,Hot Cinema,589
20:00,Superman 2 The Richard Donner Cut,סינמה נוסטלגיה - סופרמן 2 גרסת הבמאי,https://tickets.hotcinema.co.il/site/1193/tickets?code=1193-74849&languageid=en_gb,https://tickets.hotcinema.co.il/site/1193/tickets?code=1193-74849&languageid=he_IL,Not Just Cinema,2D,,,2026-08-20,2006,,,116,All,Ashkelon,Hot Cinema,589
17:30,Tangled,סינמה נוסטלגיה - פלונטר,https://tickets.hotcinema.co.il/site/1193/tickets?code=1193-74853&languageid=en_gb,https://tickets.hotcinema.co.il/site/1193/tickets?code=1193-74853&languageid=he_IL,Not Just Cinema,2D,,Hebrew,2026-08-27,2010,,,100,All,Ashkelon,Hot Cinema,589
17:30,Tangled,סינמה נוסטלגיה - פלונטר,https://tickets.hotcinema.co.il/site/1193/tickets?code=1193-74854&languageid=en_gb,https://tickets.hotcinema.co.il/site/1193/tickets?code=1193-74854&languageid=he_IL,Not Just Cinema,2D,,Hebrew,2026-08-28,2010,,,100,All,Ashkelon,Hot Cinema,589
17:30,Tangled,סינמה נוסטלגיה - פלונטר,https://tickets.hotcinema.co.il/site/1193/tickets?code=1193-74855&languageid=en_gb,https://tickets.hotcinema.co.il/site/1193/tickets?code=1193-74855&languageid=he_IL,Not Just Cinema,2D,,Hebrew,2026-08-29,2010,,,100,All,Ashkelon,Hot Cinema,589
20:00,סינמה נוסטלגיה - גבעת חלפון אינה עונה חוגגת 50!,סינמה נוסטלגיה - גבעת חלפון אינה עונה חוגגת 50!,https://tickets.hotcinema.co.il/site/1193/tickets?code=1193-76242&languageid=en_gb,https://tickets.hotcinema.co.il/site/1193/tickets?code=1193-76242&languageid=he_IL,Not Just Cinema,2D,,,2026-09-03,1976,,,92,12+,Ashkelon,Hot Cinema,589
20:00,סינמה נוסטלגיה - גבעת חלפון אינה עונה חוגגת 50!,סינמה נוסטלגיה - גבעת חלפון אינה עונה חוגגת 50!,https://tickets.hotcinema.co.il/site/1193/tickets?code=1193-76243&languageid=en_gb,https://tickets.hotcinema.co.il/site/1193/tickets?code=1193-76243&languageid=he_IL,Not Just Cinema,2D,,,2026-09-04,1976,,,92,12+,Ashkelon,Hot Cinema,589
20:00,סינמה נוסטלגיה - גבעת חלפון אינה עונה חוגגת 50!,סינמה נוסטלגיה - גבעת חלפון אינה עונה חוגגת 50!,https://tickets.hotcinema.co.il/site/1193/tickets?code=1193-76244&languageid=en_gb,https://tickets.hotcinema.co.il/site/1193/tickets?code=1193-76244&languageid=he_IL,Not Just Cinema,2D,,,2026-09-05,1976,,,92,12+,Ashkelon,Hot Cinema,589
20:00,Taxi Driver,סינמה נוסטלגיה - 50 שנה לסרט נהג מונית,https://tickets.hotcinema.co.il/site/1193/tickets?code=1193-75572&languageid=en_gb,https://tickets.hotcinema.co.il/site/1193/tickets?code=1193-75572&languageid=he_IL,Not Just Cinema,2D,,,2026-09-10,1976,,,114,הגבלת גיל: הותר מגיל 18 בהצגת תעודה מזהה,Ashkelon,Hot Cinema,589
20:00,A Few Good Men,סינמה נוסטלגיה - בחורים טובים,https://tickets.hotcinema.co.il/site/1193/tickets?code=1193-76250&languageid=en_gb,https://tickets.hotcinema.co.il/site/1193/tickets?code=1193-76250&languageid=he_IL,Not Just Cinema,2D,,,2026-09-17,1992,,,138,12+,Ashkelon,Hot Cinema,589
20:00,A Few Good Men,סינמה נוסטלגיה - בחורים טובים,https://tickets.hotcinema.co.il/site/1193/tickets?code=1193-76248&languageid=en_gb,https://tickets.hotcinema.co.il/site/1193/tickets?code=1193-76248&languageid=he_IL,Not Just Cinema,2D,,,2026-09-18,1992,,,138,12+,Ashkelon,Hot Cinema,589
20:00,A Few Good Men,סינמה נוסטלגיה - בחורים טובים,https://tickets.hotcinema.co.il/site/1193/tickets?code=1193-76249&languageid=en_gb,https://tickets.hotcinema.co.il/site/1193/tickets?code=1193-76249&languageid=he_IL,Not Just Cinema,2D,,,2026-09-19,1992,,,138,12+,Ashkelon,Hot Cinema,589
20:00,Ghostbusters,סינמה נוסטלגיה - מכסחי השדים,https://tickets.hotcinema.co.il/site/1193/tickets?code=1193-76252&languageid=en_gb,https://tickets.hotcinema.co.il/site/1193/tickets?code=1193-76252&languageid=he_IL,Not Just Cinema,2D,,,2026-09-24,1984,,,105,12+,Ashkelon,Hot Cinema,589
11:30,The Odyssey,האודיסאה,https://tickets.hotcinema.co.il/site/1182/tickets?code=1182-65618&languageid=en_gb,https://tickets.hotcinema.co.il/site/1182/tickets?code=1182-65618&languageid=he_IL,Regular,2D,,,2026-08-04,2026,,,172,14+,Ashdod,Hot Cinema,589
15:00,The Odyssey,האודיסאה,https://tickets.hotcinema.co.il/site/1182/tickets?code=1182-65619&languageid=en_gb,https://tickets.hotcinema.co.il/site/1182/tickets?code=1182-65619&languageid=he_IL,Regular,2D,,,2026-08-04,2026,,,172,14+,Ashdod,Hot Cinema,589
21:40,The Odyssey,האודיסאה,https://tickets.hotcinema.co.il/site/1182/tickets?code=1182-65604&languageid=en_gb,https://tickets.hotcinema.co.il/site/1182/tickets?code=1182-65604&languageid=he_IL,Regular,2D,,,2026-08-04,2026,,,172,14+,Ashdod,Hot Cinema,589
15:10,A missing part,החלק החסר,https://tickets.hotcinema.co.il/site/1182/tickets?code=1182-65613&languageid=en_gb,https://tickets.hotcinema.co.il/site/1182/tickets?code=1182-65613&languageid=he_IL,Regular,2D,,,2026-08-04,2024,,,98,All,Ashdod,Hot Cinema,589
10:40,THE MAGICAL FARAWAY TREE,המסע המופלא לעץ הקסמים,https://tickets.hotcinema.co.il/site/1182/tickets?code=1182-65607&languageid=en_gb,https://tickets.hotcinema.co.il/site/1182/tickets?code=1182-65607&languageid=he_IL,Regular,2D,,Hebrew,2026-08-04,2026,,,110,All,Ashdod,Hot Cinema,589
19:30,Diamonds,יהלומים,https://tickets.hotcinema.co.il/site/1182/tickets?code=1182-65617&languageid=en_gb,https://tickets.hotcinema.co.il/site/1182/tickets?code=1182-65617&languageid=he_IL,Regular,2D,,,2026-08-04,2024,,,135,All,Ashdod,Hot Cinema,589
10:20,מאמא,מאמא,https://tickets.hotcinema.co.il/site/1182/tickets?code=1182-65615&languageid=en_gb,https://tickets.hotcinema.co.il/site/1182/tickets?code=1182-65615&languageid=he_IL,Regular,2D,,,2026-08-04,2026,,,92,12+,Ashdod,Hot Cinema,589
10:30,Minions & Monsters,מיניונים ומפלצות,https://tickets.hotcinema.co.il/site/1182/tickets?code=1182-65603&languageid=en_gb,https://tickets.hotcinema.co.il/site/1182/tickets?code=1182-65603&languageid=he_IL,Regular,2D,,Hebrew,2026-08-04,2026,,,90,All,Ashdod,Hot Cinema,589
16:30,Minions & Monsters,מיניונים ומפלצות,https://tickets.hotcinema.co.il/site/1182/tickets?code=1182-62682&languageid=en_gb,https://tickets.hotcinema.co.il/site/1182/tickets?code=1182-62682&languageid=he_IL,Not Just Cinema,2D,,Hebrew,2026-08-04,2026,,,90,All,Ashdod,Hot Cinema,589
13:00,Saltiz,סולטיז הסרט - וולוג ה-100,https://tickets.hotcinema.co.il/site/1182/tickets?code=1182-65602&languageid=en_gb,https://tickets.hotcinema.co.il/site/1182/tickets?code=1182-65602&languageid=he_IL,Regular,2D,,,2026-08-04,2026,,,100,All,Ashdod,Hot Cinema,589
12:30,Spider-Man: Brand new day,ספיידרמן: יום חדש,https://tickets.hotcinema.co.il/site/1182/tickets?code=1182-65612&languageid=en_gb,https://tickets.hotcinema.co.il/site/1182/tickets?code=1182-65612&languageid=he_IL,Regular,2D,,,2026-08-04,2026,,,145,All,Ashdod,Hot Cinema,589
14:30,Spider-Man: Brand new day,ספיידרמן: יום חדש,https://tickets.hotcinema.co.il/site/1182/tickets?code=1182-65611&languageid=en_gb,https://tickets.hotcinema.co.il/site/1182/tickets?code=1182-65611&languageid=he_IL,Regular,2D,,,2026-08-04,2026,,,145,All,Ashdod,Hot Cinema,589
17:30,Spider-Man: Brand new day,ספיידרמן: יום חדש,https://tickets.hotcinema.co.il/site/1182/tickets?code=1182-65606&languageid=en_gb,https://tickets.hotcinema.co.il/site/1182/tickets?code=1182-65606&languageid=he_IL,Regular,2D,,,2026-08-04,2026,,,145,All,Ashdod,Hot Cinema,589
18:35,Spider-Man: Brand new day,ספיידרמן: יום חדש,https://tickets.hotcinema.co.il/site/1182/tickets?code=1182-65683&languageid=en_gb,https://tickets.hotcinema.co.il/site/1182/tickets?code=1182-65683&languageid=he_IL,Regular,2D,,,2026-08-04,2026,,,145,All,Ashdod,Hot Cinema,589
21:35,Spider-Man: Brand new day,ספיידרמן: יום חדש,https://tickets.hotcinema.co.il/site/1182/tickets?code=1182-65610&languageid=en_gb,https://tickets.hotcinema.co.il/site/1182/tickets?code=1182-65610&languageid=he_IL,Regular,2D,,,2026-08-04,2026,,,145,All,Ashdod,Hot Cinema,589
20:30,Spider-Man: Brand new day,ספיידרמן: יום חדש,https://tickets.hotcinema.co.il/site/1182/tickets?code=1182-63836&languageid=en_gb,https://tickets.hotcinema.co.il/site/1182/tickets?code=1182-63836&languageid=he_IL,Regular,2D,,French,2026-08-04,2026,,,145,All,Ashdod,Hot Cinema,589
22:15,סרט כחול לבן,סרט כחול לבן,https://tickets.hotcinema.co.il/site/1182/tickets?code=1182-65614&languageid=en_gb,https://tickets.hotcinema.co.il/site/1182/tickets?code=1182-65614&languageid=he_IL,Regular,2D,,,2026-08-04,2026,,,86,14+,Ashdod,Hot Cinema,589
17:30,קופה ראשית: הסרט,קופה ראשית: הסרט,https://tickets.hotcinema.co.il/site/1182/tickets?code=1182-65609&languageid=en_gb,https://tickets.hotcinema.co.il/site/1182/tickets?code=1182-65609&languageid=he_IL,Regular,2D,,,2026-08-04,2026,,,91,All,Ashdod,Hot Cinema,589
20:35,The Odyssey,האודיסאה,https://tickets.hotcinema.co.il/site/1182/tickets?code=1182-65544&languageid=en_gb,https://tickets.hotcinema.co.il/site/1182/tickets?code=1182-65544&languageid=he_IL,Regular,2D,,,2026-08-05,2026,,,172,14+,Ashdod,Hot Cinema,589
22:20,The Odyssey,האודיסאה,https://tickets.hotcinema.co.il/site/1182/tickets?code=1182-65543&languageid=en_gb,https://tickets.hotcinema.co.il/site/1182/tickets?code=1182-65543&languageid=he_IL,Regular,2D,,,2026-08-05,2026,,,172,14+,Ashdod,Hot Cinema,589
14:30,THE MAGICAL FARAWAY TREE,המסע המופלא לעץ הקסמים,https://tickets.hotcinema.co.il/site/1182/tickets?code=1182-65542&languageid=en_gb,https://tickets.hotcinema.co.il/site/1182/tickets?code=1182-65542&languageid=he_IL,Regular,2D,,Hebrew,2026-08-05,2026,,,110,All,Ashdod,Hot Cinema,589
10:50,Tafiti: Across the Desert,טפיטי: הרפתקה במדבר,https://tickets.hotcinema.co.il/site/1182/tickets?code=1182-65538&languageid=en_gb,https://tickets.hotcinema.co.il/site/1182/tickets?code=1182-65538&languageid=he_IL,Regular,2D,,,2026-08-05,,,,81,הגבלת גיל: עד גיל 8 בליווי מבוגר,Ashdod,Hot Cinema,589
17:30,Moana,מואנה - לייב אקשן,https://tickets.hotcinema.co.il/site/1182/tickets?code=1182-64345&languageid=en_gb,https://tickets.hotcinema.co.il/site/1182/tickets?code=1182-64345&languageid=he_IL,Regular,2D,,French,2026-08-05,2026,,,115,All,Ashdod,Hot Cinema,589
11:50,Moana (Live Action),מואנה לייב אקשן,https://tickets.hotcinema.co.il/site/1182/tickets?code=1182-65540&languageid=en_gb,https://tickets.hotcinema.co.il/site/1182/tickets?code=1182-65540&languageid=he_IL,Regular,2D,,Hebrew,2026-08-05,2026,,,115,All,Ashdod,Hot Cinema,589
14:30,Minions & Monsters,מיניונים ומפלצות,https://tickets.hotcinema.co.il/site/1182/tickets?code=1182-65541&languageid=en_gb,https://tickets.hotcinema.co.il/site/1182/tickets?code=1182-65541&languageid=he_IL,Regular,2D,,Hebrew,2026-08-05,2026,,,90,All,Ashdod,Hot Cinema,589
12:10,School of Magical Animals,סוד החיות הקסומות 3,https://tickets.hotcinema.co.il/site/1182/tickets?code=1182-65537&languageid=en_gb,https://tickets.hotcinema.co.il/site/1182/tickets?code=1182-65537&languageid=he_IL,Regular,2D,,Hebrew,2026-08-05,2024,,,105,All,Ashdod,Hot Cinema,589
16:30,Saltiz,סולטיז הסרט - וולוג ה-100,https://tickets.hotcinema.co.il/site/1182/tickets?code=1182-65536&languageid=en_gb,https://tickets.hotcinema.co.il/site/1182/tickets?code=1182-65536&languageid=he_IL,Regular,2D,,,2026-08-05,2026,,,100,All,Ashdod,Hot Cinema,589
10:15,Three Wishes for Cinderella,סינדרלה ושלוש המשאלות,https://tickets.hotcinema.co.il/site/1182/tickets?code=1182-65552&languageid=en_gb,https://tickets.hotcinema.co.il/site/1182/tickets?code=1182-65552&languageid=he_IL,Regular,2D,,Hebrew,2026-08-05,2026,,,85,All,Ashdod,Hot Cinema,589
12:45,Spider-Man: Brand new day,ספיידרמן: יום חדש,https://tickets.hotcinema.co.il/site/1182/tickets?code=1182-65547&languageid=en_gb,https://tickets.hotcinema.co.il/site/1182/tickets?code=1182-65547&languageid=he_IL,Regular,2D,,,2026-08-05,2026,,,145,All,Ashdod,Hot Cinema,589
14:30,Spider-Man: Brand new day,ספיידרמן: יום חדש,https://tickets.hotcinema.co.il/site/1182/tickets?code=1182-65545&languageid=en_gb,https://tickets.hotcinema.co.il/site/1182/tickets?code=1182-65545&languageid=he_IL,Regular,2D,,,2026-08-05,2026,,,145,All,Ashdod,Hot Cinema,589
15:50,Spider-Man: Brand new day,ספיידרמן: יום חדש,https://tickets.hotcinema.co.il/site/1182/tickets?code=1182-65548&languageid=en_gb,https://tickets.hotcinema.co.il/site/1182/tickets?code=1182-65548&languageid=he_IL,Regular,2D,,,2026-08-05,2026,,,145,All,Ashdod,Hot Cinema,589
18:50,Spider-Man: Brand new day,ספיידרמן: יום חדש,https://tickets.hotcinema.co.il/site/1182/tickets?code=1182-65549&languageid=en_gb,https://tickets.hotcinema.co.il/site/1182/tickets?code=1182-65549&languageid=he_IL,Regular,2D,,,2026-08-05,2026,,,145,All,Ashdod,Hot Cinema,589
19:55,Spider-Man: Brand new day,ספיידרמן: יום חדש,https://tickets.hotcinema.co.il/site/1182/tickets?code=1182-65555&languageid=en_gb,https://tickets.hotcinema.co.il/site/1182/tickets?code=1182-65555&languageid=he_IL,Regular,2D,,,2026-08-05,2026,,,145,All,Ashdod,Hot Cinema,589
21:50,Spider-Man: Brand new day,ספיידרמן: יום חדש,https://tickets.hotcinema.co.il/site/1182/tickets?code=1182-65550&languageid=en_gb,https://tickets.hotcinema.co.il/site/1182/tickets?code=1182-65550&languageid=he_IL,Regular,2D,,,2026-08-05,2026,,,145,All,Ashdod,Hot Cinema,589
22:50,Spider-Man: Brand new day,ספיידרמן: יום חדש,https://tickets.hotcinema.co.il/site/1182/tickets?code=1182-65546&languageid=en_gb,https://tickets.hotcinema.co.il/site/1182/tickets?code=1182-65546&languageid=he_IL,Regular,2D,,,2026-08-05,2026,,,145,All,Ashdod,Hot Cinema,589
18:40,סרט כחול לבן,סרט כחול לבן,https://tickets.hotcinema.co.il/site/1182/tickets?code=1182-65553&languageid=en_gb,https://tickets.hotcinema.co.il/site/1182/tickets?code=1182-65553&languageid=he_IL,Regular,2D,,,2026-08-05,2026,,,86,14+,Ashdod,Hot Cinema,589
12:20,Toy Story 5,צעצוע של סיפור 5,https://tickets.hotcinema.co.il/site/1182/tickets?code=1182-65539&languageid=en_gb,https://tickets.hotcinema.co.il/site/1182/tickets?code=1182-65539&languageid=he_IL,Regular,2D,,Hebrew,2026-08-05,2026,,,102,All,Ashdod,Hot Cinema,589
16:50,קופה ראשית: הסרט,קופה ראשית: הסרט,https://tickets.hotcinema.co.il/site/1182/tickets?code=1182-65554&languageid=en_gb,https://tickets.hotcinema.co.il/site/1182/tickets?code=1182-65554&languageid=he_IL,Regular,2D,,,2026-08-05,2026,,,91,All,Ashdod,Hot Cinema,589
19:40,גבעה 338,גבעה 338,https://tickets.hotcinema.co.il/site/1182/tickets?code=1182-65798&languageid=en_gb,https://tickets.hotcinema.co.il/site/1182/tickets?code=1182-65798&languageid=he_IL,Regular,2D,,,2026-08-06,2026,,,106,הגבלת גיל: הותר מגיל 9,Ashdod,Hot Cinema,589
17:30,WALL·E,סינמה נוסטלגיה - וול-E,https://tickets.hotcinema.co.il/site/1182/tickets?code=1182-62708&languageid=en_gb,https://tickets.hotcinema.co.il/site/1182/tickets?code=1182-62708&languageid=he_IL,Not Just Cinema,2D,,Hebrew,2026-08-06,2008,,,98,All,Ashdod,Hot Cinema,589
20:30,Spider-Man: Brand new day,ספיידרמן: יום חדש,https://tickets.hotcinema.co.il/site/1182/tickets?code=1182-63834&languageid=en_gb,https://tickets.hotcinema.co.il/site/1182/tickets?code=1182-63834&languageid=he_IL,Regular,2D,,French,2026-08-06,2026,,,145,All,Ashdod,Hot Cinema,589
18:10,גבעה 338,גבעה 338,https://tickets.hotcinema.co.il/site/1182/tickets?code=1182-65797&languageid=en_gb,https://tickets.hotcinema.co.il/site/1182/tickets?code=1182-65797&languageid=he_IL,Regular,2D,,,2026-08-07,2026,,,106,הגבלת גיל: הותר מגיל 9,Ashdod,Hot Cinema,589
18:10,גבעה 338,גבעה 338,https://tickets.hotcinema.co.il/site/1182/tickets?code=1182-65795&languageid=en_gb,https://tickets.hotcinema.co.il/site/1182/tickets?code=1182-65795&languageid=he_IL,Regular,2D,,,2026-08-08,2026,,,106,הגבלת גיל: הותר מגיל 9,Ashdod,Hot Cinema,589
20:30,Spider-Man: Brand new day,ספיידרמן: יום חדש,https://tickets.hotcinema.co.il/site/1182/tickets?code=1182-63835&languageid=en_gb,https://tickets.hotcinema.co.il/site/1182/tickets?code=1182-63835&languageid=he_IL,Regular,2D,,French,2026-08-09,2026,,,145,All,Ashdod,Hot Cinema,589
17:30,Minions & Monsters,מיניונים ומפלצות,https://tickets.hotcinema.co.il/site/1182/tickets?code=1182-65491&languageid=en_gb,https://tickets.hotcinema.co.il/site/1182/tickets?code=1182-65491&languageid=he_IL,Regular,2D,,French,2026-08-10,2026,,,90,All,Ashdod,Hot Cinema,589
20:00,Superman - 1978,סינמה נוסטלגיה - סופרמן 1978,https://tickets.hotcinema.co.il/site/1182/tickets?code=1182-63233&languageid=en_gb,https://tickets.hotcinema.co.il/site/1182/tickets?code=1182-63233&languageid=he_IL,Not Just Cinema,2D,,,2026-08-13,1978,,,143,,Ashdod,Hot Cinema,589
20:00,Superman 2 The Richard Donner Cut,סינמה נוסטלגיה - סופרמן 2 גרסת הבמאי,https://tickets.hotcinema.co.il/site/1182/tickets?code=1182-63856&languageid=en_gb,https://tickets.hotcinema.co.il/site/1182/tickets?code=1182-63856&languageid=he_IL,Not Just Cinema,2D,,,2026-08-20,2006,,,116,All,Ashdod,Hot Cinema,589
17:30,Tangled,סינמה נוסטלגיה - פלונטר,https://tickets.hotcinema.co.il/site/1182/tickets?code=1182-63860&languageid=en_gb,https://tickets.hotcinema.co.il/site/1182/tickets?code=1182-63860&languageid=he_IL,Not Just Cinema,2D,,Hebrew,2026-08-27,2010,,,100,All,Ashdod,Hot Cinema,589
17:30,Tangled,סינמה נוסטלגיה - פלונטר,https://tickets.hotcinema.co.il/site/1182/tickets?code=1182-63861&languageid=en_gb,https://tickets.hotcinema.co.il/site/1182/tickets?code=1182-63861&languageid=he_IL,Not Just Cinema,2D,,Hebrew,2026-08-28,2010,,,100,All,Ashdod,Hot Cinema,589
17:30,Tangled,סינמה נוסטלגיה - פלונטר,https://tickets.hotcinema.co.il/site/1182/tickets?code=1182-63862&languageid=en_gb,https://tickets.hotcinema.co.il/site/1182/tickets?code=1182-63862&languageid=he_IL,Not Just Cinema,2D,,Hebrew,2026-08-29,2010,,,100,All,Ashdod,Hot Cinema,589
21:00,יעקוב חמו מגיע לעשות סטנדאפ ב-HOT CINEMA,יעקוב חמו מגיע לעשות סטנדאפ ב-HOT CINEMA,https://tickets.hotcinema.co.il/site/1182/tickets?code=1182-62737&languageid=en_gb,https://tickets.hotcinema.co.il/site/1182/tickets?code=1182-62737&languageid=he_IL,Not Just Cinema,2D,,,2026-09-03,2026,,,70,,Ashdod,Hot Cinema,589
20:00,סינמה נוסטלגיה - גבעת חלפון אינה עונה חוגגת 50!,סינמה נוסטלגיה - גבעת חלפון אינה עונה חוגגת 50!,https://tickets.hotcinema.co.il/site/1182/tickets?code=1182-64835&languageid=en_gb,https://tickets.hotcinema.co.il/site/1182/tickets?code=1182-64835&languageid=he_IL,Not Just Cinema,2D,,,2026-09-03,1976,,,92,12+,Ashdod,Hot Cinema,589
20:00,סינמה נוסטלגיה - גבעת חלפון אינה עונה חוגגת 50!,סינמה נוסטלגיה - גבעת חלפון אינה עונה חוגגת 50!,https://tickets.hotcinema.co.il/site/1182/tickets?code=1182-64836&languageid=en_gb,https://tickets.hotcinema.co.il/site/1182/tickets?code=1182-64836&languageid=he_IL,Not Just Cinema,2D,,,2026-09-04,1976,,,92,12+,Ashdod,Hot Cinema,589
20:00,סינמה נוסטלגיה - גבעת חלפון אינה עונה חוגגת 50!,סינמה נוסטלגיה - גבעת חלפון אינה עונה חוגגת 50!,https://tickets.hotcinema.co.il/site/1182/tickets?code=1182-64837&languageid=en_gb,https://tickets.hotcinema.co.il/site/1182/tickets?code=1182-64837&languageid=he_IL,Not Just Cinema,2D,,,2026-09-05,1976,,,92,12+,Ashdod,Hot Cinema,589
20:00,Taxi Driver,סינמה נוסטלגיה - 50 שנה לסרט נהג מונית,https://tickets.hotcinema.co.il/site/1182/tickets?code=1182-64347&languageid=en_gb,https://tickets.hotcinema.co.il/site/1182/tickets?code=1182-64347&languageid=he_IL,Not Just Cinema,2D,,,2026-09-10,1976,,,114,הגבלת גיל: הותר מגיל 18 בהצגת תעודה מזהה,Ashdod,Hot Cinema,589
20:00,A Few Good Men,סינמה נוסטלגיה - בחורים טובים,https://tickets.hotcinema.co.il/site/1182/tickets?code=1182-64843&languageid=en_gb,https://tickets.hotcinema.co.il/site/1182/tickets?code=1182-64843&languageid=he_IL,Not Just Cinema,2D,,,2026-09-17,1992,,,138,12+,Ashdod,Hot Cinema,589
20:00,A Few Good Men,סינמה נוסטלגיה - בחורים טובים,https://tickets.hotcinema.co.il/site/1182/tickets?code=1182-64841&languageid=en_gb,https://tickets.hotcinema.co.il/site/1182/tickets?code=1182-64841&languageid=he_IL,Not Just Cinema,2D,,,2026-09-18,1992,,,138,12+,Ashdod,Hot Cinema,589
20:00,A Few Good Men,סינמה נוסטלגיה - בחורים טובים,https://tickets.hotcinema.co.il/site/1182/tickets?code=1182-64842&languageid=en_gb,https://tickets.hotcinema.co.il/site/1182/tickets?code=1182-64842&languageid=he_IL,Not Just Cinema,2D,,,2026-09-19,1992,,,138,12+,Ashdod,Hot Cinema,589
20:00,Ghostbusters,סינמה נוסטלגיה - מכסחי השדים,https://tickets.hotcinema.co.il/site/1182/tickets?code=1182-64845&languageid=en_gb,https://tickets.hotcinema.co.il/site/1182/tickets?code=1182-64845&languageid=he_IL,Not Just Cinema,2D,,,2026-09-24,1984,,,105,12+,Ashdod,Hot Cinema,589
09:30,Pirate Water Park,Pirate Water Park,https://tickets.hotcinema.co.il/site/1196/tickets?code=1196-90&languageid=en_gb,https://tickets.hotcinema.co.il/site/1196/tickets?code=1196-90&languageid=he_IL,Not Just Cinema,2D,,,2026-08-04,,,,,,HOT CINEMA,Hot Cinema,589
12:00,Pirate Water Park,Pirate Water Park,https://tickets.hotcinema.co.il/site/1196/tickets?code=1196-63&languageid=en_gb,https://tickets.hotcinema.co.il/site/1196/tickets?code=1196-63&languageid=he_IL,Not Just Cinema,2D,,,2026-08-04,,,,,,HOT CINEMA,Hot Cinema,589
14:30,Pirate Water Park,Pirate Water Park,https://tickets.hotcinema.co.il/site/1196/tickets?code=1196-64&languageid=en_gb,https://tickets.hotcinema.co.il/site/1196/tickets?code=1196-64&languageid=he_IL,Not Just Cinema,2D,,,2026-08-04,,,,,,HOT CINEMA,Hot Cinema,589
16:45,Pirate Water Park,Pirate Water Park,https://tickets.hotcinema.co.il/site/1196/tickets?code=1196-65&languageid=en_gb,https://tickets.hotcinema.co.il/site/1196/tickets?code=1196-65&languageid=he_IL,Not Just Cinema,2D,,,2026-08-04,,,,,,HOT CINEMA,Hot Cinema,589
09:30,Pirate Water Park,Pirate Water Park,https://tickets.hotcinema.co.il/site/1196/tickets?code=1196-91&languageid=en_gb,https://tickets.hotcinema.co.il/site/1196/tickets?code=1196-91&languageid=he_IL,Not Just Cinema,2D,,,2026-08-05,,,,,,HOT CINEMA,Hot Cinema,589
12:00,Pirate Water Park,Pirate Water Park,https://tickets.hotcinema.co.il/site/1196/tickets?code=1196-92&languageid=en_gb,https://tickets.hotcinema.co.il/site/1196/tickets?code=1196-92&languageid=he_IL,Not Just Cinema,2D,,,2026-08-05,,,,,,HOT CINEMA,Hot Cinema,589
14:30,Pirate Water Park,Pirate Water Park,https://tickets.hotcinema.co.il/site/1196/tickets?code=1196-93&languageid=en_gb,https://tickets.hotcinema.co.il/site/1196/tickets?code=1196-93&languageid=he_IL,Not Just Cinema,2D,,,2026-08-05,,,,,,HOT CINEMA,Hot Cinema,589
16:45,Pirate Water Park,Pirate Water Park,https://tickets.hotcinema.co.il/site/1196/tickets?code=1196-66&languageid=en_gb,https://tickets.hotcinema.co.il/site/1196/tickets?code=1196-66&languageid=he_IL,Not Just Cinema,2D,,,2026-08-05,,,,,,HOT CINEMA,Hot Cinema,589
09:30,Pirate Water Park,Pirate Water Park,https://tickets.hotcinema.co.il/site/1196/tickets?code=1196-94&languageid=en_gb,https://tickets.hotcinema.co.il/site/1196/tickets?code=1196-94&languageid=he_IL,Not Just Cinema,2D,,,2026-08-06,,,,,,HOT CINEMA,Hot Cinema,589
12:00,Pirate Water Park,Pirate Water Park,https://tickets.hotcinema.co.il/site/1196/tickets?code=1196-95&languageid=en_gb,https://tickets.hotcinema.co.il/site/1196/tickets?code=1196-95&languageid=he_IL,Not Just Cinema,2D,,,2026-08-06,,,,,,HOT CINEMA,Hot Cinema,589
14:30,Pirate Water Park,Pirate Water Park,https://tickets.hotcinema.co.il/site/1196/tickets?code=1196-96&languageid=en_gb,https://tickets.hotcinema.co.il/site/1196/tickets?code=1196-96&languageid=he_IL,Not Just Cinema,2D,,,2026-08-06,,,,,,HOT CINEMA,Hot Cinema,589
16:45,Pirate Water Park,Pirate Water Park,https://tickets.hotcinema.co.il/site/1196/tickets?code=1196-67&languageid=en_gb,https://tickets.hotcinema.co.il/site/1196/tickets?code=1196-67&languageid=he_IL,Not Just Cinema,2D,,,2026-08-06,,,,,,HOT CINEMA,Hot Cinema,589
09:30,Pirate Water Park,Pirate Water Park,https://tickets.hotcinema.co.il/site/1196/tickets?code=1196-97&languageid=en_gb,https://tickets.hotcinema.co.il/site/1196/tickets?code=1196-97&languageid=he_IL,Not Just Cinema,2D,,,2026-08-07,,,,,,HOT CINEMA,Hot Cinema,589
12:00,Pirate Water Park,Pirate Water Park,https://tickets.hotcinema.co.il/site/1196/tickets?code=1196-98&languageid=en_gb,https://tickets.hotcinema.co.il/site/1196/tickets?code=1196-98&languageid=he_IL,Not Just Cinema,2D,,,2026-08-07,,,,,,HOT CINEMA,Hot Cinema,589
09:30,Pirate Water Park,Pirate Water Park,https://tickets.hotcinema.co.il/site/1196/tickets?code=1196-99&languageid=en_gb,https://tickets.hotcinema.co.il/site/1196/tickets?code=1196-99&languageid=he_IL,Not Just Cinema,2D,,,2026-08-09,,,,,,HOT CINEMA,Hot Cinema,589
12:00,Pirate Water Park,Pirate Water Park,https://tickets.hotcinema.co.il/site/1196/tickets?code=1196-100&languageid=en_gb,https://tickets.hotcinema.co.il/site/1196/tickets?code=1196-100&languageid=he_IL,Not Just Cinema,2D,,,2026-08-09,,,,,,HOT CINEMA,Hot Cinema,589
14:30,Pirate Water Park,Pirate Water Park,https://tickets.hotcinema.co.il/site/1196/tickets?code=1196-101&languageid=en_gb,https://tickets.hotcinema.co.il/site/1196/tickets?code=1196-101&languageid=he_IL,Not Just Cinema,2D,,,2026-08-09,,,,,,HOT CINEMA,Hot Cinema,589
16:45,Pirate Water Park,Pirate Water Park,https://tickets.hotcinema.co.il/site/1196/tickets?code=1196-70&languageid=en_gb,https://tickets.hotcinema.co.il/site/1196/tickets?code=1196-70&languageid=he_IL,Not Just Cinema,2D,,,2026-08-09,,,,,,HOT CINEMA,Hot Cinema,589
20:00,Grease,סינמה נוסטלגיה - גריז,https://tickets.hotcinema.co.il/site/1196/tickets?code=1196-37&languageid=en_gb,https://tickets.hotcinema.co.il/site/1196/tickets?code=1196-37&languageid=he_IL,Not Just Cinema,2D,,,2026-08-10,1978,,,110,14+,HOT CINEMA,Hot Cinema,589
09:30,Pirate Water Park,Pirate Water Park,https://tickets.hotcinema.co.il/site/1196/tickets?code=1196-102&languageid=en_gb,https://tickets.hotcinema.co.il/site/1196/tickets?code=1196-102&languageid=he_IL,Not Just Cinema,2D,,,2026-08-10,,,,,,HOT CINEMA,Hot Cinema,589
12:00,Pirate Water Park,Pirate Water Park,https://tickets.hotcinema.co.il/site/1196/tickets?code=1196-103&languageid=en_gb,https://tickets.hotcinema.co.il/site/1196/tickets?code=1196-103&languageid=he_IL,Not Just Cinema,2D,,,2026-08-10,,,,,,HOT CINEMA,Hot Cinema,589
14:30,Pirate Water Park,Pirate Water Park,https://tickets.hotcinema.co.il/site/1196/tickets?code=1196-104&languageid=en_gb,https://tickets.hotcinema.co.il/site/1196/tickets?code=1196-104&languageid=he_IL,Not Just Cinema,2D,,,2026-08-10,,,,,,HOT CINEMA,Hot Cinema,589
16:45,Pirate Water Park,Pirate Water Park,https://tickets.hotcinema.co.il/site/1196/tickets?code=1196-71&languageid=en_gb,https://tickets.hotcinema.co.il/site/1196/tickets?code=1196-71&languageid=he_IL,Not Just Cinema,2D,,,2026-08-10,,,,,,HOT CINEMA,Hot Cinema,589
09:30,Pirate Water Park,Pirate Water Park,https://tickets.hotcinema.co.il/site/1196/tickets?code=1196-105&languageid=en_gb,https://tickets.hotcinema.co.il/site/1196/tickets?code=1196-105&languageid=he_IL,Not Just Cinema,2D,,,2026-08-11,,,,,,HOT CINEMA,Hot Cinema,589
12:00,Pirate Water Park,Pirate Water Park,https://tickets.hotcinema.co.il/site/1196/tickets?code=1196-72&languageid=en_gb,https://tickets.hotcinema.co.il/site/1196/tickets?code=1196-72&languageid=he_IL,Not Just Cinema,2D,,,2026-08-11,,,,,,HOT CINEMA,Hot Cinema,589
14:30,Pirate Water Park,Pirate Water Park,https://tickets.hotcinema.co.il/site/1196/tickets?code=1196-73&languageid=en_gb,https://tickets.hotcinema.co.il/site/1196/tickets?code=1196-73&languageid=he_IL,Not Just Cinema,2D,,,2026-08-11,,,,,,HOT CINEMA,Hot Cinema,589
16:45,Pirate Water Park,Pirate Water Park,https://tickets.hotcinema.co.il/site/1196/tickets?code=1196-74&languageid=en_gb,https://tickets.hotcinema.co.il/site/1196/tickets?code=1196-74&languageid=he_IL,Not Just Cinema,2D,,,2026-08-11,,,,,,HOT CINEMA,Hot Cinema,589
09:30,Pirate Water Park,Pirate Water Park,https://tickets.hotcinema.co.il/site/1196/tickets?code=1196-106&languageid=en_gb,https://tickets.hotcinema.co.il/site/1196/tickets?code=1196-106&languageid=he_IL,Not Just Cinema,2D,,,2026-08-12,,,,,,HOT CINEMA,Hot Cinema,589
12:00,Pirate Water Park,Pirate Water Park,https://tickets.hotcinema.co.il/site/1196/tickets?code=1196-107&languageid=en_gb,https://tickets.hotcinema.co.il/site/1196/tickets?code=1196-107&languageid=he_IL,Not Just Cinema,2D,,,2026-08-12,,,,,,HOT CINEMA,Hot Cinema,589
14:30,Pirate Water Park,Pirate Water Park,https://tickets.hotcinema.co.il/site/1196/tickets?code=1196-108&languageid=en_gb,https://tickets.hotcinema.co.il/site/1196/tickets?code=1196-108&languageid=he_IL,Not Just Cinema,2D,,,2026-08-12,,,,,,HOT CINEMA,Hot Cinema,589
16:45,Pirate Water Park,Pirate Water Park,https://tickets.hotcinema.co.il/site/1196/tickets?code=1196-75&languageid=en_gb,https://tickets.hotcinema.co.il/site/1196/tickets?code=1196-75&languageid=he_IL,Not Just Cinema,2D,,,2026-08-12,,,,,,HOT CINEMA,Hot Cinema,589
09:30,Pirate Water Park,Pirate Water Park,https://tickets.hotcinema.co.il/site/1196/tickets?code=1196-127&languageid=en_gb,https://tickets.hotcinema.co.il/site/1196/tickets?code=1196-127&languageid=he_IL,Not Just Cinema,2D,,,2026-08-13,,,,,,HOT CINEMA,Hot Cinema,589
12:00,Pirate Water Park,Pirate Water Park,https://tickets.hotcinema.co.il/site/1196/tickets?code=1196-128&languageid=en_gb,https://tickets.hotcinema.co.il/site/1196/tickets?code=1196-128&languageid=he_IL,Not Just Cinema,2D,,,2026-08-13,,,,,,HOT CINEMA,Hot Cinema,589
14:30,Pirate Water Park,Pirate Water Park,https://tickets.hotcinema.co.il/site/1196/tickets?code=1196-129&languageid=en_gb,https://tickets.hotcinema.co.il/site/1196/tickets?code=1196-129&languageid=he_IL,Not Just Cinema,2D,,,2026-08-13,,,,,,HOT CINEMA,Hot Cinema,589
16:45,Pirate Water Park,Pirate Water Park,https://tickets.hotcinema.co.il/site/1196/tickets?code=1196-109&languageid=en_gb,https://tickets.hotcinema.co.il/site/1196/tickets?code=1196-109&languageid=he_IL,Not Just Cinema,2D,,,2026-08-13,,,,,,HOT CINEMA,Hot Cinema,589
09:30,Pirate Water Park,Pirate Water Park,https://tickets.hotcinema.co.il/site/1196/tickets?code=1196-175&languageid=en_gb,https://tickets.hotcinema.co.il/site/1196/tickets?code=1196-175&languageid=he_IL,Not Just Cinema,2D,,,2026-08-14,,,,,,HOT CINEMA,Hot Cinema,589
12:00,Pirate Water Park,Pirate Water Park,https://tickets.hotcinema.co.il/site/1196/tickets?code=1196-131&languageid=en_gb,https://tickets.hotcinema.co.il/site/1196/tickets?code=1196-131&languageid=he_IL,Not Just Cinema,2D,,,2026-08-14,,,,,,HOT CINEMA,Hot Cinema,589
09:30,Pirate Water Park,Pirate Water Park,https://tickets.hotcinema.co.il/site/1196/tickets?code=1196-132&languageid=en_gb,https://tickets.hotcinema.co.il/site/1196/tickets?code=1196-132&languageid=he_IL,Not Just Cinema,2D,,,2026-08-16,,,,,,HOT CINEMA,Hot Cinema,589
12:00,Pirate Water Park,Pirate Water Park,https://tickets.hotcinema.co.il/site/1196/tickets?code=1196-133&languageid=en_gb,https://tickets.hotcinema.co.il/site/1196/tickets?code=1196-133&languageid=he_IL,Not Just Cinema,2D,,,2026-08-16,,,,,,HOT CINEMA,Hot Cinema,589
14:30,Pirate Water Park,Pirate Water Park,https://tickets.hotcinema.co.il/site/1196/tickets?code=1196-134&languageid=en_gb,https://tickets.hotcinema.co.il/site/1196/tickets?code=1196-134&languageid=he_IL,Not Just Cinema,2D,,,2026-08-16,,,,,,HOT CINEMA,Hot Cinema,589
16:45,Pirate Water Park,Pirate Water Park,https://tickets.hotcinema.co.il/site/1196/tickets?code=1196-112&languageid=en_gb,https://tickets.hotcinema.co.il/site/1196/tickets?code=1196-112&languageid=he_IL,Not Just Cinema,2D,,,2026-08-16,,,,,,HOT CINEMA,Hot Cinema,589
09:30,Pirate Water Park,Pirate Water Park,https://tickets.hotcinema.co.il/site/1196/tickets?code=1196-135&languageid=en_gb,https://tickets.hotcinema.co.il/site/1196/tickets?code=1196-135&languageid=he_IL,Not Just Cinema,2D,,,2026-08-17,,,,,,HOT CINEMA,Hot Cinema,589
12:00,Pirate Water Park,Pirate Water Park,https://tickets.hotcinema.co.il/site/1196/tickets?code=1196-136&languageid=en_gb,https://tickets.hotcinema.co.il/site/1196/tickets?code=1196-136&languageid=he_IL,Not Just Cinema,2D,,,2026-08-17,,,,,,HOT CINEMA,Hot Cinema,589
14:30,Pirate Water Park,Pirate Water Park,https://tickets.hotcinema.co.il/site/1196/tickets?code=1196-137&languageid=en_gb,https://tickets.hotcinema.co.il/site/1196/tickets?code=1196-137&languageid=he_IL,Not Just Cinema,2D,,,2026-08-17,,,,,,HOT CINEMA,Hot Cinema,589
16:45,Pirate Water Park,Pirate Water Park,https://tickets.hotcinema.co.il/site/1196/tickets?code=1196-113&languageid=en_gb,https://tickets.hotcinema.co.il/site/1196/tickets?code=1196-113&languageid=he_IL,Not Just Cinema,2D,,,2026-08-17,,,,,,HOT CINEMA,Hot Cinema,589
09:30,Pirate Water Park,Pirate Water Park,https://tickets.hotcinema.co.il/site/1196/tickets?code=1196-138&languageid=en_gb,https://tickets.hotcinema.co.il/site/1196/tickets?code=1196-138&languageid=he_IL,Not Just Cinema,2D,,,2026-08-18,,,,,,HOT CINEMA,Hot Cinema,589
12:00,Pirate Water Park,Pirate Water Park,https://tickets.hotcinema.co.il/site/1196/tickets?code=1196-115&languageid=en_gb,https://tickets.hotcinema.co.il/site/1196/tickets?code=1196-115&languageid=he_IL,Not Just Cinema,2D,,,2026-08-18,,,,,,HOT CINEMA,Hot Cinema,589
14:30,Pirate Water Park,Pirate Water Park,https://tickets.hotcinema.co.il/site/1196/tickets?code=1196-116&languageid=en_gb,https://tickets.hotcinema.co.il/site/1196/tickets?code=1196-116&languageid=he_IL,Not Just Cinema,2D,,,2026-08-18,,,,,,HOT CINEMA,Hot Cinema,589
16:45,Pirate Water Park,Pirate Water Park,https://tickets.hotcinema.co.il/site/1196/tickets?code=1196-114&languageid=en_gb,https://tickets.hotcinema.co.il/site/1196/tickets?code=1196-114&languageid=he_IL,Not Just Cinema,2D,,,2026-08-18,,,,,,HOT CINEMA,Hot Cinema,589
09:30,Pirate Water Park,Pirate Water Park,https://tickets.hotcinema.co.il/site/1196/tickets?code=1196-141&languageid=en_gb,https://tickets.hotcinema.co.il/site/1196/tickets?code=1196-141&languageid=he_IL,Not Just Cinema,2D,,,2026-08-19,,,,,,HOT CINEMA,Hot Cinema,589
12:00,Pirate Water Park,Pirate Water Park,https://tickets.hotcinema.co.il/site/1196/tickets?code=1196-140&languageid=en_gb,https://tickets.hotcinema.co.il/site/1196/tickets?code=1196-140&languageid=he_IL,Not Just Cinema,2D,,,2026-08-19,,,,,,HOT CINEMA,Hot Cinema,589
14:30,Pirate Water Park,Pirate Water Park,https://tickets.hotcinema.co.il/site/1196/tickets?code=1196-139&languageid=en_gb,https://tickets.hotcinema.co.il/site/1196/tickets?code=1196-139&languageid=he_IL,Not Just Cinema,2D,,,2026-08-19,,,,,,HOT CINEMA,Hot Cinema,589
16:45,Pirate Water Park,Pirate Water Park,https://tickets.hotcinema.co.il/site/1196/tickets?code=1196-117&languageid=en_gb,https://tickets.hotcinema.co.il/site/1196/tickets?code=1196-117&languageid=he_IL,Not Just Cinema,2D,,,2026-08-19,,,,,,HOT CINEMA,Hot Cinema,589
09:30,Pirate Water Park,Pirate Water Park,https://tickets.hotcinema.co.il/site/1196/tickets?code=1196-144&languageid=en_gb,https://tickets.hotcinema.co.il/site/1196/tickets?code=1196-144&languageid=he_IL,Not Just Cinema,2D,,,2026-08-20,,,,,,HOT CINEMA,Hot Cinema,589
12:00,Pirate Water Park,Pirate Water Park,https://tickets.hotcinema.co.il/site/1196/tickets?code=1196-143&languageid=en_gb,https://tickets.hotcinema.co.il/site/1196/tickets?code=1196-143&languageid=he_IL,Not Just Cinema,2D,,,2026-08-20,,,,,,HOT CINEMA,Hot Cinema,589
14:30,Pirate Water Park,Pirate Water Park,https://tickets.hotcinema.co.il/site/1196/tickets?code=1196-142&languageid=en_gb,https://tickets.hotcinema.co.il/site/1196/tickets?code=1196-142&languageid=he_IL,Not Just Cinema,2D,,,2026-08-20,,,,,,HOT CINEMA,Hot Cinema,589
16:45,Pirate Water Park,Pirate Water Park,https://tickets.hotcinema.co.il/site/1196/tickets?code=1196-118&languageid=en_gb,https://tickets.hotcinema.co.il/site/1196/tickets?code=1196-118&languageid=he_IL,Not Just Cinema,2D,,,2026-08-20,,,,,,HOT CINEMA,Hot Cinema,589
09:30,Pirate Water Park,Pirate Water Park,https://tickets.hotcinema.co.il/site/1196/tickets?code=1196-146&languageid=en_gb,https://tickets.hotcinema.co.il/site/1196/tickets?code=1196-146&languageid=he_IL,Not Just Cinema,2D,,,2026-08-21,,,,,,HOT CINEMA,Hot Cinema,589
12:00,Pirate Water Park,Pirate Water Park,https://tickets.hotcinema.co.il/site/1196/tickets?code=1196-145&languageid=en_gb,https://tickets.hotcinema.co.il/site/1196/tickets?code=1196-145&languageid=he_IL,Not Just Cinema,2D,,,2026-08-21,,,,,,HOT CINEMA,Hot Cinema,589
09:30,Pirate Water Park,Pirate Water Park,https://tickets.hotcinema.co.il/site/1196/tickets?code=1196-149&languageid=en_gb,https://tickets.hotcinema.co.il/site/1196/tickets?code=1196-149&languageid=he_IL,Not Just Cinema,2D,,,2026-08-23,,,,,,HOT CINEMA,Hot Cinema,589
12:00,Pirate Water Park,Pirate Water Park,https://tickets.hotcinema.co.il/site/1196/tickets?code=1196-148&languageid=en_gb,https://tickets.hotcinema.co.il/site/1196/tickets?code=1196-148&languageid=he_IL,Not Just Cinema,2D,,,2026-08-23,,,,,,HOT CINEMA,Hot Cinema,589
14:30,Pirate Water Park,Pirate Water Park,https://tickets.hotcinema.co.il/site/1196/tickets?code=1196-147&languageid=en_gb,https://tickets.hotcinema.co.il/site/1196/tickets?code=1196-147&languageid=he_IL,Not Just Cinema,2D,,,2026-08-23,,,,,,HOT CINEMA,Hot Cinema,589
16:45,Pirate Water Park,Pirate Water Park,https://tickets.hotcinema.co.il/site/1196/tickets?code=1196-121&languageid=en_gb,https://tickets.hotcinema.co.il/site/1196/tickets?code=1196-121&languageid=he_IL,Not Just Cinema,2D,,,2026-08-23,,,,,,HOT CINEMA,Hot Cinema,589
20:00,Mamma Mia!,סינמה נוסטלגיה - מאמה מיה!,https://tickets.hotcinema.co.il/site/1196/tickets?code=1196-180&languageid=en_gb,https://tickets.hotcinema.co.il/site/1196/tickets?code=1196-180&languageid=he_IL,Not Just Cinema,2D,,,2026-08-24,2008,,,108,12+,HOT CINEMA,Hot Cinema,589
09:30,Pirate Water Park,Pirate Water Park,https://tickets.hotcinema.co.il/site/1196/tickets?code=1196-152&languageid=en_gb,https://tickets.hotcinema.co.il/site/1196/tickets?code=1196-152&languageid=he_IL,Not Just Cinema,2D,,,2026-08-24,,,,,,HOT CINEMA,Hot Cinema,589
12:00,Pirate Water Park,Pirate Water Park,https://tickets.hotcinema.co.il/site/1196/tickets?code=1196-151&languageid=en_gb,https://tickets.hotcinema.co.il/site/1196/tickets?code=1196-151&languageid=he_IL,Not Just Cinema,2D,,,2026-08-24,,,,,,HOT CINEMA,Hot Cinema,589
14:30,Pirate Water Park,Pirate Water Park,https://tickets.hotcinema.co.il/site/1196/tickets?code=1196-150&languageid=en_gb,https://tickets.hotcinema.co.il/site/1196/tickets?code=1196-150&languageid=he_IL,Not Just Cinema,2D,,,2026-08-24,,,,,,HOT CINEMA,Hot Cinema,589
16:45,Pirate Water Park,Pirate Water Park,https://tickets.hotcinema.co.il/site/1196/tickets?code=1196-122&languageid=en_gb,https://tickets.hotcinema.co.il/site/1196/tickets?code=1196-122&languageid=he_IL,Not Just Cinema,2D,,,2026-08-24,,,,,,HOT CINEMA,Hot Cinema,589
09:30,Pirate Water Park,Pirate Water Park,https://tickets.hotcinema.co.il/site/1196/tickets?code=1196-154&languageid=en_gb,https://tickets.hotcinema.co.il/site/1196/tickets?code=1196-154&languageid=he_IL,Not Just Cinema,2D,,,2026-08-25,,,,,,HOT CINEMA,Hot Cinema,589
12:00,Pirate Water Park,Pirate Water Park,https://tickets.hotcinema.co.il/site/1196/tickets?code=1196-124&languageid=en_gb,https://tickets.hotcinema.co.il/site/1196/tickets?code=1196-124&languageid=he_IL,Not Just Cinema,2D,,,2026-08-25,,,,,,HOT CINEMA,Hot Cinema,589
14:30,Pirate Water Park,Pirate Water Park,https://tickets.hotcinema.co.il/site/1196/tickets?code=1196-153&languageid=en_gb,https://tickets.hotcinema.co.il/site/1196/tickets?code=1196-153&languageid=he_IL,Not Just Cinema,2D,,,2026-08-25,,,,,,HOT CINEMA,Hot Cinema,589
16:45,Pirate Water Park,Pirate Water Park,https://tickets.hotcinema.co.il/site/1196/tickets?code=1196-123&languageid=en_gb,https://tickets.hotcinema.co.il/site/1196/tickets?code=1196-123&languageid=he_IL,Not Just Cinema,2D,,,2026-08-25,,,,,,HOT CINEMA,Hot Cinema,589
09:30,Pirate Water Park,Pirate Water Park,https://tickets.hotcinema.co.il/site/1196/tickets?code=1196-157&languageid=en_gb,https://tickets.hotcinema.co.il/site/1196/tickets?code=1196-157&languageid=he_IL,Not Just Cinema,2D,,,2026-08-26,,,,,,HOT CINEMA,Hot Cinema,589
12:00,Pirate Water Park,Pirate Water Park,https://tickets.hotcinema.co.il/site/1196/tickets?code=1196-156&languageid=en_gb,https://tickets.hotcinema.co.il/site/1196/tickets?code=1196-156&languageid=he_IL,Not Just Cinema,2D,,,2026-08-26,,,,,,HOT CINEMA,Hot Cinema,589
14:30,Pirate Water Park,Pirate Water Park,https://tickets.hotcinema.co.il/site/1196/tickets?code=1196-155&languageid=en_gb,https://tickets.hotcinema.co.il/site/1196/tickets?code=1196-155&languageid=he_IL,Not Just Cinema,2D,,,2026-08-26,,,,,,HOT CINEMA,Hot Cinema,589
16:45,Pirate Water Park,Pirate Water Park,https://tickets.hotcinema.co.il/site/1196/tickets?code=1196-126&languageid=en_gb,https://tickets.hotcinema.co.il/site/1196/tickets?code=1196-126&languageid=he_IL,Not Just Cinema,2D,,,2026-08-26,,,,,,HOT CINEMA,Hot Cinema,589
09:30,Pirate Water Park,Pirate Water Park,https://tickets.hotcinema.co.il/site/1196/tickets?code=1196-161&languageid=en_gb,https://tickets.hotcinema.co.il/site/1196/tickets?code=1196-161&languageid=he_IL,Not Just Cinema,2D,,,2026-08-27,,,,,,HOT CINEMA,Hot Cinema,589
12:00,Pirate Water Park,Pirate Water Park,https://tickets.hotcinema.co.il/site/1196/tickets?code=1196-160&languageid=en_gb,https://tickets.hotcinema.co.il/site/1196/tickets?code=1196-160&languageid=he_IL,Not Just Cinema,2D,,,2026-08-27,,,,,,HOT CINEMA,Hot Cinema,589
14:30,Pirate Water Park,Pirate Water Park,https://tickets.hotcinema.co.il/site/1196/tickets?code=1196-159&languageid=en_gb,https://tickets.hotcinema.co.il/site/1196/tickets?code=1196-159&languageid=he_IL,Not Just Cinema,2D,,,2026-08-27,,,,,,HOT CINEMA,Hot Cinema,589
16:45,Pirate Water Park,Pirate Water Park,https://tickets.hotcinema.co.il/site/1196/tickets?code=1196-158&languageid=en_gb,https://tickets.hotcinema.co.il/site/1196/tickets?code=1196-158&languageid=he_IL,Not Just Cinema,2D,,,2026-08-27,,,,,,HOT CINEMA,Hot Cinema,589
09:30,Pirate Water Park,Pirate Water Park,https://tickets.hotcinema.co.il/site/1196/tickets?code=1196-165&languageid=en_gb,https://tickets.hotcinema.co.il/site/1196/tickets?code=1196-165&languageid=he_IL,Not Just Cinema,2D,,,2026-08-28,,,,,,HOT CINEMA,Hot Cinema,589
12:00,Pirate Water Park,Pirate Water Park,https://tickets.hotcinema.co.il/site/1196/tickets?code=1196-164&languageid=en_gb,https://tickets.hotcinema.co.il/site/1196/tickets?code=1196-164&languageid=he_IL,Not Just Cinema,2D,,,2026-08-28,,,,,,HOT CINEMA,Hot Cinema,589
09:30,Pirate Water Park,Pirate Water Park,https://tickets.hotcinema.co.il/site/1196/tickets?code=1196-169&languageid=en_gb,https://tickets.hotcinema.co.il/site/1196/tickets?code=1196-169&languageid=he_IL,Not Just Cinema,2D,,,2026-08-30,,,,,,HOT CINEMA,Hot Cinema,589
12:00,Pirate Water Park,Pirate Water Park,https://tickets.hotcinema.co.il/site/1196/tickets?code=1196-168&languageid=en_gb,https://tickets.hotcinema.co.il/site/1196/tickets?code=1196-168&languageid=he_IL,Not Just Cinema,2D,,,2026-08-30,,,,,,HOT CINEMA,Hot Cinema,589
14:30,Pirate Water Park,Pirate Water Park,https://tickets.hotcinema.co.il/site/1196/tickets?code=1196-167&languageid=en_gb,https://tickets.hotcinema.co.il/site/1196/tickets?code=1196-167&languageid=he_IL,Not Just Cinema,2D,,,2026-08-30,,,,,,HOT CINEMA,Hot Cinema,589
16:45,Pirate Water Park,Pirate Water Park,https://tickets.hotcinema.co.il/site/1196/tickets?code=1196-166&languageid=en_gb,https://tickets.hotcinema.co.il/site/1196/tickets?code=1196-166&languageid=he_IL,Not Just Cinema,2D,,,2026-08-30,,,,,,HOT CINEMA,Hot Cinema,589
09:30,Pirate Water Park,Pirate Water Park,https://tickets.hotcinema.co.il/site/1196/tickets?code=1196-173&languageid=en_gb,https://tickets.hotcinema.co.il/site/1196/tickets?code=1196-173&languageid=he_IL,Not Just Cinema,2D,,,2026-08-31,,,,,,HOT CINEMA,Hot Cinema,589
12:00,Pirate Water Park,Pirate Water Park,https://tickets.hotcinema.co.il/site/1196/tickets?code=1196-172&languageid=en_gb,https://tickets.hotcinema.co.il/site/1196/tickets?code=1196-172&languageid=he_IL,Not Just Cinema,2D,,,2026-08-31,,,,,,HOT CINEMA,Hot Cinema,589
14:30,Pirate Water Park,Pirate Water Park,https://tickets.hotcinema.co.il/site/1196/tickets?code=1196-171&languageid=en_gb,https://tickets.hotcinema.co.il/site/1196/tickets?code=1196-171&languageid=he_IL,Not Just Cinema,2D,,,2026-08-31,,,,,,HOT CINEMA,Hot Cinema,589
16:45,Pirate Water Park,Pirate Water Park,https://tickets.hotcinema.co.il/site/1196/tickets?code=1196-170&languageid=en_gb,https://tickets.hotcinema.co.il/site/1196/tickets?code=1196-170&languageid=he_IL,Not Just Cinema,2D,,,2026-08-31,,,,,,HOT CINEMA,Hot Cinema,589
19:30,E.T. the Extra-Terrestrial,סינמה נוסטלגיה - אי.טי - חבר מכוכב אחר,https://tickets.hotcinema.co.il/site/1196/tickets?code=1196-178&languageid=en_gb,https://tickets.hotcinema.co.il/site/1196/tickets?code=1196-178&languageid=he_IL,Not Just Cinema,2D,,,2026-09-14,1982,,,115,All,HOT CINEMA,Hot Cinema,589
19:30,ערב אישי עם רוני שינקמן – הרצאה לוולנטיין,ערב אישי עם רוני שינקמן – הרצאה לוולנטיין,https://tickets.hotcinema.co.il/site/1198/tickets?code=1198-336&languageid=en_gb,https://tickets.hotcinema.co.il/site/1198/tickets?code=1198-336&languageid=he_IL,Not Just Cinema,2D,,,2026-08-04,,,,80,,HOT CINEMA DREAM STAGE,Hot Cinema,589
21:00,הטברנס – חפלה ים תיכונית!,הטברנס – חפלה ים תיכונית!,https://tickets.hotcinema.co.il/site/1198/tickets?code=1198-311&languageid=en_gb,https://tickets.hotcinema.co.il/site/1198/tickets?code=1198-311&languageid=he_IL,Not Just Cinema,2D,,,2026-08-13,,,,80,,HOT CINEMA DREAM STAGE,Hot Cinema,589
19:00,חיים שפירא,חיים שפירא,https://tickets.hotcinema.co.il/site/1198/tickets?code=1198-304&languageid=en_gb,https://tickets.hotcinema.co.il/site/1198/tickets?code=1198-304&languageid=he_IL,Not Just Cinema,2D,,,2026-08-26,,,,,,HOT CINEMA DREAM STAGE,Hot Cinema,589
17:30,The Lion King,סינמה נוסטלגיה - מלך האריות 1994,https://tickets.hotcinema.co.il/site/1198/tickets?code=1198-315&languageid=en_gb,https://tickets.hotcinema.co.il/site/1198/tickets?code=1198-315&languageid=he_IL,Not Just Cinema,2D,,Hebrew,2026-08-27,1994,,,90,All,HOT CINEMA DREAM STAGE,Hot Cinema,589
20:00,יאנה דרום - איך לגדל שמחת חיים?,יאנה דרום - איך לגדל שמחת חיים?,https://tickets.hotcinema.co.il/site/1198/tickets?code=1198-284&languageid=en_gb,https://tickets.hotcinema.co.il/site/1198/tickets?code=1198-284&languageid=he_IL,Not Just Cinema,2D,,,2026-09-03,,,,60,,HOT CINEMA DREAM STAGE,Hot Cinema,589
21:30,שליחי הבלוז במחווה לפינק פלוד,שליחי הבלוז במחווה לפינק פלוד,https://tickets.hotcinema.co.il/site/1198/tickets?code=1198-333&languageid=en_gb,https://tickets.hotcinema.co.il/site/1198/tickets?code=1198-333&languageid=he_IL,Not Just Cinema,2D,,,2026-09-24,,,,90,,HOT CINEMA DREAM STAGE,Hot Cinema,589
17:00,מפגש מעריצים עם רותם אשרוב,מפגש מעריצים עם רותם אשרוב,https://tickets.hotcinema.co.il/site/1198/tickets?code=1198-321&languageid=en_gb,https://tickets.hotcinema.co.il/site/1198/tickets?code=1198-321&languageid=he_IL,Not Just Cinema,2D,,,2026-09-29,,,,120,,HOT CINEMA DREAM STAGE,Hot Cinema,589
