showtime,english_title,hebrew_title,english_href,hebrew_href,screening_type,screening_tech,original_language,dub_language,date_of_showing,release_year,release_date,directed_by,runtime,rating,screening_city,cinema,run_id
23:20,Obsession,אובססיה,https://tickets.cinema-city.co.il/order/840736?lang=en,https://tickets.cinema-city.co.il/order/840736?lang=he,Regular,2D,,,2026-08-09,,,,108,14+,Glilot,Cinema City,595
23:35,Obsession,אובססיה,https://tickets.cinema-city.co.il/order/841344?lang=en,https://tickets.cinema-city.co.il/order/841344?lang=he,Regular,2D,,,2026-08-10,,,,108,14+,Glilot,Cinema City,595
22:00,Obsession,אובססיה,https://tickets.cinema-city.co.il/order/841637?lang=en,https://tickets.cinema-city.co.il/order/841637?lang=he,Regular,2D,,,2026-08-12,,,,108,14+,Glilot,Cinema City,595
21:10,Ice Cream Man,איש הגלידה,https://tickets.cinema-city.co.il/order/840646?lang=en,https://tickets.cinema-city.co.il/order/840646?lang=he,Regular,2D,,,2026-08-09,,,,86,18+,Glilot,Cinema City,595
23:20,Ice Cream Man,איש הגלידה,https://tickets.cinema-city.co.il/order/840631?lang=en,https://tickets.cinema-city.co.il/order/840631?lang=he,Regular,2D,,,2026-08-09,,,,86,18+,Glilot,Cinema City,595
20:50,Ice Cream Man,איש הגלידה,https://tickets.cinema-city.co.il/order/841275?lang=en,https://tickets.cinema-city.co.il/order/841275?lang=he,Regular,2D,,,2026-08-10,,,,86,18+,Glilot,Cinema City,595
23:00,Ice Cream Man,איש הגלידה,https://tickets.cinema-city.co.il/order/841273?lang=en,https://tickets.cinema-city.co.il/order/841273?lang=he,Regular,2D,,,2026-08-10,,,,86,18+,Glilot,Cinema City,595
21:10,Ice Cream Man,איש הגלידה,https://tickets.cinema-city.co.il/order/841888?lang=en,https://tickets.cinema-city.co.il/order/841888?lang=he,Regular,2D,,,2026-08-11,,,,86,18+,Glilot,Cinema City,595
23:20,Ice Cream Man,איש הגלידה,https://tickets.cinema-city.co.il/order/841884?lang=en,https://tickets.cinema-city.co.il/order/841884?lang=he,Regular,2D,,,2026-08-11,,,,86,18+,Glilot,Cinema City,595
21:00,Ice Cream Man,איש הגלידה,https://tickets.cinema-city.co.il/order/841614?lang=en,https://tickets.cinema-city.co.il/order/841614?lang=he,Regular,2D,,,2026-08-12,,,,86,18+,Glilot,Cinema City,595
23:15,Ice Cream Man,איש הגלידה,https://tickets.cinema-city.co.il/order/841612?lang=en,https://tickets.cinema-city.co.il/order/841612?lang=he,Regular,2D,,,2026-08-12,,,,86,18+,Glilot,Cinema City,595
21:20,I Want Your Sex,בוסית בהפרעה,https://tickets.cinema-city.co.il/order/840726?lang=en,https://tickets.cinema-city.co.il/order/840726?lang=he,Regular,2D,,,2026-08-09,,,,90,16+,Glilot,Cinema City,595
23:35,I Want Your Sex,בוסית בהפרעה,https://tickets.cinema-city.co.il/order/840764?lang=en,https://tickets.cinema-city.co.il/order/840764?lang=he,Regular,2D,,,2026-08-09,,,,90,16+,Glilot,Cinema City,595
22:00,I Want Your Sex,בוסית בהפרעה,https://tickets.cinema-city.co.il/order/841323?lang=en,https://tickets.cinema-city.co.il/order/841323?lang=he,Regular,2D,,,2026-08-10,,,,90,16+,Glilot,Cinema City,595
20:15,I Want Your Sex,בוסית בהפרעה,https://tickets.cinema-city.co.il/order/841979?lang=en,https://tickets.cinema-city.co.il/order/841979?lang=he,Regular,2D,,,2026-08-11,,,,90,16+,Glilot,Cinema City,595
22:30,I Want Your Sex,בוסית בהפרעה,https://tickets.cinema-city.co.il/order/841948?lang=en,https://tickets.cinema-city.co.il/order/841948?lang=he,Regular,2D,,,2026-08-11,,,,90,16+,Glilot,Cinema City,595
21:20,I Want Your Sex,בוסית בהפרעה,https://tickets.cinema-city.co.il/order/841560?lang=en,https://tickets.cinema-city.co.il/order/841560?lang=he,Regular,2D,,,2026-08-12,,,,90,16+,Glilot,Cinema City,595
23:40,I Want Your Sex,בוסית בהפרעה,https://tickets.cinema-city.co.il/order/841656?lang=en,https://tickets.cinema-city.co.il/order/841656?lang=he,Regular,2D,,,2026-08-12,,,,90,16+,Glilot,Cinema City,595
15:20,גבעה 338,גבעה 338,https://tickets.cinema-city.co.il/order/843344?lang=en,https://tickets.cinema-city.co.il/order/843344?lang=he,Regular,2D,,,2026-08-09,,,,106,9+,Glilot,Cinema City,595
17:45,גבעה 338,גבעה 338,https://tickets.cinema-city.co.il/order/843341?lang=en,https://tickets.cinema-city.co.il/order/843341?lang=he,Regular,2D,,,2026-08-09,,,,106,9+,Glilot,Cinema City,595
19:30,גבעה 338,גבעה 338,https://tickets.cinema-city.co.il/order/840650?lang=en,https://tickets.cinema-city.co.il/order/840650?lang=he,Regular,2D,,,2026-08-09,,,,106,9+,Glilot,Cinema City,595
20:40,גבעה 338,גבעה 338,https://tickets.cinema-city.co.il/order/840634?lang=en,https://tickets.cinema-city.co.il/order/840634?lang=he,Regular,2D,,,2026-08-09,,,,106,9+,Glilot,Cinema City,595
22:20,גבעה 338,גבעה 338,https://tickets.cinema-city.co.il/order/840649?lang=en,https://tickets.cinema-city.co.il/order/840649?lang=he,Regular,2D,,,2026-08-09,,,,106,9+,Glilot,Cinema City,595
23:15,גבעה 338,גבעה 338,https://tickets.cinema-city.co.il/order/840647?lang=en,https://tickets.cinema-city.co.il/order/840647?lang=he,Regular,2D,,,2026-08-09,,,,106,9+,Glilot,Cinema City,595
12:45,גבעה 338,גבעה 338,https://tickets.cinema-city.co.il/order/841350?lang=en,https://tickets.cinema-city.co.il/order/841350?lang=he,Regular,2D,,,2026-08-10,,,,106,9+,Glilot,Cinema City,595
15:10,גבעה 338,גבעה 338,https://tickets.cinema-city.co.il/order/841327?lang=en,https://tickets.cinema-city.co.il/order/841327?lang=he,Regular,2D,,,2026-08-10,,,,106,9+,Glilot,Cinema City,595
15:20,גבעה 338,גבעה 338,https://tickets.cinema-city.co.il/order/841349?lang=en,https://tickets.cinema-city.co.il/order/841349?lang=he,Regular,2D,,,2026-08-10,,,,106,9+,Glilot,Cinema City,595
17:50,גבעה 338,גבעה 338,https://tickets.cinema-city.co.il/order/841347?lang=en,https://tickets.cinema-city.co.il/order/841347?lang=he,Regular,2D,,,2026-08-10,,,,106,9+,Glilot,Cinema City,595
20:30,גבעה 338,גבעה 338,https://tickets.cinema-city.co.il/order/841346?lang=en,https://tickets.cinema-city.co.il/order/841346?lang=he,Regular,2D,,,2026-08-10,,,,106,9+,Glilot,Cinema City,595
21:05,גבעה 338,גבעה 338,https://tickets.cinema-city.co.il/order/841343?lang=en,https://tickets.cinema-city.co.il/order/841343?lang=he,Regular,2D,,,2026-08-10,,,,106,9+,Glilot,Cinema City,595
22:40,גבעה 338,גבעה 338,https://tickets.cinema-city.co.il/order/841276?lang=en,https://tickets.cinema-city.co.il/order/841276?lang=he,Regular,2D,,,2026-08-10,,,,106,9+,Glilot,Cinema City,595
23:10,גבעה 338,גבעה 338,https://tickets.cinema-city.co.il/order/841345?lang=en,https://tickets.cinema-city.co.il/order/841345?lang=he,Regular,2D,,,2026-08-10,,,,106,9+,Glilot,Cinema City,595
11:00,גבעה 338,גבעה 338,https://tickets.cinema-city.co.il/order/841975?lang=en,https://tickets.cinema-city.co.il/order/841975?lang=he,Regular,2D,,,2026-08-11,,,,106,9+,Glilot,Cinema City,595
14:25,גבעה 338,גבעה 338,https://tickets.cinema-city.co.il/order/841968?lang=en,https://tickets.cinema-city.co.il/order/841968?lang=he,Regular,2D,,,2026-08-11,,,,106,9+,Glilot,Cinema City,595
15:20,גבעה 338,גבעה 338,https://tickets.cinema-city.co.il/order/841954?lang=en,https://tickets.cinema-city.co.il/order/841954?lang=he,Regular,2D,,,2026-08-11,,,,106,9+,Glilot,Cinema City,595
17:00,גבעה 338,גבעה 338,https://tickets.cinema-city.co.il/order/841967?lang=en,https://tickets.cinema-city.co.il/order/841967?lang=he,Regular,2D,,,2026-08-11,,,,106,9+,Glilot,Cinema City,595
18:00,גבעה 338,גבעה 338,https://tickets.cinema-city.co.il/order/841890?lang=en,https://tickets.cinema-city.co.il/order/841890?lang=he,Regular,2D,,,2026-08-11,,,,106,9+,Glilot,Cinema City,595
19:40,גבעה 338,גבעה 338,https://tickets.cinema-city.co.il/order/841892?lang=en,https://tickets.cinema-city.co.il/order/841892?lang=he,Regular,2D,,,2026-08-11,,,,106,9+,Glilot,Cinema City,595
20:40,גבעה 338,גבעה 338,https://tickets.cinema-city.co.il/order/841885?lang=en,https://tickets.cinema-city.co.il/order/841885?lang=he,Regular,2D,,,2026-08-11,,,,106,9+,Glilot,Cinema City,595
22:20,גבעה 338,גבעה 338,https://tickets.cinema-city.co.il/order/841891?lang=en,https://tickets.cinema-city.co.il/order/841891?lang=he,Regular,2D,,,2026-08-11,,,,106,9+,Glilot,Cinema City,595
23:15,גבעה 338,גבעה 338,https://tickets.cinema-city.co.il/order/841889?lang=en,https://tickets.cinema-city.co.il/order/841889?lang=he,Regular,2D,,,2026-08-11,,,,106,9+,Glilot,Cinema City,595
11:00,גבעה 338,גבעה 338,https://tickets.cinema-city.co.il/order/841655?lang=en,https://tickets.cinema-city.co.il/order/841655?lang=he,Regular,2D,,,2026-08-12,,,,106,9+,Glilot,Cinema City,595
14:40,גבעה 338,גבעה 338,https://tickets.cinema-city.co.il/order/841557?lang=en,https://tickets.cinema-city.co.il/order/841557?lang=he,Regular,2D,,,2026-08-12,,,,106,9+,Glilot,Cinema City,595
15:00,גבעה 338,גבעה 338,https://tickets.cinema-city.co.il/order/841654?lang=en,https://tickets.cinema-city.co.il/order/841654?lang=he,Regular,2D,,,2026-08-12,,,,106,9+,Glilot,Cinema City,595
17:15,גבעה 338,גבעה 338,https://tickets.cinema-city.co.il/order/841610?lang=en,https://tickets.cinema-city.co.il/order/841610?lang=he,Regular,2D,,,2026-08-12,,,,106,9+,Glilot,Cinema City,595
18:10,גבעה 338,גבעה 338,https://tickets.cinema-city.co.il/order/841647?lang=en,https://tickets.cinema-city.co.il/order/841647?lang=he,Regular,2D,,,2026-08-12,,,,106,9+,Glilot,Cinema City,595
19:50,גבעה 338,גבעה 338,https://tickets.cinema-city.co.il/order/841611?lang=en,https://tickets.cinema-city.co.il/order/841611?lang=he,Regular,2D,,,2026-08-12,,,,106,9+,Glilot,Cinema City,595
20:50,גבעה 338,גבעה 338,https://tickets.cinema-city.co.il/order/841616?lang=en,https://tickets.cinema-city.co.il/order/841616?lang=he,Regular,2D,,,2026-08-12,,,,106,9+,Glilot,Cinema City,595
22:00,גבעה 338,גבעה 338,https://tickets.cinema-city.co.il/order/841569?lang=en,https://tickets.cinema-city.co.il/order/841569?lang=he,Regular,2D,,,2026-08-12,,,,106,9+,Glilot,Cinema City,595
22:30,גבעה 338,גבעה 338,https://tickets.cinema-city.co.il/order/841591?lang=en,https://tickets.cinema-city.co.il/order/841591?lang=he,Regular,2D,,,2026-08-12,,,,106,9+,Glilot,Cinema City,595
23:30,גבעה 338,גבעה 338,https://tickets.cinema-city.co.il/order/841615?lang=en,https://tickets.cinema-city.co.il/order/841615?lang=he,Regular,2D,,,2026-08-12,,,,106,9+,Glilot,Cinema City,595
10:10,GRACIE & PEDRO: PETS TO THE RESCUE,גרייסי ופדרו: חיות המחמד בפעולה,https://tickets.cinema-city.co.il/order/840737?lang=en,https://tickets.cinema-city.co.il/order/840737?lang=he,Regular,2D,,Hebrew,2026-08-09,,,,87,All,Glilot,Cinema City,595
12:20,GRACIE & PEDRO: PETS TO THE RESCUE,גרייסי ופדרו: חיות המחמד בפעולה,https://tickets.cinema-city.co.il/order/840676?lang=en,https://tickets.cinema-city.co.il/order/840676?lang=he,Regular,2D,,Hebrew,2026-08-09,,,,87,All,Glilot,Cinema City,595
14:35,GRACIE & PEDRO: PETS TO THE RESCUE,גרייסי ופדרו: חיות המחמד בפעולה,https://tickets.cinema-city.co.il/order/841297?lang=en,https://tickets.cinema-city.co.il/order/841297?lang=he,Regular,2D,,Hebrew,2026-08-10,,,,87,All,Glilot,Cinema City,595
10:50,GRACIE & PEDRO: PETS TO THE RESCUE,גרייסי ופדרו: חיות המחמד בפעולה,https://tickets.cinema-city.co.il/order/841918?lang=en,https://tickets.cinema-city.co.il/order/841918?lang=he,Regular,2D,,Hebrew,2026-08-11,,,,87,All,Glilot,Cinema City,595
13:00,THE ODYSSEY,האודיסאה,https://tickets.cinema-city.co.il/order/840660?lang=en,https://tickets.cinema-city.co.il/order/840660?lang=he,Regular,2D,,,2026-08-09,,,,172,14+,Glilot,Cinema City,595
13:00,THE ODYSSEY,האודיסאה,https://tickets.cinema-city.co.il/order/840674?lang=en,https://tickets.cinema-city.co.il/order/840674?lang=he,Regular,2D,,,2026-08-09,,,,172,14+,Glilot,Cinema City,595
13:50,THE ODYSSEY,האודיסאה,https://tickets.cinema-city.co.il/order/840714?lang=en,https://tickets.cinema-city.co.il/order/840714?lang=he,Regular,2D,,,2026-08-09,,,,172,14+,Glilot,Cinema City,595
16:35,THE ODYSSEY,האודיסאה,https://tickets.cinema-city.co.il/order/840672?lang=en,https://tickets.cinema-city.co.il/order/840672?lang=he,Regular,2D,,,2026-08-09,,,,172,14+,Glilot,Cinema City,595
16:45,THE ODYSSEY,האודיסאה,https://tickets.cinema-city.co.il/order/840661?lang=en,https://tickets.cinema-city.co.il/order/840661?lang=he,Regular,2D,,,2026-08-09,,,,172,14+,Glilot,Cinema City,595
17:30,THE ODYSSEY,האודיסאה,https://tickets.cinema-city.co.il/order/840709?lang=en,https://tickets.cinema-city.co.il/order/840709?lang=he,Regular,2D,,,2026-08-09,,,,172,14+,Glilot,Cinema City,595
19:50,THE ODYSSEY,האודיסאה,https://tickets.cinema-city.co.il/order/840699?lang=en,https://tickets.cinema-city.co.il/order/840699?lang=he,Regular,2D,,,2026-08-09,,,,172,14+,Glilot,Cinema City,595
20:10,THE ODYSSEY,האודיסאה,https://tickets.cinema-city.co.il/order/840673?lang=en,https://tickets.cinema-city.co.il/order/840673?lang=he,Regular,2D,,,2026-08-09,,,,172,14+,Glilot,Cinema City,595
21:00,THE ODYSSEY,האודיסאה,https://tickets.cinema-city.co.il/order/840712?lang=en,https://tickets.cinema-city.co.il/order/840712?lang=he,Regular,2D,,,2026-08-09,,,,172,14+,Glilot,Cinema City,595
22:00,THE ODYSSEY,האודיסאה,https://tickets.cinema-city.co.il/order/840767?lang=en,https://tickets.cinema-city.co.il/order/840767?lang=he,Regular,2D,,,2026-08-09,,,,172,14+,Glilot,Cinema City,595
23:15,THE ODYSSEY,האודיסאה,https://tickets.cinema-city.co.il/order/840662?lang=en,https://tickets.cinema-city.co.il/order/840662?lang=he,Regular,2D,,,2026-08-09,,,,172,14+,Glilot,Cinema City,595
13:00,THE ODYSSEY,האודיסאה,https://tickets.cinema-city.co.il/order/841295?lang=en,https://tickets.cinema-city.co.il/order/841295?lang=he,Regular,2D,,,2026-08-10,,,,172,14+,Glilot,Cinema City,595
13:15,THE ODYSSEY,האודיסאה,https://tickets.cinema-city.co.il/order/841321?lang=en,https://tickets.cinema-city.co.il/order/841321?lang=he,Regular,2D,,,2026-08-10,,,,172,14+,Glilot,Cinema City,595
14:20,THE ODYSSEY,האודיסאה,https://tickets.cinema-city.co.il/order/841341?lang=en,https://tickets.cinema-city.co.il/order/841341?lang=he,Regular,2D,,,2026-08-10,,,,172,14+,Glilot,Cinema City,595
16:35,THE ODYSSEY,האודיסאה,https://tickets.cinema-city.co.il/order/841293?lang=en,https://tickets.cinema-city.co.il/order/841293?lang=he,Regular,2D,,,2026-08-10,,,,172,14+,Glilot,Cinema City,595
16:45,THE ODYSSEY,האודיסאה,https://tickets.cinema-city.co.il/order/841320?lang=en,https://tickets.cinema-city.co.il/order/841320?lang=he,Regular,2D,,,2026-08-10,,,,172,14+,Glilot,Cinema City,595
18:00,THE ODYSSEY,האודיסאה,https://tickets.cinema-city.co.il/order/841340?lang=en,https://tickets.cinema-city.co.il/order/841340?lang=he,Regular,2D,,,2026-08-10,,,,172,14+,Glilot,Cinema City,595
20:10,THE ODYSSEY,האודיסאה,https://tickets.cinema-city.co.il/order/841294?lang=en,https://tickets.cinema-city.co.il/order/841294?lang=he,Regular,2D,,,2026-08-10,,,,172,14+,Glilot,Cinema City,595
20:15,THE ODYSSEY,האודיסאה,https://tickets.cinema-city.co.il/order/841286?lang=en,https://tickets.cinema-city.co.il/order/841286?lang=he,Regular,2D,,,2026-08-10,,,,172,14+,Glilot,Cinema City,595
21:40,THE ODYSSEY,האודיסאה,https://tickets.cinema-city.co.il/order/841314?lang=en,https://tickets.cinema-city.co.il/order/841314?lang=he,Regular,2D,,,2026-08-10,,,,172,14+,Glilot,Cinema City,595
12:30,THE ODYSSEY,האודיסאה,https://tickets.cinema-city.co.il/order/841965?lang=en,https://tickets.cinema-city.co.il/order/841965?lang=he,Regular,2D,,,2026-08-11,,,,172,14+,Glilot,Cinema City,595
13:05,THE ODYSSEY,האודיסאה,https://tickets.cinema-city.co.il/order/841916?lang=en,https://tickets.cinema-city.co.il/order/841916?lang=he,Regular,2D,,,2026-08-11,,,,172,14+,Glilot,Cinema City,595
13:10,THE ODYSSEY,האודיסאה,https://tickets.cinema-city.co.il/order/841944?lang=en,https://tickets.cinema-city.co.il/order/841944?lang=he,Regular,2D,,,2026-08-11,,,,172,14+,Glilot,Cinema City,595
14:30,THE ODYSSEY,האודיסאה,https://tickets.cinema-city.co.il/order/841969?lang=en,https://tickets.cinema-city.co.il/order/841969?lang=he,Regular,2D,,,2026-08-11,,,,172,14+,Glilot,Cinema City,595
16:10,THE ODYSSEY,האודיסאה,https://tickets.cinema-city.co.il/order/841903?lang=en,https://tickets.cinema-city.co.il/order/841903?lang=he,Regular,2D,,,2026-08-11,,,,172,14+,Glilot,Cinema City,595
16:35,THE ODYSSEY,האודיסאה,https://tickets.cinema-city.co.il/order/841914?lang=en,https://tickets.cinema-city.co.il/order/841914?lang=he,Regular,2D,,,2026-08-11,,,,172,14+,Glilot,Cinema City,595
16:40,THE ODYSSEY,האודיסאה,https://tickets.cinema-city.co.il/order/841943?lang=en,https://tickets.cinema-city.co.il/order/841943?lang=he,Regular,2D,,,2026-08-11,,,,172,14+,Glilot,Cinema City,595
18:10,THE ODYSSEY,האודיסאה,https://tickets.cinema-city.co.il/order/841966?lang=en,https://tickets.cinema-city.co.il/order/841966?lang=he,Regular,2D,,,2026-08-11,,,,172,14+,Glilot,Cinema City,595
19:50,THE ODYSSEY,האודיסאה,https://tickets.cinema-city.co.il/order/841904?lang=en,https://tickets.cinema-city.co.il/order/841904?lang=he,Regular,2D,,,2026-08-11,,,,172,14+,Glilot,Cinema City,595
20:10,THE ODYSSEY,האודיסאה,https://tickets.cinema-city.co.il/order/841915?lang=en,https://tickets.cinema-city.co.il/order/841915?lang=he,Regular,2D,,,2026-08-11,,,,172,14+,Glilot,Cinema City,595
20:50,THE ODYSSEY,האודיסאה,https://tickets.cinema-city.co.il/order/841937?lang=en,https://tickets.cinema-city.co.il/order/841937?lang=he,Regular,2D,,,2026-08-11,,,,172,14+,Glilot,Cinema City,595
21:50,THE ODYSSEY,האודיסאה,https://tickets.cinema-city.co.il/order/841906?lang=en,https://tickets.cinema-city.co.il/order/841906?lang=he,Regular,2D,,,2026-08-11,,,,172,14+,Glilot,Cinema City,595
23:30,THE ODYSSEY,האודיסאה,https://tickets.cinema-city.co.il/order/841905?lang=en,https://tickets.cinema-city.co.il/order/841905?lang=he,Regular,2D,,,2026-08-11,,,,172,14+,Glilot,Cinema City,595
12:20,THE ODYSSEY,האודיסאה,https://tickets.cinema-city.co.il/order/841646?lang=en,https://tickets.cinema-city.co.il/order/841646?lang=he,Regular,2D,,,2026-08-12,,,,172,14+,Glilot,Cinema City,595
13:00,THE ODYSSEY,האודיסאה,https://tickets.cinema-city.co.il/order/841577?lang=en,https://tickets.cinema-city.co.il/order/841577?lang=he,Regular,2D,,,2026-08-12,,,,172,14+,Glilot,Cinema City,595
13:40,THE ODYSSEY,האודיסאה,https://tickets.cinema-city.co.il/order/841563?lang=en,https://tickets.cinema-city.co.il/order/841563?lang=he,Regular,2D,,,2026-08-12,,,,172,14+,Glilot,Cinema City,595
14:20,THE ODYSSEY,האודיסאה,https://tickets.cinema-city.co.il/order/841571?lang=en,https://tickets.cinema-city.co.il/order/841571?lang=he,Regular,2D,,,2026-08-12,,,,172,14+,Glilot,Cinema City,595
16:00,THE ODYSSEY,האודיסאה,https://tickets.cinema-city.co.il/order/841617?lang=en,https://tickets.cinema-city.co.il/order/841617?lang=he,Regular,2D,,,2026-08-12,,,,172,14+,Glilot,Cinema City,595
16:35,THE ODYSSEY,האודיסאה,https://tickets.cinema-city.co.il/order/841579?lang=en,https://tickets.cinema-city.co.il/order/841579?lang=he,Regular,2D,,,2026-08-12,,,,172,14+,Glilot,Cinema City,595
17:20,THE ODYSSEY,האודיסאה,https://tickets.cinema-city.co.il/order/841564?lang=en,https://tickets.cinema-city.co.il/order/841564?lang=he,Regular,2D,,,2026-08-12,,,,172,14+,Glilot,Cinema City,595
18:00,THE ODYSSEY,האודיסאה,https://tickets.cinema-city.co.il/order/841572?lang=en,https://tickets.cinema-city.co.il/order/841572?lang=he,Regular,2D,,,2026-08-12,,,,172,14+,Glilot,Cinema City,595
19:45,THE ODYSSEY,האודיסאה,https://tickets.cinema-city.co.il/order/841618?lang=en,https://tickets.cinema-city.co.il/order/841618?lang=he,Regular,2D,,,2026-08-12,,,,172,14+,Glilot,Cinema City,595
20:10,THE ODYSSEY,האודיסאה,https://tickets.cinema-city.co.il/order/841578?lang=en,https://tickets.cinema-city.co.il/order/841578?lang=he,Regular,2D,,,2026-08-12,,,,172,14+,Glilot,Cinema City,595
21:40,THE ODYSSEY,האודיסאה,https://tickets.cinema-city.co.il/order/841595?lang=en,https://tickets.cinema-city.co.il/order/841595?lang=he,Regular,2D,,,2026-08-12,,,,172,14+,Glilot,Cinema City,595
22:00,THE ODYSSEY,האודיסאה,https://tickets.cinema-city.co.il/order/841640?lang=en,https://tickets.cinema-city.co.il/order/841640?lang=he,Regular,2D,,,2026-08-12,,,,172,14+,Glilot,Cinema City,595
23:30,THE ODYSSEY,האודיסאה,https://tickets.cinema-city.co.il/order/841619?lang=en,https://tickets.cinema-city.co.il/order/841619?lang=he,Regular,2D,,,2026-08-12,,,,172,14+,Glilot,Cinema City,595
20:30,L’odyssée,האודיסאה,https://tickets.cinema-city.co.il/order/834965?lang=en,https://tickets.cinema-city.co.il/order/834965?lang=he,Regular,2D,,French,2026-08-12,,,,172,14+,Glilot,Cinema City,595
20:30,L’odyssée,האודיסאה,https://tickets.cinema-city.co.il/order/839558?lang=en,https://tickets.cinema-city.co.il/order/839558?lang=he,Regular,2D,,French,2026-08-16,,,,172,14+,Glilot,Cinema City,595
11:30,La Bohème,האופרה לה בוהם-הפקת הענק מארנה די ורונה,https://tickets.cinema-city.co.il/order/841977?lang=en,https://tickets.cinema-city.co.il/order/841977?lang=he,Regular,2D,,,2026-08-11,,,,121,,Glilot,Cinema City,595
12:50,The Invite.,ההזמנה.,https://tickets.cinema-city.co.il/order/840751?lang=en,https://tickets.cinema-city.co.il/order/840751?lang=he,Regular,2D,,,2026-08-09,,,,107,14+,Glilot,Cinema City,595
13:50,The Invite.,ההזמנה.,https://tickets.cinema-city.co.il/order/840705?lang=en,https://tickets.cinema-city.co.il/order/840705?lang=he,Regular,2D,,,2026-08-09,,,,107,14+,Glilot,Cinema City,595
15:30,The Invite.,ההזמנה.,https://tickets.cinema-city.co.il/order/840777?lang=en,https://tickets.cinema-city.co.il/order/840777?lang=he,Regular,2D,,,2026-08-09,,,,107,14+,Glilot,Cinema City,595
16:25,The Invite.,ההזמנה.,https://tickets.cinema-city.co.il/order/840706?lang=en,https://tickets.cinema-city.co.il/order/840706?lang=he,Regular,2D,,,2026-08-09,,,,107,14+,Glilot,Cinema City,595
18:40,The Invite.,ההזמנה.,https://tickets.cinema-city.co.il/order/840681?lang=en,https://tickets.cinema-city.co.il/order/840681?lang=he,Regular,2D,,,2026-08-09,,,,107,14+,Glilot,Cinema City,595
22:15,The Invite.,ההזמנה.,https://tickets.cinema-city.co.il/order/840696?lang=en,https://tickets.cinema-city.co.il/order/840696?lang=he,Regular,2D,,,2026-08-09,,,,107,14+,Glilot,Cinema City,595
10:05,The Invite.,ההזמנה.,https://tickets.cinema-city.co.il/order/841331?lang=en,https://tickets.cinema-city.co.il/order/841331?lang=he,Regular,2D,,,2026-08-10,,,,107,14+,Glilot,Cinema City,595
12:30,The Invite.,ההזמנה.,https://tickets.cinema-city.co.il/order/841333?lang=en,https://tickets.cinema-city.co.il/order/841333?lang=he,Regular,2D,,,2026-08-10,,,,107,14+,Glilot,Cinema City,595
13:50,The Invite.,ההזמנה.,https://tickets.cinema-city.co.il/order/841317?lang=en,https://tickets.cinema-city.co.il/order/841317?lang=he,Regular,2D,,,2026-08-10,,,,107,14+,Glilot,Cinema City,595
16:25,The Invite.,ההזמנה.,https://tickets.cinema-city.co.il/order/841318?lang=en,https://tickets.cinema-city.co.il/order/841318?lang=he,Regular,2D,,,2026-08-10,,,,107,14+,Glilot,Cinema City,595
19:20,The Invite.,ההזמנה.,https://tickets.cinema-city.co.il/order/841301?lang=en,https://tickets.cinema-city.co.il/order/841301?lang=he,Regular,2D,,,2026-08-10,,,,107,14+,Glilot,Cinema City,595
21:55,The Invite.,ההזמנה.,https://tickets.cinema-city.co.il/order/841352?lang=en,https://tickets.cinema-city.co.il/order/841352?lang=he,Regular,2D,,,2026-08-10,,,,107,14+,Glilot,Cinema City,595
22:15,The Invite.,ההזמנה.,https://tickets.cinema-city.co.il/order/841312?lang=en,https://tickets.cinema-city.co.il/order/841312?lang=he,Regular,2D,,,2026-08-10,,,,107,14+,Glilot,Cinema City,595
10:00,The Invite.,ההזמנה.,https://tickets.cinema-city.co.il/order/841962?lang=en,https://tickets.cinema-city.co.il/order/841962?lang=he,Regular,2D,,,2026-08-11,,,,107,14+,Glilot,Cinema City,595
12:50,The Invite.,ההזמנה.,https://tickets.cinema-city.co.il/order/841958?lang=en,https://tickets.cinema-city.co.il/order/841958?lang=he,Regular,2D,,,2026-08-11,,,,107,14+,Glilot,Cinema City,595
12:55,The Invite.,ההזמנה.,https://tickets.cinema-city.co.il/order/841941?lang=en,https://tickets.cinema-city.co.il/order/841941?lang=he,Regular,2D,,,2026-08-11,,,,107,14+,Glilot,Cinema City,595
15:30,The Invite.,ההזמנה.,https://tickets.cinema-city.co.il/order/841942?lang=en,https://tickets.cinema-city.co.il/order/841942?lang=he,Regular,2D,,,2026-08-11,,,,107,14+,Glilot,Cinema City,595
18:40,The Invite.,ההזמנה.,https://tickets.cinema-city.co.il/order/841921?lang=en,https://tickets.cinema-city.co.il/order/841921?lang=he,Regular,2D,,,2026-08-11,,,,107,14+,Glilot,Cinema City,595
21:30,The Invite.,ההזמנה.,https://tickets.cinema-city.co.il/order/841934?lang=en,https://tickets.cinema-city.co.il/order/841934?lang=he,Regular,2D,,,2026-08-11,,,,107,14+,Glilot,Cinema City,595
12:40,The Invite.,ההזמנה.,https://tickets.cinema-city.co.il/order/841576?lang=en,https://tickets.cinema-city.co.il/order/841576?lang=he,Regular,2D,,,2026-08-12,,,,107,14+,Glilot,Cinema City,595
13:50,The Invite.,ההזמנה.,https://tickets.cinema-city.co.il/order/841567?lang=en,https://tickets.cinema-city.co.il/order/841567?lang=he,Regular,2D,,,2026-08-12,,,,107,14+,Glilot,Cinema City,595
16:25,The Invite.,ההזמנה.,https://tickets.cinema-city.co.il/order/841566?lang=en,https://tickets.cinema-city.co.il/order/841566?lang=he,Regular,2D,,,2026-08-12,,,,107,14+,Glilot,Cinema City,595
18:30,The Invite.,ההזמנה.,https://tickets.cinema-city.co.il/order/841628?lang=en,https://tickets.cinema-city.co.il/order/841628?lang=he,Regular,2D,,,2026-08-12,,,,107,14+,Glilot,Cinema City,595
22:15,The Invite.,ההזמנה.,https://tickets.cinema-city.co.il/order/841597?lang=en,https://tickets.cinema-city.co.il/order/841597?lang=he,Regular,2D,,,2026-08-12,,,,107,14+,Glilot,Cinema City,595
16:30,Tuner,המכוון,https://tickets.cinema-city.co.il/order/840753?lang=en,https://tickets.cinema-city.co.il/order/840753?lang=he,Regular,2D,,,2026-08-09,,,,107,12+,Glilot,Cinema City,595
16:30,Tuner,המכוון,https://tickets.cinema-city.co.il/order/841332?lang=en,https://tickets.cinema-city.co.il/order/841332?lang=he,Regular,2D,,,2026-08-10,,,,107,12+,Glilot,Cinema City,595
16:30,Tuner,המכוון,https://tickets.cinema-city.co.il/order/841959?lang=en,https://tickets.cinema-city.co.il/order/841959?lang=he,Regular,2D,,,2026-08-11,,,,107,12+,Glilot,Cinema City,595
11:00,The Magic Faraway Tree,המסע המופלא לעץ הקסמים,https://tickets.cinema-city.co.il/order/840730?lang=en,https://tickets.cinema-city.co.il/order/840730?lang=he,Regular,2D,,Hebrew,2026-08-09,,,,110,All,Glilot,Cinema City,595
16:10,The Magic Faraway Tree,המסע המופלא לעץ הקסמים,https://tickets.cinema-city.co.il/order/840703?lang=en,https://tickets.cinema-city.co.il/order/840703?lang=he,Regular,2D,,Hebrew,2026-08-09,,,,110,All,Glilot,Cinema City,595
16:10,The Magic Faraway Tree,המסע המופלא לעץ הקסמים,https://tickets.cinema-city.co.il/order/841316?lang=en,https://tickets.cinema-city.co.il/order/841316?lang=he,Regular,2D,,Hebrew,2026-08-10,,,,110,All,Glilot,Cinema City,595
13:40,The Magic Faraway Tree,המסע המופלא לעץ הקסמים,https://tickets.cinema-city.co.il/order/841951?lang=en,https://tickets.cinema-city.co.il/order/841951?lang=he,Regular,2D,,Hebrew,2026-08-11,,,,110,All,Glilot,Cinema City,595
16:10,The Magic Faraway Tree,המסע המופלא לעץ הקסמים,https://tickets.cinema-city.co.il/order/841940?lang=en,https://tickets.cinema-city.co.il/order/841940?lang=he,Regular,2D,,Hebrew,2026-08-11,,,,110,All,Glilot,Cinema City,595
13:40,The Magic Faraway Tree,המסע המופלא לעץ הקסמים,https://tickets.cinema-city.co.il/order/841636?lang=en,https://tickets.cinema-city.co.il/order/841636?lang=he,Regular,2D,,Hebrew,2026-08-12,,,,110,All,Glilot,Cinema City,595
16:10,The Magic Faraway Tree,המסע המופלא לעץ הקסמים,https://tickets.cinema-city.co.il/order/841570?lang=en,https://tickets.cinema-city.co.il/order/841570?lang=he,Regular,2D,,Hebrew,2026-08-12,,,,110,All,Glilot,Cinema City,595
12:00,The Devil Wears Prada 2,השטן לובשת פראדה 2,https://tickets.cinema-city.co.il/order/841649?lang=en,https://tickets.cinema-city.co.il/order/841649?lang=he,Regular,2D,,,2026-08-12,,,,118,All,Glilot,Cinema City,595
19:00,Disclosure Day,התגלית,https://tickets.cinema-city.co.il/order/840707?lang=en,https://tickets.cinema-city.co.il/order/840707?lang=he,Regular,2D,,,2026-08-09,,,,145,All,Glilot,Cinema City,595
19:00,Disclosure Day,התגלית,https://tickets.cinema-city.co.il/order/841319?lang=en,https://tickets.cinema-city.co.il/order/841319?lang=he,Regular,2D,,,2026-08-10,,,,145,All,Glilot,Cinema City,595
19:00,Disclosure Day,התגלית,https://tickets.cinema-city.co.il/order/841565?lang=en,https://tickets.cinema-city.co.il/order/841565?lang=he,Regular,2D,,,2026-08-12,,,,145,All,Glilot,Cinema City,595
10:10,Bitter Christmas,חג מולד מר,https://tickets.cinema-city.co.il/order/841328?lang=en,https://tickets.cinema-city.co.il/order/841328?lang=he,Regular,2D,,,2026-08-10,,,,112,All,Glilot,Cinema City,595
15:30,Bitter Christmas,חג מולד מר,https://tickets.cinema-city.co.il/order/841330?lang=en,https://tickets.cinema-city.co.il/order/841330?lang=he,Regular,2D,,,2026-08-10,,,,112,All,Glilot,Cinema City,595
10:20,Bitter Christmas,חג מולד מר,https://tickets.cinema-city.co.il/order/841955?lang=en,https://tickets.cinema-city.co.il/order/841955?lang=he,Regular,2D,,,2026-08-11,,,,112,All,Glilot,Cinema City,595
15:20,Bitter Christmas,חג מולד מר,https://tickets.cinema-city.co.il/order/841957?lang=en,https://tickets.cinema-city.co.il/order/841957?lang=he,Regular,2D,,,2026-08-11,,,,112,All,Glilot,Cinema City,595
18:10,Bitter Christmas,חג מולד מר,https://tickets.cinema-city.co.il/order/841976?lang=en,https://tickets.cinema-city.co.il/order/841976?lang=he,Regular,2D,,,2026-08-11,,,,112,All,Glilot,Cinema City,595
19:10,Bitter Christmas,חג מולד מר,https://tickets.cinema-city.co.il/order/841887?lang=en,https://tickets.cinema-city.co.il/order/841887?lang=he,Regular,2D,,,2026-08-11,,,,112,All,Glilot,Cinema City,595
22:00,Bitter Christmas,חג מולד מר,https://tickets.cinema-city.co.il/order/841900?lang=en,https://tickets.cinema-city.co.il/order/841900?lang=he,Regular,2D,,,2026-08-11,,,,112,All,Glilot,Cinema City,595
10:35,חינה אמריקאית,חינה אמריקאית,https://tickets.cinema-city.co.il/order/840778?lang=en,https://tickets.cinema-city.co.il/order/840778?lang=he,Regular,2D,,,2026-08-09,,,,89,All,Glilot,Cinema City,595
13:50,חינה אמריקאית,חינה אמריקאית,https://tickets.cinema-city.co.il/order/840783?lang=en,https://tickets.cinema-city.co.il/order/840783?lang=he,Regular,2D,,,2026-08-09,,,,89,All,Glilot,Cinema City,595
16:40,חינה אמריקאית,חינה אמריקאית,https://tickets.cinema-city.co.il/order/840728?lang=en,https://tickets.cinema-city.co.il/order/840728?lang=he,Regular,2D,,,2026-08-09,,,,89,All,Glilot,Cinema City,595
16:35,חינה אמריקאית,חינה אמריקאית,https://tickets.cinema-city.co.il/order/841324?lang=en,https://tickets.cinema-city.co.il/order/841324?lang=he,Regular,2D,,,2026-08-10,,,,89,All,Glilot,Cinema City,595
11:00,חינה אמריקאית,חינה אמריקאית,https://tickets.cinema-city.co.il/order/841945?lang=en,https://tickets.cinema-city.co.il/order/841945?lang=he,Regular,2D,,,2026-08-11,,,,89,All,Glilot,Cinema City,595
16:40,חינה אמריקאית,חינה אמריקאית,https://tickets.cinema-city.co.il/order/841949?lang=en,https://tickets.cinema-city.co.il/order/841949?lang=he,Regular,2D,,,2026-08-11,,,,89,All,Glilot,Cinema City,595
11:20,חינה אמריקאית,חינה אמריקאית,https://tickets.cinema-city.co.il/order/841562?lang=en,https://tickets.cinema-city.co.il/order/841562?lang=he,Regular,2D,,,2026-08-12,,,,89,All,Glilot,Cinema City,595
12:40,חינה אמריקאית,חינה אמריקאית,https://tickets.cinema-city.co.il/order/841644?lang=en,https://tickets.cinema-city.co.il/order/841644?lang=he,Regular,2D,,,2026-08-12,,,,89,All,Glilot,Cinema City,595
17:30,חינה אמריקאית,חינה אמריקאית,https://tickets.cinema-city.co.il/order/841559?lang=en,https://tickets.cinema-city.co.il/order/841559?lang=he,Regular,2D,,,2026-08-12,,,,89,All,Glilot,Cinema City,595
10:50,Tafiti: Across the Desert,טפיטי: הרפתקה במדבר,https://tickets.cinema-city.co.il/order/840732?lang=en,https://tickets.cinema-city.co.il/order/840732?lang=he,Regular,2D,,Hebrew,2026-08-09,,,,81,9+,Glilot,Cinema City,595
11:15,Tafiti: Across the Desert,טפיטי: הרפתקה במדבר,https://tickets.cinema-city.co.il/order/840775?lang=en,https://tickets.cinema-city.co.il/order/840775?lang=he,Regular,2D,,Hebrew,2026-08-09,,,,81,9+,Glilot,Cinema City,595
11:15,Tafiti: Across the Desert,טפיטי: הרפתקה במדבר,https://tickets.cinema-city.co.il/order/841643?lang=en,https://tickets.cinema-city.co.il/order/841643?lang=he,Regular,2D,,Hebrew,2026-08-12,,,,81,9+,Glilot,Cinema City,595
14:30,Cuz You're Ugly,כי את מכוערת,https://tickets.cinema-city.co.il/order/840734?lang=en,https://tickets.cinema-city.co.il/order/840734?lang=he,Regular,2D,,,2026-08-09,,,,83,12+,Glilot,Cinema City,595
18:50,Cuz You're Ugly,כי את מכוערת,https://tickets.cinema-city.co.il/order/840739?lang=en,https://tickets.cinema-city.co.il/order/840739?lang=he,Regular,2D,,,2026-08-09,,,,83,12+,Glilot,Cinema City,595
13:40,Cuz You're Ugly,כי את מכוערת,https://tickets.cinema-city.co.il/order/841325?lang=en,https://tickets.cinema-city.co.il/order/841325?lang=he,Regular,2D,,,2026-08-10,,,,83,12+,Glilot,Cinema City,595
14:30,Cuz You're Ugly,כי את מכוערת,https://tickets.cinema-city.co.il/order/841950?lang=en,https://tickets.cinema-city.co.il/order/841950?lang=he,Regular,2D,,,2026-08-11,,,,83,12+,Glilot,Cinema City,595
18:50,Cuz You're Ugly,כי את מכוערת,https://tickets.cinema-city.co.il/order/841952?lang=en,https://tickets.cinema-city.co.il/order/841952?lang=he,Regular,2D,,,2026-08-11,,,,83,12+,Glilot,Cinema City,595
19:50,Cuz You're Ugly,כי את מכוערת,https://tickets.cinema-city.co.il/order/841558?lang=en,https://tickets.cinema-city.co.il/order/841558?lang=he,Regular,2D,,,2026-08-12,,,,83,12+,Glilot,Cinema City,595
10:20,Goat,להעז בגדול,https://tickets.cinema-city.co.il/order/841357?lang=en,https://tickets.cinema-city.co.il/order/841357?lang=he,Regular,2D,,Hebrew,2026-08-10,,,,100,All,Glilot,Cinema City,595
10:45,MASHA & THE BEAR – WONDER PARK,מאשה והדוב-ההרפתקה הגדולה,https://tickets.cinema-city.co.il/order/840704?lang=en,https://tickets.cinema-city.co.il/order/840704?lang=he,Regular,2D,,Hebrew,2026-08-09,,,,73,All,Glilot,Cinema City,595
18:50,Moana (Live Action),מואנה (לייב אקשן),https://tickets.cinema-city.co.il/order/840695?lang=en,https://tickets.cinema-city.co.il/order/840695?lang=he,Regular,2D,,Hebrew,2026-08-09,,,,115,All,Glilot,Cinema City,595
18:10,Moana (Live Action),מואנה (לייב אקשן),https://tickets.cinema-city.co.il/order/841633?lang=en,https://tickets.cinema-city.co.il/order/841633?lang=he,Regular,2D,,Hebrew,2026-08-12,,,,115,All,Glilot,Cinema City,595
13:45,Moana (Live Action),מואנה (לייב אקשן),https://tickets.cinema-city.co.il/order/840680?lang=en,https://tickets.cinema-city.co.il/order/840680?lang=he,Regular,2D,,Hebrew,2026-08-09,,,,115,All,Glilot,Cinema City,595
14:30,Moana (Live Action),מואנה (לייב אקשן),https://tickets.cinema-city.co.il/order/840756?lang=en,https://tickets.cinema-city.co.il/order/840756?lang=he,Regular,2D,,Hebrew,2026-08-09,,,,115,All,Glilot,Cinema City,595
10:00,Moana (Live Action),מואנה (לייב אקשן),https://tickets.cinema-city.co.il/order/841336?lang=en,https://tickets.cinema-city.co.il/order/841336?lang=he,Regular,2D,,Hebrew,2026-08-10,,,,115,All,Glilot,Cinema City,595
13:00,Moana (Live Action),מואנה (לייב אקשן),https://tickets.cinema-city.co.il/order/841963?lang=en,https://tickets.cinema-city.co.il/order/841963?lang=he,Regular,2D,,Hebrew,2026-08-11,,,,115,All,Glilot,Cinema City,595
13:45,Moana (Live Action),מואנה (לייב אקשן),https://tickets.cinema-city.co.il/order/841920?lang=en,https://tickets.cinema-city.co.il/order/841920?lang=he,Regular,2D,,Hebrew,2026-08-11,,,,115,All,Glilot,Cinema City,595
10:10,Moana (Live Action),מואנה (לייב אקשן),https://tickets.cinema-city.co.il/order/841650?lang=en,https://tickets.cinema-city.co.il/order/841650?lang=he,Regular,2D,,Hebrew,2026-08-12,,,,115,All,Glilot,Cinema City,595
13:30,Moana (Live Action),מואנה (לייב אקשן),https://tickets.cinema-city.co.il/order/841607?lang=en,https://tickets.cinema-city.co.il/order/841607?lang=he,Regular,2D,,Hebrew,2026-08-12,,,,115,All,Glilot,Cinema City,595
14:30,Moana (Live Action),מואנה (לייב אקשן),https://tickets.cinema-city.co.il/order/841639?lang=en,https://tickets.cinema-city.co.il/order/841639?lang=he,Regular,2D,,Hebrew,2026-08-12,,,,115,All,Glilot,Cinema City,595
14:50,Motor City,מוטור סיטי,https://tickets.cinema-city.co.il/order/840757?lang=en,https://tickets.cinema-city.co.il/order/840757?lang=he,Regular,2D,,,2026-08-09,,,,103,16+,Glilot,Cinema City,595
19:15,Motor City,מוטור סיטי,https://tickets.cinema-city.co.il/order/840779?lang=en,https://tickets.cinema-city.co.il/order/840779?lang=he,Regular,2D,,,2026-08-09,,,,103,16+,Glilot,Cinema City,595
21:45,Motor City,מוטור סיטי,https://tickets.cinema-city.co.il/order/840679?lang=en,https://tickets.cinema-city.co.il/order/840679?lang=he,Regular,2D,,,2026-08-09,,,,103,16+,Glilot,Cinema City,595
15:00,Motor City,מוטור סיטי,https://tickets.cinema-city.co.il/order/841334?lang=en,https://tickets.cinema-city.co.il/order/841334?lang=he,Regular,2D,,,2026-08-10,,,,103,16+,Glilot,Cinema City,595
22:00,Motor City,מוטור סיטי,https://tickets.cinema-city.co.il/order/841300?lang=en,https://tickets.cinema-city.co.il/order/841300?lang=he,Regular,2D,,,2026-08-10,,,,103,16+,Glilot,Cinema City,595
14:50,Motor City,מוטור סיטי,https://tickets.cinema-city.co.il/order/841964?lang=en,https://tickets.cinema-city.co.il/order/841964?lang=he,Regular,2D,,,2026-08-11,,,,103,16+,Glilot,Cinema City,595
21:50,Motor City,מוטור סיטי,https://tickets.cinema-city.co.il/order/841972?lang=en,https://tickets.cinema-city.co.il/order/841972?lang=he,Regular,2D,,,2026-08-11,,,,103,16+,Glilot,Cinema City,595
23:10,Motor City,מוטור סיטי,https://tickets.cinema-city.co.il/order/841978?lang=en,https://tickets.cinema-city.co.il/order/841978?lang=he,Regular,2D,,,2026-08-11,,,,103,16+,Glilot,Cinema City,595
19:15,Motor City,מוטור סיטי,https://tickets.cinema-city.co.il/order/841645?lang=en,https://tickets.cinema-city.co.il/order/841645?lang=he,Regular,2D,,,2026-08-12,,,,103,16+,Glilot,Cinema City,595
21:45,Motor City,מוטור סיטי,https://tickets.cinema-city.co.il/order/841627?lang=en,https://tickets.cinema-city.co.il/order/841627?lang=he,Regular,2D,,,2026-08-12,,,,103,16+,Glilot,Cinema City,595
18:30,Michael,מייקל,https://tickets.cinema-city.co.il/order/840682?lang=en,https://tickets.cinema-city.co.il/order/840682?lang=he,Regular,2D,,,2026-08-09,,,,127,All,Glilot,Cinema City,595
21:20,Michael,מייקל,https://tickets.cinema-city.co.il/order/841356?lang=en,https://tickets.cinema-city.co.il/order/841356?lang=he,Regular,2D,,,2026-08-10,,,,127,All,Glilot,Cinema City,595
19:10,Michael,מייקל,https://tickets.cinema-city.co.il/order/841922?lang=en,https://tickets.cinema-city.co.il/order/841922?lang=he,Regular,2D,,,2026-08-11,,,,127,All,Glilot,Cinema City,595
18:30,Michael,מייקל,https://tickets.cinema-city.co.il/order/841606?lang=en,https://tickets.cinema-city.co.il/order/841606?lang=he,Regular,2D,,,2026-08-12,,,,127,All,Glilot,Cinema City,595
10:30,Minions & Monsters,מיניונים ומפלצות,https://tickets.cinema-city.co.il/order/840697?lang=en,https://tickets.cinema-city.co.il/order/840697?lang=he,Regular,2D,,Hebrew,2026-08-09,,,,90,All,Glilot,Cinema City,595
12:40,Minions & Monsters,מיניונים ומפלצות,https://tickets.cinema-city.co.il/order/840698?lang=en,https://tickets.cinema-city.co.il/order/840698?lang=he,Regular,2D,,Hebrew,2026-08-09,,,,90,All,Glilot,Cinema City,595
14:50,Minions & Monsters,מיניונים ומפלצות,https://tickets.cinema-city.co.il/order/840675?lang=en,https://tickets.cinema-city.co.il/order/840675?lang=he,Regular,2D,,Hebrew,2026-08-09,,,,90,All,Glilot,Cinema City,595
10:00,Minions & Monsters,מיניונים ומפלצות,https://tickets.cinema-city.co.il/order/841342?lang=en,https://tickets.cinema-city.co.il/order/841342?lang=he,Regular,2D,,Hebrew,2026-08-10,,,,90,All,Glilot,Cinema City,595
12:10,Minions & Monsters,מיניונים ומפלצות,https://tickets.cinema-city.co.il/order/841313?lang=en,https://tickets.cinema-city.co.il/order/841313?lang=he,Regular,2D,,Hebrew,2026-08-10,,,,90,All,Glilot,Cinema City,595
15:05,Minions & Monsters,מיניונים ומפלצות,https://tickets.cinema-city.co.il/order/841351?lang=en,https://tickets.cinema-city.co.il/order/841351?lang=he,Regular,2D,,Hebrew,2026-08-10,,,,90,All,Glilot,Cinema City,595
15:30,Minions & Monsters,מיניונים ומפלצות,https://tickets.cinema-city.co.il/order/841296?lang=en,https://tickets.cinema-city.co.il/order/841296?lang=he,Regular,2D,,Hebrew,2026-08-10,,,,90,All,Glilot,Cinema City,595
10:00,Minions & Monsters,מיניונים ומפלצות,https://tickets.cinema-city.co.il/order/841973?lang=en,https://tickets.cinema-city.co.il/order/841973?lang=he,Regular,2D,,Hebrew,2026-08-11,,,,90,All,Glilot,Cinema City,595
11:40,Minions & Monsters,מיניונים ומפלצות,https://tickets.cinema-city.co.il/order/841935?lang=en,https://tickets.cinema-city.co.il/order/841935?lang=he,Regular,2D,,Hebrew,2026-08-11,,,,90,All,Glilot,Cinema City,595
13:50,Minions & Monsters,מיניונים ומפלצות,https://tickets.cinema-city.co.il/order/841936?lang=en,https://tickets.cinema-city.co.il/order/841936?lang=he,Regular,2D,,Hebrew,2026-08-11,,,,90,All,Glilot,Cinema City,595
16:00,Minions & Monsters,מיניונים ומפלצות,https://tickets.cinema-city.co.il/order/841917?lang=en,https://tickets.cinema-city.co.il/order/841917?lang=he,Regular,2D,,Hebrew,2026-08-11,,,,90,All,Glilot,Cinema City,595
10:00,Minions & Monsters,מיניונים ומפלצות,https://tickets.cinema-city.co.il/order/841568?lang=en,https://tickets.cinema-city.co.il/order/841568?lang=he,Regular,2D,,Hebrew,2026-08-12,,,,90,All,Glilot,Cinema City,595
12:10,Minions & Monsters,מיניונים ומפלצות,https://tickets.cinema-city.co.il/order/841596?lang=en,https://tickets.cinema-city.co.il/order/841596?lang=he,Regular,2D,,Hebrew,2026-08-12,,,,90,All,Glilot,Cinema City,595
16:00,Minions & Monsters,מיניונים ומפלצות,https://tickets.cinema-city.co.il/order/841583?lang=en,https://tickets.cinema-city.co.il/order/841583?lang=he,Regular,2D,,Hebrew,2026-08-12,,,,90,All,Glilot,Cinema City,595
10:15,Paw Patrol: The Dino Movie,מפרץ ההרפתקאות: אי הדינוזאורים,https://tickets.cinema-city.co.il/order/840656?lang=en,https://tickets.cinema-city.co.il/order/840656?lang=he,Regular,2D,,Hebrew,2026-08-09,,,,88,All,Glilot,Cinema City,595
10:45,Paw Patrol: The Dino Movie,מפרץ ההרפתקאות: אי הדינוזאורים,https://tickets.cinema-city.co.il/order/840640?lang=en,https://tickets.cinema-city.co.il/order/840640?lang=he,Regular,2D,,Hebrew,2026-08-09,,,,88,All,Glilot,Cinema City,595
12:30,Paw Patrol: The Dino Movie,מפרץ ההרפתקאות: אי הדינוזאורים,https://tickets.cinema-city.co.il/order/840655?lang=en,https://tickets.cinema-city.co.il/order/840655?lang=he,Regular,2D,,Hebrew,2026-08-09,,,,88,All,Glilot,Cinema City,595
12:50,Paw Patrol: The Dino Movie,מפרץ ההרפתקאות: אי הדינוזאורים,https://tickets.cinema-city.co.il/order/843613?lang=en,https://tickets.cinema-city.co.il/order/843613?lang=he,Regular,2D,,Hebrew,2026-08-09,,,,88,All,Glilot,Cinema City,595
14:45,Paw Patrol: The Dino Movie,מפרץ ההרפתקאות: אי הדינוזאורים,https://tickets.cinema-city.co.il/order/840653?lang=en,https://tickets.cinema-city.co.il/order/840653?lang=he,Regular,2D,,Hebrew,2026-08-09,,,,88,All,Glilot,Cinema City,595
17:00,Paw Patrol: The Dino Movie,מפרץ ההרפתקאות: אי הדינוזאורים,https://tickets.cinema-city.co.il/order/840654?lang=en,https://tickets.cinema-city.co.il/order/840654?lang=he,Regular,2D,,Hebrew,2026-08-09,,,,88,All,Glilot,Cinema City,595
10:15,Paw Patrol: The Dino Movie,מפרץ ההרפתקאות: אי הדינוזאורים,https://tickets.cinema-city.co.il/order/841282?lang=en,https://tickets.cinema-city.co.il/order/841282?lang=he,Regular,2D,,Hebrew,2026-08-10,,,,88,All,Glilot,Cinema City,595
12:30,Paw Patrol: The Dino Movie,מפרץ ההרפתקאות: אי הדינוזאורים,https://tickets.cinema-city.co.il/order/841281?lang=en,https://tickets.cinema-city.co.il/order/841281?lang=he,Regular,2D,,Hebrew,2026-08-10,,,,88,All,Glilot,Cinema City,595
14:45,Paw Patrol: The Dino Movie,מפרץ ההרפתקאות: אי הדינוזאורים,https://tickets.cinema-city.co.il/order/841279?lang=en,https://tickets.cinema-city.co.il/order/841279?lang=he,Regular,2D,,Hebrew,2026-08-10,,,,88,All,Glilot,Cinema City,595
17:00,Paw Patrol: The Dino Movie,מפרץ ההרפתקאות: אי הדינוזאורים,https://tickets.cinema-city.co.il/order/841280?lang=en,https://tickets.cinema-city.co.il/order/841280?lang=he,Regular,2D,,Hebrew,2026-08-10,,,,88,All,Glilot,Cinema City,595
10:15,Paw Patrol: The Dino Movie,מפרץ ההרפתקאות: אי הדינוזאורים,https://tickets.cinema-city.co.il/order/841898?lang=en,https://tickets.cinema-city.co.il/order/841898?lang=he,Regular,2D,,Hebrew,2026-08-11,,,,88,All,Glilot,Cinema City,595
12:30,Paw Patrol: The Dino Movie,מפרץ ההרפתקאות: אי הדינוזאורים,https://tickets.cinema-city.co.il/order/841897?lang=en,https://tickets.cinema-city.co.il/order/841897?lang=he,Regular,2D,,Hebrew,2026-08-11,,,,88,All,Glilot,Cinema City,595
14:45,Paw Patrol: The Dino Movie,מפרץ ההרפתקאות: אי הדינוזאורים,https://tickets.cinema-city.co.il/order/841895?lang=en,https://tickets.cinema-city.co.il/order/841895?lang=he,Regular,2D,,Hebrew,2026-08-11,,,,88,All,Glilot,Cinema City,595
17:00,Paw Patrol: The Dino Movie,מפרץ ההרפתקאות: אי הדינוזאורים,https://tickets.cinema-city.co.il/order/841896?lang=en,https://tickets.cinema-city.co.il/order/841896?lang=he,Regular,2D,,Hebrew,2026-08-11,,,,88,All,Glilot,Cinema City,595
10:15,Paw Patrol: The Dino Movie,מפרץ ההרפתקאות: אי הדינוזאורים,https://tickets.cinema-city.co.il/order/841585?lang=en,https://tickets.cinema-city.co.il/order/841585?lang=he,Regular,2D,,Hebrew,2026-08-12,,,,88,All,Glilot,Cinema City,595
11:00,Paw Patrol: The Dino Movie,מפרץ ההרפתקאות: אי הדינוזאורים,https://tickets.cinema-city.co.il/order/841613?lang=en,https://tickets.cinema-city.co.il/order/841613?lang=he,Regular,2D,,Hebrew,2026-08-12,,,,88,All,Glilot,Cinema City,595
12:30,Paw Patrol: The Dino Movie,מפרץ ההרפתקאות: אי הדינוזאורים,https://tickets.cinema-city.co.il/order/841586?lang=en,https://tickets.cinema-city.co.il/order/841586?lang=he,Regular,2D,,Hebrew,2026-08-12,,,,88,All,Glilot,Cinema City,595
14:45,Paw Patrol: The Dino Movie,מפרץ ההרפתקאות: אי הדינוזאורים,https://tickets.cinema-city.co.il/order/841588?lang=en,https://tickets.cinema-city.co.il/order/841588?lang=he,Regular,2D,,Hebrew,2026-08-12,,,,88,All,Glilot,Cinema City,595
17:00,Paw Patrol: The Dino Movie,מפרץ ההרפתקאות: אי הדינוזאורים,https://tickets.cinema-city.co.il/order/841587?lang=en,https://tickets.cinema-city.co.il/order/841587?lang=he,Regular,2D,,Hebrew,2026-08-12,,,,88,All,Glilot,Cinema City,595
11:20,Marsupilami,מרסופילאמי,https://tickets.cinema-city.co.il/order/840651?lang=en,https://tickets.cinema-city.co.il/order/840651?lang=he,Regular,2D,,Hebrew,2026-08-09,,,,99,All,Glilot,Cinema City,595
16:15,Marsupilami,מרסופילאמי,https://tickets.cinema-city.co.il/order/840652?lang=en,https://tickets.cinema-city.co.il/order/840652?lang=he,Regular,2D,,Hebrew,2026-08-09,,,,99,All,Glilot,Cinema City,595
11:10,Marsupilami,מרסופילאמי,https://tickets.cinema-city.co.il/order/841277?lang=en,https://tickets.cinema-city.co.il/order/841277?lang=he,Regular,2D,,Hebrew,2026-08-10,,,,99,All,Glilot,Cinema City,595
13:40,Marsupilami,מרסופילאמי,https://tickets.cinema-city.co.il/order/841361?lang=en,https://tickets.cinema-city.co.il/order/841361?lang=he,Regular,2D,,Hebrew,2026-08-10,,,,99,All,Glilot,Cinema City,595
16:00,Marsupilami,מרסופילאמי,https://tickets.cinema-city.co.il/order/841278?lang=en,https://tickets.cinema-city.co.il/order/841278?lang=he,Regular,2D,,Hebrew,2026-08-10,,,,99,All,Glilot,Cinema City,595
10:20,Marsupilami,מרסופילאמי,https://tickets.cinema-city.co.il/order/841981?lang=en,https://tickets.cinema-city.co.il/order/841981?lang=he,Regular,2D,,Hebrew,2026-08-11,,,,99,All,Glilot,Cinema City,595
11:20,Marsupilami,מרסופילאמי,https://tickets.cinema-city.co.il/order/841893?lang=en,https://tickets.cinema-city.co.il/order/841893?lang=he,Regular,2D,,Hebrew,2026-08-11,,,,99,All,Glilot,Cinema City,595
13:30,Marsupilami,מרסופילאמי,https://tickets.cinema-city.co.il/order/841983?lang=en,https://tickets.cinema-city.co.il/order/841983?lang=he,Regular,2D,,Hebrew,2026-08-11,,,,99,All,Glilot,Cinema City,595
16:15,Marsupilami,מרסופילאמי,https://tickets.cinema-city.co.il/order/841894?lang=en,https://tickets.cinema-city.co.il/order/841894?lang=he,Regular,2D,,Hebrew,2026-08-11,,,,99,All,Glilot,Cinema City,595
11:10,Marsupilami,מרסופילאמי,https://tickets.cinema-city.co.il/order/841590?lang=en,https://tickets.cinema-city.co.il/order/841590?lang=he,Regular,2D,,Hebrew,2026-08-12,,,,99,All,Glilot,Cinema City,595
16:00,Marsupilami,מרסופילאמי,https://tickets.cinema-city.co.il/order/841589?lang=en,https://tickets.cinema-city.co.il/order/841589?lang=he,Regular,2D,,Hebrew,2026-08-12,,,,99,All,Glilot,Cinema City,595
11:20,סולטיז הסרט,סולטיז הסרט-וולוג ה-100,https://tickets.cinema-city.co.il/order/840683?lang=en,https://tickets.cinema-city.co.il/order/840683?lang=he,Regular,2D,,,2026-08-09,,,,100,All,Glilot,Cinema City,595
13:45,סולטיז הסרט,סולטיז הסרט-וולוג ה-100,https://tickets.cinema-city.co.il/order/840684?lang=en,https://tickets.cinema-city.co.il/order/840684?lang=he,Regular,2D,,,2026-08-09,,,,100,All,Glilot,Cinema City,595
16:10,סולטיז הסרט,סולטיז הסרט-וולוג ה-100,https://tickets.cinema-city.co.il/order/840685?lang=en,https://tickets.cinema-city.co.il/order/840685?lang=he,Regular,2D,,,2026-08-09,,,,100,All,Glilot,Cinema City,595
10:20,סולטיז הסרט,סולטיז הסרט-וולוג ה-100,https://tickets.cinema-city.co.il/order/841359?lang=en,https://tickets.cinema-city.co.il/order/841359?lang=he,Regular,2D,,,2026-08-10,,,,100,All,Glilot,Cinema City,595
13:10,סולטיז הסרט,סולטיז הסרט-וולוג ה-100,https://tickets.cinema-city.co.il/order/841302?lang=en,https://tickets.cinema-city.co.il/order/841302?lang=he,Regular,2D,,,2026-08-10,,,,100,All,Glilot,Cinema City,595
16:00,סולטיז הסרט,סולטיז הסרט-וולוג ה-100,https://tickets.cinema-city.co.il/order/841303?lang=en,https://tickets.cinema-city.co.il/order/841303?lang=he,Regular,2D,,,2026-08-10,,,,100,All,Glilot,Cinema City,595
18:20,סולטיז הסרט,סולטיז הסרט-וולוג ה-100,https://tickets.cinema-city.co.il/order/841353?lang=en,https://tickets.cinema-city.co.il/order/841353?lang=he,Regular,2D,,,2026-08-10,,,,100,All,Glilot,Cinema City,595
18:45,סולטיז הסרט,סולטיז הסרט-וולוג ה-100,https://tickets.cinema-city.co.il/order/841355?lang=en,https://tickets.cinema-city.co.il/order/841355?lang=he,Regular,2D,,,2026-08-10,,,,100,All,Glilot,Cinema City,595
18:50,סולטיז הסרט,סולטיז הסרט-וולוג ה-100,https://tickets.cinema-city.co.il/order/841354?lang=en,https://tickets.cinema-city.co.il/order/841354?lang=he,Regular,2D,,,2026-08-10,,,,100,All,Glilot,Cinema City,595
15:00,סולטיז הסרט,סולטיז הסרט-וולוג ה-100,https://tickets.cinema-city.co.il/order/841923?lang=en,https://tickets.cinema-city.co.il/order/841923?lang=he,Regular,2D,,,2026-08-11,,,,100,All,Glilot,Cinema City,595
17:45,סולטיז הסרט,סולטיז הסרט-וולוג ה-100,https://tickets.cinema-city.co.il/order/841924?lang=en,https://tickets.cinema-city.co.il/order/841924?lang=he,Regular,2D,,,2026-08-11,,,,100,All,Glilot,Cinema City,595
11:20,סולטיז הסרט,סולטיז הסרט-וולוג ה-100,https://tickets.cinema-city.co.il/order/841629?lang=en,https://tickets.cinema-city.co.il/order/841629?lang=he,Regular,2D,,,2026-08-12,,,,100,All,Glilot,Cinema City,595
13:45,סולטיז הסרט,סולטיז הסרט-וולוג ה-100,https://tickets.cinema-city.co.il/order/841605?lang=en,https://tickets.cinema-city.co.il/order/841605?lang=he,Regular,2D,,,2026-08-12,,,,100,All,Glilot,Cinema City,595
16:10,סולטיז הסרט,סולטיז הסרט-וולוג ה-100,https://tickets.cinema-city.co.il/order/841604?lang=en,https://tickets.cinema-city.co.il/order/841604?lang=he,Regular,2D,,,2026-08-12,,,,100,All,Glilot,Cinema City,595
10:45,Super Mario Galaxy,סופר מריו גלקסי הסרט,https://tickets.cinema-city.co.il/order/841358?lang=en,https://tickets.cinema-city.co.il/order/841358?lang=he,Regular,2D,,Hebrew,2026-08-10,,,,98,All,Glilot,Cinema City,595
10:00,SPIDERMAN: BRAND NEW DAY,ספיידרמן: יום חדש,https://tickets.cinema-city.co.il/order/840667?lang=en,https://tickets.cinema-city.co.il/order/840667?lang=he,Regular,2D,,,2026-08-09,,,,150,All,Glilot,Cinema City,595
10:30,SPIDERMAN: BRAND NEW DAY,ספיידרמן: יום חדש,https://tickets.cinema-city.co.il/order/843612?lang=en,https://tickets.cinema-city.co.il/order/843612?lang=he,Regular,2D,,,2026-08-09,,,,150,All,Glilot,Cinema City,595
11:00,SPIDERMAN: BRAND NEW DAY,ספיידרמן: יום חדש,https://tickets.cinema-city.co.il/order/840671?lang=en,https://tickets.cinema-city.co.il/order/840671?lang=he,Regular,2D,,,2026-08-09,,,,150,All,Glilot,Cinema City,595
13:15,SPIDERMAN: BRAND NEW DAY,ספיידרמן: יום חדש,https://tickets.cinema-city.co.il/order/840666?lang=en,https://tickets.cinema-city.co.il/order/840666?lang=he,Regular,2D,,,2026-08-09,,,,150,All,Glilot,Cinema City,595
14:15,SPIDERMAN: BRAND NEW DAY,ספיידרמן: יום חדש,https://tickets.cinema-city.co.il/order/840668?lang=en,https://tickets.cinema-city.co.il/order/840668?lang=he,Regular,2D,,,2026-08-09,,,,150,All,Glilot,Cinema City,595
14:30,SPIDERMAN: BRAND NEW DAY,ספיידרמן: יום חדש,https://tickets.cinema-city.co.il/order/840721?lang=en,https://tickets.cinema-city.co.il/order/840721?lang=he,Regular,2D,,,2026-08-09,,,,150,All,Glilot,Cinema City,595
15:15,SPIDERMAN: BRAND NEW DAY,ספיידרמן: יום חדש,https://tickets.cinema-city.co.il/order/840748?lang=en,https://tickets.cinema-city.co.il/order/840748?lang=he,Regular,2D,,,2026-08-09,,,,150,All,Glilot,Cinema City,595
15:30,SPIDERMAN: BRAND NEW DAY,ספיידרמן: יום חדש,https://tickets.cinema-city.co.il/order/840688?lang=en,https://tickets.cinema-city.co.il/order/840688?lang=he,Regular,2D,,,2026-08-09,,,,150,All,Glilot,Cinema City,595
16:30,SPIDERMAN: BRAND NEW DAY,ספיידרמן: יום חדש,https://tickets.cinema-city.co.il/order/840663?lang=en,https://tickets.cinema-city.co.il/order/840663?lang=he,Regular,2D,,,2026-08-09,,,,150,All,Glilot,Cinema City,595
17:30,SPIDERMAN: BRAND NEW DAY,ספיידרמן: יום חדש,https://tickets.cinema-city.co.il/order/840669?lang=en,https://tickets.cinema-city.co.il/order/840669?lang=he,Regular,2D,,,2026-08-09,,,,150,All,Glilot,Cinema City,595
17:45,SPIDERMAN: BRAND NEW DAY,ספיידרמן: יום חדש,https://tickets.cinema-city.co.il/order/840716?lang=en,https://tickets.cinema-city.co.il/order/840716?lang=he,Regular,2D,,,2026-08-09,,,,150,All,Glilot,Cinema City,595
18:10,SPIDERMAN: BRAND NEW DAY,ספיידרמן: יום חדש,https://tickets.cinema-city.co.il/order/840689?lang=en,https://tickets.cinema-city.co.il/order/840689?lang=he,Regular,2D,,,2026-08-09,,,,150,All,Glilot,Cinema City,595
18:40,SPIDERMAN: BRAND NEW DAY,ספיידרמן: יום חדש,https://tickets.cinema-city.co.il/order/840658?lang=en,https://tickets.cinema-city.co.il/order/840658?lang=he,Regular,2D,,,2026-08-09,,,,150,All,Glilot,Cinema City,595
19:45,SPIDERMAN: BRAND NEW DAY,ספיידרמן: יום חדש,https://tickets.cinema-city.co.il/order/840664?lang=en,https://tickets.cinema-city.co.il/order/840664?lang=he,Regular,2D,,,2026-08-09,,,,150,All,Glilot,Cinema City,595
20:15,SPIDERMAN: BRAND NEW DAY,ספיידרמן: יום חדש,https://tickets.cinema-city.co.il/order/840769?lang=en,https://tickets.cinema-city.co.il/order/840769?lang=he,Regular,2D,,,2026-08-09,,,,150,All,Glilot,Cinema City,595
20:45,SPIDERMAN: BRAND NEW DAY,ספיידרמן: יום חדש,https://tickets.cinema-city.co.il/order/840670?lang=en,https://tickets.cinema-city.co.il/order/840670?lang=he,Regular,2D,,,2026-08-09,,,,150,All,Glilot,Cinema City,595
21:00,SPIDERMAN: BRAND NEW DAY,ספיידרמן: יום חדש,https://tickets.cinema-city.co.il/order/840719?lang=en,https://tickets.cinema-city.co.il/order/840719?lang=he,Regular,2D,,,2026-08-09,,,,150,All,Glilot,Cinema City,595
21:20,SPIDERMAN: BRAND NEW DAY,ספיידרמן: יום חדש,https://tickets.cinema-city.co.il/order/840687?lang=en,https://tickets.cinema-city.co.il/order/840687?lang=he,Regular,2D,,,2026-08-09,,,,150,All,Glilot,Cinema City,595
21:30,SPIDERMAN: BRAND NEW DAY,ספיידרמן: יום חדש,https://tickets.cinema-city.co.il/order/840741?lang=en,https://tickets.cinema-city.co.il/order/840741?lang=he,Regular,2D,,,2026-08-09,,,,150,All,Glilot,Cinema City,595
22:00,SPIDERMAN: BRAND NEW DAY,ספיידרמן: יום חדש,https://tickets.cinema-city.co.il/order/840659?lang=en,https://tickets.cinema-city.co.il/order/840659?lang=he,Regular,2D,,,2026-08-09,,,,150,All,Glilot,Cinema City,595
23:00,SPIDERMAN: BRAND NEW DAY,ספיידרמן: יום חדש,https://tickets.cinema-city.co.il/order/840665?lang=en,https://tickets.cinema-city.co.il/order/840665?lang=he,Regular,2D,,,2026-08-09,,,,150,All,Glilot,Cinema City,595
23:30,SPIDERMAN: BRAND NEW DAY,ספיידרמן: יום חדש,https://tickets.cinema-city.co.il/order/840772?lang=en,https://tickets.cinema-city.co.il/order/840772?lang=he,Regular,2D,,,2026-08-09,,,,150,All,Glilot,Cinema City,595
10:10,SPIDERMAN: BRAND NEW DAY,ספיידרמן: יום חדש,https://tickets.cinema-city.co.il/order/841289?lang=en,https://tickets.cinema-city.co.il/order/841289?lang=he,Regular,2D,,,2026-08-10,,,,150,All,Glilot,Cinema City,595
10:30,SPIDERMAN: BRAND NEW DAY,ספיידרמן: יום חדש,https://tickets.cinema-city.co.il/order/841338?lang=en,https://tickets.cinema-city.co.il/order/841338?lang=he,Regular,2D,,,2026-08-10,,,,150,All,Glilot,Cinema City,595
11:30,SPIDERMAN: BRAND NEW DAY,ספיידרמן: יום חדש,https://tickets.cinema-city.co.il/order/843494?lang=en,https://tickets.cinema-city.co.il/order/843494?lang=he,Regular,2D,,,2026-08-10,,,,150,All,Glilot,Cinema City,595
13:30,SPIDERMAN: BRAND NEW DAY,ספיידרמן: יום חדש,https://tickets.cinema-city.co.il/order/841288?lang=en,https://tickets.cinema-city.co.il/order/841288?lang=he,Regular,2D,,,2026-08-10,,,,150,All,Glilot,Cinema City,595
13:50,SPIDERMAN: BRAND NEW DAY,ספיידרמן: יום חדש,https://tickets.cinema-city.co.il/order/841337?lang=en,https://tickets.cinema-city.co.il/order/841337?lang=he,Regular,2D,,,2026-08-10,,,,150,All,Glilot,Cinema City,595
14:25,SPIDERMAN: BRAND NEW DAY,ספיידרמן: יום חדש,https://tickets.cinema-city.co.il/order/841290?lang=en,https://tickets.cinema-city.co.il/order/841290?lang=he,Regular,2D,,,2026-08-10,,,,150,All,Glilot,Cinema City,595
14:40,SPIDERMAN: BRAND NEW DAY,ספיידרמן: יום חדש,https://tickets.cinema-city.co.il/order/841348?lang=en,https://tickets.cinema-city.co.il/order/841348?lang=he,Regular,2D,,,2026-08-10,,,,150,All,Glilot,Cinema City,595
15:15,SPIDERMAN: BRAND NEW DAY,ספיידרמן: יום חדש,https://tickets.cinema-city.co.il/order/841329?lang=en,https://tickets.cinema-city.co.il/order/841329?lang=he,Regular,2D,,,2026-08-10,,,,150,All,Glilot,Cinema City,595
17:00,SPIDERMAN: BRAND NEW DAY,ספיידרמן: יום חדש,https://tickets.cinema-city.co.il/order/841322?lang=en,https://tickets.cinema-city.co.il/order/841322?lang=he,Regular,2D,,,2026-08-10,,,,150,All,Glilot,Cinema City,595
17:30,SPIDERMAN: BRAND NEW DAY,ספיידרמן: יום חדש,https://tickets.cinema-city.co.il/order/841291?lang=en,https://tickets.cinema-city.co.il/order/841291?lang=he,Regular,2D,,,2026-08-10,,,,150,All,Glilot,Cinema City,595
18:15,SPIDERMAN: BRAND NEW DAY,ספיידרמן: יום חדש,https://tickets.cinema-city.co.il/order/841306?lang=en,https://tickets.cinema-city.co.il/order/841306?lang=he,Regular,2D,,,2026-08-10,,,,150,All,Glilot,Cinema City,595
18:40,SPIDERMAN: BRAND NEW DAY,ספיידרמן: יום חדש,https://tickets.cinema-city.co.il/order/841284?lang=en,https://tickets.cinema-city.co.il/order/841284?lang=he,Regular,2D,,,2026-08-10,,,,150,All,Glilot,Cinema City,595
20:15,SPIDERMAN: BRAND NEW DAY,ספיידרמן: יום חדש,https://tickets.cinema-city.co.il/order/841326?lang=en,https://tickets.cinema-city.co.il/order/841326?lang=he,Regular,2D,,,2026-08-10,,,,150,All,Glilot,Cinema City,595
20:45,SPIDERMAN: BRAND NEW DAY,ספיידרמן: יום חדש,https://tickets.cinema-city.co.il/order/841292?lang=en,https://tickets.cinema-city.co.il/order/841292?lang=he,Regular,2D,,,2026-08-10,,,,150,All,Glilot,Cinema City,595
21:30,SPIDERMAN: BRAND NEW DAY,ספיידרמן: יום חדש,https://tickets.cinema-city.co.il/order/841305?lang=en,https://tickets.cinema-city.co.il/order/841305?lang=he,Regular,2D,,,2026-08-10,,,,150,All,Glilot,Cinema City,595
22:00,SPIDERMAN: BRAND NEW DAY,ספיידרמן: יום חדש,https://tickets.cinema-city.co.il/order/841285?lang=en,https://tickets.cinema-city.co.il/order/841285?lang=he,Regular,2D,,,2026-08-10,,,,150,All,Glilot,Cinema City,595
22:40,SPIDERMAN: BRAND NEW DAY,ספיידרמן: יום חדש,https://tickets.cinema-city.co.il/order/841287?lang=en,https://tickets.cinema-city.co.il/order/841287?lang=he,Regular,2D,,,2026-08-10,,,,150,All,Glilot,Cinema City,595
23:35,SPIDERMAN: BRAND NEW DAY,ספיידרמן: יום חדש,https://tickets.cinema-city.co.il/order/841339?lang=en,https://tickets.cinema-city.co.il/order/841339?lang=he,Regular,2D,,,2026-08-10,,,,150,All,Glilot,Cinema City,595
10:50,SPIDERMAN: BRAND NEW DAY,ספיידרמן: יום חדש,https://tickets.cinema-city.co.il/order/841913?lang=en,https://tickets.cinema-city.co.il/order/841913?lang=he,Regular,2D,,,2026-08-11,,,,150,All,Glilot,Cinema City,595
11:50,SPIDERMAN: BRAND NEW DAY,ספיידרמן: יום חדש,https://tickets.cinema-city.co.il/order/841974?lang=en,https://tickets.cinema-city.co.il/order/841974?lang=he,Regular,2D,,,2026-08-11,,,,150,All,Glilot,Cinema City,595
12:10,SPIDERMAN: BRAND NEW DAY,ספיידרמן: יום חדש,https://tickets.cinema-city.co.il/order/841909?lang=en,https://tickets.cinema-city.co.il/order/841909?lang=he,Regular,2D,,,2026-08-11,,,,150,All,Glilot,Cinema City,595
13:40,SPIDERMAN: BRAND NEW DAY,ספיידרמן: יום חדש,https://tickets.cinema-city.co.il/order/841970?lang=en,https://tickets.cinema-city.co.il/order/841970?lang=he,Regular,2D,,,2026-08-11,,,,150,All,Glilot,Cinema City,595
14:15,SPIDERMAN: BRAND NEW DAY,ספיידרמן: יום חדש,https://tickets.cinema-city.co.il/order/841910?lang=en,https://tickets.cinema-city.co.il/order/841910?lang=he,Regular,2D,,,2026-08-11,,,,150,All,Glilot,Cinema City,595
15:00,SPIDERMAN: BRAND NEW DAY,ספיידרמן: יום חדש,https://tickets.cinema-city.co.il/order/841927?lang=en,https://tickets.cinema-city.co.il/order/841927?lang=he,Regular,2D,,,2026-08-11,,,,150,All,Glilot,Cinema City,595
15:15,SPIDERMAN: BRAND NEW DAY,ספיידרמן: יום חדש,https://tickets.cinema-city.co.il/order/841956?lang=en,https://tickets.cinema-city.co.il/order/841956?lang=he,Regular,2D,,,2026-08-11,,,,150,All,Glilot,Cinema City,595
16:50,SPIDERMAN: BRAND NEW DAY,ספיידרמן: יום חדש,https://tickets.cinema-city.co.il/order/841946?lang=en,https://tickets.cinema-city.co.il/order/841946?lang=he,Regular,2D,,,2026-08-11,,,,150,All,Glilot,Cinema City,595
17:30,SPIDERMAN: BRAND NEW DAY,ספיידרמן: יום חדש,https://tickets.cinema-city.co.il/order/841911?lang=en,https://tickets.cinema-city.co.il/order/841911?lang=he,Regular,2D,,,2026-08-11,,,,150,All,Glilot,Cinema City,595
18:10,SPIDERMAN: BRAND NEW DAY,ספיידרמן: יום חדש,https://tickets.cinema-city.co.il/order/841928?lang=en,https://tickets.cinema-city.co.il/order/841928?lang=he,Regular,2D,,,2026-08-11,,,,150,All,Glilot,Cinema City,595
18:40,SPIDERMAN: BRAND NEW DAY,ספיידרמן: יום חדש,https://tickets.cinema-city.co.il/order/841901?lang=en,https://tickets.cinema-city.co.il/order/841901?lang=he,Regular,2D,,,2026-08-11,,,,150,All,Glilot,Cinema City,595
19:45,SPIDERMAN: BRAND NEW DAY,ספיידרמן: יום חדש,https://tickets.cinema-city.co.il/order/841907?lang=en,https://tickets.cinema-city.co.il/order/841907?lang=he,Regular,2D,,,2026-08-11,,,,150,All,Glilot,Cinema City,595
20:45,SPIDERMAN: BRAND NEW DAY,ספיידרמן: יום חדש,https://tickets.cinema-city.co.il/order/841912?lang=en,https://tickets.cinema-city.co.il/order/841912?lang=he,Regular,2D,,,2026-08-11,,,,150,All,Glilot,Cinema City,595
21:20,SPIDERMAN: BRAND NEW DAY,ספיידרמן: יום חדש,https://tickets.cinema-city.co.il/order/841926?lang=en,https://tickets.cinema-city.co.il/order/841926?lang=he,Regular,2D,,,2026-08-11,,,,150,All,Glilot,Cinema City,595
21:30,SPIDERMAN: BRAND NEW DAY,ספיידרמן: יום חדש,https://tickets.cinema-city.co.il/order/841953?lang=en,https://tickets.cinema-city.co.il/order/841953?lang=he,Regular,2D,,,2026-08-11,,,,150,All,Glilot,Cinema City,595
22:00,SPIDERMAN: BRAND NEW DAY,ספיידרמן: יום חדש,https://tickets.cinema-city.co.il/order/841902?lang=en,https://tickets.cinema-city.co.il/order/841902?lang=he,Regular,2D,,,2026-08-11,,,,150,All,Glilot,Cinema City,595
23:00,SPIDERMAN: BRAND NEW DAY,ספיידרמן: יום חדש,https://tickets.cinema-city.co.il/order/841908?lang=en,https://tickets.cinema-city.co.il/order/841908?lang=he,Regular,2D,,,2026-08-11,,,,150,All,Glilot,Cinema City,595
10:00,SPIDERMAN: BRAND NEW DAY,ספיידרמן: יום חדש,https://tickets.cinema-city.co.il/order/841624?lang=en,https://tickets.cinema-city.co.il/order/841624?lang=he,Regular,2D,,,2026-08-12,,,,150,All,Glilot,Cinema City,595
10:30,SPIDERMAN: BRAND NEW DAY,ספיידרמן: יום חדש,https://tickets.cinema-city.co.il/order/841573?lang=en,https://tickets.cinema-city.co.il/order/841573?lang=he,Regular,2D,,,2026-08-12,,,,150,All,Glilot,Cinema City,595
11:00,SPIDERMAN: BRAND NEW DAY,ספיידרמן: יום חדש,https://tickets.cinema-city.co.il/order/841626?lang=en,https://tickets.cinema-city.co.il/order/841626?lang=he,Regular,2D,,,2026-08-12,,,,150,All,Glilot,Cinema City,595
13:15,SPIDERMAN: BRAND NEW DAY,ספיידרמן: יום חדש,https://tickets.cinema-city.co.il/order/841623?lang=en,https://tickets.cinema-city.co.il/order/841623?lang=he,Regular,2D,,,2026-08-12,,,,150,All,Glilot,Cinema City,595
13:20,SPIDERMAN: BRAND NEW DAY,ספיידרמן: יום חדש,https://tickets.cinema-city.co.il/order/841625?lang=en,https://tickets.cinema-city.co.il/order/841625?lang=he,Regular,2D,,,2026-08-12,,,,150,All,Glilot,Cinema City,595
13:55,SPIDERMAN: BRAND NEW DAY,ספיידרמן: יום חדש,https://tickets.cinema-city.co.il/order/841574?lang=en,https://tickets.cinema-city.co.il/order/841574?lang=he,Regular,2D,,,2026-08-12,,,,150,All,Glilot,Cinema City,595
14:40,SPIDERMAN: BRAND NEW DAY,ספיידרמן: יום חדש,https://tickets.cinema-city.co.il/order/841582?lang=en,https://tickets.cinema-city.co.il/order/841582?lang=he,Regular,2D,,,2026-08-12,,,,150,All,Glilot,Cinema City,595
14:50,SPIDERMAN: BRAND NEW DAY,ספיידרמן: יום חדש,https://tickets.cinema-city.co.il/order/841631?lang=en,https://tickets.cinema-city.co.il/order/841631?lang=he,Regular,2D,,,2026-08-12,,,,150,All,Glilot,Cinema City,595
15:40,SPIDERMAN: BRAND NEW DAY,ספיידרמן: יום חדש,https://tickets.cinema-city.co.il/order/841648?lang=en,https://tickets.cinema-city.co.il/order/841648?lang=he,Regular,2D,,,2026-08-12,,,,150,All,Glilot,Cinema City,595
16:30,SPIDERMAN: BRAND NEW DAY,ספיידרמן: יום חדש,https://tickets.cinema-city.co.il/order/841620?lang=en,https://tickets.cinema-city.co.il/order/841620?lang=he,Regular,2D,,,2026-08-12,,,,150,All,Glilot,Cinema City,595
17:10,SPIDERMAN: BRAND NEW DAY,ספיידרמן: יום חדש,https://tickets.cinema-city.co.il/order/841561?lang=en,https://tickets.cinema-city.co.il/order/841561?lang=he,Regular,2D,,,2026-08-12,,,,150,All,Glilot,Cinema City,595
18:00,SPIDERMAN: BRAND NEW DAY,ספיידרמן: יום חדש,https://tickets.cinema-city.co.il/order/841581?lang=en,https://tickets.cinema-city.co.il/order/841581?lang=he,Regular,2D,,,2026-08-12,,,,150,All,Glilot,Cinema City,595
18:50,SPIDERMAN: BRAND NEW DAY,ספיידרמן: יום חדש,https://tickets.cinema-city.co.il/order/841632?lang=en,https://tickets.cinema-city.co.il/order/841632?lang=he,Regular,2D,,,2026-08-12,,,,150,All,Glilot,Cinema City,595
19:00,SPIDERMAN: BRAND NEW DAY,ספיידרמן: יום חדש,https://tickets.cinema-city.co.il/order/841641?lang=en,https://tickets.cinema-city.co.il/order/841641?lang=he,Regular,2D,,,2026-08-12,,,,150,All,Glilot,Cinema City,595
19:45,SPIDERMAN: BRAND NEW DAY,ספיידרמן: יום חדש,https://tickets.cinema-city.co.il/order/841621?lang=en,https://tickets.cinema-city.co.il/order/841621?lang=he,Regular,2D,,,2026-08-12,,,,150,All,Glilot,Cinema City,595
20:50,SPIDERMAN: BRAND NEW DAY,ספיידרמן: יום חדש,https://tickets.cinema-city.co.il/order/841638?lang=en,https://tickets.cinema-city.co.il/order/841638?lang=he,Regular,2D,,,2026-08-12,,,,150,All,Glilot,Cinema City,595
21:00,SPIDERMAN: BRAND NEW DAY,ספיידרמן: יום חדש,https://tickets.cinema-city.co.il/order/841651?lang=en,https://tickets.cinema-city.co.il/order/841651?lang=he,Regular,2D,,,2026-08-12,,,,150,All,Glilot,Cinema City,595
21:20,SPIDERMAN: BRAND NEW DAY,ספיידרמן: יום חדש,https://tickets.cinema-city.co.il/order/841580?lang=en,https://tickets.cinema-city.co.il/order/841580?lang=he,Regular,2D,,,2026-08-12,,,,150,All,Glilot,Cinema City,595
22:00,SPIDERMAN: BRAND NEW DAY,ספיידרמן: יום חדש,https://tickets.cinema-city.co.il/order/841630?lang=en,https://tickets.cinema-city.co.il/order/841630?lang=he,Regular,2D,,,2026-08-12,,,,150,All,Glilot,Cinema City,595
22:20,SPIDERMAN: BRAND NEW DAY,ספיידרמן: יום חדש,https://tickets.cinema-city.co.il/order/841642?lang=en,https://tickets.cinema-city.co.il/order/841642?lang=he,Regular,2D,,,2026-08-12,,,,150,All,Glilot,Cinema City,595
23:00,SPIDERMAN: BRAND NEW DAY,ספיידרמן: יום חדש,https://tickets.cinema-city.co.il/order/841622?lang=en,https://tickets.cinema-city.co.il/order/841622?lang=he,Regular,2D,,,2026-08-12,,,,150,All,Glilot,Cinema City,595
21:00,SPIDERMAN: BRAND NEW DAY,ספיידרמן: יום חדש,https://tickets.cinema-city.co.il/order/818046?lang=en,https://tickets.cinema-city.co.il/order/818046?lang=he,Regular,2D,,French,2026-08-09,,,,150,All,Glilot,Cinema City,595
21:00,SPIDERMAN: BRAND NEW DAY,ספיידרמן: יום חדש,https://tickets.cinema-city.co.il/order/839002?lang=en,https://tickets.cinema-city.co.il/order/839002?lang=he,Regular,2D,,French,2026-08-11,,,,150,All,Glilot,Cinema City,595
21:00,SPIDERMAN: BRAND NEW DAY,ספיידרמן: יום חדש,https://tickets.cinema-city.co.il/order/839567?lang=en,https://tickets.cinema-city.co.il/order/839567?lang=he,Regular,2D,,French,2026-08-13,,,,150,All,Glilot,Cinema City,595
21:00,SPIDERMAN: BRAND NEW DAY,ספיידרמן: יום חדש,https://tickets.cinema-city.co.il/order/839003?lang=en,https://tickets.cinema-city.co.il/order/839003?lang=he,Regular,2D,,French,2026-08-17,,,,150,All,Glilot,Cinema City,595
11:30,Sentimental Value,ערך סנטימנטלי,https://tickets.cinema-city.co.il/order/840724?lang=en,https://tickets.cinema-city.co.il/order/840724?lang=he,Regular,2D,,,2026-08-09,,,,132,All,Glilot,Cinema City,595
13:30,Sentimental Value,ערך סנטימנטלי,https://tickets.cinema-city.co.il/order/840774?lang=en,https://tickets.cinema-city.co.il/order/840774?lang=he,Regular,2D,,,2026-08-09,,,,132,All,Glilot,Cinema City,595
19:00,Sentimental Value,ערך סנטימנטלי,https://tickets.cinema-city.co.il/order/840677?lang=en,https://tickets.cinema-city.co.il/order/840677?lang=he,Regular,2D,,,2026-08-09,,,,132,All,Glilot,Cinema City,595
12:40,Sentimental Value,ערך סנטימנטלי,https://tickets.cinema-city.co.il/order/841335?lang=en,https://tickets.cinema-city.co.il/order/841335?lang=he,Regular,2D,,,2026-08-10,,,,132,All,Glilot,Cinema City,595
19:00,Sentimental Value,ערך סנטימנטלי,https://tickets.cinema-city.co.il/order/841298?lang=en,https://tickets.cinema-city.co.il/order/841298?lang=he,Regular,2D,,,2026-08-10,,,,132,All,Glilot,Cinema City,595
10:40,Sentimental Value,ערך סנטימנטלי,https://tickets.cinema-city.co.il/order/841947?lang=en,https://tickets.cinema-city.co.il/order/841947?lang=he,Regular,2D,,,2026-08-11,,,,132,All,Glilot,Cinema City,595
11:00,Sentimental Value,ערך סנטימנטלי,https://tickets.cinema-city.co.il/order/841961?lang=en,https://tickets.cinema-city.co.il/order/841961?lang=he,Regular,2D,,,2026-08-11,,,,132,All,Glilot,Cinema City,595
18:30,Sentimental Value,ערך סנטימנטלי,https://tickets.cinema-city.co.il/order/841919?lang=en,https://tickets.cinema-city.co.il/order/841919?lang=he,Regular,2D,,,2026-08-11,,,,132,All,Glilot,Cinema City,595
13:30,Sentimental Value,ערך סנטימנטלי,https://tickets.cinema-city.co.il/order/841575?lang=en,https://tickets.cinema-city.co.il/order/841575?lang=he,Regular,2D,,,2026-08-12,,,,132,All,Glilot,Cinema City,595
19:00,Sentimental Value,ערך סנטימנטלי,https://tickets.cinema-city.co.il/order/841609?lang=en,https://tickets.cinema-city.co.il/order/841609?lang=he,Regular,2D,,,2026-08-12,,,,132,All,Glilot,Cinema City,595
11:50,How To Make a Killing,עשיר רצח,https://tickets.cinema-city.co.il/order/840754?lang=en,https://tickets.cinema-city.co.il/order/840754?lang=he,Regular,2D,,,2026-08-09,,,,105,All,Glilot,Cinema City,595
12:20,How To Make a Killing,עשיר רצח,https://tickets.cinema-city.co.il/order/841360?lang=en,https://tickets.cinema-city.co.il/order/841360?lang=he,Regular,2D,,,2026-08-10,,,,105,All,Glilot,Cinema City,595
14:00,How To Make a Killing,עשיר רצח,https://tickets.cinema-city.co.il/order/841960?lang=en,https://tickets.cinema-city.co.il/order/841960?lang=he,Regular,2D,,,2026-08-11,,,,105,All,Glilot,Cinema City,595
11:20,STICH HEAD,פרנקי והמפלצות,https://tickets.cinema-city.co.il/order/840781?lang=en,https://tickets.cinema-city.co.il/order/840781?lang=he,Regular,2D,,Hebrew,2026-08-09,,,,92,All,Glilot,Cinema City,595
13:45,STICH HEAD,פרנקי והמפלצות,https://tickets.cinema-city.co.il/order/840782?lang=en,https://tickets.cinema-city.co.il/order/840782?lang=he,Regular,2D,,Hebrew,2026-08-09,,,,92,All,Glilot,Cinema City,595
14:30,STICH HEAD,פרנקי והמפלצות,https://tickets.cinema-city.co.il/order/840657?lang=en,https://tickets.cinema-city.co.il/order/840657?lang=he,Regular,2D,,Hebrew,2026-08-09,,,,92,All,Glilot,Cinema City,595
16:45,STICH HEAD,פרנקי והמפלצות,https://tickets.cinema-city.co.il/order/840644?lang=en,https://tickets.cinema-city.co.il/order/840644?lang=he,Regular,2D,,Hebrew,2026-08-09,,,,92,All,Glilot,Cinema City,595
10:50,STICH HEAD,פרנקי והמפלצות,https://tickets.cinema-city.co.il/order/841362?lang=en,https://tickets.cinema-city.co.il/order/841362?lang=he,Regular,2D,,Hebrew,2026-08-10,,,,92,All,Glilot,Cinema City,595
12:20,STICH HEAD,פרנקי והמפלצות,https://tickets.cinema-city.co.il/order/841363?lang=en,https://tickets.cinema-city.co.il/order/841363?lang=he,Regular,2D,,Hebrew,2026-08-10,,,,92,All,Glilot,Cinema City,595
14:30,STICH HEAD,פרנקי והמפלצות,https://tickets.cinema-city.co.il/order/841283?lang=en,https://tickets.cinema-city.co.il/order/841283?lang=he,Regular,2D,,Hebrew,2026-08-10,,,,92,All,Glilot,Cinema City,595
16:45,STICH HEAD,פרנקי והמפלצות,https://tickets.cinema-city.co.il/order/841274?lang=en,https://tickets.cinema-city.co.il/order/841274?lang=he,Regular,2D,,Hebrew,2026-08-10,,,,92,All,Glilot,Cinema City,595
10:00,STICH HEAD,פרנקי והמפלצות,https://tickets.cinema-city.co.il/order/841982?lang=en,https://tickets.cinema-city.co.il/order/841982?lang=he,Regular,2D,,Hebrew,2026-08-11,,,,92,All,Glilot,Cinema City,595
12:15,STICH HEAD,פרנקי והמפלצות,https://tickets.cinema-city.co.il/order/841980?lang=en,https://tickets.cinema-city.co.il/order/841980?lang=he,Regular,2D,,Hebrew,2026-08-11,,,,92,All,Glilot,Cinema City,595
14:30,STICH HEAD,פרנקי והמפלצות,https://tickets.cinema-city.co.il/order/841899?lang=en,https://tickets.cinema-city.co.il/order/841899?lang=he,Regular,2D,,Hebrew,2026-08-11,,,,92,All,Glilot,Cinema City,595
16:45,STICH HEAD,פרנקי והמפלצות,https://tickets.cinema-city.co.il/order/841886?lang=en,https://tickets.cinema-city.co.il/order/841886?lang=he,Regular,2D,,Hebrew,2026-08-11,,,,92,All,Glilot,Cinema City,595
10:30,STICH HEAD,פרנקי והמפלצות,https://tickets.cinema-city.co.il/order/841652?lang=en,https://tickets.cinema-city.co.il/order/841652?lang=he,Regular,2D,,Hebrew,2026-08-12,,,,92,All,Glilot,Cinema City,595
12:45,STICH HEAD,פרנקי והמפלצות,https://tickets.cinema-city.co.il/order/841653?lang=en,https://tickets.cinema-city.co.il/order/841653?lang=he,Regular,2D,,Hebrew,2026-08-12,,,,92,All,Glilot,Cinema City,595
14:30,STICH HEAD,פרנקי והמפלצות,https://tickets.cinema-city.co.il/order/841584?lang=en,https://tickets.cinema-city.co.il/order/841584?lang=he,Regular,2D,,Hebrew,2026-08-12,,,,92,All,Glilot,Cinema City,595
16:45,STICH HEAD,פרנקי והמפלצות,https://tickets.cinema-city.co.il/order/841592?lang=en,https://tickets.cinema-city.co.il/order/841592?lang=he,Regular,2D,,Hebrew,2026-08-12,,,,92,All,Glilot,Cinema City,595
10:30,Toy Story 5,צעצוע של סיפור 5,https://tickets.cinema-city.co.il/order/840743?lang=en,https://tickets.cinema-city.co.il/order/840743?lang=he,Regular,2D,,Hebrew,2026-08-09,,,,102,All,Glilot,Cinema City,595
11:30,Toy Story 5,צעצוע של סיפור 5,https://tickets.cinema-city.co.il/order/840702?lang=en,https://tickets.cinema-city.co.il/order/840702?lang=he,Regular,2D,,Hebrew,2026-08-09,,,,102,All,Glilot,Cinema City,595
16:00,Toy Story 5,צעצוע של סיפור 5,https://tickets.cinema-city.co.il/order/840701?lang=en,https://tickets.cinema-city.co.il/order/840701?lang=he,Regular,2D,,Hebrew,2026-08-09,,,,102,All,Glilot,Cinema City,595
15:00,Toy Story 5,צעצוע של סיפור 5,https://tickets.cinema-city.co.il/order/841315?lang=en,https://tickets.cinema-city.co.il/order/841315?lang=he,Regular,2D,,Hebrew,2026-08-10,,,,102,All,Glilot,Cinema City,595
11:15,Toy Story 5,צעצוע של סיפור 5,https://tickets.cinema-city.co.il/order/841939?lang=en,https://tickets.cinema-city.co.il/order/841939?lang=he,Regular,2D,,Hebrew,2026-08-11,,,,102,All,Glilot,Cinema City,595
16:00,Toy Story 5,צעצוע של סיפור 5,https://tickets.cinema-city.co.il/order/841938?lang=en,https://tickets.cinema-city.co.il/order/841938?lang=he,Regular,2D,,Hebrew,2026-08-11,,,,102,All,Glilot,Cinema City,595
10:00,Toy Story 5,צעצוע של סיפור 5,https://tickets.cinema-city.co.il/order/841657?lang=en,https://tickets.cinema-city.co.il/order/841657?lang=he,Regular,2D,,Hebrew,2026-08-12,,,,102,All,Glilot,Cinema City,595
11:50,Toy Story 5,צעצוע של סיפור 5,https://tickets.cinema-city.co.il/order/841593?lang=en,https://tickets.cinema-city.co.il/order/841593?lang=he,Regular,2D,,Hebrew,2026-08-12,,,,102,All,Glilot,Cinema City,595
13:20,Toy Story 5,צעצוע של סיפור 5,https://tickets.cinema-city.co.il/order/841594?lang=en,https://tickets.cinema-city.co.il/order/841594?lang=he,Regular,2D,,Hebrew,2026-08-12,,,,102,All,Glilot,Cinema City,595
14:10,Toy Story 5,צעצוע של סיפור 5,https://tickets.cinema-city.co.il/order/841635?lang=en,https://tickets.cinema-city.co.il/order/841635?lang=he,Regular,2D,,Hebrew,2026-08-12,,,,102,All,Glilot,Cinema City,595
16:30,Toy Story 5,צעצוע של סיפור 5,https://tickets.cinema-city.co.il/order/841634?lang=en,https://tickets.cinema-city.co.il/order/841634?lang=he,Regular,2D,,Hebrew,2026-08-12,,,,102,All,Glilot,Cinema City,595
13:00,קופה ראשית: הסרט,קופה ראשית: הסרט,https://tickets.cinema-city.co.il/order/840690?lang=en,https://tickets.cinema-city.co.il/order/840690?lang=he,Regular,2D,,,2026-08-09,,,,91,All,Glilot,Cinema City,595
15:15,קופה ראשית: הסרט,קופה ראשית: הסרט,https://tickets.cinema-city.co.il/order/840691?lang=en,https://tickets.cinema-city.co.il/order/840691?lang=he,Regular,2D,,,2026-08-09,,,,91,All,Glilot,Cinema City,595
17:30,קופה ראשית: הסרט,קופה ראשית: הסרט,https://tickets.cinema-city.co.il/order/840692?lang=en,https://tickets.cinema-city.co.il/order/840692?lang=he,Regular,2D,,,2026-08-09,,,,91,All,Glilot,Cinema City,595
18:40,קופה ראשית: הסרט,קופה ראשית: הסרט,https://tickets.cinema-city.co.il/order/840686?lang=en,https://tickets.cinema-city.co.il/order/840686?lang=he,Regular,2D,,,2026-08-09,,,,91,All,Glilot,Cinema City,595
19:45,קופה ראשית: הסרט,קופה ראשית: הסרט,https://tickets.cinema-city.co.il/order/840693?lang=en,https://tickets.cinema-city.co.il/order/840693?lang=he,Regular,2D,,,2026-08-09,,,,91,All,Glilot,Cinema City,595
21:00,קופה ראשית: הסרט,קופה ראשית: הסרט,https://tickets.cinema-city.co.il/order/840694?lang=en,https://tickets.cinema-city.co.il/order/840694?lang=he,Regular,2D,,,2026-08-09,,,,91,All,Glilot,Cinema City,595
22:00,קופה ראשית: הסרט,קופה ראשית: הסרט,https://tickets.cinema-city.co.il/order/840780?lang=en,https://tickets.cinema-city.co.il/order/840780?lang=he,Regular,2D,,,2026-08-09,,,,91,All,Glilot,Cinema City,595
23:10,קופה ראשית: הסרט,קופה ראשית: הסרט,https://tickets.cinema-city.co.il/order/840678?lang=en,https://tickets.cinema-city.co.il/order/840678?lang=he,Regular,2D,,,2026-08-09,,,,91,All,Glilot,Cinema City,595
13:00,קופה ראשית: הסרט,קופה ראשית: הסרט,https://tickets.cinema-city.co.il/order/841307?lang=en,https://tickets.cinema-city.co.il/order/841307?lang=he,Regular,2D,,,2026-08-10,,,,91,All,Glilot,Cinema City,595
15:15,קופה ראשית: הסרט,קופה ראשית: הסרט,https://tickets.cinema-city.co.il/order/841308?lang=en,https://tickets.cinema-city.co.il/order/841308?lang=he,Regular,2D,,,2026-08-10,,,,91,All,Glilot,Cinema City,595
17:30,קופה ראשית: הסרט,קופה ראשית: הסרט,https://tickets.cinema-city.co.il/order/841309?lang=en,https://tickets.cinema-city.co.il/order/841309?lang=he,Regular,2D,,,2026-08-10,,,,91,All,Glilot,Cinema City,595
18:40,קופה ראשית: הסרט,קופה ראשית: הסרט,https://tickets.cinema-city.co.il/order/841304?lang=en,https://tickets.cinema-city.co.il/order/841304?lang=he,Regular,2D,,,2026-08-10,,,,91,All,Glilot,Cinema City,595
19:45,קופה ראשית: הסרט,קופה ראשית: הסרט,https://tickets.cinema-city.co.il/order/841310?lang=en,https://tickets.cinema-city.co.il/order/841310?lang=he,Regular,2D,,,2026-08-10,,,,91,All,Glilot,Cinema City,595
21:00,קופה ראשית: הסרט,קופה ראשית: הסרט,https://tickets.cinema-city.co.il/order/841311?lang=en,https://tickets.cinema-city.co.il/order/841311?lang=he,Regular,2D,,,2026-08-10,,,,91,All,Glilot,Cinema City,595
23:10,קופה ראשית: הסרט,קופה ראשית: הסרט,https://tickets.cinema-city.co.il/order/841299?lang=en,https://tickets.cinema-city.co.il/order/841299?lang=he,Regular,2D,,,2026-08-10,,,,91,All,Glilot,Cinema City,595
13:00,קופה ראשית: הסרט,קופה ראשית: הסרט,https://tickets.cinema-city.co.il/order/841929?lang=en,https://tickets.cinema-city.co.il/order/841929?lang=he,Regular,2D,,,2026-08-11,,,,91,All,Glilot,Cinema City,595
15:15,קופה ראשית: הסרט,קופה ראשית: הסרט,https://tickets.cinema-city.co.il/order/841930?lang=en,https://tickets.cinema-city.co.il/order/841930?lang=he,Regular,2D,,,2026-08-11,,,,91,All,Glilot,Cinema City,595
17:30,קופה ראשית: הסרט,קופה ראשית: הסרט,https://tickets.cinema-city.co.il/order/841931?lang=en,https://tickets.cinema-city.co.il/order/841931?lang=he,Regular,2D,,,2026-08-11,,,,91,All,Glilot,Cinema City,595
18:40,קופה ראשית: הסרט,קופה ראשית: הסרט,https://tickets.cinema-city.co.il/order/841925?lang=en,https://tickets.cinema-city.co.il/order/841925?lang=he,Regular,2D,,,2026-08-11,,,,91,All,Glilot,Cinema City,595
19:45,קופה ראשית: הסרט,קופה ראשית: הסרט,https://tickets.cinema-city.co.il/order/841932?lang=en,https://tickets.cinema-city.co.il/order/841932?lang=he,Regular,2D,,,2026-08-11,,,,91,All,Glilot,Cinema City,595
21:00,קופה ראשית: הסרט,קופה ראשית: הסרט,https://tickets.cinema-city.co.il/order/841933?lang=en,https://tickets.cinema-city.co.il/order/841933?lang=he,Regular,2D,,,2026-08-11,,,,91,All,Glilot,Cinema City,595
22:00,קופה ראשית: הסרט,קופה ראשית: הסרט,https://tickets.cinema-city.co.il/order/841971?lang=en,https://tickets.cinema-city.co.il/order/841971?lang=he,Regular,2D,,,2026-08-11,,,,91,All,Glilot,Cinema City,595
13:00,קופה ראשית: הסרט,קופה ראשית: הסרט,https://tickets.cinema-city.co.il/order/841602?lang=en,https://tickets.cinema-city.co.il/order/841602?lang=he,Regular,2D,,,2026-08-12,,,,91,All,Glilot,Cinema City,595
15:15,קופה ראשית: הסרט,קופה ראשית: הסרט,https://tickets.cinema-city.co.il/order/841601?lang=en,https://tickets.cinema-city.co.il/order/841601?lang=he,Regular,2D,,,2026-08-12,,,,91,All,Glilot,Cinema City,595
17:30,קופה ראשית: הסרט,קופה ראשית: הסרט,https://tickets.cinema-city.co.il/order/841600?lang=en,https://tickets.cinema-city.co.il/order/841600?lang=he,Regular,2D,,,2026-08-12,,,,91,All,Glilot,Cinema City,595
18:40,קופה ראשית: הסרט,קופה ראשית: הסרט,https://tickets.cinema-city.co.il/order/841603?lang=en,https://tickets.cinema-city.co.il/order/841603?lang=he,Regular,2D,,,2026-08-12,,,,91,All,Glilot,Cinema City,595
19:45,קופה ראשית: הסרט,קופה ראשית: הסרט,https://tickets.cinema-city.co.il/order/841599?lang=en,https://tickets.cinema-city.co.il/order/841599?lang=he,Regular,2D,,,2026-08-12,,,,91,All,Glilot,Cinema City,595
21:00,קופה ראשית: הסרט,קופה ראשית: הסרט,https://tickets.cinema-city.co.il/order/841598?lang=en,https://tickets.cinema-city.co.il/order/841598?lang=he,Regular,2D,,,2026-08-12,,,,91,All,Glilot,Cinema City,595
23:10,קופה ראשית: הסרט,קופה ראשית: הסרט,https://tickets.cinema-city.co.il/order/841608?lang=en,https://tickets.cinema-city.co.il/order/841608?lang=he,Regular,2D,,,2026-08-12,,,,91,All,Glilot,Cinema City,595
10:40,Hoppers,קופצים בראש,https://tickets.cinema-city.co.il/order/841658?lang=en,https://tickets.cinema-city.co.il/order/841658?lang=he,Regular,2D,,Hebrew,2026-08-12,,,,105,All,Glilot,Cinema City,595
21:45,גבעה 338,גבעה 338,https://tickets.cinema-city.co.il/order/841661?lang=en,https://tickets.cinema-city.co.il/order/841661?lang=he,VIP,2D,,,2026-08-12,,,,106,9+,Glilot,Cinema City,595
18:00,THE ODYSSEY,האודיסאה,https://tickets.cinema-city.co.il/order/841659?lang=en,https://tickets.cinema-city.co.il/order/841659?lang=he,VIP,2D,,,2026-08-12,,,,172,14+,Glilot,Cinema City,595
21:30,SPIDERMAN: BRAND NEW DAY,ספיידרמן: יום חדש,https://tickets.cinema-city.co.il/order/843611?lang=en,https://tickets.cinema-city.co.il/order/843611?lang=he,VIP,2D,,,2026-08-11,,,,150,All,Glilot,Cinema City,595
19:30,SPIDERMAN: BRAND NEW DAY,ספיידרמן: יום חדש,https://tickets.cinema-city.co.il/order/841660?lang=en,https://tickets.cinema-city.co.il/order/841660?lang=he,VIP,2D,,,2026-08-12,,,,150,All,Glilot,Cinema City,595
13:00,THE ODYSSEY,האודיסאה,https://tickets.cinema-city.co.il/order/840660?lang=en,https://tickets.cinema-city.co.il/order/840660?lang=he,Regular,2D ONYX,,,2026-08-09,,,,172,14+,Glilot,Cinema City,595
16:45,THE ODYSSEY,האודיסאה,https://tickets.cinema-city.co.il/order/840661?lang=en,https://tickets.cinema-city.co.il/order/840661?lang=he,Regular,2D ONYX,,,2026-08-09,,,,172,14+,Glilot,Cinema City,595
23:15,THE ODYSSEY,האודיסאה,https://tickets.cinema-city.co.il/order/840662?lang=en,https://tickets.cinema-city.co.il/order/840662?lang=he,Regular,2D ONYX,,,2026-08-09,,,,172,14+,Glilot,Cinema City,595
12:30,THE ODYSSEY,האודיסאה,https://tickets.cinema-city.co.il/order/841965?lang=en,https://tickets.cinema-city.co.il/order/841965?lang=he,Regular,2D ONYX,,,2026-08-11,,,,172,14+,Glilot,Cinema City,595
16:10,THE ODYSSEY,האודיסאה,https://tickets.cinema-city.co.il/order/841903?lang=en,https://tickets.cinema-city.co.il/order/841903?lang=he,Regular,2D ONYX,,,2026-08-11,,,,172,14+,Glilot,Cinema City,595
19:50,THE ODYSSEY,האודיסאה,https://tickets.cinema-city.co.il/order/841904?lang=en,https://tickets.cinema-city.co.il/order/841904?lang=he,Regular,2D ONYX,,,2026-08-11,,,,172,14+,Glilot,Cinema City,595
23:30,THE ODYSSEY,האודיסאה,https://tickets.cinema-city.co.il/order/841905?lang=en,https://tickets.cinema-city.co.il/order/841905?lang=he,Regular,2D ONYX,,,2026-08-11,,,,172,14+,Glilot,Cinema City,595
12:20,THE ODYSSEY,האודיסאה,https://tickets.cinema-city.co.il/order/841646?lang=en,https://tickets.cinema-city.co.il/order/841646?lang=he,Regular,2D ONYX,,,2026-08-12,,,,172,14+,Glilot,Cinema City,595
16:00,THE ODYSSEY,האודיסאה,https://tickets.cinema-city.co.il/order/841617?lang=en,https://tickets.cinema-city.co.il/order/841617?lang=he,Regular,2D ONYX,,,2026-08-12,,,,172,14+,Glilot,Cinema City,595
19:45,THE ODYSSEY,האודיסאה,https://tickets.cinema-city.co.il/order/841618?lang=en,https://tickets.cinema-city.co.il/order/841618?lang=he,Regular,2D ONYX,,,2026-08-12,,,,172,14+,Glilot,Cinema City,595
23:30,THE ODYSSEY,האודיסאה,https://tickets.cinema-city.co.il/order/841619?lang=en,https://tickets.cinema-city.co.il/order/841619?lang=he,Regular,2D ONYX,,,2026-08-12,,,,172,14+,Glilot,Cinema City,595
15:05,Minions & Monsters,מיניונים ומפלצות,https://tickets.cinema-city.co.il/order/841351?lang=en,https://tickets.cinema-city.co.il/order/841351?lang=he,Regular,2D ONYX,,Hebrew,2026-08-10,,,,90,All,Glilot,Cinema City,595
10:30,Toy Story 5,צעצוע של סיפור 5,https://tickets.cinema-city.co.il/order/840743?lang=en,https://tickets.cinema-city.co.il/order/840743?lang=he,Regular,2D ONYX,,Hebrew,2026-08-09,,,,102,All,Glilot,Cinema City,595
10:00,Toy Story 5,צעצוע של סיפור 5,https://tickets.cinema-city.co.il/order/841657?lang=en,https://tickets.cinema-city.co.il/order/841657?lang=he,Regular,2D ONYX,,Hebrew,2026-08-12,,,,102,All,Glilot,Cinema City,595
13:50,THE ODYSSEY,האודיסאה,https://tickets.cinema-city.co.il/order/840714?lang=en,https://tickets.cinema-city.co.il/order/840714?lang=he,Lounge,2D,,,2026-08-09,,,,172,14+,Glilot,Cinema City,595
17:30,THE ODYSSEY,האודיסאה,https://tickets.cinema-city.co.il/order/840709?lang=en,https://tickets.cinema-city.co.il/order/840709?lang=he,Lounge,2D,,,2026-08-09,,,,172,14+,Glilot,Cinema City,595
21:00,THE ODYSSEY,האודיסאה,https://tickets.cinema-city.co.il/order/840712?lang=en,https://tickets.cinema-city.co.il/order/840712?lang=he,Lounge,2D,,,2026-08-09,,,,172,14+,Glilot,Cinema City,595
13:15,THE ODYSSEY,האודיסאה,https://tickets.cinema-city.co.il/order/841321?lang=en,https://tickets.cinema-city.co.il/order/841321?lang=he,Lounge,2D,,,2026-08-10,,,,172,14+,Glilot,Cinema City,595
16:45,THE ODYSSEY,האודיסאה,https://tickets.cinema-city.co.il/order/841320?lang=en,https://tickets.cinema-city.co.il/order/841320?lang=he,Lounge,2D,,,2026-08-10,,,,172,14+,Glilot,Cinema City,595
13:10,THE ODYSSEY,האודיסאה,https://tickets.cinema-city.co.il/order/841944?lang=en,https://tickets.cinema-city.co.il/order/841944?lang=he,Lounge,2D,,,2026-08-11,,,,172,14+,Glilot,Cinema City,595
16:40,THE ODYSSEY,האודיסאה,https://tickets.cinema-city.co.il/order/841943?lang=en,https://tickets.cinema-city.co.il/order/841943?lang=he,Lounge,2D,,,2026-08-11,,,,172,14+,Glilot,Cinema City,595
13:40,THE ODYSSEY,האודיסאה,https://tickets.cinema-city.co.il/order/841563?lang=en,https://tickets.cinema-city.co.il/order/841563?lang=he,Lounge,2D,,,2026-08-12,,,,172,14+,Glilot,Cinema City,595
17:20,THE ODYSSEY,האודיסאה,https://tickets.cinema-city.co.il/order/841564?lang=en,https://tickets.cinema-city.co.il/order/841564?lang=he,Lounge,2D,,,2026-08-12,,,,172,14+,Glilot,Cinema City,595
20:30,L’odyssée,האודיסאה,https://tickets.cinema-city.co.il/order/834965?lang=en,https://tickets.cinema-city.co.il/order/834965?lang=he,Lounge,2D,,French,2026-08-12,,,,172,14+,Glilot,Cinema City,595
20:30,L’odyssée,האודיסאה,https://tickets.cinema-city.co.il/order/839558?lang=en,https://tickets.cinema-city.co.il/order/839558?lang=he,Lounge,2D,,French,2026-08-16,,,,172,14+,Glilot,Cinema City,595
11:00,חינה אמריקאית,חינה אמריקאית,https://tickets.cinema-city.co.il/order/841945?lang=en,https://tickets.cinema-city.co.il/order/841945?lang=he,Lounge,2D,,,2026-08-11,,,,89,All,Glilot,Cinema City,595
11:20,חינה אמריקאית,חינה אמריקאית,https://tickets.cinema-city.co.il/order/841562?lang=en,https://tickets.cinema-city.co.il/order/841562?lang=he,Lounge,2D,,,2026-08-12,,,,89,All,Glilot,Cinema City,595
14:30,SPIDERMAN: BRAND NEW DAY,ספיידרמן: יום חדש,https://tickets.cinema-city.co.il/order/840721?lang=en,https://tickets.cinema-city.co.il/order/840721?lang=he,Lounge,2D,,,2026-08-09,,,,150,All,Glilot,Cinema City,595
17:45,SPIDERMAN: BRAND NEW DAY,ספיידרמן: יום חדש,https://tickets.cinema-city.co.il/order/840716?lang=en,https://tickets.cinema-city.co.il/order/840716?lang=he,Lounge,2D,,,2026-08-09,,,,150,All,Glilot,Cinema City,595
21:00,SPIDERMAN: BRAND NEW DAY,ספיידרמן: יום חדש,https://tickets.cinema-city.co.il/order/840719?lang=en,https://tickets.cinema-city.co.il/order/840719?lang=he,Lounge,2D,,,2026-08-09,,,,150,All,Glilot,Cinema City,595
10:30,SPIDERMAN: BRAND NEW DAY,ספיידרמן: יום חדש,https://tickets.cinema-city.co.il/order/841338?lang=en,https://tickets.cinema-city.co.il/order/841338?lang=he,Lounge,2D,,,2026-08-10,,,,150,All,Glilot,Cinema City,595
13:50,SPIDERMAN: BRAND NEW DAY,ספיידרמן: יום חדש,https://tickets.cinema-city.co.il/order/841337?lang=en,https://tickets.cinema-city.co.il/order/841337?lang=he,Lounge,2D,,,2026-08-10,,,,150,All,Glilot,Cinema City,595
17:00,SPIDERMAN: BRAND NEW DAY,ספיידרמן: יום חדש,https://tickets.cinema-city.co.il/order/841322?lang=en,https://tickets.cinema-city.co.il/order/841322?lang=he,Lounge,2D,,,2026-08-10,,,,150,All,Glilot,Cinema City,595
13:40,SPIDERMAN: BRAND NEW DAY,ספיידרמן: יום חדש,https://tickets.cinema-city.co.il/order/841970?lang=en,https://tickets.cinema-city.co.il/order/841970?lang=he,Lounge,2D,,,2026-08-11,,,,150,All,Glilot,Cinema City,595
16:50,SPIDERMAN: BRAND NEW DAY,ספיידרמן: יום חדש,https://tickets.cinema-city.co.il/order/841946?lang=en,https://tickets.cinema-city.co.il/order/841946?lang=he,Lounge,2D,,,2026-08-11,,,,150,All,Glilot,Cinema City,595
10:30,SPIDERMAN: BRAND NEW DAY,ספיידרמן: יום חדש,https://tickets.cinema-city.co.il/order/841573?lang=en,https://tickets.cinema-city.co.il/order/841573?lang=he,Lounge,2D,,,2026-08-12,,,,150,All,Glilot,Cinema City,595
13:55,SPIDERMAN: BRAND NEW DAY,ספיידרמן: יום חדש,https://tickets.cinema-city.co.il/order/841574?lang=en,https://tickets.cinema-city.co.il/order/841574?lang=he,Lounge,2D,,,2026-08-12,,,,150,All,Glilot,Cinema City,595
17:10,SPIDERMAN: BRAND NEW DAY,ספיידרמן: יום חדש,https://tickets.cinema-city.co.il/order/841561?lang=en,https://tickets.cinema-city.co.il/order/841561?lang=he,Lounge,2D,,,2026-08-12,,,,150,All,Glilot,Cinema City,595
21:00,SPIDERMAN: BRAND NEW DAY,ספיידרמן: יום חדש,https://tickets.cinema-city.co.il/order/841651?lang=en,https://tickets.cinema-city.co.il/order/841651?lang=he,Lounge,2D,,,2026-08-12,,,,150,All,Glilot,Cinema City,595
21:00,SPIDERMAN: BRAND NEW DAY,ספיידרמן: יום חדש,https://tickets.cinema-city.co.il/order/839003?lang=en,https://tickets.cinema-city.co.il/order/839003?lang=he,Lounge,2D,,French,2026-08-17,,,,150,All,Glilot,Cinema City,595
11:30,Sentimental Value,ערך סנטימנטלי,https://tickets.cinema-city.co.il/order/840724?lang=en,https://tickets.cinema-city.co.il/order/840724?lang=he,Lounge,2D,,,2026-08-09,,,,132,All,Glilot,Cinema City,595
10:40,Sentimental Value,ערך סנטימנטלי,https://tickets.cinema-city.co.il/order/841947?lang=en,https://tickets.cinema-city.co.il/order/841947?lang=he,Lounge,2D,,,2026-08-11,,,,132,All,Glilot,Cinema City,595
11:20,STICH HEAD,פרנקי והמפלצות,https://tickets.cinema-city.co.il/order/840781?lang=en,https://tickets.cinema-city.co.il/order/840781?lang=he,Lounge,2D,,Hebrew,2026-08-09,,,,92,All,Glilot,Cinema City,595
10:50,STICH HEAD,פרנקי והמפלצות,https://tickets.cinema-city.co.il/order/841362?lang=en,https://tickets.cinema-city.co.il/order/841362?lang=he,Lounge,2D,,Hebrew,2026-08-10,,,,92,All,Glilot,Cinema City,595
23:30,Obsession,אובססיה,https://tickets.cinema-city.co.il/order/843603?lang=en,https://tickets.cinema-city.co.il/order/843603?lang=he,Regular,2D,,,2026-08-09,,,,108,14+,Rishon Letzion,Cinema City,595
22:50,Obsession,אובססיה,https://tickets.cinema-city.co.il/order/842880?lang=en,https://tickets.cinema-city.co.il/order/842880?lang=he,Regular,2D,,,2026-08-10,,,,108,14+,Rishon Letzion,Cinema City,595
22:55,Obsession,אובססיה,https://tickets.cinema-city.co.il/order/842942?lang=en,https://tickets.cinema-city.co.il/order/842942?lang=he,Regular,2D,,,2026-08-10,,,,108,14+,Rishon Letzion,Cinema City,595
00:00,Obsession,אובססיה,https://tickets.cinema-city.co.il/order/843487?lang=en,https://tickets.cinema-city.co.il/order/843487?lang=he,Regular,2D,,,2026-08-10,,,,108,14+,Rishon Letzion,Cinema City,595
20:30,Obsession,אובססיה,https://tickets.cinema-city.co.il/order/843010?lang=en,https://tickets.cinema-city.co.il/order/843010?lang=he,Regular,2D,,,2026-08-11,,,,108,14+,Rishon Letzion,Cinema City,595
23:30,Obsession,אובססיה,https://tickets.cinema-city.co.il/order/843105?lang=en,https://tickets.cinema-city.co.il/order/843105?lang=he,Regular,2D,,,2026-08-12,,,,108,14+,Rishon Letzion,Cinema City,595
00:15,Obsession,אובססיה,https://tickets.cinema-city.co.il/order/843090?lang=en,https://tickets.cinema-city.co.il/order/843090?lang=he,Regular,2D,,,2026-08-12,,,,108,14+,Rishon Letzion,Cinema City,595
23:30,Obsession,אובססיה,https://tickets.cinema-city.co.il/order/843105?lang=en,https://tickets.cinema-city.co.il/order/843105?lang=he,Regular,2D,,,2026-08-13,,,,108,14+,Rishon Letzion,Cinema City,595
00:15,Obsession,אובססיה,https://tickets.cinema-city.co.il/order/843090?lang=en,https://tickets.cinema-city.co.il/order/843090?lang=he,Regular,2D,,,2026-08-13,,,,108,14+,Rishon Letzion,Cinema City,595
20:00,Ice Cream Man,איש הגלידה,https://tickets.cinema-city.co.il/order/842821?lang=en,https://tickets.cinema-city.co.il/order/842821?lang=he,Regular,2D,,,2026-08-09,,,,86,18+,Rishon Letzion,Cinema City,595
22:15,Ice Cream Man,איש הגלידה,https://tickets.cinema-city.co.il/order/842771?lang=en,https://tickets.cinema-city.co.il/order/842771?lang=he,Regular,2D,,,2026-08-09,,,,86,18+,Rishon Letzion,Cinema City,595
00:00,Ice Cream Man,איש הגלידה,https://tickets.cinema-city.co.il/order/843608?lang=en,https://tickets.cinema-city.co.il/order/843608?lang=he,Regular,2D,,,2026-08-09,,,,86,18+,Rishon Letzion,Cinema City,595
20:00,Ice Cream Man,איש הגלידה,https://tickets.cinema-city.co.il/order/842885?lang=en,https://tickets.cinema-city.co.il/order/842885?lang=he,Regular,2D,,,2026-08-10,,,,86,18+,Rishon Letzion,Cinema City,595
22:15,Ice Cream Man,איש הגלידה,https://tickets.cinema-city.co.il/order/842895?lang=en,https://tickets.cinema-city.co.il/order/842895?lang=he,Regular,2D,,,2026-08-10,,,,86,18+,Rishon Letzion,Cinema City,595
00:10,Ice Cream Man,איש הגלידה,https://tickets.cinema-city.co.il/order/842897?lang=en,https://tickets.cinema-city.co.il/order/842897?lang=he,Regular,2D,,,2026-08-10,,,,86,18+,Rishon Letzion,Cinema City,595
22:15,Ice Cream Man,איש הגלידה,https://tickets.cinema-city.co.il/order/843051?lang=en,https://tickets.cinema-city.co.il/order/843051?lang=he,Regular,2D,,,2026-08-11,,,,86,18+,Rishon Letzion,Cinema City,595
23:30,Ice Cream Man,איש הגלידה,https://tickets.cinema-city.co.il/order/843032?lang=en,https://tickets.cinema-city.co.il/order/843032?lang=he,Regular,2D,,,2026-08-11,,,,86,18+,Rishon Letzion,Cinema City,595
00:00,Ice Cream Man,איש הגלידה,https://tickets.cinema-city.co.il/order/843604?lang=en,https://tickets.cinema-city.co.il/order/843604?lang=he,Regular,2D,,,2026-08-11,,,,86,18+,Rishon Letzion,Cinema City,595
20:00,Ice Cream Man,איש הגלידה,https://tickets.cinema-city.co.il/order/843153?lang=en,https://tickets.cinema-city.co.il/order/843153?lang=he,Regular,2D,,,2026-08-12,,,,86,18+,Rishon Letzion,Cinema City,595
22:15,Ice Cream Man,איש הגלידה,https://tickets.cinema-city.co.il/order/843146?lang=en,https://tickets.cinema-city.co.il/order/843146?lang=he,Regular,2D,,,2026-08-12,,,,86,18+,Rishon Letzion,Cinema City,595
00:20,Ice Cream Man,איש הגלידה,https://tickets.cinema-city.co.il/order/843144?lang=en,https://tickets.cinema-city.co.il/order/843144?lang=he,Regular,2D,,,2026-08-12,,,,86,18+,Rishon Letzion,Cinema City,595
20:00,Ice Cream Man,איש הגלידה,https://tickets.cinema-city.co.il/order/843153?lang=en,https://tickets.cinema-city.co.il/order/843153?lang=he,Regular,2D,,,2026-08-13,,,,86,18+,Rishon Letzion,Cinema City,595
22:15,Ice Cream Man,איש הגלידה,https://tickets.cinema-city.co.il/order/843146?lang=en,https://tickets.cinema-city.co.il/order/843146?lang=he,Regular,2D,,,2026-08-13,,,,86,18+,Rishon Letzion,Cinema City,595
00:20,Ice Cream Man,איש הגלידה,https://tickets.cinema-city.co.il/order/843144?lang=en,https://tickets.cinema-city.co.il/order/843144?lang=he,Regular,2D,,,2026-08-13,,,,86,18+,Rishon Letzion,Cinema City,595
20:00,Just an Illusion,אשליות מתוקות,https://tickets.cinema-city.co.il/order/842941?lang=en,https://tickets.cinema-city.co.il/order/842941?lang=he,Regular,2D,,,2026-08-10,,,,119,All,Rishon Letzion,Cinema City,595
20:50,Just an Illusion,אשליות מתוקות,https://tickets.cinema-city.co.il/order/843106?lang=en,https://tickets.cinema-city.co.il/order/843106?lang=he,Regular,2D,,,2026-08-12,,,,119,All,Rishon Letzion,Cinema City,595
19:55,I Want Your Sex,בוסית בהפרעה,https://tickets.cinema-city.co.il/order/842784?lang=en,https://tickets.cinema-city.co.il/order/842784?lang=he,Regular,2D,,,2026-08-09,,,,90,16+,Rishon Letzion,Cinema City,595
22:05,I Want Your Sex,בוסית בהפרעה,https://tickets.cinema-city.co.il/order/842785?lang=en,https://tickets.cinema-city.co.il/order/842785?lang=he,Regular,2D,,,2026-08-09,,,,90,16+,Rishon Letzion,Cinema City,595
19:50,I Want Your Sex,בוסית בהפרעה,https://tickets.cinema-city.co.il/order/842920?lang=en,https://tickets.cinema-city.co.il/order/842920?lang=he,Regular,2D,,,2026-08-10,,,,90,16+,Rishon Letzion,Cinema City,595
22:50,I Want Your Sex,בוסית בהפרעה,https://tickets.cinema-city.co.il/order/842919?lang=en,https://tickets.cinema-city.co.il/order/842919?lang=he,Regular,2D,,,2026-08-10,,,,90,16+,Rishon Letzion,Cinema City,595
20:10,I Want Your Sex,בוסית בהפרעה,https://tickets.cinema-city.co.il/order/843031?lang=en,https://tickets.cinema-city.co.il/order/843031?lang=he,Regular,2D,,,2026-08-11,,,,90,16+,Rishon Letzion,Cinema City,595
23:25,I Want Your Sex,בוסית בהפרעה,https://tickets.cinema-city.co.il/order/843080?lang=en,https://tickets.cinema-city.co.il/order/843080?lang=he,Regular,2D,,,2026-08-11,,,,90,16+,Rishon Letzion,Cinema City,595
23:25,I Want Your Sex,בוסית בהפרעה,https://tickets.cinema-city.co.il/order/843435?lang=en,https://tickets.cinema-city.co.il/order/843435?lang=he,Regular,2D,,,2026-08-11,,,,90,16+,Rishon Letzion,Cinema City,595
19:50,I Want Your Sex,בוסית בהפרעה,https://tickets.cinema-city.co.il/order/843082?lang=en,https://tickets.cinema-city.co.il/order/843082?lang=he,Regular,2D,,,2026-08-12,,,,90,16+,Rishon Letzion,Cinema City,595
22:50,I Want Your Sex,בוסית בהפרעה,https://tickets.cinema-city.co.il/order/843083?lang=en,https://tickets.cinema-city.co.il/order/843083?lang=he,Regular,2D,,,2026-08-12,,,,90,16+,Rishon Letzion,Cinema City,595
10:45,גבעה 338,גבעה 338,https://tickets.cinema-city.co.il/order/842759?lang=en,https://tickets.cinema-city.co.il/order/842759?lang=he,Regular,2D,,,2026-08-09,,,,106,9+,Rishon Letzion,Cinema City,595
11:30,גבעה 338,גבעה 338,https://tickets.cinema-city.co.il/order/842838?lang=en,https://tickets.cinema-city.co.il/order/842838?lang=he,Regular,2D,,,2026-08-09,,,,106,9+,Rishon Letzion,Cinema City,595
13:30,גבעה 338,גבעה 338,https://tickets.cinema-city.co.il/order/842758?lang=en,https://tickets.cinema-city.co.il/order/842758?lang=he,Regular,2D,,,2026-08-09,,,,106,9+,Rishon Letzion,Cinema City,595
15:00,גבעה 338,גבעה 338,https://tickets.cinema-city.co.il/order/842834?lang=en,https://tickets.cinema-city.co.il/order/842834?lang=he,Regular,2D,,,2026-08-09,,,,106,9+,Rishon Letzion,Cinema City,595
16:15,גבעה 338,גבעה 338,https://tickets.cinema-city.co.il/order/842756?lang=en,https://tickets.cinema-city.co.il/order/842756?lang=he,Regular,2D,,,2026-08-09,,,,106,9+,Rishon Letzion,Cinema City,595
17:40,גבעה 338,גבעה 338,https://tickets.cinema-city.co.il/order/842833?lang=en,https://tickets.cinema-city.co.il/order/842833?lang=he,Regular,2D,,,2026-08-09,,,,106,9+,Rishon Letzion,Cinema City,595
18:00,גבעה 338,גבעה 338,https://tickets.cinema-city.co.il/order/842825?lang=en,https://tickets.cinema-city.co.il/order/842825?lang=he,Regular,2D,,,2026-08-09,,,,106,9+,Rishon Letzion,Cinema City,595
19:00,גבעה 338,גבעה 338,https://tickets.cinema-city.co.il/order/842749?lang=en,https://tickets.cinema-city.co.il/order/842749?lang=he,Regular,2D,,,2026-08-09,,,,106,9+,Rishon Letzion,Cinema City,595
20:00,גבעה 338,גבעה 338,https://tickets.cinema-city.co.il/order/842827?lang=en,https://tickets.cinema-city.co.il/order/842827?lang=he,Regular,2D,,,2026-08-09,,,,106,9+,Rishon Letzion,Cinema City,595
20:20,גבעה 338,גבעה 338,https://tickets.cinema-city.co.il/order/842778?lang=en,https://tickets.cinema-city.co.il/order/842778?lang=he,Regular,2D,,,2026-08-09,,,,106,9+,Rishon Letzion,Cinema City,595
21:45,גבעה 338,גבעה 338,https://tickets.cinema-city.co.il/order/842752?lang=en,https://tickets.cinema-city.co.il/order/842752?lang=he,Regular,2D,,,2026-08-09,,,,106,9+,Rishon Letzion,Cinema City,595
22:45,גבעה 338,גבעה 338,https://tickets.cinema-city.co.il/order/842828?lang=en,https://tickets.cinema-city.co.il/order/842828?lang=he,Regular,2D,,,2026-08-09,,,,106,9+,Rishon Letzion,Cinema City,595
23:00,גבעה 338,גבעה 338,https://tickets.cinema-city.co.il/order/842779?lang=en,https://tickets.cinema-city.co.il/order/842779?lang=he,Regular,2D,,,2026-08-09,,,,106,9+,Rishon Letzion,Cinema City,595
14:30,גבעה 338,גבעה 338,https://tickets.cinema-city.co.il/order/842904?lang=en,https://tickets.cinema-city.co.il/order/842904?lang=he,Regular,2D,,,2026-08-10,,,,106,9+,Rishon Letzion,Cinema City,595
15:15,גבעה 338,גבעה 338,https://tickets.cinema-city.co.il/order/842875?lang=en,https://tickets.cinema-city.co.il/order/842875?lang=he,Regular,2D,,,2026-08-10,,,,106,9+,Rishon Letzion,Cinema City,595
16:45,גבעה 338,גבעה 338,https://tickets.cinema-city.co.il/order/842926?lang=en,https://tickets.cinema-city.co.il/order/842926?lang=he,Regular,2D,,,2026-08-10,,,,106,9+,Rishon Letzion,Cinema City,595
17:15,גבעה 338,גבעה 338,https://tickets.cinema-city.co.il/order/842881?lang=en,https://tickets.cinema-city.co.il/order/842881?lang=he,Regular,2D,,,2026-08-10,,,,106,9+,Rishon Letzion,Cinema City,595
17:30,גבעה 338,גבעה 338,https://tickets.cinema-city.co.il/order/842917?lang=en,https://tickets.cinema-city.co.il/order/842917?lang=he,Regular,2D,,,2026-08-10,,,,106,9+,Rishon Letzion,Cinema City,595
18:10,גבעה 338,גבעה 338,https://tickets.cinema-city.co.il/order/842876?lang=en,https://tickets.cinema-city.co.il/order/842876?lang=he,Regular,2D,,,2026-08-10,,,,106,9+,Rishon Letzion,Cinema City,595
19:30,גבעה 338,גבעה 338,https://tickets.cinema-city.co.il/order/842927?lang=en,https://tickets.cinema-city.co.il/order/842927?lang=he,Regular,2D,,,2026-08-10,,,,106,9+,Rishon Letzion,Cinema City,595
20:10,גבעה 338,גבעה 338,https://tickets.cinema-city.co.il/order/842879?lang=en,https://tickets.cinema-city.co.il/order/842879?lang=he,Regular,2D,,,2026-08-10,,,,106,9+,Rishon Letzion,Cinema City,595
21:30,גבעה 338,גבעה 338,https://tickets.cinema-city.co.il/order/842905?lang=en,https://tickets.cinema-city.co.il/order/842905?lang=he,Regular,2D,,,2026-08-10,,,,106,9+,Rishon Letzion,Cinema City,595
22:15,גבעה 338,גבעה 338,https://tickets.cinema-city.co.il/order/842928?lang=en,https://tickets.cinema-city.co.il/order/842928?lang=he,Regular,2D,,,2026-08-10,,,,106,9+,Rishon Letzion,Cinema City,595
22:50,גבעה 338,גבעה 338,https://tickets.cinema-city.co.il/order/842871?lang=en,https://tickets.cinema-city.co.il/order/842871?lang=he,Regular,2D,,,2026-08-10,,,,106,9+,Rishon Letzion,Cinema City,595
14:30,גבעה 338,גבעה 338,https://tickets.cinema-city.co.il/order/842904?lang=en,https://tickets.cinema-city.co.il/order/842904?lang=he,Regular,2D,,,2026-08-11,,,,106,9+,Rishon Letzion,Cinema City,595
15:15,גבעה 338,גבעה 338,https://tickets.cinema-city.co.il/order/842875?lang=en,https://tickets.cinema-city.co.il/order/842875?lang=he,Regular,2D,,,2026-08-11,,,,106,9+,Rishon Letzion,Cinema City,595
16:45,גבעה 338,גבעה 338,https://tickets.cinema-city.co.il/order/842926?lang=en,https://tickets.cinema-city.co.il/order/842926?lang=he,Regular,2D,,,2026-08-11,,,,106,9+,Rishon Letzion,Cinema City,595
17:15,גבעה 338,גבעה 338,https://tickets.cinema-city.co.il/order/842881?lang=en,https://tickets.cinema-city.co.il/order/842881?lang=he,Regular,2D,,,2026-08-11,,,,106,9+,Rishon Letzion,Cinema City,595
