showtime,english_title,hebrew_title,english_href,hebrew_href,screening_type,screening_tech,original_language,dub_language,date_of_showing,release_year,release_date,directed_by,runtime,rating,screening_city,cinema,run_id
23:00,Matchmaking 3,בחורים טובים 3,https://tickets5.planetcinema.co.il/order/329143?lang=en,https://tickets5.planetcinema.co.il/order/329143?lang=he,Regular,2D,Hebrew,,2026-09-26,2026,,ארז תדמור,105,All,Ayalon,Yes Planet,629
23:30,Forgotten Island,האי הנעלם,https://tickets5.planetcinema.co.il/order/333797?lang=en,https://tickets5.planetcinema.co.il/order/333797?lang=he,Regular,2D,English,,2026-09-26,2026,,,98,9+,Ayalon,Yes Planet,629
00:00,At Work,בעבודה,https://tickets5.planetcinema.co.il/order/329015?lang=en,https://tickets5.planetcinema.co.il/order/329015?lang=he,Regular,2D,French,,2026-09-26,2025,,Valérie Donzelli,92,All,Ayalon,Yes Planet,629
22:45,Avengers: Endgame re-release,הנוקמים: סוף המשחק - הדרן,https://tickets5.planetcinema.co.il/order/333683?lang=en,https://tickets5.planetcinema.co.il/order/333683?lang=he,Regular,2D,English,,2026-09-26,2019,,,181,All,Ayalon,Yes Planet,629
23:30,Avengers: Endgame re-release,הנוקמים: סוף המשחק - הדרן,https://tickets5.planetcinema.co.il/order/333677?lang=en,https://tickets5.planetcinema.co.il/order/333677?lang=he,Regular,2D,English,,2026-09-26,2019,,,181,All,Ayalon,Yes Planet,629
22:15,crawlers,קרולרס,https://tickets5.planetcinema.co.il/order/329606?lang=en,https://tickets5.planetcinema.co.il/order/329606?lang=he,Regular,2D,English,,2026-09-26,2026,,,86,14+,Ayalon,Yes Planet,629
00:15,crawlers,קרולרס,https://tickets5.planetcinema.co.il/order/329607?lang=en,https://tickets5.planetcinema.co.il/order/329607?lang=he,Regular,2D,English,,2026-09-26,2026,,,86,14+,Ayalon,Yes Planet,629
23:45,FALL 2,תלויה באוויר 2,https://tickets5.planetcinema.co.il/order/329127?lang=en,https://tickets5.planetcinema.co.il/order/329127?lang=he,Regular,2D,English,,2026-09-26,2026,,"Michael Spierig, Peter Spierig",100,9+,Ayalon,Yes Planet,629
23:45,Heart of the Beast,בלב הפרא,https://tickets5.planetcinema.co.il/order/329528?lang=en,https://tickets5.planetcinema.co.il/order/329528?lang=he,Regular,2D,English,,2026-09-26,2026,,David Ayer,101,All,Ayalon,Yes Planet,629
00:10,Insidious: Out of the further,הרוע שבפנים: מחוץ למעבר,https://tickets5.planetcinema.co.il/order/329732?lang=en,https://tickets5.planetcinema.co.il/order/329732?lang=he,Regular,2D,English,,2026-09-26,2026,,Jacob Chase,106,14+,Ayalon,Yes Planet,629
22:10,KUPA RASHIT,קופה ראשית,https://tickets5.planetcinema.co.il/order/329726?lang=en,https://tickets5.planetcinema.co.il/order/329726?lang=he,Regular,2D,Hebrew,,2026-09-26,2026,,,91,All,Ayalon,Yes Planet,629
21:50,Mutiny,נקמה בלב ים,https://tickets5.planetcinema.co.il/order/329920?lang=en,https://tickets5.planetcinema.co.il/order/329920?lang=he,Regular,2D,English,,2026-09-26,2026,,Jean-François Richet,95,14+,Ayalon,Yes Planet,629
23:20,Resident Evil,האויב שבפנים,https://tickets5.planetcinema.co.il/order/329653?lang=en,https://tickets5.planetcinema.co.il/order/329653?lang=he,Regular,2D,English,,2026-09-26,2026,,Zach Cregger,90,16+,Ayalon,Yes Planet,629
23:30,Spider-Man: Brand New Day,ספיידרמן: יום חדש,https://tickets5.planetcinema.co.il/order/329569?lang=en,https://tickets5.planetcinema.co.il/order/329569?lang=he,Regular,2D,English,,2026-09-26,2026,,Destin Daniel Cretton,140,All,Ayalon,Yes Planet,629
00:00,Sunny Dancer,חולים על החיים,https://tickets5.planetcinema.co.il/order/329930?lang=en,https://tickets5.planetcinema.co.il/order/329930?lang=he,Regular,2D,English,,2026-09-26,2026,,ג'ורג' ג'ייקס,106,12+,Ayalon,Yes Planet,629
00:00,tell me everything,עצמאות,https://tickets5.planetcinema.co.il/order/329217?lang=en,https://tickets5.planetcinema.co.il/order/329217?lang=he,Regular,2D,Hebrew,,2026-09-26,2026,,משה רוזנטל,109,12+,Ayalon,Yes Planet,629
22:45,THE LUCKIEST MAN IN AMERICA,איש החידות,https://tickets5.planetcinema.co.il/order/329058?lang=en,https://tickets5.planetcinema.co.il/order/329058?lang=he,Regular,2D,English,,2026-09-26,2024,,Samir Oliveros,91,All,Ayalon,Yes Planet,629
23:30,The Odyssey,האודיסאה,https://tickets5.planetcinema.co.il/order/329895?lang=en,https://tickets5.planetcinema.co.il/order/329895?lang=he,Regular,2D,English,,2026-09-26,2026,,Christopher Nolan,172,14+,Ayalon,Yes Planet,629
10:30,Matchmaking 3,בחורים טובים 3,https://tickets5.planetcinema.co.il/order/329146?lang=en,https://tickets5.planetcinema.co.il/order/329146?lang=he,Regular,2D,Hebrew,,2026-09-27,2026,,ארז תדמור,105,All,Ayalon,Yes Planet,629
13:00,Matchmaking 3,בחורים טובים 3,https://tickets5.planetcinema.co.il/order/329153?lang=en,https://tickets5.planetcinema.co.il/order/329153?lang=he,Regular,2D,Hebrew,,2026-09-27,2026,,ארז תדמור,105,All,Ayalon,Yes Planet,629
15:30,Matchmaking 3,בחורים טובים 3,https://tickets5.planetcinema.co.il/order/329154?lang=en,https://tickets5.planetcinema.co.il/order/329154?lang=he,Regular,2D,Hebrew,,2026-09-27,2026,,ארז תדמור,105,All,Ayalon,Yes Planet,629
17:50,Matchmaking 3,בחורים טובים 3,https://tickets5.planetcinema.co.il/order/329159?lang=en,https://tickets5.planetcinema.co.il/order/329159?lang=he,Regular,2D,Hebrew,,2026-09-27,2026,,ארז תדמור,105,All,Ayalon,Yes Planet,629
20:15,Matchmaking 3,בחורים טובים 3,https://tickets5.planetcinema.co.il/order/329160?lang=en,https://tickets5.planetcinema.co.il/order/329160?lang=he,Regular,2D,Hebrew,,2026-09-27,2026,,ארז תדמור,105,All,Ayalon,Yes Planet,629
22:30,Matchmaking 3,בחורים טובים 3,https://tickets5.planetcinema.co.il/order/329161?lang=en,https://tickets5.planetcinema.co.il/order/329161?lang=he,Regular,2D,Hebrew,,2026-09-27,2026,,ארז תדמור,105,All,Ayalon,Yes Planet,629
10:15,Forgotten Island,האי הנעלם,https://tickets5.planetcinema.co.il/order/329533?lang=en,https://tickets5.planetcinema.co.il/order/329533?lang=he,Regular,2D,English,Hebrew,2026-09-27,2026,,,98,9+,Ayalon,Yes Planet,629
12:30,Forgotten Island,האי הנעלם,https://tickets5.planetcinema.co.il/order/329534?lang=en,https://tickets5.planetcinema.co.il/order/329534?lang=he,Regular,2D,English,Hebrew,2026-09-27,2026,,,98,9+,Ayalon,Yes Planet,629
14:45,Forgotten Island,האי הנעלם,https://tickets5.planetcinema.co.il/order/329535?lang=en,https://tickets5.planetcinema.co.il/order/329535?lang=he,Regular,2D,English,Hebrew,2026-09-27,2026,,,98,9+,Ayalon,Yes Planet,629
17:00,Forgotten Island,האי הנעלם,https://tickets5.planetcinema.co.il/order/329536?lang=en,https://tickets5.planetcinema.co.il/order/329536?lang=he,Regular,2D,English,Hebrew,2026-09-27,2026,,,98,9+,Ayalon,Yes Planet,629
19:00,Forgotten Island,האי הנעלם,https://tickets5.planetcinema.co.il/order/333798?lang=en,https://tickets5.planetcinema.co.il/order/333798?lang=he,Regular,2D,English,,2026-09-27,2026,,,98,9+,Ayalon,Yes Planet,629
21:15,Forgotten Island,האי הנעלם,https://tickets5.planetcinema.co.il/order/333799?lang=en,https://tickets5.planetcinema.co.il/order/333799?lang=he,Regular,2D,English,,2026-09-27,2026,,,98,9+,Ayalon,Yes Planet,629
19:30,At Work,בעבודה,https://tickets5.planetcinema.co.il/order/329017?lang=en,https://tickets5.planetcinema.co.il/order/329017?lang=he,Regular,2D,French,,2026-09-27,2025,,Valérie Donzelli,92,All,Ayalon,Yes Planet,629
12:45,Avengers: Endgame re-release,הנוקמים: סוף המשחק - הדרן,https://tickets5.planetcinema.co.il/order/329106?lang=en,https://tickets5.planetcinema.co.il/order/329106?lang=he,Regular,2D,English,,2026-09-27,2019,,,181,All,Ayalon,Yes Planet,629
16:30,Avengers: Endgame re-release,הנוקמים: סוף המשחק - הדרן,https://tickets5.planetcinema.co.il/order/329110?lang=en,https://tickets5.planetcinema.co.il/order/329110?lang=he,Regular,2D,English,,2026-09-27,2019,,,181,All,Ayalon,Yes Planet,629
20:00,Avengers: Endgame re-release,הנוקמים: סוף המשחק - הדרן,https://tickets5.planetcinema.co.il/order/329117?lang=en,https://tickets5.planetcinema.co.il/order/329117?lang=he,Regular,2D,English,,2026-09-27,2019,,,181,All,Ayalon,Yes Planet,629
19:20,Before We Leave Tuscany,להתאהב בטוסקנה,https://tickets5.planetcinema.co.il/order/329683?lang=en,https://tickets5.planetcinema.co.il/order/329683?lang=he,Regular,2D,English,,2026-09-27,,,,91,All,Ayalon,Yes Planet,629
10:45,CHARLIE THE WONDERDOG,וונדר-דוג,https://tickets5.planetcinema.co.il/order/329023?lang=en,https://tickets5.planetcinema.co.il/order/329023?lang=he,Regular,2D,Hebrew,Hebrew,2026-09-27,2025,,,92,All,Ayalon,Yes Planet,629
13:00,CHARLIE THE WONDERDOG,וונדר-דוג,https://tickets5.planetcinema.co.il/order/329030?lang=en,https://tickets5.planetcinema.co.il/order/329030?lang=he,Regular,2D,Hebrew,Hebrew,2026-09-27,2025,,,92,All,Ayalon,Yes Planet,629
15:15,CHARLIE THE WONDERDOG,וונדר-דוג,https://tickets5.planetcinema.co.il/order/329037?lang=en,https://tickets5.planetcinema.co.il/order/329037?lang=he,Regular,2D,Hebrew,Hebrew,2026-09-27,2025,,,92,All,Ayalon,Yes Planet,629
17:30,CHARLIE THE WONDERDOG,וונדר-דוג,https://tickets5.planetcinema.co.il/order/329044?lang=en,https://tickets5.planetcinema.co.il/order/329044?lang=he,Regular,2D,Hebrew,Hebrew,2026-09-27,2025,,,92,All,Ayalon,Yes Planet,629
16:15,crawlers,קרולרס,https://tickets5.planetcinema.co.il/order/329608?lang=en,https://tickets5.planetcinema.co.il/order/329608?lang=he,Regular,2D,English,,2026-09-27,2026,,,86,14+,Ayalon,Yes Planet,629
18:15,crawlers,קרולרס,https://tickets5.planetcinema.co.il/order/329609?lang=en,https://tickets5.planetcinema.co.il/order/329609?lang=he,Regular,2D,English,,2026-09-27,2026,,,86,14+,Ayalon,Yes Planet,629
20:15,crawlers,קרולרס,https://tickets5.planetcinema.co.il/order/329610?lang=en,https://tickets5.planetcinema.co.il/order/329610?lang=he,Regular,2D,English,,2026-09-27,2026,,,86,14+,Ayalon,Yes Planet,629
22:15,crawlers,קרולרס,https://tickets5.planetcinema.co.il/order/329612?lang=en,https://tickets5.planetcinema.co.il/order/329612?lang=he,Regular,2D,English,,2026-09-27,2026,,,86,14+,Ayalon,Yes Planet,629
22:15,crawlers,קרולרס,https://tickets5.planetcinema.co.il/order/329611?lang=en,https://tickets5.planetcinema.co.il/order/329611?lang=he,Regular,2D,English,,2026-09-27,2026,,,86,14+,Ayalon,Yes Planet,629
17:10,Fast and the Furious - 25th Anniversary,מהיר ועצבני - חגיגות 25 שנה,https://tickets5.planetcinema.co.il/order/329915?lang=en,https://tickets5.planetcinema.co.il/order/329915?lang=he,Regular,2D,English,,2026-09-27,2001,,Rob Cohen,106,,Ayalon,Yes Planet,629
21:40,Fast and the Furious - 25th Anniversary,מהיר ועצבני - חגיגות 25 שנה,https://tickets5.planetcinema.co.il/order/329050?lang=en,https://tickets5.planetcinema.co.il/order/329050?lang=he,Regular,2D,English,,2026-09-27,2001,,Rob Cohen,106,,Ayalon,Yes Planet,629
10:00,Heart of the Beast,בלב הפרא,https://tickets5.planetcinema.co.il/order/329173?lang=en,https://tickets5.planetcinema.co.il/order/329173?lang=he,Regular,2D,English,,2026-09-27,2026,,David Ayer,101,All,Ayalon,Yes Planet,629
12:15,Heart of the Beast,בלב הפרא,https://tickets5.planetcinema.co.il/order/329180?lang=en,https://tickets5.planetcinema.co.il/order/329180?lang=he,Regular,2D,English,,2026-09-27,2026,,David Ayer,101,All,Ayalon,Yes Planet,629
14:30,Heart of the Beast,בלב הפרא,https://tickets5.planetcinema.co.il/order/329189?lang=en,https://tickets5.planetcinema.co.il/order/329189?lang=he,Regular,2D,English,,2026-09-27,2026,,David Ayer,101,All,Ayalon,Yes Planet,629
16:45,Heart of the Beast,בלב הפרא,https://tickets5.planetcinema.co.il/order/329196?lang=en,https://tickets5.planetcinema.co.il/order/329196?lang=he,Regular,2D,English,,2026-09-27,2026,,David Ayer,101,All,Ayalon,Yes Planet,629
19:15,Heart of the Beast,בלב הפרא,https://tickets5.planetcinema.co.il/order/329537?lang=en,https://tickets5.planetcinema.co.il/order/329537?lang=he,Regular,2D,English,,2026-09-27,2026,,David Ayer,101,All,Ayalon,Yes Planet,629
21:30,Heart of the Beast,בלב הפרא,https://tickets5.planetcinema.co.il/order/329538?lang=en,https://tickets5.planetcinema.co.il/order/329538?lang=he,Regular,2D,English,,2026-09-27,2026,,David Ayer,101,All,Ayalon,Yes Planet,629
12:20,Hill 338,גבעה 338,https://tickets5.planetcinema.co.il/order/329956?lang=en,https://tickets5.planetcinema.co.il/order/329956?lang=he,Regular,2D,Hebrew,,2026-09-27,2026,,ארז בן הרוש,106,9+,Ayalon,Yes Planet,629
19:45,Hill 338,גבעה 338,https://tickets5.planetcinema.co.il/order/329742?lang=en,https://tickets5.planetcinema.co.il/order/329742?lang=he,Regular,2D,Hebrew,,2026-09-27,2026,,ארז בן הרוש,106,9+,Ayalon,Yes Planet,629
22:30,KUPA RASHIT,קופה ראשית,https://tickets5.planetcinema.co.il/order/329788?lang=en,https://tickets5.planetcinema.co.il/order/329788?lang=he,Regular,2D,Hebrew,,2026-09-27,2026,,,91,All,Ayalon,Yes Planet,629
11:00,Land of Someitmes,אספן המשאלות,https://tickets5.planetcinema.co.il/order/329738?lang=en,https://tickets5.planetcinema.co.il/order/329738?lang=he,Regular,2D,Hebrew,Hebrew,2026-09-27,2026,,,93,All,Ayalon,Yes Planet,629
13:15,Land of Someitmes,אספן המשאלות,https://tickets5.planetcinema.co.il/order/329739?lang=en,https://tickets5.planetcinema.co.il/order/329739?lang=he,Regular,2D,Hebrew,Hebrew,2026-09-27,2026,,,93,All,Ayalon,Yes Planet,629
15:30,Land of Someitmes,אספן המשאלות,https://tickets5.planetcinema.co.il/order/329740?lang=en,https://tickets5.planetcinema.co.il/order/329740?lang=he,Regular,2D,Hebrew,Hebrew,2026-09-27,2026,,,93,All,Ayalon,Yes Planet,629
17:40,Land of Someitmes,אספן המשאלות,https://tickets5.planetcinema.co.il/order/329741?lang=en,https://tickets5.planetcinema.co.il/order/329741?lang=he,Regular,2D,Hebrew,Hebrew,2026-09-27,2026,,,93,All,Ayalon,Yes Planet,629
19:30,Magshimim,תיכון מגשימים,https://tickets5.planetcinema.co.il/order/329927?lang=en,https://tickets5.planetcinema.co.il/order/329927?lang=he,Regular,2D,Hebrew,,2026-09-27,2026,,,100,12+,Ayalon,Yes Planet,629
10:00,Marsupilami,מרסופילאמי,https://tickets5.planetcinema.co.il/order/329078?lang=en,https://tickets5.planetcinema.co.il/order/329078?lang=he,Regular,2D,Hebrew,Hebrew,2026-09-27,2025,,,100,All,Ayalon,Yes Planet,629
11:00,Minions & Monsters,מיניונים ומפלצות,https://tickets5.planetcinema.co.il/order/329688?lang=en,https://tickets5.planetcinema.co.il/order/329688?lang=he,Regular,2D,English,Hebrew,2026-09-27,2026,,,90,All,Ayalon,Yes Planet,629
10:00,Moana Live Action,מואנה לייב אקשן,https://tickets5.planetcinema.co.il/order/329768?lang=en,https://tickets5.planetcinema.co.il/order/329768?lang=he,Regular,2D,English,Hebrew,2026-09-27,2026,,,120,All,Ayalon,Yes Planet,629
21:50,Mutiny,נקמה בלב ים,https://tickets5.planetcinema.co.il/order/329921?lang=en,https://tickets5.planetcinema.co.il/order/329921?lang=he,Regular,2D,English,,2026-09-27,2026,,Jean-François Richet,95,14+,Ayalon,Yes Planet,629
17:05,Orphan,יתום,https://tickets5.planetcinema.co.il/order/329786?lang=en,https://tickets5.planetcinema.co.il/order/329786?lang=he,Regular,2D,Hungarian,,2026-09-27,2025,,לאסלו נמש,132,14+,Ayalon,Yes Planet,629
19:45,Orphan,יתום,https://tickets5.planetcinema.co.il/order/329787?lang=en,https://tickets5.planetcinema.co.il/order/329787?lang=he,Regular,2D,Hungarian,,2026-09-27,2025,,לאסלו נמש,132,14+,Ayalon,Yes Planet,629
22:00,Orphan,יתום,https://tickets5.planetcinema.co.il/order/329746?lang=en,https://tickets5.planetcinema.co.il/order/329746?lang=he,Regular,2D,Hungarian,,2026-09-27,2025,,לאסלו נמש,132,14+,Ayalon,Yes Planet,629
13:00,Paw Patrol: The Dino Movie,מפרץ ההרפתקאות: אי הדינוזאורים,https://tickets5.planetcinema.co.il/order/329703?lang=en,https://tickets5.planetcinema.co.il/order/329703?lang=he,Regular,2D,Hebrew,Hebrew,2026-09-27,2026,,,90,All,Ayalon,Yes Planet,629
15:00,Paw Patrol: The Dino Movie,מפרץ ההרפתקאות: אי הדינוזאורים,https://tickets5.planetcinema.co.il/order/329704?lang=en,https://tickets5.planetcinema.co.il/order/329704?lang=he,Regular,2D,Hebrew,Hebrew,2026-09-27,2026,,,90,All,Ayalon,Yes Planet,629
10:45,Practical Magic 2,קסם מעשי 2,https://tickets5.planetcinema.co.il/order/329613?lang=en,https://tickets5.planetcinema.co.il/order/329613?lang=he,Regular,2D,English,,2026-09-27,2026,,Susanne Bier,130,All,Ayalon,Yes Planet,629
13:30,Practical Magic 2,קסם מעשי 2,https://tickets5.planetcinema.co.il/order/329614?lang=en,https://tickets5.planetcinema.co.il/order/329614?lang=he,Regular,2D,English,,2026-09-27,2026,,Susanne Bier,130,All,Ayalon,Yes Planet,629
16:30,Primavera,פרימוורה,https://tickets5.planetcinema.co.il/order/329847?lang=en,https://tickets5.planetcinema.co.il/order/329847?lang=he,Regular,2D,Italian,,2026-09-27,2025,,דמיאנו מיקילייט,110,12+,Ayalon,Yes Planet,629
18:50,Primavera,פרימוורה,https://tickets5.planetcinema.co.il/order/329849?lang=en,https://tickets5.planetcinema.co.il/order/329849?lang=he,Regular,2D,Italian,,2026-09-27,2025,,דמיאנו מיקילייט,110,12+,Ayalon,Yes Planet,629
21:15,Primavera,פרימוורה,https://tickets5.planetcinema.co.il/order/329850?lang=en,https://tickets5.planetcinema.co.il/order/329850?lang=he,Regular,2D,Italian,,2026-09-27,2025,,דמיאנו מיקילייט,110,12+,Ayalon,Yes Planet,629
21:20,Resident Evil,האויב שבפנים,https://tickets5.planetcinema.co.il/order/329705?lang=en,https://tickets5.planetcinema.co.il/order/329705?lang=he,Regular,2D,English,,2026-09-27,2026,,Zach Cregger,90,16+,Ayalon,Yes Planet,629
18:20,RUNNER,ראנר,https://tickets5.planetcinema.co.il/order/329095?lang=en,https://tickets5.planetcinema.co.il/order/329095?lang=he,Regular,2D,Hebrew,,2026-09-27,2026,,Scott Waugh,93,12+,Ayalon,Yes Planet,629
22:20,RUNNER,ראנר,https://tickets5.planetcinema.co.il/order/329096?lang=en,https://tickets5.planetcinema.co.il/order/329096?lang=he,Regular,2D,Hebrew,,2026-09-27,2026,,Scott Waugh,93,12+,Ayalon,Yes Planet,629
10:30,Sentimental Value,ערך סנטימנטלי,https://tickets5.planetcinema.co.il/order/329884?lang=en,https://tickets5.planetcinema.co.il/order/329884?lang=he,Regular,2D,Norwegian,,2026-09-27,2025,,יואכים טרייר,133,All,Ayalon,Yes Planet,629
11:30,Spider-Man: Brand New Day,ספיידרמן: יום חדש,https://tickets5.planetcinema.co.il/order/329570?lang=en,https://tickets5.planetcinema.co.il/order/329570?lang=he,Regular,2D,English,,2026-09-27,2026,,Destin Daniel Cretton,140,All,Ayalon,Yes Planet,629
14:30,Spider-Man: Brand New Day,ספיידרמן: יום חדש,https://tickets5.planetcinema.co.il/order/329571?lang=en,https://tickets5.planetcinema.co.il/order/329571?lang=he,Regular,2D,English,,2026-09-27,2026,,Destin Daniel Cretton,140,All,Ayalon,Yes Planet,629
17:30,Spider-Man: Brand New Day,ספיידרמן: יום חדש,https://tickets5.planetcinema.co.il/order/329572?lang=en,https://tickets5.planetcinema.co.il/order/329572?lang=he,Regular,2D,English,,2026-09-27,2026,,Destin Daniel Cretton,140,All,Ayalon,Yes Planet,629
20:30,Spider-Man: Brand New Day,ספיידרמן: יום חדש,https://tickets5.planetcinema.co.il/order/329573?lang=en,https://tickets5.planetcinema.co.il/order/329573?lang=he,Regular,2D,English,,2026-09-27,2026,,Destin Daniel Cretton,140,All,Ayalon,Yes Planet,629
10:00,Spinned,מרגלים מהאגדות,https://tickets5.planetcinema.co.il/order/329851?lang=en,https://tickets5.planetcinema.co.il/order/329851?lang=he,Regular,2D,Hebrew,Hebrew,2026-09-27,2025,,,96,All,Ayalon,Yes Planet,629
12:15,Spinned,מרגלים מהאגדות,https://tickets5.planetcinema.co.il/order/329853?lang=en,https://tickets5.planetcinema.co.il/order/329853?lang=he,Regular,2D,Hebrew,Hebrew,2026-09-27,2025,,,96,All,Ayalon,Yes Planet,629
14:20,Spinned,מרגלים מהאגדות,https://tickets5.planetcinema.co.il/order/329855?lang=en,https://tickets5.planetcinema.co.il/order/329855?lang=he,Regular,2D,Hebrew,Hebrew,2026-09-27,2025,,,96,All,Ayalon,Yes Planet,629
16:45,Spinned,מרגלים מהאגדות,https://tickets5.planetcinema.co.il/order/329968?lang=en,https://tickets5.planetcinema.co.il/order/329968?lang=he,Regular,2D,Hebrew,Hebrew,2026-09-27,2025,,,96,All,Ayalon,Yes Planet,629
10:45,Tad and the Magic Lamp,טד החוקר ומנורת הקסמים,https://tickets5.planetcinema.co.il/order/329938?lang=en,https://tickets5.planetcinema.co.il/order/329938?lang=he,Regular,2D,Hebrew,Hebrew,2026-09-27,2026,,,94,All,Ayalon,Yes Planet,629
12:50,Tad and the Magic Lamp,טד החוקר ומנורת הקסמים,https://tickets5.planetcinema.co.il/order/329939?lang=en,https://tickets5.planetcinema.co.il/order/329939?lang=he,Regular,2D,Hebrew,Hebrew,2026-09-27,2026,,,94,All,Ayalon,Yes Planet,629
15:00,Tad and the Magic Lamp,טד החוקר ומנורת הקסמים,https://tickets5.planetcinema.co.il/order/329940?lang=en,https://tickets5.planetcinema.co.il/order/329940?lang=he,Regular,2D,Hebrew,Hebrew,2026-09-27,2026,,,94,All,Ayalon,Yes Planet,629
12:30,tell me everything,עצמאות,https://tickets5.planetcinema.co.il/order/329784?lang=en,https://tickets5.planetcinema.co.il/order/329784?lang=he,Regular,2D,Hebrew,,2026-09-27,2026,,משה רוזנטל,109,12+,Ayalon,Yes Planet,629
14:50,tell me everything,עצמאות,https://tickets5.planetcinema.co.il/order/329785?lang=en,https://tickets5.planetcinema.co.il/order/329785?lang=he,Regular,2D,Hebrew,,2026-09-27,2026,,משה רוזנטל,109,12+,Ayalon,Yes Planet,629
17:00,tell me everything,עצמאות,https://tickets5.planetcinema.co.il/order/329696?lang=en,https://tickets5.planetcinema.co.il/order/329696?lang=he,Regular,2D,Hebrew,,2026-09-27,2026,,משה רוזנטל,109,12+,Ayalon,Yes Planet,629
19:00,tell me everything,עצמאות,https://tickets5.planetcinema.co.il/order/329220?lang=en,https://tickets5.planetcinema.co.il/order/329220?lang=he,Regular,2D,Hebrew,,2026-09-27,2026,,משה רוזנטל,109,12+,Ayalon,Yes Planet,629
21:30,tell me everything,עצמאות,https://tickets5.planetcinema.co.il/order/329229?lang=en,https://tickets5.planetcinema.co.il/order/329229?lang=he,Regular,2D,Hebrew,,2026-09-27,2026,,משה רוזנטל,109,12+,Ayalon,Yes Planet,629
10:20,THE DESERT CHILD,ילד המדבר,https://tickets5.planetcinema.co.il/order/329984?lang=en,https://tickets5.planetcinema.co.il/order/329984?lang=he,Regular,2D,Hebrew,Hebrew,2026-09-27,2026,,Gilles de Maistre,92,All,Ayalon,Yes Planet,629
14:40,THE DESERT CHILD,ילד המדבר,https://tickets5.planetcinema.co.il/order/329985?lang=en,https://tickets5.planetcinema.co.il/order/329985?lang=he,Regular,2D,Hebrew,Hebrew,2026-09-27,2026,,Gilles de Maistre,92,All,Ayalon,Yes Planet,629
16:20,THE LUCKIEST MAN IN AMERICA,איש החידות,https://tickets5.planetcinema.co.il/order/329059?lang=en,https://tickets5.planetcinema.co.il/order/329059?lang=he,Regular,2D,English,,2026-09-27,2024,,Samir Oliveros,91,All,Ayalon,Yes Planet,629
20:20,THE LUCKIEST MAN IN AMERICA,איש החידות,https://tickets5.planetcinema.co.il/order/329065?lang=en,https://tickets5.planetcinema.co.il/order/329065?lang=he,Regular,2D,English,,2026-09-27,2024,,Samir Oliveros,91,All,Ayalon,Yes Planet,629
13:30,The Odyssey,האודיסאה,https://tickets5.planetcinema.co.il/order/329896?lang=en,https://tickets5.planetcinema.co.il/order/329896?lang=he,Regular,2D,English,,2026-09-27,2026,,Christopher Nolan,172,14+,Ayalon,Yes Planet,629
17:00,The Odyssey,האודיסאה,https://tickets5.planetcinema.co.il/order/329897?lang=en,https://tickets5.planetcinema.co.il/order/329897?lang=he,Regular,2D,English,,2026-09-27,2026,,Christopher Nolan,172,14+,Ayalon,Yes Planet,629
20:30,The Odyssey,האודיסאה,https://tickets5.planetcinema.co.il/order/329898?lang=en,https://tickets5.planetcinema.co.il/order/329898?lang=he,Regular,2D,English,,2026-09-27,2026,,Christopher Nolan,172,14+,Ayalon,Yes Planet,629
12:10,THE POUT POUT FISH,דג ושמו באסה,https://tickets5.planetcinema.co.il/order/329070?lang=en,https://tickets5.planetcinema.co.il/order/329070?lang=he,Regular,2D,Hebrew,Hebrew,2026-09-27,2026,,,93,All,Ayalon,Yes Planet,629
10:00,Toy Story 5,צעצוע של סיפור 5,https://tickets5.planetcinema.co.il/order/333686?lang=en,https://tickets5.planetcinema.co.il/order/333686?lang=he,Regular,2D,English,Hebrew,2026-09-27,2026,,,102,All,Ayalon,Yes Planet,629
14:10,Toy Story 5,צעצוע של סיפור 5,https://tickets5.planetcinema.co.il/order/329085?lang=en,https://tickets5.planetcinema.co.il/order/329085?lang=he,Regular,2D,English,Hebrew,2026-09-27,2026,,,102,All,Ayalon,Yes Planet,629
10:30,Matchmaking 3,בחורים טובים 3,https://tickets5.planetcinema.co.il/order/329147?lang=en,https://tickets5.planetcinema.co.il/order/329147?lang=he,Regular,2D,Hebrew,,2026-09-28,2026,,ארז תדמור,105,All,Ayalon,Yes Planet,629
13:00,Matchmaking 3,בחורים טובים 3,https://tickets5.planetcinema.co.il/order/329152?lang=en,https://tickets5.planetcinema.co.il/order/329152?lang=he,Regular,2D,Hebrew,,2026-09-28,2026,,ארז תדמור,105,All,Ayalon,Yes Planet,629
15:30,Matchmaking 3,בחורים טובים 3,https://tickets5.planetcinema.co.il/order/329155?lang=en,https://tickets5.planetcinema.co.il/order/329155?lang=he,Regular,2D,Hebrew,,2026-09-28,2026,,ארז תדמור,105,All,Ayalon,Yes Planet,629
17:50,Matchmaking 3,בחורים טובים 3,https://tickets5.planetcinema.co.il/order/329162?lang=en,https://tickets5.planetcinema.co.il/order/329162?lang=he,Regular,2D,Hebrew,,2026-09-28,2026,,ארז תדמור,105,All,Ayalon,Yes Planet,629
20:15,Matchmaking 3,בחורים טובים 3,https://tickets5.planetcinema.co.il/order/329163?lang=en,https://tickets5.planetcinema.co.il/order/329163?lang=he,Regular,2D,Hebrew,,2026-09-28,2026,,ארז תדמור,105,All,Ayalon,Yes Planet,629
22:30,Matchmaking 3,בחורים טובים 3,https://tickets5.planetcinema.co.il/order/329164?lang=en,https://tickets5.planetcinema.co.il/order/329164?lang=he,Regular,2D,Hebrew,,2026-09-28,2026,,ארז תדמור,105,All,Ayalon,Yes Planet,629
10:15,Forgotten Island,האי הנעלם,https://tickets5.planetcinema.co.il/order/329541?lang=en,https://tickets5.planetcinema.co.il/order/329541?lang=he,Regular,2D,English,Hebrew,2026-09-28,2026,,,98,9+,Ayalon,Yes Planet,629
12:30,Forgotten Island,האי הנעלם,https://tickets5.planetcinema.co.il/order/329542?lang=en,https://tickets5.planetcinema.co.il/order/329542?lang=he,Regular,2D,English,Hebrew,2026-09-28,2026,,,98,9+,Ayalon,Yes Planet,629
14:45,Forgotten Island,האי הנעלם,https://tickets5.planetcinema.co.il/order/329543?lang=en,https://tickets5.planetcinema.co.il/order/329543?lang=he,Regular,2D,English,Hebrew,2026-09-28,2026,,,98,9+,Ayalon,Yes Planet,629
17:00,Forgotten Island,האי הנעלם,https://tickets5.planetcinema.co.il/order/329544?lang=en,https://tickets5.planetcinema.co.il/order/329544?lang=he,Regular,2D,English,Hebrew,2026-09-28,2026,,,98,9+,Ayalon,Yes Planet,629
19:00,Forgotten Island,האי הנעלם,https://tickets5.planetcinema.co.il/order/329988?lang=en,https://tickets5.planetcinema.co.il/order/329988?lang=he,Regular,2D,English,,2026-09-28,2026,,,98,9+,Ayalon,Yes Planet,629
21:15,Forgotten Island,האי הנעלם,https://tickets5.planetcinema.co.il/order/329989?lang=en,https://tickets5.planetcinema.co.il/order/329989?lang=he,Regular,2D,English,,2026-09-28,2026,,,98,9+,Ayalon,Yes Planet,629
12:45,Avengers: Endgame re-release,הנוקמים: סוף המשחק - הדרן,https://tickets5.planetcinema.co.il/order/329107?lang=en,https://tickets5.planetcinema.co.il/order/329107?lang=he,Regular,2D,English,,2026-09-28,2019,,,181,All,Ayalon,Yes Planet,629
16:30,Avengers: Endgame re-release,הנוקמים: סוף המשחק - הדרן,https://tickets5.planetcinema.co.il/order/329111?lang=en,https://tickets5.planetcinema.co.il/order/329111?lang=he,Regular,2D,English,,2026-09-28,2019,,,181,All,Ayalon,Yes Planet,629
20:00,Avengers: Endgame re-release,הנוקמים: סוף המשחק - הדרן,https://tickets5.planetcinema.co.il/order/329116?lang=en,https://tickets5.planetcinema.co.il/order/329116?lang=he,Regular,2D,English,,2026-09-28,2019,,,181,All,Ayalon,Yes Planet,629
19:20,Before We Leave Tuscany,להתאהב בטוסקנה,https://tickets5.planetcinema.co.il/order/329684?lang=en,https://tickets5.planetcinema.co.il/order/329684?lang=he,Regular,2D,English,,2026-09-28,,,,91,All,Ayalon,Yes Planet,629
10:45,CHARLIE THE WONDERDOG,וונדר-דוג,https://tickets5.planetcinema.co.il/order/329024?lang=en,https://tickets5.planetcinema.co.il/order/329024?lang=he,Regular,2D,Hebrew,Hebrew,2026-09-28,2025,,,92,All,Ayalon,Yes Planet,629
13:00,CHARLIE THE WONDERDOG,וונדר-דוג,https://tickets5.planetcinema.co.il/order/329029?lang=en,https://tickets5.planetcinema.co.il/order/329029?lang=he,Regular,2D,Hebrew,Hebrew,2026-09-28,2025,,,92,All,Ayalon,Yes Planet,629
15:15,CHARLIE THE WONDERDOG,וונדר-דוג,https://tickets5.planetcinema.co.il/order/329038?lang=en,https://tickets5.planetcinema.co.il/order/329038?lang=he,Regular,2D,Hebrew,Hebrew,2026-09-28,2025,,,92,All,Ayalon,Yes Planet,629
17:30,CHARLIE THE WONDERDOG,וונדר-דוג,https://tickets5.planetcinema.co.il/order/329043?lang=en,https://tickets5.planetcinema.co.il/order/329043?lang=he,Regular,2D,Hebrew,Hebrew,2026-09-28,2025,,,92,All,Ayalon,Yes Planet,629
16:15,crawlers,קרולרס,https://tickets5.planetcinema.co.il/order/329617?lang=en,https://tickets5.planetcinema.co.il/order/329617?lang=he,Regular,2D,English,,2026-09-28,2026,,,86,14+,Ayalon,Yes Planet,629
18:15,crawlers,קרולרס,https://tickets5.planetcinema.co.il/order/329618?lang=en,https://tickets5.planetcinema.co.il/order/329618?lang=he,Regular,2D,English,,2026-09-28,2026,,,86,14+,Ayalon,Yes Planet,629
20:15,crawlers,קרולרס,https://tickets5.planetcinema.co.il/order/329619?lang=en,https://tickets5.planetcinema.co.il/order/329619?lang=he,Regular,2D,English,,2026-09-28,2026,,,86,14+,Ayalon,Yes Planet,629
17:10,Fast and the Furious - 25th Anniversary,מהיר ועצבני - חגיגות 25 שנה,https://tickets5.planetcinema.co.il/order/329916?lang=en,https://tickets5.planetcinema.co.il/order/329916?lang=he,Regular,2D,English,,2026-09-28,2001,,Rob Cohen,106,,Ayalon,Yes Planet,629
21:40,Fast and the Furious - 25th Anniversary,מהיר ועצבני - חגיגות 25 שנה,https://tickets5.planetcinema.co.il/order/329051?lang=en,https://tickets5.planetcinema.co.il/order/329051?lang=he,Regular,2D,English,,2026-09-28,2001,,Rob Cohen,106,,Ayalon,Yes Planet,629
10:00,Heart of the Beast,בלב הפרא,https://tickets5.planetcinema.co.il/order/329174?lang=en,https://tickets5.planetcinema.co.il/order/329174?lang=he,Regular,2D,English,,2026-09-28,2026,,David Ayer,101,All,Ayalon,Yes Planet,629
12:15,Heart of the Beast,בלב הפרא,https://tickets5.planetcinema.co.il/order/329179?lang=en,https://tickets5.planetcinema.co.il/order/329179?lang=he,Regular,2D,English,,2026-09-28,2026,,David Ayer,101,All,Ayalon,Yes Planet,629
14:30,Heart of the Beast,בלב הפרא,https://tickets5.planetcinema.co.il/order/329190?lang=en,https://tickets5.planetcinema.co.il/order/329190?lang=he,Regular,2D,English,,2026-09-28,2026,,David Ayer,101,All,Ayalon,Yes Planet,629
16:45,Heart of the Beast,בלב הפרא,https://tickets5.planetcinema.co.il/order/329195?lang=en,https://tickets5.planetcinema.co.il/order/329195?lang=he,Regular,2D,English,,2026-09-28,2026,,David Ayer,101,All,Ayalon,Yes Planet,629
19:15,Heart of the Beast,בלב הפרא,https://tickets5.planetcinema.co.il/order/329539?lang=en,https://tickets5.planetcinema.co.il/order/329539?lang=he,Regular,2D,English,,2026-09-28,2026,,David Ayer,101,All,Ayalon,Yes Planet,629
21:30,Heart of the Beast,בלב הפרא,https://tickets5.planetcinema.co.il/order/329540?lang=en,https://tickets5.planetcinema.co.il/order/329540?lang=he,Regular,2D,English,,2026-09-28,2026,,David Ayer,101,All,Ayalon,Yes Planet,629
12:20,Hill 338,גבעה 338,https://tickets5.planetcinema.co.il/order/329957?lang=en,https://tickets5.planetcinema.co.il/order/329957?lang=he,Regular,2D,Hebrew,,2026-09-28,2026,,ארז בן הרוש,106,9+,Ayalon,Yes Planet,629
19:45,Hill 338,גבעה 338,https://tickets5.planetcinema.co.il/order/329743?lang=en,https://tickets5.planetcinema.co.il/order/329743?lang=he,Regular,2D,Hebrew,,2026-09-28,2026,,ארז בן הרוש,106,9+,Ayalon,Yes Planet,629
22:30,KUPA RASHIT,קופה ראשית,https://tickets5.planetcinema.co.il/order/329789?lang=en,https://tickets5.planetcinema.co.il/order/329789?lang=he,Regular,2D,Hebrew,,2026-09-28,2026,,,91,All,Ayalon,Yes Planet,629
11:00,Land of Someitmes,אספן המשאלות,https://tickets5.planetcinema.co.il/order/329750?lang=en,https://tickets5.planetcinema.co.il/order/329750?lang=he,Regular,2D,Hebrew,Hebrew,2026-09-28,2026,,,93,All,Ayalon,Yes Planet,629
13:15,Land of Someitmes,אספן המשאלות,https://tickets5.planetcinema.co.il/order/329751?lang=en,https://tickets5.planetcinema.co.il/order/329751?lang=he,Regular,2D,Hebrew,Hebrew,2026-09-28,2026,,,93,All,Ayalon,Yes Planet,629
15:30,Land of Someitmes,אספן המשאלות,https://tickets5.planetcinema.co.il/order/329752?lang=en,https://tickets5.planetcinema.co.il/order/329752?lang=he,Regular,2D,Hebrew,Hebrew,2026-09-28,2026,,,93,All,Ayalon,Yes Planet,629
17:40,Land of Someitmes,אספן המשאלות,https://tickets5.planetcinema.co.il/order/329753?lang=en,https://tickets5.planetcinema.co.il/order/329753?lang=he,Regular,2D,Hebrew,Hebrew,2026-09-28,2026,,,93,All,Ayalon,Yes Planet,629
19:30,Magshimim,תיכון מגשימים,https://tickets5.planetcinema.co.il/order/329928?lang=en,https://tickets5.planetcinema.co.il/order/329928?lang=he,Regular,2D,Hebrew,,2026-09-28,2026,,,100,12+,Ayalon,Yes Planet,629
10:00,Marsupilami,מרסופילאמי,https://tickets5.planetcinema.co.il/order/329079?lang=en,https://tickets5.planetcinema.co.il/order/329079?lang=he,Regular,2D,Hebrew,Hebrew,2026-09-28,2025,,,100,All,Ayalon,Yes Planet,629
11:00,Minions & Monsters,מיניונים ומפלצות,https://tickets5.planetcinema.co.il/order/329689?lang=en,https://tickets5.planetcinema.co.il/order/329689?lang=he,Regular,2D,English,Hebrew,2026-09-28,2026,,,90,All,Ayalon,Yes Planet,629
10:00,Moana Live Action,מואנה לייב אקשן,https://tickets5.planetcinema.co.il/order/329769?lang=en,https://tickets5.planetcinema.co.il/order/329769?lang=he,Regular,2D,English,Hebrew,2026-09-28,2026,,,120,All,Ayalon,Yes Planet,629
21:50,Mutiny,נקמה בלב ים,https://tickets5.planetcinema.co.il/order/329922?lang=en,https://tickets5.planetcinema.co.il/order/329922?lang=he,Regular,2D,English,,2026-09-28,2026,,Jean-François Richet,95,14+,Ayalon,Yes Planet,629
17:05,Orphan,יתום,https://tickets5.planetcinema.co.il/order/329792?lang=en,https://tickets5.planetcinema.co.il/order/329792?lang=he,Regular,2D,Hungarian,,2026-09-28,2025,,לאסלו נמש,132,14+,Ayalon,Yes Planet,629
19:45,Orphan,יתום,https://tickets5.planetcinema.co.il/order/329793?lang=en,https://tickets5.planetcinema.co.il/order/329793?lang=he,Regular,2D,Hungarian,,2026-09-28,2025,,לאסלו נמש,132,14+,Ayalon,Yes Planet,629
22:00,Orphan,יתום,https://tickets5.planetcinema.co.il/order/329747?lang=en,https://tickets5.planetcinema.co.il/order/329747?lang=he,Regular,2D,Hungarian,,2026-09-28,2025,,לאסלו נמש,132,14+,Ayalon,Yes Planet,629
13:00,Paw Patrol: The Dino Movie,מפרץ ההרפתקאות: אי הדינוזאורים,https://tickets5.planetcinema.co.il/order/329709?lang=en,https://tickets5.planetcinema.co.il/order/329709?lang=he,Regular,2D,Hebrew,Hebrew,2026-09-28,2026,,,90,All,Ayalon,Yes Planet,629
15:00,Paw Patrol: The Dino Movie,מפרץ ההרפתקאות: אי הדינוזאורים,https://tickets5.planetcinema.co.il/order/329710?lang=en,https://tickets5.planetcinema.co.il/order/329710?lang=he,Regular,2D,Hebrew,Hebrew,2026-09-28,2026,,,90,All,Ayalon,Yes Planet,629
10:45,Practical Magic 2,קסם מעשי 2,https://tickets5.planetcinema.co.il/order/329615?lang=en,https://tickets5.planetcinema.co.il/order/329615?lang=he,Regular,2D,English,,2026-09-28,2026,,Susanne Bier,130,All,Ayalon,Yes Planet,629
13:30,Practical Magic 2,קסם מעשי 2,https://tickets5.planetcinema.co.il/order/329616?lang=en,https://tickets5.planetcinema.co.il/order/329616?lang=he,Regular,2D,English,,2026-09-28,2026,,Susanne Bier,130,All,Ayalon,Yes Planet,629
16:30,Primavera,פרימוורה,https://tickets5.planetcinema.co.il/order/329862?lang=en,https://tickets5.planetcinema.co.il/order/329862?lang=he,Regular,2D,Italian,,2026-09-28,2025,,דמיאנו מיקילייט,110,12+,Ayalon,Yes Planet,629
18:50,Primavera,פרימוורה,https://tickets5.planetcinema.co.il/order/329863?lang=en,https://tickets5.planetcinema.co.il/order/329863?lang=he,Regular,2D,Italian,,2026-09-28,2025,,דמיאנו מיקילייט,110,12+,Ayalon,Yes Planet,629
21:15,Primavera,פרימוורה,https://tickets5.planetcinema.co.il/order/329864?lang=en,https://tickets5.planetcinema.co.il/order/329864?lang=he,Regular,2D,Italian,,2026-09-28,2025,,דמיאנו מיקילייט,110,12+,Ayalon,Yes Planet,629
21:20,Resident Evil,האויב שבפנים,https://tickets5.planetcinema.co.il/order/329706?lang=en,https://tickets5.planetcinema.co.il/order/329706?lang=he,Regular,2D,English,,2026-09-28,2026,,Zach Cregger,90,16+,Ayalon,Yes Planet,629
18:20,RUNNER,ראנר,https://tickets5.planetcinema.co.il/order/329099?lang=en,https://tickets5.planetcinema.co.il/order/329099?lang=he,Regular,2D,Hebrew,,2026-09-28,2026,,Scott Waugh,93,12+,Ayalon,Yes Planet,629
22:20,RUNNER,ראנר,https://tickets5.planetcinema.co.il/order/329097?lang=en,https://tickets5.planetcinema.co.il/order/329097?lang=he,Regular,2D,Hebrew,,2026-09-28,2026,,Scott Waugh,93,12+,Ayalon,Yes Planet,629
10:30,Sentimental Value,ערך סנטימנטלי,https://tickets5.planetcinema.co.il/order/329885?lang=en,https://tickets5.planetcinema.co.il/order/329885?lang=he,Regular,2D,Norwegian,,2026-09-28,2025,,יואכים טרייר,133,All,Ayalon,Yes Planet,629
14:30,Spider-Man: Brand New Day,ספיידרמן: יום חדש,https://tickets5.planetcinema.co.il/order/329575?lang=en,https://tickets5.planetcinema.co.il/order/329575?lang=he,Regular,2D,English,,2026-09-28,2026,,Destin Daniel Cretton,140,All,Ayalon,Yes Planet,629
17:30,Spider-Man: Brand New Day,ספיידרמן: יום חדש,https://tickets5.planetcinema.co.il/order/329576?lang=en,https://tickets5.planetcinema.co.il/order/329576?lang=he,Regular,2D,English,,2026-09-28,2026,,Destin Daniel Cretton,140,All,Ayalon,Yes Planet,629
20:30,Spider-Man: Brand New Day,ספיידרמן: יום חדש,https://tickets5.planetcinema.co.il/order/329577?lang=en,https://tickets5.planetcinema.co.il/order/329577?lang=he,Regular,2D,English,,2026-09-28,2026,,Destin Daniel Cretton,140,All,Ayalon,Yes Planet,629
10:00,Spinned,מרגלים מהאגדות,https://tickets5.planetcinema.co.il/order/329858?lang=en,https://tickets5.planetcinema.co.il/order/329858?lang=he,Regular,2D,Hebrew,Hebrew,2026-09-28,2025,,,96,All,Ayalon,Yes Planet,629
12:15,Spinned,מרגלים מהאגדות,https://tickets5.planetcinema.co.il/order/329860?lang=en,https://tickets5.planetcinema.co.il/order/329860?lang=he,Regular,2D,Hebrew,Hebrew,2026-09-28,2025,,,96,All,Ayalon,Yes Planet,629
14:20,Spinned,מרגלים מהאגדות,https://tickets5.planetcinema.co.il/order/329861?lang=en,https://tickets5.planetcinema.co.il/order/329861?lang=he,Regular,2D,Hebrew,Hebrew,2026-09-28,2025,,,96,All,Ayalon,Yes Planet,629
16:45,Spinned,מרגלים מהאגדות,https://tickets5.planetcinema.co.il/order/329969?lang=en,https://tickets5.planetcinema.co.il/order/329969?lang=he,Regular,2D,Hebrew,Hebrew,2026-09-28,2025,,,96,All,Ayalon,Yes Planet,629
10:45,Tad and the Magic Lamp,טד החוקר ומנורת הקסמים,https://tickets5.planetcinema.co.il/order/329941?lang=en,https://tickets5.planetcinema.co.il/order/329941?lang=he,Regular,2D,Hebrew,Hebrew,2026-09-28,2026,,,94,All,Ayalon,Yes Planet,629
12:50,Tad and the Magic Lamp,טד החוקר ומנורת הקסמים,https://tickets5.planetcinema.co.il/order/329942?lang=en,https://tickets5.planetcinema.co.il/order/329942?lang=he,Regular,2D,Hebrew,Hebrew,2026-09-28,2026,,,94,All,Ayalon,Yes Planet,629
15:00,Tad and the Magic Lamp,טד החוקר ומנורת הקסמים,https://tickets5.planetcinema.co.il/order/329943?lang=en,https://tickets5.planetcinema.co.il/order/329943?lang=he,Regular,2D,Hebrew,Hebrew,2026-09-28,2026,,,94,All,Ayalon,Yes Planet,629
12:30,tell me everything,עצמאות,https://tickets5.planetcinema.co.il/order/329794?lang=en,https://tickets5.planetcinema.co.il/order/329794?lang=he,Regular,2D,Hebrew,,2026-09-28,2026,,משה רוזנטל,109,12+,Ayalon,Yes Planet,629
14:50,tell me everything,עצמאות,https://tickets5.planetcinema.co.il/order/329795?lang=en,https://tickets5.planetcinema.co.il/order/329795?lang=he,Regular,2D,Hebrew,,2026-09-28,2026,,משה רוזנטל,109,12+,Ayalon,Yes Planet,629
17:00,tell me everything,עצמאות,https://tickets5.planetcinema.co.il/order/329697?lang=en,https://tickets5.planetcinema.co.il/order/329697?lang=he,Regular,2D,Hebrew,,2026-09-28,2026,,משה רוזנטל,109,12+,Ayalon,Yes Planet,629
19:00,tell me everything,עצמאות,https://tickets5.planetcinema.co.il/order/329221?lang=en,https://tickets5.planetcinema.co.il/order/329221?lang=he,Regular,2D,Hebrew,,2026-09-28,2026,,משה רוזנטל,109,12+,Ayalon,Yes Planet,629
21:30,tell me everything,עצמאות,https://tickets5.planetcinema.co.il/order/329228?lang=en,https://tickets5.planetcinema.co.il/order/329228?lang=he,Regular,2D,Hebrew,,2026-09-28,2026,,משה רוזנטל,109,12+,Ayalon,Yes Planet,629
10:20,THE DESERT CHILD,ילד המדבר,https://tickets5.planetcinema.co.il/order/329986?lang=en,https://tickets5.planetcinema.co.il/order/329986?lang=he,Regular,2D,Hebrew,Hebrew,2026-09-28,2026,,Gilles de Maistre,92,All,Ayalon,Yes Planet,629
14:40,THE DESERT CHILD,ילד המדבר,https://tickets5.planetcinema.co.il/order/329987?lang=en,https://tickets5.planetcinema.co.il/order/329987?lang=he,Regular,2D,Hebrew,Hebrew,2026-09-28,2026,,Gilles de Maistre,92,All,Ayalon,Yes Planet,629
16:20,THE LUCKIEST MAN IN AMERICA,איש החידות,https://tickets5.planetcinema.co.il/order/329060?lang=en,https://tickets5.planetcinema.co.il/order/329060?lang=he,Regular,2D,English,,2026-09-28,2024,,Samir Oliveros,91,All,Ayalon,Yes Planet,629
20:20,THE LUCKIEST MAN IN AMERICA,איש החידות,https://tickets5.planetcinema.co.il/order/329064?lang=en,https://tickets5.planetcinema.co.il/order/329064?lang=he,Regular,2D,English,,2026-09-28,2024,,Samir Oliveros,91,All,Ayalon,Yes Planet,629
13:30,The Odyssey,האודיסאה,https://tickets5.planetcinema.co.il/order/329899?lang=en,https://tickets5.planetcinema.co.il/order/329899?lang=he,Regular,2D,English,,2026-09-28,2026,,Christopher Nolan,172,14+,Ayalon,Yes Planet,629
17:00,The Odyssey,האודיסאה,https://tickets5.planetcinema.co.il/order/329900?lang=en,https://tickets5.planetcinema.co.il/order/329900?lang=he,Regular,2D,English,,2026-09-28,2026,,Christopher Nolan,172,14+,Ayalon,Yes Planet,629
20:30,The Odyssey,האודיסאה,https://tickets5.planetcinema.co.il/order/329901?lang=en,https://tickets5.planetcinema.co.il/order/329901?lang=he,Regular,2D,English,,2026-09-28,2026,,Christopher Nolan,172,14+,Ayalon,Yes Planet,629
12:10,THE POUT POUT FISH,דג ושמו באסה,https://tickets5.planetcinema.co.il/order/329071?lang=en,https://tickets5.planetcinema.co.il/order/329071?lang=he,Regular,2D,Hebrew,Hebrew,2026-09-28,2026,,,93,All,Ayalon,Yes Planet,629
10:00,Toy Story 5,צעצוע של סיפור 5,https://tickets5.planetcinema.co.il/order/333687?lang=en,https://tickets5.planetcinema.co.il/order/333687?lang=he,Regular,2D,English,Hebrew,2026-09-28,2026,,,102,All,Ayalon,Yes Planet,629
14:10,Toy Story 5,צעצוע של סיפור 5,https://tickets5.planetcinema.co.il/order/329086?lang=en,https://tickets5.planetcinema.co.il/order/329086?lang=he,Regular,2D,English,Hebrew,2026-09-28,2026,,,102,All,Ayalon,Yes Planet,629
10:30,Matchmaking 3,בחורים טובים 3,https://tickets5.planetcinema.co.il/order/329148?lang=en,https://tickets5.planetcinema.co.il/order/329148?lang=he,Regular,2D,Hebrew,,2026-09-29,2026,,ארז תדמור,105,All,Ayalon,Yes Planet,629
13:00,Matchmaking 3,בחורים טובים 3,https://tickets5.planetcinema.co.il/order/329151?lang=en,https://tickets5.planetcinema.co.il/order/329151?lang=he,Regular,2D,Hebrew,,2026-09-29,2026,,ארז תדמור,105,All,Ayalon,Yes Planet,629
15:30,Matchmaking 3,בחורים טובים 3,https://tickets5.planetcinema.co.il/order/329156?lang=en,https://tickets5.planetcinema.co.il/order/329156?lang=he,Regular,2D,Hebrew,,2026-09-29,2026,,ארז תדמור,105,All,Ayalon,Yes Planet,629
17:45,Matchmaking 3,בחורים טובים 3,https://tickets5.planetcinema.co.il/order/329165?lang=en,https://tickets5.planetcinema.co.il/order/329165?lang=he,Regular,2D,Hebrew,,2026-09-29,2026,,ארז תדמור,105,All,Ayalon,Yes Planet,629
20:00,Matchmaking 3,בחורים טובים 3,https://tickets5.planetcinema.co.il/order/329166?lang=en,https://tickets5.planetcinema.co.il/order/329166?lang=he,Regular,2D,Hebrew,,2026-09-29,2026,,ארז תדמור,105,All,Ayalon,Yes Planet,629
22:30,Matchmaking 3,בחורים טובים 3,https://tickets5.planetcinema.co.il/order/329167?lang=en,https://tickets5.planetcinema.co.il/order/329167?lang=he,Regular,2D,Hebrew,,2026-09-29,2026,,ארז תדמור,105,All,Ayalon,Yes Planet,629
10:15,Forgotten Island,האי הנעלם,https://tickets5.planetcinema.co.il/order/329545?lang=en,https://tickets5.planetcinema.co.il/order/329545?lang=he,Regular,2D,English,Hebrew,2026-09-29,2026,,,98,9+,Ayalon,Yes Planet,629
12:30,Forgotten Island,האי הנעלם,https://tickets5.planetcinema.co.il/order/329546?lang=en,https://tickets5.planetcinema.co.il/order/329546?lang=he,Regular,2D,English,Hebrew,2026-09-29,2026,,,98,9+,Ayalon,Yes Planet,629
14:45,Forgotten Island,האי הנעלם,https://tickets5.planetcinema.co.il/order/329547?lang=en,https://tickets5.planetcinema.co.il/order/329547?lang=he,Regular,2D,English,Hebrew,2026-09-29,2026,,,98,9+,Ayalon,Yes Planet,629
17:00,Forgotten Island,האי הנעלם,https://tickets5.planetcinema.co.il/order/329548?lang=en,https://tickets5.planetcinema.co.il/order/329548?lang=he,Regular,2D,English,Hebrew,2026-09-29,2026,,,98,9+,Ayalon,Yes Planet,629
19:00,Forgotten Island,האי הנעלם,https://tickets5.planetcinema.co.il/order/329990?lang=en,https://tickets5.planetcinema.co.il/order/329990?lang=he,Regular,2D,English,,2026-09-29,2026,,,98,9+,Ayalon,Yes Planet,629
21:15,Forgotten Island,האי הנעלם,https://tickets5.planetcinema.co.il/order/329991?lang=en,https://tickets5.planetcinema.co.il/order/329991?lang=he,Regular,2D,English,,2026-09-29,2026,,,98,9+,Ayalon,Yes Planet,629
19:30,At Work,בעבודה,https://tickets5.planetcinema.co.il/order/329018?lang=en,https://tickets5.planetcinema.co.il/order/329018?lang=he,Regular,2D,French,,2026-09-29,2025,,Valérie Donzelli,92,All,Ayalon,Yes Planet,629
12:45,Avengers: Endgame re-release,הנוקמים: סוף המשחק - הדרן,https://tickets5.planetcinema.co.il/order/329108?lang=en,https://tickets5.planetcinema.co.il/order/329108?lang=he,Regular,2D,English,,2026-09-29,2019,,,181,All,Ayalon,Yes Planet,629
16:30,Avengers: Endgame re-release,הנוקמים: סוף המשחק - הדרן,https://tickets5.planetcinema.co.il/order/329112?lang=en,https://tickets5.planetcinema.co.il/order/329112?lang=he,Regular,2D,English,,2026-09-29,2019,,,181,All,Ayalon,Yes Planet,629
20:00,Avengers: Endgame re-release,הנוקמים: סוף המשחק - הדרן,https://tickets5.planetcinema.co.il/order/329115?lang=en,https://tickets5.planetcinema.co.il/order/329115?lang=he,Regular,2D,English,,2026-09-29,2019,,,181,All,Ayalon,Yes Planet,629
10:45,CHARLIE THE WONDERDOG,וונדר-דוג,https://tickets5.planetcinema.co.il/order/329025?lang=en,https://tickets5.planetcinema.co.il/order/329025?lang=he,Regular,2D,Hebrew,Hebrew,2026-09-29,2025,,,92,All,Ayalon,Yes Planet,629
13:00,CHARLIE THE WONDERDOG,וונדר-דוג,https://tickets5.planetcinema.co.il/order/329028?lang=en,https://tickets5.planetcinema.co.il/order/329028?lang=he,Regular,2D,Hebrew,Hebrew,2026-09-29,2025,,,92,All,Ayalon,Yes Planet,629
15:15,CHARLIE THE WONDERDOG,וונדר-דוג,https://tickets5.planetcinema.co.il/order/329039?lang=en,https://tickets5.planetcinema.co.il/order/329039?lang=he,Regular,2D,Hebrew,Hebrew,2026-09-29,2025,,,92,All,Ayalon,Yes Planet,629
17:30,CHARLIE THE WONDERDOG,וונדר-דוג,https://tickets5.planetcinema.co.il/order/329042?lang=en,https://tickets5.planetcinema.co.il/order/329042?lang=he,Regular,2D,Hebrew,Hebrew,2026-09-29,2025,,,92,All,Ayalon,Yes Planet,629
16:00,crawlers,קרולרס,https://tickets5.planetcinema.co.il/order/329620?lang=en,https://tickets5.planetcinema.co.il/order/329620?lang=he,Regular,2D,English,,2026-09-29,2026,,,86,14+,Ayalon,Yes Planet,629
18:00,crawlers,קרולרס,https://tickets5.planetcinema.co.il/order/329621?lang=en,https://tickets5.planetcinema.co.il/order/329621?lang=he,Regular,2D,English,,2026-09-29,2026,,,86,14+,Ayalon,Yes Planet,629
20:00,crawlers,קרולרס,https://tickets5.planetcinema.co.il/order/329622?lang=en,https://tickets5.planetcinema.co.il/order/329622?lang=he,Regular,2D,English,,2026-09-29,2026,,,86,14+,Ayalon,Yes Planet,629
22:15,crawlers,קרולרס,https://tickets5.planetcinema.co.il/order/329623?lang=en,https://tickets5.planetcinema.co.il/order/329623?lang=he,Regular,2D,English,,2026-09-29,2026,,,86,14+,Ayalon,Yes Planet,629
17:10,Fast and the Furious - 25th Anniversary,מהיר ועצבני - חגיגות 25 שנה,https://tickets5.planetcinema.co.il/order/329917?lang=en,https://tickets5.planetcinema.co.il/order/329917?lang=he,Regular,2D,English,,2026-09-29,2001,,Rob Cohen,106,,Ayalon,Yes Planet,629
21:40,Fast and the Furious - 25th Anniversary,מהיר ועצבני - חגיגות 25 שנה,https://tickets5.planetcinema.co.il/order/329052?lang=en,https://tickets5.planetcinema.co.il/order/329052?lang=he,Regular,2D,English,,2026-09-29,2001,,Rob Cohen,106,,Ayalon,Yes Planet,629
10:00,Heart of the Beast,בלב הפרא,https://tickets5.planetcinema.co.il/order/329175?lang=en,https://tickets5.planetcinema.co.il/order/329175?lang=he,Regular,2D,English,,2026-09-29,2026,,David Ayer,101,All,Ayalon,Yes Planet,629
12:15,Heart of the Beast,בלב הפרא,https://tickets5.planetcinema.co.il/order/329178?lang=en,https://tickets5.planetcinema.co.il/order/329178?lang=he,Regular,2D,English,,2026-09-29,2026,,David Ayer,101,All,Ayalon,Yes Planet,629
14:30,Heart of the Beast,בלב הפרא,https://tickets5.planetcinema.co.il/order/329191?lang=en,https://tickets5.planetcinema.co.il/order/329191?lang=he,Regular,2D,English,,2026-09-29,2026,,David Ayer,101,All,Ayalon,Yes Planet,629
16:45,Heart of the Beast,בלב הפרא,https://tickets5.planetcinema.co.il/order/329194?lang=en,https://tickets5.planetcinema.co.il/order/329194?lang=he,Regular,2D,English,,2026-09-29,2026,,David Ayer,101,All,Ayalon,Yes Planet,629
19:30,Heart of the Beast,בלב הפרא,https://tickets5.planetcinema.co.il/order/329581?lang=en,https://tickets5.planetcinema.co.il/order/329581?lang=he,Regular,2D,English,,2026-09-29,2026,,David Ayer,101,All,Ayalon,Yes Planet,629
21:45,Heart of the Beast,בלב הפרא,https://tickets5.planetcinema.co.il/order/329582?lang=en,https://tickets5.planetcinema.co.il/order/329582?lang=he,Regular,2D,English,,2026-09-29,2026,,David Ayer,101,All,Ayalon,Yes Planet,629
12:20,Hill 338,גבעה 338,https://tickets5.planetcinema.co.il/order/329958?lang=en,https://tickets5.planetcinema.co.il/order/329958?lang=he,Regular,2D,Hebrew,,2026-09-29,2026,,ארז בן הרוש,106,9+,Ayalon,Yes Planet,629
19:45,Hill 338,גבעה 338,https://tickets5.planetcinema.co.il/order/329744?lang=en,https://tickets5.planetcinema.co.il/order/329744?lang=he,Regular,2D,Hebrew,,2026-09-29,2026,,ארז בן הרוש,106,9+,Ayalon,Yes Planet,629
22:30,KUPA RASHIT,קופה ראשית,https://tickets5.planetcinema.co.il/order/329790?lang=en,https://tickets5.planetcinema.co.il/order/329790?lang=he,Regular,2D,Hebrew,,2026-09-29,2026,,,91,All,Ayalon,Yes Planet,629
10:00,La Traviata,לה טראוויאטה - אופרה בקולנוע,https://tickets5.planetcinema.co.il/order/333695?lang=en,https://tickets5.planetcinema.co.il/order/333695?lang=he,Regular,2D,Italian,,2026-09-29,,,,142,,Ayalon,Yes Planet,629
13:15,Land of Someitmes,אספן המשאלות,https://tickets5.planetcinema.co.il/order/329755?lang=en,https://tickets5.planetcinema.co.il/order/329755?lang=he,Regular,2D,Hebrew,Hebrew,2026-09-29,2026,,,93,All,Ayalon,Yes Planet,629
15:30,Land of Someitmes,אספן המשאלות,https://tickets5.planetcinema.co.il/order/329756?lang=en,https://tickets5.planetcinema.co.il/order/329756?lang=he,Regular,2D,Hebrew,Hebrew,2026-09-29,2026,,,93,All,Ayalon,Yes Planet,629
17:40,Land of Someitmes,אספן המשאלות,https://tickets5.planetcinema.co.il/order/329757?lang=en,https://tickets5.planetcinema.co.il/order/329757?lang=he,Regular,2D,Hebrew,Hebrew,2026-09-29,2026,,,93,All,Ayalon,Yes Planet,629
19:30,Magshimim,תיכון מגשימים,https://tickets5.planetcinema.co.il/order/329929?lang=en,https://tickets5.planetcinema.co.il/order/329929?lang=he,Regular,2D,Hebrew,,2026-09-29,2026,,,100,12+,Ayalon,Yes Planet,629
10:00,Marsupilami,מרסופילאמי,https://tickets5.planetcinema.co.il/order/329080?lang=en,https://tickets5.planetcinema.co.il/order/329080?lang=he,Regular,2D,Hebrew,Hebrew,2026-09-29,2025,,,100,All,Ayalon,Yes Planet,629
11:00,Minions & Monsters,מיניונים ומפלצות,https://tickets5.planetcinema.co.il/order/329690?lang=en,https://tickets5.planetcinema.co.il/order/329690?lang=he,Regular,2D,English,Hebrew,2026-09-29,2026,,,90,All,Ayalon,Yes Planet,629
10:00,Moana Live Action,מואנה לייב אקשן,https://tickets5.planetcinema.co.il/order/329770?lang=en,https://tickets5.planetcinema.co.il/order/329770?lang=he,Regular,2D,English,Hebrew,2026-09-29,2026,,,120,All,Ayalon,Yes Planet,629
21:50,Mutiny,נקמה בלב ים,https://tickets5.planetcinema.co.il/order/329923?lang=en,https://tickets5.planetcinema.co.il/order/329923?lang=he,Regular,2D,English,,2026-09-29,2026,,Jean-François Richet,95,14+,Ayalon,Yes Planet,629
17:05,Orphan,יתום,https://tickets5.planetcinema.co.il/order/329798?lang=en,https://tickets5.planetcinema.co.il/order/329798?lang=he,Regular,2D,Hungarian,,2026-09-29,2025,,לאסלו נמש,132,14+,Ayalon,Yes Planet,629
19:45,Orphan,יתום,https://tickets5.planetcinema.co.il/order/329799?lang=en,https://tickets5.planetcinema.co.il/order/329799?lang=he,Regular,2D,Hungarian,,2026-09-29,2025,,לאסלו נמש,132,14+,Ayalon,Yes Planet,629
22:00,Orphan,יתום,https://tickets5.planetcinema.co.il/order/329748?lang=en,https://tickets5.planetcinema.co.il/order/329748?lang=he,Regular,2D,Hungarian,,2026-09-29,2025,,לאסלו נמש,132,14+,Ayalon,Yes Planet,629
13:00,Paw Patrol: The Dino Movie,מפרץ ההרפתקאות: אי הדינוזאורים,https://tickets5.planetcinema.co.il/order/329711?lang=en,https://tickets5.planetcinema.co.il/order/329711?lang=he,Regular,2D,Hebrew,Hebrew,2026-09-29,2026,,,90,All,Ayalon,Yes Planet,629
15:00,Paw Patrol: The Dino Movie,מפרץ ההרפתקאות: אי הדינוזאורים,https://tickets5.planetcinema.co.il/order/329712?lang=en,https://tickets5.planetcinema.co.il/order/329712?lang=he,Regular,2D,Hebrew,Hebrew,2026-09-29,2026,,,90,All,Ayalon,Yes Planet,629
10:30,Practical Magic 2,קסם מעשי 2,https://tickets5.planetcinema.co.il/order/329630?lang=en,https://tickets5.planetcinema.co.il/order/329630?lang=he,Regular,2D,English,,2026-09-29,2026,,Susanne Bier,130,All,Ayalon,Yes Planet,629
13:20,Practical Magic 2,קסם מעשי 2,https://tickets5.planetcinema.co.il/order/329631?lang=en,https://tickets5.planetcinema.co.il/order/329631?lang=he,Regular,2D,English,,2026-09-29,2026,,Susanne Bier,130,All,Ayalon,Yes Planet,629
16:30,Primavera,פרימוורה,https://tickets5.planetcinema.co.il/order/329865?lang=en,https://tickets5.planetcinema.co.il/order/329865?lang=he,Regular,2D,Italian,,2026-09-29,2025,,דמיאנו מיקילייט,110,12+,Ayalon,Yes Planet,629
18:50,Primavera,פרימוורה,https://tickets5.planetcinema.co.il/order/329866?lang=en,https://tickets5.planetcinema.co.il/order/329866?lang=he,Regular,2D,Italian,,2026-09-29,2025,,דמיאנו מיקילייט,110,12+,Ayalon,Yes Planet,629
21:15,Primavera,פרימוורה,https://tickets5.planetcinema.co.il/order/329867?lang=en,https://tickets5.planetcinema.co.il/order/329867?lang=he,Regular,2D,Italian,,2026-09-29,2025,,דמיאנו מיקילייט,110,12+,Ayalon,Yes Planet,629
21:30,Resident Evil,האויב שבפנים,https://tickets5.planetcinema.co.il/order/329707?lang=en,https://tickets5.planetcinema.co.il/order/329707?lang=he,Regular,2D,English,,2026-09-29,2026,,Zach Cregger,90,16+,Ayalon,Yes Planet,629
18:20,RUNNER,ראנר,https://tickets5.planetcinema.co.il/order/329100?lang=en,https://tickets5.planetcinema.co.il/order/329100?lang=he,Regular,2D,Hebrew,,2026-09-29,2026,,Scott Waugh,93,12+,Ayalon,Yes Planet,629
22:30,RUNNER,ראנר,https://tickets5.planetcinema.co.il/order/329101?lang=en,https://tickets5.planetcinema.co.il/order/329101?lang=he,Regular,2D,Hebrew,,2026-09-29,2026,,Scott Waugh,93,12+,Ayalon,Yes Planet,629
10:30,Sentimental Value,ערך סנטימנטלי,https://tickets5.planetcinema.co.il/order/329886?lang=en,https://tickets5.planetcinema.co.il/order/329886?lang=he,Regular,2D,Norwegian,,2026-09-29,2025,,יואכים טרייר,133,All,Ayalon,Yes Planet,629
13:30,Spider-Man: Brand New Day,ספיידרמן: יום חדש,https://tickets5.planetcinema.co.il/order/329579?lang=en,https://tickets5.planetcinema.co.il/order/329579?lang=he,Regular,2D,English,,2026-09-29,2026,,Destin Daniel Cretton,140,All,Ayalon,Yes Planet,629
16:30,Spider-Man: Brand New Day,ספיידרמן: יום חדש,https://tickets5.planetcinema.co.il/order/329580?lang=en,https://tickets5.planetcinema.co.il/order/329580?lang=he,Regular,2D,English,,2026-09-29,2026,,Destin Daniel Cretton,140,All,Ayalon,Yes Planet,629
10:00,Spinned,מרגלים מהאגדות,https://tickets5.planetcinema.co.il/order/329868?lang=en,https://tickets5.planetcinema.co.il/order/329868?lang=he,Regular,2D,Hebrew,Hebrew,2026-09-29,2025,,,96,All,Ayalon,Yes Planet,629
12:15,Spinned,מרגלים מהאגדות,https://tickets5.planetcinema.co.il/order/329869?lang=en,https://tickets5.planetcinema.co.il/order/329869?lang=he,Regular,2D,Hebrew,Hebrew,2026-09-29,2025,,,96,All,Ayalon,Yes Planet,629
14:20,Spinned,מרגלים מהאגדות,https://tickets5.planetcinema.co.il/order/329870?lang=en,https://tickets5.planetcinema.co.il/order/329870?lang=he,Regular,2D,Hebrew,Hebrew,2026-09-29,2025,,,96,All,Ayalon,Yes Planet,629
16:45,Spinned,מרגלים מהאגדות,https://tickets5.planetcinema.co.il/order/329970?lang=en,https://tickets5.planetcinema.co.il/order/329970?lang=he,Regular,2D,Hebrew,Hebrew,2026-09-29,2025,,,96,All,Ayalon,Yes Planet,629
10:45,Tad and the Magic Lamp,טד החוקר ומנורת הקסמים,https://tickets5.planetcinema.co.il/order/329944?lang=en,https://tickets5.planetcinema.co.il/order/329944?lang=he,Regular,2D,Hebrew,Hebrew,2026-09-29,2026,,,94,All,Ayalon,Yes Planet,629
12:50,Tad and the Magic Lamp,טד החוקר ומנורת הקסמים,https://tickets5.planetcinema.co.il/order/329945?lang=en,https://tickets5.planetcinema.co.il/order/329945?lang=he,Regular,2D,Hebrew,Hebrew,2026-09-29,2026,,,94,All,Ayalon,Yes Planet,629
15:00,Tad and the Magic Lamp,טד החוקר ומנורת הקסמים,https://tickets5.planetcinema.co.il/order/329946?lang=en,https://tickets5.planetcinema.co.il/order/329946?lang=he,Regular,2D,Hebrew,Hebrew,2026-09-29,2026,,,94,All,Ayalon,Yes Planet,629
12:30,tell me everything,עצמאות,https://tickets5.planetcinema.co.il/order/329796?lang=en,https://tickets5.planetcinema.co.il/order/329796?lang=he,Regular,2D,Hebrew,,2026-09-29,2026,,משה רוזנטל,109,12+,Ayalon,Yes Planet,629
14:50,tell me everything,עצמאות,https://tickets5.planetcinema.co.il/order/329797?lang=en,https://tickets5.planetcinema.co.il/order/329797?lang=he,Regular,2D,Hebrew,,2026-09-29,2026,,משה רוזנטל,109,12+,Ayalon,Yes Planet,629
17:00,tell me everything,עצמאות,https://tickets5.planetcinema.co.il/order/329698?lang=en,https://tickets5.planetcinema.co.il/order/329698?lang=he,Regular,2D,Hebrew,,2026-09-29,2026,,משה רוזנטל,109,12+,Ayalon,Yes Planet,629
19:00,tell me everything,עצמאות,https://tickets5.planetcinema.co.il/order/329222?lang=en,https://tickets5.planetcinema.co.il/order/329222?lang=he,Regular,2D,Hebrew,,2026-09-29,2026,,משה רוזנטל,109,12+,Ayalon,Yes Planet,629
21:30,tell me everything,עצמאות,https://tickets5.planetcinema.co.il/order/329226?lang=en,https://tickets5.planetcinema.co.il/order/329226?lang=he,Regular,2D,Hebrew,,2026-09-29,2026,,משה רוזנטל,109,12+,Ayalon,Yes Planet,629
10:20,THE DESERT CHILD,ילד המדבר,https://tickets5.planetcinema.co.il/order/329992?lang=en,https://tickets5.planetcinema.co.il/order/329992?lang=he,Regular,2D,Hebrew,Hebrew,2026-09-29,2026,,Gilles de Maistre,92,All,Ayalon,Yes Planet,629
14:40,THE DESERT CHILD,ילד המדבר,https://tickets5.planetcinema.co.il/order/329993?lang=en,https://tickets5.planetcinema.co.il/order/329993?lang=he,Regular,2D,Hebrew,Hebrew,2026-09-29,2026,,Gilles de Maistre,92,All,Ayalon,Yes Planet,629
16:20,THE LUCKIEST MAN IN AMERICA,איש החידות,https://tickets5.planetcinema.co.il/order/329061?lang=en,https://tickets5.planetcinema.co.il/order/329061?lang=he,Regular,2D,English,,2026-09-29,2024,,Samir Oliveros,91,All,Ayalon,Yes Planet,629
20:30,THE LUCKIEST MAN IN AMERICA,איש החידות,https://tickets5.planetcinema.co.il/order/329066?lang=en,https://tickets5.planetcinema.co.il/order/329066?lang=he,Regular,2D,English,,2026-09-29,2024,,Samir Oliveros,91,All,Ayalon,Yes Planet,629
13:30,The Odyssey,האודיסאה,https://tickets5.planetcinema.co.il/order/329902?lang=en,https://tickets5.planetcinema.co.il/order/329902?lang=he,Regular,2D,English,,2026-09-29,2026,,Christopher Nolan,172,14+,Ayalon,Yes Planet,629
17:00,The Odyssey,האודיסאה,https://tickets5.planetcinema.co.il/order/329903?lang=en,https://tickets5.planetcinema.co.il/order/329903?lang=he,Regular,2D,English,,2026-09-29,2026,,Christopher Nolan,172,14+,Ayalon,Yes Planet,629
20:30,The Odyssey,האודיסאה,https://tickets5.planetcinema.co.il/order/329904?lang=en,https://tickets5.planetcinema.co.il/order/329904?lang=he,Regular,2D,English,,2026-09-29,2026,,Christopher Nolan,172,14+,Ayalon,Yes Planet,629
12:10,THE POUT POUT FISH,דג ושמו באסה,https://tickets5.planetcinema.co.il/order/329072?lang=en,https://tickets5.planetcinema.co.il/order/329072?lang=he,Regular,2D,Hebrew,Hebrew,2026-09-29,2026,,,93,All,Ayalon,Yes Planet,629
10:00,Toy Story 5,צעצוע של סיפור 5,https://tickets5.planetcinema.co.il/order/333688?lang=en,https://tickets5.planetcinema.co.il/order/333688?lang=he,Regular,2D,English,Hebrew,2026-09-29,2026,,,102,All,Ayalon,Yes Planet,629
14:10,Toy Story 5,צעצוע של סיפור 5,https://tickets5.planetcinema.co.il/order/329087?lang=en,https://tickets5.planetcinema.co.il/order/329087?lang=he,Regular,2D,English,Hebrew,2026-09-29,2026,,,102,All,Ayalon,Yes Planet,629
10:30,Matchmaking 3,בחורים טובים 3,https://tickets5.planetcinema.co.il/order/329149?lang=en,https://tickets5.planetcinema.co.il/order/329149?lang=he,Regular,2D,Hebrew,,2026-09-30,2026,,ארז תדמור,105,All,Ayalon,Yes Planet,629
13:00,Matchmaking 3,בחורים טובים 3,https://tickets5.planetcinema.co.il/order/329150?lang=en,https://tickets5.planetcinema.co.il/order/329150?lang=he,Regular,2D,Hebrew,,2026-09-30,2026,,ארז תדמור,105,All,Ayalon,Yes Planet,629
15:30,Matchmaking 3,בחורים טובים 3,https://tickets5.planetcinema.co.il/order/329157?lang=en,https://tickets5.planetcinema.co.il/order/329157?lang=he,Regular,2D,Hebrew,,2026-09-30,2026,,ארז תדמור,105,All,Ayalon,Yes Planet,629
17:50,Matchmaking 3,בחורים טובים 3,https://tickets5.planetcinema.co.il/order/329158?lang=en,https://tickets5.planetcinema.co.il/order/329158?lang=he,Regular,2D,Hebrew,,2026-09-30,2026,,ארז תדמור,105,All,Ayalon,Yes Planet,629
20:15,Matchmaking 3,בחורים טובים 3,https://tickets5.planetcinema.co.il/order/329168?lang=en,https://tickets5.planetcinema.co.il/order/329168?lang=he,Regular,2D,Hebrew,,2026-09-30,2026,,ארז תדמור,105,All,Ayalon,Yes Planet,629
22:30,Matchmaking 3,בחורים טובים 3,https://tickets5.planetcinema.co.il/order/329169?lang=en,https://tickets5.planetcinema.co.il/order/329169?lang=he,Regular,2D,Hebrew,,2026-09-30,2026,,ארז תדמור,105,All,Ayalon,Yes Planet,629
10:15,Forgotten Island,האי הנעלם,https://tickets5.planetcinema.co.il/order/329549?lang=en,https://tickets5.planetcinema.co.il/order/329549?lang=he,Regular,2D,English,Hebrew,2026-09-30,2026,,,98,9+,Ayalon,Yes Planet,629
12:30,Forgotten Island,האי הנעלם,https://tickets5.planetcinema.co.il/order/329550?lang=en,https://tickets5.planetcinema.co.il/order/329550?lang=he,Regular,2D,English,Hebrew,2026-09-30,2026,,,98,9+,Ayalon,Yes Planet,629
14:45,Forgotten Island,האי הנעלם,https://tickets5.planetcinema.co.il/order/329551?lang=en,https://tickets5.planetcinema.co.il/order/329551?lang=he,Regular,2D,English,Hebrew,2026-09-30,2026,,,98,9+,Ayalon,Yes Planet,629
17:00,Forgotten Island,האי הנעלם,https://tickets5.planetcinema.co.il/order/329552?lang=en,https://tickets5.planetcinema.co.il/order/329552?lang=he,Regular,2D,English,Hebrew,2026-09-30,2026,,,98,9+,Ayalon,Yes Planet,629
19:00,Forgotten Island,האי הנעלם,https://tickets5.planetcinema.co.il/order/329996?lang=en,https://tickets5.planetcinema.co.il/order/329996?lang=he,Regular,2D,English,,2026-09-30,2026,,,98,9+,Ayalon,Yes Planet,629
21:15,Forgotten Island,האי הנעלם,https://tickets5.planetcinema.co.il/order/329997?lang=en,https://tickets5.planetcinema.co.il/order/329997?lang=he,Regular,2D,English,,2026-09-30,2026,,,98,9+,Ayalon,Yes Planet,629
19:30,At Work,בעבודה,https://tickets5.planetcinema.co.il/order/329019?lang=en,https://tickets5.planetcinema.co.il/order/329019?lang=he,Regular,2D,French,,2026-09-30,2025,,Valérie Donzelli,92,All,Ayalon,Yes Planet,629
12:45,Avengers: Endgame re-release,הנוקמים: סוף המשחק - הדרן,https://tickets5.planetcinema.co.il/order/329109?lang=en,https://tickets5.planetcinema.co.il/order/329109?lang=he,Regular,2D,English,,2026-09-30,2019,,,181,All,Ayalon,Yes Planet,629
16:30,Avengers: Endgame re-release,הנוקמים: סוף המשחק - הדרן,https://tickets5.planetcinema.co.il/order/329113?lang=en,https://tickets5.planetcinema.co.il/order/329113?lang=he,Regular,2D,English,,2026-09-30,2019,,,181,All,Ayalon,Yes Planet,629
20:00,Avengers: Endgame re-release,הנוקמים: סוף המשחק - הדרן,https://tickets5.planetcinema.co.il/order/329114?lang=en,https://tickets5.planetcinema.co.il/order/329114?lang=he,Regular,2D,English,,2026-09-30,2019,,,181,All,Ayalon,Yes Planet,629
10:45,CHARLIE THE WONDERDOG,וונדר-דוג,https://tickets5.planetcinema.co.il/order/329026?lang=en,https://tickets5.planetcinema.co.il/order/329026?lang=he,Regular,2D,Hebrew,Hebrew,2026-09-30,2025,,,92,All,Ayalon,Yes Planet,629
13:00,CHARLIE THE WONDERDOG,וונדר-דוג,https://tickets5.planetcinema.co.il/order/329027?lang=en,https://tickets5.planetcinema.co.il/order/329027?lang=he,Regular,2D,Hebrew,Hebrew,2026-09-30,2025,,,92,All,Ayalon,Yes Planet,629
15:15,CHARLIE THE WONDERDOG,וונדר-דוג,https://tickets5.planetcinema.co.il/order/329040?lang=en,https://tickets5.planetcinema.co.il/order/329040?lang=he,Regular,2D,Hebrew,Hebrew,2026-09-30,2025,,,92,All,Ayalon,Yes Planet,629
17:30,CHARLIE THE WONDERDOG,וונדר-דוג,https://tickets5.planetcinema.co.il/order/329041?lang=en,https://tickets5.planetcinema.co.il/order/329041?lang=he,Regular,2D,Hebrew,Hebrew,2026-09-30,2025,,,92,All,Ayalon,Yes Planet,629
16:15,crawlers,קרולרס,https://tickets5.planetcinema.co.il/order/329624?lang=en,https://tickets5.planetcinema.co.il/order/329624?lang=he,Regular,2D,English,,2026-09-30,2026,,,86,14+,Ayalon,Yes Planet,629
18:15,crawlers,קרולרס,https://tickets5.planetcinema.co.il/order/329625?lang=en,https://tickets5.planetcinema.co.il/order/329625?lang=he,Regular,2D,English,,2026-09-30,2026,,,86,14+,Ayalon,Yes Planet,629
20:15,crawlers,קרולרס,https://tickets5.planetcinema.co.il/order/329626?lang=en,https://tickets5.planetcinema.co.il/order/329626?lang=he,Regular,2D,English,,2026-09-30,2026,,,86,14+,Ayalon,Yes Planet,629
22:15,crawlers,קרולרס,https://tickets5.planetcinema.co.il/order/329627?lang=en,https://tickets5.planetcinema.co.il/order/329627?lang=he,Regular,2D,English,,2026-09-30,2026,,,86,14+,Ayalon,Yes Planet,629
21:40,Fast and the Furious - 25th Anniversary,מהיר ועצבני - חגיגות 25 שנה,https://tickets5.planetcinema.co.il/order/329053?lang=en,https://tickets5.planetcinema.co.il/order/329053?lang=he,Regular,2D,English,,2026-09-30,2001,,Rob Cohen,106,,Ayalon,Yes Planet,629
10:00,Heart of the Beast,בלב הפרא,https://tickets5.planetcinema.co.il/order/329176?lang=en,https://tickets5.planetcinema.co.il/order/329176?lang=he,Regular,2D,English,,2026-09-30,2026,,David Ayer,101,All,Ayalon,Yes Planet,629
12:15,Heart of the Beast,בלב הפרא,https://tickets5.planetcinema.co.il/order/329177?lang=en,https://tickets5.planetcinema.co.il/order/329177?lang=he,Regular,2D,English,,2026-09-30,2026,,David Ayer,101,All,Ayalon,Yes Planet,629
14:30,Heart of the Beast,בלב הפרא,https://tickets5.planetcinema.co.il/order/329192?lang=en,https://tickets5.planetcinema.co.il/order/329192?lang=he,Regular,2D,English,,2026-09-30,2026,,David Ayer,101,All,Ayalon,Yes Planet,629
16:45,Heart of the Beast,בלב הפרא,https://tickets5.planetcinema.co.il/order/329193?lang=en,https://tickets5.planetcinema.co.il/order/329193?lang=he,Regular,2D,English,,2026-09-30,2026,,David Ayer,101,All,Ayalon,Yes Planet,629
19:15,Heart of the Beast,בלב הפרא,https://tickets5.planetcinema.co.il/order/329553?lang=en,https://tickets5.planetcinema.co.il/order/329553?lang=he,Regular,2D,English,,2026-09-30,2026,,David Ayer,101,All,Ayalon,Yes Planet,629
21:30,Heart of the Beast,בלב הפרא,https://tickets5.planetcinema.co.il/order/329554?lang=en,https://tickets5.planetcinema.co.il/order/329554?lang=he,Regular,2D,English,,2026-09-30,2026,,David Ayer,101,All,Ayalon,Yes Planet,629
12:20,Hill 338,גבעה 338,https://tickets5.planetcinema.co.il/order/329959?lang=en,https://tickets5.planetcinema.co.il/order/329959?lang=he,Regular,2D,Hebrew,,2026-09-30,2026,,ארז בן הרוש,106,9+,Ayalon,Yes Planet,629
19:45,Hill 338,גבעה 338,https://tickets5.planetcinema.co.il/order/329745?lang=en,https://tickets5.planetcinema.co.il/order/329745?lang=he,Regular,2D,Hebrew,,2026-09-30,2026,,ארז בן הרוש,106,9+,Ayalon,Yes Planet,629
22:30,KUPA RASHIT,קופה ראשית,https://tickets5.planetcinema.co.il/order/329791?lang=en,https://tickets5.planetcinema.co.il/order/329791?lang=he,Regular,2D,Hebrew,,2026-09-30,2026,,,91,All,Ayalon,Yes Planet,629
11:00,Land of Someitmes,אספן המשאלות,https://tickets5.planetcinema.co.il/order/329758?lang=en,https://tickets5.planetcinema.co.il/order/329758?lang=he,Regular,2D,Hebrew,Hebrew,2026-09-30,2026,,,93,All,Ayalon,Yes Planet,629
13:15,Land of Someitmes,אספן המשאלות,https://tickets5.planetcinema.co.il/order/329759?lang=en,https://tickets5.planetcinema.co.il/order/329759?lang=he,Regular,2D,Hebrew,Hebrew,2026-09-30,2026,,,93,All,Ayalon,Yes Planet,629
15:30,Land of Someitmes,אספן המשאלות,https://tickets5.planetcinema.co.il/order/329760?lang=en,https://tickets5.planetcinema.co.il/order/329760?lang=he,Regular,2D,Hebrew,Hebrew,2026-09-30,2026,,,93,All,Ayalon,Yes Planet,629
17:40,Land of Someitmes,אספן המשאלות,https://tickets5.planetcinema.co.il/order/329761?lang=en,https://tickets5.planetcinema.co.il/order/329761?lang=he,Regular,2D,Hebrew,Hebrew,2026-09-30,2026,,,93,All,Ayalon,Yes Planet,629
10:00,Marsupilami,מרסופילאמי,https://tickets5.planetcinema.co.il/order/329081?lang=en,https://tickets5.planetcinema.co.il/order/329081?lang=he,Regular,2D,Hebrew,Hebrew,2026-09-30,2025,,,100,All,Ayalon,Yes Planet,629
10:30,Minions & Monsters,מיניונים ומפלצות,https://tickets5.planetcinema.co.il/order/329713?lang=en,https://tickets5.planetcinema.co.il/order/329713?lang=he,Regular,2D,English,Hebrew,2026-09-30,2026,,,90,All,Ayalon,Yes Planet,629
10:00,Moana Live Action,מואנה לייב אקשן,https://tickets5.planetcinema.co.il/order/329771?lang=en,https://tickets5.planetcinema.co.il/order/329771?lang=he,Regular,2D,English,Hebrew,2026-09-30,2026,,,120,All,Ayalon,Yes Planet,629
17:05,Orphan,יתום,https://tickets5.planetcinema.co.il/order/329801?lang=en,https://tickets5.planetcinema.co.il/order/329801?lang=he,Regular,2D,Hungarian,,2026-09-30,2025,,לאסלו נמש,132,14+,Ayalon,Yes Planet,629
19:45,Orphan,יתום,https://tickets5.planetcinema.co.il/order/329802?lang=en,https://tickets5.planetcinema.co.il/order/329802?lang=he,Regular,2D,Hungarian,,2026-09-30,2025,,לאסלו נמש,132,14+,Ayalon,Yes Planet,629
22:00,Orphan,יתום,https://tickets5.planetcinema.co.il/order/329749?lang=en,https://tickets5.planetcinema.co.il/order/329749?lang=he,Regular,2D,Hungarian,,2026-09-30,2025,,לאסלו נמש,132,14+,Ayalon,Yes Planet,629
12:30,Paw Patrol: The Dino Movie,מפרץ ההרפתקאות: אי הדינוזאורים,https://tickets5.planetcinema.co.il/order/329714?lang=en,https://tickets5.planetcinema.co.il/order/329714?lang=he,Regular,2D,Hebrew,Hebrew,2026-09-30,2026,,,90,All,Ayalon,Yes Planet,629
14:30,Paw Patrol: The Dino Movie,מפרץ ההרפתקאות: אי הדינוזאורים,https://tickets5.planetcinema.co.il/order/329715?lang=en,https://tickets5.planetcinema.co.il/order/329715?lang=he,Regular,2D,Hebrew,Hebrew,2026-09-30,2026,,,90,All,Ayalon,Yes Planet,629
10:45,Practical Magic 2,קסם מעשי 2,https://tickets5.planetcinema.co.il/order/329628?lang=en,https://tickets5.planetcinema.co.il/order/329628?lang=he,Regular,2D,English,,2026-09-30,2026,,Susanne Bier,130,All,Ayalon,Yes Planet,629
13:30,Practical Magic 2,קסם מעשי 2,https://tickets5.planetcinema.co.il/order/329629?lang=en,https://tickets5.planetcinema.co.il/order/329629?lang=he,Regular,2D,English,,2026-09-30,2026,,Susanne Bier,130,All,Ayalon,Yes Planet,629
16:30,Primavera,פרימוורה,https://tickets5.planetcinema.co.il/order/329874?lang=en,https://tickets5.planetcinema.co.il/order/329874?lang=he,Regular,2D,Italian,,2026-09-30,2025,,דמיאנו מיקילייט,110,12+,Ayalon,Yes Planet,629
18:50,Primavera,פרימוורה,https://tickets5.planetcinema.co.il/order/329875?lang=en,https://tickets5.planetcinema.co.il/order/329875?lang=he,Regular,2D,Italian,,2026-09-30,2025,,דמיאנו מיקילייט,110,12+,Ayalon,Yes Planet,629
21:15,Primavera,פרימוורה,https://tickets5.planetcinema.co.il/order/329876?lang=en,https://tickets5.planetcinema.co.il/order/329876?lang=he,Regular,2D,Italian,,2026-09-30,2025,,דמיאנו מיקילייט,110,12+,Ayalon,Yes Planet,629
22:30,Resident Evil,האויב שבפנים,https://tickets5.planetcinema.co.il/order/329708?lang=en,https://tickets5.planetcinema.co.il/order/329708?lang=he,Regular,2D,English,,2026-09-30,2026,,Zach Cregger,90,16+,Ayalon,Yes Planet,629
18:20,RUNNER,ראנר,https://tickets5.planetcinema.co.il/order/329102?lang=en,https://tickets5.planetcinema.co.il/order/329102?lang=he,Regular,2D,Hebrew,,2026-09-30,2026,,Scott Waugh,93,12+,Ayalon,Yes Planet,629
22:20,RUNNER,ראנר,https://tickets5.planetcinema.co.il/order/329098?lang=en,https://tickets5.planetcinema.co.il/order/329098?lang=he,Regular,2D,Hebrew,,2026-09-30,2026,,Scott Waugh,93,12+,Ayalon,Yes Planet,629
10:30,Sentimental Value,ערך סנטימנטלי,https://tickets5.planetcinema.co.il/order/329887?lang=en,https://tickets5.planetcinema.co.il/order/329887?lang=he,Regular,2D,Norwegian,,2026-09-30,2025,,יואכים טרייר,133,All,Ayalon,Yes Planet,629
11:30,Spider-Man: Brand New Day,ספיידרמן: יום חדש,https://tickets5.planetcinema.co.il/order/329583?lang=en,https://tickets5.planetcinema.co.il/order/329583?lang=he,Regular,2D,English,,2026-09-30,2026,,Destin Daniel Cretton,140,All,Ayalon,Yes Planet,629
14:30,Spider-Man: Brand New Day,ספיידרמן: יום חדש,https://tickets5.planetcinema.co.il/order/329584?lang=en,https://tickets5.planetcinema.co.il/order/329584?lang=he,Regular,2D,English,,2026-09-30,2026,,Destin Daniel Cretton,140,All,Ayalon,Yes Planet,629
17:30,Spider-Man: Brand New Day,ספיידרמן: יום חדש,https://tickets5.planetcinema.co.il/order/329585?lang=en,https://tickets5.planetcinema.co.il/order/329585?lang=he,Regular,2D,English,,2026-09-30,2026,,Destin Daniel Cretton,140,All,Ayalon,Yes Planet,629
20:30,Spider-Man: Brand New Day,ספיידרמן: יום חדש,https://tickets5.planetcinema.co.il/order/329586?lang=en,https://tickets5.planetcinema.co.il/order/329586?lang=he,Regular,2D,English,,2026-09-30,2026,,Destin Daniel Cretton,140,All,Ayalon,Yes Planet,629
10:00,Spinned,מרגלים מהאגדות,https://tickets5.planetcinema.co.il/order/329871?lang=en,https://tickets5.planetcinema.co.il/order/329871?lang=he,Regular,2D,Hebrew,Hebrew,2026-09-30,2025,,,96,All,Ayalon,Yes Planet,629
12:15,Spinned,מרגלים מהאגדות,https://tickets5.planetcinema.co.il/order/329872?lang=en,https://tickets5.planetcinema.co.il/order/329872?lang=he,Regular,2D,Hebrew,Hebrew,2026-09-30,2025,,,96,All,Ayalon,Yes Planet,629
14:20,Spinned,מרגלים מהאגדות,https://tickets5.planetcinema.co.il/order/329873?lang=en,https://tickets5.planetcinema.co.il/order/329873?lang=he,Regular,2D,Hebrew,Hebrew,2026-09-30,2025,,,96,All,Ayalon,Yes Planet,629
16:45,Spinned,מרגלים מהאגדות,https://tickets5.planetcinema.co.il/order/329971?lang=en,https://tickets5.planetcinema.co.il/order/329971?lang=he,Regular,2D,Hebrew,Hebrew,2026-09-30,2025,,,96,All,Ayalon,Yes Planet,629
10:45,Tad and the Magic Lamp,טד החוקר ומנורת הקסמים,https://tickets5.planetcinema.co.il/order/329950?lang=en,https://tickets5.planetcinema.co.il/order/329950?lang=he,Regular,2D,Hebrew,Hebrew,2026-09-30,2026,,,94,All,Ayalon,Yes Planet,629
12:50,Tad and the Magic Lamp,טד החוקר ומנורת הקסמים,https://tickets5.planetcinema.co.il/order/329951?lang=en,https://tickets5.planetcinema.co.il/order/329951?lang=he,Regular,2D,Hebrew,Hebrew,2026-09-30,2026,,,94,All,Ayalon,Yes Planet,629
15:00,Tad and the Magic Lamp,טד החוקר ומנורת הקסמים,https://tickets5.planetcinema.co.il/order/329952?lang=en,https://tickets5.planetcinema.co.il/order/329952?lang=he,Regular,2D,Hebrew,Hebrew,2026-09-30,2026,,,94,All,Ayalon,Yes Planet,629
12:30,tell me everything,עצמאות,https://tickets5.planetcinema.co.il/order/329803?lang=en,https://tickets5.planetcinema.co.il/order/329803?lang=he,Regular,2D,Hebrew,,2026-09-30,2026,,משה רוזנטל,109,12+,Ayalon,Yes Planet,629
14:50,tell me everything,עצמאות,https://tickets5.planetcinema.co.il/order/329805?lang=en,https://tickets5.planetcinema.co.il/order/329805?lang=he,Regular,2D,Hebrew,,2026-09-30,2026,,משה רוזנטל,109,12+,Ayalon,Yes Planet,629
16:30,tell me everything,עצמאות,https://tickets5.planetcinema.co.il/order/329716?lang=en,https://tickets5.planetcinema.co.il/order/329716?lang=he,Regular,2D,Hebrew,,2026-09-30,2026,,משה רוזנטל,109,12+,Ayalon,Yes Planet,629
19:00,tell me everything,עצמאות,https://tickets5.planetcinema.co.il/order/329223?lang=en,https://tickets5.planetcinema.co.il/order/329223?lang=he,Regular,2D,Hebrew,,2026-09-30,2026,,משה רוזנטל,109,12+,Ayalon,Yes Planet,629
21:30,tell me everything,עצמאות,https://tickets5.planetcinema.co.il/order/329225?lang=en,https://tickets5.planetcinema.co.il/order/329225?lang=he,Regular,2D,Hebrew,,2026-09-30,2026,,משה רוזנטל,109,12+,Ayalon,Yes Planet,629
10:20,THE DESERT CHILD,ילד המדבר,https://tickets5.planetcinema.co.il/order/329994?lang=en,https://tickets5.planetcinema.co.il/order/329994?lang=he,Regular,2D,Hebrew,Hebrew,2026-09-30,2026,,Gilles de Maistre,92,All,Ayalon,Yes Planet,629
14:40,THE DESERT CHILD,ילד המדבר,https://tickets5.planetcinema.co.il/order/329995?lang=en,https://tickets5.planetcinema.co.il/order/329995?lang=he,Regular,2D,Hebrew,Hebrew,2026-09-30,2026,,Gilles de Maistre,92,All,Ayalon,Yes Planet,629
16:20,THE LUCKIEST MAN IN AMERICA,איש החידות,https://tickets5.planetcinema.co.il/order/329062?lang=en,https://tickets5.planetcinema.co.il/order/329062?lang=he,Regular,2D,English,,2026-09-30,2024,,Samir Oliveros,91,All,Ayalon,Yes Planet,629
20:20,THE LUCKIEST MAN IN AMERICA,איש החידות,https://tickets5.planetcinema.co.il/order/329063?lang=en,https://tickets5.planetcinema.co.il/order/329063?lang=he,Regular,2D,English,,2026-09-30,2024,,Samir Oliveros,91,All,Ayalon,Yes Planet,629
13:30,The Odyssey,האודיסאה,https://tickets5.planetcinema.co.il/order/329905?lang=en,https://tickets5.planetcinema.co.il/order/329905?lang=he,Regular,2D,English,,2026-09-30,2026,,Christopher Nolan,172,14+,Ayalon,Yes Planet,629
17:00,The Odyssey,האודיסאה,https://tickets5.planetcinema.co.il/order/329906?lang=en,https://tickets5.planetcinema.co.il/order/329906?lang=he,Regular,2D,English,,2026-09-30,2026,,Christopher Nolan,172,14+,Ayalon,Yes Planet,629
20:30,The Odyssey,האודיסאה,https://tickets5.planetcinema.co.il/order/329907?lang=en,https://tickets5.planetcinema.co.il/order/329907?lang=he,Regular,2D,English,,2026-09-30,2026,,Christopher Nolan,172,14+,Ayalon,Yes Planet,629
12:10,THE POUT POUT FISH,דג ושמו באסה,https://tickets5.planetcinema.co.il/order/329073?lang=en,https://tickets5.planetcinema.co.il/order/329073?lang=he,Regular,2D,Hebrew,Hebrew,2026-09-30,2026,,,93,All,Ayalon,Yes Planet,629
10:00,Toy Story 5,צעצוע של סיפור 5,https://tickets5.planetcinema.co.il/order/333689?lang=en,https://tickets5.planetcinema.co.il/order/333689?lang=he,Regular,2D,English,Hebrew,2026-09-30,2026,,,102,All,Ayalon,Yes Planet,629
14:10,Toy Story 5,צעצוע של סיפור 5,https://tickets5.planetcinema.co.il/order/329088?lang=en,https://tickets5.planetcinema.co.il/order/329088?lang=he,Regular,2D,English,Hebrew,2026-09-30,2026,,,102,All,Ayalon,Yes Planet,629
17:15,Verity,תעתוע,https://tickets5.planetcinema.co.il/order/329947?lang=en,https://tickets5.planetcinema.co.il/order/329947?lang=he,Regular,2D,Hebrew,,2026-09-30,2026,,Michael Showalter,116,14+,Ayalon,Yes Planet,629
19:45,Verity,תעתוע,https://tickets5.planetcinema.co.il/order/329948?lang=en,https://tickets5.planetcinema.co.il/order/329948?lang=he,Regular,2D,Hebrew,,2026-09-30,2026,,Michael Showalter,116,14+,Ayalon,Yes Planet,629
22:15,Verity,תעתוע,https://tickets5.planetcinema.co.il/order/329949?lang=en,https://tickets5.planetcinema.co.il/order/329949?lang=he,Regular,2D,Hebrew,,2026-09-30,2026,,Michael Showalter,116,14+,Ayalon,Yes Planet,629
23:00,Matchmaking 3,בחורים טובים 3,https://tickets5.planetcinema.co.il/order/329392?lang=en,https://tickets5.planetcinema.co.il/order/329392?lang=he,VIP Light,2D,Hebrew,,2026-09-26,2026,,ארז תדמור,105,All,Beer Sheva,Yes Planet,629
23:45,Matchmaking 3,בחורים טובים 3,https://tickets5.planetcinema.co.il/order/330300?lang=en,https://tickets5.planetcinema.co.il/order/330300?lang=he,Regular,2D,Hebrew,,2026-09-26,2026,,ארז תדמור,105,All,Beer Sheva,Yes Planet,629
22:00,Forgotten Island,האי הנעלם,https://tickets5.planetcinema.co.il/order/330213?lang=en,https://tickets5.planetcinema.co.il/order/330213?lang=he,Regular,2D,English,,2026-09-26,2026,,,98,9+,Beer Sheva,Yes Planet,629
00:15,Forgotten Island,האי הנעלם,https://tickets5.planetcinema.co.il/order/330214?lang=en,https://tickets5.planetcinema.co.il/order/330214?lang=he,Regular,2D,English,,2026-09-26,2026,,,98,9+,Beer Sheva,Yes Planet,629
00:00,Forgotten Island,האי הנעלם,https://tickets5.planetcinema.co.il/order/329506?lang=en,https://tickets5.planetcinema.co.il/order/329506?lang=he,Regular,2D 4DX,English,,2026-09-26,2026,,,98,9+,Beer Sheva,Yes Planet,629
22:00,Avengers: Endgame re-release - Infinity Vision,הנוקמים: סוף המשחק - הדרן - Infinity Vi,https://tickets5.planetcinema.co.il/order/322241?lang=en,https://tickets5.planetcinema.co.il/order/322241?lang=he,Regular,2D ScreenX,English,,2026-09-26,2019,,,181,,Beer Sheva,Yes Planet,629
23:00,crawlers,קרולרס,https://tickets5.planetcinema.co.il/order/329487?lang=en,https://tickets5.planetcinema.co.il/order/329487?lang=he,Regular,2D,English,,2026-09-26,2026,,,86,14+,Beer Sheva,Yes Planet,629
22:15,Fast and the Furious - 25th Anniversary,מהיר ועצבני - חגיגות 25 שנה,https://tickets5.planetcinema.co.il/order/330044?lang=en,https://tickets5.planetcinema.co.il/order/330044?lang=he,Regular,2D,English,,2026-09-26,2001,,Rob Cohen,106,,Beer Sheva,Yes Planet,629
23:00,Heart of the Beast,בלב הפרא,https://tickets5.planetcinema.co.il/order/329800?lang=en,https://tickets5.planetcinema.co.il/order/329800?lang=he,Regular,2D,English,,2026-09-26,2026,,David Ayer,101,All,Beer Sheva,Yes Planet,629
00:00,Heart of the Beast,בלב הפרא,https://tickets5.planetcinema.co.il/order/329363?lang=en,https://tickets5.planetcinema.co.il/order/329363?lang=he,VIP Light,2D,English,,2026-09-26,2026,,David Ayer,101,All,Beer Sheva,Yes Planet,629
00:30,Mutiny,נקמה בלב ים,https://tickets5.planetcinema.co.il/order/330055?lang=en,https://tickets5.planetcinema.co.il/order/330055?lang=he,Regular,2D,English,,2026-09-26,2026,,Jean-François Richet,95,14+,Beer Sheva,Yes Planet,629
22:45,Orphan,יתום,https://tickets5.planetcinema.co.il/order/330197?lang=en,https://tickets5.planetcinema.co.il/order/330197?lang=he,Regular,2D,Hungarian,,2026-09-26,2025,,לאסלו נמש,132,14+,Beer Sheva,Yes Planet,629
22:30,Practical Magic 2,קסם מעשי 2,https://tickets5.planetcinema.co.il/order/329253?lang=en,https://tickets5.planetcinema.co.il/order/329253?lang=he,Regular,2D,English,,2026-09-26,2026,,Susanne Bier,130,All,Beer Sheva,Yes Planet,629
23:00,Practical Magic 2,קסם מעשי 2,https://tickets5.planetcinema.co.il/order/330167?lang=en,https://tickets5.planetcinema.co.il/order/330167?lang=he,Regular,2D,English,,2026-09-26,2026,,Susanne Bier,130,All,Beer Sheva,Yes Planet,629
22:00,Primavera,פרימוורה,https://tickets5.planetcinema.co.il/order/329302?lang=en,https://tickets5.planetcinema.co.il/order/329302?lang=he,Regular,2D,Italian,,2026-09-26,2025,,דמיאנו מיקילייט,110,12+,Beer Sheva,Yes Planet,629
00:20,Primavera,פרימוורה,https://tickets5.planetcinema.co.il/order/329306?lang=en,https://tickets5.planetcinema.co.il/order/329306?lang=he,Regular,2D,Italian,,2026-09-26,2025,,דמיאנו מיקילייט,110,12+,Beer Sheva,Yes Planet,629
00:30,Resident Evil,האויב שבפנים,https://tickets5.planetcinema.co.il/order/333725?lang=en,https://tickets5.planetcinema.co.il/order/333725?lang=he,Regular,2D IMAX,English,,2026-09-26,2026,,Zach Cregger,90,16+,Beer Sheva,Yes Planet,629
22:30,Spider-Man: Brand New Day,ספיידרמן: יום חדש,https://tickets5.planetcinema.co.il/order/330072?lang=en,https://tickets5.planetcinema.co.il/order/330072?lang=he,Regular,2D,English,,2026-09-26,2026,,Destin Daniel Cretton,140,All,Beer Sheva,Yes Planet,629
00:00,Sunny Dancer,חולים על החיים,https://tickets5.planetcinema.co.il/order/329323?lang=en,https://tickets5.planetcinema.co.il/order/329323?lang=he,Regular,2D,English,,2026-09-26,2026,,ג'ורג' ג'ייקס,106,12+,Beer Sheva,Yes Planet,629
22:10,tell me everything,עצמאות,https://tickets5.planetcinema.co.il/order/329434?lang=en,https://tickets5.planetcinema.co.il/order/329434?lang=he,Regular,2D,Hebrew,,2026-09-26,2026,,משה רוזנטל,109,12+,Beer Sheva,Yes Planet,629
00:30,tell me everything,עצמאות,https://tickets5.planetcinema.co.il/order/329435?lang=en,https://tickets5.planetcinema.co.il/order/329435?lang=he,Regular,2D,Hebrew,,2026-09-26,2026,,משה רוזנטל,109,12+,Beer Sheva,Yes Planet,629
23:00,The Odyssey,האודיסאה,https://tickets5.planetcinema.co.il/order/330344?lang=en,https://tickets5.planetcinema.co.il/order/330344?lang=he,Regular,2D,English,,2026-09-26,2026,,Christopher Nolan,172,14+,Beer Sheva,Yes Planet,629
10:15,Matchmaking 3,בחורים טובים 3,https://tickets5.planetcinema.co.il/order/330301?lang=en,https://tickets5.planetcinema.co.il/order/330301?lang=he,Regular,2D,Hebrew,,2026-09-27,2026,,ארז תדמור,105,All,Beer Sheva,Yes Planet,629
12:30,Matchmaking 3,בחורים טובים 3,https://tickets5.planetcinema.co.il/order/330302?lang=en,https://tickets5.planetcinema.co.il/order/330302?lang=he,Regular,2D,Hebrew,,2026-09-27,2026,,ארז תדמור,105,All,Beer Sheva,Yes Planet,629
14:45,Matchmaking 3,בחורים טובים 3,https://tickets5.planetcinema.co.il/order/330303?lang=en,https://tickets5.planetcinema.co.il/order/330303?lang=he,Regular,2D,Hebrew,,2026-09-27,2026,,ארז תדמור,105,All,Beer Sheva,Yes Planet,629
17:00,Matchmaking 3,בחורים טובים 3,https://tickets5.planetcinema.co.il/order/330304?lang=en,https://tickets5.planetcinema.co.il/order/330304?lang=he,Regular,2D,Hebrew,,2026-09-27,2026,,ארז תדמור,105,All,Beer Sheva,Yes Planet,629
19:15,Matchmaking 3,בחורים טובים 3,https://tickets5.planetcinema.co.il/order/330305?lang=en,https://tickets5.planetcinema.co.il/order/330305?lang=he,Regular,2D,Hebrew,,2026-09-27,2026,,ארז תדמור,105,All,Beer Sheva,Yes Planet,629
21:30,Matchmaking 3,בחורים טובים 3,https://tickets5.planetcinema.co.il/order/330306?lang=en,https://tickets5.planetcinema.co.il/order/330306?lang=he,Regular,2D,Hebrew,,2026-09-27,2026,,ארז תדמור,105,All,Beer Sheva,Yes Planet,629
14:00,Matchmaking 3,בחורים טובים 3,https://tickets5.planetcinema.co.il/order/329393?lang=en,https://tickets5.planetcinema.co.il/order/329393?lang=he,VIP Light,2D,Hebrew,,2026-09-27,2026,,ארז תדמור,105,All,Beer Sheva,Yes Planet,629
16:15,Matchmaking 3,בחורים טובים 3,https://tickets5.planetcinema.co.il/order/329394?lang=en,https://tickets5.planetcinema.co.il/order/329394?lang=he,VIP Light,2D,Hebrew,,2026-09-27,2026,,ארז תדמור,105,All,Beer Sheva,Yes Planet,629
18:30,Matchmaking 3,בחורים טובים 3,https://tickets5.planetcinema.co.il/order/329395?lang=en,https://tickets5.planetcinema.co.il/order/329395?lang=he,VIP Light,2D,Hebrew,,2026-09-27,2026,,ארז תדמור,105,All,Beer Sheva,Yes Planet,629
20:45,Matchmaking 3,בחורים טובים 3,https://tickets5.planetcinema.co.il/order/329396?lang=en,https://tickets5.planetcinema.co.il/order/329396?lang=he,VIP Light,2D,Hebrew,,2026-09-27,2026,,ארז תדמור,105,All,Beer Sheva,Yes Planet,629
10:00,Forgotten Island,האי הנעלם,https://tickets5.planetcinema.co.il/order/329645?lang=en,https://tickets5.planetcinema.co.il/order/329645?lang=he,Regular,2D 4DX,English,Hebrew,2026-09-27,2026,,,98,9+,Beer Sheva,Yes Planet,629
12:10,Forgotten Island,האי הנעלם,https://tickets5.planetcinema.co.il/order/329642?lang=en,https://tickets5.planetcinema.co.il/order/329642?lang=he,Regular,2D 4DX,English,Hebrew,2026-09-27,2026,,,98,9+,Beer Sheva,Yes Planet,629
10:45,Forgotten Island,האי הנעלם,https://tickets5.planetcinema.co.il/order/330235?lang=en,https://tickets5.planetcinema.co.il/order/330235?lang=he,Regular,2D,English,Hebrew,2026-09-27,2026,,,98,9+,Beer Sheva,Yes Planet,629
13:00,Forgotten Island,האי הנעלם,https://tickets5.planetcinema.co.il/order/330236?lang=en,https://tickets5.planetcinema.co.il/order/330236?lang=he,Regular,2D,English,Hebrew,2026-09-27,2026,,,98,9+,Beer Sheva,Yes Planet,629
15:15,Forgotten Island,האי הנעלם,https://tickets5.planetcinema.co.il/order/330237?lang=en,https://tickets5.planetcinema.co.il/order/330237?lang=he,Regular,2D,English,Hebrew,2026-09-27,2026,,,98,9+,Beer Sheva,Yes Planet,629
17:30,Forgotten Island,האי הנעלם,https://tickets5.planetcinema.co.il/order/330238?lang=en,https://tickets5.planetcinema.co.il/order/330238?lang=he,Regular,2D,English,Hebrew,2026-09-27,2026,,,98,9+,Beer Sheva,Yes Planet,629
11:00,Forgotten Island,האי הנעלם,https://tickets5.planetcinema.co.il/order/330265?lang=en,https://tickets5.planetcinema.co.il/order/330265?lang=he,Regular,2D ScreenX,English,Hebrew,2026-09-27,2026,,,98,9+,Beer Sheva,Yes Planet,629
13:30,Forgotten Island,האי הנעלם,https://tickets5.planetcinema.co.il/order/330264?lang=en,https://tickets5.planetcinema.co.il/order/330264?lang=he,Regular,2D ScreenX,English,Hebrew,2026-09-27,2026,,,98,9+,Beer Sheva,Yes Planet,629
14:20,Forgotten Island,האי הנעלם,https://tickets5.planetcinema.co.il/order/329507?lang=en,https://tickets5.planetcinema.co.il/order/329507?lang=he,Regular,2D 4DX,English,,2026-09-27,2026,,,98,9+,Beer Sheva,Yes Planet,629
16:00,Forgotten Island,האי הנעלם,https://tickets5.planetcinema.co.il/order/330254?lang=en,https://tickets5.planetcinema.co.il/order/330254?lang=he,Regular,2D ScreenX,English,,2026-09-27,2026,,,98,9+,Beer Sheva,Yes Planet,629
19:45,Forgotten Island,האי הנעלם,https://tickets5.planetcinema.co.il/order/330215?lang=en,https://tickets5.planetcinema.co.il/order/330215?lang=he,Regular,2D,English,,2026-09-27,2026,,,98,9+,Beer Sheva,Yes Planet,629
22:00,Forgotten Island,האי הנעלם,https://tickets5.planetcinema.co.il/order/330216?lang=en,https://tickets5.planetcinema.co.il/order/330216?lang=he,Regular,2D,English,,2026-09-27,2026,,,98,9+,Beer Sheva,Yes Planet,629
20:00,At Work,בעבודה,https://tickets5.planetcinema.co.il/order/330014?lang=en,https://tickets5.planetcinema.co.il/order/330014?lang=he,Regular,2D,French,,2026-09-27,2025,,Valérie Donzelli,92,All,Beer Sheva,Yes Planet,629
16:45,Avengers: Endgame re-release,הנוקמים: סוף המשחק - הדרן,https://tickets5.planetcinema.co.il/order/329316?lang=en,https://tickets5.planetcinema.co.il/order/329316?lang=he,Regular,2D,English,,2026-09-27,2019,,,181,All,Beer Sheva,Yes Planet,629
20:30,Avengers: Endgame re-release,הנוקמים: סוף המשחק - הדרן,https://tickets5.planetcinema.co.il/order/329315?lang=en,https://tickets5.planetcinema.co.il/order/329315?lang=he,Regular,2D,English,,2026-09-27,2019,,,181,All,Beer Sheva,Yes Planet,629
17:15,Avengers: Endgame re-release,הנוקמים: סוף המשחק - הדרן,https://tickets5.planetcinema.co.il/order/330326?lang=en,https://tickets5.planetcinema.co.il/order/330326?lang=he,Regular,2D IMAX,English,,2026-09-27,2019,,,181,All,Beer Sheva,Yes Planet,629
21:00,Avengers: Endgame re-release,הנוקמים: סוף המשחק - הדרן,https://tickets5.planetcinema.co.il/order/330325?lang=en,https://tickets5.planetcinema.co.il/order/330325?lang=he,Regular,2D IMAX,English,,2026-09-27,2019,,,181,All,Beer Sheva,Yes Planet,629
16:30,Avengers: Endgame re-release - Infinity Vision,הנוקמים: סוף המשחק - הדרן - Infinity Vi,https://tickets5.planetcinema.co.il/order/329655?lang=en,https://tickets5.planetcinema.co.il/order/329655?lang=he,Regular,2D 4DX,English,,2026-09-27,2019,,,181,,Beer Sheva,Yes Planet,629
20:15,Avengers: Endgame re-release - Infinity Vision,הנוקמים: סוף המשחק - הדרן - Infinity Vi,https://tickets5.planetcinema.co.il/order/329656?lang=en,https://tickets5.planetcinema.co.il/order/329656?lang=he,Regular,2D 4DX,English,,2026-09-27,2019,,,181,,Beer Sheva,Yes Planet,629
18:15,Avengers: Endgame re-release - Infinity Vision,הנוקמים: סוף המשחק - הדרן - Infinity Vi,https://tickets5.planetcinema.co.il/order/330272?lang=en,https://tickets5.planetcinema.co.il/order/330272?lang=he,Regular,2D ScreenX,English,,2026-09-27,2019,,,181,,Beer Sheva,Yes Planet,629
22:00,Avengers: Endgame re-release - Infinity Vision,הנוקמים: סוף המשחק - הדרן - Infinity Vi,https://tickets5.planetcinema.co.il/order/330273?lang=en,https://tickets5.planetcinema.co.il/order/330273?lang=he,Regular,2D ScreenX,English,,2026-09-27,2019,,,181,,Beer Sheva,Yes Planet,629
18:00,Before We Leave Tuscany,להתאהב בטוסקנה,https://tickets5.planetcinema.co.il/order/330038?lang=en,https://tickets5.planetcinema.co.il/order/330038?lang=he,Regular,2D,English,,2026-09-27,,,,91,All,Beer Sheva,Yes Planet,629
10:30,CHARLIE THE WONDERDOG,וונדר-דוג,https://tickets5.planetcinema.co.il/order/330179?lang=en,https://tickets5.planetcinema.co.il/order/330179?lang=he,Regular,2D,Hebrew,Hebrew,2026-09-27,2025,,,92,All,Beer Sheva,Yes Planet,629
12:45,CHARLIE THE WONDERDOG,וונדר-דוג,https://tickets5.planetcinema.co.il/order/330178?lang=en,https://tickets5.planetcinema.co.il/order/330178?lang=he,Regular,2D,Hebrew,Hebrew,2026-09-27,2025,,,92,All,Beer Sheva,Yes Planet,629
15:00,CHARLIE THE WONDERDOG,וונדר-דוג,https://tickets5.planetcinema.co.il/order/330177?lang=en,https://tickets5.planetcinema.co.il/order/330177?lang=he,Regular,2D,Hebrew,Hebrew,2026-09-27,2025,,,92,All,Beer Sheva,Yes Planet,629
16:05,CHARLIE THE WONDERDOG,וונדר-דוג,https://tickets5.planetcinema.co.il/order/329203?lang=en,https://tickets5.planetcinema.co.il/order/329203?lang=he,Regular,2D,Hebrew,Hebrew,2026-09-27,2025,,,92,All,Beer Sheva,Yes Planet,629
17:00,crawlers,קרולרס,https://tickets5.planetcinema.co.il/order/329488?lang=en,https://tickets5.planetcinema.co.il/order/329488?lang=he,Regular,2D,English,,2026-09-27,2026,,,86,14+,Beer Sheva,Yes Planet,629
19:00,crawlers,קרולרס,https://tickets5.planetcinema.co.il/order/329489?lang=en,https://tickets5.planetcinema.co.il/order/329489?lang=he,Regular,2D,English,,2026-09-27,2026,,,86,14+,Beer Sheva,Yes Planet,629
21:00,crawlers,קרולרס,https://tickets5.planetcinema.co.il/order/329490?lang=en,https://tickets5.planetcinema.co.il/order/329490?lang=he,Regular,2D,English,,2026-09-27,2026,,,86,14+,Beer Sheva,Yes Planet,629
20:05,FALL 2,תלויה באוויר 2,https://tickets5.planetcinema.co.il/order/329264?lang=en,https://tickets5.planetcinema.co.il/order/329264?lang=he,Regular,2D,English,,2026-09-27,2026,,"Michael Spierig, Peter Spierig",100,9+,Beer Sheva,Yes Planet,629
18:45,Fast and the Furious - 25th Anniversary,מהיר ועצבני - חגיגות 25 שנה,https://tickets5.planetcinema.co.il/order/330140?lang=en,https://tickets5.planetcinema.co.il/order/330140?lang=he,Regular,2D,English,,2026-09-27,2001,,Rob Cohen,106,,Beer Sheva,Yes Planet,629
22:00,Fast and the Furious - 25th Anniversary,מהיר ועצבני - חגיגות 25 שנה,https://tickets5.planetcinema.co.il/order/330041?lang=en,https://tickets5.planetcinema.co.il/order/330041?lang=he,Regular,2D,English,,2026-09-27,2001,,Rob Cohen,106,,Beer Sheva,Yes Planet,629
11:45,Heart of the Beast,בלב הפרא,https://tickets5.planetcinema.co.il/order/329804?lang=en,https://tickets5.planetcinema.co.il/order/329804?lang=he,Regular,2D,English,,2026-09-27,2026,,David Ayer,101,All,Beer Sheva,Yes Planet,629
14:00,Heart of the Beast,בלב הפרא,https://tickets5.planetcinema.co.il/order/329806?lang=en,https://tickets5.planetcinema.co.il/order/329806?lang=he,Regular,2D,English,,2026-09-27,2026,,David Ayer,101,All,Beer Sheva,Yes Planet,629
16:15,Heart of the Beast,בלב הפרא,https://tickets5.planetcinema.co.il/order/329807?lang=en,https://tickets5.planetcinema.co.il/order/329807?lang=he,Regular,2D,English,,2026-09-27,2026,,David Ayer,101,All,Beer Sheva,Yes Planet,629
18:30,Heart of the Beast,בלב הפרא,https://tickets5.planetcinema.co.il/order/329809?lang=en,https://tickets5.planetcinema.co.il/order/329809?lang=he,Regular,2D,English,,2026-09-27,2026,,David Ayer,101,All,Beer Sheva,Yes Planet,629
20:45,Heart of the Beast,בלב הפרא,https://tickets5.planetcinema.co.il/order/329810?lang=en,https://tickets5.planetcinema.co.il/order/329810?lang=he,Regular,2D,English,,2026-09-27,2026,,David Ayer,101,All,Beer Sheva,Yes Planet,629
15:00,Heart of the Beast,בלב הפרא,https://tickets5.planetcinema.co.il/order/329359?lang=en,https://tickets5.planetcinema.co.il/order/329359?lang=he,VIP Light,2D,English,,2026-09-27,2026,,David Ayer,101,All,Beer Sheva,Yes Planet,629
17:15,Heart of the Beast,בלב הפרא,https://tickets5.planetcinema.co.il/order/329360?lang=en,https://tickets5.planetcinema.co.il/order/329360?lang=he,VIP Light,2D,English,,2026-09-27,2026,,David Ayer,101,All,Beer Sheva,Yes Planet,629
19:30,Heart of the Beast,בלב הפרא,https://tickets5.planetcinema.co.il/order/329361?lang=en,https://tickets5.planetcinema.co.il/order/329361?lang=he,VIP Light,2D,English,,2026-09-27,2026,,David Ayer,101,All,Beer Sheva,Yes Planet,629
21:45,Heart of the Beast,בלב הפרא,https://tickets5.planetcinema.co.il/order/329362?lang=en,https://tickets5.planetcinema.co.il/order/329362?lang=he,VIP Light,2D,English,,2026-09-27,2026,,David Ayer,101,All,Beer Sheva,Yes Planet,629
10:30,Land of Someitmes,אספן המשאלות,https://tickets5.planetcinema.co.il/order/329464?lang=en,https://tickets5.planetcinema.co.il/order/329464?lang=he,Regular,2D,Hebrew,Hebrew,2026-09-27,2026,,,93,All,Beer Sheva,Yes Planet,629
12:45,Land of Someitmes,אספן המשאלות,https://tickets5.planetcinema.co.il/order/329465?lang=en,https://tickets5.planetcinema.co.il/order/329465?lang=he,Regular,2D,Hebrew,Hebrew,2026-09-27,2026,,,93,All,Beer Sheva,Yes Planet,629
14:45,Land of Someitmes,אספן המשאלות,https://tickets5.planetcinema.co.il/order/329466?lang=en,https://tickets5.planetcinema.co.il/order/329466?lang=he,Regular,2D,Hebrew,Hebrew,2026-09-27,2026,,,93,All,Beer Sheva,Yes Planet,629
16:45,Land of Someitmes,אספן המשאלות,https://tickets5.planetcinema.co.il/order/330128?lang=en,https://tickets5.planetcinema.co.il/order/330128?lang=he,Regular,2D,Hebrew,Hebrew,2026-09-27,2026,,,93,All,Beer Sheva,Yes Planet,629
10:00,Minions & Monsters,מיניונים ומפלצות,https://tickets5.planetcinema.co.il/order/329335?lang=en,https://tickets5.planetcinema.co.il/order/329335?lang=he,Regular,2D,English,Hebrew,2026-09-27,2026,,,90,All,Beer Sheva,Yes Planet,629
12:15,Minions & Monsters,מיניונים ומפלצות,https://tickets5.planetcinema.co.il/order/329336?lang=en,https://tickets5.planetcinema.co.il/order/329336?lang=he,Regular,2D,English,Hebrew,2026-09-27,2026,,,90,All,Beer Sheva,Yes Planet,629
14:30,Minions & Monsters,מיניונים ומפלצות,https://tickets5.planetcinema.co.il/order/329337?lang=en,https://tickets5.planetcinema.co.il/order/329337?lang=he,Regular,2D,English,Hebrew,2026-09-27,2026,,,90,All,Beer Sheva,Yes Planet,629
17:15,Orphan,יתום,https://tickets5.planetcinema.co.il/order/330198?lang=en,https://tickets5.planetcinema.co.il/order/330198?lang=he,Regular,2D,Hungarian,,2026-09-27,2025,,לאסלו נמש,132,14+,Beer Sheva,Yes Planet,629
20:00,Orphan,יתום,https://tickets5.planetcinema.co.il/order/330199?lang=en,https://tickets5.planetcinema.co.il/order/330199?lang=he,Regular,2D,Hungarian,,2026-09-27,2025,,לאסלו נמש,132,14+,Beer Sheva,Yes Planet,629
10:10,Paw Patrol: The Dino Movie,מפרץ ההרפתקאות: אי הדינוזאורים,https://tickets5.planetcinema.co.il/order/329249?lang=en,https://tickets5.planetcinema.co.il/order/329249?lang=he,Regular,2D,Hebrew,Hebrew,2026-09-27,2026,,,90,All,Beer Sheva,Yes Planet,629
12:10,Paw Patrol: The Dino Movie,מפרץ ההרפתקאות: אי הדינוזאורים,https://tickets5.planetcinema.co.il/order/329231?lang=en,https://tickets5.planetcinema.co.il/order/329231?lang=he,Regular,2D,Hebrew,Hebrew,2026-09-27,2026,,,90,All,Beer Sheva,Yes Planet,629
14:10,Paw Patrol: The Dino Movie,מפרץ ההרפתקאות: אי הדינוזאורים,https://tickets5.planetcinema.co.il/order/329232?lang=en,https://tickets5.planetcinema.co.il/order/329232?lang=he,Regular,2D,Hebrew,Hebrew,2026-09-27,2026,,,90,All,Beer Sheva,Yes Planet,629
22:15,Practical Magic 2,קסם מעשי 2,https://tickets5.planetcinema.co.il/order/329252?lang=en,https://tickets5.planetcinema.co.il/order/329252?lang=he,Regular,2D,English,,2026-09-27,2026,,Susanne Bier,130,All,Beer Sheva,Yes Planet,629
17:20,Primavera,פרימוורה,https://tickets5.planetcinema.co.il/order/329301?lang=en,https://tickets5.planetcinema.co.il/order/329301?lang=he,Regular,2D,Italian,,2026-09-27,2025,,דמיאנו מיקילייט,110,12+,Beer Sheva,Yes Planet,629
19:40,Primavera,פרימוורה,https://tickets5.planetcinema.co.il/order/329300?lang=en,https://tickets5.planetcinema.co.il/order/329300?lang=he,Regular,2D,Italian,,2026-09-27,2025,,דמיאנו מיקילייט,110,12+,Beer Sheva,Yes Planet,629
22:00,Primavera,פרימוורה,https://tickets5.planetcinema.co.il/order/329299?lang=en,https://tickets5.planetcinema.co.il/order/329299?lang=he,Regular,2D,Italian,,2026-09-27,2025,,דמיאנו מיקילייט,110,12+,Beer Sheva,Yes Planet,629
21:00,Resident Evil,האויב שבפנים,https://tickets5.planetcinema.co.il/order/330133?lang=en,https://tickets5.planetcinema.co.il/order/330133?lang=he,Regular,2D,English,,2026-09-27,2026,,Zach Cregger,90,16+,Beer Sheva,Yes Planet,629
18:05,RUNNER,ראנר,https://tickets5.planetcinema.co.il/order/329258?lang=en,https://tickets5.planetcinema.co.il/order/329258?lang=he,Regular,2D,Hebrew,,2026-09-27,2026,,Scott Waugh,93,12+,Beer Sheva,Yes Planet,629
10:30,Spider-Man: Brand New Day,ספיידרמן: יום חדש,https://tickets5.planetcinema.co.il/order/330073?lang=en,https://tickets5.planetcinema.co.il/order/330073?lang=he,Regular,2D,English,,2026-09-27,2026,,Destin Daniel Cretton,140,All,Beer Sheva,Yes Planet,629
12:00,Spider-Man: Brand New Day,ספיידרמן: יום חדש,https://tickets5.planetcinema.co.il/order/329286?lang=en,https://tickets5.planetcinema.co.il/order/329286?lang=he,Regular,2D,English,,2026-09-27,2026,,Destin Daniel Cretton,140,All,Beer Sheva,Yes Planet,629
13:30,Spider-Man: Brand New Day,ספיידרמן: יום חדש,https://tickets5.planetcinema.co.il/order/330074?lang=en,https://tickets5.planetcinema.co.il/order/330074?lang=he,Regular,2D,English,,2026-09-27,2026,,Destin Daniel Cretton,140,All,Beer Sheva,Yes Planet,629
16:15,Spider-Man: Brand New Day,ספיידרמן: יום חדש,https://tickets5.planetcinema.co.il/order/330075?lang=en,https://tickets5.planetcinema.co.il/order/330075?lang=he,Regular,2D,English,,2026-09-27,2026,,Destin Daniel Cretton,140,All,Beer Sheva,Yes Planet,629
19:10,Spider-Man: Brand New Day,ספיידרמן: יום חדש,https://tickets5.planetcinema.co.il/order/330076?lang=en,https://tickets5.planetcinema.co.il/order/330076?lang=he,Regular,2D,English,,2026-09-27,2026,,Destin Daniel Cretton,140,All,Beer Sheva,Yes Planet,629
22:00,Spider-Man: Brand New Day,ספיידרמן: יום חדש,https://tickets5.planetcinema.co.il/order/330077?lang=en,https://tickets5.planetcinema.co.il/order/330077?lang=he,Regular,2D,English,,2026-09-27,2026,,Destin Daniel Cretton,140,All,Beer Sheva,Yes Planet,629
10:00,Spinned,מרגלים מהאגדות,https://tickets5.planetcinema.co.il/order/330155?lang=en,https://tickets5.planetcinema.co.il/order/330155?lang=he,Regular,2D,Hebrew,Hebrew,2026-09-27,2025,,,96,All,Beer Sheva,Yes Planet,629
12:15,Spinned,מרגלים מהאגדות,https://tickets5.planetcinema.co.il/order/330154?lang=en,https://tickets5.planetcinema.co.il/order/330154?lang=he,Regular,2D,Hebrew,Hebrew,2026-09-27,2025,,,96,All,Beer Sheva,Yes Planet,629
14:30,Spinned,מרגלים מהאגדות,https://tickets5.planetcinema.co.il/order/330153?lang=en,https://tickets5.planetcinema.co.il/order/330153?lang=he,Regular,2D,Hebrew,Hebrew,2026-09-27,2025,,,96,All,Beer Sheva,Yes Planet,629
16:00,Spinned,מרגלים מהאגדות,https://tickets5.planetcinema.co.il/order/330049?lang=en,https://tickets5.planetcinema.co.il/order/330049?lang=he,Regular,2D,Hebrew,Hebrew,2026-09-27,2025,,,96,All,Beer Sheva,Yes Planet,629
10:00,Tad and the Magic Lamp,טד החוקר ומנורת הקסמים,https://tickets5.planetcinema.co.il/order/330020?lang=en,https://tickets5.planetcinema.co.il/order/330020?lang=he,Regular,2D,Hebrew,Hebrew,2026-09-27,2026,,,94,All,Beer Sheva,Yes Planet,629
14:00,Tad and the Magic Lamp,טד החוקר ומנורת הקסמים,https://tickets5.planetcinema.co.il/order/330027?lang=en,https://tickets5.planetcinema.co.il/order/330027?lang=he,Regular,2D,Hebrew,Hebrew,2026-09-27,2026,,,94,All,Beer Sheva,Yes Planet,629
12:30,tell me everything,עצמאות,https://tickets5.planetcinema.co.il/order/329425?lang=en,https://tickets5.planetcinema.co.il/order/329425?lang=he,Regular,2D,Hebrew,,2026-09-27,2026,,משה רוזנטל,109,12+,Beer Sheva,Yes Planet,629
15:00,tell me everything,עצמאות,https://tickets5.planetcinema.co.il/order/329426?lang=en,https://tickets5.planetcinema.co.il/order/329426?lang=he,Regular,2D,Hebrew,,2026-09-27,2026,,משה רוזנטל,109,12+,Beer Sheva,Yes Planet,629
17:30,tell me everything,עצמאות,https://tickets5.planetcinema.co.il/order/329427?lang=en,https://tickets5.planetcinema.co.il/order/329427?lang=he,Regular,2D,Hebrew,,2026-09-27,2026,,משה רוזנטל,109,12+,Beer Sheva,Yes Planet,629
19:45,tell me everything,עצמאות,https://tickets5.planetcinema.co.il/order/329428?lang=en,https://tickets5.planetcinema.co.il/order/329428?lang=he,Regular,2D,Hebrew,,2026-09-27,2026,,משה רוזנטל,109,12+,Beer Sheva,Yes Planet,629
22:10,tell me everything,עצמאות,https://tickets5.planetcinema.co.il/order/329429?lang=en,https://tickets5.planetcinema.co.il/order/329429?lang=he,Regular,2D,Hebrew,,2026-09-27,2026,,משה רוזנטל,109,12+,Beer Sheva,Yes Planet,629
12:00,THE DESERT CHILD,ילד המדבר,https://tickets5.planetcinema.co.il/order/330033?lang=en,https://tickets5.planetcinema.co.il/order/330033?lang=he,Regular,2D,Hebrew,Hebrew,2026-09-27,2026,,Gilles de Maistre,92,All,Beer Sheva,Yes Planet,629
10:15,The Odyssey,האודיסאה,https://tickets5.planetcinema.co.il/order/333608?lang=en,https://tickets5.planetcinema.co.il/order/333608?lang=he,Regular,2D IMAX,English,,2026-09-27,2026,,Christopher Nolan,172,14+,Beer Sheva,Yes Planet,629
13:45,The Odyssey,האודיסאה,https://tickets5.planetcinema.co.il/order/333609?lang=en,https://tickets5.planetcinema.co.il/order/333609?lang=he,Regular,2D IMAX,English,,2026-09-27,2026,,Christopher Nolan,172,14+,Beer Sheva,Yes Planet,629
12:30,The Odyssey,האודיסאה,https://tickets5.planetcinema.co.il/order/330345?lang=en,https://tickets5.planetcinema.co.il/order/330345?lang=he,Regular,2D,English,,2026-09-27,2026,,Christopher Nolan,172,14+,Beer Sheva,Yes Planet,629
16:00,The Odyssey,האודיסאה,https://tickets5.planetcinema.co.il/order/330346?lang=en,https://tickets5.planetcinema.co.il/order/330346?lang=he,Regular,2D,English,,2026-09-27,2026,,Christopher Nolan,172,14+,Beer Sheva,Yes Planet,629
19:30,The Odyssey,האודיסאה,https://tickets5.planetcinema.co.il/order/330347?lang=en,https://tickets5.planetcinema.co.il/order/330347?lang=he,Regular,2D,English,,2026-09-27,2026,,Christopher Nolan,172,14+,Beer Sheva,Yes Planet,629
10:00,THE POUT POUT FISH,דג ושמו באסה,https://tickets5.planetcinema.co.il/order/329274?lang=en,https://tickets5.planetcinema.co.il/order/329274?lang=he,Regular,2D,Hebrew,Hebrew,2026-09-27,2026,,,93,All,Beer Sheva,Yes Planet,629
14:45,The Uprising,המרד,https://tickets5.planetcinema.co.il/order/329279?lang=en,https://tickets5.planetcinema.co.il/order/329279?lang=he,Regular,2D,English,,2026-09-27,2026,,Paul Greengrass,127,14+,Beer Sheva,Yes Planet,629
10:15,Toy Story 5,צעצוע של סיפור 5,https://tickets5.planetcinema.co.il/order/329451?lang=en,https://tickets5.planetcinema.co.il/order/329451?lang=he,Regular,2D,English,Hebrew,2026-09-27,2026,,,102,All,Beer Sheva,Yes Planet,629
10:00,Valley of Shadows,בחזרה מההימלאיה,https://tickets5.planetcinema.co.il/order/329854?lang=en,https://tickets5.planetcinema.co.il/order/329854?lang=he,Regular,2D,Spanish,,2026-09-27,2023,,Salvador Calvo,120,12+,Beer Sheva,Yes Planet,629
10:15,Matchmaking 3,בחורים טובים 3,https://tickets5.planetcinema.co.il/order/330307?lang=en,https://tickets5.planetcinema.co.il/order/330307?lang=he,Regular,2D,Hebrew,,2026-09-28,2026,,ארז תדמור,105,All,Beer Sheva,Yes Planet,629
12:30,Matchmaking 3,בחורים טובים 3,https://tickets5.planetcinema.co.il/order/330308?lang=en,https://tickets5.planetcinema.co.il/order/330308?lang=he,Regular,2D,Hebrew,,2026-09-28,2026,,ארז תדמור,105,All,Beer Sheva,Yes Planet,629
14:45,Matchmaking 3,בחורים טובים 3,https://tickets5.planetcinema.co.il/order/330309?lang=en,https://tickets5.planetcinema.co.il/order/330309?lang=he,Regular,2D,Hebrew,,2026-09-28,2026,,ארז תדמור,105,All,Beer Sheva,Yes Planet,629
17:00,Matchmaking 3,בחורים טובים 3,https://tickets5.planetcinema.co.il/order/330310?lang=en,https://tickets5.planetcinema.co.il/order/330310?lang=he,Regular,2D,Hebrew,,2026-09-28,2026,,ארז תדמור,105,All,Beer Sheva,Yes Planet,629
19:15,Matchmaking 3,בחורים טובים 3,https://tickets5.planetcinema.co.il/order/330311?lang=en,https://tickets5.planetcinema.co.il/order/330311?lang=he,Regular,2D,Hebrew,,2026-09-28,2026,,ארז תדמור,105,All,Beer Sheva,Yes Planet,629
21:30,Matchmaking 3,בחורים טובים 3,https://tickets5.planetcinema.co.il/order/330312?lang=en,https://tickets5.planetcinema.co.il/order/330312?lang=he,Regular,2D,Hebrew,,2026-09-28,2026,,ארז תדמור,105,All,Beer Sheva,Yes Planet,629
14:00,Matchmaking 3,בחורים טובים 3,https://tickets5.planetcinema.co.il/order/329397?lang=en,https://tickets5.planetcinema.co.il/order/329397?lang=he,VIP Light,2D,Hebrew,,2026-09-28,2026,,ארז תדמור,105,All,Beer Sheva,Yes Planet,629
16:15,Matchmaking 3,בחורים טובים 3,https://tickets5.planetcinema.co.il/order/329398?lang=en,https://tickets5.planetcinema.co.il/order/329398?lang=he,VIP Light,2D,Hebrew,,2026-09-28,2026,,ארז תדמור,105,All,Beer Sheva,Yes Planet,629
18:30,Matchmaking 3,בחורים טובים 3,https://tickets5.planetcinema.co.il/order/329399?lang=en,https://tickets5.planetcinema.co.il/order/329399?lang=he,VIP Light,2D,Hebrew,,2026-09-28,2026,,ארז תדמור,105,All,Beer Sheva,Yes Planet,629
20:45,Matchmaking 3,בחורים טובים 3,https://tickets5.planetcinema.co.il/order/329400?lang=en,https://tickets5.planetcinema.co.il/order/329400?lang=he,VIP Light,2D,Hebrew,,2026-09-28,2026,,ארז תדמור,105,All,Beer Sheva,Yes Planet,629
10:00,Forgotten Island,האי הנעלם,https://tickets5.planetcinema.co.il/order/329646?lang=en,https://tickets5.planetcinema.co.il/order/329646?lang=he,Regular,2D 4DX,English,Hebrew,2026-09-28,2026,,,98,9+,Beer Sheva,Yes Planet,629
12:10,Forgotten Island,האי הנעלם,https://tickets5.planetcinema.co.il/order/329648?lang=en,https://tickets5.planetcinema.co.il/order/329648?lang=he,Regular,2D 4DX,English,Hebrew,2026-09-28,2026,,,98,9+,Beer Sheva,Yes Planet,629
10:45,Forgotten Island,האי הנעלם,https://tickets5.planetcinema.co.il/order/330239?lang=en,https://tickets5.planetcinema.co.il/order/330239?lang=he,Regular,2D,English,Hebrew,2026-09-28,2026,,,98,9+,Beer Sheva,Yes Planet,629
13:00,Forgotten Island,האי הנעלם,https://tickets5.planetcinema.co.il/order/330240?lang=en,https://tickets5.planetcinema.co.il/order/330240?lang=he,Regular,2D,English,Hebrew,2026-09-28,2026,,,98,9+,Beer Sheva,Yes Planet,629
15:15,Forgotten Island,האי הנעלם,https://tickets5.planetcinema.co.il/order/330241?lang=en,https://tickets5.planetcinema.co.il/order/330241?lang=he,Regular,2D,English,Hebrew,2026-09-28,2026,,,98,9+,Beer Sheva,Yes Planet,629
17:30,Forgotten Island,האי הנעלם,https://tickets5.planetcinema.co.il/order/330242?lang=en,https://tickets5.planetcinema.co.il/order/330242?lang=he,Regular,2D,English,Hebrew,2026-09-28,2026,,,98,9+,Beer Sheva,Yes Planet,629
11:00,Forgotten Island,האי הנעלם,https://tickets5.planetcinema.co.il/order/330266?lang=en,https://tickets5.planetcinema.co.il/order/330266?lang=he,Regular,2D ScreenX,English,Hebrew,2026-09-28,2026,,,98,9+,Beer Sheva,Yes Planet,629
13:30,Forgotten Island,האי הנעלם,https://tickets5.planetcinema.co.il/order/330267?lang=en,https://tickets5.planetcinema.co.il/order/330267?lang=he,Regular,2D ScreenX,English,Hebrew,2026-09-28,2026,,,98,9+,Beer Sheva,Yes Planet,629
14:20,Forgotten Island,האי הנעלם,https://tickets5.planetcinema.co.il/order/329508?lang=en,https://tickets5.planetcinema.co.il/order/329508?lang=he,Regular,2D 4DX,English,,2026-09-28,2026,,,98,9+,Beer Sheva,Yes Planet,629
16:00,Forgotten Island,האי הנעלם,https://tickets5.planetcinema.co.il/order/330255?lang=en,https://tickets5.planetcinema.co.il/order/330255?lang=he,Regular,2D ScreenX,English,,2026-09-28,2026,,,98,9+,Beer Sheva,Yes Planet,629
19:45,Forgotten Island,האי הנעלם,https://tickets5.planetcinema.co.il/order/330218?lang=en,https://tickets5.planetcinema.co.il/order/330218?lang=he,Regular,2D,English,,2026-09-28,2026,,,98,9+,Beer Sheva,Yes Planet,629
22:00,Forgotten Island,האי הנעלם,https://tickets5.planetcinema.co.il/order/330217?lang=en,https://tickets5.planetcinema.co.il/order/330217?lang=he,Regular,2D,English,,2026-09-28,2026,,,98,9+,Beer Sheva,Yes Planet,629
16:45,Avengers: Endgame re-release,הנוקמים: סוף המשחק - הדרן,https://tickets5.planetcinema.co.il/order/329318?lang=en,https://tickets5.planetcinema.co.il/order/329318?lang=he,Regular,2D,English,,2026-09-28,2019,,,181,All,Beer Sheva,Yes Planet,629
20:30,Avengers: Endgame re-release,הנוקמים: סוף המשחק - הדרן,https://tickets5.planetcinema.co.il/order/329317?lang=en,https://tickets5.planetcinema.co.il/order/329317?lang=he,Regular,2D,English,,2026-09-28,2019,,,181,All,Beer Sheva,Yes Planet,629
17:15,Avengers: Endgame re-release,הנוקמים: סוף המשחק - הדרן,https://tickets5.planetcinema.co.il/order/330327?lang=en,https://tickets5.planetcinema.co.il/order/330327?lang=he,Regular,2D IMAX,English,,2026-09-28,2019,,,181,All,Beer Sheva,Yes Planet,629
21:00,Avengers: Endgame re-release,הנוקמים: סוף המשחק - הדרן,https://tickets5.planetcinema.co.il/order/330328?lang=en,https://tickets5.planetcinema.co.il/order/330328?lang=he,Regular,2D IMAX,English,,2026-09-28,2019,,,181,All,Beer Sheva,Yes Planet,629
16:30,Avengers: Endgame re-release - Infinity Vision,הנוקמים: סוף המשחק - הדרן - Infinity Vi,https://tickets5.planetcinema.co.il/order/329658?lang=en,https://tickets5.planetcinema.co.il/order/329658?lang=he,Regular,2D 4DX,English,,2026-09-28,2019,,,181,,Beer Sheva,Yes Planet,629
20:15,Avengers: Endgame re-release - Infinity Vision,הנוקמים: סוף המשחק - הדרן - Infinity Vi,https://tickets5.planetcinema.co.il/order/329657?lang=en,https://tickets5.planetcinema.co.il/order/329657?lang=he,Regular,2D 4DX,English,,2026-09-28,2019,,,181,,Beer Sheva,Yes Planet,629
18:15,Avengers: Endgame re-release - Infinity Vision,הנוקמים: סוף המשחק - הדרן - Infinity Vi,https://tickets5.planetcinema.co.il/order/330275?lang=en,https://tickets5.planetcinema.co.il/order/330275?lang=he,Regular,2D ScreenX,English,,2026-09-28,2019,,,181,,Beer Sheva,Yes Planet,629
22:00,Avengers: Endgame re-release - Infinity Vision,הנוקמים: סוף המשחק - הדרן - Infinity Vi,https://tickets5.planetcinema.co.il/order/330274?lang=en,https://tickets5.planetcinema.co.il/order/330274?lang=he,Regular,2D ScreenX,English,,2026-09-28,2019,,,181,,Beer Sheva,Yes Planet,629
10:30,CHARLIE THE WONDERDOG,וונדר-דוג,https://tickets5.planetcinema.co.il/order/330180?lang=en,https://tickets5.planetcinema.co.il/order/330180?lang=he,Regular,2D,Hebrew,Hebrew,2026-09-28,2025,,,92,All,Beer Sheva,Yes Planet,629
12:45,CHARLIE THE WONDERDOG,וונדר-דוג,https://tickets5.planetcinema.co.il/order/330181?lang=en,https://tickets5.planetcinema.co.il/order/330181?lang=he,Regular,2D,Hebrew,Hebrew,2026-09-28,2025,,,92,All,Beer Sheva,Yes Planet,629
15:00,CHARLIE THE WONDERDOG,וונדר-דוג,https://tickets5.planetcinema.co.il/order/330182?lang=en,https://tickets5.planetcinema.co.il/order/330182?lang=he,Regular,2D,Hebrew,Hebrew,2026-09-28,2025,,,92,All,Beer Sheva,Yes Planet,629
16:05,CHARLIE THE WONDERDOG,וונדר-דוג,https://tickets5.planetcinema.co.il/order/329204?lang=en,https://tickets5.planetcinema.co.il/order/329204?lang=he,Regular,2D,Hebrew,Hebrew,2026-09-28,2025,,,92,All,Beer Sheva,Yes Planet,629
17:00,crawlers,קרולרס,https://tickets5.planetcinema.co.il/order/329491?lang=en,https://tickets5.planetcinema.co.il/order/329491?lang=he,Regular,2D,English,,2026-09-28,2026,,,86,14+,Beer Sheva,Yes Planet,629
19:00,crawlers,קרולרס,https://tickets5.planetcinema.co.il/order/329492?lang=en,https://tickets5.planetcinema.co.il/order/329492?lang=he,Regular,2D,English,,2026-09-28,2026,,,86,14+,Beer Sheva,Yes Planet,629
21:00,crawlers,קרולרס,https://tickets5.planetcinema.co.il/order/329493?lang=en,https://tickets5.planetcinema.co.il/order/329493?lang=he,Regular,2D,English,,2026-09-28,2026,,,86,14+,Beer Sheva,Yes Planet,629
18:45,Fast and the Furious - 25th Anniversary,מהיר ועצבני - חגיגות 25 שנה,https://tickets5.planetcinema.co.il/order/330141?lang=en,https://tickets5.planetcinema.co.il/order/330141?lang=he,Regular,2D,English,,2026-09-28,2001,,Rob Cohen,106,,Beer Sheva,Yes Planet,629
21:00,Fast and the Furious - 25th Anniversary,מהיר ועצבני - חגיגות 25 שנה,https://tickets5.planetcinema.co.il/order/330045?lang=en,https://tickets5.planetcinema.co.il/order/330045?lang=he,Regular,2D,English,,2026-09-28,2001,,Rob Cohen,106,,Beer Sheva,Yes Planet,629
11:45,Heart of the Beast,בלב הפרא,https://tickets5.planetcinema.co.il/order/329811?lang=en,https://tickets5.planetcinema.co.il/order/329811?lang=he,Regular,2D,English,,2026-09-28,2026,,David Ayer,101,All,Beer Sheva,Yes Planet,629
14:00,Heart of the Beast,בלב הפרא,https://tickets5.planetcinema.co.il/order/329812?lang=en,https://tickets5.planetcinema.co.il/order/329812?lang=he,Regular,2D,English,,2026-09-28,2026,,David Ayer,101,All,Beer Sheva,Yes Planet,629
16:15,Heart of the Beast,בלב הפרא,https://tickets5.planetcinema.co.il/order/329813?lang=en,https://tickets5.planetcinema.co.il/order/329813?lang=he,Regular,2D,English,,2026-09-28,2026,,David Ayer,101,All,Beer Sheva,Yes Planet,629
18:30,Heart of the Beast,בלב הפרא,https://tickets5.planetcinema.co.il/order/329814?lang=en,https://tickets5.planetcinema.co.il/order/329814?lang=he,Regular,2D,English,,2026-09-28,2026,,David Ayer,101,All,Beer Sheva,Yes Planet,629
20:45,Heart of the Beast,בלב הפרא,https://tickets5.planetcinema.co.il/order/329815?lang=en,https://tickets5.planetcinema.co.il/order/329815?lang=he,Regular,2D,English,,2026-09-28,2026,,David Ayer,101,All,Beer Sheva,Yes Planet,629
15:00,Heart of the Beast,בלב הפרא,https://tickets5.planetcinema.co.il/order/329355?lang=en,https://tickets5.planetcinema.co.il/order/329355?lang=he,VIP Light,2D,English,,2026-09-28,2026,,David Ayer,101,All,Beer Sheva,Yes Planet,629
17:15,Heart of the Beast,בלב הפרא,https://tickets5.planetcinema.co.il/order/329356?lang=en,https://tickets5.planetcinema.co.il/order/329356?lang=he,VIP Light,2D,English,,2026-09-28,2026,,David Ayer,101,All,Beer Sheva,Yes Planet,629
19:30,Heart of the Beast,בלב הפרא,https://tickets5.planetcinema.co.il/order/329357?lang=en,https://tickets5.planetcinema.co.il/order/329357?lang=he,VIP Light,2D,English,,2026-09-28,2026,,David Ayer,101,All,Beer Sheva,Yes Planet,629
21:45,Heart of the Beast,בלב הפרא,https://tickets5.planetcinema.co.il/order/329358?lang=en,https://tickets5.planetcinema.co.il/order/329358?lang=he,VIP Light,2D,English,,2026-09-28,2026,,David Ayer,101,All,Beer Sheva,Yes Planet,629
10:30,Land of Someitmes,אספן המשאלות,https://tickets5.planetcinema.co.il/order/329461?lang=en,https://tickets5.planetcinema.co.il/order/329461?lang=he,Regular,2D,Hebrew,Hebrew,2026-09-28,2026,,,93,All,Beer Sheva,Yes Planet,629
12:45,Land of Someitmes,אספן המשאלות,https://tickets5.planetcinema.co.il/order/329462?lang=en,https://tickets5.planetcinema.co.il/order/329462?lang=he,Regular,2D,Hebrew,Hebrew,2026-09-28,2026,,,93,All,Beer Sheva,Yes Planet,629
14:45,Land of Someitmes,אספן המשאלות,https://tickets5.planetcinema.co.il/order/329463?lang=en,https://tickets5.planetcinema.co.il/order/329463?lang=he,Regular,2D,Hebrew,Hebrew,2026-09-28,2026,,,93,All,Beer Sheva,Yes Planet,629
16:45,Land of Someitmes,אספן המשאלות,https://tickets5.planetcinema.co.il/order/330129?lang=en,https://tickets5.planetcinema.co.il/order/330129?lang=he,Regular,2D,Hebrew,Hebrew,2026-09-28,2026,,,93,All,Beer Sheva,Yes Planet,629
10:00,Minions & Monsters,מיניונים ומפלצות,https://tickets5.planetcinema.co.il/order/329338?lang=en,https://tickets5.planetcinema.co.il/order/329338?lang=he,Regular,2D,English,Hebrew,2026-09-28,2026,,,90,All,Beer Sheva,Yes Planet,629
12:15,Minions & Monsters,מיניונים ומפלצות,https://tickets5.planetcinema.co.il/order/329339?lang=en,https://tickets5.planetcinema.co.il/order/329339?lang=he,Regular,2D,English,Hebrew,2026-09-28,2026,,,90,All,Beer Sheva,Yes Planet,629
14:30,Minions & Monsters,מיניונים ומפלצות,https://tickets5.planetcinema.co.il/order/329340?lang=en,https://tickets5.planetcinema.co.il/order/329340?lang=he,Regular,2D,English,Hebrew,2026-09-28,2026,,,90,All,Beer Sheva,Yes Planet,629
17:15,Orphan,יתום,https://tickets5.planetcinema.co.il/order/330201?lang=en,https://tickets5.planetcinema.co.il/order/330201?lang=he,Regular,2D,Hungarian,,2026-09-28,2025,,לאסלו נמש,132,14+,Beer Sheva,Yes Planet,629
20:00,Orphan,יתום,https://tickets5.planetcinema.co.il/order/330200?lang=en,https://tickets5.planetcinema.co.il/order/330200?lang=he,Regular,2D,Hungarian,,2026-09-28,2025,,לאסלו נמש,132,14+,Beer Sheva,Yes Planet,629
10:10,Paw Patrol: The Dino Movie,מפרץ ההרפתקאות: אי הדינוזאורים,https://tickets5.planetcinema.co.il/order/329243?lang=en,https://tickets5.planetcinema.co.il/order/329243?lang=he,Regular,2D,Hebrew,Hebrew,2026-09-28,2026,,,90,All,Beer Sheva,Yes Planet,629
12:10,Paw Patrol: The Dino Movie,מפרץ ההרפתקאות: אי הדינוזאורים,https://tickets5.planetcinema.co.il/order/329233?lang=en,https://tickets5.planetcinema.co.il/order/329233?lang=he,Regular,2D,Hebrew,Hebrew,2026-09-28,2026,,,90,All,Beer Sheva,Yes Planet,629
14:10,Paw Patrol: The Dino Movie,מפרץ ההרפתקאות: אי הדינוזאורים,https://tickets5.planetcinema.co.il/order/329234?lang=en,https://tickets5.planetcinema.co.il/order/329234?lang=he,Regular,2D,Hebrew,Hebrew,2026-09-28,2026,,,90,All,Beer Sheva,Yes Planet,629
22:15,Practical Magic 2,קסם מעשי 2,https://tickets5.planetcinema.co.il/order/329250?lang=en,https://tickets5.planetcinema.co.il/order/329250?lang=he,Regular,2D,English,,2026-09-28,2026,,Susanne Bier,130,All,Beer Sheva,Yes Planet,629
17:20,Primavera,פרימוורה,https://tickets5.planetcinema.co.il/order/329298?lang=en,https://tickets5.planetcinema.co.il/order/329298?lang=he,Regular,2D,Italian,,2026-09-28,2025,,דמיאנו מיקילייט,110,12+,Beer Sheva,Yes Planet,629
19:40,Primavera,פרימוורה,https://tickets5.planetcinema.co.il/order/329297?lang=en,https://tickets5.planetcinema.co.il/order/329297?lang=he,Regular,2D,Italian,,2026-09-28,2025,,דמיאנו מיקילייט,110,12+,Beer Sheva,Yes Planet,629
22:00,Primavera,פרימוורה,https://tickets5.planetcinema.co.il/order/329296?lang=en,https://tickets5.planetcinema.co.il/order/329296?lang=he,Regular,2D,Italian,,2026-09-28,2025,,דמיאנו מיקילייט,110,12+,Beer Sheva,Yes Planet,629
21:00,Resident Evil,האויב שבפנים,https://tickets5.planetcinema.co.il/order/330134?lang=en,https://tickets5.planetcinema.co.il/order/330134?lang=he,Regular,2D,English,,2026-09-28,2026,,Zach Cregger,90,16+,Beer Sheva,Yes Planet,629
18:05,RUNNER,ראנר,https://tickets5.planetcinema.co.il/order/329259?lang=en,https://tickets5.planetcinema.co.il/order/329259?lang=he,Regular,2D,Hebrew,,2026-09-28,2026,,Scott Waugh,93,12+,Beer Sheva,Yes Planet,629
10:30,Spider-Man: Brand New Day,ספיידרמן: יום חדש,https://tickets5.planetcinema.co.il/order/330078?lang=en,https://tickets5.planetcinema.co.il/order/330078?lang=he,Regular,2D,English,,2026-09-28,2026,,Destin Daniel Cretton,140,All,Beer Sheva,Yes Planet,629
12:00,Spider-Man: Brand New Day,ספיידרמן: יום חדש,https://tickets5.planetcinema.co.il/order/329287?lang=en,https://tickets5.planetcinema.co.il/order/329287?lang=he,Regular,2D,English,,2026-09-28,2026,,Destin Daniel Cretton,140,All,Beer Sheva,Yes Planet,629
13:30,Spider-Man: Brand New Day,ספיידרמן: יום חדש,https://tickets5.planetcinema.co.il/order/330079?lang=en,https://tickets5.planetcinema.co.il/order/330079?lang=he,Regular,2D,English,,2026-09-28,2026,,Destin Daniel Cretton,140,All,Beer Sheva,Yes Planet,629
16:15,Spider-Man: Brand New Day,ספיידרמן: יום חדש,https://tickets5.planetcinema.co.il/order/330080?lang=en,https://tickets5.planetcinema.co.il/order/330080?lang=he,Regular,2D,English,,2026-09-28,2026,,Destin Daniel Cretton,140,All,Beer Sheva,Yes Planet,629
19:10,Spider-Man: Brand New Day,ספיידרמן: יום חדש,https://tickets5.planetcinema.co.il/order/330081?lang=en,https://tickets5.planetcinema.co.il/order/330081?lang=he,Regular,2D,English,,2026-09-28,2026,,Destin Daniel Cretton,140,All,Beer Sheva,Yes Planet,629
22:00,Spider-Man: Brand New Day,ספיידרמן: יום חדש,https://tickets5.planetcinema.co.il/order/330082?lang=en,https://tickets5.planetcinema.co.il/order/330082?lang=he,Regular,2D,English,,2026-09-28,2026,,Destin Daniel Cretton,140,All,Beer Sheva,Yes Planet,629
10:00,Spinned,מרגלים מהאגדות,https://tickets5.planetcinema.co.il/order/330156?lang=en,https://tickets5.planetcinema.co.il/order/330156?lang=he,Regular,2D,Hebrew,Hebrew,2026-09-28,2025,,,96,All,Beer Sheva,Yes Planet,629
12:15,Spinned,מרגלים מהאגדות,https://tickets5.planetcinema.co.il/order/330157?lang=en,https://tickets5.planetcinema.co.il/order/330157?lang=he,Regular,2D,Hebrew,Hebrew,2026-09-28,2025,,,96,All,Beer Sheva,Yes Planet,629
14:30,Spinned,מרגלים מהאגדות,https://tickets5.planetcinema.co.il/order/330158?lang=en,https://tickets5.planetcinema.co.il/order/330158?lang=he,Regular,2D,Hebrew,Hebrew,2026-09-28,2025,,,96,All,Beer Sheva,Yes Planet,629
16:00,Spinned,מרגלים מהאגדות,https://tickets5.planetcinema.co.il/order/330050?lang=en,https://tickets5.planetcinema.co.il/order/330050?lang=he,Regular,2D,Hebrew,Hebrew,2026-09-28,2025,,,96,All,Beer Sheva,Yes Planet,629
14:00,Tad and the Magic Lamp,טד החוקר ומנורת הקסמים,https://tickets5.planetcinema.co.il/order/330021?lang=en,https://tickets5.planetcinema.co.il/order/330021?lang=he,Regular,2D,Hebrew,Hebrew,2026-09-28,2026,,,94,All,Beer Sheva,Yes Planet,629
12:30,tell me everything,עצמאות,https://tickets5.planetcinema.co.il/order/329420?lang=en,https://tickets5.planetcinema.co.il/order/329420?lang=he,Regular,2D,Hebrew,,2026-09-28,2026,,משה רוזנטל,109,12+,Beer Sheva,Yes Planet,629
15:00,tell me everything,עצמאות,https://tickets5.planetcinema.co.il/order/329421?lang=en,https://tickets5.planetcinema.co.il/order/329421?lang=he,Regular,2D,Hebrew,,2026-09-28,2026,,משה רוזנטל,109,12+,Beer Sheva,Yes Planet,629
17:30,tell me everything,עצמאות,https://tickets5.planetcinema.co.il/order/329422?lang=en,https://tickets5.planetcinema.co.il/order/329422?lang=he,Regular,2D,Hebrew,,2026-09-28,2026,,משה רוזנטל,109,12+,Beer Sheva,Yes Planet,629
19:45,tell me everything,עצמאות,https://tickets5.planetcinema.co.il/order/329423?lang=en,https://tickets5.planetcinema.co.il/order/329423?lang=he,Regular,2D,Hebrew,,2026-09-28,2026,,משה רוזנטל,109,12+,Beer Sheva,Yes Planet,629
22:10,tell me everything,עצמאות,https://tickets5.planetcinema.co.il/order/329424?lang=en,https://tickets5.planetcinema.co.il/order/329424?lang=he,Regular,2D,Hebrew,,2026-09-28,2026,,משה רוזנטל,109,12+,Beer Sheva,Yes Planet,629
10:15,The Odyssey,האודיסאה,https://tickets5.planetcinema.co.il/order/333610?lang=en,https://tickets5.planetcinema.co.il/order/333610?lang=he,Regular,2D IMAX,English,,2026-09-28,2026,,Christopher Nolan,172,14+,Beer Sheva,Yes Planet,629
13:45,The Odyssey,האודיסאה,https://tickets5.planetcinema.co.il/order/333611?lang=en,https://tickets5.planetcinema.co.il/order/333611?lang=he,Regular,2D IMAX,English,,2026-09-28,2026,,Christopher Nolan,172,14+,Beer Sheva,Yes Planet,629
12:30,The Odyssey,האודיסאה,https://tickets5.planetcinema.co.il/order/330348?lang=en,https://tickets5.planetcinema.co.il/order/330348?lang=he,Regular,2D,English,,2026-09-28,2026,,Christopher Nolan,172,14+,Beer Sheva,Yes Planet,629
16:00,The Odyssey,האודיסאה,https://tickets5.planetcinema.co.il/order/330349?lang=en,https://tickets5.planetcinema.co.il/order/330349?lang=he,Regular,2D,English,,2026-09-28,2026,,Christopher Nolan,172,14+,Beer Sheva,Yes Planet,629
19:30,The Odyssey,האודיסאה,https://tickets5.planetcinema.co.il/order/330350?lang=en,https://tickets5.planetcinema.co.il/order/330350?lang=he,Regular,2D,English,,2026-09-28,2026,,Christopher Nolan,172,14+,Beer Sheva,Yes Planet,629
10:00,THE POUT POUT FISH,דג ושמו באסה,https://tickets5.planetcinema.co.il/order/329275?lang=en,https://tickets5.planetcinema.co.il/order/329275?lang=he,Regular,2D,Hebrew,Hebrew,2026-09-28,2026,,,93,All,Beer Sheva,Yes Planet,629
14:45,The Uprising,המרד,https://tickets5.planetcinema.co.il/order/329278?lang=en,https://tickets5.planetcinema.co.il/order/329278?lang=he,Regular,2D,English,,2026-09-28,2026,,Paul Greengrass,127,14+,Beer Sheva,Yes Planet,629
10:15,Toy Story 5,צעצוע של סיפור 5,https://tickets5.planetcinema.co.il/order/329452?lang=en,https://tickets5.planetcinema.co.il/order/329452?lang=he,Regular,2D,English,Hebrew,2026-09-28,2026,,,102,All,Beer Sheva,Yes Planet,629
10:00,Valley of Shadows,בחזרה מההימלאיה,https://tickets5.planetcinema.co.il/order/329856?lang=en,https://tickets5.planetcinema.co.il/order/329856?lang=he,Regular,2D,Spanish,,2026-09-28,2023,,Salvador Calvo,120,12+,Beer Sheva,Yes Planet,629
10:15,Matchmaking 3,בחורים טובים 3,https://tickets5.planetcinema.co.il/order/330313?lang=en,https://tickets5.planetcinema.co.il/order/330313?lang=he,Regular,2D,Hebrew,,2026-09-29,2026,,ארז תדמור,105,All,Beer Sheva,Yes Planet,629
12:30,Matchmaking 3,בחורים טובים 3,https://tickets5.planetcinema.co.il/order/330314?lang=en,https://tickets5.planetcinema.co.il/order/330314?lang=he,Regular,2D,Hebrew,,2026-09-29,2026,,ארז תדמור,105,All,Beer Sheva,Yes Planet,629
14:45,Matchmaking 3,בחורים טובים 3,https://tickets5.planetcinema.co.il/order/330315?lang=en,https://tickets5.planetcinema.co.il/order/330315?lang=he,Regular,2D,Hebrew,,2026-09-29,2026,,ארז תדמור,105,All,Beer Sheva,Yes Planet,629
17:00,Matchmaking 3,בחורים טובים 3,https://tickets5.planetcinema.co.il/order/330316?lang=en,https://tickets5.planetcinema.co.il/order/330316?lang=he,Regular,2D,Hebrew,,2026-09-29,2026,,ארז תדמור,105,All,Beer Sheva,Yes Planet,629
19:15,Matchmaking 3,בחורים טובים 3,https://tickets5.planetcinema.co.il/order/330317?lang=en,https://tickets5.planetcinema.co.il/order/330317?lang=he,Regular,2D,Hebrew,,2026-09-29,2026,,ארז תדמור,105,All,Beer Sheva,Yes Planet,629
21:30,Matchmaking 3,בחורים טובים 3,https://tickets5.planetcinema.co.il/order/330318?lang=en,https://tickets5.planetcinema.co.il/order/330318?lang=he,Regular,2D,Hebrew,,2026-09-29,2026,,ארז תדמור,105,All,Beer Sheva,Yes Planet,629
14:00,Matchmaking 3,בחורים טובים 3,https://tickets5.planetcinema.co.il/order/329401?lang=en,https://tickets5.planetcinema.co.il/order/329401?lang=he,VIP Light,2D,Hebrew,,2026-09-29,2026,,ארז תדמור,105,All,Beer Sheva,Yes Planet,629
16:15,Matchmaking 3,בחורים טובים 3,https://tickets5.planetcinema.co.il/order/329402?lang=en,https://tickets5.planetcinema.co.il/order/329402?lang=he,VIP Light,2D,Hebrew,,2026-09-29,2026,,ארז תדמור,105,All,Beer Sheva,Yes Planet,629
18:30,Matchmaking 3,בחורים טובים 3,https://tickets5.planetcinema.co.il/order/329403?lang=en,https://tickets5.planetcinema.co.il/order/329403?lang=he,VIP Light,2D,Hebrew,,2026-09-29,2026,,ארז תדמור,105,All,Beer Sheva,Yes Planet,629
20:45,Matchmaking 3,בחורים טובים 3,https://tickets5.planetcinema.co.il/order/329404?lang=en,https://tickets5.planetcinema.co.il/order/329404?lang=he,VIP Light,2D,Hebrew,,2026-09-29,2026,,ארז תדמור,105,All,Beer Sheva,Yes Planet,629
10:00,Forgotten Island,האי הנעלם,https://tickets5.planetcinema.co.il/order/329652?lang=en,https://tickets5.planetcinema.co.il/order/329652?lang=he,Regular,2D 4DX,English,Hebrew,2026-09-29,2026,,,98,9+,Beer Sheva,Yes Planet,629
12:10,Forgotten Island,האי הנעלם,https://tickets5.planetcinema.co.il/order/329650?lang=en,https://tickets5.planetcinema.co.il/order/329650?lang=he,Regular,2D 4DX,English,Hebrew,2026-09-29,2026,,,98,9+,Beer Sheva,Yes Planet,629
10:45,Forgotten Island,האי הנעלם,https://tickets5.planetcinema.co.il/order/330243?lang=en,https://tickets5.planetcinema.co.il/order/330243?lang=he,Regular,2D,English,Hebrew,2026-09-29,2026,,,98,9+,Beer Sheva,Yes Planet,629
13:00,Forgotten Island,האי הנעלם,https://tickets5.planetcinema.co.il/order/330244?lang=en,https://tickets5.planetcinema.co.il/order/330244?lang=he,Regular,2D,English,Hebrew,2026-09-29,2026,,,98,9+,Beer Sheva,Yes Planet,629
15:15,Forgotten Island,האי הנעלם,https://tickets5.planetcinema.co.il/order/330245?lang=en,https://tickets5.planetcinema.co.il/order/330245?lang=he,Regular,2D,English,Hebrew,2026-09-29,2026,,,98,9+,Beer Sheva,Yes Planet,629
17:30,Forgotten Island,האי הנעלם,https://tickets5.planetcinema.co.il/order/330246?lang=en,https://tickets5.planetcinema.co.il/order/330246?lang=he,Regular,2D,English,Hebrew,2026-09-29,2026,,,98,9+,Beer Sheva,Yes Planet,629
11:00,Forgotten Island,האי הנעלם,https://tickets5.planetcinema.co.il/order/330269?lang=en,https://tickets5.planetcinema.co.il/order/330269?lang=he,Regular,2D ScreenX,English,Hebrew,2026-09-29,2026,,,98,9+,Beer Sheva,Yes Planet,629
13:30,Forgotten Island,האי הנעלם,https://tickets5.planetcinema.co.il/order/330268?lang=en,https://tickets5.planetcinema.co.il/order/330268?lang=he,Regular,2D ScreenX,English,Hebrew,2026-09-29,2026,,,98,9+,Beer Sheva,Yes Planet,629
14:20,Forgotten Island,האי הנעלם,https://tickets5.planetcinema.co.il/order/329509?lang=en,https://tickets5.planetcinema.co.il/order/329509?lang=he,Regular,2D 4DX,English,,2026-09-29,2026,,,98,9+,Beer Sheva,Yes Planet,629
16:00,Forgotten Island,האי הנעלם,https://tickets5.planetcinema.co.il/order/330256?lang=en,https://tickets5.planetcinema.co.il/order/330256?lang=he,Regular,2D ScreenX,English,,2026-09-29,2026,,,98,9+,Beer Sheva,Yes Planet,629
19:45,Forgotten Island,האי הנעלם,https://tickets5.planetcinema.co.il/order/330219?lang=en,https://tickets5.planetcinema.co.il/order/330219?lang=he,Regular,2D,English,,2026-09-29,2026,,,98,9+,Beer Sheva,Yes Planet,629
22:00,Forgotten Island,האי הנעלם,https://tickets5.planetcinema.co.il/order/330220?lang=en,https://tickets5.planetcinema.co.il/order/330220?lang=he,Regular,2D,English,,2026-09-29,2026,,,98,9+,Beer Sheva,Yes Planet,629
20:00,At Work,בעבודה,https://tickets5.planetcinema.co.il/order/330015?lang=en,https://tickets5.planetcinema.co.il/order/330015?lang=he,Regular,2D,French,,2026-09-29,2025,,Valérie Donzelli,92,All,Beer Sheva,Yes Planet,629
16:45,Avengers: Endgame re-release,הנוקמים: סוף המשחק - הדרן,https://tickets5.planetcinema.co.il/order/329320?lang=en,https://tickets5.planetcinema.co.il/order/329320?lang=he,Regular,2D,English,,2026-09-29,2019,,,181,All,Beer Sheva,Yes Planet,629
20:30,Avengers: Endgame re-release,הנוקמים: סוף המשחק - הדרן,https://tickets5.planetcinema.co.il/order/329319?lang=en,https://tickets5.planetcinema.co.il/order/329319?lang=he,Regular,2D,English,,2026-09-29,2019,,,181,All,Beer Sheva,Yes Planet,629
17:15,Avengers: Endgame re-release,הנוקמים: סוף המשחק - הדרן,https://tickets5.planetcinema.co.il/order/330330?lang=en,https://tickets5.planetcinema.co.il/order/330330?lang=he,Regular,2D IMAX,English,,2026-09-29,2019,,,181,All,Beer Sheva,Yes Planet,629
21:00,Avengers: Endgame re-release,הנוקמים: סוף המשחק - הדרן,https://tickets5.planetcinema.co.il/order/330329?lang=en,https://tickets5.planetcinema.co.il/order/330329?lang=he,Regular,2D IMAX,English,,2026-09-29,2019,,,181,All,Beer Sheva,Yes Planet,629
16:30,Avengers: Endgame re-release - Infinity Vision,הנוקמים: סוף המשחק - הדרן - Infinity Vi,https://tickets5.planetcinema.co.il/order/329659?lang=en,https://tickets5.planetcinema.co.il/order/329659?lang=he,Regular,2D 4DX,English,,2026-09-29,2019,,,181,,Beer Sheva,Yes Planet,629
20:15,Avengers: Endgame re-release - Infinity Vision,הנוקמים: סוף המשחק - הדרן - Infinity Vi,https://tickets5.planetcinema.co.il/order/329660?lang=en,https://tickets5.planetcinema.co.il/order/329660?lang=he,Regular,2D 4DX,English,,2026-09-29,2019,,,181,,Beer Sheva,Yes Planet,629
18:15,Avengers: Endgame re-release - Infinity Vision,הנוקמים: סוף המשחק - הדרן - Infinity Vi,https://tickets5.planetcinema.co.il/order/330276?lang=en,https://tickets5.planetcinema.co.il/order/330276?lang=he,Regular,2D ScreenX,English,,2026-09-29,2019,,,181,,Beer Sheva,Yes Planet,629
22:00,Avengers: Endgame re-release - Infinity Vision,הנוקמים: סוף המשחק - הדרן - Infinity Vi,https://tickets5.planetcinema.co.il/order/330277?lang=en,https://tickets5.planetcinema.co.il/order/330277?lang=he,Regular,2D ScreenX,English,,2026-09-29,2019,,,181,,Beer Sheva,Yes Planet,629
18:00,Before We Leave Tuscany,להתאהב בטוסקנה,https://tickets5.planetcinema.co.il/order/330039?lang=en,https://tickets5.planetcinema.co.il/order/330039?lang=he,Regular,2D,English,,2026-09-29,,,,91,All,Beer Sheva,Yes Planet,629
10:30,CHARLIE THE WONDERDOG,וונדר-דוג,https://tickets5.planetcinema.co.il/order/330185?lang=en,https://tickets5.planetcinema.co.il/order/330185?lang=he,Regular,2D,Hebrew,Hebrew,2026-09-29,2025,,,92,All,Beer Sheva,Yes Planet,629
12:45,CHARLIE THE WONDERDOG,וונדר-דוג,https://tickets5.planetcinema.co.il/order/330184?lang=en,https://tickets5.planetcinema.co.il/order/330184?lang=he,Regular,2D,Hebrew,Hebrew,2026-09-29,2025,,,92,All,Beer Sheva,Yes Planet,629
15:00,CHARLIE THE WONDERDOG,וונדר-דוג,https://tickets5.planetcinema.co.il/order/330183?lang=en,https://tickets5.planetcinema.co.il/order/330183?lang=he,Regular,2D,Hebrew,Hebrew,2026-09-29,2025,,,92,All,Beer Sheva,Yes Planet,629
16:05,CHARLIE THE WONDERDOG,וונדר-דוג,https://tickets5.planetcinema.co.il/order/329208?lang=en,https://tickets5.planetcinema.co.il/order/329208?lang=he,Regular,2D,Hebrew,Hebrew,2026-09-29,2025,,,92,All,Beer Sheva,Yes Planet,629
17:00,crawlers,קרולרס,https://tickets5.planetcinema.co.il/order/329494?lang=en,https://tickets5.planetcinema.co.il/order/329494?lang=he,Regular,2D,English,,2026-09-29,2026,,,86,14+,Beer Sheva,Yes Planet,629
19:00,crawlers,קרולרס,https://tickets5.planetcinema.co.il/order/329495?lang=en,https://tickets5.planetcinema.co.il/order/329495?lang=he,Regular,2D,English,,2026-09-29,2026,,,86,14+,Beer Sheva,Yes Planet,629
21:00,crawlers,קרולרס,https://tickets5.planetcinema.co.il/order/329496?lang=en,https://tickets5.planetcinema.co.il/order/329496?lang=he,Regular,2D,English,,2026-09-29,2026,,,86,14+,Beer Sheva,Yes Planet,629
20:05,FALL 2,תלויה באוויר 2,https://tickets5.planetcinema.co.il/order/329263?lang=en,https://tickets5.planetcinema.co.il/order/329263?lang=he,Regular,2D,English,,2026-09-29,2026,,"Michael Spierig, Peter Spierig",100,9+,Beer Sheva,Yes Planet,629
16:45,Fast and the Furious - 25th Anniversary,מהיר ועצבני - חגיגות 25 שנה,https://tickets5.planetcinema.co.il/order/330142?lang=en,https://tickets5.planetcinema.co.il/order/330142?lang=he,Regular,2D,English,,2026-09-29,2001,,Rob Cohen,106,,Beer Sheva,Yes Planet,629
22:00,Fast and the Furious - 25th Anniversary,מהיר ועצבני - חגיגות 25 שנה,https://tickets5.planetcinema.co.il/order/330042?lang=en,https://tickets5.planetcinema.co.il/order/330042?lang=he,Regular,2D,English,,2026-09-29,2001,,Rob Cohen,106,,Beer Sheva,Yes Planet,629
11:45,Heart of the Beast,בלב הפרא,https://tickets5.planetcinema.co.il/order/329816?lang=en,https://tickets5.planetcinema.co.il/order/329816?lang=he,Regular,2D,English,,2026-09-29,2026,,David Ayer,101,All,Beer Sheva,Yes Planet,629
14:00,Heart of the Beast,בלב הפרא,https://tickets5.planetcinema.co.il/order/329817?lang=en,https://tickets5.planetcinema.co.il/order/329817?lang=he,Regular,2D,English,,2026-09-29,2026,,David Ayer,101,All,Beer Sheva,Yes Planet,629
16:15,Heart of the Beast,בלב הפרא,https://tickets5.planetcinema.co.il/order/329819?lang=en,https://tickets5.planetcinema.co.il/order/329819?lang=he,Regular,2D,English,,2026-09-29,2026,,David Ayer,101,All,Beer Sheva,Yes Planet,629
18:30,Heart of the Beast,בלב הפרא,https://tickets5.planetcinema.co.il/order/329821?lang=en,https://tickets5.planetcinema.co.il/order/329821?lang=he,Regular,2D,English,,2026-09-29,2026,,David Ayer,101,All,Beer Sheva,Yes Planet,629
20:45,Heart of the Beast,בלב הפרא,https://tickets5.planetcinema.co.il/order/329823?lang=en,https://tickets5.planetcinema.co.il/order/329823?lang=he,Regular,2D,English,,2026-09-29,2026,,David Ayer,101,All,Beer Sheva,Yes Planet,629
15:00,Heart of the Beast,בלב הפרא,https://tickets5.planetcinema.co.il/order/329351?lang=en,https://tickets5.planetcinema.co.il/order/329351?lang=he,VIP Light,2D,English,,2026-09-29,2026,,David Ayer,101,All,Beer Sheva,Yes Planet,629
17:15,Heart of the Beast,בלב הפרא,https://tickets5.planetcinema.co.il/order/329352?lang=en,https://tickets5.planetcinema.co.il/order/329352?lang=he,VIP Light,2D,English,,2026-09-29,2026,,David Ayer,101,All,Beer Sheva,Yes Planet,629
19:30,Heart of the Beast,בלב הפרא,https://tickets5.planetcinema.co.il/order/329353?lang=en,https://tickets5.planetcinema.co.il/order/329353?lang=he,VIP Light,2D,English,,2026-09-29,2026,,David Ayer,101,All,Beer Sheva,Yes Planet,629
21:45,Heart of the Beast,בלב הפרא,https://tickets5.planetcinema.co.il/order/329354?lang=en,https://tickets5.planetcinema.co.il/order/329354?lang=he,VIP Light,2D,English,,2026-09-29,2026,,David Ayer,101,All,Beer Sheva,Yes Planet,629
10:30,Land of Someitmes,אספן המשאלות,https://tickets5.planetcinema.co.il/order/329458?lang=en,https://tickets5.planetcinema.co.il/order/329458?lang=he,Regular,2D,Hebrew,Hebrew,2026-09-29,2026,,,93,All,Beer Sheva,Yes Planet,629
12:45,Land of Someitmes,אספן המשאלות,https://tickets5.planetcinema.co.il/order/329459?lang=en,https://tickets5.planetcinema.co.il/order/329459?lang=he,Regular,2D,Hebrew,Hebrew,2026-09-29,2026,,,93,All,Beer Sheva,Yes Planet,629
14:45,Land of Someitmes,אספן המשאלות,https://tickets5.planetcinema.co.il/order/329460?lang=en,https://tickets5.planetcinema.co.il/order/329460?lang=he,Regular,2D,Hebrew,Hebrew,2026-09-29,2026,,,93,All,Beer Sheva,Yes Planet,629
10:00,Minions & Monsters,מיניונים ומפלצות,https://tickets5.planetcinema.co.il/order/329341?lang=en,https://tickets5.planetcinema.co.il/order/329341?lang=he,Regular,2D,English,Hebrew,2026-09-29,2026,,,90,All,Beer Sheva,Yes Planet,629
12:15,Minions & Monsters,מיניונים ומפלצות,https://tickets5.planetcinema.co.il/order/329342?lang=en,https://tickets5.planetcinema.co.il/order/329342?lang=he,Regular,2D,English,Hebrew,2026-09-29,2026,,,90,All,Beer Sheva,Yes Planet,629
14:30,Minions & Monsters,מיניונים ומפלצות,https://tickets5.planetcinema.co.il/order/329343?lang=en,https://tickets5.planetcinema.co.il/order/329343?lang=he,Regular,2D,English,Hebrew,2026-09-29,2026,,,90,All,Beer Sheva,Yes Planet,629
17:15,Orphan,יתום,https://tickets5.planetcinema.co.il/order/330203?lang=en,https://tickets5.planetcinema.co.il/order/330203?lang=he,Regular,2D,Hungarian,,2026-09-29,2025,,לאסלו נמש,132,14+,Beer Sheva,Yes Planet,629
20:00,Orphan,יתום,https://tickets5.planetcinema.co.il/order/330202?lang=en,https://tickets5.planetcinema.co.il/order/330202?lang=he,Regular,2D,Hungarian,,2026-09-29,2025,,לאסלו נמש,132,14+,Beer Sheva,Yes Planet,629
10:10,Paw Patrol: The Dino Movie,מפרץ ההרפתקאות: אי הדינוזאורים,https://tickets5.planetcinema.co.il/order/329242?lang=en,https://tickets5.planetcinema.co.il/order/329242?lang=he,Regular,2D,Hebrew,Hebrew,2026-09-29,2026,,,90,All,Beer Sheva,Yes Planet,629
12:10,Paw Patrol: The Dino Movie,מפרץ ההרפתקאות: אי הדינוזאורים,https://tickets5.planetcinema.co.il/order/329235?lang=en,https://tickets5.planetcinema.co.il/order/329235?lang=he,Regular,2D,Hebrew,Hebrew,2026-09-29,2026,,,90,All,Beer Sheva,Yes Planet,629
14:10,Paw Patrol: The Dino Movie,מפרץ ההרפתקאות: אי הדינוזאורים,https://tickets5.planetcinema.co.il/order/329236?lang=en,https://tickets5.planetcinema.co.il/order/329236?lang=he,Regular,2D,Hebrew,Hebrew,2026-09-29,2026,,,90,All,Beer Sheva,Yes Planet,629
22:15,Practical Magic 2,קסם מעשי 2,https://tickets5.planetcinema.co.il/order/329251?lang=en,https://tickets5.planetcinema.co.il/order/329251?lang=he,Regular,2D,English,,2026-09-29,2026,,Susanne Bier,130,All,Beer Sheva,Yes Planet,629
17:20,Primavera,פרימוורה,https://tickets5.planetcinema.co.il/order/329295?lang=en,https://tickets5.planetcinema.co.il/order/329295?lang=he,Regular,2D,Italian,,2026-09-29,2025,,דמיאנו מיקילייט,110,12+,Beer Sheva,Yes Planet,629
19:40,Primavera,פרימוורה,https://tickets5.planetcinema.co.il/order/329294?lang=en,https://tickets5.planetcinema.co.il/order/329294?lang=he,Regular,2D,Italian,,2026-09-29,2025,,דמיאנו מיקילייט,110,12+,Beer Sheva,Yes Planet,629
22:00,Primavera,פרימוורה,https://tickets5.planetcinema.co.il/order/329293?lang=en,https://tickets5.planetcinema.co.il/order/329293?lang=he,Regular,2D,Italian,,2026-09-29,2025,,דמיאנו מיקילייט,110,12+,Beer Sheva,Yes Planet,629
21:15,Resident Evil,האויב שבפנים,https://tickets5.planetcinema.co.il/order/330135?lang=en,https://tickets5.planetcinema.co.il/order/330135?lang=he,Regular,2D,English,,2026-09-29,2026,,Zach Cregger,90,16+,Beer Sheva,Yes Planet,629
18:05,RUNNER,ראנר,https://tickets5.planetcinema.co.il/order/329260?lang=en,https://tickets5.planetcinema.co.il/order/329260?lang=he,Regular,2D,Hebrew,,2026-09-29,2026,,Scott Waugh,93,12+,Beer Sheva,Yes Planet,629
10:30,Spider-Man: Brand New Day,ספיידרמן: יום חדש,https://tickets5.planetcinema.co.il/order/330083?lang=en,https://tickets5.planetcinema.co.il/order/330083?lang=he,Regular,2D,English,,2026-09-29,2026,,Destin Daniel Cretton,140,All,Beer Sheva,Yes Planet,629
12:00,Spider-Man: Brand New Day,ספיידרמן: יום חדש,https://tickets5.planetcinema.co.il/order/329288?lang=en,https://tickets5.planetcinema.co.il/order/329288?lang=he,Regular,2D,English,,2026-09-29,2026,,Destin Daniel Cretton,140,All,Beer Sheva,Yes Planet,629
13:30,Spider-Man: Brand New Day,ספיידרמן: יום חדש,https://tickets5.planetcinema.co.il/order/330084?lang=en,https://tickets5.planetcinema.co.il/order/330084?lang=he,Regular,2D,English,,2026-09-29,2026,,Destin Daniel Cretton,140,All,Beer Sheva,Yes Planet,629
16:15,Spider-Man: Brand New Day,ספיידרמן: יום חדש,https://tickets5.planetcinema.co.il/order/330085?lang=en,https://tickets5.planetcinema.co.il/order/330085?lang=he,Regular,2D,English,,2026-09-29,2026,,Destin Daniel Cretton,140,All,Beer Sheva,Yes Planet,629
19:10,Spider-Man: Brand New Day,ספיידרמן: יום חדש,https://tickets5.planetcinema.co.il/order/330086?lang=en,https://tickets5.planetcinema.co.il/order/330086?lang=he,Regular,2D,English,,2026-09-29,2026,,Destin Daniel Cretton,140,All,Beer Sheva,Yes Planet,629
22:00,Spider-Man: Brand New Day,ספיידרמן: יום חדש,https://tickets5.planetcinema.co.il/order/330087?lang=en,https://tickets5.planetcinema.co.il/order/330087?lang=he,Regular,2D,English,,2026-09-29,2026,,Destin Daniel Cretton,140,All,Beer Sheva,Yes Planet,629
10:00,Spinned,מרגלים מהאגדות,https://tickets5.planetcinema.co.il/order/330161?lang=en,https://tickets5.planetcinema.co.il/order/330161?lang=he,Regular,2D,Hebrew,Hebrew,2026-09-29,2025,,,96,All,Beer Sheva,Yes Planet,629
12:15,Spinned,מרגלים מהאגדות,https://tickets5.planetcinema.co.il/order/330160?lang=en,https://tickets5.planetcinema.co.il/order/330160?lang=he,Regular,2D,Hebrew,Hebrew,2026-09-29,2025,,,96,All,Beer Sheva,Yes Planet,629
14:30,Spinned,מרגלים מהאגדות,https://tickets5.planetcinema.co.il/order/330159?lang=en,https://tickets5.planetcinema.co.il/order/330159?lang=he,Regular,2D,Hebrew,Hebrew,2026-09-29,2025,,,96,All,Beer Sheva,Yes Planet,629
16:00,Spinned,מרגלים מהאגדות,https://tickets5.planetcinema.co.il/order/330051?lang=en,https://tickets5.planetcinema.co.il/order/330051?lang=he,Regular,2D,Hebrew,Hebrew,2026-09-29,2025,,,96,All,Beer Sheva,Yes Planet,629
10:00,Tad and the Magic Lamp,טד החוקר ומנורת הקסמים,https://tickets5.planetcinema.co.il/order/330022?lang=en,https://tickets5.planetcinema.co.il/order/330022?lang=he,Regular,2D,Hebrew,Hebrew,2026-09-29,2026,,,94,All,Beer Sheva,Yes Planet,629
14:00,Tad and the Magic Lamp,טד החוקר ומנורת הקסמים,https://tickets5.planetcinema.co.il/order/330028?lang=en,https://tickets5.planetcinema.co.il/order/330028?lang=he,Regular,2D,Hebrew,Hebrew,2026-09-29,2026,,,94,All,Beer Sheva,Yes Planet,629
12:30,tell me everything,עצמאות,https://tickets5.planetcinema.co.il/order/329415?lang=en,https://tickets5.planetcinema.co.il/order/329415?lang=he,Regular,2D,Hebrew,,2026-09-29,2026,,משה רוזנטל,109,12+,Beer Sheva,Yes Planet,629
15:00,tell me everything,עצמאות,https://tickets5.planetcinema.co.il/order/329416?lang=en,https://tickets5.planetcinema.co.il/order/329416?lang=he,Regular,2D,Hebrew,,2026-09-29,2026,,משה רוזנטל,109,12+,Beer Sheva,Yes Planet,629
17:30,tell me everything,עצמאות,https://tickets5.planetcinema.co.il/order/329417?lang=en,https://tickets5.planetcinema.co.il/order/329417?lang=he,Regular,2D,Hebrew,,2026-09-29,2026,,משה רוזנטל,109,12+,Beer Sheva,Yes Planet,629
19:45,tell me everything,עצמאות,https://tickets5.planetcinema.co.il/order/329418?lang=en,https://tickets5.planetcinema.co.il/order/329418?lang=he,Regular,2D,Hebrew,,2026-09-29,2026,,משה רוזנטל,109,12+,Beer Sheva,Yes Planet,629
22:10,tell me everything,עצמאות,https://tickets5.planetcinema.co.il/order/329419?lang=en,https://tickets5.planetcinema.co.il/order/329419?lang=he,Regular,2D,Hebrew,,2026-09-29,2026,,משה רוזנטל,109,12+,Beer Sheva,Yes Planet,629
12:00,THE DESERT CHILD,ילד המדבר,https://tickets5.planetcinema.co.il/order/330034?lang=en,https://tickets5.planetcinema.co.il/order/330034?lang=he,Regular,2D,Hebrew,Hebrew,2026-09-29,2026,,Gilles de Maistre,92,All,Beer Sheva,Yes Planet,629
10:15,The Odyssey,האודיסאה,https://tickets5.planetcinema.co.il/order/333612?lang=en,https://tickets5.planetcinema.co.il/order/333612?lang=he,Regular,2D IMAX,English,,2026-09-29,2026,,Christopher Nolan,172,14+,Beer Sheva,Yes Planet,629
13:45,The Odyssey,האודיסאה,https://tickets5.planetcinema.co.il/order/333613?lang=en,https://tickets5.planetcinema.co.il/order/333613?lang=he,Regular,2D IMAX,English,,2026-09-29,2026,,Christopher Nolan,172,14+,Beer Sheva,Yes Planet,629
12:30,The Odyssey,האודיסאה,https://tickets5.planetcinema.co.il/order/330351?lang=en,https://tickets5.planetcinema.co.il/order/330351?lang=he,Regular,2D,English,,2026-09-29,2026,,Christopher Nolan,172,14+,Beer Sheva,Yes Planet,629
16:00,The Odyssey,האודיסאה,https://tickets5.planetcinema.co.il/order/330352?lang=en,https://tickets5.planetcinema.co.il/order/330352?lang=he,Regular,2D,English,,2026-09-29,2026,,Christopher Nolan,172,14+,Beer Sheva,Yes Planet,629
19:30,The Odyssey,האודיסאה,https://tickets5.planetcinema.co.il/order/330353?lang=en,https://tickets5.planetcinema.co.il/order/330353?lang=he,Regular,2D,English,,2026-09-29,2026,,Christopher Nolan,172,14+,Beer Sheva,Yes Planet,629
10:00,THE POUT POUT FISH,דג ושמו באסה,https://tickets5.planetcinema.co.il/order/329270?lang=en,https://tickets5.planetcinema.co.il/order/329270?lang=he,Regular,2D,Hebrew,Hebrew,2026-09-29,2026,,,93,All,Beer Sheva,Yes Planet,629
14:45,The Uprising,המרד,https://tickets5.planetcinema.co.il/order/329277?lang=en,https://tickets5.planetcinema.co.il/order/329277?lang=he,Regular,2D,English,,2026-09-29,2026,,Paul Greengrass,127,14+,Beer Sheva,Yes Planet,629
10:15,Toy Story 5,צעצוע של סיפור 5,https://tickets5.planetcinema.co.il/order/329453?lang=en,https://tickets5.planetcinema.co.il/order/329453?lang=he,Regular,2D,English,Hebrew,2026-09-29,2026,,,102,All,Beer Sheva,Yes Planet,629
10:00,Valley of Shadows,בחזרה מההימלאיה,https://tickets5.planetcinema.co.il/order/329857?lang=en,https://tickets5.planetcinema.co.il/order/329857?lang=he,Regular,2D,Spanish,,2026-09-29,2023,,Salvador Calvo,120,12+,Beer Sheva,Yes Planet,629
10:15,Matchmaking 3,בחורים טובים 3,https://tickets5.planetcinema.co.il/order/330319?lang=en,https://tickets5.planetcinema.co.il/order/330319?lang=he,Regular,2D,Hebrew,,2026-09-30,2026,,ארז תדמור,105,All,Beer Sheva,Yes Planet,629
12:30,Matchmaking 3,בחורים טובים 3,https://tickets5.planetcinema.co.il/order/330320?lang=en,https://tickets5.planetcinema.co.il/order/330320?lang=he,Regular,2D,Hebrew,,2026-09-30,2026,,ארז תדמור,105,All,Beer Sheva,Yes Planet,629
14:45,Matchmaking 3,בחורים טובים 3,https://tickets5.planetcinema.co.il/order/330321?lang=en,https://tickets5.planetcinema.co.il/order/330321?lang=he,Regular,2D,Hebrew,,2026-09-30,2026,,ארז תדמור,105,All,Beer Sheva,Yes Planet,629
17:00,Matchmaking 3,בחורים טובים 3,https://tickets5.planetcinema.co.il/order/330322?lang=en,https://tickets5.planetcinema.co.il/order/330322?lang=he,Regular,2D,Hebrew,,2026-09-30,2026,,ארז תדמור,105,All,Beer Sheva,Yes Planet,629
19:15,Matchmaking 3,בחורים טובים 3,https://tickets5.planetcinema.co.il/order/330323?lang=en,https://tickets5.planetcinema.co.il/order/330323?lang=he,Regular,2D,Hebrew,,2026-09-30,2026,,ארז תדמור,105,All,Beer Sheva,Yes Planet,629
21:30,Matchmaking 3,בחורים טובים 3,https://tickets5.planetcinema.co.il/order/330324?lang=en,https://tickets5.planetcinema.co.il/order/330324?lang=he,Regular,2D,Hebrew,,2026-09-30,2026,,ארז תדמור,105,All,Beer Sheva,Yes Planet,629
14:00,Matchmaking 3,בחורים טובים 3,https://tickets5.planetcinema.co.il/order/329405?lang=en,https://tickets5.planetcinema.co.il/order/329405?lang=he,VIP Light,2D,Hebrew,,2026-09-30,2026,,ארז תדמור,105,All,Beer Sheva,Yes Planet,629
16:15,Matchmaking 3,בחורים טובים 3,https://tickets5.planetcinema.co.il/order/329406?lang=en,https://tickets5.planetcinema.co.il/order/329406?lang=he,VIP Light,2D,Hebrew,,2026-09-30,2026,,ארז תדמור,105,All,Beer Sheva,Yes Planet,629
18:30,Matchmaking 3,בחורים טובים 3,https://tickets5.planetcinema.co.il/order/329407?lang=en,https://tickets5.planetcinema.co.il/order/329407?lang=he,VIP Light,2D,Hebrew,,2026-09-30,2026,,ארז תדמור,105,All,Beer Sheva,Yes Planet,629
20:45,Matchmaking 3,בחורים טובים 3,https://tickets5.planetcinema.co.il/order/329408?lang=en,https://tickets5.planetcinema.co.il/order/329408?lang=he,VIP Light,2D,Hebrew,,2026-09-30,2026,,ארז תדמור,105,All,Beer Sheva,Yes Planet,629
10:00,Forgotten Island,האי הנעלם,https://tickets5.planetcinema.co.il/order/329635?lang=en,https://tickets5.planetcinema.co.il/order/329635?lang=he,Regular,2D 4DX,English,Hebrew,2026-09-30,2026,,,98,9+,Beer Sheva,Yes Planet,629
12:10,Forgotten Island,האי הנעלם,https://tickets5.planetcinema.co.il/order/329636?lang=en,https://tickets5.planetcinema.co.il/order/329636?lang=he,Regular,2D 4DX,English,Hebrew,2026-09-30,2026,,,98,9+,Beer Sheva,Yes Planet,629
10:45,Forgotten Island,האי הנעלם,https://tickets5.planetcinema.co.il/order/330247?lang=en,https://tickets5.planetcinema.co.il/order/330247?lang=he,Regular,2D,English,Hebrew,2026-09-30,2026,,,98,9+,Beer Sheva,Yes Planet,629
13:00,Forgotten Island,האי הנעלם,https://tickets5.planetcinema.co.il/order/330248?lang=en,https://tickets5.planetcinema.co.il/order/330248?lang=he,Regular,2D,English,Hebrew,2026-09-30,2026,,,98,9+,Beer Sheva,Yes Planet,629
15:15,Forgotten Island,האי הנעלם,https://tickets5.planetcinema.co.il/order/330249?lang=en,https://tickets5.planetcinema.co.il/order/330249?lang=he,Regular,2D,English,Hebrew,2026-09-30,2026,,,98,9+,Beer Sheva,Yes Planet,629
17:30,Forgotten Island,האי הנעלם,https://tickets5.planetcinema.co.il/order/330250?lang=en,https://tickets5.planetcinema.co.il/order/330250?lang=he,Regular,2D,English,Hebrew,2026-09-30,2026,,,98,9+,Beer Sheva,Yes Planet,629
11:00,Forgotten Island,האי הנעלם,https://tickets5.planetcinema.co.il/order/330270?lang=en,https://tickets5.planetcinema.co.il/order/330270?lang=he,Regular,2D ScreenX,English,Hebrew,2026-09-30,2026,,,98,9+,Beer Sheva,Yes Planet,629
13:30,Forgotten Island,האי הנעלם,https://tickets5.planetcinema.co.il/order/330271?lang=en,https://tickets5.planetcinema.co.il/order/330271?lang=he,Regular,2D ScreenX,English,Hebrew,2026-09-30,2026,,,98,9+,Beer Sheva,Yes Planet,629
14:20,Forgotten Island,האי הנעלם,https://tickets5.planetcinema.co.il/order/329510?lang=en,https://tickets5.planetcinema.co.il/order/329510?lang=he,Regular,2D 4DX,English,,2026-09-30,2026,,,98,9+,Beer Sheva,Yes Planet,629
16:00,Forgotten Island,האי הנעלם,https://tickets5.planetcinema.co.il/order/330257?lang=en,https://tickets5.planetcinema.co.il/order/330257?lang=he,Regular,2D ScreenX,English,,2026-09-30,2026,,,98,9+,Beer Sheva,Yes Planet,629
19:45,Forgotten Island,האי הנעלם,https://tickets5.planetcinema.co.il/order/330222?lang=en,https://tickets5.planetcinema.co.il/order/330222?lang=he,Regular,2D,English,,2026-09-30,2026,,,98,9+,Beer Sheva,Yes Planet,629
22:00,Forgotten Island,האי הנעלם,https://tickets5.planetcinema.co.il/order/330221?lang=en,https://tickets5.planetcinema.co.il/order/330221?lang=he,Regular,2D,English,,2026-09-30,2026,,,98,9+,Beer Sheva,Yes Planet,629
16:45,Avengers: Endgame re-release,הנוקמים: סוף המשחק - הדרן,https://tickets5.planetcinema.co.il/order/329322?lang=en,https://tickets5.planetcinema.co.il/order/329322?lang=he,Regular,2D,English,,2026-09-30,2019,,,181,All,Beer Sheva,Yes Planet,629
20:30,Avengers: Endgame re-release,הנוקמים: סוף המשחק - הדרן,https://tickets5.planetcinema.co.il/order/329321?lang=en,https://tickets5.planetcinema.co.il/order/329321?lang=he,Regular,2D,English,,2026-09-30,2019,,,181,All,Beer Sheva,Yes Planet,629
17:15,Avengers: Endgame re-release,הנוקמים: סוף המשחק - הדרן,https://tickets5.planetcinema.co.il/order/330331?lang=en,https://tickets5.planetcinema.co.il/order/330331?lang=he,Regular,2D IMAX,English,,2026-09-30,2019,,,181,All,Beer Sheva,Yes Planet,629
21:00,Avengers: Endgame re-release,הנוקמים: סוף המשחק - הדרן,https://tickets5.planetcinema.co.il/order/330332?lang=en,https://tickets5.planetcinema.co.il/order/330332?lang=he,Regular,2D IMAX,English,,2026-09-30,2019,,,181,All,Beer Sheva,Yes Planet,629
16:30,Avengers: Endgame re-release - Infinity Vision,הנוקמים: סוף המשחק - הדרן - Infinity Vi,https://tickets5.planetcinema.co.il/order/329662?lang=en,https://tickets5.planetcinema.co.il/order/329662?lang=he,Regular,2D 4DX,English,,2026-09-30,2019,,,181,,Beer Sheva,Yes Planet,629
20:15,Avengers: Endgame re-release - Infinity Vision,הנוקמים: סוף המשחק - הדרן - Infinity Vi,https://tickets5.planetcinema.co.il/order/329661?lang=en,https://tickets5.planetcinema.co.il/order/329661?lang=he,Regular,2D 4DX,English,,2026-09-30,2019,,,181,,Beer Sheva,Yes Planet,629
18:15,Avengers: Endgame re-release - Infinity Vision,הנוקמים: סוף המשחק - הדרן - Infinity Vi,https://tickets5.planetcinema.co.il/order/330279?lang=en,https://tickets5.planetcinema.co.il/order/330279?lang=he,Regular,2D ScreenX,English,,2026-09-30,2019,,,181,,Beer Sheva,Yes Planet,629
22:00,Avengers: Endgame re-release - Infinity Vision,הנוקמים: סוף המשחק - הדרן - Infinity Vi,https://tickets5.planetcinema.co.il/order/330278?lang=en,https://tickets5.planetcinema.co.il/order/330278?lang=he,Regular,2D ScreenX,English,,2026-09-30,2019,,,181,,Beer Sheva,Yes Planet,629
10:30,CHARLIE THE WONDERDOG,וונדר-דוג,https://tickets5.planetcinema.co.il/order/330186?lang=en,https://tickets5.planetcinema.co.il/order/330186?lang=he,Regular,2D,Hebrew,Hebrew,2026-09-30,2025,,,92,All,Beer Sheva,Yes Planet,629
12:45,CHARLIE THE WONDERDOG,וונדר-דוג,https://tickets5.planetcinema.co.il/order/330187?lang=en,https://tickets5.planetcinema.co.il/order/330187?lang=he,Regular,2D,Hebrew,Hebrew,2026-09-30,2025,,,92,All,Beer Sheva,Yes Planet,629
15:00,CHARLIE THE WONDERDOG,וונדר-דוג,https://tickets5.planetcinema.co.il/order/330188?lang=en,https://tickets5.planetcinema.co.il/order/330188?lang=he,Regular,2D,Hebrew,Hebrew,2026-09-30,2025,,,92,All,Beer Sheva,Yes Planet,629
16:05,CHARLIE THE WONDERDOG,וונדר-דוג,https://tickets5.planetcinema.co.il/order/329212?lang=en,https://tickets5.planetcinema.co.il/order/329212?lang=he,Regular,2D,Hebrew,Hebrew,2026-09-30,2025,,,92,All,Beer Sheva,Yes Planet,629
17:00,crawlers,קרולרס,https://tickets5.planetcinema.co.il/order/329497?lang=en,https://tickets5.planetcinema.co.il/order/329497?lang=he,Regular,2D,English,,2026-09-30,2026,,,86,14+,Beer Sheva,Yes Planet,629
19:00,crawlers,קרולרס,https://tickets5.planetcinema.co.il/order/329498?lang=en,https://tickets5.planetcinema.co.il/order/329498?lang=he,Regular,2D,English,,2026-09-30,2026,,,86,14+,Beer Sheva,Yes Planet,629
21:00,crawlers,קרולרס,https://tickets5.planetcinema.co.il/order/329499?lang=en,https://tickets5.planetcinema.co.il/order/329499?lang=he,Regular,2D,English,,2026-09-30,2026,,,86,14+,Beer Sheva,Yes Planet,629
20:05,FALL 2,תלויה באוויר 2,https://tickets5.planetcinema.co.il/order/329262?lang=en,https://tickets5.planetcinema.co.il/order/329262?lang=he,Regular,2D,English,,2026-09-30,2026,,"Michael Spierig, Peter Spierig",100,9+,Beer Sheva,Yes Planet,629
16:30,Fast and the Furious - 25th Anniversary,מהיר ועצבני - חגיגות 25 שנה,https://tickets5.planetcinema.co.il/order/330143?lang=en,https://tickets5.planetcinema.co.il/order/330143?lang=he,Regular,2D,English,,2026-09-30,2001,,Rob Cohen,106,,Beer Sheva,Yes Planet,629
11:45,Heart of the Beast,בלב הפרא,https://tickets5.planetcinema.co.il/order/329828?lang=en,https://tickets5.planetcinema.co.il/order/329828?lang=he,Regular,2D,English,,2026-09-30,2026,,David Ayer,101,All,Beer Sheva,Yes Planet,629
14:00,Heart of the Beast,בלב הפרא,https://tickets5.planetcinema.co.il/order/329830?lang=en,https://tickets5.planetcinema.co.il/order/329830?lang=he,Regular,2D,English,,2026-09-30,2026,,David Ayer,101,All,Beer Sheva,Yes Planet,629
16:15,Heart of the Beast,בלב הפרא,https://tickets5.planetcinema.co.il/order/329832?lang=en,https://tickets5.planetcinema.co.il/order/329832?lang=he,Regular,2D,English,,2026-09-30,2026,,David Ayer,101,All,Beer Sheva,Yes Planet,629
18:30,Heart of the Beast,בלב הפרא,https://tickets5.planetcinema.co.il/order/329834?lang=en,https://tickets5.planetcinema.co.il/order/329834?lang=he,Regular,2D,English,,2026-09-30,2026,,David Ayer,101,All,Beer Sheva,Yes Planet,629
20:45,Heart of the Beast,בלב הפרא,https://tickets5.planetcinema.co.il/order/329835?lang=en,https://tickets5.planetcinema.co.il/order/329835?lang=he,Regular,2D,English,,2026-09-30,2026,,David Ayer,101,All,Beer Sheva,Yes Planet,629
15:00,Heart of the Beast,בלב הפרא,https://tickets5.planetcinema.co.il/order/329347?lang=en,https://tickets5.planetcinema.co.il/order/329347?lang=he,VIP Light,2D,English,,2026-09-30,2026,,David Ayer,101,All,Beer Sheva,Yes Planet,629
17:15,Heart of the Beast,בלב הפרא,https://tickets5.planetcinema.co.il/order/329348?lang=en,https://tickets5.planetcinema.co.il/order/329348?lang=he,VIP Light,2D,English,,2026-09-30,2026,,David Ayer,101,All,Beer Sheva,Yes Planet,629
19:30,Heart of the Beast,בלב הפרא,https://tickets5.planetcinema.co.il/order/329349?lang=en,https://tickets5.planetcinema.co.il/order/329349?lang=he,VIP Light,2D,English,,2026-09-30,2026,,David Ayer,101,All,Beer Sheva,Yes Planet,629
21:45,Heart of the Beast,בלב הפרא,https://tickets5.planetcinema.co.il/order/329350?lang=en,https://tickets5.planetcinema.co.il/order/329350?lang=he,VIP Light,2D,English,,2026-09-30,2026,,David Ayer,101,All,Beer Sheva,Yes Planet,629
10:30,Land of Someitmes,אספן המשאלות,https://tickets5.planetcinema.co.il/order/329455?lang=en,https://tickets5.planetcinema.co.il/order/329455?lang=he,Regular,2D,Hebrew,Hebrew,2026-09-30,2026,,,93,All,Beer Sheva,Yes Planet,629
12:45,Land of Someitmes,אספן המשאלות,https://tickets5.planetcinema.co.il/order/329456?lang=en,https://tickets5.planetcinema.co.il/order/329456?lang=he,Regular,2D,Hebrew,Hebrew,2026-09-30,2026,,,93,All,Beer Sheva,Yes Planet,629
14:45,Land of Someitmes,אספן המשאלות,https://tickets5.planetcinema.co.il/order/329457?lang=en,https://tickets5.planetcinema.co.il/order/329457?lang=he,Regular,2D,Hebrew,Hebrew,2026-09-30,2026,,,93,All,Beer Sheva,Yes Planet,629
10:00,Minions & Monsters,מיניונים ומפלצות,https://tickets5.planetcinema.co.il/order/329344?lang=en,https://tickets5.planetcinema.co.il/order/329344?lang=he,Regular,2D,English,Hebrew,2026-09-30,2026,,,90,All,Beer Sheva,Yes Planet,629
12:15,Minions & Monsters,מיניונים ומפלצות,https://tickets5.planetcinema.co.il/order/329345?lang=en,https://tickets5.planetcinema.co.il/order/329345?lang=he,Regular,2D,English,Hebrew,2026-09-30,2026,,,90,All,Beer Sheva,Yes Planet,629
14:30,Minions & Monsters,מיניונים ומפלצות,https://tickets5.planetcinema.co.il/order/329346?lang=en,https://tickets5.planetcinema.co.il/order/329346?lang=he,Regular,2D,English,Hebrew,2026-09-30,2026,,,90,All,Beer Sheva,Yes Planet,629
17:15,Orphan,יתום,https://tickets5.planetcinema.co.il/order/330204?lang=en,https://tickets5.planetcinema.co.il/order/330204?lang=he,Regular,2D,Hungarian,,2026-09-30,2025,,לאסלו נמש,132,14+,Beer Sheva,Yes Planet,629
20:00,Orphan,יתום,https://tickets5.planetcinema.co.il/order/330205?lang=en,https://tickets5.planetcinema.co.il/order/330205?lang=he,Regular,2D,Hungarian,,2026-09-30,2025,,לאסלו נמש,132,14+,Beer Sheva,Yes Planet,629
10:10,Paw Patrol: The Dino Movie,מפרץ ההרפתקאות: אי הדינוזאורים,https://tickets5.planetcinema.co.il/order/329241?lang=en,https://tickets5.planetcinema.co.il/order/329241?lang=he,Regular,2D,Hebrew,Hebrew,2026-09-30,2026,,,90,All,Beer Sheva,Yes Planet,629
12:10,Paw Patrol: The Dino Movie,מפרץ ההרפתקאות: אי הדינוזאורים,https://tickets5.planetcinema.co.il/order/329237?lang=en,https://tickets5.planetcinema.co.il/order/329237?lang=he,Regular,2D,Hebrew,Hebrew,2026-09-30,2026,,,90,All,Beer Sheva,Yes Planet,629
14:10,Paw Patrol: The Dino Movie,מפרץ ההרפתקאות: אי הדינוזאורים,https://tickets5.planetcinema.co.il/order/329239?lang=en,https://tickets5.planetcinema.co.il/order/329239?lang=he,Regular,2D,Hebrew,Hebrew,2026-09-30,2026,,,90,All,Beer Sheva,Yes Planet,629
17:20,Primavera,פרימוורה,https://tickets5.planetcinema.co.il/order/329292?lang=en,https://tickets5.planetcinema.co.il/order/329292?lang=he,Regular,2D,Italian,,2026-09-30,2025,,דמיאנו מיקילייט,110,12+,Beer Sheva,Yes Planet,629
19:40,Primavera,פרימוורה,https://tickets5.planetcinema.co.il/order/329291?lang=en,https://tickets5.planetcinema.co.il/order/329291?lang=he,Regular,2D,Italian,,2026-09-30,2025,,דמיאנו מיקילייט,110,12+,Beer Sheva,Yes Planet,629
22:00,Primavera,פרימוורה,https://tickets5.planetcinema.co.il/order/329290?lang=en,https://tickets5.planetcinema.co.il/order/329290?lang=he,Regular,2D,Italian,,2026-09-30,2025,,דמיאנו מיקילייט,110,12+,Beer Sheva,Yes Planet,629
22:20,Resident Evil,האויב שבפנים,https://tickets5.planetcinema.co.il/order/330136?lang=en,https://tickets5.planetcinema.co.il/order/330136?lang=he,Regular,2D,English,,2026-09-30,2026,,Zach Cregger,90,16+,Beer Sheva,Yes Planet,629
18:05,RUNNER,ראנר,https://tickets5.planetcinema.co.il/order/329261?lang=en,https://tickets5.planetcinema.co.il/order/329261?lang=he,Regular,2D,Hebrew,,2026-09-30,2026,,Scott Waugh,93,12+,Beer Sheva,Yes Planet,629
10:30,Spider-Man: Brand New Day,ספיידרמן: יום חדש,https://tickets5.planetcinema.co.il/order/330088?lang=en,https://tickets5.planetcinema.co.il/order/330088?lang=he,Regular,2D,English,,2026-09-30,2026,,Destin Daniel Cretton,140,All,Beer Sheva,Yes Planet,629
12:00,Spider-Man: Brand New Day,ספיידרמן: יום חדש,https://tickets5.planetcinema.co.il/order/329289?lang=en,https://tickets5.planetcinema.co.il/order/329289?lang=he,Regular,2D,English,,2026-09-30,2026,,Destin Daniel Cretton,140,All,Beer Sheva,Yes Planet,629
13:30,Spider-Man: Brand New Day,ספיידרמן: יום חדש,https://tickets5.planetcinema.co.il/order/330089?lang=en,https://tickets5.planetcinema.co.il/order/330089?lang=he,Regular,2D,English,,2026-09-30,2026,,Destin Daniel Cretton,140,All,Beer Sheva,Yes Planet,629
16:15,Spider-Man: Brand New Day,ספיידרמן: יום חדש,https://tickets5.planetcinema.co.il/order/330090?lang=en,https://tickets5.planetcinema.co.il/order/330090?lang=he,Regular,2D,English,,2026-09-30,2026,,Destin Daniel Cretton,140,All,Beer Sheva,Yes Planet,629
19:10,Spider-Man: Brand New Day,ספיידרמן: יום חדש,https://tickets5.planetcinema.co.il/order/330091?lang=en,https://tickets5.planetcinema.co.il/order/330091?lang=he,Regular,2D,English,,2026-09-30,2026,,Destin Daniel Cretton,140,All,Beer Sheva,Yes Planet,629
22:00,Spider-Man: Brand New Day,ספיידרמן: יום חדש,https://tickets5.planetcinema.co.il/order/330092?lang=en,https://tickets5.planetcinema.co.il/order/330092?lang=he,Regular,2D,English,,2026-09-30,2026,,Destin Daniel Cretton,140,All,Beer Sheva,Yes Planet,629
10:00,Spinned,מרגלים מהאגדות,https://tickets5.planetcinema.co.il/order/330162?lang=en,https://tickets5.planetcinema.co.il/order/330162?lang=he,Regular,2D,Hebrew,Hebrew,2026-09-30,2025,,,96,All,Beer Sheva,Yes Planet,629
12:15,Spinned,מרגלים מהאגדות,https://tickets5.planetcinema.co.il/order/330163?lang=en,https://tickets5.planetcinema.co.il/order/330163?lang=he,Regular,2D,Hebrew,Hebrew,2026-09-30,2025,,,96,All,Beer Sheva,Yes Planet,629
14:30,Spinned,מרגלים מהאגדות,https://tickets5.planetcinema.co.il/order/330164?lang=en,https://tickets5.planetcinema.co.il/order/330164?lang=he,Regular,2D,Hebrew,Hebrew,2026-09-30,2025,,,96,All,Beer Sheva,Yes Planet,629
16:00,Spinned,מרגלים מהאגדות,https://tickets5.planetcinema.co.il/order/330052?lang=en,https://tickets5.planetcinema.co.il/order/330052?lang=he,Regular,2D,Hebrew,Hebrew,2026-09-30,2025,,,96,All,Beer Sheva,Yes Planet,629
10:00,Tad and the Magic Lamp,טד החוקר ומנורת הקסמים,https://tickets5.planetcinema.co.il/order/330023?lang=en,https://tickets5.planetcinema.co.il/order/330023?lang=he,Regular,2D,Hebrew,Hebrew,2026-09-30,2026,,,94,All,Beer Sheva,Yes Planet,629
14:00,Tad and the Magic Lamp,טד החוקר ומנורת הקסמים,https://tickets5.planetcinema.co.il/order/330029?lang=en,https://tickets5.planetcinema.co.il/order/330029?lang=he,Regular,2D,Hebrew,Hebrew,2026-09-30,2026,,,94,All,Beer Sheva,Yes Planet,629
12:30,tell me everything,עצמאות,https://tickets5.planetcinema.co.il/order/329409?lang=en,https://tickets5.planetcinema.co.il/order/329409?lang=he,Regular,2D,Hebrew,,2026-09-30,2026,,משה רוזנטל,109,12+,Beer Sheva,Yes Planet,629
15:00,tell me everything,עצמאות,https://tickets5.planetcinema.co.il/order/329410?lang=en,https://tickets5.planetcinema.co.il/order/329410?lang=he,Regular,2D,Hebrew,,2026-09-30,2026,,משה רוזנטל,109,12+,Beer Sheva,Yes Planet,629
17:30,tell me everything,עצמאות,https://tickets5.planetcinema.co.il/order/329411?lang=en,https://tickets5.planetcinema.co.il/order/329411?lang=he,Regular,2D,Hebrew,,2026-09-30,2026,,משה רוזנטל,109,12+,Beer Sheva,Yes Planet,629
19:45,tell me everything,עצמאות,https://tickets5.planetcinema.co.il/order/329412?lang=en,https://tickets5.planetcinema.co.il/order/329412?lang=he,Regular,2D,Hebrew,,2026-09-30,2026,,משה רוזנטל,109,12+,Beer Sheva,Yes Planet,629
22:10,tell me everything,עצמאות,https://tickets5.planetcinema.co.il/order/329413?lang=en,https://tickets5.planetcinema.co.il/order/329413?lang=he,Regular,2D,Hebrew,,2026-09-30,2026,,משה רוזנטל,109,12+,Beer Sheva,Yes Planet,629
12:00,THE DESERT CHILD,ילד המדבר,https://tickets5.planetcinema.co.il/order/330035?lang=en,https://tickets5.planetcinema.co.il/order/330035?lang=he,Regular,2D,Hebrew,Hebrew,2026-09-30,2026,,Gilles de Maistre,92,All,Beer Sheva,Yes Planet,629
10:15,The Odyssey,האודיסאה,https://tickets5.planetcinema.co.il/order/333614?lang=en,https://tickets5.planetcinema.co.il/order/333614?lang=he,Regular,2D IMAX,English,,2026-09-30,2026,,Christopher Nolan,172,14+,Beer Sheva,Yes Planet,629
13:45,The Odyssey,האודיסאה,https://tickets5.planetcinema.co.il/order/333615?lang=en,https://tickets5.planetcinema.co.il/order/333615?lang=he,Regular,2D IMAX,English,,2026-09-30,2026,,Christopher Nolan,172,14+,Beer Sheva,Yes Planet,629
12:30,The Odyssey,האודיסאה,https://tickets5.planetcinema.co.il/order/330354?lang=en,https://tickets5.planetcinema.co.il/order/330354?lang=he,Regular,2D,English,,2026-09-30,2026,,Christopher Nolan,172,14+,Beer Sheva,Yes Planet,629
16:00,The Odyssey,האודיסאה,https://tickets5.planetcinema.co.il/order/330355?lang=en,https://tickets5.planetcinema.co.il/order/330355?lang=he,Regular,2D,English,,2026-09-30,2026,,Christopher Nolan,172,14+,Beer Sheva,Yes Planet,629
19:30,The Odyssey,האודיסאה,https://tickets5.planetcinema.co.il/order/330356?lang=en,https://tickets5.planetcinema.co.il/order/330356?lang=he,Regular,2D,English,,2026-09-30,2026,,Christopher Nolan,172,14+,Beer Sheva,Yes Planet,629
10:00,THE POUT POUT FISH,דג ושמו באסה,https://tickets5.planetcinema.co.il/order/329269?lang=en,https://tickets5.planetcinema.co.il/order/329269?lang=he,Regular,2D,Hebrew,Hebrew,2026-09-30,2026,,,93,All,Beer Sheva,Yes Planet,629
14:45,The Uprising,המרד,https://tickets5.planetcinema.co.il/order/329276?lang=en,https://tickets5.planetcinema.co.il/order/329276?lang=he,Regular,2D,English,,2026-09-30,2026,,Paul Greengrass,127,14+,Beer Sheva,Yes Planet,629
10:15,Toy Story 5,צעצוע של סיפור 5,https://tickets5.planetcinema.co.il/order/329454?lang=en,https://tickets5.planetcinema.co.il/order/329454?lang=he,Regular,2D,English,Hebrew,2026-09-30,2026,,,102,All,Beer Sheva,Yes Planet,629
10:00,Valley of Shadows,בחזרה מההימלאיה,https://tickets5.planetcinema.co.il/order/329859?lang=en,https://tickets5.planetcinema.co.il/order/329859?lang=he,Regular,2D,Spanish,,2026-09-30,2023,,Salvador Calvo,120,12+,Beer Sheva,Yes Planet,629
18:15,Verity,תעתוע,https://tickets5.planetcinema.co.il/order/330056?lang=en,https://tickets5.planetcinema.co.il/order/330056?lang=he,Regular,2D,Hebrew,,2026-09-30,2026,,Michael Showalter,116,14+,Beer Sheva,Yes Planet,629
20:45,Verity,תעתוע,https://tickets5.planetcinema.co.il/order/330057?lang=en,https://tickets5.planetcinema.co.il/order/330057?lang=he,Regular,2D,Hebrew,,2026-09-30,2026,,Michael Showalter,116,14+,Beer Sheva,Yes Planet,629
22:15,Verity,תעתוע,https://tickets5.planetcinema.co.il/order/329268?lang=en,https://tickets5.planetcinema.co.il/order/329268?lang=he,Regular,2D,Hebrew,,2026-09-30,2026,,Michael Showalter,116,14+,Beer Sheva,Yes Planet,629
00:00,Matchmaking 3,בחורים טובים 3,https://tickets5.planetcinema.co.il/order/330957?lang=en,https://tickets5.planetcinema.co.il/order/330957?lang=he,Regular,2D,Hebrew,,2026-09-26,2026,,ארז תדמור,105,All,Haifa,Yes Planet,629
23:00,Forgotten Island,האי הנעלם,https://tickets5.planetcinema.co.il/order/330701?lang=en,https://tickets5.planetcinema.co.il/order/330701?lang=he,Regular,2D,English,,2026-09-26,2026,,,98,9+,Haifa,Yes Planet,629
22:00,Avengers: Endgame re-release,הנוקמים: סוף המשחק - הדרן,https://tickets5.planetcinema.co.il/order/333631?lang=en,https://tickets5.planetcinema.co.il/order/333631?lang=he,VIP,2D,English,,2026-09-26,2019,,,181,All,Haifa,Yes Planet,629
23:45,crawlers,קרולרס,https://tickets5.planetcinema.co.il/order/330767?lang=en,https://tickets5.planetcinema.co.il/order/330767?lang=he,Regular,2D,English,,2026-09-26,2026,,,86,14+,Haifa,Yes Planet,629
22:30,Fast and the Furious - 25th Anniversary,מהיר ועצבני - חגיגות 25 שנה,https://tickets5.planetcinema.co.il/order/333777?lang=en,https://tickets5.planetcinema.co.il/order/333777?lang=he,VIP,2D,English,,2026-09-26,2001,,Rob Cohen,106,,Haifa,Yes Planet,629
23:30,Heart of the Beast,בלב הפרא,https://tickets5.planetcinema.co.il/order/330883?lang=en,https://tickets5.planetcinema.co.il/order/330883?lang=he,Regular,2D,English,,2026-09-26,2026,,David Ayer,101,All,Haifa,Yes Planet,629
22:50,KUPA RASHIT,קופה ראשית,https://tickets5.planetcinema.co.il/order/330813?lang=en,https://tickets5.planetcinema.co.il/order/330813?lang=he,Regular,2D,Hebrew,,2026-09-26,2026,,,91,All,Haifa,Yes Planet,629
22:15,Mutiny,נקמה בלב ים,https://tickets5.planetcinema.co.il/order/333633?lang=en,https://tickets5.planetcinema.co.il/order/333633?lang=he,VIP,2D,English,,2026-09-26,2026,,Jean-François Richet,95,14+,Haifa,Yes Planet,629
00:00,Obsession,אובססיה,https://tickets5.planetcinema.co.il/order/330561?lang=en,https://tickets5.planetcinema.co.il/order/330561?lang=he,Regular,2D,English,,2026-09-26,2025,,Curry Barker,110,14+,Haifa,Yes Planet,629
23:50,Orphan,יתום,https://tickets5.planetcinema.co.il/order/330527?lang=en,https://tickets5.planetcinema.co.il/order/330527?lang=he,Regular,2D,Hungarian,,2026-09-26,2025,,לאסלו נמש,132,14+,Haifa,Yes Planet,629
00:00,Primavera,פרימוורה,https://tickets5.planetcinema.co.il/order/330635?lang=en,https://tickets5.planetcinema.co.il/order/330635?lang=he,Regular,2D,Italian,,2026-09-26,2025,,דמיאנו מיקילייט,110,12+,Haifa,Yes Planet,629
23:00,Resident Evil,האויב שבפנים,https://tickets5.planetcinema.co.il/order/330470?lang=en,https://tickets5.planetcinema.co.il/order/330470?lang=he,Regular,2D,English,,2026-09-26,2026,,Zach Cregger,90,16+,Haifa,Yes Planet,629
22:20,Spider-Man: Brand New Day,ספיידרמן: יום חדש,https://tickets5.planetcinema.co.il/order/330104?lang=en,https://tickets5.planetcinema.co.il/order/330104?lang=he,Regular,2D,English,,2026-09-26,2026,,Destin Daniel Cretton,140,All,Haifa,Yes Planet,629
00:00,tell me everything,עצמאות,https://tickets5.planetcinema.co.il/order/330830?lang=en,https://tickets5.planetcinema.co.il/order/330830?lang=he,Regular,2D,Hebrew,,2026-09-26,2026,,משה רוזנטל,109,12+,Haifa,Yes Planet,629
10:30,Matchmaking 3,בחורים טובים 3,https://tickets5.planetcinema.co.il/order/330958?lang=en,https://tickets5.planetcinema.co.il/order/330958?lang=he,Regular,2D,Hebrew,,2026-09-27,2026,,ארז תדמור,105,All,Haifa,Yes Planet,629
12:45,Matchmaking 3,בחורים טובים 3,https://tickets5.planetcinema.co.il/order/330959?lang=en,https://tickets5.planetcinema.co.il/order/330959?lang=he,Regular,2D,Hebrew,,2026-09-27,2026,,ארז תדמור,105,All,Haifa,Yes Planet,629
15:00,Matchmaking 3,בחורים טובים 3,https://tickets5.planetcinema.co.il/order/330960?lang=en,https://tickets5.planetcinema.co.il/order/330960?lang=he,Regular,2D,Hebrew,,2026-09-27,2026,,ארז תדמור,105,All,Haifa,Yes Planet,629
17:15,Matchmaking 3,בחורים טובים 3,https://tickets5.planetcinema.co.il/order/330961?lang=en,https://tickets5.planetcinema.co.il/order/330961?lang=he,Regular,2D,Hebrew,,2026-09-27,2026,,ארז תדמור,105,All,Haifa,Yes Planet,629
19:30,Matchmaking 3,בחורים טובים 3,https://tickets5.planetcinema.co.il/order/330962?lang=en,https://tickets5.planetcinema.co.il/order/330962?lang=he,Regular,2D,Hebrew,,2026-09-27,2026,,ארז תדמור,105,All,Haifa,Yes Planet,629
21:45,Matchmaking 3,בחורים טובים 3,https://tickets5.planetcinema.co.il/order/330963?lang=en,https://tickets5.planetcinema.co.il/order/330963?lang=he,Regular,2D,Hebrew,,2026-09-27,2026,,ארז תדמור,105,All,Haifa,Yes Planet,629
17:00,Matchmaking 3,בחורים טובים 3,https://tickets5.planetcinema.co.il/order/331044?lang=en,https://tickets5.planetcinema.co.il/order/331044?lang=he,VIP,2D,Hebrew,,2026-09-27,2026,,ארז תדמור,105,All,Haifa,Yes Planet,629
10:30,Forgotten Island,האי הנעלם,https://tickets5.planetcinema.co.il/order/330000?lang=en,https://tickets5.planetcinema.co.il/order/330000?lang=he,Regular,2D,English,Hebrew,2026-09-27,2026,,,98,9+,Haifa,Yes Planet,629
12:40,Forgotten Island,האי הנעלם,https://tickets5.planetcinema.co.il/order/330004?lang=en,https://tickets5.planetcinema.co.il/order/330004?lang=he,Regular,2D,English,Hebrew,2026-09-27,2026,,,98,9+,Haifa,Yes Planet,629
14:50,Forgotten Island,האי הנעלם,https://tickets5.planetcinema.co.il/order/330005?lang=en,https://tickets5.planetcinema.co.il/order/330005?lang=he,Regular,2D,English,Hebrew,2026-09-27,2026,,,98,9+,Haifa,Yes Planet,629
17:00,Forgotten Island,האי הנעלם,https://tickets5.planetcinema.co.il/order/330006?lang=en,https://tickets5.planetcinema.co.il/order/330006?lang=he,Regular,2D,English,Hebrew,2026-09-27,2026,,,98,9+,Haifa,Yes Planet,629
10:45,Forgotten Island,האי הנעלם,https://tickets5.planetcinema.co.il/order/330933?lang=en,https://tickets5.planetcinema.co.il/order/330933?lang=he,Regular,2D 4DX,English,Hebrew,2026-09-27,2026,,,98,9+,Haifa,Yes Planet,629
13:00,Forgotten Island,האי הנעלם,https://tickets5.planetcinema.co.il/order/330934?lang=en,https://tickets5.planetcinema.co.il/order/330934?lang=he,Regular,2D 4DX,English,Hebrew,2026-09-27,2026,,,98,9+,Haifa,Yes Planet,629
11:15,Forgotten Island,האי הנעלם,https://tickets5.planetcinema.co.il/order/330388?lang=en,https://tickets5.planetcinema.co.il/order/330388?lang=he,Regular,2D ScreenX,English,Hebrew,2026-09-27,2026,,,98,9+,Haifa,Yes Planet,629
13:30,Forgotten Island,האי הנעלם,https://tickets5.planetcinema.co.il/order/330389?lang=en,https://tickets5.planetcinema.co.il/order/330389?lang=he,Regular,2D ScreenX,English,Hebrew,2026-09-27,2026,,,98,9+,Haifa,Yes Planet,629
15:15,Forgotten Island,האי הנעלם,https://tickets5.planetcinema.co.il/order/330911?lang=en,https://tickets5.planetcinema.co.il/order/330911?lang=he,Regular,2D 4DX,English,,2026-09-27,2026,,,98,9+,Haifa,Yes Planet,629
15:45,Forgotten Island,האי הנעלם,https://tickets5.planetcinema.co.il/order/330378?lang=en,https://tickets5.planetcinema.co.il/order/330378?lang=he,Regular,2D ScreenX,English,,2026-09-27,2026,,,98,9+,Haifa,Yes Planet,629
19:15,Forgotten Island,האי הנעלם,https://tickets5.planetcinema.co.il/order/330702?lang=en,https://tickets5.planetcinema.co.il/order/330702?lang=he,Regular,2D,English,,2026-09-27,2026,,,98,9+,Haifa,Yes Planet,629
21:30,Forgotten Island,האי הנעלם,https://tickets5.planetcinema.co.il/order/330703?lang=en,https://tickets5.planetcinema.co.il/order/330703?lang=he,Regular,2D,English,,2026-09-27,2026,,,98,9+,Haifa,Yes Planet,629
13:45,Avengers: Endgame re-release,הנוקמים: סוף המשחק - הדרן,https://tickets5.planetcinema.co.il/order/330407?lang=en,https://tickets5.planetcinema.co.il/order/330407?lang=he,Regular,2D,English,,2026-09-27,2019,,,181,All,Haifa,Yes Planet,629
17:30,Avengers: Endgame re-release,הנוקמים: סוף המשחק - הדרן,https://tickets5.planetcinema.co.il/order/330408?lang=en,https://tickets5.planetcinema.co.il/order/330408?lang=he,Regular,2D,English,,2026-09-27,2019,,,181,All,Haifa,Yes Planet,629
21:15,Avengers: Endgame re-release,הנוקמים: סוף המשחק - הדרן,https://tickets5.planetcinema.co.il/order/330409?lang=en,https://tickets5.planetcinema.co.il/order/330409?lang=he,Regular,2D,English,,2026-09-27,2019,,,181,All,Haifa,Yes Planet,629
17:30,Avengers: Endgame re-release,הנוקמים: סוף המשחק - הדרן,https://tickets5.planetcinema.co.il/order/333642?lang=en,https://tickets5.planetcinema.co.il/order/333642?lang=he,VIP,2D,English,,2026-09-27,2019,,,181,All,Haifa,Yes Planet,629
21:15,Avengers: Endgame re-release,הנוקמים: סוף המשחק - הדרן,https://tickets5.planetcinema.co.il/order/333643?lang=en,https://tickets5.planetcinema.co.il/order/333643?lang=he,VIP,2D,English,,2026-09-27,2019,,,181,All,Haifa,Yes Planet,629
17:00,Avengers: Endgame re-release - Infinity Vision,הנוקמים: סוף המשחק - הדרן - Infinity Vi,https://tickets5.planetcinema.co.il/order/332806?lang=en,https://tickets5.planetcinema.co.il/order/332806?lang=he,INFINITY VISION2D,INFINITY VISION2D,English,,2026-09-27,2019,,,181,,Haifa,Yes Planet,629
20:45,Avengers: Endgame re-release - Infinity Vision,הנוקמים: סוף המשחק - הדרן - Infinity Vi,https://tickets5.planetcinema.co.il/order/332807?lang=en,https://tickets5.planetcinema.co.il/order/332807?lang=he,INFINITY VISION2D,INFINITY VISION2D,English,,2026-09-27,2019,,,181,,Haifa,Yes Planet,629
17:30,Avengers: Endgame re-release - Infinity Vision,הנוקמים: סוף המשחק - הדרן - Infinity Vi,https://tickets5.planetcinema.co.il/order/330921?lang=en,https://tickets5.planetcinema.co.il/order/330921?lang=he,4DXINFINITY VISION2D,4DXINFINITY VISION2D,English,,2026-09-27,2019,,,181,,Haifa,Yes Planet,629
21:15,Avengers: Endgame re-release - Infinity Vision,הנוקמים: סוף המשחק - הדרן - Infinity Vi,https://tickets5.planetcinema.co.il/order/330922?lang=en,https://tickets5.planetcinema.co.il/order/330922?lang=he,4DXINFINITY VISION2D,4DXINFINITY VISION2D,English,,2026-09-27,2019,,,181,,Haifa,Yes Planet,629
18:00,Avengers: Endgame re-release - Infinity Vision,הנוקמים: סוף המשחק - הדרן - Infinity Vi,https://tickets5.planetcinema.co.il/order/330396?lang=en,https://tickets5.planetcinema.co.il/order/330396?lang=he,INFINITY VISIONSCREENX2D,INFINITY VISIONSCREENX2D,English,,2026-09-27,2019,,,181,,Haifa,Yes Planet,629
21:30,Avengers: Endgame re-release - Infinity Vision,הנוקמים: סוף המשחק - הדרן - Infinity Vi,https://tickets5.planetcinema.co.il/order/330397?lang=en,https://tickets5.planetcinema.co.il/order/330397?lang=he,INFINITY VISIONSCREENX2D,INFINITY VISIONSCREENX2D,English,,2026-09-27,2019,,,181,,Haifa,Yes Planet,629
10:00,CHARLIE THE WONDERDOG,וונדר-דוג,https://tickets5.planetcinema.co.il/order/330670?lang=en,https://tickets5.planetcinema.co.il/order/330670?lang=he,Regular,2D,Hebrew,Hebrew,2026-09-27,2025,,,92,All,Haifa,Yes Planet,629
12:00,CHARLIE THE WONDERDOG,וונדר-דוג,https://tickets5.planetcinema.co.il/order/330671?lang=en,https://tickets5.planetcinema.co.il/order/330671?lang=he,Regular,2D,Hebrew,Hebrew,2026-09-27,2025,,,92,All,Haifa,Yes Planet,629
14:00,CHARLIE THE WONDERDOG,וונדר-דוג,https://tickets5.planetcinema.co.il/order/330672?lang=en,https://tickets5.planetcinema.co.il/order/330672?lang=he,Regular,2D,Hebrew,Hebrew,2026-09-27,2025,,,92,All,Haifa,Yes Planet,629
16:00,CHARLIE THE WONDERDOG,וונדר-דוג,https://tickets5.planetcinema.co.il/order/330673?lang=en,https://tickets5.planetcinema.co.il/order/330673?lang=he,Regular,2D,Hebrew,Hebrew,2026-09-27,2025,,,92,All,Haifa,Yes Planet,629
10:00,Coyote vs. Acme,קיוטי נגד אקמי,https://tickets5.planetcinema.co.il/order/330550?lang=en,https://tickets5.planetcinema.co.il/order/330550?lang=he,Regular,2D,English,Hebrew,2026-09-27,2026,,,101,All,Haifa,Yes Planet,629
16:30,crawlers,קרולרס,https://tickets5.planetcinema.co.il/order/330820?lang=en,https://tickets5.planetcinema.co.il/order/330820?lang=he,Regular,2D,English,,2026-09-27,2026,,,86,14+,Haifa,Yes Planet,629
19:45,crawlers,קרולרס,https://tickets5.planetcinema.co.il/order/330768?lang=en,https://tickets5.planetcinema.co.il/order/330768?lang=he,Regular,2D,English,,2026-09-27,2026,,,86,14+,Haifa,Yes Planet,629
21:45,crawlers,קרולרס,https://tickets5.planetcinema.co.il/order/330769?lang=en,https://tickets5.planetcinema.co.il/order/330769?lang=he,Regular,2D,English,,2026-09-27,2026,,,86,14+,Haifa,Yes Planet,629
22:00,Fast and the Furious - 25th Anniversary,מהיר ועצבני - חגיגות 25 שנה,https://tickets5.planetcinema.co.il/order/333641?lang=en,https://tickets5.planetcinema.co.il/order/333641?lang=he,VIP,2D,English,,2026-09-27,2001,,Rob Cohen,106,,Haifa,Yes Planet,629
10:00,Heart of the Beast,בלב הפרא,https://tickets5.planetcinema.co.il/order/330884?lang=en,https://tickets5.planetcinema.co.il/order/330884?lang=he,Regular,2D,English,,2026-09-27,2026,,David Ayer,101,All,Haifa,Yes Planet,629
12:15,Heart of the Beast,בלב הפרא,https://tickets5.planetcinema.co.il/order/330885?lang=en,https://tickets5.planetcinema.co.il/order/330885?lang=he,Regular,2D,English,,2026-09-27,2026,,David Ayer,101,All,Haifa,Yes Planet,629
14:30,Heart of the Beast,בלב הפרא,https://tickets5.planetcinema.co.il/order/330886?lang=en,https://tickets5.planetcinema.co.il/order/330886?lang=he,Regular,2D,English,,2026-09-27,2026,,David Ayer,101,All,Haifa,Yes Planet,629
16:45,Heart of the Beast,בלב הפרא,https://tickets5.planetcinema.co.il/order/330887?lang=en,https://tickets5.planetcinema.co.il/order/330887?lang=he,Regular,2D,English,,2026-09-27,2026,,David Ayer,101,All,Haifa,Yes Planet,629
19:00,Heart of the Beast,בלב הפרא,https://tickets5.planetcinema.co.il/order/330888?lang=en,https://tickets5.planetcinema.co.il/order/330888?lang=he,Regular,2D,English,,2026-09-27,2026,,David Ayer,101,All,Haifa,Yes Planet,629
21:15,Heart of the Beast,בלב הפרא,https://tickets5.planetcinema.co.il/order/330889?lang=en,https://tickets5.planetcinema.co.il/order/330889?lang=he,Regular,2D,English,,2026-09-27,2026,,David Ayer,101,All,Haifa,Yes Planet,629
16:45,Heart of the Beast,בלב הפרא,https://tickets5.planetcinema.co.il/order/331072?lang=en,https://tickets5.planetcinema.co.il/order/331072?lang=he,VIP,2D,English,,2026-09-27,2026,,David Ayer,101,All,Haifa,Yes Planet,629
19:00,Heart of the Beast,בלב הפרא,https://tickets5.planetcinema.co.il/order/331073?lang=en,https://tickets5.planetcinema.co.il/order/331073?lang=he,VIP,2D,English,,2026-09-27,2026,,David Ayer,101,All,Haifa,Yes Planet,629
19:00,Hill 338,גבעה 338,https://tickets5.planetcinema.co.il/order/330563?lang=en,https://tickets5.planetcinema.co.il/order/330563?lang=he,Regular,2D,Hebrew,,2026-09-27,2026,,ארז בן הרוש,106,9+,Haifa,Yes Planet,629
22:30,KUPA RASHIT,קופה ראשית,https://tickets5.planetcinema.co.il/order/330814?lang=en,https://tickets5.planetcinema.co.il/order/330814?lang=he,Regular,2D,Hebrew,,2026-09-27,2026,,,91,All,Haifa,Yes Planet,629
10:15,Land of Someitmes,אספן המשאלות,https://tickets5.planetcinema.co.il/order/330611?lang=en,https://tickets5.planetcinema.co.il/order/330611?lang=he,Regular,2D,Hebrew,Hebrew,2026-09-27,2026,,,93,All,Haifa,Yes Planet,629
12:30,Land of Someitmes,אספן המשאלות,https://tickets5.planetcinema.co.il/order/330612?lang=en,https://tickets5.planetcinema.co.il/order/330612?lang=he,Regular,2D,Hebrew,Hebrew,2026-09-27,2026,,,93,All,Haifa,Yes Planet,629
14:45,Land of Someitmes,אספן המשאלות,https://tickets5.planetcinema.co.il/order/330613?lang=en,https://tickets5.planetcinema.co.il/order/330613?lang=he,Regular,2D,Hebrew,Hebrew,2026-09-27,2026,,,93,All,Haifa,Yes Planet,629
17:00,Land of Someitmes,אספן המשאלות,https://tickets5.planetcinema.co.il/order/330614?lang=en,https://tickets5.planetcinema.co.il/order/330614?lang=he,Regular,2D,Hebrew,Hebrew,2026-09-27,2026,,,93,All,Haifa,Yes Planet,629
10:15,Minions & Monsters,מיניונים ומפלצות,https://tickets5.planetcinema.co.il/order/330803?lang=en,https://tickets5.planetcinema.co.il/order/330803?lang=he,Regular,2D,English,Hebrew,2026-09-27,2026,,,90,All,Haifa,Yes Planet,629
12:30,Minions & Monsters,מיניונים ומפלצות,https://tickets5.planetcinema.co.il/order/330804?lang=en,https://tickets5.planetcinema.co.il/order/330804?lang=he,Regular,2D,English,Hebrew,2026-09-27,2026,,,90,All,Haifa,Yes Planet,629
10:15,Moana Live Action,מואנה לייב אקשן,https://tickets5.planetcinema.co.il/order/330491?lang=en,https://tickets5.planetcinema.co.il/order/330491?lang=he,Regular,2D,English,Hebrew,2026-09-27,2026,,,120,All,Haifa,Yes Planet,629
19:30,Mutiny,נקמה בלב ים,https://tickets5.planetcinema.co.il/order/333645?lang=en,https://tickets5.planetcinema.co.il/order/333645?lang=he,VIP,2D,English,,2026-09-27,2026,,Jean-François Richet,95,14+,Haifa,Yes Planet,629
21:45,Mutiny,נקמה בלב ים,https://tickets5.planetcinema.co.il/order/333646?lang=en,https://tickets5.planetcinema.co.il/order/333646?lang=he,VIP,2D,English,,2026-09-27,2026,,Jean-François Richet,95,14+,Haifa,Yes Planet,629
16:00,Orphan,יתום,https://tickets5.planetcinema.co.il/order/330528?lang=en,https://tickets5.planetcinema.co.il/order/330528?lang=he,Regular,2D,Hungarian,,2026-09-27,2025,,לאסלו נמש,132,14+,Haifa,Yes Planet,629
18:40,Orphan,יתום,https://tickets5.planetcinema.co.il/order/330529?lang=en,https://tickets5.planetcinema.co.il/order/330529?lang=he,Regular,2D,Hungarian,,2026-09-27,2025,,לאסלו נמש,132,14+,Haifa,Yes Planet,629
21:25,Orphan,יתום,https://tickets5.planetcinema.co.il/order/330530?lang=en,https://tickets5.planetcinema.co.il/order/330530?lang=he,Regular,2D,Hungarian,,2026-09-27,2025,,לאסלו נמש,132,14+,Haifa,Yes Planet,629
10:10,Paw Patrol: The Dino Movie,מפרץ ההרפתקאות: אי הדינוזאורים,https://tickets5.planetcinema.co.il/order/330716?lang=en,https://tickets5.planetcinema.co.il/order/330716?lang=he,Regular,2D,Hebrew,Hebrew,2026-09-27,2026,,,90,All,Haifa,Yes Planet,629
12:20,Paw Patrol: The Dino Movie,מפרץ ההרפתקאות: אי הדינוזאורים,https://tickets5.planetcinema.co.il/order/330717?lang=en,https://tickets5.planetcinema.co.il/order/330717?lang=he,Regular,2D,Hebrew,Hebrew,2026-09-27,2026,,,90,All,Haifa,Yes Planet,629
21:15,Practical Magic 2,קסם מעשי 2,https://tickets5.planetcinema.co.il/order/330594?lang=en,https://tickets5.planetcinema.co.il/order/330594?lang=he,Regular,2D,English,,2026-09-27,2026,,Susanne Bier,130,All,Haifa,Yes Planet,629
16:30,Primavera,פרימוורה,https://tickets5.planetcinema.co.il/order/330580?lang=en,https://tickets5.planetcinema.co.il/order/330580?lang=he,Regular,2D,Italian,,2026-09-27,2025,,דמיאנו מיקילייט,110,12+,Haifa,Yes Planet,629
19:00,Primavera,פרימוורה,https://tickets5.planetcinema.co.il/order/330636?lang=en,https://tickets5.planetcinema.co.il/order/330636?lang=he,Regular,2D,Italian,,2026-09-27,2025,,דמיאנו מיקילייט,110,12+,Haifa,Yes Planet,629
21:30,Primavera,פרימוורה,https://tickets5.planetcinema.co.il/order/330637?lang=en,https://tickets5.planetcinema.co.il/order/330637?lang=he,Regular,2D,Italian,,2026-09-27,2025,,דמיאנו מיקילייט,110,12+,Haifa,Yes Planet,629
19:00,Resident Evil,האויב שבפנים,https://tickets5.planetcinema.co.il/order/330471?lang=en,https://tickets5.planetcinema.co.il/order/330471?lang=he,Regular,2D,English,,2026-09-27,2026,,Zach Cregger,90,16+,Haifa,Yes Planet,629
21:30,Resident Evil,האויב שבפנים,https://tickets5.planetcinema.co.il/order/333647?lang=en,https://tickets5.planetcinema.co.il/order/333647?lang=he,VIP,2D,English,,2026-09-27,2026,,Zach Cregger,90,16+,Haifa,Yes Planet,629
17:00,RUNNER,ראנר,https://tickets5.planetcinema.co.il/order/330500?lang=en,https://tickets5.planetcinema.co.il/order/330500?lang=he,Regular,2D,Hebrew,,2026-09-27,2026,,Scott Waugh,93,12+,Haifa,Yes Planet,629
21:00,RUNNER,ראנר,https://tickets5.planetcinema.co.il/order/330501?lang=en,https://tickets5.planetcinema.co.il/order/330501?lang=he,Regular,2D,Hebrew,,2026-09-27,2026,,Scott Waugh,93,12+,Haifa,Yes Planet,629
11:00,Sentimental Value,ערך סנטימנטלי,https://tickets5.planetcinema.co.il/order/330422?lang=en,https://tickets5.planetcinema.co.il/order/330422?lang=he,Regular,2D,Norwegian,,2026-09-27,2025,,יואכים טרייר,133,All,Haifa,Yes Planet,629
14:00,Spider-Man: Brand New Day,ספיידרמן: יום חדש,https://tickets5.planetcinema.co.il/order/330371?lang=en,https://tickets5.planetcinema.co.il/order/330371?lang=he,Regular,2D,English,,2026-09-27,2026,,Destin Daniel Cretton,140,All,Haifa,Yes Planet,629
19:10,Spider-Man: Brand New Day,ספיידרמן: יום חדש,https://tickets5.planetcinema.co.il/order/330010?lang=en,https://tickets5.planetcinema.co.il/order/330010?lang=he,Regular,2D,English,,2026-09-27,2026,,Destin Daniel Cretton,140,All,Haifa,Yes Planet,629
22:00,Spider-Man: Brand New Day,ספיידרמן: יום חדש,https://tickets5.planetcinema.co.il/order/330011?lang=en,https://tickets5.planetcinema.co.il/order/330011?lang=he,Regular,2D,English,,2026-09-27,2026,,Destin Daniel Cretton,140,All,Haifa,Yes Planet,629
10:45,Spinned,מרגלים מהאגדות,https://tickets5.planetcinema.co.il/order/333781?lang=en,https://tickets5.planetcinema.co.il/order/333781?lang=he,Regular,2D,Hebrew,Hebrew,2026-09-27,2025,,,96,All,Haifa,Yes Planet,629
13:00,Spinned,מרגלים מהאגדות,https://tickets5.planetcinema.co.il/order/333782?lang=en,https://tickets5.planetcinema.co.il/order/333782?lang=he,Regular,2D,Hebrew,Hebrew,2026-09-27,2025,,,96,All,Haifa,Yes Planet,629
15:15,Spinned,מרגלים מהאגדות,https://tickets5.planetcinema.co.il/order/333783?lang=en,https://tickets5.planetcinema.co.il/order/333783?lang=he,Regular,2D,Hebrew,Hebrew,2026-09-27,2025,,,96,All,Haifa,Yes Planet,629
17:30,Spinned,מרגלים מהאגדות,https://tickets5.planetcinema.co.il/order/333784?lang=en,https://tickets5.planetcinema.co.il/order/333784?lang=he,Regular,2D,Hebrew,Hebrew,2026-09-27,2025,,,96,All,Haifa,Yes Planet,629
14:00,STITCH HEAD,פרנקי והמפלצות,https://tickets5.planetcinema.co.il/order/330543?lang=en,https://tickets5.planetcinema.co.il/order/330543?lang=he,Regular,2D,Hebrew,Hebrew,2026-09-27,2025,,,92,All,Haifa,Yes Planet,629
12:45,Tad and the Magic Lamp,טד החוקר ומנורת הקסמים,https://tickets5.planetcinema.co.il/order/330479?lang=en,https://tickets5.planetcinema.co.il/order/330479?lang=he,Regular,2D,Hebrew,Hebrew,2026-09-27,2026,,,94,All,Haifa,Yes Planet,629
14:50,Tad and the Magic Lamp,טד החוקר ומנורת הקסמים,https://tickets5.planetcinema.co.il/order/330480?lang=en,https://tickets5.planetcinema.co.il/order/330480?lang=he,Regular,2D,Hebrew,Hebrew,2026-09-27,2026,,,94,All,Haifa,Yes Planet,629
12:10,Tafiti: Across the Desert,טפיטי: הרפתקה במדבר,https://tickets5.planetcinema.co.il/order/330512?lang=en,https://tickets5.planetcinema.co.il/order/330512?lang=he,Regular,2D,Hebrew,Hebrew,2026-09-27,2025,,,81,All,Haifa,Yes Planet,629
11:30,tell me everything,עצמאות,https://tickets5.planetcinema.co.il/order/330843?lang=en,https://tickets5.planetcinema.co.il/order/330843?lang=he,Regular,2D,Hebrew,,2026-09-27,2026,,משה רוזנטל,109,12+,Haifa,Yes Planet,629
14:00,tell me everything,עצמאות,https://tickets5.planetcinema.co.il/order/330844?lang=en,https://tickets5.planetcinema.co.il/order/330844?lang=he,Regular,2D,Hebrew,,2026-09-27,2026,,משה רוזנטל,109,12+,Haifa,Yes Planet,629
16:30,tell me everything,עצמאות,https://tickets5.planetcinema.co.il/order/330845?lang=en,https://tickets5.planetcinema.co.il/order/330845?lang=he,Regular,2D,Hebrew,,2026-09-27,2026,,משה רוזנטל,109,12+,Haifa,Yes Planet,629
19:00,tell me everything,עצמאות,https://tickets5.planetcinema.co.il/order/330846?lang=en,https://tickets5.planetcinema.co.il/order/330846?lang=he,Regular,2D,Hebrew,,2026-09-27,2026,,משה רוזנטל,109,12+,Haifa,Yes Planet,629
21:30,tell me everything,עצמאות,https://tickets5.planetcinema.co.il/order/330847?lang=en,https://tickets5.planetcinema.co.il/order/330847?lang=he,Regular,2D,Hebrew,,2026-09-27,2026,,משה רוזנטל,109,12+,Haifa,Yes Planet,629
14:30,THE DESERT CHILD,ילד המדבר,https://tickets5.planetcinema.co.il/order/330787?lang=en,https://tickets5.planetcinema.co.il/order/330787?lang=he,Regular,2D,Hebrew,Hebrew,2026-09-27,2026,,Gilles de Maistre,92,All,Haifa,Yes Planet,629
18:30,THE LUCKIEST MAN IN AMERICA,איש החידות,https://tickets5.planetcinema.co.il/order/330780?lang=en,https://tickets5.planetcinema.co.il/order/330780?lang=he,Regular,2D,English,,2026-09-27,2024,,Samir Oliveros,91,All,Haifa,Yes Planet,629
10:30,The Odyssey,האודיסאה,https://tickets5.planetcinema.co.il/order/330364?lang=en,https://tickets5.planetcinema.co.il/order/330364?lang=he,Regular,2D,English,,2026-09-27,2026,,Christopher Nolan,172,14+,Haifa,Yes Planet,629
18:00,The Odyssey,האודיסאה,https://tickets5.planetcinema.co.il/order/330650?lang=en,https://tickets5.planetcinema.co.il/order/330650?lang=he,Regular,2D,English,,2026-09-27,2026,,Christopher Nolan,172,14+,Haifa,Yes Planet,629
21:30,The Odyssey,האודיסאה,https://tickets5.planetcinema.co.il/order/330651?lang=en,https://tickets5.planetcinema.co.il/order/330651?lang=he,Regular,2D,English,,2026-09-27,2026,,Christopher Nolan,172,14+,Haifa,Yes Planet,629
18:30,The Odyssey,האודיסאה,https://tickets5.planetcinema.co.il/order/331117?lang=en,https://tickets5.planetcinema.co.il/order/331117?lang=he,VIP,2D,English,,2026-09-27,2026,,Christopher Nolan,172,14+,Haifa,Yes Planet,629
10:00,THE POUT POUT FISH,דג ושמו באסה,https://tickets5.planetcinema.co.il/order/330570?lang=en,https://tickets5.planetcinema.co.il/order/330570?lang=he,Regular,2D,Hebrew,Hebrew,2026-09-27,2026,,,93,All,Haifa,Yes Planet,629
14:15,THE POUT POUT FISH,דג ושמו באסה,https://tickets5.planetcinema.co.il/order/330571?lang=en,https://tickets5.planetcinema.co.il/order/330571?lang=he,Regular,2D,Hebrew,Hebrew,2026-09-27,2026,,,93,All,Haifa,Yes Planet,629
12:00,Toy Story 5,צעצוע של סיפור 5,https://tickets5.planetcinema.co.il/order/330587?lang=en,https://tickets5.planetcinema.co.il/order/330587?lang=he,Regular,2D,English,Hebrew,2026-09-27,2026,,,102,All,Haifa,Yes Planet,629
14:30,Valley of Shadows,בחזרה מההימלאיה,https://tickets5.planetcinema.co.il/order/330689?lang=en,https://tickets5.planetcinema.co.il/order/330689?lang=he,Regular,2D,Spanish,,2026-09-27,2023,,Salvador Calvo,120,12+,Haifa,Yes Planet,629
10:30,Matchmaking 3,בחורים טובים 3,https://tickets5.planetcinema.co.il/order/330964?lang=en,https://tickets5.planetcinema.co.il/order/330964?lang=he,Regular,2D,Hebrew,,2026-09-28,2026,,ארז תדמור,105,All,Haifa,Yes Planet,629
12:45,Matchmaking 3,בחורים טובים 3,https://tickets5.planetcinema.co.il/order/330965?lang=en,https://tickets5.planetcinema.co.il/order/330965?lang=he,Regular,2D,Hebrew,,2026-09-28,2026,,ארז תדמור,105,All,Haifa,Yes Planet,629
15:00,Matchmaking 3,בחורים טובים 3,https://tickets5.planetcinema.co.il/order/330966?lang=en,https://tickets5.planetcinema.co.il/order/330966?lang=he,Regular,2D,Hebrew,,2026-09-28,2026,,ארז תדמור,105,All,Haifa,Yes Planet,629
17:15,Matchmaking 3,בחורים טובים 3,https://tickets5.planetcinema.co.il/order/330967?lang=en,https://tickets5.planetcinema.co.il/order/330967?lang=he,Regular,2D,Hebrew,,2026-09-28,2026,,ארז תדמור,105,All,Haifa,Yes Planet,629
19:30,Matchmaking 3,בחורים טובים 3,https://tickets5.planetcinema.co.il/order/330968?lang=en,https://tickets5.planetcinema.co.il/order/330968?lang=he,Regular,2D,Hebrew,,2026-09-28,2026,,ארז תדמור,105,All,Haifa,Yes Planet,629
21:45,Matchmaking 3,בחורים טובים 3,https://tickets5.planetcinema.co.il/order/330969?lang=en,https://tickets5.planetcinema.co.il/order/330969?lang=he,Regular,2D,Hebrew,,2026-09-28,2026,,ארז תדמור,105,All,Haifa,Yes Planet,629
17:00,Matchmaking 3,בחורים טובים 3,https://tickets5.planetcinema.co.il/order/331048?lang=en,https://tickets5.planetcinema.co.il/order/331048?lang=he,VIP,2D,Hebrew,,2026-09-28,2026,,ארז תדמור,105,All,Haifa,Yes Planet,629
10:30,Forgotten Island,האי הנעלם,https://tickets5.planetcinema.co.il/order/330106?lang=en,https://tickets5.planetcinema.co.il/order/330106?lang=he,Regular,2D,English,Hebrew,2026-09-28,2026,,,98,9+,Haifa,Yes Planet,629
12:40,Forgotten Island,האי הנעלם,https://tickets5.planetcinema.co.il/order/330109?lang=en,https://tickets5.planetcinema.co.il/order/330109?lang=he,Regular,2D,English,Hebrew,2026-09-28,2026,,,98,9+,Haifa,Yes Planet,629
14:50,Forgotten Island,האי הנעלם,https://tickets5.planetcinema.co.il/order/330112?lang=en,https://tickets5.planetcinema.co.il/order/330112?lang=he,Regular,2D,English,Hebrew,2026-09-28,2026,,,98,9+,Haifa,Yes Planet,629
17:00,Forgotten Island,האי הנעלם,https://tickets5.planetcinema.co.il/order/330115?lang=en,https://tickets5.planetcinema.co.il/order/330115?lang=he,Regular,2D,English,Hebrew,2026-09-28,2026,,,98,9+,Haifa,Yes Planet,629
10:45,Forgotten Island,האי הנעלם,https://tickets5.planetcinema.co.il/order/330931?lang=en,https://tickets5.planetcinema.co.il/order/330931?lang=he,Regular,2D 4DX,English,Hebrew,2026-09-28,2026,,,98,9+,Haifa,Yes Planet,629
13:00,Forgotten Island,האי הנעלם,https://tickets5.planetcinema.co.il/order/330932?lang=en,https://tickets5.planetcinema.co.il/order/330932?lang=he,Regular,2D 4DX,English,Hebrew,2026-09-28,2026,,,98,9+,Haifa,Yes Planet,629
11:15,Forgotten Island,האי הנעלם,https://tickets5.planetcinema.co.il/order/330390?lang=en,https://tickets5.planetcinema.co.il/order/330390?lang=he,Regular,2D ScreenX,English,Hebrew,2026-09-28,2026,,,98,9+,Haifa,Yes Planet,629
13:30,Forgotten Island,האי הנעלם,https://tickets5.planetcinema.co.il/order/330391?lang=en,https://tickets5.planetcinema.co.il/order/330391?lang=he,Regular,2D ScreenX,English,Hebrew,2026-09-28,2026,,,98,9+,Haifa,Yes Planet,629
15:15,Forgotten Island,האי הנעלם,https://tickets5.planetcinema.co.il/order/330912?lang=en,https://tickets5.planetcinema.co.il/order/330912?lang=he,Regular,2D 4DX,English,,2026-09-28,2026,,,98,9+,Haifa,Yes Planet,629
15:45,Forgotten Island,האי הנעלם,https://tickets5.planetcinema.co.il/order/330379?lang=en,https://tickets5.planetcinema.co.il/order/330379?lang=he,Regular,2D ScreenX,English,,2026-09-28,2026,,,98,9+,Haifa,Yes Planet,629
19:15,Forgotten Island,האי הנעלם,https://tickets5.planetcinema.co.il/order/330704?lang=en,https://tickets5.planetcinema.co.il/order/330704?lang=he,Regular,2D,English,,2026-09-28,2026,,,98,9+,Haifa,Yes Planet,629
21:30,Forgotten Island,האי הנעלם,https://tickets5.planetcinema.co.il/order/330705?lang=en,https://tickets5.planetcinema.co.il/order/330705?lang=he,Regular,2D,English,,2026-09-28,2026,,,98,9+,Haifa,Yes Planet,629
13:45,Avengers: Endgame re-release,הנוקמים: סוף המשחק - הדרן,https://tickets5.planetcinema.co.il/order/330410?lang=en,https://tickets5.planetcinema.co.il/order/330410?lang=he,Regular,2D,English,,2026-09-28,2019,,,181,All,Haifa,Yes Planet,629
17:30,Avengers: Endgame re-release,הנוקמים: סוף המשחק - הדרן,https://tickets5.planetcinema.co.il/order/330411?lang=en,https://tickets5.planetcinema.co.il/order/330411?lang=he,Regular,2D,English,,2026-09-28,2019,,,181,All,Haifa,Yes Planet,629
21:15,Avengers: Endgame re-release,הנוקמים: סוף המשחק - הדרן,https://tickets5.planetcinema.co.il/order/330412?lang=en,https://tickets5.planetcinema.co.il/order/330412?lang=he,Regular,2D,English,,2026-09-28,2019,,,181,All,Haifa,Yes Planet,629
17:30,Avengers: Endgame re-release,הנוקמים: סוף המשחק - הדרן,https://tickets5.planetcinema.co.il/order/333663?lang=en,https://tickets5.planetcinema.co.il/order/333663?lang=he,VIP,2D,English,,2026-09-28,2019,,,181,All,Haifa,Yes Planet,629
21:15,Avengers: Endgame re-release,הנוקמים: סוף המשחק - הדרן,https://tickets5.planetcinema.co.il/order/333668?lang=en,https://tickets5.planetcinema.co.il/order/333668?lang=he,VIP,2D,English,,2026-09-28,2019,,,181,All,Haifa,Yes Planet,629
17:00,Avengers: Endgame re-release - Infinity Vision,הנוקמים: סוף המשחק - הדרן - Infinity Vi,https://tickets5.planetcinema.co.il/order/332808?lang=en,https://tickets5.planetcinema.co.il/order/332808?lang=he,INFINITY VISION2D,INFINITY VISION2D,English,,2026-09-28,2019,,,181,,Haifa,Yes Planet,629
20:45,Avengers: Endgame re-release - Infinity Vision,הנוקמים: סוף המשחק - הדרן - Infinity Vi,https://tickets5.planetcinema.co.il/order/332809?lang=en,https://tickets5.planetcinema.co.il/order/332809?lang=he,INFINITY VISION2D,INFINITY VISION2D,English,,2026-09-28,2019,,,181,,Haifa,Yes Planet,629
17:30,Avengers: Endgame re-release - Infinity Vision,הנוקמים: סוף המשחק - הדרן - Infinity Vi,https://tickets5.planetcinema.co.il/order/330923?lang=en,https://tickets5.planetcinema.co.il/order/330923?lang=he,4DXINFINITY VISION2D,4DXINFINITY VISION2D,English,,2026-09-28,2019,,,181,,Haifa,Yes Planet,629
21:15,Avengers: Endgame re-release - Infinity Vision,הנוקמים: סוף המשחק - הדרן - Infinity Vi,https://tickets5.planetcinema.co.il/order/330924?lang=en,https://tickets5.planetcinema.co.il/order/330924?lang=he,4DXINFINITY VISION2D,4DXINFINITY VISION2D,English,,2026-09-28,2019,,,181,,Haifa,Yes Planet,629
18:00,Avengers: Endgame re-release - Infinity Vision,הנוקמים: סוף המשחק - הדרן - Infinity Vi,https://tickets5.planetcinema.co.il/order/330398?lang=en,https://tickets5.planetcinema.co.il/order/330398?lang=he,INFINITY VISIONSCREENX2D,INFINITY VISIONSCREENX2D,English,,2026-09-28,2019,,,181,,Haifa,Yes Planet,629
21:30,Avengers: Endgame re-release - Infinity Vision,הנוקמים: סוף המשחק - הדרן - Infinity Vi,https://tickets5.planetcinema.co.il/order/330399?lang=en,https://tickets5.planetcinema.co.il/order/330399?lang=he,INFINITY VISIONSCREENX2D,INFINITY VISIONSCREENX2D,English,,2026-09-28,2019,,,181,,Haifa,Yes Planet,629
20:30,Before We Leave Tuscany,להתאהב בטוסקנה,https://tickets5.planetcinema.co.il/order/330794?lang=en,https://tickets5.planetcinema.co.il/order/330794?lang=he,Regular,2D,English,,2026-09-28,,,,91,All,Haifa,Yes Planet,629
10:00,CHARLIE THE WONDERDOG,וונדר-דוג,https://tickets5.planetcinema.co.il/order/330674?lang=en,https://tickets5.planetcinema.co.il/order/330674?lang=he,Regular,2D,Hebrew,Hebrew,2026-09-28,2025,,,92,All,Haifa,Yes Planet,629
12:00,CHARLIE THE WONDERDOG,וונדר-דוג,https://tickets5.planetcinema.co.il/order/330675?lang=en,https://tickets5.planetcinema.co.il/order/330675?lang=he,Regular,2D,Hebrew,Hebrew,2026-09-28,2025,,,92,All,Haifa,Yes Planet,629
14:00,CHARLIE THE WONDERDOG,וונדר-דוג,https://tickets5.planetcinema.co.il/order/330676?lang=en,https://tickets5.planetcinema.co.il/order/330676?lang=he,Regular,2D,Hebrew,Hebrew,2026-09-28,2025,,,92,All,Haifa,Yes Planet,629
16:00,CHARLIE THE WONDERDOG,וונדר-דוג,https://tickets5.planetcinema.co.il/order/330677?lang=en,https://tickets5.planetcinema.co.il/order/330677?lang=he,Regular,2D,Hebrew,Hebrew,2026-09-28,2025,,,92,All,Haifa,Yes Planet,629
10:00,Coyote vs. Acme,קיוטי נגד אקמי,https://tickets5.planetcinema.co.il/order/330551?lang=en,https://tickets5.planetcinema.co.il/order/330551?lang=he,Regular,2D,English,Hebrew,2026-09-28,2026,,,101,All,Haifa,Yes Planet,629
16:30,crawlers,קרולרס,https://tickets5.planetcinema.co.il/order/330821?lang=en,https://tickets5.planetcinema.co.il/order/330821?lang=he,Regular,2D,English,,2026-09-28,2026,,,86,14+,Haifa,Yes Planet,629
19:45,crawlers,קרולרס,https://tickets5.planetcinema.co.il/order/330770?lang=en,https://tickets5.planetcinema.co.il/order/330770?lang=he,Regular,2D,English,,2026-09-28,2026,,,86,14+,Haifa,Yes Planet,629
21:45,crawlers,קרולרס,https://tickets5.planetcinema.co.il/order/330771?lang=en,https://tickets5.planetcinema.co.il/order/330771?lang=he,Regular,2D,English,,2026-09-28,2026,,,86,14+,Haifa,Yes Planet,629
22:00,Fast and the Furious - 25th Anniversary,מהיר ועצבני - חגיגות 25 שנה,https://tickets5.planetcinema.co.il/order/333657?lang=en,https://tickets5.planetcinema.co.il/order/333657?lang=he,VIP,2D,English,,2026-09-28,2001,,Rob Cohen,106,,Haifa,Yes Planet,629
10:00,Heart of the Beast,בלב הפרא,https://tickets5.planetcinema.co.il/order/330890?lang=en,https://tickets5.planetcinema.co.il/order/330890?lang=he,Regular,2D,English,,2026-09-28,2026,,David Ayer,101,All,Haifa,Yes Planet,629
12:15,Heart of the Beast,בלב הפרא,https://tickets5.planetcinema.co.il/order/330891?lang=en,https://tickets5.planetcinema.co.il/order/330891?lang=he,Regular,2D,English,,2026-09-28,2026,,David Ayer,101,All,Haifa,Yes Planet,629
14:30,Heart of the Beast,בלב הפרא,https://tickets5.planetcinema.co.il/order/330892?lang=en,https://tickets5.planetcinema.co.il/order/330892?lang=he,Regular,2D,English,,2026-09-28,2026,,David Ayer,101,All,Haifa,Yes Planet,629
16:45,Heart of the Beast,בלב הפרא,https://tickets5.planetcinema.co.il/order/330893?lang=en,https://tickets5.planetcinema.co.il/order/330893?lang=he,Regular,2D,English,,2026-09-28,2026,,David Ayer,101,All,Haifa,Yes Planet,629
19:00,Heart of the Beast,בלב הפרא,https://tickets5.planetcinema.co.il/order/330894?lang=en,https://tickets5.planetcinema.co.il/order/330894?lang=he,Regular,2D,English,,2026-09-28,2026,,David Ayer,101,All,Haifa,Yes Planet,629
21:15,Heart of the Beast,בלב הפרא,https://tickets5.planetcinema.co.il/order/330895?lang=en,https://tickets5.planetcinema.co.il/order/330895?lang=he,Regular,2D,English,,2026-09-28,2026,,David Ayer,101,All,Haifa,Yes Planet,629
16:45,Heart of the Beast,בלב הפרא,https://tickets5.planetcinema.co.il/order/331076?lang=en,https://tickets5.planetcinema.co.il/order/331076?lang=he,VIP,2D,English,,2026-09-28,2026,,David Ayer,101,All,Haifa,Yes Planet,629
19:00,Heart of the Beast,בלב הפרא,https://tickets5.planetcinema.co.il/order/331077?lang=en,https://tickets5.planetcinema.co.il/order/331077?lang=he,VIP,2D,English,,2026-09-28,2026,,David Ayer,101,All,Haifa,Yes Planet,629
22:30,KUPA RASHIT,קופה ראשית,https://tickets5.planetcinema.co.il/order/330815?lang=en,https://tickets5.planetcinema.co.il/order/330815?lang=he,Regular,2D,Hebrew,,2026-09-28,2026,,,91,All,Haifa,Yes Planet,629
10:15,Land of Someitmes,אספן המשאלות,https://tickets5.planetcinema.co.il/order/330615?lang=en,https://tickets5.planetcinema.co.il/order/330615?lang=he,Regular,2D,Hebrew,Hebrew,2026-09-28,2026,,,93,All,Haifa,Yes Planet,629
12:30,Land of Someitmes,אספן המשאלות,https://tickets5.planetcinema.co.il/order/330616?lang=en,https://tickets5.planetcinema.co.il/order/330616?lang=he,Regular,2D,Hebrew,Hebrew,2026-09-28,2026,,,93,All,Haifa,Yes Planet,629
14:45,Land of Someitmes,אספן המשאלות,https://tickets5.planetcinema.co.il/order/330617?lang=en,https://tickets5.planetcinema.co.il/order/330617?lang=he,Regular,2D,Hebrew,Hebrew,2026-09-28,2026,,,93,All,Haifa,Yes Planet,629
17:00,Land of Someitmes,אספן המשאלות,https://tickets5.planetcinema.co.il/order/330618?lang=en,https://tickets5.planetcinema.co.il/order/330618?lang=he,Regular,2D,Hebrew,Hebrew,2026-09-28,2026,,,93,All,Haifa,Yes Planet,629
17:00,Magshimim,תיכון מגשימים,https://tickets5.planetcinema.co.il/order/330728?lang=en,https://tickets5.planetcinema.co.il/order/330728?lang=he,Regular,2D,Hebrew,,2026-09-28,2026,,,100,12+,Haifa,Yes Planet,629
10:15,Minions & Monsters,מיניונים ומפלצות,https://tickets5.planetcinema.co.il/order/330805?lang=en,https://tickets5.planetcinema.co.il/order/330805?lang=he,Regular,2D,English,Hebrew,2026-09-28,2026,,,90,All,Haifa,Yes Planet,629
12:30,Minions & Monsters,מיניונים ומפלצות,https://tickets5.planetcinema.co.il/order/330806?lang=en,https://tickets5.planetcinema.co.il/order/330806?lang=he,Regular,2D,English,Hebrew,2026-09-28,2026,,,90,All,Haifa,Yes Planet,629
10:15,Moana Live Action,מואנה לייב אקשן,https://tickets5.planetcinema.co.il/order/330487?lang=en,https://tickets5.planetcinema.co.il/order/330487?lang=he,Regular,2D,English,Hebrew,2026-09-28,2026,,,120,All,Haifa,Yes Planet,629
19:30,Mutiny,נקמה בלב ים,https://tickets5.planetcinema.co.il/order/333648?lang=en,https://tickets5.planetcinema.co.il/order/333648?lang=he,VIP,2D,English,,2026-09-28,2026,,Jean-François Richet,95,14+,Haifa,Yes Planet,629
21:45,Mutiny,נקמה בלב ים,https://tickets5.planetcinema.co.il/order/333653?lang=en,https://tickets5.planetcinema.co.il/order/333653?lang=he,VIP,2D,English,,2026-09-28,2026,,Jean-François Richet,95,14+,Haifa,Yes Planet,629
16:00,Orphan,יתום,https://tickets5.planetcinema.co.il/order/330531?lang=en,https://tickets5.planetcinema.co.il/order/330531?lang=he,Regular,2D,Hungarian,,2026-09-28,2025,,לאסלו נמש,132,14+,Haifa,Yes Planet,629
18:40,Orphan,יתום,https://tickets5.planetcinema.co.il/order/330532?lang=en,https://tickets5.planetcinema.co.il/order/330532?lang=he,Regular,2D,Hungarian,,2026-09-28,2025,,לאסלו נמש,132,14+,Haifa,Yes Planet,629
21:25,Orphan,יתום,https://tickets5.planetcinema.co.il/order/330533?lang=en,https://tickets5.planetcinema.co.il/order/330533?lang=he,Regular,2D,Hungarian,,2026-09-28,2025,,לאסלו נמש,132,14+,Haifa,Yes Planet,629
10:10,Paw Patrol: The Dino Movie,מפרץ ההרפתקאות: אי הדינוזאורים,https://tickets5.planetcinema.co.il/order/330718?lang=en,https://tickets5.planetcinema.co.il/order/330718?lang=he,Regular,2D,Hebrew,Hebrew,2026-09-28,2026,,,90,All,Haifa,Yes Planet,629
12:20,Paw Patrol: The Dino Movie,מפרץ ההרפתקאות: אי הדינוזאורים,https://tickets5.planetcinema.co.il/order/330719?lang=en,https://tickets5.planetcinema.co.il/order/330719?lang=he,Regular,2D,Hebrew,Hebrew,2026-09-28,2026,,,90,All,Haifa,Yes Planet,629
21:15,Practical Magic 2,קסם מעשי 2,https://tickets5.planetcinema.co.il/order/330595?lang=en,https://tickets5.planetcinema.co.il/order/330595?lang=he,Regular,2D,English,,2026-09-28,2026,,Susanne Bier,130,All,Haifa,Yes Planet,629
16:30,Primavera,פרימוורה,https://tickets5.planetcinema.co.il/order/330581?lang=en,https://tickets5.planetcinema.co.il/order/330581?lang=he,Regular,2D,Italian,,2026-09-28,2025,,דמיאנו מיקילייט,110,12+,Haifa,Yes Planet,629
19:00,Primavera,פרימוורה,https://tickets5.planetcinema.co.il/order/330638?lang=en,https://tickets5.planetcinema.co.il/order/330638?lang=he,Regular,2D,Italian,,2026-09-28,2025,,דמיאנו מיקילייט,110,12+,Haifa,Yes Planet,629
21:30,Primavera,פרימוורה,https://tickets5.planetcinema.co.il/order/330639?lang=en,https://tickets5.planetcinema.co.il/order/330639?lang=he,Regular,2D,Italian,,2026-09-28,2025,,דמיאנו מיקילייט,110,12+,Haifa,Yes Planet,629
19:00,Resident Evil,האויב שבפנים,https://tickets5.planetcinema.co.il/order/330472?lang=en,https://tickets5.planetcinema.co.il/order/330472?lang=he,Regular,2D,English,,2026-09-28,2026,,Zach Cregger,90,16+,Haifa,Yes Planet,629
21:30,Resident Evil,האויב שבפנים,https://tickets5.planetcinema.co.il/order/333654?lang=en,https://tickets5.planetcinema.co.il/order/333654?lang=he,VIP,2D,English,,2026-09-28,2026,,Zach Cregger,90,16+,Haifa,Yes Planet,629
17:00,RUNNER,ראנר,https://tickets5.planetcinema.co.il/order/330502?lang=en,https://tickets5.planetcinema.co.il/order/330502?lang=he,Regular,2D,Hebrew,,2026-09-28,2026,,Scott Waugh,93,12+,Haifa,Yes Planet,629
21:00,RUNNER,ראנר,https://tickets5.planetcinema.co.il/order/330505?lang=en,https://tickets5.planetcinema.co.il/order/330505?lang=he,Regular,2D,Hebrew,,2026-09-28,2026,,Scott Waugh,93,12+,Haifa,Yes Planet,629
11:00,Sentimental Value,ערך סנטימנטלי,https://tickets5.planetcinema.co.il/order/330423?lang=en,https://tickets5.planetcinema.co.il/order/330423?lang=he,Regular,2D,Norwegian,,2026-09-28,2025,,יואכים טרייר,133,All,Haifa,Yes Planet,629
14:00,Spider-Man: Brand New Day,ספיידרמן: יום חדש,https://tickets5.planetcinema.co.il/order/330372?lang=en,https://tickets5.planetcinema.co.il/order/330372?lang=he,Regular,2D,English,,2026-09-28,2026,,Destin Daniel Cretton,140,All,Haifa,Yes Planet,629
19:10,Spider-Man: Brand New Day,ספיידרמן: יום חדש,https://tickets5.planetcinema.co.il/order/330118?lang=en,https://tickets5.planetcinema.co.il/order/330118?lang=he,Regular,2D,English,,2026-09-28,2026,,Destin Daniel Cretton,140,All,Haifa,Yes Planet,629
22:00,Spider-Man: Brand New Day,ספיידרמן: יום חדש,https://tickets5.planetcinema.co.il/order/330121?lang=en,https://tickets5.planetcinema.co.il/order/330121?lang=he,Regular,2D,English,,2026-09-28,2026,,Destin Daniel Cretton,140,All,Haifa,Yes Planet,629
10:30,Spinned,מרגלים מהאגדות,https://tickets5.planetcinema.co.il/order/333785?lang=en,https://tickets5.planetcinema.co.il/order/333785?lang=he,Regular,2D,Hebrew,Hebrew,2026-09-28,2025,,,96,All,Haifa,Yes Planet,629
12:45,Spinned,מרגלים מהאגדות,https://tickets5.planetcinema.co.il/order/333786?lang=en,https://tickets5.planetcinema.co.il/order/333786?lang=he,Regular,2D,Hebrew,Hebrew,2026-09-28,2025,,,96,All,Haifa,Yes Planet,629
15:00,Spinned,מרגלים מהאגדות,https://tickets5.planetcinema.co.il/order/333787?lang=en,https://tickets5.planetcinema.co.il/order/333787?lang=he,Regular,2D,Hebrew,Hebrew,2026-09-28,2025,,,96,All,Haifa,Yes Planet,629
14:00,STITCH HEAD,פרנקי והמפלצות,https://tickets5.planetcinema.co.il/order/330544?lang=en,https://tickets5.planetcinema.co.il/order/330544?lang=he,Regular,2D,Hebrew,Hebrew,2026-09-28,2025,,,92,All,Haifa,Yes Planet,629
12:45,Tad and the Magic Lamp,טד החוקר ומנורת הקסמים,https://tickets5.planetcinema.co.il/order/330481?lang=en,https://tickets5.planetcinema.co.il/order/330481?lang=he,Regular,2D,Hebrew,Hebrew,2026-09-28,2026,,,94,All,Haifa,Yes Planet,629
14:50,Tad and the Magic Lamp,טד החוקר ומנורת הקסמים,https://tickets5.planetcinema.co.il/order/330482?lang=en,https://tickets5.planetcinema.co.il/order/330482?lang=he,Regular,2D,Hebrew,Hebrew,2026-09-28,2026,,,94,All,Haifa,Yes Planet,629
12:10,Tafiti: Across the Desert,טפיטי: הרפתקה במדבר,https://tickets5.planetcinema.co.il/order/330513?lang=en,https://tickets5.planetcinema.co.il/order/330513?lang=he,Regular,2D,Hebrew,Hebrew,2026-09-28,2025,,,81,All,Haifa,Yes Planet,629
11:30,tell me everything,עצמאות,https://tickets5.planetcinema.co.il/order/330848?lang=en,https://tickets5.planetcinema.co.il/order/330848?lang=he,Regular,2D,Hebrew,,2026-09-28,2026,,משה רוזנטל,109,12+,Haifa,Yes Planet,629
14:00,tell me everything,עצמאות,https://tickets5.planetcinema.co.il/order/330849?lang=en,https://tickets5.planetcinema.co.il/order/330849?lang=he,Regular,2D,Hebrew,,2026-09-28,2026,,משה רוזנטל,109,12+,Haifa,Yes Planet,629
16:30,tell me everything,עצמאות,https://tickets5.planetcinema.co.il/order/330850?lang=en,https://tickets5.planetcinema.co.il/order/330850?lang=he,Regular,2D,Hebrew,,2026-09-28,2026,,משה רוזנטל,109,12+,Haifa,Yes Planet,629
19:00,tell me everything,עצמאות,https://tickets5.planetcinema.co.il/order/330851?lang=en,https://tickets5.planetcinema.co.il/order/330851?lang=he,Regular,2D,Hebrew,,2026-09-28,2026,,משה רוזנטל,109,12+,Haifa,Yes Planet,629
21:30,tell me everything,עצמאות,https://tickets5.planetcinema.co.il/order/330852?lang=en,https://tickets5.planetcinema.co.il/order/330852?lang=he,Regular,2D,Hebrew,,2026-09-28,2026,,משה רוזנטל,109,12+,Haifa,Yes Planet,629
14:30,THE DESERT CHILD,ילד המדבר,https://tickets5.planetcinema.co.il/order/330788?lang=en,https://tickets5.planetcinema.co.il/order/330788?lang=he,Regular,2D,Hebrew,Hebrew,2026-09-28,2026,,Gilles de Maistre,92,All,Haifa,Yes Planet,629
18:30,THE LUCKIEST MAN IN AMERICA,איש החידות,https://tickets5.planetcinema.co.il/order/330781?lang=en,https://tickets5.planetcinema.co.il/order/330781?lang=he,Regular,2D,English,,2026-09-28,2024,,Samir Oliveros,91,All,Haifa,Yes Planet,629
10:30,The Odyssey,האודיסאה,https://tickets5.planetcinema.co.il/order/330365?lang=en,https://tickets5.planetcinema.co.il/order/330365?lang=he,Regular,2D,English,,2026-09-28,2026,,Christopher Nolan,172,14+,Haifa,Yes Planet,629
18:00,The Odyssey,האודיסאה,https://tickets5.planetcinema.co.il/order/330652?lang=en,https://tickets5.planetcinema.co.il/order/330652?lang=he,Regular,2D,English,,2026-09-28,2026,,Christopher Nolan,172,14+,Haifa,Yes Planet,629
21:30,The Odyssey,האודיסאה,https://tickets5.planetcinema.co.il/order/330653?lang=en,https://tickets5.planetcinema.co.il/order/330653?lang=he,Regular,2D,English,,2026-09-28,2026,,Christopher Nolan,172,14+,Haifa,Yes Planet,629
18:30,The Odyssey,האודיסאה,https://tickets5.planetcinema.co.il/order/331119?lang=en,https://tickets5.planetcinema.co.il/order/331119?lang=he,VIP,2D,English,,2026-09-28,2026,,Christopher Nolan,172,14+,Haifa,Yes Planet,629
10:00,THE POUT POUT FISH,דג ושמו באסה,https://tickets5.planetcinema.co.il/order/330572?lang=en,https://tickets5.planetcinema.co.il/order/330572?lang=he,Regular,2D,Hebrew,Hebrew,2026-09-28,2026,,,93,All,Haifa,Yes Planet,629
14:15,THE POUT POUT FISH,דג ושמו באסה,https://tickets5.planetcinema.co.il/order/330573?lang=en,https://tickets5.planetcinema.co.il/order/330573?lang=he,Regular,2D,Hebrew,Hebrew,2026-09-28,2026,,,93,All,Haifa,Yes Planet,629
12:00,Toy Story 5,צעצוע של סיפור 5,https://tickets5.planetcinema.co.il/order/330588?lang=en,https://tickets5.planetcinema.co.il/order/330588?lang=he,Regular,2D,English,Hebrew,2026-09-28,2026,,,102,All,Haifa,Yes Planet,629
14:30,Valley of Shadows,בחזרה מההימלאיה,https://tickets5.planetcinema.co.il/order/330690?lang=en,https://tickets5.planetcinema.co.il/order/330690?lang=he,Regular,2D,Spanish,,2026-09-28,2023,,Salvador Calvo,120,12+,Haifa,Yes Planet,629
10:30,Matchmaking 3,בחורים טובים 3,https://tickets5.planetcinema.co.il/order/330970?lang=en,https://tickets5.planetcinema.co.il/order/330970?lang=he,Regular,2D,Hebrew,,2026-09-29,2026,,ארז תדמור,105,All,Haifa,Yes Planet,629
12:45,Matchmaking 3,בחורים טובים 3,https://tickets5.planetcinema.co.il/order/330971?lang=en,https://tickets5.planetcinema.co.il/order/330971?lang=he,Regular,2D,Hebrew,,2026-09-29,2026,,ארז תדמור,105,All,Haifa,Yes Planet,629
15:00,Matchmaking 3,בחורים טובים 3,https://tickets5.planetcinema.co.il/order/330972?lang=en,https://tickets5.planetcinema.co.il/order/330972?lang=he,Regular,2D,Hebrew,,2026-09-29,2026,,ארז תדמור,105,All,Haifa,Yes Planet,629
17:15,Matchmaking 3,בחורים טובים 3,https://tickets5.planetcinema.co.il/order/330973?lang=en,https://tickets5.planetcinema.co.il/order/330973?lang=he,Regular,2D,Hebrew,,2026-09-29,2026,,ארז תדמור,105,All,Haifa,Yes Planet,629
19:30,Matchmaking 3,בחורים טובים 3,https://tickets5.planetcinema.co.il/order/330974?lang=en,https://tickets5.planetcinema.co.il/order/330974?lang=he,Regular,2D,Hebrew,,2026-09-29,2026,,ארז תדמור,105,All,Haifa,Yes Planet,629
21:45,Matchmaking 3,בחורים טובים 3,https://tickets5.planetcinema.co.il/order/330975?lang=en,https://tickets5.planetcinema.co.il/order/330975?lang=he,Regular,2D,Hebrew,,2026-09-29,2026,,ארז תדמור,105,All,Haifa,Yes Planet,629
17:00,Matchmaking 3,בחורים טובים 3,https://tickets5.planetcinema.co.il/order/331052?lang=en,https://tickets5.planetcinema.co.il/order/331052?lang=he,VIP,2D,Hebrew,,2026-09-29,2026,,ארז תדמור,105,All,Haifa,Yes Planet,629
10:30,Forgotten Island,האי הנעלם,https://tickets5.planetcinema.co.il/order/330107?lang=en,https://tickets5.planetcinema.co.il/order/330107?lang=he,Regular,2D,English,Hebrew,2026-09-29,2026,,,98,9+,Haifa,Yes Planet,629
12:40,Forgotten Island,האי הנעלם,https://tickets5.planetcinema.co.il/order/330110?lang=en,https://tickets5.planetcinema.co.il/order/330110?lang=he,Regular,2D,English,Hebrew,2026-09-29,2026,,,98,9+,Haifa,Yes Planet,629
14:50,Forgotten Island,האי הנעלם,https://tickets5.planetcinema.co.il/order/330113?lang=en,https://tickets5.planetcinema.co.il/order/330113?lang=he,Regular,2D,English,Hebrew,2026-09-29,2026,,,98,9+,Haifa,Yes Planet,629
17:00,Forgotten Island,האי הנעלם,https://tickets5.planetcinema.co.il/order/330116?lang=en,https://tickets5.planetcinema.co.il/order/330116?lang=he,Regular,2D,English,Hebrew,2026-09-29,2026,,,98,9+,Haifa,Yes Planet,629
10:45,Forgotten Island,האי הנעלם,https://tickets5.planetcinema.co.il/order/330929?lang=en,https://tickets5.planetcinema.co.il/order/330929?lang=he,Regular,2D 4DX,English,Hebrew,2026-09-29,2026,,,98,9+,Haifa,Yes Planet,629
13:00,Forgotten Island,האי הנעלם,https://tickets5.planetcinema.co.il/order/330930?lang=en,https://tickets5.planetcinema.co.il/order/330930?lang=he,Regular,2D 4DX,English,Hebrew,2026-09-29,2026,,,98,9+,Haifa,Yes Planet,629
11:15,Forgotten Island,האי הנעלם,https://tickets5.planetcinema.co.il/order/330392?lang=en,https://tickets5.planetcinema.co.il/order/330392?lang=he,Regular,2D ScreenX,English,Hebrew,2026-09-29,2026,,,98,9+,Haifa,Yes Planet,629
13:30,Forgotten Island,האי הנעלם,https://tickets5.planetcinema.co.il/order/330393?lang=en,https://tickets5.planetcinema.co.il/order/330393?lang=he,Regular,2D ScreenX,English,Hebrew,2026-09-29,2026,,,98,9+,Haifa,Yes Planet,629
15:15,Forgotten Island,האי הנעלם,https://tickets5.planetcinema.co.il/order/330913?lang=en,https://tickets5.planetcinema.co.il/order/330913?lang=he,Regular,2D 4DX,English,,2026-09-29,2026,,,98,9+,Haifa,Yes Planet,629
15:45,Forgotten Island,האי הנעלם,https://tickets5.planetcinema.co.il/order/330380?lang=en,https://tickets5.planetcinema.co.il/order/330380?lang=he,Regular,2D ScreenX,English,,2026-09-29,2026,,,98,9+,Haifa,Yes Planet,629
19:15,Forgotten Island,האי הנעלם,https://tickets5.planetcinema.co.il/order/330706?lang=en,https://tickets5.planetcinema.co.il/order/330706?lang=he,Regular,2D,English,,2026-09-29,2026,,,98,9+,Haifa,Yes Planet,629
21:30,Forgotten Island,האי הנעלם,https://tickets5.planetcinema.co.il/order/330707?lang=en,https://tickets5.planetcinema.co.il/order/330707?lang=he,Regular,2D,English,,2026-09-29,2026,,,98,9+,Haifa,Yes Planet,629
13:45,Avengers: Endgame re-release,הנוקמים: סוף המשחק - הדרן,https://tickets5.planetcinema.co.il/order/330413?lang=en,https://tickets5.planetcinema.co.il/order/330413?lang=he,Regular,2D,English,,2026-09-29,2019,,,181,All,Haifa,Yes Planet,629
17:30,Avengers: Endgame re-release,הנוקמים: סוף המשחק - הדרן,https://tickets5.planetcinema.co.il/order/330414?lang=en,https://tickets5.planetcinema.co.il/order/330414?lang=he,Regular,2D,English,,2026-09-29,2019,,,181,All,Haifa,Yes Planet,629
21:15,Avengers: Endgame re-release,הנוקמים: סוף המשחק - הדרן,https://tickets5.planetcinema.co.il/order/330415?lang=en,https://tickets5.planetcinema.co.il/order/330415?lang=he,Regular,2D,English,,2026-09-29,2019,,,181,All,Haifa,Yes Planet,629
17:30,Avengers: Endgame re-release,הנוקמים: סוף המשחק - הדרן,https://tickets5.planetcinema.co.il/order/333664?lang=en,https://tickets5.planetcinema.co.il/order/333664?lang=he,VIP,2D,English,,2026-09-29,2019,,,181,All,Haifa,Yes Planet,629
21:15,Avengers: Endgame re-release,הנוקמים: סוף המשחק - הדרן,https://tickets5.planetcinema.co.il/order/333667?lang=en,https://tickets5.planetcinema.co.il/order/333667?lang=he,VIP,2D,English,,2026-09-29,2019,,,181,All,Haifa,Yes Planet,629
17:00,Avengers: Endgame re-release - Infinity Vision,הנוקמים: סוף המשחק - הדרן - Infinity Vi,https://tickets5.planetcinema.co.il/order/332810?lang=en,https://tickets5.planetcinema.co.il/order/332810?lang=he,INFINITY VISION2D,INFINITY VISION2D,English,,2026-09-29,2019,,,181,,Haifa,Yes Planet,629
20:45,Avengers: Endgame re-release - Infinity Vision,הנוקמים: סוף המשחק - הדרן - Infinity Vi,https://tickets5.planetcinema.co.il/order/332811?lang=en,https://tickets5.planetcinema.co.il/order/332811?lang=he,INFINITY VISION2D,INFINITY VISION2D,English,,2026-09-29,2019,,,181,,Haifa,Yes Planet,629
17:30,Avengers: Endgame re-release - Infinity Vision,הנוקמים: סוף המשחק - הדרן - Infinity Vi,https://tickets5.planetcinema.co.il/order/330925?lang=en,https://tickets5.planetcinema.co.il/order/330925?lang=he,4DXINFINITY VISION2D,4DXINFINITY VISION2D,English,,2026-09-29,2019,,,181,,Haifa,Yes Planet,629
21:15,Avengers: Endgame re-release - Infinity Vision,הנוקמים: סוף המשחק - הדרן - Infinity Vi,https://tickets5.planetcinema.co.il/order/330926?lang=en,https://tickets5.planetcinema.co.il/order/330926?lang=he,4DXINFINITY VISION2D,4DXINFINITY VISION2D,English,,2026-09-29,2019,,,181,,Haifa,Yes Planet,629
18:00,Avengers: Endgame re-release - Infinity Vision,הנוקמים: סוף המשחק - הדרן - Infinity Vi,https://tickets5.planetcinema.co.il/order/330400?lang=en,https://tickets5.planetcinema.co.il/order/330400?lang=he,INFINITY VISIONSCREENX2D,INFINITY VISIONSCREENX2D,English,,2026-09-29,2019,,,181,,Haifa,Yes Planet,629
21:30,Avengers: Endgame re-release - Infinity Vision,הנוקמים: סוף המשחק - הדרן - Infinity Vi,https://tickets5.planetcinema.co.il/order/330401?lang=en,https://tickets5.planetcinema.co.il/order/330401?lang=he,INFINITY VISIONSCREENX2D,INFINITY VISIONSCREENX2D,English,,2026-09-29,2019,,,181,,Haifa,Yes Planet,629
20:30,Before We Leave Tuscany,להתאהב בטוסקנה,https://tickets5.planetcinema.co.il/order/330795?lang=en,https://tickets5.planetcinema.co.il/order/330795?lang=he,Regular,2D,English,,2026-09-29,,,,91,All,Haifa,Yes Planet,629
10:00,CHARLIE THE WONDERDOG,וונדר-דוג,https://tickets5.planetcinema.co.il/order/330685?lang=en,https://tickets5.planetcinema.co.il/order/330685?lang=he,Regular,2D,Hebrew,Hebrew,2026-09-29,2025,,,92,All,Haifa,Yes Planet,629
12:00,CHARLIE THE WONDERDOG,וונדר-דוג,https://tickets5.planetcinema.co.il/order/330684?lang=en,https://tickets5.planetcinema.co.il/order/330684?lang=he,Regular,2D,Hebrew,Hebrew,2026-09-29,2025,,,92,All,Haifa,Yes Planet,629
14:00,CHARLIE THE WONDERDOG,וונדר-דוג,https://tickets5.planetcinema.co.il/order/330683?lang=en,https://tickets5.planetcinema.co.il/order/330683?lang=he,Regular,2D,Hebrew,Hebrew,2026-09-29,2025,,,92,All,Haifa,Yes Planet,629
16:00,CHARLIE THE WONDERDOG,וונדר-דוג,https://tickets5.planetcinema.co.il/order/330678?lang=en,https://tickets5.planetcinema.co.il/order/330678?lang=he,Regular,2D,Hebrew,Hebrew,2026-09-29,2025,,,92,All,Haifa,Yes Planet,629
10:00,Coyote vs. Acme,קיוטי נגד אקמי,https://tickets5.planetcinema.co.il/order/330552?lang=en,https://tickets5.planetcinema.co.il/order/330552?lang=he,Regular,2D,English,Hebrew,2026-09-29,2026,,,101,All,Haifa,Yes Planet,629
16:30,crawlers,קרולרס,https://tickets5.planetcinema.co.il/order/330822?lang=en,https://tickets5.planetcinema.co.il/order/330822?lang=he,Regular,2D,English,,2026-09-29,2026,,,86,14+,Haifa,Yes Planet,629
19:45,crawlers,קרולרס,https://tickets5.planetcinema.co.il/order/330772?lang=en,https://tickets5.planetcinema.co.il/order/330772?lang=he,Regular,2D,English,,2026-09-29,2026,,,86,14+,Haifa,Yes Planet,629
21:45,crawlers,קרולרס,https://tickets5.planetcinema.co.il/order/330773?lang=en,https://tickets5.planetcinema.co.il/order/330773?lang=he,Regular,2D,English,,2026-09-29,2026,,,86,14+,Haifa,Yes Planet,629
22:00,Fast and the Furious - 25th Anniversary,מהיר ועצבני - חגיגות 25 שנה,https://tickets5.planetcinema.co.il/order/333658?lang=en,https://tickets5.planetcinema.co.il/order/333658?lang=he,VIP,2D,English,,2026-09-29,2001,,Rob Cohen,106,,Haifa,Yes Planet,629
10:00,Heart of the Beast,בלב הפרא,https://tickets5.planetcinema.co.il/order/330896?lang=en,https://tickets5.planetcinema.co.il/order/330896?lang=he,Regular,2D,English,,2026-09-29,2026,,David Ayer,101,All,Haifa,Yes Planet,629
12:15,Heart of the Beast,בלב הפרא,https://tickets5.planetcinema.co.il/order/330897?lang=en,https://tickets5.planetcinema.co.il/order/330897?lang=he,Regular,2D,English,,2026-09-29,2026,,David Ayer,101,All,Haifa,Yes Planet,629
14:30,Heart of the Beast,בלב הפרא,https://tickets5.planetcinema.co.il/order/330898?lang=en,https://tickets5.planetcinema.co.il/order/330898?lang=he,Regular,2D,English,,2026-09-29,2026,,David Ayer,101,All,Haifa,Yes Planet,629
16:45,Heart of the Beast,בלב הפרא,https://tickets5.planetcinema.co.il/order/330899?lang=en,https://tickets5.planetcinema.co.il/order/330899?lang=he,Regular,2D,English,,2026-09-29,2026,,David Ayer,101,All,Haifa,Yes Planet,629
19:00,Heart of the Beast,בלב הפרא,https://tickets5.planetcinema.co.il/order/330900?lang=en,https://tickets5.planetcinema.co.il/order/330900?lang=he,Regular,2D,English,,2026-09-29,2026,,David Ayer,101,All,Haifa,Yes Planet,629
21:15,Heart of the Beast,בלב הפרא,https://tickets5.planetcinema.co.il/order/330901?lang=en,https://tickets5.planetcinema.co.il/order/330901?lang=he,Regular,2D,English,,2026-09-29,2026,,David Ayer,101,All,Haifa,Yes Planet,629
16:45,Heart of the Beast,בלב הפרא,https://tickets5.planetcinema.co.il/order/331080?lang=en,https://tickets5.planetcinema.co.il/order/331080?lang=he,VIP,2D,English,,2026-09-29,2026,,David Ayer,101,All,Haifa,Yes Planet,629
21:30,Heart of the Beast,בלב הפרא,https://tickets5.planetcinema.co.il/order/331081?lang=en,https://tickets5.planetcinema.co.il/order/331081?lang=he,VIP,2D,English,,2026-09-29,2026,,David Ayer,101,All,Haifa,Yes Planet,629
22:30,KUPA RASHIT,קופה ראשית,https://tickets5.planetcinema.co.il/order/330816?lang=en,https://tickets5.planetcinema.co.il/order/330816?lang=he,Regular,2D,Hebrew,,2026-09-29,2026,,,91,All,Haifa,Yes Planet,629
10:15,Land of Someitmes,אספן המשאלות,https://tickets5.planetcinema.co.il/order/330619?lang=en,https://tickets5.planetcinema.co.il/order/330619?lang=he,Regular,2D,Hebrew,Hebrew,2026-09-29,2026,,,93,All,Haifa,Yes Planet,629
12:30,Land of Someitmes,אספן המשאלות,https://tickets5.planetcinema.co.il/order/330620?lang=en,https://tickets5.planetcinema.co.il/order/330620?lang=he,Regular,2D,Hebrew,Hebrew,2026-09-29,2026,,,93,All,Haifa,Yes Planet,629
14:45,Land of Someitmes,אספן המשאלות,https://tickets5.planetcinema.co.il/order/330621?lang=en,https://tickets5.planetcinema.co.il/order/330621?lang=he,Regular,2D,Hebrew,Hebrew,2026-09-29,2026,,,93,All,Haifa,Yes Planet,629
17:00,Land of Someitmes,אספן המשאלות,https://tickets5.planetcinema.co.il/order/330622?lang=en,https://tickets5.planetcinema.co.il/order/330622?lang=he,Regular,2D,Hebrew,Hebrew,2026-09-29,2026,,,93,All,Haifa,Yes Planet,629
17:00,Magshimim,תיכון מגשימים,https://tickets5.planetcinema.co.il/order/330729?lang=en,https://tickets5.planetcinema.co.il/order/330729?lang=he,Regular,2D,Hebrew,,2026-09-29,2026,,,100,12+,Haifa,Yes Planet,629
10:15,Minions & Monsters,מיניונים ומפלצות,https://tickets5.planetcinema.co.il/order/330807?lang=en,https://tickets5.planetcinema.co.il/order/330807?lang=he,Regular,2D,English,Hebrew,2026-09-29,2026,,,90,All,Haifa,Yes Planet,629
12:30,Minions & Monsters,מיניונים ומפלצות,https://tickets5.planetcinema.co.il/order/330808?lang=en,https://tickets5.planetcinema.co.il/order/330808?lang=he,Regular,2D,English,Hebrew,2026-09-29,2026,,,90,All,Haifa,Yes Planet,629
10:30,Moana Live Action,מואנה לייב אקשן,https://tickets5.planetcinema.co.il/order/330492?lang=en,https://tickets5.planetcinema.co.il/order/330492?lang=he,Regular,2D,English,Hebrew,2026-09-29,2026,,,120,All,Haifa,Yes Planet,629
19:30,Mutiny,נקמה בלב ים,https://tickets5.planetcinema.co.il/order/333649?lang=en,https://tickets5.planetcinema.co.il/order/333649?lang=he,VIP,2D,English,,2026-09-29,2026,,Jean-François Richet,95,14+,Haifa,Yes Planet,629
21:45,Mutiny,נקמה בלב ים,https://tickets5.planetcinema.co.il/order/333652?lang=en,https://tickets5.planetcinema.co.il/order/333652?lang=he,VIP,2D,English,,2026-09-29,2026,,Jean-François Richet,95,14+,Haifa,Yes Planet,629
16:00,Orphan,יתום,https://tickets5.planetcinema.co.il/order/330534?lang=en,https://tickets5.planetcinema.co.il/order/330534?lang=he,Regular,2D,Hungarian,,2026-09-29,2025,,לאסלו נמש,132,14+,Haifa,Yes Planet,629
18:40,Orphan,יתום,https://tickets5.planetcinema.co.il/order/330535?lang=en,https://tickets5.planetcinema.co.il/order/330535?lang=he,Regular,2D,Hungarian,,2026-09-29,2025,,לאסלו נמש,132,14+,Haifa,Yes Planet,629
21:25,Orphan,יתום,https://tickets5.planetcinema.co.il/order/330536?lang=en,https://tickets5.planetcinema.co.il/order/330536?lang=he,Regular,2D,Hungarian,,2026-09-29,2025,,לאסלו נמש,132,14+,Haifa,Yes Planet,629
10:10,Paw Patrol: The Dino Movie,מפרץ ההרפתקאות: אי הדינוזאורים,https://tickets5.planetcinema.co.il/order/330720?lang=en,https://tickets5.planetcinema.co.il/order/330720?lang=he,Regular,2D,Hebrew,Hebrew,2026-09-29,2026,,,90,All,Haifa,Yes Planet,629
12:20,Paw Patrol: The Dino Movie,מפרץ ההרפתקאות: אי הדינוזאורים,https://tickets5.planetcinema.co.il/order/330721?lang=en,https://tickets5.planetcinema.co.il/order/330721?lang=he,Regular,2D,Hebrew,Hebrew,2026-09-29,2026,,,90,All,Haifa,Yes Planet,629
21:15,Practical Magic 2,קסם מעשי 2,https://tickets5.planetcinema.co.il/order/330596?lang=en,https://tickets5.planetcinema.co.il/order/330596?lang=he,Regular,2D,English,,2026-09-29,2026,,Susanne Bier,130,All,Haifa,Yes Planet,629
16:15,Primavera,פרימוורה,https://tickets5.planetcinema.co.il/order/330582?lang=en,https://tickets5.planetcinema.co.il/order/330582?lang=he,Regular,2D,Italian,,2026-09-29,2025,,דמיאנו מיקילייט,110,12+,Haifa,Yes Planet,629
19:00,Primavera,פרימוורה,https://tickets5.planetcinema.co.il/order/330640?lang=en,https://tickets5.planetcinema.co.il/order/330640?lang=he,Regular,2D,Italian,,2026-09-29,2025,,דמיאנו מיקילייט,110,12+,Haifa,Yes Planet,629
21:30,Primavera,פרימוורה,https://tickets5.planetcinema.co.il/order/330641?lang=en,https://tickets5.planetcinema.co.il/order/330641?lang=he,Regular,2D,Italian,,2026-09-29,2025,,דמיאנו מיקילייט,110,12+,Haifa,Yes Planet,629
19:00,Resident Evil,האויב שבפנים,https://tickets5.planetcinema.co.il/order/333656?lang=en,https://tickets5.planetcinema.co.il/order/333656?lang=he,VIP,2D,English,,2026-09-29,2026,,Zach Cregger,90,16+,Haifa,Yes Planet,629
17:30,RUNNER,ראנר,https://tickets5.planetcinema.co.il/order/330503?lang=en,https://tickets5.planetcinema.co.il/order/330503?lang=he,Regular,2D,Hebrew,,2026-09-29,2026,,Scott Waugh,93,12+,Haifa,Yes Planet,629
22:00,RUNNER,ראנר,https://tickets5.planetcinema.co.il/order/330504?lang=en,https://tickets5.planetcinema.co.il/order/330504?lang=he,Regular,2D,Hebrew,,2026-09-29,2026,,Scott Waugh,93,12+,Haifa,Yes Planet,629
11:00,Sentimental Value,ערך סנטימנטלי,https://tickets5.planetcinema.co.il/order/330424?lang=en,https://tickets5.planetcinema.co.il/order/330424?lang=he,Regular,2D,Norwegian,,2026-09-29,2025,,יואכים טרייר,133,All,Haifa,Yes Planet,629
14:00,Spider-Man: Brand New Day,ספיידרמן: יום חדש,https://tickets5.planetcinema.co.il/order/330373?lang=en,https://tickets5.planetcinema.co.il/order/330373?lang=he,Regular,2D,English,,2026-09-29,2026,,Destin Daniel Cretton,140,All,Haifa,Yes Planet,629
19:10,Spider-Man: Brand New Day,ספיידרמן: יום חדש,https://tickets5.planetcinema.co.il/order/330119?lang=en,https://tickets5.planetcinema.co.il/order/330119?lang=he,Regular,2D,English,,2026-09-29,2026,,Destin Daniel Cretton,140,All,Haifa,Yes Planet,629
22:00,Spider-Man: Brand New Day,ספיידרמן: יום חדש,https://tickets5.planetcinema.co.il/order/330122?lang=en,https://tickets5.planetcinema.co.il/order/330122?lang=he,Regular,2D,English,,2026-09-29,2026,,Destin Daniel Cretton,140,All,Haifa,Yes Planet,629
10:45,Spinned,מרגלים מהאגדות,https://tickets5.planetcinema.co.il/order/333788?lang=en,https://tickets5.planetcinema.co.il/order/333788?lang=he,Regular,2D,Hebrew,Hebrew,2026-09-29,2025,,,96,All,Haifa,Yes Planet,629
13:00,Spinned,מרגלים מהאגדות,https://tickets5.planetcinema.co.il/order/333789?lang=en,https://tickets5.planetcinema.co.il/order/333789?lang=he,Regular,2D,Hebrew,Hebrew,2026-09-29,2025,,,96,All,Haifa,Yes Planet,629
15:15,Spinned,מרגלים מהאגדות,https://tickets5.planetcinema.co.il/order/333790?lang=en,https://tickets5.planetcinema.co.il/order/333790?lang=he,Regular,2D,Hebrew,Hebrew,2026-09-29,2025,,,96,All,Haifa,Yes Planet,629
17:30,Spinned,מרגלים מהאגדות,https://tickets5.planetcinema.co.il/order/333791?lang=en,https://tickets5.planetcinema.co.il/order/333791?lang=he,Regular,2D,Hebrew,Hebrew,2026-09-29,2025,,,96,All,Haifa,Yes Planet,629
14:00,STITCH HEAD,פרנקי והמפלצות,https://tickets5.planetcinema.co.il/order/330545?lang=en,https://tickets5.planetcinema.co.il/order/330545?lang=he,Regular,2D,Hebrew,Hebrew,2026-09-29,2025,,,92,All,Haifa,Yes Planet,629
13:00,Tad and the Magic Lamp,טד החוקר ומנורת הקסמים,https://tickets5.planetcinema.co.il/order/330483?lang=en,https://tickets5.planetcinema.co.il/order/330483?lang=he,Regular,2D,Hebrew,Hebrew,2026-09-29,2026,,,94,All,Haifa,Yes Planet,629
15:15,Tad and the Magic Lamp,טד החוקר ומנורת הקסמים,https://tickets5.planetcinema.co.il/order/330484?lang=en,https://tickets5.planetcinema.co.il/order/330484?lang=he,Regular,2D,Hebrew,Hebrew,2026-09-29,2026,,,94,All,Haifa,Yes Planet,629
12:10,Tafiti: Across the Desert,טפיטי: הרפתקה במדבר,https://tickets5.planetcinema.co.il/order/330514?lang=en,https://tickets5.planetcinema.co.il/order/330514?lang=he,Regular,2D,Hebrew,Hebrew,2026-09-29,2025,,,81,All,Haifa,Yes Planet,629
14:00,tell me everything,עצמאות,https://tickets5.planetcinema.co.il/order/330854?lang=en,https://tickets5.planetcinema.co.il/order/330854?lang=he,Regular,2D,Hebrew,,2026-09-29,2026,,משה רוזנטל,109,12+,Haifa,Yes Planet,629
16:30,tell me everything,עצמאות,https://tickets5.planetcinema.co.il/order/330855?lang=en,https://tickets5.planetcinema.co.il/order/330855?lang=he,Regular,2D,Hebrew,,2026-09-29,2026,,משה רוזנטל,109,12+,Haifa,Yes Planet,629
19:00,tell me everything,עצמאות,https://tickets5.planetcinema.co.il/order/330856?lang=en,https://tickets5.planetcinema.co.il/order/330856?lang=he,Regular,2D,Hebrew,,2026-09-29,2026,,משה רוזנטל,109,12+,Haifa,Yes Planet,629
21:30,tell me everything,עצמאות,https://tickets5.planetcinema.co.il/order/330857?lang=en,https://tickets5.planetcinema.co.il/order/330857?lang=he,Regular,2D,Hebrew,,2026-09-29,2026,,משה רוזנטל,109,12+,Haifa,Yes Planet,629
14:30,THE DESERT CHILD,ילד המדבר,https://tickets5.planetcinema.co.il/order/330789?lang=en,https://tickets5.planetcinema.co.il/order/330789?lang=he,Regular,2D,Hebrew,Hebrew,2026-09-29,2026,,Gilles de Maistre,92,All,Haifa,Yes Planet,629
18:30,THE LUCKIEST MAN IN AMERICA,איש החידות,https://tickets5.planetcinema.co.il/order/330782?lang=en,https://tickets5.planetcinema.co.il/order/330782?lang=he,Regular,2D,English,,2026-09-29,2024,,Samir Oliveros,91,All,Haifa,Yes Planet,629
10:30,The Odyssey,האודיסאה,https://tickets5.planetcinema.co.il/order/330366?lang=en,https://tickets5.planetcinema.co.il/order/330366?lang=he,Regular,2D,English,,2026-09-29,2026,,Christopher Nolan,172,14+,Haifa,Yes Planet,629
18:00,The Odyssey,האודיסאה,https://tickets5.planetcinema.co.il/order/330654?lang=en,https://tickets5.planetcinema.co.il/order/330654?lang=he,Regular,2D,English,,2026-09-29,2026,,Christopher Nolan,172,14+,Haifa,Yes Planet,629
21:30,The Odyssey,האודיסאה,https://tickets5.planetcinema.co.il/order/330655?lang=en,https://tickets5.planetcinema.co.il/order/330655?lang=he,Regular,2D,English,,2026-09-29,2026,,Christopher Nolan,172,14+,Haifa,Yes Planet,629
18:30,The Odyssey,האודיסאה,https://tickets5.planetcinema.co.il/order/331121?lang=en,https://tickets5.planetcinema.co.il/order/331121?lang=he,VIP,2D,English,,2026-09-29,2026,,Christopher Nolan,172,14+,Haifa,Yes Planet,629
10:00,THE POUT POUT FISH,דג ושמו באסה,https://tickets5.planetcinema.co.il/order/330574?lang=en,https://tickets5.planetcinema.co.il/order/330574?lang=he,Regular,2D,Hebrew,Hebrew,2026-09-29,2026,,,93,All,Haifa,Yes Planet,629
14:15,THE POUT POUT FISH,דג ושמו באסה,https://tickets5.planetcinema.co.il/order/330575?lang=en,https://tickets5.planetcinema.co.il/order/330575?lang=he,Regular,2D,Hebrew,Hebrew,2026-09-29,2026,,,93,All,Haifa,Yes Planet,629
12:00,Toy Story 5,צעצוע של סיפור 5,https://tickets5.planetcinema.co.il/order/330589?lang=en,https://tickets5.planetcinema.co.il/order/330589?lang=he,Regular,2D,English,Hebrew,2026-09-29,2026,,,102,All,Haifa,Yes Planet,629
14:30,Valley of Shadows,בחזרה מההימלאיה,https://tickets5.planetcinema.co.il/order/330691?lang=en,https://tickets5.planetcinema.co.il/order/330691?lang=he,Regular,2D,Spanish,,2026-09-29,2023,,Salvador Calvo,120,12+,Haifa,Yes Planet,629
10:30,Matchmaking 3,בחורים טובים 3,https://tickets5.planetcinema.co.il/order/330976?lang=en,https://tickets5.planetcinema.co.il/order/330976?lang=he,Regular,2D,Hebrew,,2026-09-30,2026,,ארז תדמור,105,All,Haifa,Yes Planet,629
12:45,Matchmaking 3,בחורים טובים 3,https://tickets5.planetcinema.co.il/order/330977?lang=en,https://tickets5.planetcinema.co.il/order/330977?lang=he,Regular,2D,Hebrew,,2026-09-30,2026,,ארז תדמור,105,All,Haifa,Yes Planet,629
15:00,Matchmaking 3,בחורים טובים 3,https://tickets5.planetcinema.co.il/order/330978?lang=en,https://tickets5.planetcinema.co.il/order/330978?lang=he,Regular,2D,Hebrew,,2026-09-30,2026,,ארז תדמור,105,All,Haifa,Yes Planet,629
17:15,Matchmaking 3,בחורים טובים 3,https://tickets5.planetcinema.co.il/order/330979?lang=en,https://tickets5.planetcinema.co.il/order/330979?lang=he,Regular,2D,Hebrew,,2026-09-30,2026,,ארז תדמור,105,All,Haifa,Yes Planet,629
19:30,Matchmaking 3,בחורים טובים 3,https://tickets5.planetcinema.co.il/order/330980?lang=en,https://tickets5.planetcinema.co.il/order/330980?lang=he,Regular,2D,Hebrew,,2026-09-30,2026,,ארז תדמור,105,All,Haifa,Yes Planet,629
21:45,Matchmaking 3,בחורים טובים 3,https://tickets5.planetcinema.co.il/order/330981?lang=en,https://tickets5.planetcinema.co.il/order/330981?lang=he,Regular,2D,Hebrew,,2026-09-30,2026,,ארז תדמור,105,All,Haifa,Yes Planet,629
17:00,Matchmaking 3,בחורים טובים 3,https://tickets5.planetcinema.co.il/order/331056?lang=en,https://tickets5.planetcinema.co.il/order/331056?lang=he,VIP,2D,Hebrew,,2026-09-30,2026,,ארז תדמור,105,All,Haifa,Yes Planet,629
10:30,Forgotten Island,האי הנעלם,https://tickets5.planetcinema.co.il/order/330108?lang=en,https://tickets5.planetcinema.co.il/order/330108?lang=he,Regular,2D,English,Hebrew,2026-09-30,2026,,,98,9+,Haifa,Yes Planet,629
12:40,Forgotten Island,האי הנעלם,https://tickets5.planetcinema.co.il/order/330111?lang=en,https://tickets5.planetcinema.co.il/order/330111?lang=he,Regular,2D,English,Hebrew,2026-09-30,2026,,,98,9+,Haifa,Yes Planet,629
14:50,Forgotten Island,האי הנעלם,https://tickets5.planetcinema.co.il/order/330114?lang=en,https://tickets5.planetcinema.co.il/order/330114?lang=he,Regular,2D,English,Hebrew,2026-09-30,2026,,,98,9+,Haifa,Yes Planet,629
17:00,Forgotten Island,האי הנעלם,https://tickets5.planetcinema.co.il/order/330117?lang=en,https://tickets5.planetcinema.co.il/order/330117?lang=he,Regular,2D,English,Hebrew,2026-09-30,2026,,,98,9+,Haifa,Yes Planet,629
10:45,Forgotten Island,האי הנעלם,https://tickets5.planetcinema.co.il/order/330915?lang=en,https://tickets5.planetcinema.co.il/order/330915?lang=he,Regular,2D 4DX,English,Hebrew,2026-09-30,2026,,,98,9+,Haifa,Yes Planet,629
13:00,Forgotten Island,האי הנעלם,https://tickets5.planetcinema.co.il/order/330916?lang=en,https://tickets5.planetcinema.co.il/order/330916?lang=he,Regular,2D 4DX,English,Hebrew,2026-09-30,2026,,,98,9+,Haifa,Yes Planet,629
11:15,Forgotten Island,האי הנעלם,https://tickets5.planetcinema.co.il/order/330394?lang=en,https://tickets5.planetcinema.co.il/order/330394?lang=he,Regular,2D ScreenX,English,Hebrew,2026-09-30,2026,,,98,9+,Haifa,Yes Planet,629
13:30,Forgotten Island,האי הנעלם,https://tickets5.planetcinema.co.il/order/330395?lang=en,https://tickets5.planetcinema.co.il/order/330395?lang=he,Regular,2D ScreenX,English,Hebrew,2026-09-30,2026,,,98,9+,Haifa,Yes Planet,629
15:15,Forgotten Island,האי הנעלם,https://tickets5.planetcinema.co.il/order/330914?lang=en,https://tickets5.planetcinema.co.il/order/330914?lang=he,Regular,2D 4DX,English,,2026-09-30,2026,,,98,9+,Haifa,Yes Planet,629
15:45,Forgotten Island,האי הנעלם,https://tickets5.planetcinema.co.il/order/330381?lang=en,https://tickets5.planetcinema.co.il/order/330381?lang=he,Regular,2D ScreenX,English,,2026-09-30,2026,,,98,9+,Haifa,Yes Planet,629
19:15,Forgotten Island,האי הנעלם,https://tickets5.planetcinema.co.il/order/330708?lang=en,https://tickets5.planetcinema.co.il/order/330708?lang=he,Regular,2D,English,,2026-09-30,2026,,,98,9+,Haifa,Yes Planet,629
21:30,Forgotten Island,האי הנעלם,https://tickets5.planetcinema.co.il/order/330709?lang=en,https://tickets5.planetcinema.co.il/order/330709?lang=he,Regular,2D,English,,2026-09-30,2026,,,98,9+,Haifa,Yes Planet,629
13:45,Avengers: Endgame re-release,הנוקמים: סוף המשחק - הדרן,https://tickets5.planetcinema.co.il/order/330416?lang=en,https://tickets5.planetcinema.co.il/order/330416?lang=he,Regular,2D,English,,2026-09-30,2019,,,181,All,Haifa,Yes Planet,629
17:30,Avengers: Endgame re-release,הנוקמים: סוף המשחק - הדרן,https://tickets5.planetcinema.co.il/order/330417?lang=en,https://tickets5.planetcinema.co.il/order/330417?lang=he,Regular,2D,English,,2026-09-30,2019,,,181,All,Haifa,Yes Planet,629
21:15,Avengers: Endgame re-release,הנוקמים: סוף המשחק - הדרן,https://tickets5.planetcinema.co.il/order/330418?lang=en,https://tickets5.planetcinema.co.il/order/330418?lang=he,Regular,2D,English,,2026-09-30,2019,,,181,All,Haifa,Yes Planet,629
17:30,Avengers: Endgame re-release,הנוקמים: סוף המשחק - הדרן,https://tickets5.planetcinema.co.il/order/333665?lang=en,https://tickets5.planetcinema.co.il/order/333665?lang=he,VIP,2D,English,,2026-09-30,2019,,,181,All,Haifa,Yes Planet,629
21:15,Avengers: Endgame re-release,הנוקמים: סוף המשחק - הדרן,https://tickets5.planetcinema.co.il/order/333666?lang=en,https://tickets5.planetcinema.co.il/order/333666?lang=he,VIP,2D,English,,2026-09-30,2019,,,181,All,Haifa,Yes Planet,629
17:00,Avengers: Endgame re-release - Infinity Vision,הנוקמים: סוף המשחק - הדרן - Infinity Vi,https://tickets5.planetcinema.co.il/order/332812?lang=en,https://tickets5.planetcinema.co.il/order/332812?lang=he,INFINITY VISION2D,INFINITY VISION2D,English,,2026-09-30,2019,,,181,,Haifa,Yes Planet,629
20:45,Avengers: Endgame re-release - Infinity Vision,הנוקמים: סוף המשחק - הדרן - Infinity Vi,https://tickets5.planetcinema.co.il/order/332813?lang=en,https://tickets5.planetcinema.co.il/order/332813?lang=he,INFINITY VISION2D,INFINITY VISION2D,English,,2026-09-30,2019,,,181,,Haifa,Yes Planet,629
17:30,Avengers: Endgame re-release - Infinity Vision,הנוקמים: סוף המשחק - הדרן - Infinity Vi,https://tickets5.planetcinema.co.il/order/330927?lang=en,https://tickets5.planetcinema.co.il/order/330927?lang=he,4DXINFINITY VISION2D,4DXINFINITY VISION2D,English,,2026-09-30,2019,,,181,,Haifa,Yes Planet,629
21:15,Avengers: Endgame re-release - Infinity Vision,הנוקמים: סוף המשחק - הדרן - Infinity Vi,https://tickets5.planetcinema.co.il/order/330928?lang=en,https://tickets5.planetcinema.co.il/order/330928?lang=he,4DXINFINITY VISION2D,4DXINFINITY VISION2D,English,,2026-09-30,2019,,,181,,Haifa,Yes Planet,629
18:00,Avengers: Endgame re-release - Infinity Vision,הנוקמים: סוף המשחק - הדרן - Infinity Vi,https://tickets5.planetcinema.co.il/order/330402?lang=en,https://tickets5.planetcinema.co.il/order/330402?lang=he,INFINITY VISIONSCREENX2D,INFINITY VISIONSCREENX2D,English,,2026-09-30,2019,,,181,,Haifa,Yes Planet,629
21:30,Avengers: Endgame re-release - Infinity Vision,הנוקמים: סוף המשחק - הדרן - Infinity Vi,https://tickets5.planetcinema.co.il/order/330403?lang=en,https://tickets5.planetcinema.co.il/order/330403?lang=he,INFINITY VISIONSCREENX2D,INFINITY VISIONSCREENX2D,English,,2026-09-30,2019,,,181,,Haifa,Yes Planet,629
20:30,Before We Leave Tuscany,להתאהב בטוסקנה,https://tickets5.planetcinema.co.il/order/330796?lang=en,https://tickets5.planetcinema.co.il/order/330796?lang=he,Regular,2D,English,,2026-09-30,,,,91,All,Haifa,Yes Planet,629
10:00,CHARLIE THE WONDERDOG,וונדר-דוג,https://tickets5.planetcinema.co.il/order/330679?lang=en,https://tickets5.planetcinema.co.il/order/330679?lang=he,Regular,2D,Hebrew,Hebrew,2026-09-30,2025,,,92,All,Haifa,Yes Planet,629
12:00,CHARLIE THE WONDERDOG,וונדר-דוג,https://tickets5.planetcinema.co.il/order/330680?lang=en,https://tickets5.planetcinema.co.il/order/330680?lang=he,Regular,2D,Hebrew,Hebrew,2026-09-30,2025,,,92,All,Haifa,Yes Planet,629
14:00,CHARLIE THE WONDERDOG,וונדר-דוג,https://tickets5.planetcinema.co.il/order/330681?lang=en,https://tickets5.planetcinema.co.il/order/330681?lang=he,Regular,2D,Hebrew,Hebrew,2026-09-30,2025,,,92,All,Haifa,Yes Planet,629
16:00,CHARLIE THE WONDERDOG,וונדר-דוג,https://tickets5.planetcinema.co.il/order/330682?lang=en,https://tickets5.planetcinema.co.il/order/330682?lang=he,Regular,2D,Hebrew,Hebrew,2026-09-30,2025,,,92,All,Haifa,Yes Planet,629
10:00,Coyote vs. Acme,קיוטי נגד אקמי,https://tickets5.planetcinema.co.il/order/330553?lang=en,https://tickets5.planetcinema.co.il/order/330553?lang=he,Regular,2D,English,Hebrew,2026-09-30,2026,,,101,All,Haifa,Yes Planet,629
16:30,crawlers,קרולרס,https://tickets5.planetcinema.co.il/order/330823?lang=en,https://tickets5.planetcinema.co.il/order/330823?lang=he,Regular,2D,English,,2026-09-30,2026,,,86,14+,Haifa,Yes Planet,629
19:45,crawlers,קרולרס,https://tickets5.planetcinema.co.il/order/330774?lang=en,https://tickets5.planetcinema.co.il/order/330774?lang=he,Regular,2D,English,,2026-09-30,2026,,,86,14+,Haifa,Yes Planet,629
21:45,crawlers,קרולרס,https://tickets5.planetcinema.co.il/order/330775?lang=en,https://tickets5.planetcinema.co.il/order/330775?lang=he,Regular,2D,English,,2026-09-30,2026,,,86,14+,Haifa,Yes Planet,629
22:00,Fast and the Furious - 25th Anniversary,מהיר ועצבני - חגיגות 25 שנה,https://tickets5.planetcinema.co.il/order/333659?lang=en,https://tickets5.planetcinema.co.il/order/333659?lang=he,VIP,2D,English,,2026-09-30,2001,,Rob Cohen,106,,Haifa,Yes Planet,629
10:00,Heart of the Beast,בלב הפרא,https://tickets5.planetcinema.co.il/order/330902?lang=en,https://tickets5.planetcinema.co.il/order/330902?lang=he,Regular,2D,English,,2026-09-30,2026,,David Ayer,101,All,Haifa,Yes Planet,629
12:15,Heart of the Beast,בלב הפרא,https://tickets5.planetcinema.co.il/order/330903?lang=en,https://tickets5.planetcinema.co.il/order/330903?lang=he,Regular,2D,English,,2026-09-30,2026,,David Ayer,101,All,Haifa,Yes Planet,629
14:30,Heart of the Beast,בלב הפרא,https://tickets5.planetcinema.co.il/order/330904?lang=en,https://tickets5.planetcinema.co.il/order/330904?lang=he,Regular,2D,English,,2026-09-30,2026,,David Ayer,101,All,Haifa,Yes Planet,629
16:45,Heart of the Beast,בלב הפרא,https://tickets5.planetcinema.co.il/order/330905?lang=en,https://tickets5.planetcinema.co.il/order/330905?lang=he,Regular,2D,English,,2026-09-30,2026,,David Ayer,101,All,Haifa,Yes Planet,629
19:00,Heart of the Beast,בלב הפרא,https://tickets5.planetcinema.co.il/order/330906?lang=en,https://tickets5.planetcinema.co.il/order/330906?lang=he,Regular,2D,English,,2026-09-30,2026,,David Ayer,101,All,Haifa,Yes Planet,629
21:15,Heart of the Beast,בלב הפרא,https://tickets5.planetcinema.co.il/order/330907?lang=en,https://tickets5.planetcinema.co.il/order/330907?lang=he,Regular,2D,English,,2026-09-30,2026,,David Ayer,101,All,Haifa,Yes Planet,629
16:45,Heart of the Beast,בלב הפרא,https://tickets5.planetcinema.co.il/order/331083?lang=en,https://tickets5.planetcinema.co.il/order/331083?lang=he,VIP,2D,English,,2026-09-30,2026,,David Ayer,101,All,Haifa,Yes Planet,629
19:00,Heart of the Beast,בלב הפרא,https://tickets5.planetcinema.co.il/order/331084?lang=en,https://tickets5.planetcinema.co.il/order/331084?lang=he,VIP,2D,English,,2026-09-30,2026,,David Ayer,101,All,Haifa,Yes Planet,629
22:30,KUPA RASHIT,קופה ראשית,https://tickets5.planetcinema.co.il/order/330817?lang=en,https://tickets5.planetcinema.co.il/order/330817?lang=he,Regular,2D,Hebrew,,2026-09-30,2026,,,91,All,Haifa,Yes Planet,629
10:15,Land of Someitmes,אספן המשאלות,https://tickets5.planetcinema.co.il/order/330623?lang=en,https://tickets5.planetcinema.co.il/order/330623?lang=he,Regular,2D,Hebrew,Hebrew,2026-09-30,2026,,,93,All,Haifa,Yes Planet,629
12:30,Land of Someitmes,אספן המשאלות,https://tickets5.planetcinema.co.il/order/330624?lang=en,https://tickets5.planetcinema.co.il/order/330624?lang=he,Regular,2D,Hebrew,Hebrew,2026-09-30,2026,,,93,All,Haifa,Yes Planet,629
14:45,Land of Someitmes,אספן המשאלות,https://tickets5.planetcinema.co.il/order/330625?lang=en,https://tickets5.planetcinema.co.il/order/330625?lang=he,Regular,2D,Hebrew,Hebrew,2026-09-30,2026,,,93,All,Haifa,Yes Planet,629
17:00,Land of Someitmes,אספן המשאלות,https://tickets5.planetcinema.co.il/order/330626?lang=en,https://tickets5.planetcinema.co.il/order/330626?lang=he,Regular,2D,Hebrew,Hebrew,2026-09-30,2026,,,93,All,Haifa,Yes Planet,629
17:00,Magshimim,תיכון מגשימים,https://tickets5.planetcinema.co.il/order/330730?lang=en,https://tickets5.planetcinema.co.il/order/330730?lang=he,Regular,2D,Hebrew,,2026-09-30,2026,,,100,12+,Haifa,Yes Planet,629
10:15,Minions & Monsters,מיניונים ומפלצות,https://tickets5.planetcinema.co.il/order/330809?lang=en,https://tickets5.planetcinema.co.il/order/330809?lang=he,Regular,2D,English,Hebrew,2026-09-30,2026,,,90,All,Haifa,Yes Planet,629
12:30,Minions & Monsters,מיניונים ומפלצות,https://tickets5.planetcinema.co.il/order/330810?lang=en,https://tickets5.planetcinema.co.il/order/330810?lang=he,Regular,2D,English,Hebrew,2026-09-30,2026,,,90,All,Haifa,Yes Planet,629
10:15,Moana Live Action,מואנה לייב אקשן,https://tickets5.planetcinema.co.il/order/330493?lang=en,https://tickets5.planetcinema.co.il/order/330493?lang=he,Regular,2D,English,Hebrew,2026-09-30,2026,,,120,All,Haifa,Yes Planet,629
19:30,Mutiny,נקמה בלב ים,https://tickets5.planetcinema.co.il/order/333650?lang=en,https://tickets5.planetcinema.co.il/order/333650?lang=he,VIP,2D,English,,2026-09-30,2026,,Jean-François Richet,95,14+,Haifa,Yes Planet,629
21:45,Mutiny,נקמה בלב ים,https://tickets5.planetcinema.co.il/order/333651?lang=en,https://tickets5.planetcinema.co.il/order/333651?lang=he,VIP,2D,English,,2026-09-30,2026,,Jean-François Richet,95,14+,Haifa,Yes Planet,629
16:00,Orphan,יתום,https://tickets5.planetcinema.co.il/order/330537?lang=en,https://tickets5.planetcinema.co.il/order/330537?lang=he,Regular,2D,Hungarian,,2026-09-30,2025,,לאסלו נמש,132,14+,Haifa,Yes Planet,629
18:40,Orphan,יתום,https://tickets5.planetcinema.co.il/order/330538?lang=en,https://tickets5.planetcinema.co.il/order/330538?lang=he,Regular,2D,Hungarian,,2026-09-30,2025,,לאסלו נמש,132,14+,Haifa,Yes Planet,629
21:25,Orphan,יתום,https://tickets5.planetcinema.co.il/order/330539?lang=en,https://tickets5.planetcinema.co.il/order/330539?lang=he,Regular,2D,Hungarian,,2026-09-30,2025,,לאסלו נמש,132,14+,Haifa,Yes Planet,629
10:10,Paw Patrol: The Dino Movie,מפרץ ההרפתקאות: אי הדינוזאורים,https://tickets5.planetcinema.co.il/order/330722?lang=en,https://tickets5.planetcinema.co.il/order/330722?lang=he,Regular,2D,Hebrew,Hebrew,2026-09-30,2026,,,90,All,Haifa,Yes Planet,629
12:20,Paw Patrol: The Dino Movie,מפרץ ההרפתקאות: אי הדינוזאורים,https://tickets5.planetcinema.co.il/order/330723?lang=en,https://tickets5.planetcinema.co.il/order/330723?lang=he,Regular,2D,Hebrew,Hebrew,2026-09-30,2026,,,90,All,Haifa,Yes Planet,629
21:50,Practical Magic 2,קסם מעשי 2,https://tickets5.planetcinema.co.il/order/330597?lang=en,https://tickets5.planetcinema.co.il/order/330597?lang=he,Regular,2D,English,,2026-09-30,2026,,Susanne Bier,130,All,Haifa,Yes Planet,629
16:15,Primavera,פרימוורה,https://tickets5.planetcinema.co.il/order/330583?lang=en,https://tickets5.planetcinema.co.il/order/330583?lang=he,Regular,2D,Italian,,2026-09-30,2025,,דמיאנו מיקילייט,110,12+,Haifa,Yes Planet,629
19:00,Primavera,פרימוורה,https://tickets5.planetcinema.co.il/order/330642?lang=en,https://tickets5.planetcinema.co.il/order/330642?lang=he,Regular,2D,Italian,,2026-09-30,2025,,דמיאנו מיקילייט,110,12+,Haifa,Yes Planet,629
21:30,Primavera,פרימוורה,https://tickets5.planetcinema.co.il/order/330643?lang=en,https://tickets5.planetcinema.co.il/order/330643?lang=he,Regular,2D,Italian,,2026-09-30,2025,,דמיאנו מיקילייט,110,12+,Haifa,Yes Planet,629
21:30,Resident Evil,האויב שבפנים,https://tickets5.planetcinema.co.il/order/333655?lang=en,https://tickets5.planetcinema.co.il/order/333655?lang=he,VIP,2D,English,,2026-09-30,2026,,Zach Cregger,90,16+,Haifa,Yes Planet,629
11:00,Sentimental Value,ערך סנטימנטלי,https://tickets5.planetcinema.co.il/order/330425?lang=en,https://tickets5.planetcinema.co.il/order/330425?lang=he,Regular,2D,Norwegian,,2026-09-30,2025,,יואכים טרייר,133,All,Haifa,Yes Planet,629
14:00,Spider-Man: Brand New Day,ספיידרמן: יום חדש,https://tickets5.planetcinema.co.il/order/330374?lang=en,https://tickets5.planetcinema.co.il/order/330374?lang=he,Regular,2D,English,,2026-09-30,2026,,Destin Daniel Cretton,140,All,Haifa,Yes Planet,629
19:10,Spider-Man: Brand New Day,ספיידרמן: יום חדש,https://tickets5.planetcinema.co.il/order/330120?lang=en,https://tickets5.planetcinema.co.il/order/330120?lang=he,Regular,2D,English,,2026-09-30,2026,,Destin Daniel Cretton,140,All,Haifa,Yes Planet,629
22:00,Spider-Man: Brand New Day,ספיידרמן: יום חדש,https://tickets5.planetcinema.co.il/order/330123?lang=en,https://tickets5.planetcinema.co.il/order/330123?lang=he,Regular,2D,English,,2026-09-30,2026,,Destin Daniel Cretton,140,All,Haifa,Yes Planet,629
10:45,Spinned,מרגלים מהאגדות,https://tickets5.planetcinema.co.il/order/333792?lang=en,https://tickets5.planetcinema.co.il/order/333792?lang=he,Regular,2D,Hebrew,Hebrew,2026-09-30,2025,,,96,All,Haifa,Yes Planet,629
13:00,Spinned,מרגלים מהאגדות,https://tickets5.planetcinema.co.il/order/333793?lang=en,https://tickets5.planetcinema.co.il/order/333793?lang=he,Regular,2D,Hebrew,Hebrew,2026-09-30,2025,,,96,All,Haifa,Yes Planet,629
15:15,Spinned,מרגלים מהאגדות,https://tickets5.planetcinema.co.il/order/333794?lang=en,https://tickets5.planetcinema.co.il/order/333794?lang=he,Regular,2D,Hebrew,Hebrew,2026-09-30,2025,,,96,All,Haifa,Yes Planet,629
17:30,Spinned,מרגלים מהאגדות,https://tickets5.planetcinema.co.il/order/330760?lang=en,https://tickets5.planetcinema.co.il/order/330760?lang=he,Regular,2D,Hebrew,Hebrew,2026-09-30,2025,,,96,All,Haifa,Yes Planet,629
14:00,STITCH HEAD,פרנקי והמפלצות,https://tickets5.planetcinema.co.il/order/330546?lang=en,https://tickets5.planetcinema.co.il/order/330546?lang=he,Regular,2D,Hebrew,Hebrew,2026-09-30,2025,,,92,All,Haifa,Yes Planet,629
12:45,Tad and the Magic Lamp,טד החוקר ומנורת הקסמים,https://tickets5.planetcinema.co.il/order/330485?lang=en,https://tickets5.planetcinema.co.il/order/330485?lang=he,Regular,2D,Hebrew,Hebrew,2026-09-30,2026,,,94,All,Haifa,Yes Planet,629
14:50,Tad and the Magic Lamp,טד החוקר ומנורת הקסמים,https://tickets5.planetcinema.co.il/order/330486?lang=en,https://tickets5.planetcinema.co.il/order/330486?lang=he,Regular,2D,Hebrew,Hebrew,2026-09-30,2026,,,94,All,Haifa,Yes Planet,629
12:10,Tafiti: Across the Desert,טפיטי: הרפתקה במדבר,https://tickets5.planetcinema.co.il/order/330515?lang=en,https://tickets5.planetcinema.co.il/order/330515?lang=he,Regular,2D,Hebrew,Hebrew,2026-09-30,2025,,,81,All,Haifa,Yes Planet,629
11:30,tell me everything,עצמאות,https://tickets5.planetcinema.co.il/order/330858?lang=en,https://tickets5.planetcinema.co.il/order/330858?lang=he,Regular,2D,Hebrew,,2026-09-30,2026,,משה רוזנטל,109,12+,Haifa,Yes Planet,629
14:00,tell me everything,עצמאות,https://tickets5.planetcinema.co.il/order/330859?lang=en,https://tickets5.planetcinema.co.il/order/330859?lang=he,Regular,2D,Hebrew,,2026-09-30,2026,,משה רוזנטל,109,12+,Haifa,Yes Planet,629
16:30,tell me everything,עצמאות,https://tickets5.planetcinema.co.il/order/330860?lang=en,https://tickets5.planetcinema.co.il/order/330860?lang=he,Regular,2D,Hebrew,,2026-09-30,2026,,משה רוזנטל,109,12+,Haifa,Yes Planet,629
19:00,tell me everything,עצמאות,https://tickets5.planetcinema.co.il/order/330861?lang=en,https://tickets5.planetcinema.co.il/order/330861?lang=he,Regular,2D,Hebrew,,2026-09-30,2026,,משה רוזנטל,109,12+,Haifa,Yes Planet,629
21:30,tell me everything,עצמאות,https://tickets5.planetcinema.co.il/order/330862?lang=en,https://tickets5.planetcinema.co.il/order/330862?lang=he,Regular,2D,Hebrew,,2026-09-30,2026,,משה רוזנטל,109,12+,Haifa,Yes Planet,629
14:30,THE DESERT CHILD,ילד המדבר,https://tickets5.planetcinema.co.il/order/330790?lang=en,https://tickets5.planetcinema.co.il/order/330790?lang=he,Regular,2D,Hebrew,Hebrew,2026-09-30,2026,,Gilles de Maistre,92,All,Haifa,Yes Planet,629
18:30,THE LUCKIEST MAN IN AMERICA,איש החידות,https://tickets5.planetcinema.co.il/order/330783?lang=en,https://tickets5.planetcinema.co.il/order/330783?lang=he,Regular,2D,English,,2026-09-30,2024,,Samir Oliveros,91,All,Haifa,Yes Planet,629
10:30,The Odyssey,האודיסאה,https://tickets5.planetcinema.co.il/order/330367?lang=en,https://tickets5.planetcinema.co.il/order/330367?lang=he,Regular,2D,English,,2026-09-30,2026,,Christopher Nolan,172,14+,Haifa,Yes Planet,629
18:00,The Odyssey,האודיסאה,https://tickets5.planetcinema.co.il/order/330656?lang=en,https://tickets5.planetcinema.co.il/order/330656?lang=he,Regular,2D,English,,2026-09-30,2026,,Christopher Nolan,172,14+,Haifa,Yes Planet,629
21:30,The Odyssey,האודיסאה,https://tickets5.planetcinema.co.il/order/330657?lang=en,https://tickets5.planetcinema.co.il/order/330657?lang=he,Regular,2D,English,,2026-09-30,2026,,Christopher Nolan,172,14+,Haifa,Yes Planet,629
18:30,The Odyssey,האודיסאה,https://tickets5.planetcinema.co.il/order/331123?lang=en,https://tickets5.planetcinema.co.il/order/331123?lang=he,VIP,2D,English,,2026-09-30,2026,,Christopher Nolan,172,14+,Haifa,Yes Planet,629
10:00,THE POUT POUT FISH,דג ושמו באסה,https://tickets5.planetcinema.co.il/order/330576?lang=en,https://tickets5.planetcinema.co.il/order/330576?lang=he,Regular,2D,Hebrew,Hebrew,2026-09-30,2026,,,93,All,Haifa,Yes Planet,629
14:15,THE POUT POUT FISH,דג ושמו באסה,https://tickets5.planetcinema.co.il/order/330577?lang=en,https://tickets5.planetcinema.co.il/order/330577?lang=he,Regular,2D,Hebrew,Hebrew,2026-09-30,2026,,,93,All,Haifa,Yes Planet,629
12:00,Toy Story 5,צעצוע של סיפור 5,https://tickets5.planetcinema.co.il/order/330590?lang=en,https://tickets5.planetcinema.co.il/order/330590?lang=he,Regular,2D,English,Hebrew,2026-09-30,2026,,,102,All,Haifa,Yes Planet,629
14:30,Valley of Shadows,בחזרה מההימלאיה,https://tickets5.planetcinema.co.il/order/330692?lang=en,https://tickets5.planetcinema.co.il/order/330692?lang=he,Regular,2D,Spanish,,2026-09-30,2023,,Salvador Calvo,120,12+,Haifa,Yes Planet,629
17:00,Verity,תעתוע,https://tickets5.planetcinema.co.il/order/330506?lang=en,https://tickets5.planetcinema.co.il/order/330506?lang=he,Regular,2D,Hebrew,,2026-09-30,2026,,Michael Showalter,116,14+,Haifa,Yes Planet,629
19:30,Verity,תעתוע,https://tickets5.planetcinema.co.il/order/330507?lang=en,https://tickets5.planetcinema.co.il/order/330507?lang=he,Regular,2D,Hebrew,,2026-09-30,2026,,Michael Showalter,116,14+,Haifa,Yes Planet,629
22:00,Verity,תעתוע,https://tickets5.planetcinema.co.il/order/330508?lang=en,https://tickets5.planetcinema.co.il/order/330508?lang=he,Regular,2D,Hebrew,,2026-09-30,2026,,Michael Showalter,116,14+,Haifa,Yes Planet,629
23:30,Matchmaking 3,בחורים טובים 3,https://tickets5.planetcinema.co.il/order/332381?lang=en,https://tickets5.planetcinema.co.il/order/332381?lang=he,Regular,2D,Hebrew,,2026-09-26,2026,,ארז תדמור,105,All,Jerusalem,Yes Planet,629
23:45,Forgotten Island,האי הנעלם,https://tickets5.planetcinema.co.il/order/332373?lang=en,https://tickets5.planetcinema.co.il/order/332373?lang=he,Regular,2D,English,,2026-09-26,2026,,,98,9+,Jerusalem,Yes Planet,629
00:00,Forgotten Island,האי הנעלם,https://tickets5.planetcinema.co.il/order/332369?lang=en,https://tickets5.planetcinema.co.il/order/332369?lang=he,Regular,2D 4DX,English,,2026-09-26,2026,,,98,9+,Jerusalem,Yes Planet,629
22:35,crawlers,קרולרס,https://tickets5.planetcinema.co.il/order/331985?lang=en,https://tickets5.planetcinema.co.il/order/331985?lang=he,Regular,2D,English,,2026-09-26,2026,,,86,14+,Jerusalem,Yes Planet,629
00:30,crawlers,קרולרס,https://tickets5.planetcinema.co.il/order/333708?lang=en,https://tickets5.planetcinema.co.il/order/333708?lang=he,Regular,2D,English,,2026-09-26,2026,,,86,14+,Jerusalem,Yes Planet,629
23:30,FALL 2,תלויה באוויר 2,https://tickets5.planetcinema.co.il/order/332371?lang=en,https://tickets5.planetcinema.co.il/order/332371?lang=he,Regular,2D,English,,2026-09-26,2026,,"Michael Spierig, Peter Spierig",100,9+,Jerusalem,Yes Planet,629
00:20,Heart of the Beast,בלב הפרא,https://tickets5.planetcinema.co.il/order/333709?lang=en,https://tickets5.planetcinema.co.il/order/333709?lang=he,Regular,2D,English,,2026-09-26,2026,,David Ayer,101,All,Jerusalem,Yes Planet,629
23:30,KUPA RASHIT,קופה ראשית,https://tickets5.planetcinema.co.il/order/332389?lang=en,https://tickets5.planetcinema.co.il/order/332389?lang=he,Regular,2D,Hebrew,,2026-09-26,2026,,,91,All,Jerusalem,Yes Planet,629
23:30,Obsession,אובססיה,https://tickets5.planetcinema.co.il/order/333710?lang=en,https://tickets5.planetcinema.co.il/order/333710?lang=he,Regular,2D,English,,2026-09-26,2025,,Curry Barker,110,14+,Jerusalem,Yes Planet,629
23:00,Orphan,יתום,https://tickets5.planetcinema.co.il/order/332379?lang=en,https://tickets5.planetcinema.co.il/order/332379?lang=he,Regular,2D,Hungarian,,2026-09-26,2025,,לאסלו נמש,132,14+,Jerusalem,Yes Planet,629
23:15,Practical Magic 2,קסם מעשי 2,https://tickets5.planetcinema.co.il/order/332393?lang=en,https://tickets5.planetcinema.co.il/order/332393?lang=he,Regular,2D,English,,2026-09-26,2026,,Susanne Bier,130,All,Jerusalem,Yes Planet,629
00:00,Primavera,פרימוורה,https://tickets5.planetcinema.co.il/order/332391?lang=en,https://tickets5.planetcinema.co.il/order/332391?lang=he,Regular,2D,Italian,,2026-09-26,2025,,דמיאנו מיקילייט,110,12+,Jerusalem,Yes Planet,629
22:00,Resident Evil,האויב שבפנים,https://tickets5.planetcinema.co.il/order/332129?lang=en,https://tickets5.planetcinema.co.il/order/332129?lang=he,Regular,2D,English,,2026-09-26,2026,,Zach Cregger,90,16+,Jerusalem,Yes Planet,629
00:05,Resident Evil,האויב שבפנים,https://tickets5.planetcinema.co.il/order/332377?lang=en,https://tickets5.planetcinema.co.il/order/332377?lang=he,Regular,2D,English,,2026-09-26,2026,,Zach Cregger,90,16+,Jerusalem,Yes Planet,629
00:30,Resident Evil,האויב שבפנים,https://tickets5.planetcinema.co.il/order/333707?lang=en,https://tickets5.planetcinema.co.il/order/333707?lang=he,Regular,2D IMAX,English,,2026-09-26,2026,,Zach Cregger,90,16+,Jerusalem,Yes Planet,629
23:30,Spider-Man: Brand New Day,ספיידרמן: יום חדש,https://tickets5.planetcinema.co.il/order/332383?lang=en,https://tickets5.planetcinema.co.il/order/332383?lang=he,Regular,2D,English,,2026-09-26,2026,,Destin Daniel Cretton,140,All,Jerusalem,Yes Planet,629
23:50,tell me everything,עצמאות,https://tickets5.planetcinema.co.il/order/332375?lang=en,https://tickets5.planetcinema.co.il/order/332375?lang=he,Regular,2D,Hebrew,,2026-09-26,2026,,משה רוזנטל,109,12+,Jerusalem,Yes Planet,629
10:00,Matchmaking 3,בחורים טובים 3,https://tickets5.planetcinema.co.il/order/332324?lang=en,https://tickets5.planetcinema.co.il/order/332324?lang=he,Regular,2D,Hebrew,,2026-09-27,2026,,ארז תדמור,105,All,Jerusalem,Yes Planet,629
12:15,Matchmaking 3,בחורים טובים 3,https://tickets5.planetcinema.co.il/order/332318?lang=en,https://tickets5.planetcinema.co.il/order/332318?lang=he,Regular,2D,Hebrew,,2026-09-27,2026,,ארז תדמור,105,All,Jerusalem,Yes Planet,629
14:30,Matchmaking 3,בחורים טובים 3,https://tickets5.planetcinema.co.il/order/332312?lang=en,https://tickets5.planetcinema.co.il/order/332312?lang=he,Regular,2D,Hebrew,,2026-09-27,2026,,ארז תדמור,105,All,Jerusalem,Yes Planet,629
16:45,Matchmaking 3,בחורים טובים 3,https://tickets5.planetcinema.co.il/order/332306?lang=en,https://tickets5.planetcinema.co.il/order/332306?lang=he,Regular,2D,Hebrew,,2026-09-27,2026,,ארז תדמור,105,All,Jerusalem,Yes Planet,629
19:00,Matchmaking 3,בחורים טובים 3,https://tickets5.planetcinema.co.il/order/332300?lang=en,https://tickets5.planetcinema.co.il/order/332300?lang=he,Regular,2D,Hebrew,,2026-09-27,2026,,ארז תדמור,105,All,Jerusalem,Yes Planet,629
21:15,Matchmaking 3,בחורים טובים 3,https://tickets5.planetcinema.co.il/order/332234?lang=en,https://tickets5.planetcinema.co.il/order/332234?lang=he,Regular,2D,Hebrew,,2026-09-27,2026,,ארז תדמור,105,All,Jerusalem,Yes Planet,629
10:00,Forgotten Island,האי הנעלם,https://tickets5.planetcinema.co.il/order/331870?lang=en,https://tickets5.planetcinema.co.il/order/331870?lang=he,Regular,2D 4DX,English,Hebrew,2026-09-27,2026,,,98,9+,Jerusalem,Yes Planet,629
12:15,Forgotten Island,האי הנעלם,https://tickets5.planetcinema.co.il/order/331864?lang=en,https://tickets5.planetcinema.co.il/order/331864?lang=he,Regular,2D 4DX,English,Hebrew,2026-09-27,2026,,,98,9+,Jerusalem,Yes Planet,629
10:15,Forgotten Island,האי הנעלם,https://tickets5.planetcinema.co.il/order/332208?lang=en,https://tickets5.planetcinema.co.il/order/332208?lang=he,Regular,2D,English,Hebrew,2026-09-27,2026,,,98,9+,Jerusalem,Yes Planet,629
12:30,Forgotten Island,האי הנעלם,https://tickets5.planetcinema.co.il/order/332202?lang=en,https://tickets5.planetcinema.co.il/order/332202?lang=he,Regular,2D,English,Hebrew,2026-09-27,2026,,,98,9+,Jerusalem,Yes Planet,629
14:45,Forgotten Island,האי הנעלם,https://tickets5.planetcinema.co.il/order/332196?lang=en,https://tickets5.planetcinema.co.il/order/332196?lang=he,Regular,2D,English,Hebrew,2026-09-27,2026,,,98,9+,Jerusalem,Yes Planet,629
17:00,Forgotten Island,האי הנעלם,https://tickets5.planetcinema.co.il/order/332190?lang=en,https://tickets5.planetcinema.co.il/order/332190?lang=he,Regular,2D,English,Hebrew,2026-09-27,2026,,,98,9+,Jerusalem,Yes Planet,629
14:30,Forgotten Island,האי הנעלם,https://tickets5.planetcinema.co.il/order/331858?lang=en,https://tickets5.planetcinema.co.il/order/331858?lang=he,Regular,2D 4DX,English,,2026-09-27,2026,,,98,9+,Jerusalem,Yes Planet,629
19:15,Forgotten Island,האי הנעלם,https://tickets5.planetcinema.co.il/order/332220?lang=en,https://tickets5.planetcinema.co.il/order/332220?lang=he,Regular,2D,English,,2026-09-27,2026,,,98,9+,Jerusalem,Yes Planet,629
21:30,Forgotten Island,האי הנעלם,https://tickets5.planetcinema.co.il/order/332214?lang=en,https://tickets5.planetcinema.co.il/order/332214?lang=he,Regular,2D,English,,2026-09-27,2026,,,98,9+,Jerusalem,Yes Planet,629
19:00,At Work,בעבודה,https://tickets5.planetcinema.co.il/order/332004?lang=en,https://tickets5.planetcinema.co.il/order/332004?lang=he,Regular,2D,French,,2026-09-27,2025,,Valérie Donzelli,92,All,Jerusalem,Yes Planet,629
13:45,Avengers: Endgame re-release,הנוקמים: סוף המשחק - הדרן,https://tickets5.planetcinema.co.il/order/332288?lang=en,https://tickets5.planetcinema.co.il/order/332288?lang=he,Regular,2D,English,,2026-09-27,2019,,,181,All,Jerusalem,Yes Planet,629
17:15,Avengers: Endgame re-release,הנוקמים: סוף המשחק - הדרן,https://tickets5.planetcinema.co.il/order/332228?lang=en,https://tickets5.planetcinema.co.il/order/332228?lang=he,Regular,2D,English,,2026-09-27,2019,,,181,All,Jerusalem,Yes Planet,629
21:00,Avengers: Endgame re-release,הנוקמים: סוף המשחק - הדרן,https://tickets5.planetcinema.co.il/order/332224?lang=en,https://tickets5.planetcinema.co.il/order/332224?lang=he,Regular,2D,English,,2026-09-27,2019,,,181,All,Jerusalem,Yes Planet,629
17:15,Avengers: Endgame re-release,הנוקמים: סוף המשחק - הדרן,https://tickets5.planetcinema.co.il/order/331878?lang=en,https://tickets5.planetcinema.co.il/order/331878?lang=he,Regular,2D IMAX,English,,2026-09-27,2019,,,181,All,Jerusalem,Yes Planet,629
21:00,Avengers: Endgame re-release,הנוקמים: סוף המשחק - הדרן,https://tickets5.planetcinema.co.il/order/331874?lang=en,https://tickets5.planetcinema.co.il/order/331874?lang=he,Regular,2D IMAX,English,,2026-09-27,2019,,,181,All,Jerusalem,Yes Planet,629
16:45,Avengers: Endgame re-release - Infinity Vision,הנוקמים: סוף המשחק - הדרן - Infinity Vi,https://tickets5.planetcinema.co.il/order/331852?lang=en,https://tickets5.planetcinema.co.il/order/331852?lang=he,4DXINFINITY VISION2D,4DXINFINITY VISION2D,English,,2026-09-27,2019,,,181,,Jerusalem,Yes Planet,629
20:30,Avengers: Endgame re-release - Infinity Vision,הנוקמים: סוף המשחק - הדרן - Infinity Vi,https://tickets5.planetcinema.co.il/order/331848?lang=en,https://tickets5.planetcinema.co.il/order/331848?lang=he,4DXINFINITY VISION2D,4DXINFINITY VISION2D,English,,2026-09-27,2019,,,181,,Jerusalem,Yes Planet,629
19:30,Before We Leave Tuscany,להתאהב בטוסקנה,https://tickets5.planetcinema.co.il/order/331944?lang=en,https://tickets5.planetcinema.co.il/order/331944?lang=he,Regular,2D,English,,2026-09-27,,,,91,All,Jerusalem,Yes Planet,629
10:15,CHARLIE THE WONDERDOG,וונדר-דוג,https://tickets5.planetcinema.co.il/order/331908?lang=en,https://tickets5.planetcinema.co.il/order/331908?lang=he,Regular,2D,Hebrew,Hebrew,2026-09-27,2025,,,92,All,Jerusalem,Yes Planet,629
12:30,CHARLIE THE WONDERDOG,וונדר-דוג,https://tickets5.planetcinema.co.il/order/331902?lang=en,https://tickets5.planetcinema.co.il/order/331902?lang=he,Regular,2D,Hebrew,Hebrew,2026-09-27,2025,,,92,All,Jerusalem,Yes Planet,629
14:45,CHARLIE THE WONDERDOG,וונדר-דוג,https://tickets5.planetcinema.co.il/order/331896?lang=en,https://tickets5.planetcinema.co.il/order/331896?lang=he,Regular,2D,Hebrew,Hebrew,2026-09-27,2025,,,92,All,Jerusalem,Yes Planet,629
17:00,CHARLIE THE WONDERDOG,וונדר-דוג,https://tickets5.planetcinema.co.il/order/331890?lang=en,https://tickets5.planetcinema.co.il/order/331890?lang=he,Regular,2D,Hebrew,Hebrew,2026-09-27,2025,,,92,All,Jerusalem,Yes Planet,629
18:20,crawlers,קרולרס,https://tickets5.planetcinema.co.il/order/331884?lang=en,https://tickets5.planetcinema.co.il/order/331884?lang=he,Regular,2D,English,,2026-09-27,2026,,,86,14+,Jerusalem,Yes Planet,629
20:20,crawlers,קרולרס,https://tickets5.planetcinema.co.il/order/331992?lang=en,https://tickets5.planetcinema.co.il/order/331992?lang=he,Regular,2D,English,,2026-09-27,2026,,,86,14+,Jerusalem,Yes Planet,629
22:15,crawlers,קרולרס,https://tickets5.planetcinema.co.il/order/331986?lang=en,https://tickets5.planetcinema.co.il/order/331986?lang=he,Regular,2D,English,,2026-09-27,2026,,,86,14+,Jerusalem,Yes Planet,629
19:00,FALL 2,תלויה באוויר 2,https://tickets5.planetcinema.co.il/order/332076?lang=en,https://tickets5.planetcinema.co.il/order/332076?lang=he,Regular,2D,English,,2026-09-27,2026,,"Michael Spierig, Peter Spierig",100,9+,Jerusalem,Yes Planet,629
21:00,Fast and the Furious - 25th Anniversary,מהיר ועצבני - חגיגות 25 שנה,https://tickets5.planetcinema.co.il/order/332052?lang=en,https://tickets5.planetcinema.co.il/order/332052?lang=he,Regular,2D,English,,2026-09-27,2001,,Rob Cohen,106,,Jerusalem,Yes Planet,629
10:00,Heart of the Beast,בלב הפרא,https://tickets5.planetcinema.co.il/order/332034?lang=en,https://tickets5.planetcinema.co.il/order/332034?lang=he,Regular,2D,English,,2026-09-27,2026,,David Ayer,101,All,Jerusalem,Yes Planet,629
12:15,Heart of the Beast,בלב הפרא,https://tickets5.planetcinema.co.il/order/332028?lang=en,https://tickets5.planetcinema.co.il/order/332028?lang=he,Regular,2D,English,,2026-09-27,2026,,David Ayer,101,All,Jerusalem,Yes Planet,629
14:30,Heart of the Beast,בלב הפרא,https://tickets5.planetcinema.co.il/order/332022?lang=en,https://tickets5.planetcinema.co.il/order/332022?lang=he,Regular,2D,English,,2026-09-27,2026,,David Ayer,101,All,Jerusalem,Yes Planet,629
16:45,Heart of the Beast,בלב הפרא,https://tickets5.planetcinema.co.il/order/332016?lang=en,https://tickets5.planetcinema.co.il/order/332016?lang=he,Regular,2D,English,,2026-09-27,2026,,David Ayer,101,All,Jerusalem,Yes Planet,629
19:00,Heart of the Beast,בלב הפרא,https://tickets5.planetcinema.co.il/order/332010?lang=en,https://tickets5.planetcinema.co.il/order/332010?lang=he,Regular,2D,English,,2026-09-27,2026,,David Ayer,101,All,Jerusalem,Yes Planet,629
21:15,Heart of the Beast,בלב הפרא,https://tickets5.planetcinema.co.il/order/331998?lang=en,https://tickets5.planetcinema.co.il/order/331998?lang=he,Regular,2D,English,,2026-09-27,2026,,David Ayer,101,All,Jerusalem,Yes Planet,629
12:30,Hill 338,גבעה 338,https://tickets5.planetcinema.co.il/order/332124?lang=en,https://tickets5.planetcinema.co.il/order/332124?lang=he,Regular,2D,Hebrew,,2026-09-27,2026,,ארז בן הרוש,106,9+,Jerusalem,Yes Planet,629
20:45,Hill 338,גבעה 338,https://tickets5.planetcinema.co.il/order/332178?lang=en,https://tickets5.planetcinema.co.il/order/332178?lang=he,Regular,2D,Hebrew,,2026-09-27,2026,,ארז בן הרוש,106,9+,Jerusalem,Yes Planet,629
21:30,KUPA RASHIT,קופה ראשית,https://tickets5.planetcinema.co.il/order/331914?lang=en,https://tickets5.planetcinema.co.il/order/331914?lang=he,Regular,2D,Hebrew,,2026-09-27,2026,,,91,All,Jerusalem,Yes Planet,629
10:00,Land of Someitmes,אספן המשאלות,https://tickets5.planetcinema.co.il/order/332252?lang=en,https://tickets5.planetcinema.co.il/order/332252?lang=he,Regular,2D,Hebrew,Hebrew,2026-09-27,2026,,,93,All,Jerusalem,Yes Planet,629
12:10,Land of Someitmes,אספן המשאלות,https://tickets5.planetcinema.co.il/order/332246?lang=en,https://tickets5.planetcinema.co.il/order/332246?lang=he,Regular,2D,Hebrew,Hebrew,2026-09-27,2026,,,93,All,Jerusalem,Yes Planet,629
14:20,Land of Someitmes,אספן המשאלות,https://tickets5.planetcinema.co.il/order/332240?lang=en,https://tickets5.planetcinema.co.il/order/332240?lang=he,Regular,2D,Hebrew,Hebrew,2026-09-27,2026,,,93,All,Jerusalem,Yes Planet,629
16:20,Land of Someitmes,אספן המשאלות,https://tickets5.planetcinema.co.il/order/332294?lang=en,https://tickets5.planetcinema.co.il/order/332294?lang=he,Regular,2D,Hebrew,Hebrew,2026-09-27,2026,,,93,All,Jerusalem,Yes Planet,629
12:15,Minions & Monsters,מיניונים ומפלצות,https://tickets5.planetcinema.co.il/order/331962?lang=en,https://tickets5.planetcinema.co.il/order/331962?lang=he,Regular,2D,English,Hebrew,2026-09-27,2026,,,90,All,Jerusalem,Yes Planet,629
14:15,Minions & Monsters,מיניונים ומפלצות,https://tickets5.planetcinema.co.il/order/331956?lang=en,https://tickets5.planetcinema.co.il/order/331956?lang=he,Regular,2D,English,Hebrew,2026-09-27,2026,,,90,All,Jerusalem,Yes Planet,629
10:15,Moana Live Action,מואנה לייב אקשן,https://tickets5.planetcinema.co.il/order/332046?lang=en,https://tickets5.planetcinema.co.il/order/332046?lang=he,Regular,2D,English,Hebrew,2026-09-27,2026,,,120,All,Jerusalem,Yes Planet,629
19:00,Orphan,יתום,https://tickets5.planetcinema.co.il/order/331974?lang=en,https://tickets5.planetcinema.co.il/order/331974?lang=he,Regular,2D,Hungarian,,2026-09-27,2025,,לאסלו נמש,132,14+,Jerusalem,Yes Planet,629
21:45,Orphan,יתום,https://tickets5.planetcinema.co.il/order/331968?lang=en,https://tickets5.planetcinema.co.il/order/331968?lang=he,Regular,2D,Hungarian,,2026-09-27,2025,,לאסלו נמש,132,14+,Jerusalem,Yes Planet,629
10:00,Paw Patrol: The Dino Movie,מפרץ ההרפתקאות: אי הדינוזאורים,https://tickets5.planetcinema.co.il/order/332136?lang=en,https://tickets5.planetcinema.co.il/order/332136?lang=he,Regular,2D,Hebrew,Hebrew,2026-09-27,2026,,,90,All,Jerusalem,Yes Planet,629
13:00,Paw Patrol: The Dino Movie,מפרץ ההרפתקאות: אי הדינוזאורים,https://tickets5.planetcinema.co.il/order/332094?lang=en,https://tickets5.planetcinema.co.il/order/332094?lang=he,Regular,2D,Hebrew,Hebrew,2026-09-27,2026,,,90,All,Jerusalem,Yes Planet,629
11:00,Practical Magic 2,קסם מעשי 2,https://tickets5.planetcinema.co.il/order/332282?lang=en,https://tickets5.planetcinema.co.il/order/332282?lang=he,Regular,2D,English,,2026-09-27,2026,,Susanne Bier,130,All,Jerusalem,Yes Planet,629
16:45,Primavera,פרימוורה,https://tickets5.planetcinema.co.il/order/332040?lang=en,https://tickets5.planetcinema.co.il/order/332040?lang=he,Regular,2D,Italian,,2026-09-27,2025,,דמיאנו מיקילייט,110,12+,Jerusalem,Yes Planet,629
19:00,Primavera,פרימוורה,https://tickets5.planetcinema.co.il/order/332064?lang=en,https://tickets5.planetcinema.co.il/order/332064?lang=he,Regular,2D,Italian,,2026-09-27,2025,,דמיאנו מיקילייט,110,12+,Jerusalem,Yes Planet,629
21:30,Primavera,פרימוורה,https://tickets5.planetcinema.co.il/order/332112?lang=en,https://tickets5.planetcinema.co.il/order/332112?lang=he,Regular,2D,Italian,,2026-09-27,2025,,דמיאנו מיקילייט,110,12+,Jerusalem,Yes Planet,629
16:45,Resident Evil,האויב שבפנים,https://tickets5.planetcinema.co.il/order/332348?lang=en,https://tickets5.planetcinema.co.il/order/332348?lang=he,Regular,2D,English,,2026-09-27,2026,,Zach Cregger,90,16+,Jerusalem,Yes Planet,629
18:45,Resident Evil,האויב שבפנים,https://tickets5.planetcinema.co.il/order/332342?lang=en,https://tickets5.planetcinema.co.il/order/332342?lang=he,Regular,2D,English,,2026-09-27,2026,,Zach Cregger,90,16+,Jerusalem,Yes Planet,629
22:00,Resident Evil,האויב שבפנים,https://tickets5.planetcinema.co.il/order/332130?lang=en,https://tickets5.planetcinema.co.il/order/332130?lang=he,Regular,2D,English,,2026-09-27,2026,,Zach Cregger,90,16+,Jerusalem,Yes Planet,629
17:00,RUNNER,ראנר,https://tickets5.planetcinema.co.il/order/332088?lang=en,https://tickets5.planetcinema.co.il/order/332088?lang=he,Regular,2D,Hebrew,,2026-09-27,2026,,Scott Waugh,93,12+,Jerusalem,Yes Planet,629
21:15,RUNNER,ראנר,https://tickets5.planetcinema.co.il/order/332082?lang=en,https://tickets5.planetcinema.co.il/order/332082?lang=he,Regular,2D,Hebrew,,2026-09-27,2026,,Scott Waugh,93,12+,Jerusalem,Yes Planet,629
11:30,Spider-Man: Brand New Day,ספיידרמן: יום חדש,https://tickets5.planetcinema.co.il/order/332276?lang=en,https://tickets5.planetcinema.co.il/order/332276?lang=he,Regular,2D,English,,2026-09-27,2026,,Destin Daniel Cretton,140,All,Jerusalem,Yes Planet,629
14:30,Spider-Man: Brand New Day,ספיידרמן: יום חדש,https://tickets5.planetcinema.co.il/order/332270?lang=en,https://tickets5.planetcinema.co.il/order/332270?lang=he,Regular,2D,English,,2026-09-27,2026,,Destin Daniel Cretton,140,All,Jerusalem,Yes Planet,629
17:30,Spider-Man: Brand New Day,ספיידרמן: יום חדש,https://tickets5.planetcinema.co.il/order/332264?lang=en,https://tickets5.planetcinema.co.il/order/332264?lang=he,Regular,2D,English,,2026-09-27,2026,,Destin Daniel Cretton,140,All,Jerusalem,Yes Planet,629
20:30,Spider-Man: Brand New Day,ספיידרמן: יום חדש,https://tickets5.planetcinema.co.il/order/332258?lang=en,https://tickets5.planetcinema.co.il/order/332258?lang=he,Regular,2D,English,,2026-09-27,2026,,Destin Daniel Cretton,140,All,Jerusalem,Yes Planet,629
10:30,Spinned,מרגלים מהאגדות,https://tickets5.planetcinema.co.il/order/331938?lang=en,https://tickets5.planetcinema.co.il/order/331938?lang=he,Regular,2D,Hebrew,Hebrew,2026-09-27,2025,,,96,All,Jerusalem,Yes Planet,629
12:45,Spinned,מרגלים מהאגדות,https://tickets5.planetcinema.co.il/order/331932?lang=en,https://tickets5.planetcinema.co.il/order/331932?lang=he,Regular,2D,Hebrew,Hebrew,2026-09-27,2025,,,96,All,Jerusalem,Yes Planet,629
15:00,Spinned,מרגלים מהאגדות,https://tickets5.planetcinema.co.il/order/331926?lang=en,https://tickets5.planetcinema.co.il/order/331926?lang=he,Regular,2D,Hebrew,Hebrew,2026-09-27,2025,,,96,All,Jerusalem,Yes Planet,629
17:15,Spinned,מרגלים מהאגדות,https://tickets5.planetcinema.co.il/order/331920?lang=en,https://tickets5.planetcinema.co.il/order/331920?lang=he,Regular,2D,Hebrew,Hebrew,2026-09-27,2025,,,96,All,Jerusalem,Yes Planet,629
14:45,STITCH HEAD,פרנקי והמפלצות,https://tickets5.planetcinema.co.il/order/332330?lang=en,https://tickets5.planetcinema.co.il/order/332330?lang=he,Regular,2D,Hebrew,Hebrew,2026-09-27,2025,,,92,All,Jerusalem,Yes Planet,629
10:45,Tad and the Magic Lamp,טד החוקר ומנורת הקסמים,https://tickets5.planetcinema.co.il/order/332106?lang=en,https://tickets5.planetcinema.co.il/order/332106?lang=he,Regular,2D,Hebrew,Hebrew,2026-09-27,2026,,,94,All,Jerusalem,Yes Planet,629
15:00,Tad and the Magic Lamp,טד החוקר ומנורת הקסמים,https://tickets5.planetcinema.co.il/order/332100?lang=en,https://tickets5.planetcinema.co.il/order/332100?lang=he,Regular,2D,Hebrew,Hebrew,2026-09-27,2026,,,94,All,Jerusalem,Yes Planet,629
11:15,tell me everything,עצמאות,https://tickets5.planetcinema.co.il/order/332184?lang=en,https://tickets5.planetcinema.co.il/order/332184?lang=he,Regular,2D,Hebrew,,2026-09-27,2026,,משה רוזנטל,109,12+,Jerusalem,Yes Planet,629
13:45,tell me everything,עצמאות,https://tickets5.planetcinema.co.il/order/332118?lang=en,https://tickets5.planetcinema.co.il/order/332118?lang=he,Regular,2D,Hebrew,,2026-09-27,2026,,משה רוזנטל,109,12+,Jerusalem,Yes Planet,629
16:15,tell me everything,עצמאות,https://tickets5.planetcinema.co.il/order/332172?lang=en,https://tickets5.planetcinema.co.il/order/332172?lang=he,Regular,2D,Hebrew,,2026-09-27,2026,,משה רוזנטל,109,12+,Jerusalem,Yes Planet,629
18:45,tell me everything,עצמאות,https://tickets5.planetcinema.co.il/order/332166?lang=en,https://tickets5.planetcinema.co.il/order/332166?lang=he,Regular,2D,Hebrew,,2026-09-27,2026,,משה רוזנטל,109,12+,Jerusalem,Yes Planet,629
21:15,tell me everything,עצמאות,https://tickets5.planetcinema.co.il/order/332160?lang=en,https://tickets5.planetcinema.co.il/order/332160?lang=he,Regular,2D,Hebrew,,2026-09-27,2026,,משה רוזנטל,109,12+,Jerusalem,Yes Planet,629
10:30,THE DESERT CHILD,ילד המדבר,https://tickets5.planetcinema.co.il/order/332336?lang=en,https://tickets5.planetcinema.co.il/order/332336?lang=he,Regular,2D,Hebrew,Hebrew,2026-09-27,2026,,Gilles de Maistre,92,All,Jerusalem,Yes Planet,629
12:45,THE LUCKIEST MAN IN AMERICA,איש החידות,https://tickets5.planetcinema.co.il/order/332070?lang=en,https://tickets5.planetcinema.co.il/order/332070?lang=he,Regular,2D,English,,2026-09-27,2024,,Samir Oliveros,91,All,Jerusalem,Yes Planet,629
10:15,The Odyssey,האודיסאה,https://tickets5.planetcinema.co.il/order/333577?lang=en,https://tickets5.planetcinema.co.il/order/333577?lang=he,Regular,2D IMAX,English,,2026-09-27,2026,,Christopher Nolan,172,14+,Jerusalem,Yes Planet,629
13:45,The Odyssey,האודיסאה,https://tickets5.planetcinema.co.il/order/333578?lang=en,https://tickets5.planetcinema.co.il/order/333578?lang=he,Regular,2D IMAX,English,,2026-09-27,2026,,Christopher Nolan,172,14+,Jerusalem,Yes Planet,629
12:00,The Odyssey,האודיסאה,https://tickets5.planetcinema.co.il/order/332154?lang=en,https://tickets5.planetcinema.co.il/order/332154?lang=he,Regular,2D,English,,2026-09-27,2026,,Christopher Nolan,172,14+,Jerusalem,Yes Planet,629
15:20,The Odyssey,האודיסאה,https://tickets5.planetcinema.co.il/order/332148?lang=en,https://tickets5.planetcinema.co.il/order/332148?lang=he,Regular,2D,English,,2026-09-27,2026,,Christopher Nolan,172,14+,Jerusalem,Yes Planet,629
18:40,The Odyssey,האודיסאה,https://tickets5.planetcinema.co.il/order/332142?lang=en,https://tickets5.planetcinema.co.il/order/332142?lang=he,Regular,2D,English,,2026-09-27,2026,,Christopher Nolan,172,14+,Jerusalem,Yes Planet,629
10:00,Toy Story 5,צעצוע של סיפור 5,https://tickets5.planetcinema.co.il/order/331950?lang=en,https://tickets5.planetcinema.co.il/order/331950?lang=he,Regular,2D,English,Hebrew,2026-09-27,2026,,,102,All,Jerusalem,Yes Planet,629
16:15,Valley of Shadows,בחזרה מההימלאיה,https://tickets5.planetcinema.co.il/order/331980?lang=en,https://tickets5.planetcinema.co.il/order/331980?lang=he,Regular,2D,Spanish,,2026-09-27,2023,,Salvador Calvo,120,12+,Jerusalem,Yes Planet,629
14:45,What Marielle Knows,מה שמריאל יודעת,https://tickets5.planetcinema.co.il/order/332058?lang=en,https://tickets5.planetcinema.co.il/order/332058?lang=he,Regular,2D,German,,2026-09-27,2025,,Frédéric Hambalek,86,14+,Jerusalem,Yes Planet,629
10:00,Matchmaking 3,בחורים טובים 3,https://tickets5.planetcinema.co.il/order/332325?lang=en,https://tickets5.planetcinema.co.il/order/332325?lang=he,Regular,2D,Hebrew,,2026-09-28,2026,,ארז תדמור,105,All,Jerusalem,Yes Planet,629
12:15,Matchmaking 3,בחורים טובים 3,https://tickets5.planetcinema.co.il/order/332319?lang=en,https://tickets5.planetcinema.co.il/order/332319?lang=he,Regular,2D,Hebrew,,2026-09-28,2026,,ארז תדמור,105,All,Jerusalem,Yes Planet,629
14:30,Matchmaking 3,בחורים טובים 3,https://tickets5.planetcinema.co.il/order/332313?lang=en,https://tickets5.planetcinema.co.il/order/332313?lang=he,Regular,2D,Hebrew,,2026-09-28,2026,,ארז תדמור,105,All,Jerusalem,Yes Planet,629
16:45,Matchmaking 3,בחורים טובים 3,https://tickets5.planetcinema.co.il/order/332307?lang=en,https://tickets5.planetcinema.co.il/order/332307?lang=he,Regular,2D,Hebrew,,2026-09-28,2026,,ארז תדמור,105,All,Jerusalem,Yes Planet,629
19:00,Matchmaking 3,בחורים טובים 3,https://tickets5.planetcinema.co.il/order/332301?lang=en,https://tickets5.planetcinema.co.il/order/332301?lang=he,Regular,2D,Hebrew,,2026-09-28,2026,,ארז תדמור,105,All,Jerusalem,Yes Planet,629
21:15,Matchmaking 3,בחורים טובים 3,https://tickets5.planetcinema.co.il/order/332235?lang=en,https://tickets5.planetcinema.co.il/order/332235?lang=he,Regular,2D,Hebrew,,2026-09-28,2026,,ארז תדמור,105,All,Jerusalem,Yes Planet,629
10:00,Forgotten Island,האי הנעלם,https://tickets5.planetcinema.co.il/order/331871?lang=en,https://tickets5.planetcinema.co.il/order/331871?lang=he,Regular,2D 4DX,English,Hebrew,2026-09-28,2026,,,98,9+,Jerusalem,Yes Planet,629
12:15,Forgotten Island,האי הנעלם,https://tickets5.planetcinema.co.il/order/331865?lang=en,https://tickets5.planetcinema.co.il/order/331865?lang=he,Regular,2D 4DX,English,Hebrew,2026-09-28,2026,,,98,9+,Jerusalem,Yes Planet,629
10:15,Forgotten Island,האי הנעלם,https://tickets5.planetcinema.co.il/order/332209?lang=en,https://tickets5.planetcinema.co.il/order/332209?lang=he,Regular,2D,English,Hebrew,2026-09-28,2026,,,98,9+,Jerusalem,Yes Planet,629
12:30,Forgotten Island,האי הנעלם,https://tickets5.planetcinema.co.il/order/332203?lang=en,https://tickets5.planetcinema.co.il/order/332203?lang=he,Regular,2D,English,Hebrew,2026-09-28,2026,,,98,9+,Jerusalem,Yes Planet,629
14:45,Forgotten Island,האי הנעלם,https://tickets5.planetcinema.co.il/order/332197?lang=en,https://tickets5.planetcinema.co.il/order/332197?lang=he,Regular,2D,English,Hebrew,2026-09-28,2026,,,98,9+,Jerusalem,Yes Planet,629
17:00,Forgotten Island,האי הנעלם,https://tickets5.planetcinema.co.il/order/332191?lang=en,https://tickets5.planetcinema.co.il/order/332191?lang=he,Regular,2D,English,Hebrew,2026-09-28,2026,,,98,9+,Jerusalem,Yes Planet,629
14:30,Forgotten Island,האי הנעלם,https://tickets5.planetcinema.co.il/order/331859?lang=en,https://tickets5.planetcinema.co.il/order/331859?lang=he,Regular,2D 4DX,English,,2026-09-28,2026,,,98,9+,Jerusalem,Yes Planet,629
19:15,Forgotten Island,האי הנעלם,https://tickets5.planetcinema.co.il/order/332221?lang=en,https://tickets5.planetcinema.co.il/order/332221?lang=he,Regular,2D,English,,2026-09-28,2026,,,98,9+,Jerusalem,Yes Planet,629
21:30,Forgotten Island,האי הנעלם,https://tickets5.planetcinema.co.il/order/332215?lang=en,https://tickets5.planetcinema.co.il/order/332215?lang=he,Regular,2D,English,,2026-09-28,2026,,,98,9+,Jerusalem,Yes Planet,629
19:00,At Work,בעבודה,https://tickets5.planetcinema.co.il/order/332005?lang=en,https://tickets5.planetcinema.co.il/order/332005?lang=he,Regular,2D,French,,2026-09-28,2025,,Valérie Donzelli,92,All,Jerusalem,Yes Planet,629
13:45,Avengers: Endgame re-release,הנוקמים: סוף המשחק - הדרן,https://tickets5.planetcinema.co.il/order/332289?lang=en,https://tickets5.planetcinema.co.il/order/332289?lang=he,Regular,2D,English,,2026-09-28,2019,,,181,All,Jerusalem,Yes Planet,629
17:15,Avengers: Endgame re-release,הנוקמים: סוף המשחק - הדרן,https://tickets5.planetcinema.co.il/order/332229?lang=en,https://tickets5.planetcinema.co.il/order/332229?lang=he,Regular,2D,English,,2026-09-28,2019,,,181,All,Jerusalem,Yes Planet,629
21:00,Avengers: Endgame re-release,הנוקמים: סוף המשחק - הדרן,https://tickets5.planetcinema.co.il/order/332225?lang=en,https://tickets5.planetcinema.co.il/order/332225?lang=he,Regular,2D,English,,2026-09-28,2019,,,181,All,Jerusalem,Yes Planet,629
17:15,Avengers: Endgame re-release,הנוקמים: סוף המשחק - הדרן,https://tickets5.planetcinema.co.il/order/331879?lang=en,https://tickets5.planetcinema.co.il/order/331879?lang=he,Regular,2D IMAX,English,,2026-09-28,2019,,,181,All,Jerusalem,Yes Planet,629
21:00,Avengers: Endgame re-release,הנוקמים: סוף המשחק - הדרן,https://tickets5.planetcinema.co.il/order/331875?lang=en,https://tickets5.planetcinema.co.il/order/331875?lang=he,Regular,2D IMAX,English,,2026-09-28,2019,,,181,All,Jerusalem,Yes Planet,629
16:45,Avengers: Endgame re-release - Infinity Vision,הנוקמים: סוף המשחק - הדרן - Infinity Vi,https://tickets5.planetcinema.co.il/order/331853?lang=en,https://tickets5.planetcinema.co.il/order/331853?lang=he,4DXINFINITY VISION2D,4DXINFINITY VISION2D,English,,2026-09-28,2019,,,181,,Jerusalem,Yes Planet,629
20:30,Avengers: Endgame re-release - Infinity Vision,הנוקמים: סוף המשחק - הדרן - Infinity Vi,https://tickets5.planetcinema.co.il/order/331849?lang=en,https://tickets5.planetcinema.co.il/order/331849?lang=he,4DXINFINITY VISION2D,4DXINFINITY VISION2D,English,,2026-09-28,2019,,,181,,Jerusalem,Yes Planet,629
19:30,Before We Leave Tuscany,להתאהב בטוסקנה,https://tickets5.planetcinema.co.il/order/331945?lang=en,https://tickets5.planetcinema.co.il/order/331945?lang=he,Regular,2D,English,,2026-09-28,,,,91,All,Jerusalem,Yes Planet,629
10:15,CHARLIE THE WONDERDOG,וונדר-דוג,https://tickets5.planetcinema.co.il/order/331909?lang=en,https://tickets5.planetcinema.co.il/order/331909?lang=he,Regular,2D,Hebrew,Hebrew,2026-09-28,2025,,,92,All,Jerusalem,Yes Planet,629
12:30,CHARLIE THE WONDERDOG,וונדר-דוג,https://tickets5.planetcinema.co.il/order/331903?lang=en,https://tickets5.planetcinema.co.il/order/331903?lang=he,Regular,2D,Hebrew,Hebrew,2026-09-28,2025,,,92,All,Jerusalem,Yes Planet,629
14:45,CHARLIE THE WONDERDOG,וונדר-דוג,https://tickets5.planetcinema.co.il/order/331897?lang=en,https://tickets5.planetcinema.co.il/order/331897?lang=he,Regular,2D,Hebrew,Hebrew,2026-09-28,2025,,,92,All,Jerusalem,Yes Planet,629
17:00,CHARLIE THE WONDERDOG,וונדר-דוג,https://tickets5.planetcinema.co.il/order/331891?lang=en,https://tickets5.planetcinema.co.il/order/331891?lang=he,Regular,2D,Hebrew,Hebrew,2026-09-28,2025,,,92,All,Jerusalem,Yes Planet,629
18:20,crawlers,קרולרס,https://tickets5.planetcinema.co.il/order/331885?lang=en,https://tickets5.planetcinema.co.il/order/331885?lang=he,Regular,2D,English,,2026-09-28,2026,,,86,14+,Jerusalem,Yes Planet,629
20:20,crawlers,קרולרס,https://tickets5.planetcinema.co.il/order/331993?lang=en,https://tickets5.planetcinema.co.il/order/331993?lang=he,Regular,2D,English,,2026-09-28,2026,,,86,14+,Jerusalem,Yes Planet,629
22:15,crawlers,קרולרס,https://tickets5.planetcinema.co.il/order/331987?lang=en,https://tickets5.planetcinema.co.il/order/331987?lang=he,Regular,2D,English,,2026-09-28,2026,,,86,14+,Jerusalem,Yes Planet,629
19:00,FALL 2,תלויה באוויר 2,https://tickets5.planetcinema.co.il/order/332077?lang=en,https://tickets5.planetcinema.co.il/order/332077?lang=he,Regular,2D,English,,2026-09-28,2026,,"Michael Spierig, Peter Spierig",100,9+,Jerusalem,Yes Planet,629
21:00,Fast and the Furious - 25th Anniversary,מהיר ועצבני - חגיגות 25 שנה,https://tickets5.planetcinema.co.il/order/332053?lang=en,https://tickets5.planetcinema.co.il/order/332053?lang=he,Regular,2D,English,,2026-09-28,2001,,Rob Cohen,106,,Jerusalem,Yes Planet,629
10:00,Heart of the Beast,בלב הפרא,https://tickets5.planetcinema.co.il/order/332035?lang=en,https://tickets5.planetcinema.co.il/order/332035?lang=he,Regular,2D,English,,2026-09-28,2026,,David Ayer,101,All,Jerusalem,Yes Planet,629
12:15,Heart of the Beast,בלב הפרא,https://tickets5.planetcinema.co.il/order/332029?lang=en,https://tickets5.planetcinema.co.il/order/332029?lang=he,Regular,2D,English,,2026-09-28,2026,,David Ayer,101,All,Jerusalem,Yes Planet,629
14:30,Heart of the Beast,בלב הפרא,https://tickets5.planetcinema.co.il/order/332023?lang=en,https://tickets5.planetcinema.co.il/order/332023?lang=he,Regular,2D,English,,2026-09-28,2026,,David Ayer,101,All,Jerusalem,Yes Planet,629
16:45,Heart of the Beast,בלב הפרא,https://tickets5.planetcinema.co.il/order/332017?lang=en,https://tickets5.planetcinema.co.il/order/332017?lang=he,Regular,2D,English,,2026-09-28,2026,,David Ayer,101,All,Jerusalem,Yes Planet,629
19:00,Heart of the Beast,בלב הפרא,https://tickets5.planetcinema.co.il/order/332011?lang=en,https://tickets5.planetcinema.co.il/order/332011?lang=he,Regular,2D,English,,2026-09-28,2026,,David Ayer,101,All,Jerusalem,Yes Planet,629
21:15,Heart of the Beast,בלב הפרא,https://tickets5.planetcinema.co.il/order/331999?lang=en,https://tickets5.planetcinema.co.il/order/331999?lang=he,Regular,2D,English,,2026-09-28,2026,,David Ayer,101,All,Jerusalem,Yes Planet,629
12:30,Hill 338,גבעה 338,https://tickets5.planetcinema.co.il/order/332125?lang=en,https://tickets5.planetcinema.co.il/order/332125?lang=he,Regular,2D,Hebrew,,2026-09-28,2026,,ארז בן הרוש,106,9+,Jerusalem,Yes Planet,629
20:45,Hill 338,גבעה 338,https://tickets5.planetcinema.co.il/order/332179?lang=en,https://tickets5.planetcinema.co.il/order/332179?lang=he,Regular,2D,Hebrew,,2026-09-28,2026,,ארז בן הרוש,106,9+,Jerusalem,Yes Planet,629
21:30,KUPA RASHIT,קופה ראשית,https://tickets5.planetcinema.co.il/order/331915?lang=en,https://tickets5.planetcinema.co.il/order/331915?lang=he,Regular,2D,Hebrew,,2026-09-28,2026,,,91,All,Jerusalem,Yes Planet,629
10:00,Land of Someitmes,אספן המשאלות,https://tickets5.planetcinema.co.il/order/332253?lang=en,https://tickets5.planetcinema.co.il/order/332253?lang=he,Regular,2D,Hebrew,Hebrew,2026-09-28,2026,,,93,All,Jerusalem,Yes Planet,629
12:10,Land of Someitmes,אספן המשאלות,https://tickets5.planetcinema.co.il/order/332247?lang=en,https://tickets5.planetcinema.co.il/order/332247?lang=he,Regular,2D,Hebrew,Hebrew,2026-09-28,2026,,,93,All,Jerusalem,Yes Planet,629
14:20,Land of Someitmes,אספן המשאלות,https://tickets5.planetcinema.co.il/order/332241?lang=en,https://tickets5.planetcinema.co.il/order/332241?lang=he,Regular,2D,Hebrew,Hebrew,2026-09-28,2026,,,93,All,Jerusalem,Yes Planet,629
16:20,Land of Someitmes,אספן המשאלות,https://tickets5.planetcinema.co.il/order/332295?lang=en,https://tickets5.planetcinema.co.il/order/332295?lang=he,Regular,2D,Hebrew,Hebrew,2026-09-28,2026,,,93,All,Jerusalem,Yes Planet,629
12:15,Minions & Monsters,מיניונים ומפלצות,https://tickets5.planetcinema.co.il/order/331963?lang=en,https://tickets5.planetcinema.co.il/order/331963?lang=he,Regular,2D,English,Hebrew,2026-09-28,2026,,,90,All,Jerusalem,Yes Planet,629
14:15,Minions & Monsters,מיניונים ומפלצות,https://tickets5.planetcinema.co.il/order/331957?lang=en,https://tickets5.planetcinema.co.il/order/331957?lang=he,Regular,2D,English,Hebrew,2026-09-28,2026,,,90,All,Jerusalem,Yes Planet,629
10:15,Moana Live Action,מואנה לייב אקשן,https://tickets5.planetcinema.co.il/order/332047?lang=en,https://tickets5.planetcinema.co.il/order/332047?lang=he,Regular,2D,English,Hebrew,2026-09-28,2026,,,120,All,Jerusalem,Yes Planet,629
19:00,Orphan,יתום,https://tickets5.planetcinema.co.il/order/331975?lang=en,https://tickets5.planetcinema.co.il/order/331975?lang=he,Regular,2D,Hungarian,,2026-09-28,2025,,לאסלו נמש,132,14+,Jerusalem,Yes Planet,629
21:45,Orphan,יתום,https://tickets5.planetcinema.co.il/order/331969?lang=en,https://tickets5.planetcinema.co.il/order/331969?lang=he,Regular,2D,Hungarian,,2026-09-28,2025,,לאסלו נמש,132,14+,Jerusalem,Yes Planet,629
10:00,Paw Patrol: The Dino Movie,מפרץ ההרפתקאות: אי הדינוזאורים,https://tickets5.planetcinema.co.il/order/332137?lang=en,https://tickets5.planetcinema.co.il/order/332137?lang=he,Regular,2D,Hebrew,Hebrew,2026-09-28,2026,,,90,All,Jerusalem,Yes Planet,629
13:00,Paw Patrol: The Dino Movie,מפרץ ההרפתקאות: אי הדינוזאורים,https://tickets5.planetcinema.co.il/order/332095?lang=en,https://tickets5.planetcinema.co.il/order/332095?lang=he,Regular,2D,Hebrew,Hebrew,2026-09-28,2026,,,90,All,Jerusalem,Yes Planet,629
11:00,Practical Magic 2,קסם מעשי 2,https://tickets5.planetcinema.co.il/order/332283?lang=en,https://tickets5.planetcinema.co.il/order/332283?lang=he,Regular,2D,English,,2026-09-28,2026,,Susanne Bier,130,All,Jerusalem,Yes Planet,629
16:45,Primavera,פרימוורה,https://tickets5.planetcinema.co.il/order/332041?lang=en,https://tickets5.planetcinema.co.il/order/332041?lang=he,Regular,2D,Italian,,2026-09-28,2025,,דמיאנו מיקילייט,110,12+,Jerusalem,Yes Planet,629
19:00,Primavera,פרימוורה,https://tickets5.planetcinema.co.il/order/332065?lang=en,https://tickets5.planetcinema.co.il/order/332065?lang=he,Regular,2D,Italian,,2026-09-28,2025,,דמיאנו מיקילייט,110,12+,Jerusalem,Yes Planet,629
21:30,Primavera,פרימוורה,https://tickets5.planetcinema.co.il/order/332113?lang=en,https://tickets5.planetcinema.co.il/order/332113?lang=he,Regular,2D,Italian,,2026-09-28,2025,,דמיאנו מיקילייט,110,12+,Jerusalem,Yes Planet,629
16:45,Resident Evil,האויב שבפנים,https://tickets5.planetcinema.co.il/order/332349?lang=en,https://tickets5.planetcinema.co.il/order/332349?lang=he,Regular,2D,English,,2026-09-28,2026,,Zach Cregger,90,16+,Jerusalem,Yes Planet,629
18:45,Resident Evil,האויב שבפנים,https://tickets5.planetcinema.co.il/order/332343?lang=en,https://tickets5.planetcinema.co.il/order/332343?lang=he,Regular,2D,English,,2026-09-28,2026,,Zach Cregger,90,16+,Jerusalem,Yes Planet,629
22:00,Resident Evil,האויב שבפנים,https://tickets5.planetcinema.co.il/order/332131?lang=en,https://tickets5.planetcinema.co.il/order/332131?lang=he,Regular,2D,English,,2026-09-28,2026,,Zach Cregger,90,16+,Jerusalem,Yes Planet,629
17:00,RUNNER,ראנר,https://tickets5.planetcinema.co.il/order/332089?lang=en,https://tickets5.planetcinema.co.il/order/332089?lang=he,Regular,2D,Hebrew,,2026-09-28,2026,,Scott Waugh,93,12+,Jerusalem,Yes Planet,629
21:15,RUNNER,ראנר,https://tickets5.planetcinema.co.il/order/332083?lang=en,https://tickets5.planetcinema.co.il/order/332083?lang=he,Regular,2D,Hebrew,,2026-09-28,2026,,Scott Waugh,93,12+,Jerusalem,Yes Planet,629
11:30,Spider-Man: Brand New Day,ספיידרמן: יום חדש,https://tickets5.planetcinema.co.il/order/332277?lang=en,https://tickets5.planetcinema.co.il/order/332277?lang=he,Regular,2D,English,,2026-09-28,2026,,Destin Daniel Cretton,140,All,Jerusalem,Yes Planet,629
14:30,Spider-Man: Brand New Day,ספיידרמן: יום חדש,https://tickets5.planetcinema.co.il/order/332271?lang=en,https://tickets5.planetcinema.co.il/order/332271?lang=he,Regular,2D,English,,2026-09-28,2026,,Destin Daniel Cretton,140,All,Jerusalem,Yes Planet,629
17:30,Spider-Man: Brand New Day,ספיידרמן: יום חדש,https://tickets5.planetcinema.co.il/order/332265?lang=en,https://tickets5.planetcinema.co.il/order/332265?lang=he,Regular,2D,English,,2026-09-28,2026,,Destin Daniel Cretton,140,All,Jerusalem,Yes Planet,629
20:30,Spider-Man: Brand New Day,ספיידרמן: יום חדש,https://tickets5.planetcinema.co.il/order/332259?lang=en,https://tickets5.planetcinema.co.il/order/332259?lang=he,Regular,2D,English,,2026-09-28,2026,,Destin Daniel Cretton,140,All,Jerusalem,Yes Planet,629
10:30,Spinned,מרגלים מהאגדות,https://tickets5.planetcinema.co.il/order/331939?lang=en,https://tickets5.planetcinema.co.il/order/331939?lang=he,Regular,2D,Hebrew,Hebrew,2026-09-28,2025,,,96,All,Jerusalem,Yes Planet,629
12:45,Spinned,מרגלים מהאגדות,https://tickets5.planetcinema.co.il/order/331933?lang=en,https://tickets5.planetcinema.co.il/order/331933?lang=he,Regular,2D,Hebrew,Hebrew,2026-09-28,2025,,,96,All,Jerusalem,Yes Planet,629
15:00,Spinned,מרגלים מהאגדות,https://tickets5.planetcinema.co.il/order/331927?lang=en,https://tickets5.planetcinema.co.il/order/331927?lang=he,Regular,2D,Hebrew,Hebrew,2026-09-28,2025,,,96,All,Jerusalem,Yes Planet,629
17:15,Spinned,מרגלים מהאגדות,https://tickets5.planetcinema.co.il/order/331921?lang=en,https://tickets5.planetcinema.co.il/order/331921?lang=he,Regular,2D,Hebrew,Hebrew,2026-09-28,2025,,,96,All,Jerusalem,Yes Planet,629
14:45,STITCH HEAD,פרנקי והמפלצות,https://tickets5.planetcinema.co.il/order/332331?lang=en,https://tickets5.planetcinema.co.il/order/332331?lang=he,Regular,2D,Hebrew,Hebrew,2026-09-28,2025,,,92,All,Jerusalem,Yes Planet,629
10:45,Tad and the Magic Lamp,טד החוקר ומנורת הקסמים,https://tickets5.planetcinema.co.il/order/332107?lang=en,https://tickets5.planetcinema.co.il/order/332107?lang=he,Regular,2D,Hebrew,Hebrew,2026-09-28,2026,,,94,All,Jerusalem,Yes Planet,629
15:00,Tad and the Magic Lamp,טד החוקר ומנורת הקסמים,https://tickets5.planetcinema.co.il/order/332101?lang=en,https://tickets5.planetcinema.co.il/order/332101?lang=he,Regular,2D,Hebrew,Hebrew,2026-09-28,2026,,,94,All,Jerusalem,Yes Planet,629
11:15,tell me everything,עצמאות,https://tickets5.planetcinema.co.il/order/332185?lang=en,https://tickets5.planetcinema.co.il/order/332185?lang=he,Regular,2D,Hebrew,,2026-09-28,2026,,משה רוזנטל,109,12+,Jerusalem,Yes Planet,629
13:45,tell me everything,עצמאות,https://tickets5.planetcinema.co.il/order/332119?lang=en,https://tickets5.planetcinema.co.il/order/332119?lang=he,Regular,2D,Hebrew,,2026-09-28,2026,,משה רוזנטל,109,12+,Jerusalem,Yes Planet,629
16:15,tell me everything,עצמאות,https://tickets5.planetcinema.co.il/order/332173?lang=en,https://tickets5.planetcinema.co.il/order/332173?lang=he,Regular,2D,Hebrew,,2026-09-28,2026,,משה רוזנטל,109,12+,Jerusalem,Yes Planet,629
18:45,tell me everything,עצמאות,https://tickets5.planetcinema.co.il/order/332167?lang=en,https://tickets5.planetcinema.co.il/order/332167?lang=he,Regular,2D,Hebrew,,2026-09-28,2026,,משה רוזנטל,109,12+,Jerusalem,Yes Planet,629
21:15,tell me everything,עצמאות,https://tickets5.planetcinema.co.il/order/332161?lang=en,https://tickets5.planetcinema.co.il/order/332161?lang=he,Regular,2D,Hebrew,,2026-09-28,2026,,משה רוזנטל,109,12+,Jerusalem,Yes Planet,629
10:30,THE DESERT CHILD,ילד המדבר,https://tickets5.planetcinema.co.il/order/332337?lang=en,https://tickets5.planetcinema.co.il/order/332337?lang=he,Regular,2D,Hebrew,Hebrew,2026-09-28,2026,,Gilles de Maistre,92,All,Jerusalem,Yes Planet,629
12:45,THE LUCKIEST MAN IN AMERICA,איש החידות,https://tickets5.planetcinema.co.il/order/332071?lang=en,https://tickets5.planetcinema.co.il/order/332071?lang=he,Regular,2D,English,,2026-09-28,2024,,Samir Oliveros,91,All,Jerusalem,Yes Planet,629
10:15,The Odyssey,האודיסאה,https://tickets5.planetcinema.co.il/order/333579?lang=en,https://tickets5.planetcinema.co.il/order/333579?lang=he,Regular,2D IMAX,English,,2026-09-28,2026,,Christopher Nolan,172,14+,Jerusalem,Yes Planet,629
13:45,The Odyssey,האודיסאה,https://tickets5.planetcinema.co.il/order/333580?lang=en,https://tickets5.planetcinema.co.il/order/333580?lang=he,Regular,2D IMAX,English,,2026-09-28,2026,,Christopher Nolan,172,14+,Jerusalem,Yes Planet,629
12:00,The Odyssey,האודיסאה,https://tickets5.planetcinema.co.il/order/332155?lang=en,https://tickets5.planetcinema.co.il/order/332155?lang=he,Regular,2D,English,,2026-09-28,2026,,Christopher Nolan,172,14+,Jerusalem,Yes Planet,629
15:20,The Odyssey,האודיסאה,https://tickets5.planetcinema.co.il/order/332149?lang=en,https://tickets5.planetcinema.co.il/order/332149?lang=he,Regular,2D,English,,2026-09-28,2026,,Christopher Nolan,172,14+,Jerusalem,Yes Planet,629
18:40,The Odyssey,האודיסאה,https://tickets5.planetcinema.co.il/order/332143?lang=en,https://tickets5.planetcinema.co.il/order/332143?lang=he,Regular,2D,English,,2026-09-28,2026,,Christopher Nolan,172,14+,Jerusalem,Yes Planet,629
10:00,Toy Story 5,צעצוע של סיפור 5,https://tickets5.planetcinema.co.il/order/331951?lang=en,https://tickets5.planetcinema.co.il/order/331951?lang=he,Regular,2D,English,Hebrew,2026-09-28,2026,,,102,All,Jerusalem,Yes Planet,629
16:15,Valley of Shadows,בחזרה מההימלאיה,https://tickets5.planetcinema.co.il/order/331981?lang=en,https://tickets5.planetcinema.co.il/order/331981?lang=he,Regular,2D,Spanish,,2026-09-28,2023,,Salvador Calvo,120,12+,Jerusalem,Yes Planet,629
14:45,What Marielle Knows,מה שמריאל יודעת,https://tickets5.planetcinema.co.il/order/332059?lang=en,https://tickets5.planetcinema.co.il/order/332059?lang=he,Regular,2D,German,,2026-09-28,2025,,Frédéric Hambalek,86,14+,Jerusalem,Yes Planet,629
10:00,Matchmaking 3,בחורים טובים 3,https://tickets5.planetcinema.co.il/order/332326?lang=en,https://tickets5.planetcinema.co.il/order/332326?lang=he,Regular,2D,Hebrew,,2026-09-29,2026,,ארז תדמור,105,All,Jerusalem,Yes Planet,629
12:15,Matchmaking 3,בחורים טובים 3,https://tickets5.planetcinema.co.il/order/332320?lang=en,https://tickets5.planetcinema.co.il/order/332320?lang=he,Regular,2D,Hebrew,,2026-09-29,2026,,ארז תדמור,105,All,Jerusalem,Yes Planet,629
14:30,Matchmaking 3,בחורים טובים 3,https://tickets5.planetcinema.co.il/order/332314?lang=en,https://tickets5.planetcinema.co.il/order/332314?lang=he,Regular,2D,Hebrew,,2026-09-29,2026,,ארז תדמור,105,All,Jerusalem,Yes Planet,629
16:45,Matchmaking 3,בחורים טובים 3,https://tickets5.planetcinema.co.il/order/332308?lang=en,https://tickets5.planetcinema.co.il/order/332308?lang=he,Regular,2D,Hebrew,,2026-09-29,2026,,ארז תדמור,105,All,Jerusalem,Yes Planet,629
19:00,Matchmaking 3,בחורים טובים 3,https://tickets5.planetcinema.co.il/order/332302?lang=en,https://tickets5.planetcinema.co.il/order/332302?lang=he,Regular,2D,Hebrew,,2026-09-29,2026,,ארז תדמור,105,All,Jerusalem,Yes Planet,629
21:15,Matchmaking 3,בחורים טובים 3,https://tickets5.planetcinema.co.il/order/332236?lang=en,https://tickets5.planetcinema.co.il/order/332236?lang=he,Regular,2D,Hebrew,,2026-09-29,2026,,ארז תדמור,105,All,Jerusalem,Yes Planet,629
10:00,Forgotten Island,האי הנעלם,https://tickets5.planetcinema.co.il/order/331872?lang=en,https://tickets5.planetcinema.co.il/order/331872?lang=he,Regular,2D 4DX,English,Hebrew,2026-09-29,2026,,,98,9+,Jerusalem,Yes Planet,629
12:15,Forgotten Island,האי הנעלם,https://tickets5.planetcinema.co.il/order/331866?lang=en,https://tickets5.planetcinema.co.il/order/331866?lang=he,Regular,2D 4DX,English,Hebrew,2026-09-29,2026,,,98,9+,Jerusalem,Yes Planet,629
10:15,Forgotten Island,האי הנעלם,https://tickets5.planetcinema.co.il/order/332210?lang=en,https://tickets5.planetcinema.co.il/order/332210?lang=he,Regular,2D,English,Hebrew,2026-09-29,2026,,,98,9+,Jerusalem,Yes Planet,629
12:30,Forgotten Island,האי הנעלם,https://tickets5.planetcinema.co.il/order/332204?lang=en,https://tickets5.planetcinema.co.il/order/332204?lang=he,Regular,2D,English,Hebrew,2026-09-29,2026,,,98,9+,Jerusalem,Yes Planet,629
14:45,Forgotten Island,האי הנעלם,https://tickets5.planetcinema.co.il/order/332198?lang=en,https://tickets5.planetcinema.co.il/order/332198?lang=he,Regular,2D,English,Hebrew,2026-09-29,2026,,,98,9+,Jerusalem,Yes Planet,629
17:00,Forgotten Island,האי הנעלם,https://tickets5.planetcinema.co.il/order/332192?lang=en,https://tickets5.planetcinema.co.il/order/332192?lang=he,Regular,2D,English,Hebrew,2026-09-29,2026,,,98,9+,Jerusalem,Yes Planet,629
14:30,Forgotten Island,האי הנעלם,https://tickets5.planetcinema.co.il/order/331860?lang=en,https://tickets5.planetcinema.co.il/order/331860?lang=he,Regular,2D 4DX,English,,2026-09-29,2026,,,98,9+,Jerusalem,Yes Planet,629
19:15,Forgotten Island,האי הנעלם,https://tickets5.planetcinema.co.il/order/332222?lang=en,https://tickets5.planetcinema.co.il/order/332222?lang=he,Regular,2D,English,,2026-09-29,2026,,,98,9+,Jerusalem,Yes Planet,629
21:30,Forgotten Island,האי הנעלם,https://tickets5.planetcinema.co.il/order/332216?lang=en,https://tickets5.planetcinema.co.il/order/332216?lang=he,Regular,2D,English,,2026-09-29,2026,,,98,9+,Jerusalem,Yes Planet,629
19:00,At Work,בעבודה,https://tickets5.planetcinema.co.il/order/332006?lang=en,https://tickets5.planetcinema.co.il/order/332006?lang=he,Regular,2D,French,,2026-09-29,2025,,Valérie Donzelli,92,All,Jerusalem,Yes Planet,629
13:45,Avengers: Endgame re-release,הנוקמים: סוף המשחק - הדרן,https://tickets5.planetcinema.co.il/order/332290?lang=en,https://tickets5.planetcinema.co.il/order/332290?lang=he,Regular,2D,English,,2026-09-29,2019,,,181,All,Jerusalem,Yes Planet,629
17:15,Avengers: Endgame re-release,הנוקמים: סוף המשחק - הדרן,https://tickets5.planetcinema.co.il/order/332230?lang=en,https://tickets5.planetcinema.co.il/order/332230?lang=he,Regular,2D,English,,2026-09-29,2019,,,181,All,Jerusalem,Yes Planet,629
21:00,Avengers: Endgame re-release,הנוקמים: סוף המשחק - הדרן,https://tickets5.planetcinema.co.il/order/332226?lang=en,https://tickets5.planetcinema.co.il/order/332226?lang=he,Regular,2D,English,,2026-09-29,2019,,,181,All,Jerusalem,Yes Planet,629
17:15,Avengers: Endgame re-release,הנוקמים: סוף המשחק - הדרן,https://tickets5.planetcinema.co.il/order/331880?lang=en,https://tickets5.planetcinema.co.il/order/331880?lang=he,Regular,2D IMAX,English,,2026-09-29,2019,,,181,All,Jerusalem,Yes Planet,629
21:00,Avengers: Endgame re-release,הנוקמים: סוף המשחק - הדרן,https://tickets5.planetcinema.co.il/order/331876?lang=en,https://tickets5.planetcinema.co.il/order/331876?lang=he,Regular,2D IMAX,English,,2026-09-29,2019,,,181,All,Jerusalem,Yes Planet,629
16:45,Avengers: Endgame re-release - Infinity Vision,הנוקמים: סוף המשחק - הדרן - Infinity Vi,https://tickets5.planetcinema.co.il/order/331854?lang=en,https://tickets5.planetcinema.co.il/order/331854?lang=he,4DXINFINITY VISION2D,4DXINFINITY VISION2D,English,,2026-09-29,2019,,,181,,Jerusalem,Yes Planet,629
20:30,Avengers: Endgame re-release - Infinity Vision,הנוקמים: סוף המשחק - הדרן - Infinity Vi,https://tickets5.planetcinema.co.il/order/331850?lang=en,https://tickets5.planetcinema.co.il/order/331850?lang=he,4DXINFINITY VISION2D,4DXINFINITY VISION2D,English,,2026-09-29,2019,,,181,,Jerusalem,Yes Planet,629
19:30,Before We Leave Tuscany,להתאהב בטוסקנה,https://tickets5.planetcinema.co.il/order/331946?lang=en,https://tickets5.planetcinema.co.il/order/331946?lang=he,Regular,2D,English,,2026-09-29,,,,91,All,Jerusalem,Yes Planet,629
10:15,CHARLIE THE WONDERDOG,וונדר-דוג,https://tickets5.planetcinema.co.il/order/331910?lang=en,https://tickets5.planetcinema.co.il/order/331910?lang=he,Regular,2D,Hebrew,Hebrew,2026-09-29,2025,,,92,All,Jerusalem,Yes Planet,629
12:30,CHARLIE THE WONDERDOG,וונדר-דוג,https://tickets5.planetcinema.co.il/order/331904?lang=en,https://tickets5.planetcinema.co.il/order/331904?lang=he,Regular,2D,Hebrew,Hebrew,2026-09-29,2025,,,92,All,Jerusalem,Yes Planet,629
14:45,CHARLIE THE WONDERDOG,וונדר-דוג,https://tickets5.planetcinema.co.il/order/331898?lang=en,https://tickets5.planetcinema.co.il/order/331898?lang=he,Regular,2D,Hebrew,Hebrew,2026-09-29,2025,,,92,All,Jerusalem,Yes Planet,629
17:00,CHARLIE THE WONDERDOG,וונדר-דוג,https://tickets5.planetcinema.co.il/order/331892?lang=en,https://tickets5.planetcinema.co.il/order/331892?lang=he,Regular,2D,Hebrew,Hebrew,2026-09-29,2025,,,92,All,Jerusalem,Yes Planet,629
18:20,crawlers,קרולרס,https://tickets5.planetcinema.co.il/order/331886?lang=en,https://tickets5.planetcinema.co.il/order/331886?lang=he,Regular,2D,English,,2026-09-29,2026,,,86,14+,Jerusalem,Yes Planet,629
20:20,crawlers,קרולרס,https://tickets5.planetcinema.co.il/order/331994?lang=en,https://tickets5.planetcinema.co.il/order/331994?lang=he,Regular,2D,English,,2026-09-29,2026,,,86,14+,Jerusalem,Yes Planet,629
22:15,crawlers,קרולרס,https://tickets5.planetcinema.co.il/order/331988?lang=en,https://tickets5.planetcinema.co.il/order/331988?lang=he,Regular,2D,English,,2026-09-29,2026,,,86,14+,Jerusalem,Yes Planet,629
19:00,FALL 2,תלויה באוויר 2,https://tickets5.planetcinema.co.il/order/332078?lang=en,https://tickets5.planetcinema.co.il/order/332078?lang=he,Regular,2D,English,,2026-09-29,2026,,"Michael Spierig, Peter Spierig",100,9+,Jerusalem,Yes Planet,629
21:00,Fast and the Furious - 25th Anniversary,מהיר ועצבני - חגיגות 25 שנה,https://tickets5.planetcinema.co.il/order/332054?lang=en,https://tickets5.planetcinema.co.il/order/332054?lang=he,Regular,2D,English,,2026-09-29,2001,,Rob Cohen,106,,Jerusalem,Yes Planet,629
10:00,Heart of the Beast,בלב הפרא,https://tickets5.planetcinema.co.il/order/332036?lang=en,https://tickets5.planetcinema.co.il/order/332036?lang=he,Regular,2D,English,,2026-09-29,2026,,David Ayer,101,All,Jerusalem,Yes Planet,629
12:15,Heart of the Beast,בלב הפרא,https://tickets5.planetcinema.co.il/order/332030?lang=en,https://tickets5.planetcinema.co.il/order/332030?lang=he,Regular,2D,English,,2026-09-29,2026,,David Ayer,101,All,Jerusalem,Yes Planet,629
14:30,Heart of the Beast,בלב הפרא,https://tickets5.planetcinema.co.il/order/332024?lang=en,https://tickets5.planetcinema.co.il/order/332024?lang=he,Regular,2D,English,,2026-09-29,2026,,David Ayer,101,All,Jerusalem,Yes Planet,629
16:45,Heart of the Beast,בלב הפרא,https://tickets5.planetcinema.co.il/order/332018?lang=en,https://tickets5.planetcinema.co.il/order/332018?lang=he,Regular,2D,English,,2026-09-29,2026,,David Ayer,101,All,Jerusalem,Yes Planet,629
19:00,Heart of the Beast,בלב הפרא,https://tickets5.planetcinema.co.il/order/332012?lang=en,https://tickets5.planetcinema.co.il/order/332012?lang=he,Regular,2D,English,,2026-09-29,2026,,David Ayer,101,All,Jerusalem,Yes Planet,629
21:15,Heart of the Beast,בלב הפרא,https://tickets5.planetcinema.co.il/order/332000?lang=en,https://tickets5.planetcinema.co.il/order/332000?lang=he,Regular,2D,English,,2026-09-29,2026,,David Ayer,101,All,Jerusalem,Yes Planet,629
12:30,Hill 338,גבעה 338,https://tickets5.planetcinema.co.il/order/332126?lang=en,https://tickets5.planetcinema.co.il/order/332126?lang=he,Regular,2D,Hebrew,,2026-09-29,2026,,ארז בן הרוש,106,9+,Jerusalem,Yes Planet,629
20:45,Hill 338,גבעה 338,https://tickets5.planetcinema.co.il/order/332180?lang=en,https://tickets5.planetcinema.co.il/order/332180?lang=he,Regular,2D,Hebrew,,2026-09-29,2026,,ארז בן הרוש,106,9+,Jerusalem,Yes Planet,629
21:30,KUPA RASHIT,קופה ראשית,https://tickets5.planetcinema.co.il/order/331916?lang=en,https://tickets5.planetcinema.co.il/order/331916?lang=he,Regular,2D,Hebrew,,2026-09-29,2026,,,91,All,Jerusalem,Yes Planet,629
10:30,La Traviata,לה טראוויאטה - אופרה בקולנוע,https://tickets5.planetcinema.co.il/order/333690?lang=en,https://tickets5.planetcinema.co.il/order/333690?lang=he,Regular,2D,Italian,,2026-09-29,,,,142,,Jerusalem,Yes Planet,629
10:00,Land of Someitmes,אספן המשאלות,https://tickets5.planetcinema.co.il/order/332254?lang=en,https://tickets5.planetcinema.co.il/order/332254?lang=he,Regular,2D,Hebrew,Hebrew,2026-09-29,2026,,,93,All,Jerusalem,Yes Planet,629
12:10,Land of Someitmes,אספן המשאלות,https://tickets5.planetcinema.co.il/order/332248?lang=en,https://tickets5.planetcinema.co.il/order/332248?lang=he,Regular,2D,Hebrew,Hebrew,2026-09-29,2026,,,93,All,Jerusalem,Yes Planet,629
14:20,Land of Someitmes,אספן המשאלות,https://tickets5.planetcinema.co.il/order/332242?lang=en,https://tickets5.planetcinema.co.il/order/332242?lang=he,Regular,2D,Hebrew,Hebrew,2026-09-29,2026,,,93,All,Jerusalem,Yes Planet,629
16:20,Land of Someitmes,אספן המשאלות,https://tickets5.planetcinema.co.il/order/332296?lang=en,https://tickets5.planetcinema.co.il/order/332296?lang=he,Regular,2D,Hebrew,Hebrew,2026-09-29,2026,,,93,All,Jerusalem,Yes Planet,629
12:15,Minions & Monsters,מיניונים ומפלצות,https://tickets5.planetcinema.co.il/order/331964?lang=en,https://tickets5.planetcinema.co.il/order/331964?lang=he,Regular,2D,English,Hebrew,2026-09-29,2026,,,90,All,Jerusalem,Yes Planet,629
14:15,Minions & Monsters,מיניונים ומפלצות,https://tickets5.planetcinema.co.il/order/331958?lang=en,https://tickets5.planetcinema.co.il/order/331958?lang=he,Regular,2D,English,Hebrew,2026-09-29,2026,,,90,All,Jerusalem,Yes Planet,629
10:15,Moana Live Action,מואנה לייב אקשן,https://tickets5.planetcinema.co.il/order/332048?lang=en,https://tickets5.planetcinema.co.il/order/332048?lang=he,Regular,2D,English,Hebrew,2026-09-29,2026,,,120,All,Jerusalem,Yes Planet,629
19:00,Orphan,יתום,https://tickets5.planetcinema.co.il/order/331976?lang=en,https://tickets5.planetcinema.co.il/order/331976?lang=he,Regular,2D,Hungarian,,2026-09-29,2025,,לאסלו נמש,132,14+,Jerusalem,Yes Planet,629
21:45,Orphan,יתום,https://tickets5.planetcinema.co.il/order/331970?lang=en,https://tickets5.planetcinema.co.il/order/331970?lang=he,Regular,2D,Hungarian,,2026-09-29,2025,,לאסלו נמש,132,14+,Jerusalem,Yes Planet,629
10:00,Paw Patrol: The Dino Movie,מפרץ ההרפתקאות: אי הדינוזאורים,https://tickets5.planetcinema.co.il/order/332138?lang=en,https://tickets5.planetcinema.co.il/order/332138?lang=he,Regular,2D,Hebrew,Hebrew,2026-09-29,2026,,,90,All,Jerusalem,Yes Planet,629
13:00,Paw Patrol: The Dino Movie,מפרץ ההרפתקאות: אי הדינוזאורים,https://tickets5.planetcinema.co.il/order/332096?lang=en,https://tickets5.planetcinema.co.il/order/332096?lang=he,Regular,2D,Hebrew,Hebrew,2026-09-29,2026,,,90,All,Jerusalem,Yes Planet,629
16:45,Primavera,פרימוורה,https://tickets5.planetcinema.co.il/order/332042?lang=en,https://tickets5.planetcinema.co.il/order/332042?lang=he,Regular,2D,Italian,,2026-09-29,2025,,דמיאנו מיקילייט,110,12+,Jerusalem,Yes Planet,629
19:00,Primavera,פרימוורה,https://tickets5.planetcinema.co.il/order/332066?lang=en,https://tickets5.planetcinema.co.il/order/332066?lang=he,Regular,2D,Italian,,2026-09-29,2025,,דמיאנו מיקילייט,110,12+,Jerusalem,Yes Planet,629
21:30,Primavera,פרימוורה,https://tickets5.planetcinema.co.il/order/332114?lang=en,https://tickets5.planetcinema.co.il/order/332114?lang=he,Regular,2D,Italian,,2026-09-29,2025,,דמיאנו מיקילייט,110,12+,Jerusalem,Yes Planet,629
16:45,Resident Evil,האויב שבפנים,https://tickets5.planetcinema.co.il/order/332350?lang=en,https://tickets5.planetcinema.co.il/order/332350?lang=he,Regular,2D,English,,2026-09-29,2026,,Zach Cregger,90,16+,Jerusalem,Yes Planet,629
18:45,Resident Evil,האויב שבפנים,https://tickets5.planetcinema.co.il/order/332344?lang=en,https://tickets5.planetcinema.co.il/order/332344?lang=he,Regular,2D,English,,2026-09-29,2026,,Zach Cregger,90,16+,Jerusalem,Yes Planet,629
22:00,Resident Evil,האויב שבפנים,https://tickets5.planetcinema.co.il/order/332132?lang=en,https://tickets5.planetcinema.co.il/order/332132?lang=he,Regular,2D,English,,2026-09-29,2026,,Zach Cregger,90,16+,Jerusalem,Yes Planet,629
17:00,RUNNER,ראנר,https://tickets5.planetcinema.co.il/order/332090?lang=en,https://tickets5.planetcinema.co.il/order/332090?lang=he,Regular,2D,Hebrew,,2026-09-29,2026,,Scott Waugh,93,12+,Jerusalem,Yes Planet,629
21:15,RUNNER,ראנר,https://tickets5.planetcinema.co.il/order/332084?lang=en,https://tickets5.planetcinema.co.il/order/332084?lang=he,Regular,2D,Hebrew,,2026-09-29,2026,,Scott Waugh,93,12+,Jerusalem,Yes Planet,629
11:30,Spider-Man: Brand New Day,ספיידרמן: יום חדש,https://tickets5.planetcinema.co.il/order/332278?lang=en,https://tickets5.planetcinema.co.il/order/332278?lang=he,Regular,2D,English,,2026-09-29,2026,,Destin Daniel Cretton,140,All,Jerusalem,Yes Planet,629
14:30,Spider-Man: Brand New Day,ספיידרמן: יום חדש,https://tickets5.planetcinema.co.il/order/332272?lang=en,https://tickets5.planetcinema.co.il/order/332272?lang=he,Regular,2D,English,,2026-09-29,2026,,Destin Daniel Cretton,140,All,Jerusalem,Yes Planet,629
17:30,Spider-Man: Brand New Day,ספיידרמן: יום חדש,https://tickets5.planetcinema.co.il/order/332266?lang=en,https://tickets5.planetcinema.co.il/order/332266?lang=he,Regular,2D,English,,2026-09-29,2026,,Destin Daniel Cretton,140,All,Jerusalem,Yes Planet,629
20:30,Spider-Man: Brand New Day,ספיידרמן: יום חדש,https://tickets5.planetcinema.co.il/order/332260?lang=en,https://tickets5.planetcinema.co.il/order/332260?lang=he,Regular,2D,English,,2026-09-29,2026,,Destin Daniel Cretton,140,All,Jerusalem,Yes Planet,629
10:30,Spinned,מרגלים מהאגדות,https://tickets5.planetcinema.co.il/order/331940?lang=en,https://tickets5.planetcinema.co.il/order/331940?lang=he,Regular,2D,Hebrew,Hebrew,2026-09-29,2025,,,96,All,Jerusalem,Yes Planet,629
12:45,Spinned,מרגלים מהאגדות,https://tickets5.planetcinema.co.il/order/331934?lang=en,https://tickets5.planetcinema.co.il/order/331934?lang=he,Regular,2D,Hebrew,Hebrew,2026-09-29,2025,,,96,All,Jerusalem,Yes Planet,629
15:00,Spinned,מרגלים מהאגדות,https://tickets5.planetcinema.co.il/order/331928?lang=en,https://tickets5.planetcinema.co.il/order/331928?lang=he,Regular,2D,Hebrew,Hebrew,2026-09-29,2025,,,96,All,Jerusalem,Yes Planet,629
17:15,Spinned,מרגלים מהאגדות,https://tickets5.planetcinema.co.il/order/331922?lang=en,https://tickets5.planetcinema.co.il/order/331922?lang=he,Regular,2D,Hebrew,Hebrew,2026-09-29,2025,,,96,All,Jerusalem,Yes Planet,629
14:45,STITCH HEAD,פרנקי והמפלצות,https://tickets5.planetcinema.co.il/order/332332?lang=en,https://tickets5.planetcinema.co.il/order/332332?lang=he,Regular,2D,Hebrew,Hebrew,2026-09-29,2025,,,92,All,Jerusalem,Yes Planet,629
10:45,Tad and the Magic Lamp,טד החוקר ומנורת הקסמים,https://tickets5.planetcinema.co.il/order/332108?lang=en,https://tickets5.planetcinema.co.il/order/332108?lang=he,Regular,2D,Hebrew,Hebrew,2026-09-29,2026,,,94,All,Jerusalem,Yes Planet,629
15:00,Tad and the Magic Lamp,טד החוקר ומנורת הקסמים,https://tickets5.planetcinema.co.il/order/332102?lang=en,https://tickets5.planetcinema.co.il/order/332102?lang=he,Regular,2D,Hebrew,Hebrew,2026-09-29,2026,,,94,All,Jerusalem,Yes Planet,629
11:15,tell me everything,עצמאות,https://tickets5.planetcinema.co.il/order/332186?lang=en,https://tickets5.planetcinema.co.il/order/332186?lang=he,Regular,2D,Hebrew,,2026-09-29,2026,,משה רוזנטל,109,12+,Jerusalem,Yes Planet,629
13:45,tell me everything,עצמאות,https://tickets5.planetcinema.co.il/order/332120?lang=en,https://tickets5.planetcinema.co.il/order/332120?lang=he,Regular,2D,Hebrew,,2026-09-29,2026,,משה רוזנטל,109,12+,Jerusalem,Yes Planet,629
16:15,tell me everything,עצמאות,https://tickets5.planetcinema.co.il/order/332174?lang=en,https://tickets5.planetcinema.co.il/order/332174?lang=he,Regular,2D,Hebrew,,2026-09-29,2026,,משה רוזנטל,109,12+,Jerusalem,Yes Planet,629
18:45,tell me everything,עצמאות,https://tickets5.planetcinema.co.il/order/332168?lang=en,https://tickets5.planetcinema.co.il/order/332168?lang=he,Regular,2D,Hebrew,,2026-09-29,2026,,משה רוזנטל,109,12+,Jerusalem,Yes Planet,629
21:15,tell me everything,עצמאות,https://tickets5.planetcinema.co.il/order/332162?lang=en,https://tickets5.planetcinema.co.il/order/332162?lang=he,Regular,2D,Hebrew,,2026-09-29,2026,,משה רוזנטל,109,12+,Jerusalem,Yes Planet,629
10:30,THE DESERT CHILD,ילד המדבר,https://tickets5.planetcinema.co.il/order/332338?lang=en,https://tickets5.planetcinema.co.il/order/332338?lang=he,Regular,2D,Hebrew,Hebrew,2026-09-29,2026,,Gilles de Maistre,92,All,Jerusalem,Yes Planet,629
12:45,THE LUCKIEST MAN IN AMERICA,איש החידות,https://tickets5.planetcinema.co.il/order/332072?lang=en,https://tickets5.planetcinema.co.il/order/332072?lang=he,Regular,2D,English,,2026-09-29,2024,,Samir Oliveros,91,All,Jerusalem,Yes Planet,629
10:15,The Odyssey,האודיסאה,https://tickets5.planetcinema.co.il/order/333581?lang=en,https://tickets5.planetcinema.co.il/order/333581?lang=he,Regular,2D IMAX,English,,2026-09-29,2026,,Christopher Nolan,172,14+,Jerusalem,Yes Planet,629
13:45,The Odyssey,האודיסאה,https://tickets5.planetcinema.co.il/order/333582?lang=en,https://tickets5.planetcinema.co.il/order/333582?lang=he,Regular,2D IMAX,English,,2026-09-29,2026,,Christopher Nolan,172,14+,Jerusalem,Yes Planet,629
12:00,The Odyssey,האודיסאה,https://tickets5.planetcinema.co.il/order/332156?lang=en,https://tickets5.planetcinema.co.il/order/332156?lang=he,Regular,2D,English,,2026-09-29,2026,,Christopher Nolan,172,14+,Jerusalem,Yes Planet,629
15:20,The Odyssey,האודיסאה,https://tickets5.planetcinema.co.il/order/332150?lang=en,https://tickets5.planetcinema.co.il/order/332150?lang=he,Regular,2D,English,,2026-09-29,2026,,Christopher Nolan,172,14+,Jerusalem,Yes Planet,629
18:40,The Odyssey,האודיסאה,https://tickets5.planetcinema.co.il/order/332144?lang=en,https://tickets5.planetcinema.co.il/order/332144?lang=he,Regular,2D,English,,2026-09-29,2026,,Christopher Nolan,172,14+,Jerusalem,Yes Planet,629
10:00,Toy Story 5,צעצוע של סיפור 5,https://tickets5.planetcinema.co.il/order/331952?lang=en,https://tickets5.planetcinema.co.il/order/331952?lang=he,Regular,2D,English,Hebrew,2026-09-29,2026,,,102,All,Jerusalem,Yes Planet,629
16:15,Valley of Shadows,בחזרה מההימלאיה,https://tickets5.planetcinema.co.il/order/331982?lang=en,https://tickets5.planetcinema.co.il/order/331982?lang=he,Regular,2D,Spanish,,2026-09-29,2023,,Salvador Calvo,120,12+,Jerusalem,Yes Planet,629
14:45,What Marielle Knows,מה שמריאל יודעת,https://tickets5.planetcinema.co.il/order/332060?lang=en,https://tickets5.planetcinema.co.il/order/332060?lang=he,Regular,2D,German,,2026-09-29,2025,,Frédéric Hambalek,86,14+,Jerusalem,Yes Planet,629
10:00,Matchmaking 3,בחורים טובים 3,https://tickets5.planetcinema.co.il/order/332327?lang=en,https://tickets5.planetcinema.co.il/order/332327?lang=he,Regular,2D,Hebrew,,2026-09-30,2026,,ארז תדמור,105,All,Jerusalem,Yes Planet,629
12:15,Matchmaking 3,בחורים טובים 3,https://tickets5.planetcinema.co.il/order/332321?lang=en,https://tickets5.planetcinema.co.il/order/332321?lang=he,Regular,2D,Hebrew,,2026-09-30,2026,,ארז תדמור,105,All,Jerusalem,Yes Planet,629
14:30,Matchmaking 3,בחורים טובים 3,https://tickets5.planetcinema.co.il/order/332315?lang=en,https://tickets5.planetcinema.co.il/order/332315?lang=he,Regular,2D,Hebrew,,2026-09-30,2026,,ארז תדמור,105,All,Jerusalem,Yes Planet,629
16:45,Matchmaking 3,בחורים טובים 3,https://tickets5.planetcinema.co.il/order/332309?lang=en,https://tickets5.planetcinema.co.il/order/332309?lang=he,Regular,2D,Hebrew,,2026-09-30,2026,,ארז תדמור,105,All,Jerusalem,Yes Planet,629
19:00,Matchmaking 3,בחורים טובים 3,https://tickets5.planetcinema.co.il/order/332303?lang=en,https://tickets5.planetcinema.co.il/order/332303?lang=he,Regular,2D,Hebrew,,2026-09-30,2026,,ארז תדמור,105,All,Jerusalem,Yes Planet,629
21:15,Matchmaking 3,בחורים טובים 3,https://tickets5.planetcinema.co.il/order/332237?lang=en,https://tickets5.planetcinema.co.il/order/332237?lang=he,Regular,2D,Hebrew,,2026-09-30,2026,,ארז תדמור,105,All,Jerusalem,Yes Planet,629
10:00,Forgotten Island,האי הנעלם,https://tickets5.planetcinema.co.il/order/331873?lang=en,https://tickets5.planetcinema.co.il/order/331873?lang=he,Regular,2D 4DX,English,Hebrew,2026-09-30,2026,,,98,9+,Jerusalem,Yes Planet,629
12:15,Forgotten Island,האי הנעלם,https://tickets5.planetcinema.co.il/order/331867?lang=en,https://tickets5.planetcinema.co.il/order/331867?lang=he,Regular,2D 4DX,English,Hebrew,2026-09-30,2026,,,98,9+,Jerusalem,Yes Planet,629
10:15,Forgotten Island,האי הנעלם,https://tickets5.planetcinema.co.il/order/332211?lang=en,https://tickets5.planetcinema.co.il/order/332211?lang=he,Regular,2D,English,Hebrew,2026-09-30,2026,,,98,9+,Jerusalem,Yes Planet,629
12:30,Forgotten Island,האי הנעלם,https://tickets5.planetcinema.co.il/order/332205?lang=en,https://tickets5.planetcinema.co.il/order/332205?lang=he,Regular,2D,English,Hebrew,2026-09-30,2026,,,98,9+,Jerusalem,Yes Planet,629
14:45,Forgotten Island,האי הנעלם,https://tickets5.planetcinema.co.il/order/332199?lang=en,https://tickets5.planetcinema.co.il/order/332199?lang=he,Regular,2D,English,Hebrew,2026-09-30,2026,,,98,9+,Jerusalem,Yes Planet,629
17:00,Forgotten Island,האי הנעלם,https://tickets5.planetcinema.co.il/order/332193?lang=en,https://tickets5.planetcinema.co.il/order/332193?lang=he,Regular,2D,English,Hebrew,2026-09-30,2026,,,98,9+,Jerusalem,Yes Planet,629
14:30,Forgotten Island,האי הנעלם,https://tickets5.planetcinema.co.il/order/331861?lang=en,https://tickets5.planetcinema.co.il/order/331861?lang=he,Regular,2D 4DX,English,,2026-09-30,2026,,,98,9+,Jerusalem,Yes Planet,629
19:15,Forgotten Island,האי הנעלם,https://tickets5.planetcinema.co.il/order/332223?lang=en,https://tickets5.planetcinema.co.il/order/332223?lang=he,Regular,2D,English,,2026-09-30,2026,,,98,9+,Jerusalem,Yes Planet,629
21:30,Forgotten Island,האי הנעלם,https://tickets5.planetcinema.co.il/order/332217?lang=en,https://tickets5.planetcinema.co.il/order/332217?lang=he,Regular,2D,English,,2026-09-30,2026,,,98,9+,Jerusalem,Yes Planet,629
19:00,At Work,בעבודה,https://tickets5.planetcinema.co.il/order/332007?lang=en,https://tickets5.planetcinema.co.il/order/332007?lang=he,Regular,2D,French,,2026-09-30,2025,,Valérie Donzelli,92,All,Jerusalem,Yes Planet,629
13:45,Avengers: Endgame re-release,הנוקמים: סוף המשחק - הדרן,https://tickets5.planetcinema.co.il/order/332291?lang=en,https://tickets5.planetcinema.co.il/order/332291?lang=he,Regular,2D,English,,2026-09-30,2019,,,181,All,Jerusalem,Yes Planet,629
17:15,Avengers: Endgame re-release,הנוקמים: סוף המשחק - הדרן,https://tickets5.planetcinema.co.il/order/332231?lang=en,https://tickets5.planetcinema.co.il/order/332231?lang=he,Regular,2D,English,,2026-09-30,2019,,,181,All,Jerusalem,Yes Planet,629
21:00,Avengers: Endgame re-release,הנוקמים: סוף המשחק - הדרן,https://tickets5.planetcinema.co.il/order/332227?lang=en,https://tickets5.planetcinema.co.il/order/332227?lang=he,Regular,2D,English,,2026-09-30,2019,,,181,All,Jerusalem,Yes Planet,629
17:15,Avengers: Endgame re-release,הנוקמים: סוף המשחק - הדרן,https://tickets5.planetcinema.co.il/order/331881?lang=en,https://tickets5.planetcinema.co.il/order/331881?lang=he,Regular,2D IMAX,English,,2026-09-30,2019,,,181,All,Jerusalem,Yes Planet,629
21:00,Avengers: Endgame re-release,הנוקמים: סוף המשחק - הדרן,https://tickets5.planetcinema.co.il/order/331877?lang=en,https://tickets5.planetcinema.co.il/order/331877?lang=he,Regular,2D IMAX,English,,2026-09-30,2019,,,181,All,Jerusalem,Yes Planet,629
16:45,Avengers: Endgame re-release - Infinity Vision,הנוקמים: סוף המשחק - הדרן - Infinity Vi,https://tickets5.planetcinema.co.il/order/331855?lang=en,https://tickets5.planetcinema.co.il/order/331855?lang=he,4DXINFINITY VISION2D,4DXINFINITY VISION2D,English,,2026-09-30,2019,,,181,,Jerusalem,Yes Planet,629
20:30,Avengers: Endgame re-release - Infinity Vision,הנוקמים: סוף המשחק - הדרן - Infinity Vi,https://tickets5.planetcinema.co.il/order/331851?lang=en,https://tickets5.planetcinema.co.il/order/331851?lang=he,4DXINFINITY VISION2D,4DXINFINITY VISION2D,English,,2026-09-30,2019,,,181,,Jerusalem,Yes Planet,629
19:30,Before We Leave Tuscany,להתאהב בטוסקנה,https://tickets5.planetcinema.co.il/order/331947?lang=en,https://tickets5.planetcinema.co.il/order/331947?lang=he,Regular,2D,English,,2026-09-30,,,,91,All,Jerusalem,Yes Planet,629
10:15,CHARLIE THE WONDERDOG,וונדר-דוג,https://tickets5.planetcinema.co.il/order/331911?lang=en,https://tickets5.planetcinema.co.il/order/331911?lang=he,Regular,2D,Hebrew,Hebrew,2026-09-30,2025,,,92,All,Jerusalem,Yes Planet,629
12:30,CHARLIE THE WONDERDOG,וונדר-דוג,https://tickets5.planetcinema.co.il/order/331905?lang=en,https://tickets5.planetcinema.co.il/order/331905?lang=he,Regular,2D,Hebrew,Hebrew,2026-09-30,2025,,,92,All,Jerusalem,Yes Planet,629
14:45,CHARLIE THE WONDERDOG,וונדר-דוג,https://tickets5.planetcinema.co.il/order/331899?lang=en,https://tickets5.planetcinema.co.il/order/331899?lang=he,Regular,2D,Hebrew,Hebrew,2026-09-30,2025,,,92,All,Jerusalem,Yes Planet,629
17:00,CHARLIE THE WONDERDOG,וונדר-דוג,https://tickets5.planetcinema.co.il/order/331893?lang=en,https://tickets5.planetcinema.co.il/order/331893?lang=he,Regular,2D,Hebrew,Hebrew,2026-09-30,2025,,,92,All,Jerusalem,Yes Planet,629
18:20,crawlers,קרולרס,https://tickets5.planetcinema.co.il/order/331887?lang=en,https://tickets5.planetcinema.co.il/order/331887?lang=he,Regular,2D,English,,2026-09-30,2026,,,86,14+,Jerusalem,Yes Planet,629
20:20,crawlers,קרולרס,https://tickets5.planetcinema.co.il/order/331995?lang=en,https://tickets5.planetcinema.co.il/order/331995?lang=he,Regular,2D,English,,2026-09-30,2026,,,86,14+,Jerusalem,Yes Planet,629
22:15,crawlers,קרולרס,https://tickets5.planetcinema.co.il/order/331989?lang=en,https://tickets5.planetcinema.co.il/order/331989?lang=he,Regular,2D,English,,2026-09-30,2026,,,86,14+,Jerusalem,Yes Planet,629
19:00,FALL 2,תלויה באוויר 2,https://tickets5.planetcinema.co.il/order/332079?lang=en,https://tickets5.planetcinema.co.il/order/332079?lang=he,Regular,2D,English,,2026-09-30,2026,,"Michael Spierig, Peter Spierig",100,9+,Jerusalem,Yes Planet,629
21:00,Fast and the Furious - 25th Anniversary,מהיר ועצבני - חגיגות 25 שנה,https://tickets5.planetcinema.co.il/order/332055?lang=en,https://tickets5.planetcinema.co.il/order/332055?lang=he,Regular,2D,English,,2026-09-30,2001,,Rob Cohen,106,,Jerusalem,Yes Planet,629
10:00,Heart of the Beast,בלב הפרא,https://tickets5.planetcinema.co.il/order/332037?lang=en,https://tickets5.planetcinema.co.il/order/332037?lang=he,Regular,2D,English,,2026-09-30,2026,,David Ayer,101,All,Jerusalem,Yes Planet,629
12:15,Heart of the Beast,בלב הפרא,https://tickets5.planetcinema.co.il/order/332031?lang=en,https://tickets5.planetcinema.co.il/order/332031?lang=he,Regular,2D,English,,2026-09-30,2026,,David Ayer,101,All,Jerusalem,Yes Planet,629
14:30,Heart of the Beast,בלב הפרא,https://tickets5.planetcinema.co.il/order/332025?lang=en,https://tickets5.planetcinema.co.il/order/332025?lang=he,Regular,2D,English,,2026-09-30,2026,,David Ayer,101,All,Jerusalem,Yes Planet,629
16:45,Heart of the Beast,בלב הפרא,https://tickets5.planetcinema.co.il/order/332019?lang=en,https://tickets5.planetcinema.co.il/order/332019?lang=he,Regular,2D,English,,2026-09-30,2026,,David Ayer,101,All,Jerusalem,Yes Planet,629
19:00,Heart of the Beast,בלב הפרא,https://tickets5.planetcinema.co.il/order/332013?lang=en,https://tickets5.planetcinema.co.il/order/332013?lang=he,Regular,2D,English,,2026-09-30,2026,,David Ayer,101,All,Jerusalem,Yes Planet,629
21:15,Heart of the Beast,בלב הפרא,https://tickets5.planetcinema.co.il/order/332001?lang=en,https://tickets5.planetcinema.co.il/order/332001?lang=he,Regular,2D,English,,2026-09-30,2026,,David Ayer,101,All,Jerusalem,Yes Planet,629
12:30,Hill 338,גבעה 338,https://tickets5.planetcinema.co.il/order/332127?lang=en,https://tickets5.planetcinema.co.il/order/332127?lang=he,Regular,2D,Hebrew,,2026-09-30,2026,,ארז בן הרוש,106,9+,Jerusalem,Yes Planet,629
21:30,KUPA RASHIT,קופה ראשית,https://tickets5.planetcinema.co.il/order/331917?lang=en,https://tickets5.planetcinema.co.il/order/331917?lang=he,Regular,2D,Hebrew,,2026-09-30,2026,,,91,All,Jerusalem,Yes Planet,629
10:00,Land of Someitmes,אספן המשאלות,https://tickets5.planetcinema.co.il/order/332255?lang=en,https://tickets5.planetcinema.co.il/order/332255?lang=he,Regular,2D,Hebrew,Hebrew,2026-09-30,2026,,,93,All,Jerusalem,Yes Planet,629
12:10,Land of Someitmes,אספן המשאלות,https://tickets5.planetcinema.co.il/order/332249?lang=en,https://tickets5.planetcinema.co.il/order/332249?lang=he,Regular,2D,Hebrew,Hebrew,2026-09-30,2026,,,93,All,Jerusalem,Yes Planet,629
14:20,Land of Someitmes,אספן המשאלות,https://tickets5.planetcinema.co.il/order/332243?lang=en,https://tickets5.planetcinema.co.il/order/332243?lang=he,Regular,2D,Hebrew,Hebrew,2026-09-30,2026,,,93,All,Jerusalem,Yes Planet,629
16:20,Land of Someitmes,אספן המשאלות,https://tickets5.planetcinema.co.il/order/332297?lang=en,https://tickets5.planetcinema.co.il/order/332297?lang=he,Regular,2D,Hebrew,Hebrew,2026-09-30,2026,,,93,All,Jerusalem,Yes Planet,629
12:15,Minions & Monsters,מיניונים ומפלצות,https://tickets5.planetcinema.co.il/order/331965?lang=en,https://tickets5.planetcinema.co.il/order/331965?lang=he,Regular,2D,English,Hebrew,2026-09-30,2026,,,90,All,Jerusalem,Yes Planet,629
14:15,Minions & Monsters,מיניונים ומפלצות,https://tickets5.planetcinema.co.il/order/331959?lang=en,https://tickets5.planetcinema.co.il/order/331959?lang=he,Regular,2D,English,Hebrew,2026-09-30,2026,,,90,All,Jerusalem,Yes Planet,629
10:15,Moana Live Action,מואנה לייב אקשן,https://tickets5.planetcinema.co.il/order/332049?lang=en,https://tickets5.planetcinema.co.il/order/332049?lang=he,Regular,2D,English,Hebrew,2026-09-30,2026,,,120,All,Jerusalem,Yes Planet,629
19:00,Orphan,יתום,https://tickets5.planetcinema.co.il/order/331977?lang=en,https://tickets5.planetcinema.co.il/order/331977?lang=he,Regular,2D,Hungarian,,2026-09-30,2025,,לאסלו נמש,132,14+,Jerusalem,Yes Planet,629
21:45,Orphan,יתום,https://tickets5.planetcinema.co.il/order/331971?lang=en,https://tickets5.planetcinema.co.il/order/331971?lang=he,Regular,2D,Hungarian,,2026-09-30,2025,,לאסלו נמש,132,14+,Jerusalem,Yes Planet,629
10:00,Paw Patrol: The Dino Movie,מפרץ ההרפתקאות: אי הדינוזאורים,https://tickets5.planetcinema.co.il/order/332139?lang=en,https://tickets5.planetcinema.co.il/order/332139?lang=he,Regular,2D,Hebrew,Hebrew,2026-09-30,2026,,,90,All,Jerusalem,Yes Planet,629
13:00,Paw Patrol: The Dino Movie,מפרץ ההרפתקאות: אי הדינוזאורים,https://tickets5.planetcinema.co.il/order/332097?lang=en,https://tickets5.planetcinema.co.il/order/332097?lang=he,Regular,2D,Hebrew,Hebrew,2026-09-30,2026,,,90,All,Jerusalem,Yes Planet,629
11:00,Practical Magic 2,קסם מעשי 2,https://tickets5.planetcinema.co.il/order/332285?lang=en,https://tickets5.planetcinema.co.il/order/332285?lang=he,Regular,2D,English,,2026-09-30,2026,,Susanne Bier,130,All,Jerusalem,Yes Planet,629
16:45,Primavera,פרימוורה,https://tickets5.planetcinema.co.il/order/332043?lang=en,https://tickets5.planetcinema.co.il/order/332043?lang=he,Regular,2D,Italian,,2026-09-30,2025,,דמיאנו מיקילייט,110,12+,Jerusalem,Yes Planet,629
19:00,Primavera,פרימוורה,https://tickets5.planetcinema.co.il/order/332067?lang=en,https://tickets5.planetcinema.co.il/order/332067?lang=he,Regular,2D,Italian,,2026-09-30,2025,,דמיאנו מיקילייט,110,12+,Jerusalem,Yes Planet,629
21:30,Primavera,פרימוורה,https://tickets5.planetcinema.co.il/order/332115?lang=en,https://tickets5.planetcinema.co.il/order/332115?lang=he,Regular,2D,Italian,,2026-09-30,2025,,דמיאנו מיקילייט,110,12+,Jerusalem,Yes Planet,629
16:45,Resident Evil,האויב שבפנים,https://tickets5.planetcinema.co.il/order/332351?lang=en,https://tickets5.planetcinema.co.il/order/332351?lang=he,Regular,2D,English,,2026-09-30,2026,,Zach Cregger,90,16+,Jerusalem,Yes Planet,629
22:00,Resident Evil,האויב שבפנים,https://tickets5.planetcinema.co.il/order/332133?lang=en,https://tickets5.planetcinema.co.il/order/332133?lang=he,Regular,2D,English,,2026-09-30,2026,,Zach Cregger,90,16+,Jerusalem,Yes Planet,629
17:00,RUNNER,ראנר,https://tickets5.planetcinema.co.il/order/332091?lang=en,https://tickets5.planetcinema.co.il/order/332091?lang=he,Regular,2D,Hebrew,,2026-09-30,2026,,Scott Waugh,93,12+,Jerusalem,Yes Planet,629
21:15,RUNNER,ראנר,https://tickets5.planetcinema.co.il/order/332085?lang=en,https://tickets5.planetcinema.co.il/order/332085?lang=he,Regular,2D,Hebrew,,2026-09-30,2026,,Scott Waugh,93,12+,Jerusalem,Yes Planet,629
11:30,Spider-Man: Brand New Day,ספיידרמן: יום חדש,https://tickets5.planetcinema.co.il/order/332279?lang=en,https://tickets5.planetcinema.co.il/order/332279?lang=he,Regular,2D,English,,2026-09-30,2026,,Destin Daniel Cretton,140,All,Jerusalem,Yes Planet,629
14:30,Spider-Man: Brand New Day,ספיידרמן: יום חדש,https://tickets5.planetcinema.co.il/order/332273?lang=en,https://tickets5.planetcinema.co.il/order/332273?lang=he,Regular,2D,English,,2026-09-30,2026,,Destin Daniel Cretton,140,All,Jerusalem,Yes Planet,629
17:30,Spider-Man: Brand New Day,ספיידרמן: יום חדש,https://tickets5.planetcinema.co.il/order/332267?lang=en,https://tickets5.planetcinema.co.il/order/332267?lang=he,Regular,2D,English,,2026-09-30,2026,,Destin Daniel Cretton,140,All,Jerusalem,Yes Planet,629
20:30,Spider-Man: Brand New Day,ספיידרמן: יום חדש,https://tickets5.planetcinema.co.il/order/332261?lang=en,https://tickets5.planetcinema.co.il/order/332261?lang=he,Regular,2D,English,,2026-09-30,2026,,Destin Daniel Cretton,140,All,Jerusalem,Yes Planet,629
10:30,Spinned,מרגלים מהאגדות,https://tickets5.planetcinema.co.il/order/331941?lang=en,https://tickets5.planetcinema.co.il/order/331941?lang=he,Regular,2D,Hebrew,Hebrew,2026-09-30,2025,,,96,All,Jerusalem,Yes Planet,629
12:45,Spinned,מרגלים מהאגדות,https://tickets5.planetcinema.co.il/order/331935?lang=en,https://tickets5.planetcinema.co.il/order/331935?lang=he,Regular,2D,Hebrew,Hebrew,2026-09-30,2025,,,96,All,Jerusalem,Yes Planet,629
15:00,Spinned,מרגלים מהאגדות,https://tickets5.planetcinema.co.il/order/331929?lang=en,https://tickets5.planetcinema.co.il/order/331929?lang=he,Regular,2D,Hebrew,Hebrew,2026-09-30,2025,,,96,All,Jerusalem,Yes Planet,629
17:15,Spinned,מרגלים מהאגדות,https://tickets5.planetcinema.co.il/order/331923?lang=en,https://tickets5.planetcinema.co.il/order/331923?lang=he,Regular,2D,Hebrew,Hebrew,2026-09-30,2025,,,96,All,Jerusalem,Yes Planet,629
14:45,STITCH HEAD,פרנקי והמפלצות,https://tickets5.planetcinema.co.il/order/332333?lang=en,https://tickets5.planetcinema.co.il/order/332333?lang=he,Regular,2D,Hebrew,Hebrew,2026-09-30,2025,,,92,All,Jerusalem,Yes Planet,629
10:45,Tad and the Magic Lamp,טד החוקר ומנורת הקסמים,https://tickets5.planetcinema.co.il/order/332109?lang=en,https://tickets5.planetcinema.co.il/order/332109?lang=he,Regular,2D,Hebrew,Hebrew,2026-09-30,2026,,,94,All,Jerusalem,Yes Planet,629
15:00,Tad and the Magic Lamp,טד החוקר ומנורת הקסמים,https://tickets5.planetcinema.co.il/order/332103?lang=en,https://tickets5.planetcinema.co.il/order/332103?lang=he,Regular,2D,Hebrew,Hebrew,2026-09-30,2026,,,94,All,Jerusalem,Yes Planet,629
11:15,tell me everything,עצמאות,https://tickets5.planetcinema.co.il/order/332187?lang=en,https://tickets5.planetcinema.co.il/order/332187?lang=he,Regular,2D,Hebrew,,2026-09-30,2026,,משה רוזנטל,109,12+,Jerusalem,Yes Planet,629
13:45,tell me everything,עצמאות,https://tickets5.planetcinema.co.il/order/332121?lang=en,https://tickets5.planetcinema.co.il/order/332121?lang=he,Regular,2D,Hebrew,,2026-09-30,2026,,משה רוזנטל,109,12+,Jerusalem,Yes Planet,629
16:15,tell me everything,עצמאות,https://tickets5.planetcinema.co.il/order/332175?lang=en,https://tickets5.planetcinema.co.il/order/332175?lang=he,Regular,2D,Hebrew,,2026-09-30,2026,,משה רוזנטל,109,12+,Jerusalem,Yes Planet,629
18:45,tell me everything,עצמאות,https://tickets5.planetcinema.co.il/order/332169?lang=en,https://tickets5.planetcinema.co.il/order/332169?lang=he,Regular,2D,Hebrew,,2026-09-30,2026,,משה רוזנטל,109,12+,Jerusalem,Yes Planet,629
21:15,tell me everything,עצמאות,https://tickets5.planetcinema.co.il/order/332163?lang=en,https://tickets5.planetcinema.co.il/order/332163?lang=he,Regular,2D,Hebrew,,2026-09-30,2026,,משה רוזנטל,109,12+,Jerusalem,Yes Planet,629
10:30,THE DESERT CHILD,ילד המדבר,https://tickets5.planetcinema.co.il/order/332339?lang=en,https://tickets5.planetcinema.co.il/order/332339?lang=he,Regular,2D,Hebrew,Hebrew,2026-09-30,2026,,Gilles de Maistre,92,All,Jerusalem,Yes Planet,629
12:45,THE LUCKIEST MAN IN AMERICA,איש החידות,https://tickets5.planetcinema.co.il/order/332073?lang=en,https://tickets5.planetcinema.co.il/order/332073?lang=he,Regular,2D,English,,2026-09-30,2024,,Samir Oliveros,91,All,Jerusalem,Yes Planet,629
10:15,The Odyssey,האודיסאה,https://tickets5.planetcinema.co.il/order/333583?lang=en,https://tickets5.planetcinema.co.il/order/333583?lang=he,Regular,2D IMAX,English,,2026-09-30,2026,,Christopher Nolan,172,14+,Jerusalem,Yes Planet,629
13:45,The Odyssey,האודיסאה,https://tickets5.planetcinema.co.il/order/333584?lang=en,https://tickets5.planetcinema.co.il/order/333584?lang=he,Regular,2D IMAX,English,,2026-09-30,2026,,Christopher Nolan,172,14+,Jerusalem,Yes Planet,629
12:00,The Odyssey,האודיסאה,https://tickets5.planetcinema.co.il/order/332157?lang=en,https://tickets5.planetcinema.co.il/order/332157?lang=he,Regular,2D,English,,2026-09-30,2026,,Christopher Nolan,172,14+,Jerusalem,Yes Planet,629
15:20,The Odyssey,האודיסאה,https://tickets5.planetcinema.co.il/order/332151?lang=en,https://tickets5.planetcinema.co.il/order/332151?lang=he,Regular,2D,English,,2026-09-30,2026,,Christopher Nolan,172,14+,Jerusalem,Yes Planet,629
18:40,The Odyssey,האודיסאה,https://tickets5.planetcinema.co.il/order/332145?lang=en,https://tickets5.planetcinema.co.il/order/332145?lang=he,Regular,2D,English,,2026-09-30,2026,,Christopher Nolan,172,14+,Jerusalem,Yes Planet,629
10:00,Toy Story 5,צעצוע של סיפור 5,https://tickets5.planetcinema.co.il/order/331953?lang=en,https://tickets5.planetcinema.co.il/order/331953?lang=he,Regular,2D,English,Hebrew,2026-09-30,2026,,,102,All,Jerusalem,Yes Planet,629
16:15,Valley of Shadows,בחזרה מההימלאיה,https://tickets5.planetcinema.co.il/order/331983?lang=en,https://tickets5.planetcinema.co.il/order/331983?lang=he,Regular,2D,Spanish,,2026-09-30,2023,,Salvador Calvo,120,12+,Jerusalem,Yes Planet,629
18:45,Verity,תעתוע,https://tickets5.planetcinema.co.il/order/332396?lang=en,https://tickets5.planetcinema.co.il/order/332396?lang=he,Regular,2D,Hebrew,,2026-09-30,2026,,Michael Showalter,116,14+,Jerusalem,Yes Planet,629
21:15,Verity,תעתוע,https://tickets5.planetcinema.co.il/order/332397?lang=en,https://tickets5.planetcinema.co.il/order/332397?lang=he,Regular,2D,Hebrew,,2026-09-30,2026,,Michael Showalter,116,14+,Jerusalem,Yes Planet,629
14:45,What Marielle Knows,מה שמריאל יודעת,https://tickets5.planetcinema.co.il/order/332061?lang=en,https://tickets5.planetcinema.co.il/order/332061?lang=he,Regular,2D,German,,2026-09-30,2025,,Frédéric Hambalek,86,14+,Jerusalem,Yes Planet,629
23:15,Matchmaking 3,בחורים טובים 3,https://tickets5.planetcinema.co.il/order/331415?lang=en,https://tickets5.planetcinema.co.il/order/331415?lang=he,Regular,2D,Hebrew,,2026-09-26,2026,,ארז תדמור,105,All,Rishon Letzion,Yes Planet,629
23:45,Matchmaking 3,בחורים טובים 3,https://tickets5.planetcinema.co.il/order/331458?lang=en,https://tickets5.planetcinema.co.il/order/331458?lang=he,Regular,2D,Hebrew,,2026-09-26,2026,,ארז תדמור,105,All,Rishon Letzion,Yes Planet,629
00:00,Forgotten Island,האי הנעלם,https://tickets5.planetcinema.co.il/order/331465?lang=en,https://tickets5.planetcinema.co.il/order/331465?lang=he,Regular,2D,English,,2026-09-26,2026,,,98,9+,Rishon Letzion,Yes Planet,629
23:00,At Work,בעבודה,https://tickets5.planetcinema.co.il/order/331409?lang=en,https://tickets5.planetcinema.co.il/order/331409?lang=he,Regular,2D,French,,2026-09-26,2025,,Valérie Donzelli,92,All,Rishon Letzion,Yes Planet,629
22:15,Avengers: Endgame re-release,הנוקמים: סוף המשחק - הדרן,https://tickets5.planetcinema.co.il/order/332799?lang=en,https://tickets5.planetcinema.co.il/order/332799?lang=he,VIP,2D,English,,2026-09-26,2019,,,181,All,Rishon Letzion,Yes Planet,629
23:00,crawlers,קרולרס,https://tickets5.planetcinema.co.il/order/331485?lang=en,https://tickets5.planetcinema.co.il/order/331485?lang=he,Regular,2D,English,,2026-09-26,2026,,,86,14+,Rishon Letzion,Yes Planet,629
23:45,FALL 2,תלויה באוויר 2,https://tickets5.planetcinema.co.il/order/331506?lang=en,https://tickets5.planetcinema.co.il/order/331506?lang=he,Regular,2D,English,,2026-09-26,2026,,"Michael Spierig, Peter Spierig",100,9+,Rishon Letzion,Yes Planet,629
21:50,Fast and the Furious - 25th Anniversary,מהיר ועצבני - חגיגות 25 שנה,https://tickets5.planetcinema.co.il/order/331497?lang=en,https://tickets5.planetcinema.co.il/order/331497?lang=he,Regular,2D,English,,2026-09-26,2001,,Rob Cohen,106,,Rishon Letzion,Yes Planet,629
23:45,Heart of the Beast,בלב הפרא,https://tickets5.planetcinema.co.il/order/331495?lang=en,https://tickets5.planetcinema.co.il/order/331495?lang=he,Regular,2D,English,,2026-09-26,2026,,David Ayer,101,All,Rishon Letzion,Yes Planet,629
23:30,Idiots,אדיוטים,https://tickets5.planetcinema.co.il/order/331474?lang=en,https://tickets5.planetcinema.co.il/order/331474?lang=he,Regular,2D,English,,2026-09-26,2026,,Macon Blair,98,16+,Rishon Letzion,Yes Planet,629
23:10,Obsession,אובססיה,https://tickets5.planetcinema.co.il/order/331420?lang=en,https://tickets5.planetcinema.co.il/order/331420?lang=he,Regular,2D,English,,2026-09-26,2025,,Curry Barker,110,14+,Rishon Letzion,Yes Planet,629
22:45,Orphan,יתום,https://tickets5.planetcinema.co.il/order/331448?lang=en,https://tickets5.planetcinema.co.il/order/331448?lang=he,Regular,2D,Hungarian,,2026-09-26,2025,,לאסלו נמש,132,14+,Rishon Letzion,Yes Planet,629
00:00,Primavera,פרימוורה,https://tickets5.planetcinema.co.il/order/331402?lang=en,https://tickets5.planetcinema.co.il/order/331402?lang=he,Regular,2D,Italian,,2026-09-26,2025,,דמיאנו מיקילייט,110,12+,Rishon Letzion,Yes Planet,629
23:30,Resident Evil,האויב שבפנים,https://tickets5.planetcinema.co.il/order/331417?lang=en,https://tickets5.planetcinema.co.il/order/331417?lang=he,Regular,2D,English,,2026-09-26,2026,,Zach Cregger,90,16+,Rishon Letzion,Yes Planet,629
23:50,Resident Evil,האויב שבפנים,https://tickets5.planetcinema.co.il/order/332805?lang=en,https://tickets5.planetcinema.co.il/order/332805?lang=he,VIP,2D,English,,2026-09-26,2026,,Zach Cregger,90,16+,Rishon Letzion,Yes Planet,629
00:05,RUNNER,ראנר,https://tickets5.planetcinema.co.il/order/331430?lang=en,https://tickets5.planetcinema.co.il/order/331430?lang=he,Regular,2D,Hebrew,,2026-09-26,2026,,Scott Waugh,93,12+,Rishon Letzion,Yes Planet,629
22:15,Spider-Man: Brand New Day,ספיידרמן: יום חדש,https://tickets5.planetcinema.co.il/order/331470?lang=en,https://tickets5.planetcinema.co.il/order/331470?lang=he,Regular,2D,English,,2026-09-26,2026,,Destin Daniel Cretton,140,All,Rishon Letzion,Yes Planet,629
00:00,tell me everything,עצמאות,https://tickets5.planetcinema.co.il/order/331445?lang=en,https://tickets5.planetcinema.co.il/order/331445?lang=he,Regular,2D,Hebrew,,2026-09-26,2026,,משה רוזנטל,109,12+,Rishon Letzion,Yes Planet,629
22:00,The Odyssey,האודיסאה,https://tickets5.planetcinema.co.il/order/332801?lang=en,https://tickets5.planetcinema.co.il/order/332801?lang=he,VIP,2D,English,,2026-09-26,2026,,Christopher Nolan,172,14+,Rishon Letzion,Yes Planet,629
23:00,The Odyssey,האודיסאה,https://tickets5.planetcinema.co.il/order/332943?lang=en,https://tickets5.planetcinema.co.il/order/332943?lang=he,Regular,2D IMAX,English,,2026-09-26,2026,,Christopher Nolan,172,14+,Rishon Letzion,Yes Planet,629
23:00,The Uprising,המרד,https://tickets5.planetcinema.co.il/order/331403?lang=en,https://tickets5.planetcinema.co.il/order/331403?lang=he,Regular,2D,English,,2026-09-26,2026,,Paul Greengrass,127,14+,Rishon Letzion,Yes Planet,629
10:15,Matchmaking 3,בחורים טובים 3,https://tickets5.planetcinema.co.il/order/331599?lang=en,https://tickets5.planetcinema.co.il/order/331599?lang=he,Regular,2D,Hebrew,,2026-09-27,2026,,ארז תדמור,105,All,Rishon Letzion,Yes Planet,629
12:30,Matchmaking 3,בחורים טובים 3,https://tickets5.planetcinema.co.il/order/331600?lang=en,https://tickets5.planetcinema.co.il/order/331600?lang=he,Regular,2D,Hebrew,,2026-09-27,2026,,ארז תדמור,105,All,Rishon Letzion,Yes Planet,629
14:45,Matchmaking 3,בחורים טובים 3,https://tickets5.planetcinema.co.il/order/331601?lang=en,https://tickets5.planetcinema.co.il/order/331601?lang=he,Regular,2D,Hebrew,,2026-09-27,2026,,ארז תדמור,105,All,Rishon Letzion,Yes Planet,629
17:00,Matchmaking 3,בחורים טובים 3,https://tickets5.planetcinema.co.il/order/331602?lang=en,https://tickets5.planetcinema.co.il/order/331602?lang=he,Regular,2D,Hebrew,,2026-09-27,2026,,ארז תדמור,105,All,Rishon Letzion,Yes Planet,629
19:15,Matchmaking 3,בחורים טובים 3,https://tickets5.planetcinema.co.il/order/331603?lang=en,https://tickets5.planetcinema.co.il/order/331603?lang=he,Regular,2D,Hebrew,,2026-09-27,2026,,ארז תדמור,105,All,Rishon Letzion,Yes Planet,629
21:00,Matchmaking 3,בחורים טובים 3,https://tickets5.planetcinema.co.il/order/331563?lang=en,https://tickets5.planetcinema.co.il/order/331563?lang=he,Regular,2D,Hebrew,,2026-09-27,2026,,ארז תדמור,105,All,Rishon Letzion,Yes Planet,629
21:30,Matchmaking 3,בחורים טובים 3,https://tickets5.planetcinema.co.il/order/331604?lang=en,https://tickets5.planetcinema.co.il/order/331604?lang=he,Regular,2D,Hebrew,,2026-09-27,2026,,ארז תדמור,105,All,Rishon Letzion,Yes Planet,629
18:30,Matchmaking 3,בחורים טובים 3,https://tickets5.planetcinema.co.il/order/331526?lang=en,https://tickets5.planetcinema.co.il/order/331526?lang=he,VIP,2D,Hebrew,,2026-09-27,2026,,ארז תדמור,105,All,Rishon Letzion,Yes Planet,629
21:00,Matchmaking 3,בחורים טובים 3,https://tickets5.planetcinema.co.il/order/331527?lang=en,https://tickets5.planetcinema.co.il/order/331527?lang=he,VIP,2D,Hebrew,,2026-09-27,2026,,ארז תדמור,105,All,Rishon Letzion,Yes Planet,629
10:00,Forgotten Island,האי הנעלם,https://tickets5.planetcinema.co.il/order/331565?lang=en,https://tickets5.planetcinema.co.il/order/331565?lang=he,Regular,2D,English,Hebrew,2026-09-27,2026,,,98,9+,Rishon Letzion,Yes Planet,629
10:45,Forgotten Island,האי הנעלם,https://tickets5.planetcinema.co.il/order/331573?lang=en,https://tickets5.planetcinema.co.il/order/331573?lang=he,Regular,2D,English,Hebrew,2026-09-27,2026,,,98,9+,Rishon Letzion,Yes Planet,629
13:00,Forgotten Island,האי הנעלם,https://tickets5.planetcinema.co.il/order/331574?lang=en,https://tickets5.planetcinema.co.il/order/331574?lang=he,Regular,2D,English,Hebrew,2026-09-27,2026,,,98,9+,Rishon Letzion,Yes Planet,629
15:15,Forgotten Island,האי הנעלם,https://tickets5.planetcinema.co.il/order/331575?lang=en,https://tickets5.planetcinema.co.il/order/331575?lang=he,Regular,2D,English,Hebrew,2026-09-27,2026,,,98,9+,Rishon Letzion,Yes Planet,629
17:30,Forgotten Island,האי הנעלם,https://tickets5.planetcinema.co.il/order/331576?lang=en,https://tickets5.planetcinema.co.il/order/331576?lang=he,Regular,2D,English,Hebrew,2026-09-27,2026,,,98,9+,Rishon Letzion,Yes Planet,629
19:30,Forgotten Island,האי הנעלם,https://tickets5.planetcinema.co.il/order/331610?lang=en,https://tickets5.planetcinema.co.il/order/331610?lang=he,Regular,2D,English,,2026-09-27,2026,,,98,9+,Rishon Letzion,Yes Planet,629
21:45,Forgotten Island,האי הנעלם,https://tickets5.planetcinema.co.il/order/331611?lang=en,https://tickets5.planetcinema.co.il/order/331611?lang=he,Regular,2D,English,,2026-09-27,2026,,,98,9+,Rishon Letzion,Yes Planet,629
15:45,Avengers: Endgame re-release,הנוקמים: סוף המשחק - הדרן,https://tickets5.planetcinema.co.il/order/331518?lang=en,https://tickets5.planetcinema.co.il/order/331518?lang=he,Regular,2D IMAX,English,,2026-09-27,2019,,,181,All,Rishon Letzion,Yes Planet,629
19:30,Avengers: Endgame re-release,הנוקמים: סוף המשחק - הדרן,https://tickets5.planetcinema.co.il/order/331519?lang=en,https://tickets5.planetcinema.co.il/order/331519?lang=he,Regular,2D IMAX,English,,2026-09-27,2019,,,181,All,Rishon Letzion,Yes Planet,629
16:15,Avengers: Endgame re-release,הנוקמים: סוף המשחק - הדרן,https://tickets5.planetcinema.co.il/order/331544?lang=en,https://tickets5.planetcinema.co.il/order/331544?lang=he,Regular,2D,English,,2026-09-27,2019,,,181,All,Rishon Letzion,Yes Planet,629
20:00,Avengers: Endgame re-release,הנוקמים: סוף המשחק - הדרן,https://tickets5.planetcinema.co.il/order/331543?lang=en,https://tickets5.planetcinema.co.il/order/331543?lang=he,Regular,2D,English,,2026-09-27,2019,,,181,All,Rishon Letzion,Yes Planet,629
22:45,Avengers: Endgame re-release,הנוקמים: סוף המשחק - הדרן,https://tickets5.planetcinema.co.il/order/333590?lang=en,https://tickets5.planetcinema.co.il/order/333590?lang=he,Regular,2D,English,,2026-09-27,2019,,,181,All,Rishon Letzion,Yes Planet,629
18:00,Avengers: Endgame re-release,הנוקמים: סוף המשחק - הדרן,https://tickets5.planetcinema.co.il/order/331522?lang=en,https://tickets5.planetcinema.co.il/order/331522?lang=he,VIP,2D,English,,2026-09-27,2019,,,181,All,Rishon Letzion,Yes Planet,629
21:30,Avengers: Endgame re-release,הנוקמים: סוף המשחק - הדרן,https://tickets5.planetcinema.co.il/order/331523?lang=en,https://tickets5.planetcinema.co.il/order/331523?lang=he,VIP,2D,English,,2026-09-27,2019,,,181,All,Rishon Letzion,Yes Planet,629
10:30,Avengers: Endgame re-release - Infinity Vision,הנוקמים: סוף המשחק - הדרן - Infinity Vi,https://tickets5.planetcinema.co.il/order/333007?lang=en,https://tickets5.planetcinema.co.il/order/333007?lang=he,INFINITY VISION2D,INFINITY VISION2D,English,,2026-09-27,2019,,,181,,Rishon Letzion,Yes Planet,629
14:00,Avengers: Endgame re-release - Infinity Vision,הנוקמים: סוף המשחק - הדרן - Infinity Vi,https://tickets5.planetcinema.co.il/order/333010?lang=en,https://tickets5.planetcinema.co.il/order/333010?lang=he,INFINITY VISION2D,INFINITY VISION2D,English,,2026-09-27,2019,,,181,,Rishon Letzion,Yes Planet,629
17:30,Avengers: Endgame re-release - Infinity Vision,הנוקמים: סוף המשחק - הדרן - Infinity Vi,https://tickets5.planetcinema.co.il/order/333012?lang=en,https://tickets5.planetcinema.co.il/order/333012?lang=he,INFINITY VISION2D,INFINITY VISION2D,English,,2026-09-27,2019,,,181,,Rishon Letzion,Yes Planet,629
17:30,Avengers: Endgame re-release - Infinity Vision,הנוקמים: סוף המשחק - הדרן - Infinity Vi,https://tickets5.planetcinema.co.il/order/331517?lang=en,https://tickets5.planetcinema.co.il/order/331517?lang=he,INFINITY VISIONSCREENX2D,INFINITY VISIONSCREENX2D,English,,2026-09-27,2019,,,181,,Rishon Letzion,Yes Planet,629
21:15,Avengers: Endgame re-release - Infinity Vision,הנוקמים: סוף המשחק - הדרן - Infinity Vi,https://tickets5.planetcinema.co.il/order/331516?lang=en,https://tickets5.planetcinema.co.il/order/331516?lang=he,INFINITY VISIONSCREENX2D,INFINITY VISIONSCREENX2D,English,,2026-09-27,2019,,,181,,Rishon Letzion,Yes Planet,629
21:40,Before We Leave Tuscany,להתאהב בטוסקנה,https://tickets5.planetcinema.co.il/order/331652?lang=en,https://tickets5.planetcinema.co.il/order/331652?lang=he,Regular,2D,English,,2026-09-27,,,,91,All,Rishon Letzion,Yes Planet,629
10:30,CHARLIE THE WONDERDOG,וונדר-דוג,https://tickets5.planetcinema.co.il/order/331606?lang=en,https://tickets5.planetcinema.co.il/order/331606?lang=he,Regular,2D,Hebrew,Hebrew,2026-09-27,2025,,,92,All,Rishon Letzion,Yes Planet,629
12:45,CHARLIE THE WONDERDOG,וונדר-דוג,https://tickets5.planetcinema.co.il/order/331607?lang=en,https://tickets5.planetcinema.co.il/order/331607?lang=he,Regular,2D,Hebrew,Hebrew,2026-09-27,2025,,,92,All,Rishon Letzion,Yes Planet,629
15:00,CHARLIE THE WONDERDOG,וונדר-דוג,https://tickets5.planetcinema.co.il/order/331608?lang=en,https://tickets5.planetcinema.co.il/order/331608?lang=he,Regular,2D,Hebrew,Hebrew,2026-09-27,2025,,,92,All,Rishon Letzion,Yes Planet,629
17:15,CHARLIE THE WONDERDOG,וונדר-דוג,https://tickets5.planetcinema.co.il/order/331609?lang=en,https://tickets5.planetcinema.co.il/order/331609?lang=he,Regular,2D,Hebrew,Hebrew,2026-09-27,2025,,,92,All,Rishon Letzion,Yes Planet,629
10:20,Coyote vs. Acme,קיוטי נגד אקמי,https://tickets5.planetcinema.co.il/order/331581?lang=en,https://tickets5.planetcinema.co.il/order/331581?lang=he,Regular,2D,English,Hebrew,2026-09-27,2026,,,101,All,Rishon Letzion,Yes Planet,629
16:40,crawlers,קרולרס,https://tickets5.planetcinema.co.il/order/331625?lang=en,https://tickets5.planetcinema.co.il/order/331625?lang=he,Regular,2D,English,,2026-09-27,2026,,,86,14+,Rishon Letzion,Yes Planet,629
18:35,crawlers,קרולרס,https://tickets5.planetcinema.co.il/order/331626?lang=en,https://tickets5.planetcinema.co.il/order/331626?lang=he,Regular,2D,English,,2026-09-27,2026,,,86,14+,Rishon Letzion,Yes Planet,629
20:30,crawlers,קרולרס,https://tickets5.planetcinema.co.il/order/331627?lang=en,https://tickets5.planetcinema.co.il/order/331627?lang=he,Regular,2D,English,,2026-09-27,2026,,,86,14+,Rishon Letzion,Yes Planet,629
22:30,crawlers,קרולרס,https://tickets5.planetcinema.co.il/order/331649?lang=en,https://tickets5.planetcinema.co.il/order/331649?lang=he,Regular,2D,English,,2026-09-27,2026,,,86,14+,Rishon Letzion,Yes Planet,629
18:40,FALL 2,תלויה באוויר 2,https://tickets5.planetcinema.co.il/order/331651?lang=en,https://tickets5.planetcinema.co.il/order/331651?lang=he,Regular,2D,English,,2026-09-27,2026,,"Michael Spierig, Peter Spierig",100,9+,Rishon Letzion,Yes Planet,629
16:15,Fast and the Furious - 25th Anniversary,מהיר ועצבני - חגיגות 25 שנה,https://tickets5.planetcinema.co.il/order/331557?lang=en,https://tickets5.planetcinema.co.il/order/331557?lang=he,Regular,2D,English,,2026-09-27,2001,,Rob Cohen,106,,Rishon Letzion,Yes Planet,629
22:00,Fast and the Furious - 25th Anniversary,מהיר ועצבני - חגיגות 25 שנה,https://tickets5.planetcinema.co.il/order/331638?lang=en,https://tickets5.planetcinema.co.il/order/331638?lang=he,Regular,2D,English,,2026-09-27,2001,,Rob Cohen,106,,Rishon Letzion,Yes Planet,629
23:30,Fast and the Furious - 25th Anniversary,מהיר ועצבני - חגיגות 25 שנה,https://tickets5.planetcinema.co.il/order/333588?lang=en,https://tickets5.planetcinema.co.il/order/333588?lang=he,Regular,2D,English,,2026-09-27,2001,,Rob Cohen,106,,Rishon Letzion,Yes Planet,629
10:15,Heart of the Beast,בלב הפרא,https://tickets5.planetcinema.co.il/order/331631?lang=en,https://tickets5.planetcinema.co.il/order/331631?lang=he,Regular,2D,English,,2026-09-27,2026,,David Ayer,101,All,Rishon Letzion,Yes Planet,629
12:30,Heart of the Beast,בלב הפרא,https://tickets5.planetcinema.co.il/order/331632?lang=en,https://tickets5.planetcinema.co.il/order/331632?lang=he,Regular,2D,English,,2026-09-27,2026,,David Ayer,101,All,Rishon Letzion,Yes Planet,629
14:45,Heart of the Beast,בלב הפרא,https://tickets5.planetcinema.co.il/order/331633?lang=en,https://tickets5.planetcinema.co.il/order/331633?lang=he,Regular,2D,English,,2026-09-27,2026,,David Ayer,101,All,Rishon Letzion,Yes Planet,629
17:00,Heart of the Beast,בלב הפרא,https://tickets5.planetcinema.co.il/order/331634?lang=en,https://tickets5.planetcinema.co.il/order/331634?lang=he,Regular,2D,English,,2026-09-27,2026,,David Ayer,101,All,Rishon Letzion,Yes Planet,629
19:15,Heart of the Beast,בלב הפרא,https://tickets5.planetcinema.co.il/order/331635?lang=en,https://tickets5.planetcinema.co.il/order/331635?lang=he,Regular,2D,English,,2026-09-27,2026,,David Ayer,101,All,Rishon Letzion,Yes Planet,629
21:30,Heart of the Beast,בלב הפרא,https://tickets5.planetcinema.co.il/order/331636?lang=en,https://tickets5.planetcinema.co.il/order/331636?lang=he,Regular,2D,English,,2026-09-27,2026,,David Ayer,101,All,Rishon Letzion,Yes Planet,629
23:20,Heart of the Beast,בלב הפרא,https://tickets5.planetcinema.co.il/order/333585?lang=en,https://tickets5.planetcinema.co.il/order/333585?lang=he,Regular,2D,English,,2026-09-27,2026,,David Ayer,101,All,Rishon Letzion,Yes Planet,629
17:00,Heart of the Beast,בלב הפרא,https://tickets5.planetcinema.co.il/order/331530?lang=en,https://tickets5.planetcinema.co.il/order/331530?lang=he,VIP,2D,English,,2026-09-27,2026,,David Ayer,101,All,Rishon Letzion,Yes Planet,629
19:30,Heart of the Beast,בלב הפרא,https://tickets5.planetcinema.co.il/order/331529?lang=en,https://tickets5.planetcinema.co.il/order/331529?lang=he,VIP,2D,English,,2026-09-27,2026,,David Ayer,101,All,Rishon Letzion,Yes Planet,629
22:00,Heart of the Beast,בלב הפרא,https://tickets5.planetcinema.co.il/order/331531?lang=en,https://tickets5.planetcinema.co.il/order/331531?lang=he,VIP,2D,English,,2026-09-27,2026,,David Ayer,101,All,Rishon Letzion,Yes Planet,629
19:30,Hill 338,גבעה 338,https://tickets5.planetcinema.co.il/order/331645?lang=en,https://tickets5.planetcinema.co.il/order/331645?lang=he,Regular,2D,Hebrew,,2026-09-27,2026,,ארז בן הרוש,106,9+,Rishon Letzion,Yes Planet,629
17:20,KUPA RASHIT,קופה ראשית,https://tickets5.planetcinema.co.il/order/331653?lang=en,https://tickets5.planetcinema.co.il/order/331653?lang=he,Regular,2D,Hebrew,,2026-09-27,2026,,,91,All,Rishon Letzion,Yes Planet,629
22:30,KUPA RASHIT,קופה ראשית,https://tickets5.planetcinema.co.il/order/331701?lang=en,https://tickets5.planetcinema.co.il/order/331701?lang=he,Regular,2D,Hebrew,,2026-09-27,2026,,,91,All,Rishon Letzion,Yes Planet,629
10:15,Land of Someitmes,אספן המשאלות,https://tickets5.planetcinema.co.il/order/331545?lang=en,https://tickets5.planetcinema.co.il/order/331545?lang=he,Regular,2D,Hebrew,Hebrew,2026-09-27,2026,,,93,All,Rishon Letzion,Yes Planet,629
12:30,Land of Someitmes,אספן המשאלות,https://tickets5.planetcinema.co.il/order/331546?lang=en,https://tickets5.planetcinema.co.il/order/331546?lang=he,Regular,2D,Hebrew,Hebrew,2026-09-27,2026,,,93,All,Rishon Letzion,Yes Planet,629
14:30,Land of Someitmes,אספן המשאלות,https://tickets5.planetcinema.co.il/order/331547?lang=en,https://tickets5.planetcinema.co.il/order/331547?lang=he,Regular,2D,Hebrew,Hebrew,2026-09-27,2026,,,93,All,Rishon Letzion,Yes Planet,629
16:45,Land of Someitmes,אספן המשאלות,https://tickets5.planetcinema.co.il/order/331619?lang=en,https://tickets5.planetcinema.co.il/order/331619?lang=he,Regular,2D,Hebrew,Hebrew,2026-09-27,2026,,,93,All,Rishon Letzion,Yes Planet,629
19:30,Magshimim,תיכון מגשימים,https://tickets5.planetcinema.co.il/order/331572?lang=en,https://tickets5.planetcinema.co.il/order/331572?lang=he,Regular,2D,Hebrew,,2026-09-27,2026,,,100,12+,Rishon Letzion,Yes Planet,629
12:15,Minions & Monsters,מיניונים ומפלצות,https://tickets5.planetcinema.co.il/order/331567?lang=en,https://tickets5.planetcinema.co.il/order/331567?lang=he,Regular,2D,English,Hebrew,2026-09-27,2026,,,90,All,Rishon Letzion,Yes Planet,629
12:30,Moana Live Action,מואנה לייב אקשן,https://tickets5.planetcinema.co.il/order/331622?lang=en,https://tickets5.planetcinema.co.il/order/331622?lang=he,Regular,2D,English,Hebrew,2026-09-27,2026,,,120,All,Rishon Letzion,Yes Planet,629
17:00,Orphan,יתום,https://tickets5.planetcinema.co.il/order/331593?lang=en,https://tickets5.planetcinema.co.il/order/331593?lang=he,Regular,2D,Hungarian,,2026-09-27,2025,,לאסלו נמש,132,14+,Rishon Letzion,Yes Planet,629
19:40,Orphan,יתום,https://tickets5.planetcinema.co.il/order/331594?lang=en,https://tickets5.planetcinema.co.il/order/331594?lang=he,Regular,2D,Hungarian,,2026-09-27,2025,,לאסלו נמש,132,14+,Rishon Letzion,Yes Planet,629
21:45,Orphan,יתום,https://tickets5.planetcinema.co.il/order/331681?lang=en,https://tickets5.planetcinema.co.il/order/331681?lang=he,Regular,2D,Hungarian,,2026-09-27,2025,,לאסלו נמש,132,14+,Rishon Letzion,Yes Planet,629
10:10,Paw Patrol: The Dino Movie,מפרץ ההרפתקאות: אי הדינוזאורים,https://tickets5.planetcinema.co.il/order/331555?lang=en,https://tickets5.planetcinema.co.il/order/331555?lang=he,Regular,2D,Hebrew,Hebrew,2026-09-27,2026,,,90,All,Rishon Letzion,Yes Planet,629
14:10,Paw Patrol: The Dino Movie,מפרץ ההרפתקאות: אי הדינוזאורים,https://tickets5.planetcinema.co.il/order/331556?lang=en,https://tickets5.planetcinema.co.il/order/331556?lang=he,Regular,2D,Hebrew,Hebrew,2026-09-27,2026,,,90,All,Rishon Letzion,Yes Planet,629
14:00,Practical Magic 2,קסם מעשי 2,https://tickets5.planetcinema.co.il/order/331648?lang=en,https://tickets5.planetcinema.co.il/order/331648?lang=he,Regular,2D,English,,2026-09-27,2026,,Susanne Bier,130,All,Rishon Letzion,Yes Planet,629
18:45,Practical Magic 2,קסם מעשי 2,https://tickets5.planetcinema.co.il/order/331640?lang=en,https://tickets5.planetcinema.co.il/order/331640?lang=he,Regular,2D,English,,2026-09-27,2026,,Susanne Bier,130,All,Rishon Letzion,Yes Planet,629
16:30,Primavera,פרימוורה,https://tickets5.planetcinema.co.il/order/331548?lang=en,https://tickets5.planetcinema.co.il/order/331548?lang=he,Regular,2D,Italian,,2026-09-27,2025,,דמיאנו מיקילייט,110,12+,Rishon Letzion,Yes Planet,629
19:00,Primavera,פרימוורה,https://tickets5.planetcinema.co.il/order/331549?lang=en,https://tickets5.planetcinema.co.il/order/331549?lang=he,Regular,2D,Italian,,2026-09-27,2025,,דמיאנו מיקילייט,110,12+,Rishon Letzion,Yes Planet,629
21:30,Primavera,פרימוורה,https://tickets5.planetcinema.co.il/order/331550?lang=en,https://tickets5.planetcinema.co.il/order/331550?lang=he,Regular,2D,Italian,,2026-09-27,2025,,דמיאנו מיקילייט,110,12+,Rishon Letzion,Yes Planet,629
10:00,Resident Evil,האויב שבפנים,https://tickets5.planetcinema.co.il/order/333714?lang=en,https://tickets5.planetcinema.co.il/order/333714?lang=he,Regular,2D IMAX,English,,2026-09-27,2026,,Zach Cregger,90,16+,Rishon Letzion,Yes Planet,629
15:00,Resident Evil,האויב שבפנים,https://tickets5.planetcinema.co.il/order/331525?lang=en,https://tickets5.planetcinema.co.il/order/331525?lang=he,Regular,2D ScreenX,English,,2026-09-27,2026,,Zach Cregger,90,16+,Rishon Letzion,Yes Planet,629
16:45,Resident Evil,האויב שבפנים,https://tickets5.planetcinema.co.il/order/331560?lang=en,https://tickets5.planetcinema.co.il/order/331560?lang=he,Regular,2D,English,,2026-09-27,2026,,Zach Cregger,90,16+,Rishon Letzion,Yes Planet,629
20:45,Resident Evil,האויב שבפנים,https://tickets5.planetcinema.co.il/order/331559?lang=en,https://tickets5.planetcinema.co.il/order/331559?lang=he,Regular,2D,English,,2026-09-27,2026,,Zach Cregger,90,16+,Rishon Letzion,Yes Planet,629
12:30,Sentimental Value,ערך סנטימנטלי,https://tickets5.planetcinema.co.il/order/331570?lang=en,https://tickets5.planetcinema.co.il/order/331570?lang=he,Regular,2D,Norwegian,,2026-09-27,2025,,יואכים טרייר,133,All,Rishon Letzion,Yes Planet,629
10:15,Spider-Man: Brand New Day,ספיידרמן: יום חדש,https://tickets5.planetcinema.co.il/order/331613?lang=en,https://tickets5.planetcinema.co.il/order/331613?lang=he,Regular,2D,English,,2026-09-27,2026,,Destin Daniel Cretton,140,All,Rishon Letzion,Yes Planet,629
11:00,Spider-Man: Brand New Day,ספיידרמן: יום חדש,https://tickets5.planetcinema.co.il/order/331561?lang=en,https://tickets5.planetcinema.co.il/order/331561?lang=he,Regular,2D,English,,2026-09-27,2026,,Destin Daniel Cretton,140,All,Rishon Letzion,Yes Planet,629
13:15,Spider-Man: Brand New Day,ספיידרמן: יום חדש,https://tickets5.planetcinema.co.il/order/331614?lang=en,https://tickets5.planetcinema.co.il/order/331614?lang=he,Regular,2D,English,,2026-09-27,2026,,Destin Daniel Cretton,140,All,Rishon Letzion,Yes Planet,629
14:00,Spider-Man: Brand New Day,ספיידרמן: יום חדש,https://tickets5.planetcinema.co.il/order/331562?lang=en,https://tickets5.planetcinema.co.il/order/331562?lang=he,Regular,2D,English,,2026-09-27,2026,,Destin Daniel Cretton,140,All,Rishon Letzion,Yes Planet,629
16:15,Spider-Man: Brand New Day,ספיידרמן: יום חדש,https://tickets5.planetcinema.co.il/order/332398?lang=en,https://tickets5.planetcinema.co.il/order/332398?lang=he,Regular,2D,English,,2026-09-27,2026,,Destin Daniel Cretton,140,All,Rishon Letzion,Yes Planet,629
19:15,Spider-Man: Brand New Day,ספיידרמן: יום חדש,https://tickets5.planetcinema.co.il/order/331615?lang=en,https://tickets5.planetcinema.co.il/order/331615?lang=he,Regular,2D,English,,2026-09-27,2026,,Destin Daniel Cretton,140,All,Rishon Letzion,Yes Planet,629
22:15,Spider-Man: Brand New Day,ספיידרמן: יום חדש,https://tickets5.planetcinema.co.il/order/331616?lang=en,https://tickets5.planetcinema.co.il/order/331616?lang=he,Regular,2D,English,,2026-09-27,2026,,Destin Daniel Cretton,140,All,Rishon Letzion,Yes Planet,629
23:15,Spider-Man: Brand New Day,ספיידרמן: יום חדש,https://tickets5.planetcinema.co.il/order/333587?lang=en,https://tickets5.planetcinema.co.il/order/333587?lang=he,Regular,2D,English,,2026-09-27,2026,,Destin Daniel Cretton,140,All,Rishon Letzion,Yes Planet,629
12:00,Spider-Man: Brand New Day,ספיידרמן: יום חדש,https://tickets5.planetcinema.co.il/order/331524?lang=en,https://tickets5.planetcinema.co.il/order/331524?lang=he,Regular,2D ScreenX,English,,2026-09-27,2026,,Destin Daniel Cretton,140,All,Rishon Letzion,Yes Planet,629
10:30,Spinned,מרגלים מהאגדות,https://tickets5.planetcinema.co.il/order/331596?lang=en,https://tickets5.planetcinema.co.il/order/331596?lang=he,Regular,2D,Hebrew,Hebrew,2026-09-27,2025,,,96,All,Rishon Letzion,Yes Planet,629
12:45,Spinned,מרגלים מהאגדות,https://tickets5.planetcinema.co.il/order/331597?lang=en,https://tickets5.planetcinema.co.il/order/331597?lang=he,Regular,2D,Hebrew,Hebrew,2026-09-27,2025,,,96,All,Rishon Letzion,Yes Planet,629
15:00,Spinned,מרגלים מהאגדות,https://tickets5.planetcinema.co.il/order/331598?lang=en,https://tickets5.planetcinema.co.il/order/331598?lang=he,Regular,2D,Hebrew,Hebrew,2026-09-27,2025,,,96,All,Rishon Letzion,Yes Planet,629
17:15,Spinned,מרגלים מהאגדות,https://tickets5.planetcinema.co.il/order/331617?lang=en,https://tickets5.planetcinema.co.il/order/331617?lang=he,Regular,2D,Hebrew,Hebrew,2026-09-27,2025,,,96,All,Rishon Letzion,Yes Planet,629
21:05,Sunny Dancer,חולים על החיים,https://tickets5.planetcinema.co.il/order/331553?lang=en,https://tickets5.planetcinema.co.il/order/331553?lang=he,Regular,2D,English,,2026-09-27,2026,,ג'ורג' ג'ייקס,106,12+,Rishon Letzion,Yes Planet,629
12:30,Tad and the Magic Lamp,טד החוקר ומנורת הקסמים,https://tickets5.planetcinema.co.il/order/331579?lang=en,https://tickets5.planetcinema.co.il/order/331579?lang=he,Regular,2D,Hebrew,Hebrew,2026-09-27,2026,,,94,All,Rishon Letzion,Yes Planet,629
14:15,Tad and the Magic Lamp,טד החוקר ומנורת הקסמים,https://tickets5.planetcinema.co.il/order/331568?lang=en,https://tickets5.planetcinema.co.il/order/331568?lang=he,Regular,2D,Hebrew,Hebrew,2026-09-27,2026,,,94,All,Rishon Letzion,Yes Planet,629
15:00,Tafiti: Across the Desert,טפיטי: הרפתקה במדבר,https://tickets5.planetcinema.co.il/order/331621?lang=en,https://tickets5.planetcinema.co.il/order/331621?lang=he,Regular,2D,Hebrew,Hebrew,2026-09-27,2025,,,81,All,Rishon Letzion,Yes Planet,629
10:00,tell me everything,עצמאות,https://tickets5.planetcinema.co.il/order/331586?lang=en,https://tickets5.planetcinema.co.il/order/331586?lang=he,Regular,2D,Hebrew,,2026-09-27,2026,,משה רוזנטל,109,12+,Rishon Letzion,Yes Planet,629
12:20,tell me everything,עצמאות,https://tickets5.planetcinema.co.il/order/331587?lang=en,https://tickets5.planetcinema.co.il/order/331587?lang=he,Regular,2D,Hebrew,,2026-09-27,2026,,משה רוזנטל,109,12+,Rishon Letzion,Yes Planet,629
14:40,tell me everything,עצמאות,https://tickets5.planetcinema.co.il/order/331588?lang=en,https://tickets5.planetcinema.co.il/order/331588?lang=he,Regular,2D,Hebrew,,2026-09-27,2026,,משה רוזנטל,109,12+,Rishon Letzion,Yes Planet,629
17:00,tell me everything,עצמאות,https://tickets5.planetcinema.co.il/order/331589?lang=en,https://tickets5.planetcinema.co.il/order/331589?lang=he,Regular,2D,Hebrew,,2026-09-27,2026,,משה רוזנטל,109,12+,Rishon Letzion,Yes Planet,629
19:20,tell me everything,עצמאות,https://tickets5.planetcinema.co.il/order/331590?lang=en,https://tickets5.planetcinema.co.il/order/331590?lang=he,Regular,2D,Hebrew,,2026-09-27,2026,,משה רוזנטל,109,12+,Rishon Letzion,Yes Planet,629
21:40,tell me everything,עצמאות,https://tickets5.planetcinema.co.il/order/331591?lang=en,https://tickets5.planetcinema.co.il/order/331591?lang=he,Regular,2D,Hebrew,,2026-09-27,2026,,משה רוזנטל,109,12+,Rishon Letzion,Yes Planet,629
17:30,tell me everything,עצמאות,https://tickets5.planetcinema.co.il/order/331532?lang=en,https://tickets5.planetcinema.co.il/order/331532?lang=he,VIP,2D,Hebrew,,2026-09-27,2026,,משה רוזנטל,109,12+,Rishon Letzion,Yes Planet,629
20:00,tell me everything,עצמאות,https://tickets5.planetcinema.co.il/order/331533?lang=en,https://tickets5.planetcinema.co.il/order/331533?lang=he,VIP,2D,Hebrew,,2026-09-27,2026,,משה רוזנטל,109,12+,Rishon Letzion,Yes Planet,629
22:30,tell me everything,עצמאות,https://tickets5.planetcinema.co.il/order/331534?lang=en,https://tickets5.planetcinema.co.il/order/331534?lang=he,VIP,2D,Hebrew,,2026-09-27,2026,,משה רוזנטל,109,12+,Rishon Letzion,Yes Planet,629
12:10,THE DESERT CHILD,ילד המדבר,https://tickets5.planetcinema.co.il/order/331554?lang=en,https://tickets5.planetcinema.co.il/order/331554?lang=he,Regular,2D,Hebrew,Hebrew,2026-09-27,2026,,Gilles de Maistre,92,All,Rishon Letzion,Yes Planet,629
21:30,THE LUCKIEST MAN IN AMERICA,איש החידות,https://tickets5.planetcinema.co.il/order/331639?lang=en,https://tickets5.planetcinema.co.il/order/331639?lang=he,Regular,2D,English,,2026-09-27,2024,,Samir Oliveros,91,All,Rishon Letzion,Yes Planet,629
11:00,The Odyssey,האודיסאה,https://tickets5.planetcinema.co.il/order/331582?lang=en,https://tickets5.planetcinema.co.il/order/331582?lang=he,Regular,2D,English,,2026-09-27,2026,,Christopher Nolan,172,14+,Rishon Letzion,Yes Planet,629
14:30,The Odyssey,האודיסאה,https://tickets5.planetcinema.co.il/order/331583?lang=en,https://tickets5.planetcinema.co.il/order/331583?lang=he,Regular,2D,English,,2026-09-27,2026,,Christopher Nolan,172,14+,Rishon Letzion,Yes Planet,629
18:00,The Odyssey,האודיסאה,https://tickets5.planetcinema.co.il/order/331584?lang=en,https://tickets5.planetcinema.co.il/order/331584?lang=he,Regular,2D,English,,2026-09-27,2026,,Christopher Nolan,172,14+,Rishon Letzion,Yes Planet,629
21:30,The Odyssey,האודיסאה,https://tickets5.planetcinema.co.il/order/331585?lang=en,https://tickets5.planetcinema.co.il/order/331585?lang=he,Regular,2D,English,,2026-09-27,2026,,Christopher Nolan,172,14+,Rishon Letzion,Yes Planet,629
12:15,The Odyssey,האודיסאה,https://tickets5.planetcinema.co.il/order/332950?lang=en,https://tickets5.planetcinema.co.il/order/332950?lang=he,Regular,2D IMAX,English,,2026-09-27,2026,,Christopher Nolan,172,14+,Rishon Letzion,Yes Planet,629
23:00,The Odyssey,האודיסאה,https://tickets5.planetcinema.co.il/order/333567?lang=en,https://tickets5.planetcinema.co.il/order/333567?lang=he,Regular,2D IMAX,English,,2026-09-27,2026,,Christopher Nolan,172,14+,Rishon Letzion,Yes Planet,629
10:00,THE POUT POUT FISH,דג ושמו באסה,https://tickets5.planetcinema.co.il/order/331623?lang=en,https://tickets5.planetcinema.co.il/order/331623?lang=he,Regular,2D,Hebrew,Hebrew,2026-09-27,2026,,,93,All,Rishon Letzion,Yes Planet,629
12:00,THE POUT POUT FISH,דג ושמו באסה,https://tickets5.planetcinema.co.il/order/331624?lang=en,https://tickets5.planetcinema.co.il/order/331624?lang=he,Regular,2D,Hebrew,Hebrew,2026-09-27,2026,,,93,All,Rishon Letzion,Yes Planet,629
18:30,The Uprising,המרד,https://tickets5.planetcinema.co.il/order/331650?lang=en,https://tickets5.planetcinema.co.il/order/331650?lang=he,Regular,2D,English,,2026-09-27,2026,,Paul Greengrass,127,14+,Rishon Letzion,Yes Planet,629
10:15,Toy Story 5,צעצוע של סיפור 5,https://tickets5.planetcinema.co.il/order/331630?lang=en,https://tickets5.planetcinema.co.il/order/331630?lang=he,Regular,2D,English,Hebrew,2026-09-27,2026,,,102,All,Rishon Letzion,Yes Planet,629
15:10,Toy Story 5,צעצוע של סיפור 5,https://tickets5.planetcinema.co.il/order/331571?lang=en,https://tickets5.planetcinema.co.il/order/331571?lang=he,Regular,2D,English,Hebrew,2026-09-27,2026,,,102,All,Rishon Letzion,Yes Planet,629
10:00,Valley of Shadows,בחזרה מההימלאיה,https://tickets5.planetcinema.co.il/order/331620?lang=en,https://tickets5.planetcinema.co.il/order/331620?lang=he,Regular,2D,Spanish,,2026-09-27,2023,,Salvador Calvo,120,12+,Rishon Letzion,Yes Planet,629
14:40,Valley of Shadows,בחזרה מההימלאיה,https://tickets5.planetcinema.co.il/order/331578?lang=en,https://tickets5.planetcinema.co.il/order/331578?lang=he,Regular,2D,Spanish,,2026-09-27,2023,,Salvador Calvo,120,12+,Rishon Letzion,Yes Planet,629
10:15,Matchmaking 3,בחורים טובים 3,https://tickets5.planetcinema.co.il/order/331785?lang=en,https://tickets5.planetcinema.co.il/order/331785?lang=he,Regular,2D,Hebrew,,2026-09-28,2026,,ארז תדמור,105,All,Rishon Letzion,Yes Planet,629
12:30,Matchmaking 3,בחורים טובים 3,https://tickets5.planetcinema.co.il/order/331786?lang=en,https://tickets5.planetcinema.co.il/order/331786?lang=he,Regular,2D,Hebrew,,2026-09-28,2026,,ארז תדמור,105,All,Rishon Letzion,Yes Planet,629
14:45,Matchmaking 3,בחורים טובים 3,https://tickets5.planetcinema.co.il/order/331787?lang=en,https://tickets5.planetcinema.co.il/order/331787?lang=he,Regular,2D,Hebrew,,2026-09-28,2026,,ארז תדמור,105,All,Rishon Letzion,Yes Planet,629
17:00,Matchmaking 3,בחורים טובים 3,https://tickets5.planetcinema.co.il/order/331788?lang=en,https://tickets5.planetcinema.co.il/order/331788?lang=he,Regular,2D,Hebrew,,2026-09-28,2026,,ארז תדמור,105,All,Rishon Letzion,Yes Planet,629
19:15,Matchmaking 3,בחורים טובים 3,https://tickets5.planetcinema.co.il/order/331789?lang=en,https://tickets5.planetcinema.co.il/order/331789?lang=he,Regular,2D,Hebrew,,2026-09-28,2026,,ארז תדמור,105,All,Rishon Letzion,Yes Planet,629
21:00,Matchmaking 3,בחורים טובים 3,https://tickets5.planetcinema.co.il/order/331755?lang=en,https://tickets5.planetcinema.co.il/order/331755?lang=he,Regular,2D,Hebrew,,2026-09-28,2026,,ארז תדמור,105,All,Rishon Letzion,Yes Planet,629
21:30,Matchmaking 3,בחורים טובים 3,https://tickets5.planetcinema.co.il/order/331790?lang=en,https://tickets5.planetcinema.co.il/order/331790?lang=he,Regular,2D,Hebrew,,2026-09-28,2026,,ארז תדמור,105,All,Rishon Letzion,Yes Planet,629
18:30,Matchmaking 3,בחורים טובים 3,https://tickets5.planetcinema.co.il/order/331730?lang=en,https://tickets5.planetcinema.co.il/order/331730?lang=he,VIP,2D,Hebrew,,2026-09-28,2026,,ארז תדמור,105,All,Rishon Letzion,Yes Planet,629
21:00,Matchmaking 3,בחורים טובים 3,https://tickets5.planetcinema.co.il/order/331731?lang=en,https://tickets5.planetcinema.co.il/order/331731?lang=he,VIP,2D,Hebrew,,2026-09-28,2026,,ארז תדמור,105,All,Rishon Letzion,Yes Planet,629
10:00,Forgotten Island,האי הנעלם,https://tickets5.planetcinema.co.il/order/331756?lang=en,https://tickets5.planetcinema.co.il/order/331756?lang=he,Regular,2D,English,Hebrew,2026-09-28,2026,,,98,9+,Rishon Letzion,Yes Planet,629
10:45,Forgotten Island,האי הנעלם,https://tickets5.planetcinema.co.il/order/331762?lang=en,https://tickets5.planetcinema.co.il/order/331762?lang=he,Regular,2D,English,Hebrew,2026-09-28,2026,,,98,9+,Rishon Letzion,Yes Planet,629
13:00,Forgotten Island,האי הנעלם,https://tickets5.planetcinema.co.il/order/331764?lang=en,https://tickets5.planetcinema.co.il/order/331764?lang=he,Regular,2D,English,Hebrew,2026-09-28,2026,,,98,9+,Rishon Letzion,Yes Planet,629
15:15,Forgotten Island,האי הנעלם,https://tickets5.planetcinema.co.il/order/331765?lang=en,https://tickets5.planetcinema.co.il/order/331765?lang=he,Regular,2D,English,Hebrew,2026-09-28,2026,,,98,9+,Rishon Letzion,Yes Planet,629
17:30,Forgotten Island,האי הנעלם,https://tickets5.planetcinema.co.il/order/331766?lang=en,https://tickets5.planetcinema.co.il/order/331766?lang=he,Regular,2D,English,Hebrew,2026-09-28,2026,,,98,9+,Rishon Letzion,Yes Planet,629
19:30,Forgotten Island,האי הנעלם,https://tickets5.planetcinema.co.il/order/331795?lang=en,https://tickets5.planetcinema.co.il/order/331795?lang=he,Regular,2D,English,,2026-09-28,2026,,,98,9+,Rishon Letzion,Yes Planet,629
21:45,Forgotten Island,האי הנעלם,https://tickets5.planetcinema.co.il/order/331796?lang=en,https://tickets5.planetcinema.co.il/order/331796?lang=he,Regular,2D,English,,2026-09-28,2026,,,98,9+,Rishon Letzion,Yes Planet,629
15:45,Avengers: Endgame re-release,הנוקמים: סוף המשחק - הדרן,https://tickets5.planetcinema.co.il/order/331724?lang=en,https://tickets5.planetcinema.co.il/order/331724?lang=he,Regular,2D IMAX,English,,2026-09-28,2019,,,181,All,Rishon Letzion,Yes Planet,629
19:30,Avengers: Endgame re-release,הנוקמים: סוף המשחק - הדרן,https://tickets5.planetcinema.co.il/order/331725?lang=en,https://tickets5.planetcinema.co.il/order/331725?lang=he,Regular,2D IMAX,English,,2026-09-28,2019,,,181,All,Rishon Letzion,Yes Planet,629
16:15,Avengers: Endgame re-release,הנוקמים: סוף המשחק - הדרן,https://tickets5.planetcinema.co.il/order/331739?lang=en,https://tickets5.planetcinema.co.il/order/331739?lang=he,Regular,2D,English,,2026-09-28,2019,,,181,All,Rishon Letzion,Yes Planet,629
20:00,Avengers: Endgame re-release,הנוקמים: סוף המשחק - הדרן,https://tickets5.planetcinema.co.il/order/331738?lang=en,https://tickets5.planetcinema.co.il/order/331738?lang=he,Regular,2D,English,,2026-09-28,2019,,,181,All,Rishon Letzion,Yes Planet,629
22:45,Avengers: Endgame re-release,הנוקמים: סוף המשחק - הדרן,https://tickets5.planetcinema.co.il/order/333591?lang=en,https://tickets5.planetcinema.co.il/order/333591?lang=he,Regular,2D,English,,2026-09-28,2019,,,181,All,Rishon Letzion,Yes Planet,629
18:00,Avengers: Endgame re-release,הנוקמים: סוף המשחק - הדרן,https://tickets5.planetcinema.co.il/order/331726?lang=en,https://tickets5.planetcinema.co.il/order/331726?lang=he,VIP,2D,English,,2026-09-28,2019,,,181,All,Rishon Letzion,Yes Planet,629
21:30,Avengers: Endgame re-release,הנוקמים: סוף המשחק - הדרן,https://tickets5.planetcinema.co.il/order/331727?lang=en,https://tickets5.planetcinema.co.il/order/331727?lang=he,VIP,2D,English,,2026-09-28,2019,,,181,All,Rishon Letzion,Yes Planet,629
10:30,Avengers: Endgame re-release - Infinity Vision,הנוקמים: סוף המשחק - הדרן - Infinity Vi,https://tickets5.planetcinema.co.il/order/333016?lang=en,https://tickets5.planetcinema.co.il/order/333016?lang=he,INFINITY VISION2D,INFINITY VISION2D,English,,2026-09-28,2019,,,181,,Rishon Letzion,Yes Planet,629
14:00,Avengers: Endgame re-release - Infinity Vision,הנוקמים: סוף המשחק - הדרן - Infinity Vi,https://tickets5.planetcinema.co.il/order/333038?lang=en,https://tickets5.planetcinema.co.il/order/333038?lang=he,INFINITY VISION2D,INFINITY VISION2D,English,,2026-09-28,2019,,,181,,Rishon Letzion,Yes Planet,629
17:30,Avengers: Endgame re-release - Infinity Vision,הנוקמים: סוף המשחק - הדרן - Infinity Vi,https://tickets5.planetcinema.co.il/order/333039?lang=en,https://tickets5.planetcinema.co.il/order/333039?lang=he,INFINITY VISION2D,INFINITY VISION2D,English,,2026-09-28,2019,,,181,,Rishon Letzion,Yes Planet,629
17:30,Avengers: Endgame re-release - Infinity Vision,הנוקמים: סוף המשחק - הדרן - Infinity Vi,https://tickets5.planetcinema.co.il/order/331723?lang=en,https://tickets5.planetcinema.co.il/order/331723?lang=he,INFINITY VISIONSCREENX2D,INFINITY VISIONSCREENX2D,English,,2026-09-28,2019,,,181,,Rishon Letzion,Yes Planet,629
21:15,Avengers: Endgame re-release - Infinity Vision,הנוקמים: סוף המשחק - הדרן - Infinity Vi,https://tickets5.planetcinema.co.il/order/331722?lang=en,https://tickets5.planetcinema.co.il/order/331722?lang=he,INFINITY VISIONSCREENX2D,INFINITY VISIONSCREENX2D,English,,2026-09-28,2019,,,181,,Rishon Letzion,Yes Planet,629
22:20,Before We Leave Tuscany,להתאהב בטוסקנה,https://tickets5.planetcinema.co.il/order/331827?lang=en,https://tickets5.planetcinema.co.il/order/331827?lang=he,Regular,2D,English,,2026-09-28,,,,91,All,Rishon Letzion,Yes Planet,629
10:30,CHARLIE THE WONDERDOG,וונדר-דוג,https://tickets5.planetcinema.co.il/order/331791?lang=en,https://tickets5.planetcinema.co.il/order/331791?lang=he,Regular,2D,Hebrew,Hebrew,2026-09-28,2025,,,92,All,Rishon Letzion,Yes Planet,629
12:45,CHARLIE THE WONDERDOG,וונדר-דוג,https://tickets5.planetcinema.co.il/order/331792?lang=en,https://tickets5.planetcinema.co.il/order/331792?lang=he,Regular,2D,Hebrew,Hebrew,2026-09-28,2025,,,92,All,Rishon Letzion,Yes Planet,629
15:00,CHARLIE THE WONDERDOG,וונדר-דוג,https://tickets5.planetcinema.co.il/order/331793?lang=en,https://tickets5.planetcinema.co.il/order/331793?lang=he,Regular,2D,Hebrew,Hebrew,2026-09-28,2025,,,92,All,Rishon Letzion,Yes Planet,629
17:15,CHARLIE THE WONDERDOG,וונדר-דוג,https://tickets5.planetcinema.co.il/order/331794?lang=en,https://tickets5.planetcinema.co.il/order/331794?lang=he,Regular,2D,Hebrew,Hebrew,2026-09-28,2025,,,92,All,Rishon Letzion,Yes Planet,629
10:20,Coyote vs. Acme,קיוטי נגד אקמי,https://tickets5.planetcinema.co.il/order/331769?lang=en,https://tickets5.planetcinema.co.il/order/331769?lang=he,Regular,2D,English,Hebrew,2026-09-28,2026,,,101,All,Rishon Letzion,Yes Planet,629
16:40,crawlers,קרולרס,https://tickets5.planetcinema.co.il/order/331808?lang=en,https://tickets5.planetcinema.co.il/order/331808?lang=he,Regular,2D,English,,2026-09-28,2026,,,86,14+,Rishon Letzion,Yes Planet,629
18:35,crawlers,קרולרס,https://tickets5.planetcinema.co.il/order/331809?lang=en,https://tickets5.planetcinema.co.il/order/331809?lang=he,Regular,2D,English,,2026-09-28,2026,,,86,14+,Rishon Letzion,Yes Planet,629
20:30,crawlers,קרולרס,https://tickets5.planetcinema.co.il/order/331810?lang=en,https://tickets5.planetcinema.co.il/order/331810?lang=he,Regular,2D,English,,2026-09-28,2026,,,86,14+,Rishon Letzion,Yes Planet,629
22:30,crawlers,קרולרס,https://tickets5.planetcinema.co.il/order/331824?lang=en,https://tickets5.planetcinema.co.il/order/331824?lang=he,Regular,2D,English,,2026-09-28,2026,,,86,14+,Rishon Letzion,Yes Planet,629
18:40,FALL 2,תלויה באוויר 2,https://tickets5.planetcinema.co.il/order/331826?lang=en,https://tickets5.planetcinema.co.il/order/331826?lang=he,Regular,2D,English,,2026-09-28,2026,,"Michael Spierig, Peter Spierig",100,9+,Rishon Letzion,Yes Planet,629
16:15,Fast and the Furious - 25th Anniversary,מהיר ועצבני - חגיגות 25 שנה,https://tickets5.planetcinema.co.il/order/331750?lang=en,https://tickets5.planetcinema.co.il/order/331750?lang=he,Regular,2D,English,,2026-09-28,2001,,Rob Cohen,106,,Rishon Letzion,Yes Planet,629
22:00,Fast and the Furious - 25th Anniversary,מהיר ועצבני - חגיגות 25 שנה,https://tickets5.planetcinema.co.il/order/331818?lang=en,https://tickets5.planetcinema.co.il/order/331818?lang=he,Regular,2D,English,,2026-09-28,2001,,Rob Cohen,106,,Rishon Letzion,Yes Planet,629
23:30,Fast and the Furious - 25th Anniversary,מהיר ועצבני - חגיגות 25 שנה,https://tickets5.planetcinema.co.il/order/333593?lang=en,https://tickets5.planetcinema.co.il/order/333593?lang=he,Regular,2D,English,,2026-09-28,2001,,Rob Cohen,106,,Rishon Letzion,Yes Planet,629
10:15,Heart of the Beast,בלב הפרא,https://tickets5.planetcinema.co.il/order/331812?lang=en,https://tickets5.planetcinema.co.il/order/331812?lang=he,Regular,2D,English,,2026-09-28,2026,,David Ayer,101,All,Rishon Letzion,Yes Planet,629
12:30,Heart of the Beast,בלב הפרא,https://tickets5.planetcinema.co.il/order/331813?lang=en,https://tickets5.planetcinema.co.il/order/331813?lang=he,Regular,2D,English,,2026-09-28,2026,,David Ayer,101,All,Rishon Letzion,Yes Planet,629
14:45,Heart of the Beast,בלב הפרא,https://tickets5.planetcinema.co.il/order/331814?lang=en,https://tickets5.planetcinema.co.il/order/331814?lang=he,Regular,2D,English,,2026-09-28,2026,,David Ayer,101,All,Rishon Letzion,Yes Planet,629
17:00,Heart of the Beast,בלב הפרא,https://tickets5.planetcinema.co.il/order/331815?lang=en,https://tickets5.planetcinema.co.il/order/331815?lang=he,Regular,2D,English,,2026-09-28,2026,,David Ayer,101,All,Rishon Letzion,Yes Planet,629
19:15,Heart of the Beast,בלב הפרא,https://tickets5.planetcinema.co.il/order/331816?lang=en,https://tickets5.planetcinema.co.il/order/331816?lang=he,Regular,2D,English,,2026-09-28,2026,,David Ayer,101,All,Rishon Letzion,Yes Planet,629
21:30,Heart of the Beast,בלב הפרא,https://tickets5.planetcinema.co.il/order/331817?lang=en,https://tickets5.planetcinema.co.il/order/331817?lang=he,Regular,2D,English,,2026-09-28,2026,,David Ayer,101,All,Rishon Letzion,Yes Planet,629
23:20,Heart of the Beast,בלב הפרא,https://tickets5.planetcinema.co.il/order/333589?lang=en,https://tickets5.planetcinema.co.il/order/333589?lang=he,Regular,2D,English,,2026-09-28,2026,,David Ayer,101,All,Rishon Letzion,Yes Planet,629
17:00,Heart of the Beast,בלב הפרא,https://tickets5.planetcinema.co.il/order/331733?lang=en,https://tickets5.planetcinema.co.il/order/331733?lang=he,VIP,2D,English,,2026-09-28,2026,,David Ayer,101,All,Rishon Letzion,Yes Planet,629
19:30,Heart of the Beast,בלב הפרא,https://tickets5.planetcinema.co.il/order/331732?lang=en,https://tickets5.planetcinema.co.il/order/331732?lang=he,VIP,2D,English,,2026-09-28,2026,,David Ayer,101,All,Rishon Letzion,Yes Planet,629
22:00,Heart of the Beast,בלב הפרא,https://tickets5.planetcinema.co.il/order/331734?lang=en,https://tickets5.planetcinema.co.il/order/331734?lang=he,VIP,2D,English,,2026-09-28,2026,,David Ayer,101,All,Rishon Letzion,Yes Planet,629
22:30,KUPA RASHIT,קופה ראשית,https://tickets5.planetcinema.co.il/order/331831?lang=en,https://tickets5.planetcinema.co.il/order/331831?lang=he,Regular,2D,Hebrew,,2026-09-28,2026,,,91,All,Rishon Letzion,Yes Planet,629
10:15,Land of Someitmes,אספן המשאלות,https://tickets5.planetcinema.co.il/order/331740?lang=en,https://tickets5.planetcinema.co.il/order/331740?lang=he,Regular,2D,Hebrew,Hebrew,2026-09-28,2026,,,93,All,Rishon Letzion,Yes Planet,629
12:30,Land of Someitmes,אספן המשאלות,https://tickets5.planetcinema.co.il/order/331741?lang=en,https://tickets5.planetcinema.co.il/order/331741?lang=he,Regular,2D,Hebrew,Hebrew,2026-09-28,2026,,,93,All,Rishon Letzion,Yes Planet,629
14:30,Land of Someitmes,אספן המשאלות,https://tickets5.planetcinema.co.il/order/331742?lang=en,https://tickets5.planetcinema.co.il/order/331742?lang=he,Regular,2D,Hebrew,Hebrew,2026-09-28,2026,,,93,All,Rishon Letzion,Yes Planet,629
16:45,Land of Someitmes,אספן המשאלות,https://tickets5.planetcinema.co.il/order/331802?lang=en,https://tickets5.planetcinema.co.il/order/331802?lang=he,Regular,2D,Hebrew,Hebrew,2026-09-28,2026,,,93,All,Rishon Letzion,Yes Planet,629
20:10,Magshimim,תיכון מגשימים,https://tickets5.planetcinema.co.il/order/331761?lang=en,https://tickets5.planetcinema.co.il/order/331761?lang=he,Regular,2D,Hebrew,,2026-09-28,2026,,,100,12+,Rishon Letzion,Yes Planet,629
12:15,Minions & Monsters,מיניונים ומפלצות,https://tickets5.planetcinema.co.il/order/331757?lang=en,https://tickets5.planetcinema.co.il/order/331757?lang=he,Regular,2D,English,Hebrew,2026-09-28,2026,,,90,All,Rishon Letzion,Yes Planet,629
12:30,Moana Live Action,מואנה לייב אקשן,https://tickets5.planetcinema.co.il/order/331805?lang=en,https://tickets5.planetcinema.co.il/order/331805?lang=he,Regular,2D,English,Hebrew,2026-09-28,2026,,,120,All,Rishon Letzion,Yes Planet,629
17:00,Orphan,יתום,https://tickets5.planetcinema.co.il/order/331780?lang=en,https://tickets5.planetcinema.co.il/order/331780?lang=he,Regular,2D,Hungarian,,2026-09-28,2025,,לאסלו נמש,132,14+,Rishon Letzion,Yes Planet,629
19:40,Orphan,יתום,https://tickets5.planetcinema.co.il/order/331781?lang=en,https://tickets5.planetcinema.co.il/order/331781?lang=he,Regular,2D,Hungarian,,2026-09-28,2025,,לאסלו נמש,132,14+,Rishon Letzion,Yes Planet,629
21:45,Orphan,יתום,https://tickets5.planetcinema.co.il/order/331830?lang=en,https://tickets5.planetcinema.co.il/order/331830?lang=he,Regular,2D,Hungarian,,2026-09-28,2025,,לאסלו נמש,132,14+,Rishon Letzion,Yes Planet,629
10:10,Paw Patrol: The Dino Movie,מפרץ ההרפתקאות: אי הדינוזאורים,https://tickets5.planetcinema.co.il/order/331748?lang=en,https://tickets5.planetcinema.co.il/order/331748?lang=he,Regular,2D,Hebrew,Hebrew,2026-09-28,2026,,,90,All,Rishon Letzion,Yes Planet,629
14:10,Paw Patrol: The Dino Movie,מפרץ ההרפתקאות: אי הדינוזאורים,https://tickets5.planetcinema.co.il/order/331749?lang=en,https://tickets5.planetcinema.co.il/order/331749?lang=he,Regular,2D,Hebrew,Hebrew,2026-09-28,2026,,,90,All,Rishon Letzion,Yes Planet,629
14:00,Practical Magic 2,קסם מעשי 2,https://tickets5.planetcinema.co.il/order/331823?lang=en,https://tickets5.planetcinema.co.il/order/331823?lang=he,Regular,2D,English,,2026-09-28,2026,,Susanne Bier,130,All,Rishon Letzion,Yes Planet,629
18:45,Practical Magic 2,קסם מעשי 2,https://tickets5.planetcinema.co.il/order/331820?lang=en,https://tickets5.planetcinema.co.il/order/331820?lang=he,Regular,2D,English,,2026-09-28,2026,,Susanne Bier,130,All,Rishon Letzion,Yes Planet,629
16:30,Primavera,פרימוורה,https://tickets5.planetcinema.co.il/order/331743?lang=en,https://tickets5.planetcinema.co.il/order/331743?lang=he,Regular,2D,Italian,,2026-09-28,2025,,דמיאנו מיקילייט,110,12+,Rishon Letzion,Yes Planet,629
19:00,Primavera,פרימוורה,https://tickets5.planetcinema.co.il/order/331744?lang=en,https://tickets5.planetcinema.co.il/order/331744?lang=he,Regular,2D,Italian,,2026-09-28,2025,,דמיאנו מיקילייט,110,12+,Rishon Letzion,Yes Planet,629
21:30,Primavera,פרימוורה,https://tickets5.planetcinema.co.il/order/331745?lang=en,https://tickets5.planetcinema.co.il/order/331745?lang=he,Regular,2D,Italian,,2026-09-28,2025,,דמיאנו מיקילייט,110,12+,Rishon Letzion,Yes Planet,629
10:00,Resident Evil,האויב שבפנים,https://tickets5.planetcinema.co.il/order/333715?lang=en,https://tickets5.planetcinema.co.il/order/333715?lang=he,Regular,2D IMAX,English,,2026-09-28,2026,,Zach Cregger,90,16+,Rishon Letzion,Yes Planet,629
15:00,Resident Evil,האויב שבפנים,https://tickets5.planetcinema.co.il/order/331729?lang=en,https://tickets5.planetcinema.co.il/order/331729?lang=he,Regular,2D ScreenX,English,,2026-09-28,2026,,Zach Cregger,90,16+,Rishon Letzion,Yes Planet,629
16:45,Resident Evil,האויב שבפנים,https://tickets5.planetcinema.co.il/order/331752?lang=en,https://tickets5.planetcinema.co.il/order/331752?lang=he,Regular,2D,English,,2026-09-28,2026,,Zach Cregger,90,16+,Rishon Letzion,Yes Planet,629
20:45,Resident Evil,האויב שבפנים,https://tickets5.planetcinema.co.il/order/331751?lang=en,https://tickets5.planetcinema.co.il/order/331751?lang=he,Regular,2D,English,,2026-09-28,2026,,Zach Cregger,90,16+,Rishon Letzion,Yes Planet,629
19:45,RUNNER,ראנר,https://tickets5.planetcinema.co.il/order/331847?lang=en,https://tickets5.planetcinema.co.il/order/331847?lang=he,Regular,2D,Hebrew,,2026-09-28,2026,,Scott Waugh,93,12+,Rishon Letzion,Yes Planet,629
12:30,Sentimental Value,ערך סנטימנטלי,https://tickets5.planetcinema.co.il/order/331759?lang=en,https://tickets5.planetcinema.co.il/order/331759?lang=he,Regular,2D,Norwegian,,2026-09-28,2025,,יואכים טרייר,133,All,Rishon Letzion,Yes Planet,629
10:15,Spider-Man: Brand New Day,ספיידרמן: יום חדש,https://tickets5.planetcinema.co.il/order/331797?lang=en,https://tickets5.planetcinema.co.il/order/331797?lang=he,Regular,2D,English,,2026-09-28,2026,,Destin Daniel Cretton,140,All,Rishon Letzion,Yes Planet,629
11:00,Spider-Man: Brand New Day,ספיידרמן: יום חדש,https://tickets5.planetcinema.co.il/order/331753?lang=en,https://tickets5.planetcinema.co.il/order/331753?lang=he,Regular,2D,English,,2026-09-28,2026,,Destin Daniel Cretton,140,All,Rishon Letzion,Yes Planet,629
13:15,Spider-Man: Brand New Day,ספיידרמן: יום חדש,https://tickets5.planetcinema.co.il/order/331798?lang=en,https://tickets5.planetcinema.co.il/order/331798?lang=he,Regular,2D,English,,2026-09-28,2026,,Destin Daniel Cretton,140,All,Rishon Letzion,Yes Planet,629
14:00,Spider-Man: Brand New Day,ספיידרמן: יום חדש,https://tickets5.planetcinema.co.il/order/331754?lang=en,https://tickets5.planetcinema.co.il/order/331754?lang=he,Regular,2D,English,,2026-09-28,2026,,Destin Daniel Cretton,140,All,Rishon Letzion,Yes Planet,629
16:15,Spider-Man: Brand New Day,ספיידרמן: יום חדש,https://tickets5.planetcinema.co.il/order/332400?lang=en,https://tickets5.planetcinema.co.il/order/332400?lang=he,Regular,2D,English,,2026-09-28,2026,,Destin Daniel Cretton,140,All,Rishon Letzion,Yes Planet,629
19:15,Spider-Man: Brand New Day,ספיידרמן: יום חדש,https://tickets5.planetcinema.co.il/order/331799?lang=en,https://tickets5.planetcinema.co.il/order/331799?lang=he,Regular,2D,English,,2026-09-28,2026,,Destin Daniel Cretton,140,All,Rishon Letzion,Yes Planet,629
22:15,Spider-Man: Brand New Day,ספיידרמן: יום חדש,https://tickets5.planetcinema.co.il/order/331800?lang=en,https://tickets5.planetcinema.co.il/order/331800?lang=he,Regular,2D,English,,2026-09-28,2026,,Destin Daniel Cretton,140,All,Rishon Letzion,Yes Planet,629
23:15,Spider-Man: Brand New Day,ספיידרמן: יום חדש,https://tickets5.planetcinema.co.il/order/333592?lang=en,https://tickets5.planetcinema.co.il/order/333592?lang=he,Regular,2D,English,,2026-09-28,2026,,Destin Daniel Cretton,140,All,Rishon Letzion,Yes Planet,629
12:00,Spider-Man: Brand New Day,ספיידרמן: יום חדש,https://tickets5.planetcinema.co.il/order/331728?lang=en,https://tickets5.planetcinema.co.il/order/331728?lang=he,Regular,2D ScreenX,English,,2026-09-28,2026,,Destin Daniel Cretton,140,All,Rishon Letzion,Yes Planet,629
10:30,Spinned,מרגלים מהאגדות,https://tickets5.planetcinema.co.il/order/331782?lang=en,https://tickets5.planetcinema.co.il/order/331782?lang=he,Regular,2D,Hebrew,Hebrew,2026-09-28,2025,,,96,All,Rishon Letzion,Yes Planet,629
12:45,Spinned,מרגלים מהאגדות,https://tickets5.planetcinema.co.il/order/331783?lang=en,https://tickets5.planetcinema.co.il/order/331783?lang=he,Regular,2D,Hebrew,Hebrew,2026-09-28,2025,,,96,All,Rishon Letzion,Yes Planet,629
15:00,Spinned,מרגלים מהאגדות,https://tickets5.planetcinema.co.il/order/331784?lang=en,https://tickets5.planetcinema.co.il/order/331784?lang=he,Regular,2D,Hebrew,Hebrew,2026-09-28,2025,,,96,All,Rishon Letzion,Yes Planet,629
17:15,Spinned,מרגלים מהאגדות,https://tickets5.planetcinema.co.il/order/331801?lang=en,https://tickets5.planetcinema.co.il/order/331801?lang=he,Regular,2D,Hebrew,Hebrew,2026-09-28,2025,,,96,All,Rishon Letzion,Yes Planet,629
21:05,Sunny Dancer,חולים על החיים,https://tickets5.planetcinema.co.il/order/331746?lang=en,https://tickets5.planetcinema.co.il/order/331746?lang=he,Regular,2D,English,,2026-09-28,2026,,ג'ורג' ג'ייקס,106,12+,Rishon Letzion,Yes Planet,629
12:30,Tad and the Magic Lamp,טד החוקר ומנורת הקסמים,https://tickets5.planetcinema.co.il/order/331768?lang=en,https://tickets5.planetcinema.co.il/order/331768?lang=he,Regular,2D,Hebrew,Hebrew,2026-09-28,2026,,,94,All,Rishon Letzion,Yes Planet,629
14:15,Tad and the Magic Lamp,טד החוקר ומנורת הקסמים,https://tickets5.planetcinema.co.il/order/331758?lang=en,https://tickets5.planetcinema.co.il/order/331758?lang=he,Regular,2D,Hebrew,Hebrew,2026-09-28,2026,,,94,All,Rishon Letzion,Yes Planet,629
15:00,Tafiti: Across the Desert,טפיטי: הרפתקה במדבר,https://tickets5.planetcinema.co.il/order/331804?lang=en,https://tickets5.planetcinema.co.il/order/331804?lang=he,Regular,2D,Hebrew,Hebrew,2026-09-28,2025,,,81,All,Rishon Letzion,Yes Planet,629
10:00,tell me everything,עצמאות,https://tickets5.planetcinema.co.il/order/331774?lang=en,https://tickets5.planetcinema.co.il/order/331774?lang=he,Regular,2D,Hebrew,,2026-09-28,2026,,משה רוזנטל,109,12+,Rishon Letzion,Yes Planet,629
12:20,tell me everything,עצמאות,https://tickets5.planetcinema.co.il/order/331775?lang=en,https://tickets5.planetcinema.co.il/order/331775?lang=he,Regular,2D,Hebrew,,2026-09-28,2026,,משה רוזנטל,109,12+,Rishon Letzion,Yes Planet,629
14:40,tell me everything,עצמאות,https://tickets5.planetcinema.co.il/order/331776?lang=en,https://tickets5.planetcinema.co.il/order/331776?lang=he,Regular,2D,Hebrew,,2026-09-28,2026,,משה רוזנטל,109,12+,Rishon Letzion,Yes Planet,629
17:00,tell me everything,עצמאות,https://tickets5.planetcinema.co.il/order/331777?lang=en,https://tickets5.planetcinema.co.il/order/331777?lang=he,Regular,2D,Hebrew,,2026-09-28,2026,,משה רוזנטל,109,12+,Rishon Letzion,Yes Planet,629
19:20,tell me everything,עצמאות,https://tickets5.planetcinema.co.il/order/331778?lang=en,https://tickets5.planetcinema.co.il/order/331778?lang=he,Regular,2D,Hebrew,,2026-09-28,2026,,משה רוזנטל,109,12+,Rishon Letzion,Yes Planet,629
21:40,tell me everything,עצמאות,https://tickets5.planetcinema.co.il/order/331779?lang=en,https://tickets5.planetcinema.co.il/order/331779?lang=he,Regular,2D,Hebrew,,2026-09-28,2026,,משה רוזנטל,109,12+,Rishon Letzion,Yes Planet,629
17:30,tell me everything,עצמאות,https://tickets5.planetcinema.co.il/order/331735?lang=en,https://tickets5.planetcinema.co.il/order/331735?lang=he,VIP,2D,Hebrew,,2026-09-28,2026,,משה רוזנטל,109,12+,Rishon Letzion,Yes Planet,629
20:00,tell me everything,עצמאות,https://tickets5.planetcinema.co.il/order/331736?lang=en,https://tickets5.planetcinema.co.il/order/331736?lang=he,VIP,2D,Hebrew,,2026-09-28,2026,,משה רוזנטל,109,12+,Rishon Letzion,Yes Planet,629
22:30,tell me everything,עצמאות,https://tickets5.planetcinema.co.il/order/331737?lang=en,https://tickets5.planetcinema.co.il/order/331737?lang=he,VIP,2D,Hebrew,,2026-09-28,2026,,משה רוזנטל,109,12+,Rishon Letzion,Yes Planet,629
12:10,THE DESERT CHILD,ילד המדבר,https://tickets5.planetcinema.co.il/order/331747?lang=en,https://tickets5.planetcinema.co.il/order/331747?lang=he,Regular,2D,Hebrew,Hebrew,2026-09-28,2026,,Gilles de Maistre,92,All,Rishon Letzion,Yes Planet,629
21:30,THE LUCKIEST MAN IN AMERICA,איש החידות,https://tickets5.planetcinema.co.il/order/331819?lang=en,https://tickets5.planetcinema.co.il/order/331819?lang=he,Regular,2D,English,,2026-09-28,2024,,Samir Oliveros,91,All,Rishon Letzion,Yes Planet,629
11:00,The Odyssey,האודיסאה,https://tickets5.planetcinema.co.il/order/331770?lang=en,https://tickets5.planetcinema.co.il/order/331770?lang=he,Regular,2D,English,,2026-09-28,2026,,Christopher Nolan,172,14+,Rishon Letzion,Yes Planet,629
14:30,The Odyssey,האודיסאה,https://tickets5.planetcinema.co.il/order/331771?lang=en,https://tickets5.planetcinema.co.il/order/331771?lang=he,Regular,2D,English,,2026-09-28,2026,,Christopher Nolan,172,14+,Rishon Letzion,Yes Planet,629
18:00,The Odyssey,האודיסאה,https://tickets5.planetcinema.co.il/order/331772?lang=en,https://tickets5.planetcinema.co.il/order/331772?lang=he,Regular,2D,English,,2026-09-28,2026,,Christopher Nolan,172,14+,Rishon Letzion,Yes Planet,629
21:30,The Odyssey,האודיסאה,https://tickets5.planetcinema.co.il/order/331773?lang=en,https://tickets5.planetcinema.co.il/order/331773?lang=he,Regular,2D,English,,2026-09-28,2026,,Christopher Nolan,172,14+,Rishon Letzion,Yes Planet,629
12:15,The Odyssey,האודיסאה,https://tickets5.planetcinema.co.il/order/332960?lang=en,https://tickets5.planetcinema.co.il/order/332960?lang=he,Regular,2D IMAX,English,,2026-09-28,2026,,Christopher Nolan,172,14+,Rishon Letzion,Yes Planet,629
23:00,The Odyssey,האודיסאה,https://tickets5.planetcinema.co.il/order/333568?lang=en,https://tickets5.planetcinema.co.il/order/333568?lang=he,Regular,2D IMAX,English,,2026-09-28,2026,,Christopher Nolan,172,14+,Rishon Letzion,Yes Planet,629
10:00,THE POUT POUT FISH,דג ושמו באסה,https://tickets5.planetcinema.co.il/order/331806?lang=en,https://tickets5.planetcinema.co.il/order/331806?lang=he,Regular,2D,Hebrew,Hebrew,2026-09-28,2026,,,93,All,Rishon Letzion,Yes Planet,629
12:00,THE POUT POUT FISH,דג ושמו באסה,https://tickets5.planetcinema.co.il/order/331807?lang=en,https://tickets5.planetcinema.co.il/order/331807?lang=he,Regular,2D,Hebrew,Hebrew,2026-09-28,2026,,,93,All,Rishon Letzion,Yes Planet,629
18:30,The Uprising,המרד,https://tickets5.planetcinema.co.il/order/331825?lang=en,https://tickets5.planetcinema.co.il/order/331825?lang=he,Regular,2D,English,,2026-09-28,2026,,Paul Greengrass,127,14+,Rishon Letzion,Yes Planet,629
10:15,Toy Story 5,צעצוע של סיפור 5,https://tickets5.planetcinema.co.il/order/331811?lang=en,https://tickets5.planetcinema.co.il/order/331811?lang=he,Regular,2D,English,Hebrew,2026-09-28,2026,,,102,All,Rishon Letzion,Yes Planet,629
15:10,Toy Story 5,צעצוע של סיפור 5,https://tickets5.planetcinema.co.il/order/331760?lang=en,https://tickets5.planetcinema.co.il/order/331760?lang=he,Regular,2D,English,Hebrew,2026-09-28,2026,,,102,All,Rishon Letzion,Yes Planet,629
10:00,Valley of Shadows,בחזרה מההימלאיה,https://tickets5.planetcinema.co.il/order/331803?lang=en,https://tickets5.planetcinema.co.il/order/331803?lang=he,Regular,2D,Spanish,,2026-09-28,2023,,Salvador Calvo,120,12+,Rishon Letzion,Yes Planet,629
14:40,Valley of Shadows,בחזרה מההימלאיה,https://tickets5.planetcinema.co.il/order/331767?lang=en,https://tickets5.planetcinema.co.il/order/331767?lang=he,Regular,2D,Spanish,,2026-09-28,2023,,Salvador Calvo,120,12+,Rishon Letzion,Yes Planet,629
10:15,Matchmaking 3,בחורים טובים 3,https://tickets5.planetcinema.co.il/order/332467?lang=en,https://tickets5.planetcinema.co.il/order/332467?lang=he,Regular,2D,Hebrew,,2026-09-29,2026,,ארז תדמור,105,All,Rishon Letzion,Yes Planet,629
12:30,Matchmaking 3,בחורים טובים 3,https://tickets5.planetcinema.co.il/order/332468?lang=en,https://tickets5.planetcinema.co.il/order/332468?lang=he,Regular,2D,Hebrew,,2026-09-29,2026,,ארז תדמור,105,All,Rishon Letzion,Yes Planet,629
14:45,Matchmaking 3,בחורים טובים 3,https://tickets5.planetcinema.co.il/order/332469?lang=en,https://tickets5.planetcinema.co.il/order/332469?lang=he,Regular,2D,Hebrew,,2026-09-29,2026,,ארז תדמור,105,All,Rishon Letzion,Yes Planet,629
17:00,Matchmaking 3,בחורים טובים 3,https://tickets5.planetcinema.co.il/order/332470?lang=en,https://tickets5.planetcinema.co.il/order/332470?lang=he,Regular,2D,Hebrew,,2026-09-29,2026,,ארז תדמור,105,All,Rishon Letzion,Yes Planet,629
19:15,Matchmaking 3,בחורים טובים 3,https://tickets5.planetcinema.co.il/order/332471?lang=en,https://tickets5.planetcinema.co.il/order/332471?lang=he,Regular,2D,Hebrew,,2026-09-29,2026,,ארז תדמור,105,All,Rishon Letzion,Yes Planet,629
21:00,Matchmaking 3,בחורים טובים 3,https://tickets5.planetcinema.co.il/order/332438?lang=en,https://tickets5.planetcinema.co.il/order/332438?lang=he,Regular,2D,Hebrew,,2026-09-29,2026,,ארז תדמור,105,All,Rishon Letzion,Yes Planet,629
21:30,Matchmaking 3,בחורים טובים 3,https://tickets5.planetcinema.co.il/order/332472?lang=en,https://tickets5.planetcinema.co.il/order/332472?lang=he,Regular,2D,Hebrew,,2026-09-29,2026,,ארז תדמור,105,All,Rishon Letzion,Yes Planet,629
18:30,Matchmaking 3,בחורים טובים 3,https://tickets5.planetcinema.co.il/order/332413?lang=en,https://tickets5.planetcinema.co.il/order/332413?lang=he,VIP,2D,Hebrew,,2026-09-29,2026,,ארז תדמור,105,All,Rishon Letzion,Yes Planet,629
21:00,Matchmaking 3,בחורים טובים 3,https://tickets5.planetcinema.co.il/order/332414?lang=en,https://tickets5.planetcinema.co.il/order/332414?lang=he,VIP,2D,Hebrew,,2026-09-29,2026,,ארז תדמור,105,All,Rishon Letzion,Yes Planet,629
10:00,Forgotten Island,האי הנעלם,https://tickets5.planetcinema.co.il/order/332439?lang=en,https://tickets5.planetcinema.co.il/order/332439?lang=he,Regular,2D,English,Hebrew,2026-09-29,2026,,,98,9+,Rishon Letzion,Yes Planet,629
10:45,Forgotten Island,האי הנעלם,https://tickets5.planetcinema.co.il/order/332445?lang=en,https://tickets5.planetcinema.co.il/order/332445?lang=he,Regular,2D,English,Hebrew,2026-09-29,2026,,,98,9+,Rishon Letzion,Yes Planet,629
13:00,Forgotten Island,האי הנעלם,https://tickets5.planetcinema.co.il/order/332446?lang=en,https://tickets5.planetcinema.co.il/order/332446?lang=he,Regular,2D,English,Hebrew,2026-09-29,2026,,,98,9+,Rishon Letzion,Yes Planet,629
15:15,Forgotten Island,האי הנעלם,https://tickets5.planetcinema.co.il/order/332447?lang=en,https://tickets5.planetcinema.co.il/order/332447?lang=he,Regular,2D,English,Hebrew,2026-09-29,2026,,,98,9+,Rishon Letzion,Yes Planet,629
17:30,Forgotten Island,האי הנעלם,https://tickets5.planetcinema.co.il/order/332448?lang=en,https://tickets5.planetcinema.co.il/order/332448?lang=he,Regular,2D,English,Hebrew,2026-09-29,2026,,,98,9+,Rishon Letzion,Yes Planet,629
19:30,Forgotten Island,האי הנעלם,https://tickets5.planetcinema.co.il/order/332477?lang=en,https://tickets5.planetcinema.co.il/order/332477?lang=he,Regular,2D,English,,2026-09-29,2026,,,98,9+,Rishon Letzion,Yes Planet,629
21:45,Forgotten Island,האי הנעלם,https://tickets5.planetcinema.co.il/order/332478?lang=en,https://tickets5.planetcinema.co.il/order/332478?lang=he,Regular,2D,English,,2026-09-29,2026,,,98,9+,Rishon Letzion,Yes Planet,629
15:45,Avengers: Endgame re-release,הנוקמים: סוף המשחק - הדרן,https://tickets5.planetcinema.co.il/order/332407?lang=en,https://tickets5.planetcinema.co.il/order/332407?lang=he,Regular,2D IMAX,English,,2026-09-29,2019,,,181,All,Rishon Letzion,Yes Planet,629
19:30,Avengers: Endgame re-release,הנוקמים: סוף המשחק - הדרן,https://tickets5.planetcinema.co.il/order/332408?lang=en,https://tickets5.planetcinema.co.il/order/332408?lang=he,Regular,2D IMAX,English,,2026-09-29,2019,,,181,All,Rishon Letzion,Yes Planet,629
16:15,Avengers: Endgame re-release,הנוקמים: סוף המשחק - הדרן,https://tickets5.planetcinema.co.il/order/332422?lang=en,https://tickets5.planetcinema.co.il/order/332422?lang=he,Regular,2D,English,,2026-09-29,2019,,,181,All,Rishon Letzion,Yes Planet,629
20:00,Avengers: Endgame re-release,הנוקמים: סוף המשחק - הדרן,https://tickets5.planetcinema.co.il/order/332421?lang=en,https://tickets5.planetcinema.co.il/order/332421?lang=he,Regular,2D,English,,2026-09-29,2019,,,181,All,Rishon Letzion,Yes Planet,629
22:45,Avengers: Endgame re-release,הנוקמים: סוף המשחק - הדרן,https://tickets5.planetcinema.co.il/order/333595?lang=en,https://tickets5.planetcinema.co.il/order/333595?lang=he,Regular,2D,English,,2026-09-29,2019,,,181,All,Rishon Letzion,Yes Planet,629
18:00,Avengers: Endgame re-release,הנוקמים: סוף המשחק - הדרן,https://tickets5.planetcinema.co.il/order/332409?lang=en,https://tickets5.planetcinema.co.il/order/332409?lang=he,VIP,2D,English,,2026-09-29,2019,,,181,All,Rishon Letzion,Yes Planet,629
21:30,Avengers: Endgame re-release,הנוקמים: סוף המשחק - הדרן,https://tickets5.planetcinema.co.il/order/332410?lang=en,https://tickets5.planetcinema.co.il/order/332410?lang=he,VIP,2D,English,,2026-09-29,2019,,,181,All,Rishon Letzion,Yes Planet,629
14:00,Avengers: Endgame re-release - Infinity Vision,הנוקמים: סוף המשחק - הדרן - Infinity Vi,https://tickets5.planetcinema.co.il/order/333041?lang=en,https://tickets5.planetcinema.co.il/order/333041?lang=he,INFINITY VISION2D,INFINITY VISION2D,English,,2026-09-29,2019,,,181,,Rishon Letzion,Yes Planet,629
17:30,Avengers: Endgame re-release - Infinity Vision,הנוקמים: סוף המשחק - הדרן - Infinity Vi,https://tickets5.planetcinema.co.il/order/333061?lang=en,https://tickets5.planetcinema.co.il/order/333061?lang=he,INFINITY VISION2D,INFINITY VISION2D,English,,2026-09-29,2019,,,181,,Rishon Letzion,Yes Planet,629
17:30,Avengers: Endgame re-release - Infinity Vision,הנוקמים: סוף המשחק - הדרן - Infinity Vi,https://tickets5.planetcinema.co.il/order/332406?lang=en,https://tickets5.planetcinema.co.il/order/332406?lang=he,INFINITY VISIONSCREENX2D,INFINITY VISIONSCREENX2D,English,,2026-09-29,2019,,,181,,Rishon Letzion,Yes Planet,629
21:15,Avengers: Endgame re-release - Infinity Vision,הנוקמים: סוף המשחק - הדרן - Infinity Vi,https://tickets5.planetcinema.co.il/order/332405?lang=en,https://tickets5.planetcinema.co.il/order/332405?lang=he,INFINITY VISIONSCREENX2D,INFINITY VISIONSCREENX2D,English,,2026-09-29,2019,,,181,,Rishon Letzion,Yes Planet,629
21:40,Before We Leave Tuscany,להתאהב בטוסקנה,https://tickets5.planetcinema.co.il/order/332507?lang=en,https://tickets5.planetcinema.co.il/order/332507?lang=he,Regular,2D,English,,2026-09-29,,,,91,All,Rishon Letzion,Yes Planet,629
10:30,CHARLIE THE WONDERDOG,וונדר-דוג,https://tickets5.planetcinema.co.il/order/332473?lang=en,https://tickets5.planetcinema.co.il/order/332473?lang=he,Regular,2D,Hebrew,Hebrew,2026-09-29,2025,,,92,All,Rishon Letzion,Yes Planet,629
12:45,CHARLIE THE WONDERDOG,וונדר-דוג,https://tickets5.planetcinema.co.il/order/332474?lang=en,https://tickets5.planetcinema.co.il/order/332474?lang=he,Regular,2D,Hebrew,Hebrew,2026-09-29,2025,,,92,All,Rishon Letzion,Yes Planet,629
15:00,CHARLIE THE WONDERDOG,וונדר-דוג,https://tickets5.planetcinema.co.il/order/332475?lang=en,https://tickets5.planetcinema.co.il/order/332475?lang=he,Regular,2D,Hebrew,Hebrew,2026-09-29,2025,,,92,All,Rishon Letzion,Yes Planet,629
17:15,CHARLIE THE WONDERDOG,וונדר-דוג,https://tickets5.planetcinema.co.il/order/332476?lang=en,https://tickets5.planetcinema.co.il/order/332476?lang=he,Regular,2D,Hebrew,Hebrew,2026-09-29,2025,,,92,All,Rishon Letzion,Yes Planet,629
10:20,Coyote vs. Acme,קיוטי נגד אקמי,https://tickets5.planetcinema.co.il/order/332451?lang=en,https://tickets5.planetcinema.co.il/order/332451?lang=he,Regular,2D,English,Hebrew,2026-09-29,2026,,,101,All,Rishon Letzion,Yes Planet,629
16:40,crawlers,קרולרס,https://tickets5.planetcinema.co.il/order/332490?lang=en,https://tickets5.planetcinema.co.il/order/332490?lang=he,Regular,2D,English,,2026-09-29,2026,,,86,14+,Rishon Letzion,Yes Planet,629
18:35,crawlers,קרולרס,https://tickets5.planetcinema.co.il/order/332491?lang=en,https://tickets5.planetcinema.co.il/order/332491?lang=he,Regular,2D,English,,2026-09-29,2026,,,86,14+,Rishon Letzion,Yes Planet,629
20:30,crawlers,קרולרס,https://tickets5.planetcinema.co.il/order/332492?lang=en,https://tickets5.planetcinema.co.il/order/332492?lang=he,Regular,2D,English,,2026-09-29,2026,,,86,14+,Rishon Letzion,Yes Planet,629
22:30,crawlers,קרולרס,https://tickets5.planetcinema.co.il/order/332504?lang=en,https://tickets5.planetcinema.co.il/order/332504?lang=he,Regular,2D,English,,2026-09-29,2026,,,86,14+,Rishon Letzion,Yes Planet,629
18:40,FALL 2,תלויה באוויר 2,https://tickets5.planetcinema.co.il/order/332506?lang=en,https://tickets5.planetcinema.co.il/order/332506?lang=he,Regular,2D,English,,2026-09-29,2026,,"Michael Spierig, Peter Spierig",100,9+,Rishon Letzion,Yes Planet,629
16:15,Fast and the Furious - 25th Anniversary,מהיר ועצבני - חגיגות 25 שנה,https://tickets5.planetcinema.co.il/order/332433?lang=en,https://tickets5.planetcinema.co.il/order/332433?lang=he,Regular,2D,English,,2026-09-29,2001,,Rob Cohen,106,,Rishon Letzion,Yes Planet,629
22:00,Fast and the Furious - 25th Anniversary,מהיר ועצבני - חגיגות 25 שנה,https://tickets5.planetcinema.co.il/order/332500?lang=en,https://tickets5.planetcinema.co.il/order/332500?lang=he,Regular,2D,English,,2026-09-29,2001,,Rob Cohen,106,,Rishon Letzion,Yes Planet,629
23:30,Fast and the Furious - 25th Anniversary,מהיר ועצבני - חגיגות 25 שנה,https://tickets5.planetcinema.co.il/order/333597?lang=en,https://tickets5.planetcinema.co.il/order/333597?lang=he,Regular,2D,English,,2026-09-29,2001,,Rob Cohen,106,,Rishon Letzion,Yes Planet,629
10:15,Heart of the Beast,בלב הפרא,https://tickets5.planetcinema.co.il/order/332494?lang=en,https://tickets5.planetcinema.co.il/order/332494?lang=he,Regular,2D,English,,2026-09-29,2026,,David Ayer,101,All,Rishon Letzion,Yes Planet,629
12:30,Heart of the Beast,בלב הפרא,https://tickets5.planetcinema.co.il/order/332495?lang=en,https://tickets5.planetcinema.co.il/order/332495?lang=he,Regular,2D,English,,2026-09-29,2026,,David Ayer,101,All,Rishon Letzion,Yes Planet,629
14:45,Heart of the Beast,בלב הפרא,https://tickets5.planetcinema.co.il/order/332496?lang=en,https://tickets5.planetcinema.co.il/order/332496?lang=he,Regular,2D,English,,2026-09-29,2026,,David Ayer,101,All,Rishon Letzion,Yes Planet,629
17:00,Heart of the Beast,בלב הפרא,https://tickets5.planetcinema.co.il/order/332497?lang=en,https://tickets5.planetcinema.co.il/order/332497?lang=he,Regular,2D,English,,2026-09-29,2026,,David Ayer,101,All,Rishon Letzion,Yes Planet,629
19:15,Heart of the Beast,בלב הפרא,https://tickets5.planetcinema.co.il/order/332498?lang=en,https://tickets5.planetcinema.co.il/order/332498?lang=he,Regular,2D,English,,2026-09-29,2026,,David Ayer,101,All,Rishon Letzion,Yes Planet,629
21:30,Heart of the Beast,בלב הפרא,https://tickets5.planetcinema.co.il/order/332499?lang=en,https://tickets5.planetcinema.co.il/order/332499?lang=he,Regular,2D,English,,2026-09-29,2026,,David Ayer,101,All,Rishon Letzion,Yes Planet,629
23:20,Heart of the Beast,בלב הפרא,https://tickets5.planetcinema.co.il/order/333594?lang=en,https://tickets5.planetcinema.co.il/order/333594?lang=he,Regular,2D,English,,2026-09-29,2026,,David Ayer,101,All,Rishon Letzion,Yes Planet,629
17:00,Heart of the Beast,בלב הפרא,https://tickets5.planetcinema.co.il/order/332416?lang=en,https://tickets5.planetcinema.co.il/order/332416?lang=he,VIP,2D,English,,2026-09-29,2026,,David Ayer,101,All,Rishon Letzion,Yes Planet,629
19:30,Heart of the Beast,בלב הפרא,https://tickets5.planetcinema.co.il/order/332415?lang=en,https://tickets5.planetcinema.co.il/order/332415?lang=he,VIP,2D,English,,2026-09-29,2026,,David Ayer,101,All,Rishon Letzion,Yes Planet,629
22:00,Heart of the Beast,בלב הפרא,https://tickets5.planetcinema.co.il/order/332417?lang=en,https://tickets5.planetcinema.co.il/order/332417?lang=he,VIP,2D,English,,2026-09-29,2026,,David Ayer,101,All,Rishon Letzion,Yes Planet,629
17:20,KUPA RASHIT,קופה ראשית,https://tickets5.planetcinema.co.il/order/332514?lang=en,https://tickets5.planetcinema.co.il/order/332514?lang=he,Regular,2D,Hebrew,,2026-09-29,2026,,,91,All,Rishon Letzion,Yes Planet,629
22:30,KUPA RASHIT,קופה ראשית,https://tickets5.planetcinema.co.il/order/332509?lang=en,https://tickets5.planetcinema.co.il/order/332509?lang=he,Regular,2D,Hebrew,,2026-09-29,2026,,,91,All,Rishon Letzion,Yes Planet,629
10:30,La Traviata,לה טראוויאטה - אופרה בקולנוע,https://tickets5.planetcinema.co.il/order/333691?lang=en,https://tickets5.planetcinema.co.il/order/333691?lang=he,Regular,2D,Italian,,2026-09-29,,,,142,,Rishon Letzion,Yes Planet,629
10:15,Land of Someitmes,אספן המשאלות,https://tickets5.planetcinema.co.il/order/332423?lang=en,https://tickets5.planetcinema.co.il/order/332423?lang=he,Regular,2D,Hebrew,Hebrew,2026-09-29,2026,,,93,All,Rishon Letzion,Yes Planet,629
12:30,Land of Someitmes,אספן המשאלות,https://tickets5.planetcinema.co.il/order/332424?lang=en,https://tickets5.planetcinema.co.il/order/332424?lang=he,Regular,2D,Hebrew,Hebrew,2026-09-29,2026,,,93,All,Rishon Letzion,Yes Planet,629
14:30,Land of Someitmes,אספן המשאלות,https://tickets5.planetcinema.co.il/order/332425?lang=en,https://tickets5.planetcinema.co.il/order/332425?lang=he,Regular,2D,Hebrew,Hebrew,2026-09-29,2026,,,93,All,Rishon Letzion,Yes Planet,629
16:45,Land of Someitmes,אספן המשאלות,https://tickets5.planetcinema.co.il/order/332484?lang=en,https://tickets5.planetcinema.co.il/order/332484?lang=he,Regular,2D,Hebrew,Hebrew,2026-09-29,2026,,,93,All,Rishon Letzion,Yes Planet,629
19:30,Magshimim,תיכון מגשימים,https://tickets5.planetcinema.co.il/order/332444?lang=en,https://tickets5.planetcinema.co.il/order/332444?lang=he,Regular,2D,Hebrew,,2026-09-29,2026,,,100,12+,Rishon Letzion,Yes Planet,629
12:15,Minions & Monsters,מיניונים ומפלצות,https://tickets5.planetcinema.co.il/order/332440?lang=en,https://tickets5.planetcinema.co.il/order/332440?lang=he,Regular,2D,English,Hebrew,2026-09-29,2026,,,90,All,Rishon Letzion,Yes Planet,629
12:30,Moana Live Action,מואנה לייב אקשן,https://tickets5.planetcinema.co.il/order/332487?lang=en,https://tickets5.planetcinema.co.il/order/332487?lang=he,Regular,2D,English,Hebrew,2026-09-29,2026,,,120,All,Rishon Letzion,Yes Planet,629
17:00,Orphan,יתום,https://tickets5.planetcinema.co.il/order/332462?lang=en,https://tickets5.planetcinema.co.il/order/332462?lang=he,Regular,2D,Hungarian,,2026-09-29,2025,,לאסלו נמש,132,14+,Rishon Letzion,Yes Planet,629
19:40,Orphan,יתום,https://tickets5.planetcinema.co.il/order/332463?lang=en,https://tickets5.planetcinema.co.il/order/332463?lang=he,Regular,2D,Hungarian,,2026-09-29,2025,,לאסלו נמש,132,14+,Rishon Letzion,Yes Planet,629
21:45,Orphan,יתום,https://tickets5.planetcinema.co.il/order/332508?lang=en,https://tickets5.planetcinema.co.il/order/332508?lang=he,Regular,2D,Hungarian,,2026-09-29,2025,,לאסלו נמש,132,14+,Rishon Letzion,Yes Planet,629
10:10,Paw Patrol: The Dino Movie,מפרץ ההרפתקאות: אי הדינוזאורים,https://tickets5.planetcinema.co.il/order/332431?lang=en,https://tickets5.planetcinema.co.il/order/332431?lang=he,Regular,2D,Hebrew,Hebrew,2026-09-29,2026,,,90,All,Rishon Letzion,Yes Planet,629
14:10,Paw Patrol: The Dino Movie,מפרץ ההרפתקאות: אי הדינוזאורים,https://tickets5.planetcinema.co.il/order/332432?lang=en,https://tickets5.planetcinema.co.il/order/332432?lang=he,Regular,2D,Hebrew,Hebrew,2026-09-29,2026,,,90,All,Rishon Letzion,Yes Planet,629
14:00,Practical Magic 2,קסם מעשי 2,https://tickets5.planetcinema.co.il/order/332503?lang=en,https://tickets5.planetcinema.co.il/order/332503?lang=he,Regular,2D,English,,2026-09-29,2026,,Susanne Bier,130,All,Rishon Letzion,Yes Planet,629
18:45,Practical Magic 2,קסם מעשי 2,https://tickets5.planetcinema.co.il/order/332502?lang=en,https://tickets5.planetcinema.co.il/order/332502?lang=he,Regular,2D,English,,2026-09-29,2026,,Susanne Bier,130,All,Rishon Letzion,Yes Planet,629
16:30,Primavera,פרימוורה,https://tickets5.planetcinema.co.il/order/332426?lang=en,https://tickets5.planetcinema.co.il/order/332426?lang=he,Regular,2D,Italian,,2026-09-29,2025,,דמיאנו מיקילייט,110,12+,Rishon Letzion,Yes Planet,629
19:00,Primavera,פרימוורה,https://tickets5.planetcinema.co.il/order/332427?lang=en,https://tickets5.planetcinema.co.il/order/332427?lang=he,Regular,2D,Italian,,2026-09-29,2025,,דמיאנו מיקילייט,110,12+,Rishon Letzion,Yes Planet,629
21:30,Primavera,פרימוורה,https://tickets5.planetcinema.co.il/order/332428?lang=en,https://tickets5.planetcinema.co.il/order/332428?lang=he,Regular,2D,Italian,,2026-09-29,2025,,דמיאנו מיקילייט,110,12+,Rishon Letzion,Yes Planet,629
10:00,Resident Evil,האויב שבפנים,https://tickets5.planetcinema.co.il/order/333716?lang=en,https://tickets5.planetcinema.co.il/order/333716?lang=he,Regular,2D IMAX,English,,2026-09-29,2026,,Zach Cregger,90,16+,Rishon Letzion,Yes Planet,629
15:00,Resident Evil,האויב שבפנים,https://tickets5.planetcinema.co.il/order/332412?lang=en,https://tickets5.planetcinema.co.il/order/332412?lang=he,Regular,2D ScreenX,English,,2026-09-29,2026,,Zach Cregger,90,16+,Rishon Letzion,Yes Planet,629
16:45,Resident Evil,האויב שבפנים,https://tickets5.planetcinema.co.il/order/332435?lang=en,https://tickets5.planetcinema.co.il/order/332435?lang=he,Regular,2D,English,,2026-09-29,2026,,Zach Cregger,90,16+,Rishon Letzion,Yes Planet,629
20:45,Resident Evil,האויב שבפנים,https://tickets5.planetcinema.co.il/order/332434?lang=en,https://tickets5.planetcinema.co.il/order/332434?lang=he,Regular,2D,English,,2026-09-29,2026,,Zach Cregger,90,16+,Rishon Letzion,Yes Planet,629
12:30,Sentimental Value,ערך סנטימנטלי,https://tickets5.planetcinema.co.il/order/332442?lang=en,https://tickets5.planetcinema.co.il/order/332442?lang=he,Regular,2D,Norwegian,,2026-09-29,2025,,יואכים טרייר,133,All,Rishon Letzion,Yes Planet,629
10:15,Spider-Man: Brand New Day,ספיידרמן: יום חדש,https://tickets5.planetcinema.co.il/order/332479?lang=en,https://tickets5.planetcinema.co.il/order/332479?lang=he,Regular,2D,English,,2026-09-29,2026,,Destin Daniel Cretton,140,All,Rishon Letzion,Yes Planet,629
11:00,Spider-Man: Brand New Day,ספיידרמן: יום חדש,https://tickets5.planetcinema.co.il/order/332436?lang=en,https://tickets5.planetcinema.co.il/order/332436?lang=he,Regular,2D,English,,2026-09-29,2026,,Destin Daniel Cretton,140,All,Rishon Letzion,Yes Planet,629
13:15,Spider-Man: Brand New Day,ספיידרמן: יום חדש,https://tickets5.planetcinema.co.il/order/332480?lang=en,https://tickets5.planetcinema.co.il/order/332480?lang=he,Regular,2D,English,,2026-09-29,2026,,Destin Daniel Cretton,140,All,Rishon Letzion,Yes Planet,629
14:00,Spider-Man: Brand New Day,ספיידרמן: יום חדש,https://tickets5.planetcinema.co.il/order/332437?lang=en,https://tickets5.planetcinema.co.il/order/332437?lang=he,Regular,2D,English,,2026-09-29,2026,,Destin Daniel Cretton,140,All,Rishon Letzion,Yes Planet,629
16:15,Spider-Man: Brand New Day,ספיידרמן: יום חדש,https://tickets5.planetcinema.co.il/order/332513?lang=en,https://tickets5.planetcinema.co.il/order/332513?lang=he,Regular,2D,English,,2026-09-29,2026,,Destin Daniel Cretton,140,All,Rishon Letzion,Yes Planet,629
19:15,Spider-Man: Brand New Day,ספיידרמן: יום חדש,https://tickets5.planetcinema.co.il/order/332481?lang=en,https://tickets5.planetcinema.co.il/order/332481?lang=he,Regular,2D,English,,2026-09-29,2026,,Destin Daniel Cretton,140,All,Rishon Letzion,Yes Planet,629
22:15,Spider-Man: Brand New Day,ספיידרמן: יום חדש,https://tickets5.planetcinema.co.il/order/332482?lang=en,https://tickets5.planetcinema.co.il/order/332482?lang=he,Regular,2D,English,,2026-09-29,2026,,Destin Daniel Cretton,140,All,Rishon Letzion,Yes Planet,629
23:15,Spider-Man: Brand New Day,ספיידרמן: יום חדש,https://tickets5.planetcinema.co.il/order/333596?lang=en,https://tickets5.planetcinema.co.il/order/333596?lang=he,Regular,2D,English,,2026-09-29,2026,,Destin Daniel Cretton,140,All,Rishon Letzion,Yes Planet,629
12:00,Spider-Man: Brand New Day,ספיידרמן: יום חדש,https://tickets5.planetcinema.co.il/order/332411?lang=en,https://tickets5.planetcinema.co.il/order/332411?lang=he,Regular,2D ScreenX,English,,2026-09-29,2026,,Destin Daniel Cretton,140,All,Rishon Letzion,Yes Planet,629
10:30,Spinned,מרגלים מהאגדות,https://tickets5.planetcinema.co.il/order/332464?lang=en,https://tickets5.planetcinema.co.il/order/332464?lang=he,Regular,2D,Hebrew,Hebrew,2026-09-29,2025,,,96,All,Rishon Letzion,Yes Planet,629
12:45,Spinned,מרגלים מהאגדות,https://tickets5.planetcinema.co.il/order/332465?lang=en,https://tickets5.planetcinema.co.il/order/332465?lang=he,Regular,2D,Hebrew,Hebrew,2026-09-29,2025,,,96,All,Rishon Letzion,Yes Planet,629
15:00,Spinned,מרגלים מהאגדות,https://tickets5.planetcinema.co.il/order/332466?lang=en,https://tickets5.planetcinema.co.il/order/332466?lang=he,Regular,2D,Hebrew,Hebrew,2026-09-29,2025,,,96,All,Rishon Letzion,Yes Planet,629
17:15,Spinned,מרגלים מהאגדות,https://tickets5.planetcinema.co.il/order/332483?lang=en,https://tickets5.planetcinema.co.il/order/332483?lang=he,Regular,2D,Hebrew,Hebrew,2026-09-29,2025,,,96,All,Rishon Letzion,Yes Planet,629
21:05,Sunny Dancer,חולים על החיים,https://tickets5.planetcinema.co.il/order/332429?lang=en,https://tickets5.planetcinema.co.il/order/332429?lang=he,Regular,2D,English,,2026-09-29,2026,,ג'ורג' ג'ייקס,106,12+,Rishon Letzion,Yes Planet,629
12:30,Tad and the Magic Lamp,טד החוקר ומנורת הקסמים,https://tickets5.planetcinema.co.il/order/332450?lang=en,https://tickets5.planetcinema.co.il/order/332450?lang=he,Regular,2D,Hebrew,Hebrew,2026-09-29,2026,,,94,All,Rishon Letzion,Yes Planet,629
14:15,Tad and the Magic Lamp,טד החוקר ומנורת הקסמים,https://tickets5.planetcinema.co.il/order/332441?lang=en,https://tickets5.planetcinema.co.il/order/332441?lang=he,Regular,2D,Hebrew,Hebrew,2026-09-29,2026,,,94,All,Rishon Letzion,Yes Planet,629
15:00,Tafiti: Across the Desert,טפיטי: הרפתקה במדבר,https://tickets5.planetcinema.co.il/order/332486?lang=en,https://tickets5.planetcinema.co.il/order/332486?lang=he,Regular,2D,Hebrew,Hebrew,2026-09-29,2025,,,81,All,Rishon Letzion,Yes Planet,629
10:00,tell me everything,עצמאות,https://tickets5.planetcinema.co.il/order/332456?lang=en,https://tickets5.planetcinema.co.il/order/332456?lang=he,Regular,2D,Hebrew,,2026-09-29,2026,,משה רוזנטל,109,12+,Rishon Letzion,Yes Planet,629
12:20,tell me everything,עצמאות,https://tickets5.planetcinema.co.il/order/332457?lang=en,https://tickets5.planetcinema.co.il/order/332457?lang=he,Regular,2D,Hebrew,,2026-09-29,2026,,משה רוזנטל,109,12+,Rishon Letzion,Yes Planet,629
14:40,tell me everything,עצמאות,https://tickets5.planetcinema.co.il/order/332458?lang=en,https://tickets5.planetcinema.co.il/order/332458?lang=he,Regular,2D,Hebrew,,2026-09-29,2026,,משה רוזנטל,109,12+,Rishon Letzion,Yes Planet,629
17:00,tell me everything,עצמאות,https://tickets5.planetcinema.co.il/order/332459?lang=en,https://tickets5.planetcinema.co.il/order/332459?lang=he,Regular,2D,Hebrew,,2026-09-29,2026,,משה רוזנטל,109,12+,Rishon Letzion,Yes Planet,629
19:20,tell me everything,עצמאות,https://tickets5.planetcinema.co.il/order/332460?lang=en,https://tickets5.planetcinema.co.il/order/332460?lang=he,Regular,2D,Hebrew,,2026-09-29,2026,,משה רוזנטל,109,12+,Rishon Letzion,Yes Planet,629
21:40,tell me everything,עצמאות,https://tickets5.planetcinema.co.il/order/332461?lang=en,https://tickets5.planetcinema.co.il/order/332461?lang=he,Regular,2D,Hebrew,,2026-09-29,2026,,משה רוזנטל,109,12+,Rishon Letzion,Yes Planet,629
17:30,tell me everything,עצמאות,https://tickets5.planetcinema.co.il/order/332418?lang=en,https://tickets5.planetcinema.co.il/order/332418?lang=he,VIP,2D,Hebrew,,2026-09-29,2026,,משה רוזנטל,109,12+,Rishon Letzion,Yes Planet,629
20:00,tell me everything,עצמאות,https://tickets5.planetcinema.co.il/order/332419?lang=en,https://tickets5.planetcinema.co.il/order/332419?lang=he,VIP,2D,Hebrew,,2026-09-29,2026,,משה רוזנטל,109,12+,Rishon Letzion,Yes Planet,629
22:30,tell me everything,עצמאות,https://tickets5.planetcinema.co.il/order/332420?lang=en,https://tickets5.planetcinema.co.il/order/332420?lang=he,VIP,2D,Hebrew,,2026-09-29,2026,,משה רוזנטל,109,12+,Rishon Letzion,Yes Planet,629
12:10,THE DESERT CHILD,ילד המדבר,https://tickets5.planetcinema.co.il/order/332430?lang=en,https://tickets5.planetcinema.co.il/order/332430?lang=he,Regular,2D,Hebrew,Hebrew,2026-09-29,2026,,Gilles de Maistre,92,All,Rishon Letzion,Yes Planet,629
21:30,THE LUCKIEST MAN IN AMERICA,איש החידות,https://tickets5.planetcinema.co.il/order/332501?lang=en,https://tickets5.planetcinema.co.il/order/332501?lang=he,Regular,2D,English,,2026-09-29,2024,,Samir Oliveros,91,All,Rishon Letzion,Yes Planet,629
11:00,The Odyssey,האודיסאה,https://tickets5.planetcinema.co.il/order/332452?lang=en,https://tickets5.planetcinema.co.il/order/332452?lang=he,Regular,2D,English,,2026-09-29,2026,,Christopher Nolan,172,14+,Rishon Letzion,Yes Planet,629
14:30,The Odyssey,האודיסאה,https://tickets5.planetcinema.co.il/order/332453?lang=en,https://tickets5.planetcinema.co.il/order/332453?lang=he,Regular,2D,English,,2026-09-29,2026,,Christopher Nolan,172,14+,Rishon Letzion,Yes Planet,629
18:00,The Odyssey,האודיסאה,https://tickets5.planetcinema.co.il/order/332454?lang=en,https://tickets5.planetcinema.co.il/order/332454?lang=he,Regular,2D,English,,2026-09-29,2026,,Christopher Nolan,172,14+,Rishon Letzion,Yes Planet,629
21:30,The Odyssey,האודיסאה,https://tickets5.planetcinema.co.il/order/332455?lang=en,https://tickets5.planetcinema.co.il/order/332455?lang=he,Regular,2D,English,,2026-09-29,2026,,Christopher Nolan,172,14+,Rishon Letzion,Yes Planet,629
12:15,The Odyssey,האודיסאה,https://tickets5.planetcinema.co.il/order/332982?lang=en,https://tickets5.planetcinema.co.il/order/332982?lang=he,Regular,2D IMAX,English,,2026-09-29,2026,,Christopher Nolan,172,14+,Rishon Letzion,Yes Planet,629
23:00,The Odyssey,האודיסאה,https://tickets5.planetcinema.co.il/order/333569?lang=en,https://tickets5.planetcinema.co.il/order/333569?lang=he,Regular,2D IMAX,English,,2026-09-29,2026,,Christopher Nolan,172,14+,Rishon Letzion,Yes Planet,629
10:00,THE POUT POUT FISH,דג ושמו באסה,https://tickets5.planetcinema.co.il/order/332488?lang=en,https://tickets5.planetcinema.co.il/order/332488?lang=he,Regular,2D,Hebrew,Hebrew,2026-09-29,2026,,,93,All,Rishon Letzion,Yes Planet,629
12:00,THE POUT POUT FISH,דג ושמו באסה,https://tickets5.planetcinema.co.il/order/332489?lang=en,https://tickets5.planetcinema.co.il/order/332489?lang=he,Regular,2D,Hebrew,Hebrew,2026-09-29,2026,,,93,All,Rishon Letzion,Yes Planet,629
18:30,The Uprising,המרד,https://tickets5.planetcinema.co.il/order/332505?lang=en,https://tickets5.planetcinema.co.il/order/332505?lang=he,Regular,2D,English,,2026-09-29,2026,,Paul Greengrass,127,14+,Rishon Letzion,Yes Planet,629
10:15,Toy Story 5,צעצוע של סיפור 5,https://tickets5.planetcinema.co.il/order/332493?lang=en,https://tickets5.planetcinema.co.il/order/332493?lang=he,Regular,2D,English,Hebrew,2026-09-29,2026,,,102,All,Rishon Letzion,Yes Planet,629
15:10,Toy Story 5,צעצוע של סיפור 5,https://tickets5.planetcinema.co.il/order/332443?lang=en,https://tickets5.planetcinema.co.il/order/332443?lang=he,Regular,2D,English,Hebrew,2026-09-29,2026,,,102,All,Rishon Letzion,Yes Planet,629
10:00,Valley of Shadows,בחזרה מההימלאיה,https://tickets5.planetcinema.co.il/order/332485?lang=en,https://tickets5.planetcinema.co.il/order/332485?lang=he,Regular,2D,Spanish,,2026-09-29,2023,,Salvador Calvo,120,12+,Rishon Letzion,Yes Planet,629
14:40,Valley of Shadows,בחזרה מההימלאיה,https://tickets5.planetcinema.co.il/order/332449?lang=en,https://tickets5.planetcinema.co.il/order/332449?lang=he,Regular,2D,Spanish,,2026-09-29,2023,,Salvador Calvo,120,12+,Rishon Letzion,Yes Planet,629
10:15,Matchmaking 3,בחורים טובים 3,https://tickets5.planetcinema.co.il/order/332578?lang=en,https://tickets5.planetcinema.co.il/order/332578?lang=he,Regular,2D,Hebrew,,2026-09-30,2026,,ארז תדמור,105,All,Rishon Letzion,Yes Planet,629
12:30,Matchmaking 3,בחורים טובים 3,https://tickets5.planetcinema.co.il/order/332579?lang=en,https://tickets5.planetcinema.co.il/order/332579?lang=he,Regular,2D,Hebrew,,2026-09-30,2026,,ארז תדמור,105,All,Rishon Letzion,Yes Planet,629
14:45,Matchmaking 3,בחורים טובים 3,https://tickets5.planetcinema.co.il/order/332580?lang=en,https://tickets5.planetcinema.co.il/order/332580?lang=he,Regular,2D,Hebrew,,2026-09-30,2026,,ארז תדמור,105,All,Rishon Letzion,Yes Planet,629
17:00,Matchmaking 3,בחורים טובים 3,https://tickets5.planetcinema.co.il/order/332581?lang=en,https://tickets5.planetcinema.co.il/order/332581?lang=he,Regular,2D,Hebrew,,2026-09-30,2026,,ארז תדמור,105,All,Rishon Letzion,Yes Planet,629
19:15,Matchmaking 3,בחורים טובים 3,https://tickets5.planetcinema.co.il/order/332582?lang=en,https://tickets5.planetcinema.co.il/order/332582?lang=he,Regular,2D,Hebrew,,2026-09-30,2026,,ארז תדמור,105,All,Rishon Letzion,Yes Planet,629
21:00,Matchmaking 3,בחורים טובים 3,https://tickets5.planetcinema.co.il/order/332549?lang=en,https://tickets5.planetcinema.co.il/order/332549?lang=he,Regular,2D,Hebrew,,2026-09-30,2026,,ארז תדמור,105,All,Rishon Letzion,Yes Planet,629
21:30,Matchmaking 3,בחורים טובים 3,https://tickets5.planetcinema.co.il/order/332583?lang=en,https://tickets5.planetcinema.co.il/order/332583?lang=he,Regular,2D,Hebrew,,2026-09-30,2026,,ארז תדמור,105,All,Rishon Letzion,Yes Planet,629
18:30,Matchmaking 3,בחורים טובים 3,https://tickets5.planetcinema.co.il/order/332524?lang=en,https://tickets5.planetcinema.co.il/order/332524?lang=he,VIP,2D,Hebrew,,2026-09-30,2026,,ארז תדמור,105,All,Rishon Letzion,Yes Planet,629
21:00,Matchmaking 3,בחורים טובים 3,https://tickets5.planetcinema.co.il/order/332525?lang=en,https://tickets5.planetcinema.co.il/order/332525?lang=he,VIP,2D,Hebrew,,2026-09-30,2026,,ארז תדמור,105,All,Rishon Letzion,Yes Planet,629
10:00,Forgotten Island,האי הנעלם,https://tickets5.planetcinema.co.il/order/332550?lang=en,https://tickets5.planetcinema.co.il/order/332550?lang=he,Regular,2D,English,Hebrew,2026-09-30,2026,,,98,9+,Rishon Letzion,Yes Planet,629
10:45,Forgotten Island,האי הנעלם,https://tickets5.planetcinema.co.il/order/332556?lang=en,https://tickets5.planetcinema.co.il/order/332556?lang=he,Regular,2D,English,Hebrew,2026-09-30,2026,,,98,9+,Rishon Letzion,Yes Planet,629
13:00,Forgotten Island,האי הנעלם,https://tickets5.planetcinema.co.il/order/332557?lang=en,https://tickets5.planetcinema.co.il/order/332557?lang=he,Regular,2D,English,Hebrew,2026-09-30,2026,,,98,9+,Rishon Letzion,Yes Planet,629
15:15,Forgotten Island,האי הנעלם,https://tickets5.planetcinema.co.il/order/332558?lang=en,https://tickets5.planetcinema.co.il/order/332558?lang=he,Regular,2D,English,Hebrew,2026-09-30,2026,,,98,9+,Rishon Letzion,Yes Planet,629
17:30,Forgotten Island,האי הנעלם,https://tickets5.planetcinema.co.il/order/332559?lang=en,https://tickets5.planetcinema.co.il/order/332559?lang=he,Regular,2D,English,Hebrew,2026-09-30,2026,,,98,9+,Rishon Letzion,Yes Planet,629
19:30,Forgotten Island,האי הנעלם,https://tickets5.planetcinema.co.il/order/332588?lang=en,https://tickets5.planetcinema.co.il/order/332588?lang=he,Regular,2D,English,,2026-09-30,2026,,,98,9+,Rishon Letzion,Yes Planet,629
21:45,Forgotten Island,האי הנעלם,https://tickets5.planetcinema.co.il/order/332589?lang=en,https://tickets5.planetcinema.co.il/order/332589?lang=he,Regular,2D,English,,2026-09-30,2026,,,98,9+,Rishon Letzion,Yes Planet,629
15:45,Avengers: Endgame re-release,הנוקמים: סוף המשחק - הדרן,https://tickets5.planetcinema.co.il/order/332518?lang=en,https://tickets5.planetcinema.co.il/order/332518?lang=he,Regular,2D IMAX,English,,2026-09-30,2019,,,181,All,Rishon Letzion,Yes Planet,629
19:30,Avengers: Endgame re-release,הנוקמים: סוף המשחק - הדרן,https://tickets5.planetcinema.co.il/order/332519?lang=en,https://tickets5.planetcinema.co.il/order/332519?lang=he,Regular,2D IMAX,English,,2026-09-30,2019,,,181,All,Rishon Letzion,Yes Planet,629
16:15,Avengers: Endgame re-release,הנוקמים: סוף המשחק - הדרן,https://tickets5.planetcinema.co.il/order/332533?lang=en,https://tickets5.planetcinema.co.il/order/332533?lang=he,Regular,2D,English,,2026-09-30,2019,,,181,All,Rishon Letzion,Yes Planet,629
20:00,Avengers: Endgame re-release,הנוקמים: סוף המשחק - הדרן,https://tickets5.planetcinema.co.il/order/332532?lang=en,https://tickets5.planetcinema.co.il/order/332532?lang=he,Regular,2D,English,,2026-09-30,2019,,,181,All,Rishon Letzion,Yes Planet,629
18:00,Avengers: Endgame re-release,הנוקמים: סוף המשחק - הדרן,https://tickets5.planetcinema.co.il/order/332520?lang=en,https://tickets5.planetcinema.co.il/order/332520?lang=he,VIP,2D,English,,2026-09-30,2019,,,181,All,Rishon Letzion,Yes Planet,629
21:30,Avengers: Endgame re-release,הנוקמים: סוף המשחק - הדרן,https://tickets5.planetcinema.co.il/order/332521?lang=en,https://tickets5.planetcinema.co.il/order/332521?lang=he,VIP,2D,English,,2026-09-30,2019,,,181,All,Rishon Letzion,Yes Planet,629
10:30,Avengers: Endgame re-release - Infinity Vision,הנוקמים: סוף המשחק - הדרן - Infinity Vi,https://tickets5.planetcinema.co.il/order/333063?lang=en,https://tickets5.planetcinema.co.il/order/333063?lang=he,INFINITY VISION2D,INFINITY VISION2D,English,,2026-09-30,2019,,,181,,Rishon Letzion,Yes Planet,629
14:00,Avengers: Endgame re-release - Infinity Vision,הנוקמים: סוף המשחק - הדרן - Infinity Vi,https://tickets5.planetcinema.co.il/order/333065?lang=en,https://tickets5.planetcinema.co.il/order/333065?lang=he,INFINITY VISION2D,INFINITY VISION2D,English,,2026-09-30,2019,,,181,,Rishon Letzion,Yes Planet,629
17:30,Avengers: Endgame re-release - Infinity Vision,הנוקמים: סוף המשחק - הדרן - Infinity Vi,https://tickets5.planetcinema.co.il/order/333066?lang=en,https://tickets5.planetcinema.co.il/order/333066?lang=he,INFINITY VISION2D,INFINITY VISION2D,English,,2026-09-30,2019,,,181,,Rishon Letzion,Yes Planet,629
17:30,Avengers: Endgame re-release - Infinity Vision,הנוקמים: סוף המשחק - הדרן - Infinity Vi,https://tickets5.planetcinema.co.il/order/332517?lang=en,https://tickets5.planetcinema.co.il/order/332517?lang=he,INFINITY VISIONSCREENX2D,INFINITY VISIONSCREENX2D,English,,2026-09-30,2019,,,181,,Rishon Letzion,Yes Planet,629
21:15,Avengers: Endgame re-release - Infinity Vision,הנוקמים: סוף המשחק - הדרן - Infinity Vi,https://tickets5.planetcinema.co.il/order/332516?lang=en,https://tickets5.planetcinema.co.il/order/332516?lang=he,INFINITY VISIONSCREENX2D,INFINITY VISIONSCREENX2D,English,,2026-09-30,2019,,,181,,Rishon Letzion,Yes Planet,629
21:40,Before We Leave Tuscany,להתאהב בטוסקנה,https://tickets5.planetcinema.co.il/order/332618?lang=en,https://tickets5.planetcinema.co.il/order/332618?lang=he,Regular,2D,English,,2026-09-30,,,,91,All,Rishon Letzion,Yes Planet,629
10:30,CHARLIE THE WONDERDOG,וונדר-דוג,https://tickets5.planetcinema.co.il/order/332584?lang=en,https://tickets5.planetcinema.co.il/order/332584?lang=he,Regular,2D,Hebrew,Hebrew,2026-09-30,2025,,,92,All,Rishon Letzion,Yes Planet,629
12:45,CHARLIE THE WONDERDOG,וונדר-דוג,https://tickets5.planetcinema.co.il/order/332585?lang=en,https://tickets5.planetcinema.co.il/order/332585?lang=he,Regular,2D,Hebrew,Hebrew,2026-09-30,2025,,,92,All,Rishon Letzion,Yes Planet,629
15:00,CHARLIE THE WONDERDOG,וונדר-דוג,https://tickets5.planetcinema.co.il/order/332586?lang=en,https://tickets5.planetcinema.co.il/order/332586?lang=he,Regular,2D,Hebrew,Hebrew,2026-09-30,2025,,,92,All,Rishon Letzion,Yes Planet,629
17:15,CHARLIE THE WONDERDOG,וונדר-דוג,https://tickets5.planetcinema.co.il/order/332587?lang=en,https://tickets5.planetcinema.co.il/order/332587?lang=he,Regular,2D,Hebrew,Hebrew,2026-09-30,2025,,,92,All,Rishon Letzion,Yes Planet,629
10:20,Coyote vs. Acme,קיוטי נגד אקמי,https://tickets5.planetcinema.co.il/order/332562?lang=en,https://tickets5.planetcinema.co.il/order/332562?lang=he,Regular,2D,English,Hebrew,2026-09-30,2026,,,101,All,Rishon Letzion,Yes Planet,629
16:40,crawlers,קרולרס,https://tickets5.planetcinema.co.il/order/332601?lang=en,https://tickets5.planetcinema.co.il/order/332601?lang=he,Regular,2D,English,,2026-09-30,2026,,,86,14+,Rishon Letzion,Yes Planet,629
18:35,crawlers,קרולרס,https://tickets5.planetcinema.co.il/order/332602?lang=en,https://tickets5.planetcinema.co.il/order/332602?lang=he,Regular,2D,English,,2026-09-30,2026,,,86,14+,Rishon Letzion,Yes Planet,629
20:30,crawlers,קרולרס,https://tickets5.planetcinema.co.il/order/332603?lang=en,https://tickets5.planetcinema.co.il/order/332603?lang=he,Regular,2D,English,,2026-09-30,2026,,,86,14+,Rishon Letzion,Yes Planet,629
22:30,crawlers,קרולרס,https://tickets5.planetcinema.co.il/order/332615?lang=en,https://tickets5.planetcinema.co.il/order/332615?lang=he,Regular,2D,English,,2026-09-30,2026,,,86,14+,Rishon Letzion,Yes Planet,629
19:00,FALL 2,תלויה באוויר 2,https://tickets5.planetcinema.co.il/order/332617?lang=en,https://tickets5.planetcinema.co.il/order/332617?lang=he,Regular,2D,English,,2026-09-30,2026,,"Michael Spierig, Peter Spierig",100,9+,Rishon Letzion,Yes Planet,629
16:15,Fast and the Furious - 25th Anniversary,מהיר ועצבני - חגיגות 25 שנה,https://tickets5.planetcinema.co.il/order/332544?lang=en,https://tickets5.planetcinema.co.il/order/332544?lang=he,Regular,2D,English,,2026-09-30,2001,,Rob Cohen,106,,Rishon Letzion,Yes Planet,629
22:00,Fast and the Furious - 25th Anniversary,מהיר ועצבני - חגיגות 25 שנה,https://tickets5.planetcinema.co.il/order/332611?lang=en,https://tickets5.planetcinema.co.il/order/332611?lang=he,Regular,2D,English,,2026-09-30,2001,,Rob Cohen,106,,Rishon Letzion,Yes Planet,629
23:30,Fast and the Furious - 25th Anniversary,מהיר ועצבני - חגיגות 25 שנה,https://tickets5.planetcinema.co.il/order/333601?lang=en,https://tickets5.planetcinema.co.il/order/333601?lang=he,Regular,2D,English,,2026-09-30,2001,,Rob Cohen,106,,Rishon Letzion,Yes Planet,629
10:15,Heart of the Beast,בלב הפרא,https://tickets5.planetcinema.co.il/order/332605?lang=en,https://tickets5.planetcinema.co.il/order/332605?lang=he,Regular,2D,English,,2026-09-30,2026,,David Ayer,101,All,Rishon Letzion,Yes Planet,629
12:30,Heart of the Beast,בלב הפרא,https://tickets5.planetcinema.co.il/order/332606?lang=en,https://tickets5.planetcinema.co.il/order/332606?lang=he,Regular,2D,English,,2026-09-30,2026,,David Ayer,101,All,Rishon Letzion,Yes Planet,629
14:45,Heart of the Beast,בלב הפרא,https://tickets5.planetcinema.co.il/order/332607?lang=en,https://tickets5.planetcinema.co.il/order/332607?lang=he,Regular,2D,English,,2026-09-30,2026,,David Ayer,101,All,Rishon Letzion,Yes Planet,629
17:00,Heart of the Beast,בלב הפרא,https://tickets5.planetcinema.co.il/order/332608?lang=en,https://tickets5.planetcinema.co.il/order/332608?lang=he,Regular,2D,English,,2026-09-30,2026,,David Ayer,101,All,Rishon Letzion,Yes Planet,629
19:15,Heart of the Beast,בלב הפרא,https://tickets5.planetcinema.co.il/order/332609?lang=en,https://tickets5.planetcinema.co.il/order/332609?lang=he,Regular,2D,English,,2026-09-30,2026,,David Ayer,101,All,Rishon Letzion,Yes Planet,629
21:30,Heart of the Beast,בלב הפרא,https://tickets5.planetcinema.co.il/order/332610?lang=en,https://tickets5.planetcinema.co.il/order/332610?lang=he,Regular,2D,English,,2026-09-30,2026,,David Ayer,101,All,Rishon Letzion,Yes Planet,629
23:25,Heart of the Beast,בלב הפרא,https://tickets5.planetcinema.co.il/order/333598?lang=en,https://tickets5.planetcinema.co.il/order/333598?lang=he,Regular,2D,English,,2026-09-30,2026,,David Ayer,101,All,Rishon Letzion,Yes Planet,629
17:00,Heart of the Beast,בלב הפרא,https://tickets5.planetcinema.co.il/order/332527?lang=en,https://tickets5.planetcinema.co.il/order/332527?lang=he,VIP,2D,English,,2026-09-30,2026,,David Ayer,101,All,Rishon Letzion,Yes Planet,629
19:30,Heart of the Beast,בלב הפרא,https://tickets5.planetcinema.co.il/order/332526?lang=en,https://tickets5.planetcinema.co.il/order/332526?lang=he,VIP,2D,English,,2026-09-30,2026,,David Ayer,101,All,Rishon Letzion,Yes Planet,629
22:00,Heart of the Beast,בלב הפרא,https://tickets5.planetcinema.co.il/order/332528?lang=en,https://tickets5.planetcinema.co.il/order/332528?lang=he,VIP,2D,English,,2026-09-30,2026,,David Ayer,101,All,Rishon Letzion,Yes Planet,629
19:30,Hill 338,גבעה 338,https://tickets5.planetcinema.co.il/order/332630?lang=en,https://tickets5.planetcinema.co.il/order/332630?lang=he,Regular,2D,Hebrew,,2026-09-30,2026,,ארז בן הרוש,106,9+,Rishon Letzion,Yes Planet,629
17:20,KUPA RASHIT,קופה ראשית,https://tickets5.planetcinema.co.il/order/332623?lang=en,https://tickets5.planetcinema.co.il/order/332623?lang=he,Regular,2D,Hebrew,,2026-09-30,2026,,,91,All,Rishon Letzion,Yes Planet,629
22:30,KUPA RASHIT,קופה ראשית,https://tickets5.planetcinema.co.il/order/332620?lang=en,https://tickets5.planetcinema.co.il/order/332620?lang=he,Regular,2D,Hebrew,,2026-09-30,2026,,,91,All,Rishon Letzion,Yes Planet,629
10:15,Land of Someitmes,אספן המשאלות,https://tickets5.planetcinema.co.il/order/332534?lang=en,https://tickets5.planetcinema.co.il/order/332534?lang=he,Regular,2D,Hebrew,Hebrew,2026-09-30,2026,,,93,All,Rishon Letzion,Yes Planet,629
12:30,Land of Someitmes,אספן המשאלות,https://tickets5.planetcinema.co.il/order/332535?lang=en,https://tickets5.planetcinema.co.il/order/332535?lang=he,Regular,2D,Hebrew,Hebrew,2026-09-30,2026,,,93,All,Rishon Letzion,Yes Planet,629
14:30,Land of Someitmes,אספן המשאלות,https://tickets5.planetcinema.co.il/order/332536?lang=en,https://tickets5.planetcinema.co.il/order/332536?lang=he,Regular,2D,Hebrew,Hebrew,2026-09-30,2026,,,93,All,Rishon Letzion,Yes Planet,629
16:45,Land of Someitmes,אספן המשאלות,https://tickets5.planetcinema.co.il/order/332595?lang=en,https://tickets5.planetcinema.co.il/order/332595?lang=he,Regular,2D,Hebrew,Hebrew,2026-09-30,2026,,,93,All,Rishon Letzion,Yes Planet,629
19:30,Magshimim,תיכון מגשימים,https://tickets5.planetcinema.co.il/order/332555?lang=en,https://tickets5.planetcinema.co.il/order/332555?lang=he,Regular,2D,Hebrew,,2026-09-30,2026,,,100,12+,Rishon Letzion,Yes Planet,629
12:15,Minions & Monsters,מיניונים ומפלצות,https://tickets5.planetcinema.co.il/order/332551?lang=en,https://tickets5.planetcinema.co.il/order/332551?lang=he,Regular,2D,English,Hebrew,2026-09-30,2026,,,90,All,Rishon Letzion,Yes Planet,629
12:30,Moana Live Action,מואנה לייב אקשן,https://tickets5.planetcinema.co.il/order/332598?lang=en,https://tickets5.planetcinema.co.il/order/332598?lang=he,Regular,2D,English,Hebrew,2026-09-30,2026,,,120,All,Rishon Letzion,Yes Planet,629
17:00,Orphan,יתום,https://tickets5.planetcinema.co.il/order/332573?lang=en,https://tickets5.planetcinema.co.il/order/332573?lang=he,Regular,2D,Hungarian,,2026-09-30,2025,,לאסלו נמש,132,14+,Rishon Letzion,Yes Planet,629
19:40,Orphan,יתום,https://tickets5.planetcinema.co.il/order/332574?lang=en,https://tickets5.planetcinema.co.il/order/332574?lang=he,Regular,2D,Hungarian,,2026-09-30,2025,,לאסלו נמש,132,14+,Rishon Letzion,Yes Planet,629
21:45,Orphan,יתום,https://tickets5.planetcinema.co.il/order/332619?lang=en,https://tickets5.planetcinema.co.il/order/332619?lang=he,Regular,2D,Hungarian,,2026-09-30,2025,,לאסלו נמש,132,14+,Rishon Letzion,Yes Planet,629
10:10,Paw Patrol: The Dino Movie,מפרץ ההרפתקאות: אי הדינוזאורים,https://tickets5.planetcinema.co.il/order/332542?lang=en,https://tickets5.planetcinema.co.il/order/332542?lang=he,Regular,2D,Hebrew,Hebrew,2026-09-30,2026,,,90,All,Rishon Letzion,Yes Planet,629
14:10,Paw Patrol: The Dino Movie,מפרץ ההרפתקאות: אי הדינוזאורים,https://tickets5.planetcinema.co.il/order/332543?lang=en,https://tickets5.planetcinema.co.il/order/332543?lang=he,Regular,2D,Hebrew,Hebrew,2026-09-30,2026,,,90,All,Rishon Letzion,Yes Planet,629
14:00,Practical Magic 2,קסם מעשי 2,https://tickets5.planetcinema.co.il/order/332614?lang=en,https://tickets5.planetcinema.co.il/order/332614?lang=he,Regular,2D,English,,2026-09-30,2026,,Susanne Bier,130,All,Rishon Letzion,Yes Planet,629
16:30,Primavera,פרימוורה,https://tickets5.planetcinema.co.il/order/332537?lang=en,https://tickets5.planetcinema.co.il/order/332537?lang=he,Regular,2D,Italian,,2026-09-30,2025,,דמיאנו מיקילייט,110,12+,Rishon Letzion,Yes Planet,629
19:00,Primavera,פרימוורה,https://tickets5.planetcinema.co.il/order/332538?lang=en,https://tickets5.planetcinema.co.il/order/332538?lang=he,Regular,2D,Italian,,2026-09-30,2025,,דמיאנו מיקילייט,110,12+,Rishon Letzion,Yes Planet,629
21:30,Primavera,פרימוורה,https://tickets5.planetcinema.co.il/order/332539?lang=en,https://tickets5.planetcinema.co.il/order/332539?lang=he,Regular,2D,Italian,,2026-09-30,2025,,דמיאנו מיקילייט,110,12+,Rishon Letzion,Yes Planet,629
10:00,Resident Evil,האויב שבפנים,https://tickets5.planetcinema.co.il/order/333717?lang=en,https://tickets5.planetcinema.co.il/order/333717?lang=he,Regular,2D IMAX,English,,2026-09-30,2026,,Zach Cregger,90,16+,Rishon Letzion,Yes Planet,629
15:00,Resident Evil,האויב שבפנים,https://tickets5.planetcinema.co.il/order/332523?lang=en,https://tickets5.planetcinema.co.il/order/332523?lang=he,Regular,2D ScreenX,English,,2026-09-30,2026,,Zach Cregger,90,16+,Rishon Letzion,Yes Planet,629
17:00,Resident Evil,האויב שבפנים,https://tickets5.planetcinema.co.il/order/332546?lang=en,https://tickets5.planetcinema.co.il/order/332546?lang=he,Regular,2D,English,,2026-09-30,2026,,Zach Cregger,90,16+,Rishon Letzion,Yes Planet,629
19:45,RUNNER,ראנר,https://tickets5.planetcinema.co.il/order/332629?lang=en,https://tickets5.planetcinema.co.il/order/332629?lang=he,Regular,2D,Hebrew,,2026-09-30,2026,,Scott Waugh,93,12+,Rishon Letzion,Yes Planet,629
12:30,Sentimental Value,ערך סנטימנטלי,https://tickets5.planetcinema.co.il/order/332553?lang=en,https://tickets5.planetcinema.co.il/order/332553?lang=he,Regular,2D,Norwegian,,2026-09-30,2025,,יואכים טרייר,133,All,Rishon Letzion,Yes Planet,629
10:15,Spider-Man: Brand New Day,ספיידרמן: יום חדש,https://tickets5.planetcinema.co.il/order/332590?lang=en,https://tickets5.planetcinema.co.il/order/332590?lang=he,Regular,2D,English,,2026-09-30,2026,,Destin Daniel Cretton,140,All,Rishon Letzion,Yes Planet,629
11:00,Spider-Man: Brand New Day,ספיידרמן: יום חדש,https://tickets5.planetcinema.co.il/order/332547?lang=en,https://tickets5.planetcinema.co.il/order/332547?lang=he,Regular,2D,English,,2026-09-30,2026,,Destin Daniel Cretton,140,All,Rishon Letzion,Yes Planet,629
13:15,Spider-Man: Brand New Day,ספיידרמן: יום חדש,https://tickets5.planetcinema.co.il/order/332591?lang=en,https://tickets5.planetcinema.co.il/order/332591?lang=he,Regular,2D,English,,2026-09-30,2026,,Destin Daniel Cretton,140,All,Rishon Letzion,Yes Planet,629
14:00,Spider-Man: Brand New Day,ספיידרמן: יום חדש,https://tickets5.planetcinema.co.il/order/332548?lang=en,https://tickets5.planetcinema.co.il/order/332548?lang=he,Regular,2D,English,,2026-09-30,2026,,Destin Daniel Cretton,140,All,Rishon Letzion,Yes Planet,629
16:15,Spider-Man: Brand New Day,ספיידרמן: יום חדש,https://tickets5.planetcinema.co.il/order/332622?lang=en,https://tickets5.planetcinema.co.il/order/332622?lang=he,Regular,2D,English,,2026-09-30,2026,,Destin Daniel Cretton,140,All,Rishon Letzion,Yes Planet,629
19:15,Spider-Man: Brand New Day,ספיידרמן: יום חדש,https://tickets5.planetcinema.co.il/order/332592?lang=en,https://tickets5.planetcinema.co.il/order/332592?lang=he,Regular,2D,English,,2026-09-30,2026,,Destin Daniel Cretton,140,All,Rishon Letzion,Yes Planet,629
22:15,Spider-Man: Brand New Day,ספיידרמן: יום חדש,https://tickets5.planetcinema.co.il/order/332593?lang=en,https://tickets5.planetcinema.co.il/order/332593?lang=he,Regular,2D,English,,2026-09-30,2026,,Destin Daniel Cretton,140,All,Rishon Letzion,Yes Planet,629
23:15,Spider-Man: Brand New Day,ספיידרמן: יום חדש,https://tickets5.planetcinema.co.il/order/333600?lang=en,https://tickets5.planetcinema.co.il/order/333600?lang=he,Regular,2D,English,,2026-09-30,2026,,Destin Daniel Cretton,140,All,Rishon Letzion,Yes Planet,629
12:00,Spider-Man: Brand New Day,ספיידרמן: יום חדש,https://tickets5.planetcinema.co.il/order/332522?lang=en,https://tickets5.planetcinema.co.il/order/332522?lang=he,Regular,2D ScreenX,English,,2026-09-30,2026,,Destin Daniel Cretton,140,All,Rishon Letzion,Yes Planet,629
10:30,Spinned,מרגלים מהאגדות,https://tickets5.planetcinema.co.il/order/332575?lang=en,https://tickets5.planetcinema.co.il/order/332575?lang=he,Regular,2D,Hebrew,Hebrew,2026-09-30,2025,,,96,All,Rishon Letzion,Yes Planet,629
12:45,Spinned,מרגלים מהאגדות,https://tickets5.planetcinema.co.il/order/332576?lang=en,https://tickets5.planetcinema.co.il/order/332576?lang=he,Regular,2D,Hebrew,Hebrew,2026-09-30,2025,,,96,All,Rishon Letzion,Yes Planet,629
15:00,Spinned,מרגלים מהאגדות,https://tickets5.planetcinema.co.il/order/332577?lang=en,https://tickets5.planetcinema.co.il/order/332577?lang=he,Regular,2D,Hebrew,Hebrew,2026-09-30,2025,,,96,All,Rishon Letzion,Yes Planet,629
17:15,Spinned,מרגלים מהאגדות,https://tickets5.planetcinema.co.il/order/332594?lang=en,https://tickets5.planetcinema.co.il/order/332594?lang=he,Regular,2D,Hebrew,Hebrew,2026-09-30,2025,,,96,All,Rishon Letzion,Yes Planet,629
12:30,Tad and the Magic Lamp,טד החוקר ומנורת הקסמים,https://tickets5.planetcinema.co.il/order/332561?lang=en,https://tickets5.planetcinema.co.il/order/332561?lang=he,Regular,2D,Hebrew,Hebrew,2026-09-30,2026,,,94,All,Rishon Letzion,Yes Planet,629
14:15,Tad and the Magic Lamp,טד החוקר ומנורת הקסמים,https://tickets5.planetcinema.co.il/order/332552?lang=en,https://tickets5.planetcinema.co.il/order/332552?lang=he,Regular,2D,Hebrew,Hebrew,2026-09-30,2026,,,94,All,Rishon Letzion,Yes Planet,629
15:00,Tafiti: Across the Desert,טפיטי: הרפתקה במדבר,https://tickets5.planetcinema.co.il/order/332597?lang=en,https://tickets5.planetcinema.co.il/order/332597?lang=he,Regular,2D,Hebrew,Hebrew,2026-09-30,2025,,,81,All,Rishon Letzion,Yes Planet,629
10:00,tell me everything,עצמאות,https://tickets5.planetcinema.co.il/order/332567?lang=en,https://tickets5.planetcinema.co.il/order/332567?lang=he,Regular,2D,Hebrew,,2026-09-30,2026,,משה רוזנטל,109,12+,Rishon Letzion,Yes Planet,629
12:20,tell me everything,עצמאות,https://tickets5.planetcinema.co.il/order/332568?lang=en,https://tickets5.planetcinema.co.il/order/332568?lang=he,Regular,2D,Hebrew,,2026-09-30,2026,,משה רוזנטל,109,12+,Rishon Letzion,Yes Planet,629
14:40,tell me everything,עצמאות,https://tickets5.planetcinema.co.il/order/332569?lang=en,https://tickets5.planetcinema.co.il/order/332569?lang=he,Regular,2D,Hebrew,,2026-09-30,2026,,משה רוזנטל,109,12+,Rishon Letzion,Yes Planet,629
17:00,tell me everything,עצמאות,https://tickets5.planetcinema.co.il/order/332570?lang=en,https://tickets5.planetcinema.co.il/order/332570?lang=he,Regular,2D,Hebrew,,2026-09-30,2026,,משה רוזנטל,109,12+,Rishon Letzion,Yes Planet,629
19:20,tell me everything,עצמאות,https://tickets5.planetcinema.co.il/order/332571?lang=en,https://tickets5.planetcinema.co.il/order/332571?lang=he,Regular,2D,Hebrew,,2026-09-30,2026,,משה רוזנטל,109,12+,Rishon Letzion,Yes Planet,629
21:40,tell me everything,עצמאות,https://tickets5.planetcinema.co.il/order/332572?lang=en,https://tickets5.planetcinema.co.il/order/332572?lang=he,Regular,2D,Hebrew,,2026-09-30,2026,,משה רוזנטל,109,12+,Rishon Letzion,Yes Planet,629
17:30,tell me everything,עצמאות,https://tickets5.planetcinema.co.il/order/332529?lang=en,https://tickets5.planetcinema.co.il/order/332529?lang=he,VIP,2D,Hebrew,,2026-09-30,2026,,משה רוזנטל,109,12+,Rishon Letzion,Yes Planet,629
20:00,tell me everything,עצמאות,https://tickets5.planetcinema.co.il/order/332530?lang=en,https://tickets5.planetcinema.co.il/order/332530?lang=he,VIP,2D,Hebrew,,2026-09-30,2026,,משה רוזנטל,109,12+,Rishon Letzion,Yes Planet,629
22:30,tell me everything,עצמאות,https://tickets5.planetcinema.co.il/order/332531?lang=en,https://tickets5.planetcinema.co.il/order/332531?lang=he,VIP,2D,Hebrew,,2026-09-30,2026,,משה רוזנטל,109,12+,Rishon Letzion,Yes Planet,629
12:10,THE DESERT CHILD,ילד המדבר,https://tickets5.planetcinema.co.il/order/332541?lang=en,https://tickets5.planetcinema.co.il/order/332541?lang=he,Regular,2D,Hebrew,Hebrew,2026-09-30,2026,,Gilles de Maistre,92,All,Rishon Letzion,Yes Planet,629
22:15,THE LUCKIEST MAN IN AMERICA,איש החידות,https://tickets5.planetcinema.co.il/order/332612?lang=en,https://tickets5.planetcinema.co.il/order/332612?lang=he,Regular,2D,English,,2026-09-30,2024,,Samir Oliveros,91,All,Rishon Letzion,Yes Planet,629
11:00,The Odyssey,האודיסאה,https://tickets5.planetcinema.co.il/order/332563?lang=en,https://tickets5.planetcinema.co.il/order/332563?lang=he,Regular,2D,English,,2026-09-30,2026,,Christopher Nolan,172,14+,Rishon Letzion,Yes Planet,629
14:30,The Odyssey,האודיסאה,https://tickets5.planetcinema.co.il/order/332564?lang=en,https://tickets5.planetcinema.co.il/order/332564?lang=he,Regular,2D,English,,2026-09-30,2026,,Christopher Nolan,172,14+,Rishon Letzion,Yes Planet,629
18:00,The Odyssey,האודיסאה,https://tickets5.planetcinema.co.il/order/332565?lang=en,https://tickets5.planetcinema.co.il/order/332565?lang=he,Regular,2D,English,,2026-09-30,2026,,Christopher Nolan,172,14+,Rishon Letzion,Yes Planet,629
21:30,The Odyssey,האודיסאה,https://tickets5.planetcinema.co.il/order/332566?lang=en,https://tickets5.planetcinema.co.il/order/332566?lang=he,Regular,2D,English,,2026-09-30,2026,,Christopher Nolan,172,14+,Rishon Letzion,Yes Planet,629
12:15,The Odyssey,האודיסאה,https://tickets5.planetcinema.co.il/order/332988?lang=en,https://tickets5.planetcinema.co.il/order/332988?lang=he,Regular,2D IMAX,English,,2026-09-30,2026,,Christopher Nolan,172,14+,Rishon Letzion,Yes Planet,629
23:00,The Odyssey,האודיסאה,https://tickets5.planetcinema.co.il/order/333570?lang=en,https://tickets5.planetcinema.co.il/order/333570?lang=he,Regular,2D IMAX,English,,2026-09-30,2026,,Christopher Nolan,172,14+,Rishon Letzion,Yes Planet,629
10:00,THE POUT POUT FISH,דג ושמו באסה,https://tickets5.planetcinema.co.il/order/332599?lang=en,https://tickets5.planetcinema.co.il/order/332599?lang=he,Regular,2D,Hebrew,Hebrew,2026-09-30,2026,,,93,All,Rishon Letzion,Yes Planet,629
12:00,THE POUT POUT FISH,דג ושמו באסה,https://tickets5.planetcinema.co.il/order/332600?lang=en,https://tickets5.planetcinema.co.il/order/332600?lang=he,Regular,2D,Hebrew,Hebrew,2026-09-30,2026,,,93,All,Rishon Letzion,Yes Planet,629
10:15,Toy Story 5,צעצוע של סיפור 5,https://tickets5.planetcinema.co.il/order/332604?lang=en,https://tickets5.planetcinema.co.il/order/332604?lang=he,Regular,2D,English,Hebrew,2026-09-30,2026,,,102,All,Rishon Letzion,Yes Planet,629
15:10,Toy Story 5,צעצוע של סיפור 5,https://tickets5.planetcinema.co.il/order/332554?lang=en,https://tickets5.planetcinema.co.il/order/332554?lang=he,Regular,2D,English,Hebrew,2026-09-30,2026,,,102,All,Rishon Letzion,Yes Planet,629
10:00,Valley of Shadows,בחזרה מההימלאיה,https://tickets5.planetcinema.co.il/order/332596?lang=en,https://tickets5.planetcinema.co.il/order/332596?lang=he,Regular,2D,Spanish,,2026-09-30,2023,,Salvador Calvo,120,12+,Rishon Letzion,Yes Planet,629
14:40,Valley of Shadows,בחזרה מההימלאיה,https://tickets5.planetcinema.co.il/order/332560?lang=en,https://tickets5.planetcinema.co.il/order/332560?lang=he,Regular,2D,Spanish,,2026-09-30,2023,,Salvador Calvo,120,12+,Rishon Letzion,Yes Planet,629
18:30,Verity,תעתוע,https://tickets5.planetcinema.co.il/order/332626?lang=en,https://tickets5.planetcinema.co.il/order/332626?lang=he,Regular,2D,Hebrew,,2026-09-30,2026,,Michael Showalter,116,14+,Rishon Letzion,Yes Planet,629
21:00,Verity,תעתוע,https://tickets5.planetcinema.co.il/order/332627?lang=en,https://tickets5.planetcinema.co.il/order/332627?lang=he,Regular,2D,Hebrew,,2026-09-30,2026,,Michael Showalter,116,14+,Rishon Letzion,Yes Planet,629
21:30,Verity,תעתוע,https://tickets5.planetcinema.co.il/order/332628?lang=en,https://tickets5.planetcinema.co.il/order/332628?lang=he,Regular,2D,Hebrew,,2026-09-30,2026,,Michael Showalter,116,14+,Rishon Letzion,Yes Planet,629
22:10,crawlers,קרולרס,https://tickets5.planetcinema.co.il/order/333466?lang=en,https://tickets5.planetcinema.co.il/order/333466?lang=he,Regular,2D,English,,2026-09-26,2026,,,86,14+,Zichron Yaakov,Yes Planet,629
22:00,Spider-Man: Brand New Day,ספיידרמן: יום חדש,https://tickets5.planetcinema.co.il/order/333422?lang=en,https://tickets5.planetcinema.co.il/order/333422?lang=he,Regular,2D,English,,2026-09-26,2026,,Destin Daniel Cretton,140,All,Zichron Yaakov,Yes Planet,629
21:50,tell me everything,עצמאות,https://tickets5.planetcinema.co.il/order/333304?lang=en,https://tickets5.planetcinema.co.il/order/333304?lang=he,Regular,2D,Hebrew,,2026-09-26,2026,,משה רוזנטל,109,12+,Zichron Yaakov,Yes Planet,629
10:30,Matchmaking 3,בחורים טובים 3,https://tickets5.planetcinema.co.il/order/333073?lang=en,https://tickets5.planetcinema.co.il/order/333073?lang=he,Regular,2D,Hebrew,,2026-09-27,2026,,ארז תדמור,105,All,Zichron Yaakov,Yes Planet,629
12:45,Matchmaking 3,בחורים טובים 3,https://tickets5.planetcinema.co.il/order/333076?lang=en,https://tickets5.planetcinema.co.il/order/333076?lang=he,Regular,2D,Hebrew,,2026-09-27,2026,,ארז תדמור,105,All,Zichron Yaakov,Yes Planet,629
15:00,Matchmaking 3,בחורים טובים 3,https://tickets5.planetcinema.co.il/order/333079?lang=en,https://tickets5.planetcinema.co.il/order/333079?lang=he,Regular,2D,Hebrew,,2026-09-27,2026,,ארז תדמור,105,All,Zichron Yaakov,Yes Planet,629
17:15,Matchmaking 3,בחורים טובים 3,https://tickets5.planetcinema.co.il/order/333082?lang=en,https://tickets5.planetcinema.co.il/order/333082?lang=he,Regular,2D,Hebrew,,2026-09-27,2026,,ארז תדמור,105,All,Zichron Yaakov,Yes Planet,629
19:30,Matchmaking 3,בחורים טובים 3,https://tickets5.planetcinema.co.il/order/333085?lang=en,https://tickets5.planetcinema.co.il/order/333085?lang=he,Regular,2D,Hebrew,,2026-09-27,2026,,ארז תדמור,105,All,Zichron Yaakov,Yes Planet,629
21:45,Matchmaking 3,בחורים טובים 3,https://tickets5.planetcinema.co.il/order/333088?lang=en,https://tickets5.planetcinema.co.il/order/333088?lang=he,Regular,2D,Hebrew,,2026-09-27,2026,,ארז תדמור,105,All,Zichron Yaakov,Yes Planet,629
16:00,Matchmaking 3,בחורים טובים 3,https://tickets5.planetcinema.co.il/order/332944?lang=en,https://tickets5.planetcinema.co.il/order/332944?lang=he,VIP Light,2D,Hebrew,,2026-09-27,2026,,ארז תדמור,105,All,Zichron Yaakov,Yes Planet,629
18:30,Matchmaking 3,בחורים טובים 3,https://tickets5.planetcinema.co.il/order/332945?lang=en,https://tickets5.planetcinema.co.il/order/332945?lang=he,VIP Light,2D,Hebrew,,2026-09-27,2026,,ארז תדמור,105,All,Zichron Yaakov,Yes Planet,629
21:00,Matchmaking 3,בחורים טובים 3,https://tickets5.planetcinema.co.il/order/332946?lang=en,https://tickets5.planetcinema.co.il/order/332946?lang=he,VIP Light,2D,Hebrew,,2026-09-27,2026,,ארז תדמור,105,All,Zichron Yaakov,Yes Planet,629
10:30,Forgotten Island,האי הנעלם,https://tickets5.planetcinema.co.il/order/333530?lang=en,https://tickets5.planetcinema.co.il/order/333530?lang=he,Regular,2D,English,Hebrew,2026-09-27,2026,,,98,9+,Zichron Yaakov,Yes Planet,629
12:45,Forgotten Island,האי הנעלם,https://tickets5.planetcinema.co.il/order/333533?lang=en,https://tickets5.planetcinema.co.il/order/333533?lang=he,Regular,2D,English,Hebrew,2026-09-27,2026,,,98,9+,Zichron Yaakov,Yes Planet,629
15:00,Forgotten Island,האי הנעלם,https://tickets5.planetcinema.co.il/order/333536?lang=en,https://tickets5.planetcinema.co.il/order/333536?lang=he,Regular,2D,English,Hebrew,2026-09-27,2026,,,98,9+,Zichron Yaakov,Yes Planet,629
17:15,Forgotten Island,האי הנעלם,https://tickets5.planetcinema.co.il/order/333539?lang=en,https://tickets5.planetcinema.co.il/order/333539?lang=he,Regular,2D,English,Hebrew,2026-09-27,2026,,,98,9+,Zichron Yaakov,Yes Planet,629
19:30,Forgotten Island,האי הנעלם,https://tickets5.planetcinema.co.il/order/333031?lang=en,https://tickets5.planetcinema.co.il/order/333031?lang=he,Regular,2D,English,,2026-09-27,2026,,,98,9+,Zichron Yaakov,Yes Planet,629
21:45,Forgotten Island,האי הנעלם,https://tickets5.planetcinema.co.il/order/333034?lang=en,https://tickets5.planetcinema.co.il/order/333034?lang=he,Regular,2D,English,,2026-09-27,2026,,,98,9+,Zichron Yaakov,Yes Planet,629
17:30,Avengers: Endgame re-release,הנוקמים: סוף המשחק - הדרן,https://tickets5.planetcinema.co.il/order/333199?lang=en,https://tickets5.planetcinema.co.il/order/333199?lang=he,Regular,2D,English,,2026-09-27,2019,,,181,All,Zichron Yaakov,Yes Planet,629
21:00,Avengers: Endgame re-release,הנוקמים: סוף המשחק - הדרן,https://tickets5.planetcinema.co.il/order/333202?lang=en,https://tickets5.planetcinema.co.il/order/333202?lang=he,Regular,2D,English,,2026-09-27,2019,,,181,All,Zichron Yaakov,Yes Planet,629
17:00,Avengers: Endgame re-release - Infinity Vision,הנוקמים: סוף המשחק - הדרן - Infinity Vi,https://tickets5.planetcinema.co.il/order/333129?lang=en,https://tickets5.planetcinema.co.il/order/333129?lang=he,Regular,2D,English,,2026-09-27,2019,,,181,,Zichron Yaakov,Yes Planet,629
20:30,Avengers: Endgame re-release - Infinity Vision,הנוקמים: סוף המשחק - הדרן - Infinity Vi,https://tickets5.planetcinema.co.il/order/333130?lang=en,https://tickets5.planetcinema.co.il/order/333130?lang=he,Regular,2D,English,,2026-09-27,2019,,,181,,Zichron Yaakov,Yes Planet,629
10:30,CHARLIE THE WONDERDOG,וונדר-דוג,https://tickets5.planetcinema.co.il/order/333019?lang=en,https://tickets5.planetcinema.co.il/order/333019?lang=he,Regular,2D,Hebrew,Hebrew,2026-09-27,2025,,,92,All,Zichron Yaakov,Yes Planet,629
12:30,CHARLIE THE WONDERDOG,וונדר-דוג,https://tickets5.planetcinema.co.il/order/333022?lang=en,https://tickets5.planetcinema.co.il/order/333022?lang=he,Regular,2D,Hebrew,Hebrew,2026-09-27,2025,,,92,All,Zichron Yaakov,Yes Planet,629
14:45,CHARLIE THE WONDERDOG,וונדר-דוג,https://tickets5.planetcinema.co.il/order/333025?lang=en,https://tickets5.planetcinema.co.il/order/333025?lang=he,Regular,2D,Hebrew,Hebrew,2026-09-27,2025,,,92,All,Zichron Yaakov,Yes Planet,629
17:00,CHARLIE THE WONDERDOG,וונדר-דוג,https://tickets5.planetcinema.co.il/order/333028?lang=en,https://tickets5.planetcinema.co.il/order/333028?lang=he,Regular,2D,Hebrew,Hebrew,2026-09-27,2025,,,92,All,Zichron Yaakov,Yes Planet,629
18:20,crawlers,קרולרס,https://tickets5.planetcinema.co.il/order/333461?lang=en,https://tickets5.planetcinema.co.il/order/333461?lang=he,Regular,2D,English,,2026-09-27,2026,,,86,14+,Zichron Yaakov,Yes Planet,629
20:15,crawlers,קרולרס,https://tickets5.planetcinema.co.il/order/333464?lang=en,https://tickets5.planetcinema.co.il/order/333464?lang=he,Regular,2D,English,,2026-09-27,2026,,,86,14+,Zichron Yaakov,Yes Planet,629
22:10,crawlers,קרולרס,https://tickets5.planetcinema.co.il/order/333467?lang=en,https://tickets5.planetcinema.co.il/order/333467?lang=he,Regular,2D,English,,2026-09-27,2026,,,86,14+,Zichron Yaakov,Yes Planet,629
12:00,Fast and the Furious - 25th Anniversary,מהיר ועצבני - חגיגות 25 שנה,https://tickets5.planetcinema.co.il/order/333455?lang=en,https://tickets5.planetcinema.co.il/order/333455?lang=he,Regular,2D,English,,2026-09-27,2001,,Rob Cohen,106,,Zichron Yaakov,Yes Planet,629
10:00,Heart of the Beast,בלב הפרא,https://tickets5.planetcinema.co.il/order/333124?lang=en,https://tickets5.planetcinema.co.il/order/333124?lang=he,Regular,2D,English,,2026-09-27,2026,,David Ayer,101,All,Zichron Yaakov,Yes Planet,629
12:15,Heart of the Beast,בלב הפרא,https://tickets5.planetcinema.co.il/order/333126?lang=en,https://tickets5.planetcinema.co.il/order/333126?lang=he,Regular,2D,English,,2026-09-27,2026,,David Ayer,101,All,Zichron Yaakov,Yes Planet,629
14:30,Heart of the Beast,בלב הפרא,https://tickets5.planetcinema.co.il/order/333128?lang=en,https://tickets5.planetcinema.co.il/order/333128?lang=he,Regular,2D,English,,2026-09-27,2026,,David Ayer,101,All,Zichron Yaakov,Yes Planet,629
19:30,Heart of the Beast,בלב הפרא,https://tickets5.planetcinema.co.il/order/333542?lang=en,https://tickets5.planetcinema.co.il/order/333542?lang=he,Regular,2D,English,,2026-09-27,2026,,David Ayer,101,All,Zichron Yaakov,Yes Planet,629
21:45,Heart of the Beast,בלב הפרא,https://tickets5.planetcinema.co.il/order/333545?lang=en,https://tickets5.planetcinema.co.il/order/333545?lang=he,Regular,2D,English,,2026-09-27,2026,,David Ayer,101,All,Zichron Yaakov,Yes Planet,629
16:30,Heart of the Beast,בלב הפרא,https://tickets5.planetcinema.co.il/order/332939?lang=en,https://tickets5.planetcinema.co.il/order/332939?lang=he,VIP Light,2D,English,,2026-09-27,2026,,David Ayer,101,All,Zichron Yaakov,Yes Planet,629
19:00,Heart of the Beast,בלב הפרא,https://tickets5.planetcinema.co.il/order/332940?lang=en,https://tickets5.planetcinema.co.il/order/332940?lang=he,VIP Light,2D,English,,2026-09-27,2026,,David Ayer,101,All,Zichron Yaakov,Yes Planet,629
21:30,Heart of the Beast,בלב הפרא,https://tickets5.planetcinema.co.il/order/332941?lang=en,https://tickets5.planetcinema.co.il/order/332941?lang=he,VIP Light,2D,English,,2026-09-27,2026,,David Ayer,101,All,Zichron Yaakov,Yes Planet,629
11:00,Land of Someitmes,אספן המשאלות,https://tickets5.planetcinema.co.il/order/333187?lang=en,https://tickets5.planetcinema.co.il/order/333187?lang=he,Regular,2D,Hebrew,Hebrew,2026-09-27,2026,,,93,All,Zichron Yaakov,Yes Planet,629
13:00,Land of Someitmes,אספן המשאלות,https://tickets5.planetcinema.co.il/order/333190?lang=en,https://tickets5.planetcinema.co.il/order/333190?lang=he,Regular,2D,Hebrew,Hebrew,2026-09-27,2026,,,93,All,Zichron Yaakov,Yes Planet,629
15:00,Land of Someitmes,אספן המשאלות,https://tickets5.planetcinema.co.il/order/333193?lang=en,https://tickets5.planetcinema.co.il/order/333193?lang=he,Regular,2D,Hebrew,Hebrew,2026-09-27,2026,,,93,All,Zichron Yaakov,Yes Planet,629
16:20,Land of Someitmes,אספן המשאלות,https://tickets5.planetcinema.co.il/order/333471?lang=en,https://tickets5.planetcinema.co.il/order/333471?lang=he,Regular,2D,Hebrew,Hebrew,2026-09-27,2026,,,93,All,Zichron Yaakov,Yes Planet,629
10:00,Minions & Monsters,מיניונים ומפלצות,https://tickets5.planetcinema.co.il/order/333458?lang=en,https://tickets5.planetcinema.co.il/order/333458?lang=he,Regular,2D,English,Hebrew,2026-09-27,2026,,,90,All,Zichron Yaakov,Yes Planet,629
12:15,Paw Patrol: The Dino Movie,מפרץ ההרפתקאות: אי הדינוזאורים,https://tickets5.planetcinema.co.il/order/333356?lang=en,https://tickets5.planetcinema.co.il/order/333356?lang=he,Regular,2D,Hebrew,Hebrew,2026-09-27,2026,,,90,All,Zichron Yaakov,Yes Planet,629
16:30,Primavera,פרימוורה,https://tickets5.planetcinema.co.il/order/333374?lang=en,https://tickets5.planetcinema.co.il/order/333374?lang=he,Regular,2D,Italian,,2026-09-27,2025,,דמיאנו מיקילייט,110,12+,Zichron Yaakov,Yes Planet,629
18:50,Primavera,פרימוורה,https://tickets5.planetcinema.co.il/order/333380?lang=en,https://tickets5.planetcinema.co.il/order/333380?lang=he,Regular,2D,Italian,,2026-09-27,2025,,דמיאנו מיקילייט,110,12+,Zichron Yaakov,Yes Planet,629
21:15,Primavera,פרימוורה,https://tickets5.planetcinema.co.il/order/333386?lang=en,https://tickets5.planetcinema.co.il/order/333386?lang=he,Regular,2D,Italian,,2026-09-27,2025,,דמיאנו מיקילייט,110,12+,Zichron Yaakov,Yes Planet,629
14:15,Resident Evil,האויב שבפנים,https://tickets5.planetcinema.co.il/order/333368?lang=en,https://tickets5.planetcinema.co.il/order/333368?lang=he,Regular,2D,English,,2026-09-27,2026,,Zach Cregger,90,16+,Zichron Yaakov,Yes Planet,629
10:00,Spider-Man: Brand New Day,ספיידרמן: יום חדש,https://tickets5.planetcinema.co.il/order/333403?lang=en,https://tickets5.planetcinema.co.il/order/333403?lang=he,Regular,2D,English,,2026-09-27,2026,,Destin Daniel Cretton,140,All,Zichron Yaakov,Yes Planet,629
13:00,Spider-Man: Brand New Day,ספיידרמן: יום חדש,https://tickets5.planetcinema.co.il/order/333408?lang=en,https://tickets5.planetcinema.co.il/order/333408?lang=he,Regular,2D,English,,2026-09-27,2026,,Destin Daniel Cretton,140,All,Zichron Yaakov,Yes Planet,629
16:00,Spider-Man: Brand New Day,ספיידרמן: יום חדש,https://tickets5.planetcinema.co.il/order/333413?lang=en,https://tickets5.planetcinema.co.il/order/333413?lang=he,Regular,2D,English,,2026-09-27,2026,,Destin Daniel Cretton,140,All,Zichron Yaakov,Yes Planet,629
19:00,Spider-Man: Brand New Day,ספיידרמן: יום חדש,https://tickets5.planetcinema.co.il/order/333418?lang=en,https://tickets5.planetcinema.co.il/order/333418?lang=he,Regular,2D,English,,2026-09-27,2026,,Destin Daniel Cretton,140,All,Zichron Yaakov,Yes Planet,629
22:00,Spider-Man: Brand New Day,ספיידרמן: יום חדש,https://tickets5.planetcinema.co.il/order/333423?lang=en,https://tickets5.planetcinema.co.il/order/333423?lang=he,Regular,2D,English,,2026-09-27,2026,,Destin Daniel Cretton,140,All,Zichron Yaakov,Yes Planet,629
14:15,Tad and the Magic Lamp,טד החוקר ומנורת הקסמים,https://tickets5.planetcinema.co.il/order/333452?lang=en,https://tickets5.planetcinema.co.il/order/333452?lang=he,Regular,2D,Hebrew,Hebrew,2026-09-27,2026,,,94,All,Zichron Yaakov,Yes Planet,629
10:10,tell me everything,עצמאות,https://tickets5.planetcinema.co.il/order/333290?lang=en,https://tickets5.planetcinema.co.il/order/333290?lang=he,Regular,2D,Hebrew,,2026-09-27,2026,,משה רוזנטל,109,12+,Zichron Yaakov,Yes Planet,629
12:30,tell me everything,עצמאות,https://tickets5.planetcinema.co.il/order/333293?lang=en,https://tickets5.planetcinema.co.il/order/333293?lang=he,Regular,2D,Hebrew,,2026-09-27,2026,,משה רוזנטל,109,12+,Zichron Yaakov,Yes Planet,629
14:50,tell me everything,עצמאות,https://tickets5.planetcinema.co.il/order/333296?lang=en,https://tickets5.planetcinema.co.il/order/333296?lang=he,Regular,2D,Hebrew,,2026-09-27,2026,,משה רוזנטל,109,12+,Zichron Yaakov,Yes Planet,629
17:10,tell me everything,עצמאות,https://tickets5.planetcinema.co.il/order/333299?lang=en,https://tickets5.planetcinema.co.il/order/333299?lang=he,Regular,2D,Hebrew,,2026-09-27,2026,,משה רוזנטל,109,12+,Zichron Yaakov,Yes Planet,629
19:30,tell me everything,עצמאות,https://tickets5.planetcinema.co.il/order/333302?lang=en,https://tickets5.planetcinema.co.il/order/333302?lang=he,Regular,2D,Hebrew,,2026-09-27,2026,,משה רוזנטל,109,12+,Zichron Yaakov,Yes Planet,629
21:50,tell me everything,עצמאות,https://tickets5.planetcinema.co.il/order/333305?lang=en,https://tickets5.planetcinema.co.il/order/333305?lang=he,Regular,2D,Hebrew,,2026-09-27,2026,,משה רוזנטל,109,12+,Zichron Yaakov,Yes Planet,629
11:00,The Odyssey,האודיסאה,https://tickets5.planetcinema.co.il/order/333499?lang=en,https://tickets5.planetcinema.co.il/order/333499?lang=he,Regular,2D,English,,2026-09-27,2026,,Christopher Nolan,172,14+,Zichron Yaakov,Yes Planet,629
14:30,The Odyssey,האודיסאה,https://tickets5.planetcinema.co.il/order/333505?lang=en,https://tickets5.planetcinema.co.il/order/333505?lang=he,Regular,2D,English,,2026-09-27,2026,,Christopher Nolan,172,14+,Zichron Yaakov,Yes Planet,629
18:00,The Odyssey,האודיסאה,https://tickets5.planetcinema.co.il/order/333511?lang=en,https://tickets5.planetcinema.co.il/order/333511?lang=he,Regular,2D,English,,2026-09-27,2026,,Christopher Nolan,172,14+,Zichron Yaakov,Yes Planet,629
21:30,The Odyssey,האודיסאה,https://tickets5.planetcinema.co.il/order/333517?lang=en,https://tickets5.planetcinema.co.il/order/333517?lang=he,Regular,2D,English,,2026-09-27,2026,,Christopher Nolan,172,14+,Zichron Yaakov,Yes Planet,629
10:00,Toy Story 5,צעצוע של סיפור 5,https://tickets5.planetcinema.co.il/order/333362?lang=en,https://tickets5.planetcinema.co.il/order/333362?lang=he,Regular,2D,English,Hebrew,2026-09-27,2026,,,102,All,Zichron Yaakov,Yes Planet,629
10:30,Matchmaking 3,בחורים טובים 3,https://tickets5.planetcinema.co.il/order/333092?lang=en,https://tickets5.planetcinema.co.il/order/333092?lang=he,Regular,2D,Hebrew,,2026-09-28,2026,,ארז תדמור,105,All,Zichron Yaakov,Yes Planet,629
12:45,Matchmaking 3,בחורים טובים 3,https://tickets5.planetcinema.co.il/order/333095?lang=en,https://tickets5.planetcinema.co.il/order/333095?lang=he,Regular,2D,Hebrew,,2026-09-28,2026,,ארז תדמור,105,All,Zichron Yaakov,Yes Planet,629
15:00,Matchmaking 3,בחורים טובים 3,https://tickets5.planetcinema.co.il/order/333098?lang=en,https://tickets5.planetcinema.co.il/order/333098?lang=he,Regular,2D,Hebrew,,2026-09-28,2026,,ארז תדמור,105,All,Zichron Yaakov,Yes Planet,629
17:15,Matchmaking 3,בחורים טובים 3,https://tickets5.planetcinema.co.il/order/333101?lang=en,https://tickets5.planetcinema.co.il/order/333101?lang=he,Regular,2D,Hebrew,,2026-09-28,2026,,ארז תדמור,105,All,Zichron Yaakov,Yes Planet,629
19:30,Matchmaking 3,בחורים טובים 3,https://tickets5.planetcinema.co.il/order/333104?lang=en,https://tickets5.planetcinema.co.il/order/333104?lang=he,Regular,2D,Hebrew,,2026-09-28,2026,,ארז תדמור,105,All,Zichron Yaakov,Yes Planet,629
21:45,Matchmaking 3,בחורים טובים 3,https://tickets5.planetcinema.co.il/order/333107?lang=en,https://tickets5.planetcinema.co.il/order/333107?lang=he,Regular,2D,Hebrew,,2026-09-28,2026,,ארז תדמור,105,All,Zichron Yaakov,Yes Planet,629
16:00,Matchmaking 3,בחורים טובים 3,https://tickets5.planetcinema.co.il/order/332973?lang=en,https://tickets5.planetcinema.co.il/order/332973?lang=he,VIP Light,2D,Hebrew,,2026-09-28,2026,,ארז תדמור,105,All,Zichron Yaakov,Yes Planet,629
18:30,Matchmaking 3,בחורים טובים 3,https://tickets5.planetcinema.co.il/order/332976?lang=en,https://tickets5.planetcinema.co.il/order/332976?lang=he,VIP Light,2D,Hebrew,,2026-09-28,2026,,ארז תדמור,105,All,Zichron Yaakov,Yes Planet,629
21:00,Matchmaking 3,בחורים טובים 3,https://tickets5.planetcinema.co.il/order/332979?lang=en,https://tickets5.planetcinema.co.il/order/332979?lang=he,VIP Light,2D,Hebrew,,2026-09-28,2026,,ארז תדמור,105,All,Zichron Yaakov,Yes Planet,629
10:30,Forgotten Island,האי הנעלם,https://tickets5.planetcinema.co.il/order/333549?lang=en,https://tickets5.planetcinema.co.il/order/333549?lang=he,Regular,2D,English,Hebrew,2026-09-28,2026,,,98,9+,Zichron Yaakov,Yes Planet,629
12:45,Forgotten Island,האי הנעלם,https://tickets5.planetcinema.co.il/order/333552?lang=en,https://tickets5.planetcinema.co.il/order/333552?lang=he,Regular,2D,English,Hebrew,2026-09-28,2026,,,98,9+,Zichron Yaakov,Yes Planet,629
15:00,Forgotten Island,האי הנעלם,https://tickets5.planetcinema.co.il/order/333555?lang=en,https://tickets5.planetcinema.co.il/order/333555?lang=he,Regular,2D,English,Hebrew,2026-09-28,2026,,,98,9+,Zichron Yaakov,Yes Planet,629
17:15,Forgotten Island,האי הנעלם,https://tickets5.planetcinema.co.il/order/333558?lang=en,https://tickets5.planetcinema.co.il/order/333558?lang=he,Regular,2D,English,Hebrew,2026-09-28,2026,,,98,9+,Zichron Yaakov,Yes Planet,629
19:30,Forgotten Island,האי הנעלם,https://tickets5.planetcinema.co.il/order/333054?lang=en,https://tickets5.planetcinema.co.il/order/333054?lang=he,Regular,2D,English,,2026-09-28,2026,,,98,9+,Zichron Yaakov,Yes Planet,629
21:45,Forgotten Island,האי הנעלם,https://tickets5.planetcinema.co.il/order/333057?lang=en,https://tickets5.planetcinema.co.il/order/333057?lang=he,Regular,2D,English,,2026-09-28,2026,,,98,9+,Zichron Yaakov,Yes Planet,629
17:30,Avengers: Endgame re-release,הנוקמים: סוף המשחק - הדרן,https://tickets5.planetcinema.co.il/order/333215?lang=en,https://tickets5.planetcinema.co.il/order/333215?lang=he,Regular,2D,English,,2026-09-28,2019,,,181,All,Zichron Yaakov,Yes Planet,629
21:00,Avengers: Endgame re-release,הנוקמים: סוף המשחק - הדרן,https://tickets5.planetcinema.co.il/order/333218?lang=en,https://tickets5.planetcinema.co.il/order/333218?lang=he,Regular,2D,English,,2026-09-28,2019,,,181,All,Zichron Yaakov,Yes Planet,629
17:00,Avengers: Endgame re-release - Infinity Vision,הנוקמים: סוף המשחק - הדרן - Infinity Vi,https://tickets5.planetcinema.co.il/order/333145?lang=en,https://tickets5.planetcinema.co.il/order/333145?lang=he,Regular,2D,English,,2026-09-28,2019,,,181,,Zichron Yaakov,Yes Planet,629
20:30,Avengers: Endgame re-release - Infinity Vision,הנוקמים: סוף המשחק - הדרן - Infinity Vi,https://tickets5.planetcinema.co.il/order/333148?lang=en,https://tickets5.planetcinema.co.il/order/333148?lang=he,Regular,2D,English,,2026-09-28,2019,,,181,,Zichron Yaakov,Yes Planet,629
10:30,CHARLIE THE WONDERDOG,וונדר-דוג,https://tickets5.planetcinema.co.il/order/333042?lang=en,https://tickets5.planetcinema.co.il/order/333042?lang=he,Regular,2D,Hebrew,Hebrew,2026-09-28,2025,,,92,All,Zichron Yaakov,Yes Planet,629
12:30,CHARLIE THE WONDERDOG,וונדר-דוג,https://tickets5.planetcinema.co.il/order/333045?lang=en,https://tickets5.planetcinema.co.il/order/333045?lang=he,Regular,2D,Hebrew,Hebrew,2026-09-28,2025,,,92,All,Zichron Yaakov,Yes Planet,629
14:45,CHARLIE THE WONDERDOG,וונדר-דוג,https://tickets5.planetcinema.co.il/order/333048?lang=en,https://tickets5.planetcinema.co.il/order/333048?lang=he,Regular,2D,Hebrew,Hebrew,2026-09-28,2025,,,92,All,Zichron Yaakov,Yes Planet,629
17:00,CHARLIE THE WONDERDOG,וונדר-דוג,https://tickets5.planetcinema.co.il/order/333051?lang=en,https://tickets5.planetcinema.co.il/order/333051?lang=he,Regular,2D,Hebrew,Hebrew,2026-09-28,2025,,,92,All,Zichron Yaakov,Yes Planet,629
18:20,crawlers,קרולרס,https://tickets5.planetcinema.co.il/order/333481?lang=en,https://tickets5.planetcinema.co.il/order/333481?lang=he,Regular,2D,English,,2026-09-28,2026,,,86,14+,Zichron Yaakov,Yes Planet,629
20:15,crawlers,קרולרס,https://tickets5.planetcinema.co.il/order/333484?lang=en,https://tickets5.planetcinema.co.il/order/333484?lang=he,Regular,2D,English,,2026-09-28,2026,,,86,14+,Zichron Yaakov,Yes Planet,629
22:10,crawlers,קרולרס,https://tickets5.planetcinema.co.il/order/333487?lang=en,https://tickets5.planetcinema.co.il/order/333487?lang=he,Regular,2D,English,,2026-09-28,2026,,,86,14+,Zichron Yaakov,Yes Planet,629
12:00,Fast and the Furious - 25th Anniversary,מהיר ועצבני - חגיגות 25 שנה,https://tickets5.planetcinema.co.il/order/333475?lang=en,https://tickets5.planetcinema.co.il/order/333475?lang=he,Regular,2D,English,,2026-09-28,2001,,Rob Cohen,106,,Zichron Yaakov,Yes Planet,629
10:00,Heart of the Beast,בלב הפרא,https://tickets5.planetcinema.co.il/order/333136?lang=en,https://tickets5.planetcinema.co.il/order/333136?lang=he,Regular,2D,English,,2026-09-28,2026,,David Ayer,101,All,Zichron Yaakov,Yes Planet,629
12:15,Heart of the Beast,בלב הפרא,https://tickets5.planetcinema.co.il/order/333139?lang=en,https://tickets5.planetcinema.co.il/order/333139?lang=he,Regular,2D,English,,2026-09-28,2026,,David Ayer,101,All,Zichron Yaakov,Yes Planet,629
14:30,Heart of the Beast,בלב הפרא,https://tickets5.planetcinema.co.il/order/333142?lang=en,https://tickets5.planetcinema.co.il/order/333142?lang=he,Regular,2D,English,,2026-09-28,2026,,David Ayer,101,All,Zichron Yaakov,Yes Planet,629
19:30,Heart of the Beast,בלב הפרא,https://tickets5.planetcinema.co.il/order/333561?lang=en,https://tickets5.planetcinema.co.il/order/333561?lang=he,Regular,2D,English,,2026-09-28,2026,,David Ayer,101,All,Zichron Yaakov,Yes Planet,629
21:45,Heart of the Beast,בלב הפרא,https://tickets5.planetcinema.co.il/order/333564?lang=en,https://tickets5.planetcinema.co.il/order/333564?lang=he,Regular,2D,English,,2026-09-28,2026,,David Ayer,101,All,Zichron Yaakov,Yes Planet,629
16:30,Heart of the Beast,בלב הפרא,https://tickets5.planetcinema.co.il/order/332964?lang=en,https://tickets5.planetcinema.co.il/order/332964?lang=he,VIP Light,2D,English,,2026-09-28,2026,,David Ayer,101,All,Zichron Yaakov,Yes Planet,629
19:00,Heart of the Beast,בלב הפרא,https://tickets5.planetcinema.co.il/order/332967?lang=en,https://tickets5.planetcinema.co.il/order/332967?lang=he,VIP Light,2D,English,,2026-09-28,2026,,David Ayer,101,All,Zichron Yaakov,Yes Planet,629
21:30,Heart of the Beast,בלב הפרא,https://tickets5.planetcinema.co.il/order/332970?lang=en,https://tickets5.planetcinema.co.il/order/332970?lang=he,VIP Light,2D,English,,2026-09-28,2026,,David Ayer,101,All,Zichron Yaakov,Yes Planet,629
11:00,Land of Someitmes,אספן המשאלות,https://tickets5.planetcinema.co.il/order/333206?lang=en,https://tickets5.planetcinema.co.il/order/333206?lang=he,Regular,2D,Hebrew,Hebrew,2026-09-28,2026,,,93,All,Zichron Yaakov,Yes Planet,629
13:00,Land of Someitmes,אספן המשאלות,https://tickets5.planetcinema.co.il/order/333209?lang=en,https://tickets5.planetcinema.co.il/order/333209?lang=he,Regular,2D,Hebrew,Hebrew,2026-09-28,2026,,,93,All,Zichron Yaakov,Yes Planet,629
15:00,Land of Someitmes,אספן המשאלות,https://tickets5.planetcinema.co.il/order/333212?lang=en,https://tickets5.planetcinema.co.il/order/333212?lang=he,Regular,2D,Hebrew,Hebrew,2026-09-28,2026,,,93,All,Zichron Yaakov,Yes Planet,629
16:20,Land of Someitmes,אספן המשאלות,https://tickets5.planetcinema.co.il/order/333490?lang=en,https://tickets5.planetcinema.co.il/order/333490?lang=he,Regular,2D,Hebrew,Hebrew,2026-09-28,2026,,,93,All,Zichron Yaakov,Yes Planet,629
10:00,Minions & Monsters,מיניונים ומפלצות,https://tickets5.planetcinema.co.il/order/333478?lang=en,https://tickets5.planetcinema.co.il/order/333478?lang=he,Regular,2D,English,Hebrew,2026-09-28,2026,,,90,All,Zichron Yaakov,Yes Planet,629
12:15,Paw Patrol: The Dino Movie,מפרץ ההרפתקאות: אי הדינוזאורים,https://tickets5.planetcinema.co.il/order/333357?lang=en,https://tickets5.planetcinema.co.il/order/333357?lang=he,Regular,2D,Hebrew,Hebrew,2026-09-28,2026,,,90,All,Zichron Yaakov,Yes Planet,629
16:30,Primavera,פרימוורה,https://tickets5.planetcinema.co.il/order/333375?lang=en,https://tickets5.planetcinema.co.il/order/333375?lang=he,Regular,2D,Italian,,2026-09-28,2025,,דמיאנו מיקילייט,110,12+,Zichron Yaakov,Yes Planet,629
18:50,Primavera,פרימוורה,https://tickets5.planetcinema.co.il/order/333381?lang=en,https://tickets5.planetcinema.co.il/order/333381?lang=he,Regular,2D,Italian,,2026-09-28,2025,,דמיאנו מיקילייט,110,12+,Zichron Yaakov,Yes Planet,629
21:15,Primavera,פרימוורה,https://tickets5.planetcinema.co.il/order/333387?lang=en,https://tickets5.planetcinema.co.il/order/333387?lang=he,Regular,2D,Italian,,2026-09-28,2025,,דמיאנו מיקילייט,110,12+,Zichron Yaakov,Yes Planet,629
14:20,Resident Evil,האויב שבפנים,https://tickets5.planetcinema.co.il/order/333472?lang=en,https://tickets5.planetcinema.co.il/order/333472?lang=he,Regular,2D,English,Hebrew,2026-09-28,2026,,Zach Cregger,90,16+,Zichron Yaakov,Yes Planet,629
14:15,RUNNER,ראנר,https://tickets5.planetcinema.co.il/order/333369?lang=en,https://tickets5.planetcinema.co.il/order/333369?lang=he,Regular,2D,Hebrew,,2026-09-28,2026,,Scott Waugh,93,12+,Zichron Yaakov,Yes Planet,629
10:00,Spider-Man: Brand New Day,ספיידרמן: יום חדש,https://tickets5.planetcinema.co.il/order/333404?lang=en,https://tickets5.planetcinema.co.il/order/333404?lang=he,Regular,2D,English,,2026-09-28,2026,,Destin Daniel Cretton,140,All,Zichron Yaakov,Yes Planet,629
13:00,Spider-Man: Brand New Day,ספיידרמן: יום חדש,https://tickets5.planetcinema.co.il/order/333409?lang=en,https://tickets5.planetcinema.co.il/order/333409?lang=he,Regular,2D,English,,2026-09-28,2026,,Destin Daniel Cretton,140,All,Zichron Yaakov,Yes Planet,629
16:00,Spider-Man: Brand New Day,ספיידרמן: יום חדש,https://tickets5.planetcinema.co.il/order/333414?lang=en,https://tickets5.planetcinema.co.il/order/333414?lang=he,Regular,2D,English,,2026-09-28,2026,,Destin Daniel Cretton,140,All,Zichron Yaakov,Yes Planet,629
19:00,Spider-Man: Brand New Day,ספיידרמן: יום חדש,https://tickets5.planetcinema.co.il/order/333419?lang=en,https://tickets5.planetcinema.co.il/order/333419?lang=he,Regular,2D,English,,2026-09-28,2026,,Destin Daniel Cretton,140,All,Zichron Yaakov,Yes Planet,629
22:00,Spider-Man: Brand New Day,ספיידרמן: יום חדש,https://tickets5.planetcinema.co.il/order/333424?lang=en,https://tickets5.planetcinema.co.il/order/333424?lang=he,Regular,2D,English,,2026-09-28,2026,,Destin Daniel Cretton,140,All,Zichron Yaakov,Yes Planet,629
10:10,tell me everything,עצמאות,https://tickets5.planetcinema.co.il/order/333321?lang=en,https://tickets5.planetcinema.co.il/order/333321?lang=he,Regular,2D,Hebrew,,2026-09-28,2026,,משה רוזנטל,109,12+,Zichron Yaakov,Yes Planet,629
12:30,tell me everything,עצמאות,https://tickets5.planetcinema.co.il/order/333325?lang=en,https://tickets5.planetcinema.co.il/order/333325?lang=he,Regular,2D,Hebrew,,2026-09-28,2026,,משה רוזנטל,109,12+,Zichron Yaakov,Yes Planet,629
14:50,tell me everything,עצמאות,https://tickets5.planetcinema.co.il/order/333329?lang=en,https://tickets5.planetcinema.co.il/order/333329?lang=he,Regular,2D,Hebrew,,2026-09-28,2026,,משה רוזנטל,109,12+,Zichron Yaakov,Yes Planet,629
17:10,tell me everything,עצמאות,https://tickets5.planetcinema.co.il/order/333334?lang=en,https://tickets5.planetcinema.co.il/order/333334?lang=he,Regular,2D,Hebrew,,2026-09-28,2026,,משה רוזנטל,109,12+,Zichron Yaakov,Yes Planet,629
19:30,tell me everything,עצמאות,https://tickets5.planetcinema.co.il/order/333338?lang=en,https://tickets5.planetcinema.co.il/order/333338?lang=he,Regular,2D,Hebrew,,2026-09-28,2026,,משה רוזנטל,109,12+,Zichron Yaakov,Yes Planet,629
21:50,tell me everything,עצמאות,https://tickets5.planetcinema.co.il/order/333342?lang=en,https://tickets5.planetcinema.co.il/order/333342?lang=he,Regular,2D,Hebrew,,2026-09-28,2026,,משה רוזנטל,109,12+,Zichron Yaakov,Yes Planet,629
11:00,The Odyssey,האודיסאה,https://tickets5.planetcinema.co.il/order/333500?lang=en,https://tickets5.planetcinema.co.il/order/333500?lang=he,Regular,2D,English,,2026-09-28,2026,,Christopher Nolan,172,14+,Zichron Yaakov,Yes Planet,629
14:30,The Odyssey,האודיסאה,https://tickets5.planetcinema.co.il/order/333506?lang=en,https://tickets5.planetcinema.co.il/order/333506?lang=he,Regular,2D,English,,2026-09-28,2026,,Christopher Nolan,172,14+,Zichron Yaakov,Yes Planet,629
18:00,The Odyssey,האודיסאה,https://tickets5.planetcinema.co.il/order/333512?lang=en,https://tickets5.planetcinema.co.il/order/333512?lang=he,Regular,2D,English,,2026-09-28,2026,,Christopher Nolan,172,14+,Zichron Yaakov,Yes Planet,629
21:30,The Odyssey,האודיסאה,https://tickets5.planetcinema.co.il/order/333518?lang=en,https://tickets5.planetcinema.co.il/order/333518?lang=he,Regular,2D,English,,2026-09-28,2026,,Christopher Nolan,172,14+,Zichron Yaakov,Yes Planet,629
10:00,Toy Story 5,צעצוע של סיפור 5,https://tickets5.planetcinema.co.il/order/333363?lang=en,https://tickets5.planetcinema.co.il/order/333363?lang=he,Regular,2D,English,Hebrew,2026-09-28,2026,,,102,All,Zichron Yaakov,Yes Planet,629
10:30,Matchmaking 3,בחורים טובים 3,https://tickets5.planetcinema.co.il/order/333093?lang=en,https://tickets5.planetcinema.co.il/order/333093?lang=he,Regular,2D,Hebrew,,2026-09-29,2026,,ארז תדמור,105,All,Zichron Yaakov,Yes Planet,629
12:45,Matchmaking 3,בחורים טובים 3,https://tickets5.planetcinema.co.il/order/333096?lang=en,https://tickets5.planetcinema.co.il/order/333096?lang=he,Regular,2D,Hebrew,,2026-09-29,2026,,ארז תדמור,105,All,Zichron Yaakov,Yes Planet,629
15:00,Matchmaking 3,בחורים טובים 3,https://tickets5.planetcinema.co.il/order/333099?lang=en,https://tickets5.planetcinema.co.il/order/333099?lang=he,Regular,2D,Hebrew,,2026-09-29,2026,,ארז תדמור,105,All,Zichron Yaakov,Yes Planet,629
17:15,Matchmaking 3,בחורים טובים 3,https://tickets5.planetcinema.co.il/order/333102?lang=en,https://tickets5.planetcinema.co.il/order/333102?lang=he,Regular,2D,Hebrew,,2026-09-29,2026,,ארז תדמור,105,All,Zichron Yaakov,Yes Planet,629
19:30,Matchmaking 3,בחורים טובים 3,https://tickets5.planetcinema.co.il/order/333105?lang=en,https://tickets5.planetcinema.co.il/order/333105?lang=he,Regular,2D,Hebrew,,2026-09-29,2026,,ארז תדמור,105,All,Zichron Yaakov,Yes Planet,629
21:45,Matchmaking 3,בחורים טובים 3,https://tickets5.planetcinema.co.il/order/333108?lang=en,https://tickets5.planetcinema.co.il/order/333108?lang=he,Regular,2D,Hebrew,,2026-09-29,2026,,ארז תדמור,105,All,Zichron Yaakov,Yes Planet,629
16:00,Matchmaking 3,בחורים טובים 3,https://tickets5.planetcinema.co.il/order/332974?lang=en,https://tickets5.planetcinema.co.il/order/332974?lang=he,VIP Light,2D,Hebrew,,2026-09-29,2026,,ארז תדמור,105,All,Zichron Yaakov,Yes Planet,629
18:30,Matchmaking 3,בחורים טובים 3,https://tickets5.planetcinema.co.il/order/332977?lang=en,https://tickets5.planetcinema.co.il/order/332977?lang=he,VIP Light,2D,Hebrew,,2026-09-29,2026,,ארז תדמור,105,All,Zichron Yaakov,Yes Planet,629
21:00,Matchmaking 3,בחורים טובים 3,https://tickets5.planetcinema.co.il/order/332980?lang=en,https://tickets5.planetcinema.co.il/order/332980?lang=he,VIP Light,2D,Hebrew,,2026-09-29,2026,,ארז תדמור,105,All,Zichron Yaakov,Yes Planet,629
10:30,Forgotten Island,האי הנעלם,https://tickets5.planetcinema.co.il/order/333550?lang=en,https://tickets5.planetcinema.co.il/order/333550?lang=he,Regular,2D,English,Hebrew,2026-09-29,2026,,,98,9+,Zichron Yaakov,Yes Planet,629
12:45,Forgotten Island,האי הנעלם,https://tickets5.planetcinema.co.il/order/333553?lang=en,https://tickets5.planetcinema.co.il/order/333553?lang=he,Regular,2D,English,Hebrew,2026-09-29,2026,,,98,9+,Zichron Yaakov,Yes Planet,629
15:00,Forgotten Island,האי הנעלם,https://tickets5.planetcinema.co.il/order/333556?lang=en,https://tickets5.planetcinema.co.il/order/333556?lang=he,Regular,2D,English,Hebrew,2026-09-29,2026,,,98,9+,Zichron Yaakov,Yes Planet,629
17:15,Forgotten Island,האי הנעלם,https://tickets5.planetcinema.co.il/order/333559?lang=en,https://tickets5.planetcinema.co.il/order/333559?lang=he,Regular,2D,English,Hebrew,2026-09-29,2026,,,98,9+,Zichron Yaakov,Yes Planet,629
19:30,Forgotten Island,האי הנעלם,https://tickets5.planetcinema.co.il/order/333055?lang=en,https://tickets5.planetcinema.co.il/order/333055?lang=he,Regular,2D,English,,2026-09-29,2026,,,98,9+,Zichron Yaakov,Yes Planet,629
21:45,Forgotten Island,האי הנעלם,https://tickets5.planetcinema.co.il/order/333058?lang=en,https://tickets5.planetcinema.co.il/order/333058?lang=he,Regular,2D,English,,2026-09-29,2026,,,98,9+,Zichron Yaakov,Yes Planet,629
17:30,Avengers: Endgame re-release,הנוקמים: סוף המשחק - הדרן,https://tickets5.planetcinema.co.il/order/333216?lang=en,https://tickets5.planetcinema.co.il/order/333216?lang=he,Regular,2D,English,,2026-09-29,2019,,,181,All,Zichron Yaakov,Yes Planet,629
21:00,Avengers: Endgame re-release,הנוקמים: סוף המשחק - הדרן,https://tickets5.planetcinema.co.il/order/333219?lang=en,https://tickets5.planetcinema.co.il/order/333219?lang=he,Regular,2D,English,,2026-09-29,2019,,,181,All,Zichron Yaakov,Yes Planet,629
17:00,Avengers: Endgame re-release - Infinity Vision,הנוקמים: סוף המשחק - הדרן - Infinity Vi,https://tickets5.planetcinema.co.il/order/333146?lang=en,https://tickets5.planetcinema.co.il/order/333146?lang=he,Regular,2D,English,,2026-09-29,2019,,,181,,Zichron Yaakov,Yes Planet,629
20:30,Avengers: Endgame re-release - Infinity Vision,הנוקמים: סוף המשחק - הדרן - Infinity Vi,https://tickets5.planetcinema.co.il/order/333149?lang=en,https://tickets5.planetcinema.co.il/order/333149?lang=he,Regular,2D,English,,2026-09-29,2019,,,181,,Zichron Yaakov,Yes Planet,629
10:30,CHARLIE THE WONDERDOG,וונדר-דוג,https://tickets5.planetcinema.co.il/order/333043?lang=en,https://tickets5.planetcinema.co.il/order/333043?lang=he,Regular,2D,Hebrew,Hebrew,2026-09-29,2025,,,92,All,Zichron Yaakov,Yes Planet,629
12:30,CHARLIE THE WONDERDOG,וונדר-דוג,https://tickets5.planetcinema.co.il/order/333046?lang=en,https://tickets5.planetcinema.co.il/order/333046?lang=he,Regular,2D,Hebrew,Hebrew,2026-09-29,2025,,,92,All,Zichron Yaakov,Yes Planet,629
14:45,CHARLIE THE WONDERDOG,וונדר-דוג,https://tickets5.planetcinema.co.il/order/333049?lang=en,https://tickets5.planetcinema.co.il/order/333049?lang=he,Regular,2D,Hebrew,Hebrew,2026-09-29,2025,,,92,All,Zichron Yaakov,Yes Planet,629
17:00,CHARLIE THE WONDERDOG,וונדר-דוג,https://tickets5.planetcinema.co.il/order/333052?lang=en,https://tickets5.planetcinema.co.il/order/333052?lang=he,Regular,2D,Hebrew,Hebrew,2026-09-29,2025,,,92,All,Zichron Yaakov,Yes Planet,629
18:20,crawlers,קרולרס,https://tickets5.planetcinema.co.il/order/333482?lang=en,https://tickets5.planetcinema.co.il/order/333482?lang=he,Regular,2D,English,,2026-09-29,2026,,,86,14+,Zichron Yaakov,Yes Planet,629
20:15,crawlers,קרולרס,https://tickets5.planetcinema.co.il/order/333485?lang=en,https://tickets5.planetcinema.co.il/order/333485?lang=he,Regular,2D,English,,2026-09-29,2026,,,86,14+,Zichron Yaakov,Yes Planet,629
22:10,crawlers,קרולרס,https://tickets5.planetcinema.co.il/order/333488?lang=en,https://tickets5.planetcinema.co.il/order/333488?lang=he,Regular,2D,English,,2026-09-29,2026,,,86,14+,Zichron Yaakov,Yes Planet,629
12:00,Fast and the Furious - 25th Anniversary,מהיר ועצבני - חגיגות 25 שנה,https://tickets5.planetcinema.co.il/order/333476?lang=en,https://tickets5.planetcinema.co.il/order/333476?lang=he,Regular,2D,English,,2026-09-29,2001,,Rob Cohen,106,,Zichron Yaakov,Yes Planet,629
10:00,Heart of the Beast,בלב הפרא,https://tickets5.planetcinema.co.il/order/333137?lang=en,https://tickets5.planetcinema.co.il/order/333137?lang=he,Regular,2D,English,,2026-09-29,2026,,David Ayer,101,All,Zichron Yaakov,Yes Planet,629
12:15,Heart of the Beast,בלב הפרא,https://tickets5.planetcinema.co.il/order/333140?lang=en,https://tickets5.planetcinema.co.il/order/333140?lang=he,Regular,2D,English,,2026-09-29,2026,,David Ayer,101,All,Zichron Yaakov,Yes Planet,629
14:30,Heart of the Beast,בלב הפרא,https://tickets5.planetcinema.co.il/order/333143?lang=en,https://tickets5.planetcinema.co.il/order/333143?lang=he,Regular,2D,English,,2026-09-29,2026,,David Ayer,101,All,Zichron Yaakov,Yes Planet,629
19:30,Heart of the Beast,בלב הפרא,https://tickets5.planetcinema.co.il/order/333562?lang=en,https://tickets5.planetcinema.co.il/order/333562?lang=he,Regular,2D,English,,2026-09-29,2026,,David Ayer,101,All,Zichron Yaakov,Yes Planet,629
21:45,Heart of the Beast,בלב הפרא,https://tickets5.planetcinema.co.il/order/333565?lang=en,https://tickets5.planetcinema.co.il/order/333565?lang=he,Regular,2D,English,,2026-09-29,2026,,David Ayer,101,All,Zichron Yaakov,Yes Planet,629
16:30,Heart of the Beast,בלב הפרא,https://tickets5.planetcinema.co.il/order/332965?lang=en,https://tickets5.planetcinema.co.il/order/332965?lang=he,VIP Light,2D,English,,2026-09-29,2026,,David Ayer,101,All,Zichron Yaakov,Yes Planet,629
19:00,Heart of the Beast,בלב הפרא,https://tickets5.planetcinema.co.il/order/332968?lang=en,https://tickets5.planetcinema.co.il/order/332968?lang=he,VIP Light,2D,English,,2026-09-29,2026,,David Ayer,101,All,Zichron Yaakov,Yes Planet,629
21:30,Heart of the Beast,בלב הפרא,https://tickets5.planetcinema.co.il/order/332971?lang=en,https://tickets5.planetcinema.co.il/order/332971?lang=he,VIP Light,2D,English,,2026-09-29,2026,,David Ayer,101,All,Zichron Yaakov,Yes Planet,629
11:00,Land of Someitmes,אספן המשאלות,https://tickets5.planetcinema.co.il/order/333207?lang=en,https://tickets5.planetcinema.co.il/order/333207?lang=he,Regular,2D,Hebrew,Hebrew,2026-09-29,2026,,,93,All,Zichron Yaakov,Yes Planet,629
13:00,Land of Someitmes,אספן המשאלות,https://tickets5.planetcinema.co.il/order/333210?lang=en,https://tickets5.planetcinema.co.il/order/333210?lang=he,Regular,2D,Hebrew,Hebrew,2026-09-29,2026,,,93,All,Zichron Yaakov,Yes Planet,629
15:00,Land of Someitmes,אספן המשאלות,https://tickets5.planetcinema.co.il/order/333213?lang=en,https://tickets5.planetcinema.co.il/order/333213?lang=he,Regular,2D,Hebrew,Hebrew,2026-09-29,2026,,,93,All,Zichron Yaakov,Yes Planet,629
16:20,Land of Someitmes,אספן המשאלות,https://tickets5.planetcinema.co.il/order/333491?lang=en,https://tickets5.planetcinema.co.il/order/333491?lang=he,Regular,2D,Hebrew,Hebrew,2026-09-29,2026,,,93,All,Zichron Yaakov,Yes Planet,629
10:00,Minions & Monsters,מיניונים ומפלצות,https://tickets5.planetcinema.co.il/order/333479?lang=en,https://tickets5.planetcinema.co.il/order/333479?lang=he,Regular,2D,English,Hebrew,2026-09-29,2026,,,90,All,Zichron Yaakov,Yes Planet,629
12:15,Paw Patrol: The Dino Movie,מפרץ ההרפתקאות: אי הדינוזאורים,https://tickets5.planetcinema.co.il/order/333358?lang=en,https://tickets5.planetcinema.co.il/order/333358?lang=he,Regular,2D,Hebrew,Hebrew,2026-09-29,2026,,,90,All,Zichron Yaakov,Yes Planet,629
16:30,Primavera,פרימוורה,https://tickets5.planetcinema.co.il/order/333376?lang=en,https://tickets5.planetcinema.co.il/order/333376?lang=he,Regular,2D,Italian,,2026-09-29,2025,,דמיאנו מיקילייט,110,12+,Zichron Yaakov,Yes Planet,629
18:50,Primavera,פרימוורה,https://tickets5.planetcinema.co.il/order/333382?lang=en,https://tickets5.planetcinema.co.il/order/333382?lang=he,Regular,2D,Italian,,2026-09-29,2025,,דמיאנו מיקילייט,110,12+,Zichron Yaakov,Yes Planet,629
21:15,Primavera,פרימוורה,https://tickets5.planetcinema.co.il/order/333388?lang=en,https://tickets5.planetcinema.co.il/order/333388?lang=he,Regular,2D,Italian,,2026-09-29,2025,,דמיאנו מיקילייט,110,12+,Zichron Yaakov,Yes Planet,629
14:20,Resident Evil,האויב שבפנים,https://tickets5.planetcinema.co.il/order/333473?lang=en,https://tickets5.planetcinema.co.il/order/333473?lang=he,Regular,2D,English,Hebrew,2026-09-29,2026,,Zach Cregger,90,16+,Zichron Yaakov,Yes Planet,629
14:15,RUNNER,ראנר,https://tickets5.planetcinema.co.il/order/333370?lang=en,https://tickets5.planetcinema.co.il/order/333370?lang=he,Regular,2D,Hebrew,,2026-09-29,2026,,Scott Waugh,93,12+,Zichron Yaakov,Yes Planet,629
10:00,Spider-Man: Brand New Day,ספיידרמן: יום חדש,https://tickets5.planetcinema.co.il/order/333405?lang=en,https://tickets5.planetcinema.co.il/order/333405?lang=he,Regular,2D,English,,2026-09-29,2026,,Destin Daniel Cretton,140,All,Zichron Yaakov,Yes Planet,629
13:00,Spider-Man: Brand New Day,ספיידרמן: יום חדש,https://tickets5.planetcinema.co.il/order/333410?lang=en,https://tickets5.planetcinema.co.il/order/333410?lang=he,Regular,2D,English,,2026-09-29,2026,,Destin Daniel Cretton,140,All,Zichron Yaakov,Yes Planet,629
16:00,Spider-Man: Brand New Day,ספיידרמן: יום חדש,https://tickets5.planetcinema.co.il/order/333415?lang=en,https://tickets5.planetcinema.co.il/order/333415?lang=he,Regular,2D,English,,2026-09-29,2026,,Destin Daniel Cretton,140,All,Zichron Yaakov,Yes Planet,629
19:00,Spider-Man: Brand New Day,ספיידרמן: יום חדש,https://tickets5.planetcinema.co.il/order/333420?lang=en,https://tickets5.planetcinema.co.il/order/333420?lang=he,Regular,2D,English,,2026-09-29,2026,,Destin Daniel Cretton,140,All,Zichron Yaakov,Yes Planet,629
22:00,Spider-Man: Brand New Day,ספיידרמן: יום חדש,https://tickets5.planetcinema.co.il/order/333425?lang=en,https://tickets5.planetcinema.co.il/order/333425?lang=he,Regular,2D,English,,2026-09-29,2026,,Destin Daniel Cretton,140,All,Zichron Yaakov,Yes Planet,629
10:10,tell me everything,עצמאות,https://tickets5.planetcinema.co.il/order/333322?lang=en,https://tickets5.planetcinema.co.il/order/333322?lang=he,Regular,2D,Hebrew,,2026-09-29,2026,,משה רוזנטל,109,12+,Zichron Yaakov,Yes Planet,629
12:30,tell me everything,עצמאות,https://tickets5.planetcinema.co.il/order/333326?lang=en,https://tickets5.planetcinema.co.il/order/333326?lang=he,Regular,2D,Hebrew,,2026-09-29,2026,,משה רוזנטל,109,12+,Zichron Yaakov,Yes Planet,629
14:50,tell me everything,עצמאות,https://tickets5.planetcinema.co.il/order/333330?lang=en,https://tickets5.planetcinema.co.il/order/333330?lang=he,Regular,2D,Hebrew,,2026-09-29,2026,,משה רוזנטל,109,12+,Zichron Yaakov,Yes Planet,629
17:10,tell me everything,עצמאות,https://tickets5.planetcinema.co.il/order/333335?lang=en,https://tickets5.planetcinema.co.il/order/333335?lang=he,Regular,2D,Hebrew,,2026-09-29,2026,,משה רוזנטל,109,12+,Zichron Yaakov,Yes Planet,629
19:30,tell me everything,עצמאות,https://tickets5.planetcinema.co.il/order/333339?lang=en,https://tickets5.planetcinema.co.il/order/333339?lang=he,Regular,2D,Hebrew,,2026-09-29,2026,,משה רוזנטל,109,12+,Zichron Yaakov,Yes Planet,629
21:50,tell me everything,עצמאות,https://tickets5.planetcinema.co.il/order/333343?lang=en,https://tickets5.planetcinema.co.il/order/333343?lang=he,Regular,2D,Hebrew,,2026-09-29,2026,,משה רוזנטל,109,12+,Zichron Yaakov,Yes Planet,629
11:00,The Odyssey,האודיסאה,https://tickets5.planetcinema.co.il/order/333501?lang=en,https://tickets5.planetcinema.co.il/order/333501?lang=he,Regular,2D,English,,2026-09-29,2026,,Christopher Nolan,172,14+,Zichron Yaakov,Yes Planet,629
14:30,The Odyssey,האודיסאה,https://tickets5.planetcinema.co.il/order/333507?lang=en,https://tickets5.planetcinema.co.il/order/333507?lang=he,Regular,2D,English,,2026-09-29,2026,,Christopher Nolan,172,14+,Zichron Yaakov,Yes Planet,629
18:00,The Odyssey,האודיסאה,https://tickets5.planetcinema.co.il/order/333513?lang=en,https://tickets5.planetcinema.co.il/order/333513?lang=he,Regular,2D,English,,2026-09-29,2026,,Christopher Nolan,172,14+,Zichron Yaakov,Yes Planet,629
21:30,The Odyssey,האודיסאה,https://tickets5.planetcinema.co.il/order/333519?lang=en,https://tickets5.planetcinema.co.il/order/333519?lang=he,Regular,2D,English,,2026-09-29,2026,,Christopher Nolan,172,14+,Zichron Yaakov,Yes Planet,629
10:00,Toy Story 5,צעצוע של סיפור 5,https://tickets5.planetcinema.co.il/order/333364?lang=en,https://tickets5.planetcinema.co.il/order/333364?lang=he,Regular,2D,English,Hebrew,2026-09-29,2026,,,102,All,Zichron Yaakov,Yes Planet,629
10:30,Matchmaking 3,בחורים טובים 3,https://tickets5.planetcinema.co.il/order/333094?lang=en,https://tickets5.planetcinema.co.il/order/333094?lang=he,Regular,2D,Hebrew,,2026-09-30,2026,,ארז תדמור,105,All,Zichron Yaakov,Yes Planet,629
12:45,Matchmaking 3,בחורים טובים 3,https://tickets5.planetcinema.co.il/order/333097?lang=en,https://tickets5.planetcinema.co.il/order/333097?lang=he,Regular,2D,Hebrew,,2026-09-30,2026,,ארז תדמור,105,All,Zichron Yaakov,Yes Planet,629
15:00,Matchmaking 3,בחורים טובים 3,https://tickets5.planetcinema.co.il/order/333100?lang=en,https://tickets5.planetcinema.co.il/order/333100?lang=he,Regular,2D,Hebrew,,2026-09-30,2026,,ארז תדמור,105,All,Zichron Yaakov,Yes Planet,629
17:15,Matchmaking 3,בחורים טובים 3,https://tickets5.planetcinema.co.il/order/333103?lang=en,https://tickets5.planetcinema.co.il/order/333103?lang=he,Regular,2D,Hebrew,,2026-09-30,2026,,ארז תדמור,105,All,Zichron Yaakov,Yes Planet,629
19:30,Matchmaking 3,בחורים טובים 3,https://tickets5.planetcinema.co.il/order/333106?lang=en,https://tickets5.planetcinema.co.il/order/333106?lang=he,Regular,2D,Hebrew,,2026-09-30,2026,,ארז תדמור,105,All,Zichron Yaakov,Yes Planet,629
21:45,Matchmaking 3,בחורים טובים 3,https://tickets5.planetcinema.co.il/order/333109?lang=en,https://tickets5.planetcinema.co.il/order/333109?lang=he,Regular,2D,Hebrew,,2026-09-30,2026,,ארז תדמור,105,All,Zichron Yaakov,Yes Planet,629
16:00,Matchmaking 3,בחורים טובים 3,https://tickets5.planetcinema.co.il/order/332975?lang=en,https://tickets5.planetcinema.co.il/order/332975?lang=he,VIP Light,2D,Hebrew,,2026-09-30,2026,,ארז תדמור,105,All,Zichron Yaakov,Yes Planet,629
18:30,Matchmaking 3,בחורים טובים 3,https://tickets5.planetcinema.co.il/order/332978?lang=en,https://tickets5.planetcinema.co.il/order/332978?lang=he,VIP Light,2D,Hebrew,,2026-09-30,2026,,ארז תדמור,105,All,Zichron Yaakov,Yes Planet,629
21:00,Matchmaking 3,בחורים טובים 3,https://tickets5.planetcinema.co.il/order/332981?lang=en,https://tickets5.planetcinema.co.il/order/332981?lang=he,VIP Light,2D,Hebrew,,2026-09-30,2026,,ארז תדמור,105,All,Zichron Yaakov,Yes Planet,629
10:30,Forgotten Island,האי הנעלם,https://tickets5.planetcinema.co.il/order/333551?lang=en,https://tickets5.planetcinema.co.il/order/333551?lang=he,Regular,2D,English,Hebrew,2026-09-30,2026,,,98,9+,Zichron Yaakov,Yes Planet,629
12:45,Forgotten Island,האי הנעלם,https://tickets5.planetcinema.co.il/order/333554?lang=en,https://tickets5.planetcinema.co.il/order/333554?lang=he,Regular,2D,English,Hebrew,2026-09-30,2026,,,98,9+,Zichron Yaakov,Yes Planet,629
15:00,Forgotten Island,האי הנעלם,https://tickets5.planetcinema.co.il/order/333557?lang=en,https://tickets5.planetcinema.co.il/order/333557?lang=he,Regular,2D,English,Hebrew,2026-09-30,2026,,,98,9+,Zichron Yaakov,Yes Planet,629
17:15,Forgotten Island,האי הנעלם,https://tickets5.planetcinema.co.il/order/333560?lang=en,https://tickets5.planetcinema.co.il/order/333560?lang=he,Regular,2D,English,Hebrew,2026-09-30,2026,,,98,9+,Zichron Yaakov,Yes Planet,629
19:30,Forgotten Island,האי הנעלם,https://tickets5.planetcinema.co.il/order/333056?lang=en,https://tickets5.planetcinema.co.il/order/333056?lang=he,Regular,2D,English,,2026-09-30,2026,,,98,9+,Zichron Yaakov,Yes Planet,629
21:45,Forgotten Island,האי הנעלם,https://tickets5.planetcinema.co.il/order/333059?lang=en,https://tickets5.planetcinema.co.il/order/333059?lang=he,Regular,2D,English,,2026-09-30,2026,,,98,9+,Zichron Yaakov,Yes Planet,629
17:30,Avengers: Endgame re-release,הנוקמים: סוף המשחק - הדרן,https://tickets5.planetcinema.co.il/order/333428?lang=en,https://tickets5.planetcinema.co.il/order/333428?lang=he,Regular,2D,English,,2026-09-30,2019,,,181,All,Zichron Yaakov,Yes Planet,629
21:00,Avengers: Endgame re-release,הנוקמים: סוף המשחק - הדרן,https://tickets5.planetcinema.co.il/order/333429?lang=en,https://tickets5.planetcinema.co.il/order/333429?lang=he,Regular,2D,English,,2026-09-30,2019,,,181,All,Zichron Yaakov,Yes Planet,629
17:00,Avengers: Endgame re-release - Infinity Vision,הנוקמים: סוף המשחק - הדרן - Infinity Vi,https://tickets5.planetcinema.co.il/order/333147?lang=en,https://tickets5.planetcinema.co.il/order/333147?lang=he,Regular,2D,English,,2026-09-30,2019,,,181,,Zichron Yaakov,Yes Planet,629
20:30,Avengers: Endgame re-release - Infinity Vision,הנוקמים: סוף המשחק - הדרן - Infinity Vi,https://tickets5.planetcinema.co.il/order/333150?lang=en,https://tickets5.planetcinema.co.il/order/333150?lang=he,Regular,2D,English,,2026-09-30,2019,,,181,,Zichron Yaakov,Yes Planet,629
10:30,CHARLIE THE WONDERDOG,וונדר-דוג,https://tickets5.planetcinema.co.il/order/333044?lang=en,https://tickets5.planetcinema.co.il/order/333044?lang=he,Regular,2D,Hebrew,Hebrew,2026-09-30,2025,,,92,All,Zichron Yaakov,Yes Planet,629
12:30,CHARLIE THE WONDERDOG,וונדר-דוג,https://tickets5.planetcinema.co.il/order/333047?lang=en,https://tickets5.planetcinema.co.il/order/333047?lang=he,Regular,2D,Hebrew,Hebrew,2026-09-30,2025,,,92,All,Zichron Yaakov,Yes Planet,629
14:45,CHARLIE THE WONDERDOG,וונדר-דוג,https://tickets5.planetcinema.co.il/order/333050?lang=en,https://tickets5.planetcinema.co.il/order/333050?lang=he,Regular,2D,Hebrew,Hebrew,2026-09-30,2025,,,92,All,Zichron Yaakov,Yes Planet,629
17:00,CHARLIE THE WONDERDOG,וונדר-דוג,https://tickets5.planetcinema.co.il/order/333053?lang=en,https://tickets5.planetcinema.co.il/order/333053?lang=he,Regular,2D,Hebrew,Hebrew,2026-09-30,2025,,,92,All,Zichron Yaakov,Yes Planet,629
18:20,crawlers,קרולרס,https://tickets5.planetcinema.co.il/order/333483?lang=en,https://tickets5.planetcinema.co.il/order/333483?lang=he,Regular,2D,English,,2026-09-30,2026,,,86,14+,Zichron Yaakov,Yes Planet,629
20:15,crawlers,קרולרס,https://tickets5.planetcinema.co.il/order/333486?lang=en,https://tickets5.planetcinema.co.il/order/333486?lang=he,Regular,2D,English,,2026-09-30,2026,,,86,14+,Zichron Yaakov,Yes Planet,629
22:10,crawlers,קרולרס,https://tickets5.planetcinema.co.il/order/333489?lang=en,https://tickets5.planetcinema.co.il/order/333489?lang=he,Regular,2D,English,,2026-09-30,2026,,,86,14+,Zichron Yaakov,Yes Planet,629
16:15,FALL 2,תלויה באוויר 2,https://tickets5.planetcinema.co.il/order/333492?lang=en,https://tickets5.planetcinema.co.il/order/333492?lang=he,Regular,2D,English,Hebrew,2026-09-30,2026,,"Michael Spierig, Peter Spierig",100,9+,Zichron Yaakov,Yes Planet,629
12:00,Fast and the Furious - 25th Anniversary,מהיר ועצבני - חגיגות 25 שנה,https://tickets5.planetcinema.co.il/order/333477?lang=en,https://tickets5.planetcinema.co.il/order/333477?lang=he,Regular,2D,English,,2026-09-30,2001,,Rob Cohen,106,,Zichron Yaakov,Yes Planet,629
10:00,Heart of the Beast,בלב הפרא,https://tickets5.planetcinema.co.il/order/333138?lang=en,https://tickets5.planetcinema.co.il/order/333138?lang=he,Regular,2D,English,,2026-09-30,2026,,David Ayer,101,All,Zichron Yaakov,Yes Planet,629
12:15,Heart of the Beast,בלב הפרא,https://tickets5.planetcinema.co.il/order/333141?lang=en,https://tickets5.planetcinema.co.il/order/333141?lang=he,Regular,2D,English,,2026-09-30,2026,,David Ayer,101,All,Zichron Yaakov,Yes Planet,629
14:30,Heart of the Beast,בלב הפרא,https://tickets5.planetcinema.co.il/order/333144?lang=en,https://tickets5.planetcinema.co.il/order/333144?lang=he,Regular,2D,English,,2026-09-30,2026,,David Ayer,101,All,Zichron Yaakov,Yes Planet,629
19:30,Heart of the Beast,בלב הפרא,https://tickets5.planetcinema.co.il/order/333563?lang=en,https://tickets5.planetcinema.co.il/order/333563?lang=he,Regular,2D,English,,2026-09-30,2026,,David Ayer,101,All,Zichron Yaakov,Yes Planet,629
21:45,Heart of the Beast,בלב הפרא,https://tickets5.planetcinema.co.il/order/333566?lang=en,https://tickets5.planetcinema.co.il/order/333566?lang=he,Regular,2D,English,,2026-09-30,2026,,David Ayer,101,All,Zichron Yaakov,Yes Planet,629
16:30,Heart of the Beast,בלב הפרא,https://tickets5.planetcinema.co.il/order/332966?lang=en,https://tickets5.planetcinema.co.il/order/332966?lang=he,VIP Light,2D,English,,2026-09-30,2026,,David Ayer,101,All,Zichron Yaakov,Yes Planet,629
19:00,Heart of the Beast,בלב הפרא,https://tickets5.planetcinema.co.il/order/332969?lang=en,https://tickets5.planetcinema.co.il/order/332969?lang=he,VIP Light,2D,English,,2026-09-30,2026,,David Ayer,101,All,Zichron Yaakov,Yes Planet,629
21:30,Heart of the Beast,בלב הפרא,https://tickets5.planetcinema.co.il/order/332972?lang=en,https://tickets5.planetcinema.co.il/order/332972?lang=he,VIP Light,2D,English,,2026-09-30,2026,,David Ayer,101,All,Zichron Yaakov,Yes Planet,629
11:00,Land of Someitmes,אספן המשאלות,https://tickets5.planetcinema.co.il/order/333208?lang=en,https://tickets5.planetcinema.co.il/order/333208?lang=he,Regular,2D,Hebrew,Hebrew,2026-09-30,2026,,,93,All,Zichron Yaakov,Yes Planet,629
13:00,Land of Someitmes,אספן המשאלות,https://tickets5.planetcinema.co.il/order/333211?lang=en,https://tickets5.planetcinema.co.il/order/333211?lang=he,Regular,2D,Hebrew,Hebrew,2026-09-30,2026,,,93,All,Zichron Yaakov,Yes Planet,629
15:00,Land of Someitmes,אספן המשאלות,https://tickets5.planetcinema.co.il/order/333214?lang=en,https://tickets5.planetcinema.co.il/order/333214?lang=he,Regular,2D,Hebrew,Hebrew,2026-09-30,2026,,,93,All,Zichron Yaakov,Yes Planet,629
17:00,Land of Someitmes,אספן המשאלות,https://tickets5.planetcinema.co.il/order/333224?lang=en,https://tickets5.planetcinema.co.il/order/333224?lang=he,Regular,2D,Hebrew,Hebrew,2026-09-30,2026,,,93,All,Zichron Yaakov,Yes Planet,629
10:00,Minions & Monsters,מיניונים ומפלצות,https://tickets5.planetcinema.co.il/order/333480?lang=en,https://tickets5.planetcinema.co.il/order/333480?lang=he,Regular,2D,English,Hebrew,2026-09-30,2026,,,90,All,Zichron Yaakov,Yes Planet,629
12:15,Paw Patrol: The Dino Movie,מפרץ ההרפתקאות: אי הדינוזאורים,https://tickets5.planetcinema.co.il/order/333359?lang=en,https://tickets5.planetcinema.co.il/order/333359?lang=he,Regular,2D,Hebrew,Hebrew,2026-09-30,2026,,,90,All,Zichron Yaakov,Yes Planet,629
16:30,Primavera,פרימוורה,https://tickets5.planetcinema.co.il/order/333377?lang=en,https://tickets5.planetcinema.co.il/order/333377?lang=he,Regular,2D,Italian,,2026-09-30,2025,,דמיאנו מיקילייט,110,12+,Zichron Yaakov,Yes Planet,629
18:50,Primavera,פרימוורה,https://tickets5.planetcinema.co.il/order/333383?lang=en,https://tickets5.planetcinema.co.il/order/333383?lang=he,Regular,2D,Italian,,2026-09-30,2025,,דמיאנו מיקילייט,110,12+,Zichron Yaakov,Yes Planet,629
21:15,Primavera,פרימוורה,https://tickets5.planetcinema.co.il/order/333389?lang=en,https://tickets5.planetcinema.co.il/order/333389?lang=he,Regular,2D,Italian,,2026-09-30,2025,,דמיאנו מיקילייט,110,12+,Zichron Yaakov,Yes Planet,629
14:15,RUNNER,ראנר,https://tickets5.planetcinema.co.il/order/333371?lang=en,https://tickets5.planetcinema.co.il/order/333371?lang=he,Regular,2D,Hebrew,,2026-09-30,2026,,Scott Waugh,93,12+,Zichron Yaakov,Yes Planet,629
11:00,Spider-Man: Brand New Day,ספיידרמן: יום חדש,https://tickets5.planetcinema.co.il/order/333426?lang=en,https://tickets5.planetcinema.co.il/order/333426?lang=he,Regular,2D,English,,2026-09-30,2026,,Destin Daniel Cretton,140,All,Zichron Yaakov,Yes Planet,629
14:00,Spider-Man: Brand New Day,ספיידרמן: יום חדש,https://tickets5.planetcinema.co.il/order/333427?lang=en,https://tickets5.planetcinema.co.il/order/333427?lang=he,Regular,2D,English,,2026-09-30,2026,,Destin Daniel Cretton,140,All,Zichron Yaakov,Yes Planet,629
14:15,Tad and the Magic Lamp,טד החוקר ומנורת הקסמים,https://tickets5.planetcinema.co.il/order/333474?lang=en,https://tickets5.planetcinema.co.il/order/333474?lang=he,Regular,2D,Hebrew,Hebrew,2026-09-30,2026,,,94,All,Zichron Yaakov,Yes Planet,629
10:10,tell me everything,עצמאות,https://tickets5.planetcinema.co.il/order/333323?lang=en,https://tickets5.planetcinema.co.il/order/333323?lang=he,Regular,2D,Hebrew,,2026-09-30,2026,,משה רוזנטל,109,12+,Zichron Yaakov,Yes Planet,629
12:30,tell me everything,עצמאות,https://tickets5.planetcinema.co.il/order/333327?lang=en,https://tickets5.planetcinema.co.il/order/333327?lang=he,Regular,2D,Hebrew,,2026-09-30,2026,,משה רוזנטל,109,12+,Zichron Yaakov,Yes Planet,629
14:50,tell me everything,עצמאות,https://tickets5.planetcinema.co.il/order/333332?lang=en,https://tickets5.planetcinema.co.il/order/333332?lang=he,Regular,2D,Hebrew,,2026-09-30,2026,,משה רוזנטל,109,12+,Zichron Yaakov,Yes Planet,629
17:10,tell me everything,עצמאות,https://tickets5.planetcinema.co.il/order/333336?lang=en,https://tickets5.planetcinema.co.il/order/333336?lang=he,Regular,2D,Hebrew,,2026-09-30,2026,,משה רוזנטל,109,12+,Zichron Yaakov,Yes Planet,629
19:30,tell me everything,עצמאות,https://tickets5.planetcinema.co.il/order/333340?lang=en,https://tickets5.planetcinema.co.il/order/333340?lang=he,Regular,2D,Hebrew,,2026-09-30,2026,,משה רוזנטל,109,12+,Zichron Yaakov,Yes Planet,629
21:50,tell me everything,עצמאות,https://tickets5.planetcinema.co.il/order/333344?lang=en,https://tickets5.planetcinema.co.il/order/333344?lang=he,Regular,2D,Hebrew,,2026-09-30,2026,,משה רוזנטל,109,12+,Zichron Yaakov,Yes Planet,629
11:00,The Odyssey,האודיסאה,https://tickets5.planetcinema.co.il/order/333502?lang=en,https://tickets5.planetcinema.co.il/order/333502?lang=he,Regular,2D,English,,2026-09-30,2026,,Christopher Nolan,172,14+,Zichron Yaakov,Yes Planet,629
14:30,The Odyssey,האודיסאה,https://tickets5.planetcinema.co.il/order/333508?lang=en,https://tickets5.planetcinema.co.il/order/333508?lang=he,Regular,2D,English,,2026-09-30,2026,,Christopher Nolan,172,14+,Zichron Yaakov,Yes Planet,629
18:00,The Odyssey,האודיסאה,https://tickets5.planetcinema.co.il/order/333514?lang=en,https://tickets5.planetcinema.co.il/order/333514?lang=he,Regular,2D,English,,2026-09-30,2026,,Christopher Nolan,172,14+,Zichron Yaakov,Yes Planet,629
21:30,The Odyssey,האודיסאה,https://tickets5.planetcinema.co.il/order/333520?lang=en,https://tickets5.planetcinema.co.il/order/333520?lang=he,Regular,2D,English,,2026-09-30,2026,,Christopher Nolan,172,14+,Zichron Yaakov,Yes Planet,629
10:00,Toy Story 5,צעצוע של סיפור 5,https://tickets5.planetcinema.co.il/order/333365?lang=en,https://tickets5.planetcinema.co.il/order/333365?lang=he,Regular,2D,English,Hebrew,2026-09-30,2026,,,102,All,Zichron Yaakov,Yes Planet,629
19:00,Verity,תעתוע,https://tickets5.planetcinema.co.il/order/333228?lang=en,https://tickets5.planetcinema.co.il/order/333228?lang=he,Regular,2D,Hebrew,,2026-09-30,2026,,Michael Showalter,116,14+,Zichron Yaakov,Yes Planet,629
21:30,Verity,תעתוע,https://tickets5.planetcinema.co.il/order/333231?lang=en,https://tickets5.planetcinema.co.il/order/333231?lang=he,Regular,2D,Hebrew,,2026-09-30,2026,,Michael Showalter,116,14+,Zichron Yaakov,Yes Planet,629
