showtime,english_title,hebrew_title,english_href,hebrew_href,screening_type,screening_tech,original_language,dub_language,date_of_showing,release_year,release_date,directed_by,runtime,rating,screening_city,cinema,run_id
20:45,האודיסאה,האודיסאה,https://tickets5.rav-hen.co.il/order/292833?lang=he,https://tickets5.rav-hen.co.il/order/292833?lang=he,Regular,2D,English,,2026-08-04,2026,,,172,14+,Givatayim,Rav Hen,590
20:30,אובססיה,אובססיה,https://tickets5.rav-hen.co.il/order/292967?lang=he,https://tickets5.rav-hen.co.il/order/292967?lang=he,Regular,2D,English,,2026-08-04,2025,,,110,14+,Givatayim,Rav Hen,590
19:00,אשליות מתוקות,אשליות מתוקות,https://tickets5.rav-hen.co.il/order/293052?lang=he,https://tickets5.rav-hen.co.il/order/293052?lang=he,Regular,2D,French,,2026-08-04,2026,,,116,All,Givatayim,Rav Hen,590
21:30,אשליות מתוקות,אשליות מתוקות,https://tickets5.rav-hen.co.il/order/293062?lang=he,https://tickets5.rav-hen.co.il/order/293062?lang=he,Regular,2D,French,,2026-08-04,2026,,,116,All,Givatayim,Rav Hen,590
18:15,ההזמנה,ההזמנה,https://tickets5.rav-hen.co.il/order/292985?lang=he,https://tickets5.rav-hen.co.il/order/292985?lang=he,Regular,2D,English,,2026-08-04,2026,,,107,14+,Givatayim,Rav Hen,590
21:50,חינה אמריקאית,חינה אמריקאית,https://tickets5.rav-hen.co.il/order/293170?lang=he,https://tickets5.rav-hen.co.il/order/293170?lang=he,Regular,2D,Hebrew,,2026-08-04,2026,,,89,All,Givatayim,Rav Hen,590
19:20,מואנה לייב אקשן,מואנה לייב אקשן,https://tickets5.rav-hen.co.il/order/293184?lang=he,https://tickets5.rav-hen.co.il/order/293184?lang=he,Regular,2D,English,,2026-08-04,2026,,,120,All,Givatayim,Rav Hen,590
18:30,מיניונים ומפלצות,מיניונים ומפלצות,https://tickets5.rav-hen.co.il/order/292879?lang=he,https://tickets5.rav-hen.co.il/order/292879?lang=he,Regular,2D,English,Hebrew,2026-08-04,2026,,,90,All,Givatayim,Rav Hen,590
19:00,ספיידרמן: יום חדש,ספיידרמן: יום חדש,https://tickets5.rav-hen.co.il/order/292853?lang=he,https://tickets5.rav-hen.co.il/order/292853?lang=he,Regular,2D,English,,2026-08-04,2026,,,140,All,Givatayim,Rav Hen,590
20:30,ספיידרמן: יום חדש,ספיידרמן: יום חדש,https://tickets5.rav-hen.co.il/order/292908?lang=he,https://tickets5.rav-hen.co.il/order/292908?lang=he,Regular,2D,English,,2026-08-04,2026,,,140,All,Givatayim,Rav Hen,590
21:50,ספיידרמן: יום חדש,ספיידרמן: יום חדש,https://tickets5.rav-hen.co.il/order/292854?lang=he,https://tickets5.rav-hen.co.il/order/292854?lang=he,Regular,2D,English,,2026-08-04,2026,,,140,All,Givatayim,Rav Hen,590
19:30,קופה ראשית,קופה ראשית,https://tickets5.rav-hen.co.il/order/292950?lang=he,https://tickets5.rav-hen.co.il/order/292950?lang=he,Regular,2D,Hebrew,,2026-08-04,2026,,,91,All,Givatayim,Rav Hen,590
21:30,קופה ראשית,קופה ראשית,https://tickets5.rav-hen.co.il/order/292951?lang=he,https://tickets5.rav-hen.co.il/order/292951?lang=he,Regular,2D,Hebrew,,2026-08-04,2026,,,91,All,Givatayim,Rav Hen,590
10:30,האודיסאה,האודיסאה,https://tickets5.rav-hen.co.il/order/292834?lang=he,https://tickets5.rav-hen.co.il/order/292834?lang=he,Regular,2D,English,,2026-08-05,2026,,,172,14+,Givatayim,Rav Hen,590
12:30,האודיסאה,האודיסאה,https://tickets5.rav-hen.co.il/order/293186?lang=he,https://tickets5.rav-hen.co.il/order/293186?lang=he,Regular,2D,English,,2026-08-05,2026,,,172,14+,Givatayim,Rav Hen,590
14:00,האודיסאה,האודיסאה,https://tickets5.rav-hen.co.il/order/292835?lang=he,https://tickets5.rav-hen.co.il/order/292835?lang=he,Regular,2D,English,,2026-08-05,2026,,,172,14+,Givatayim,Rav Hen,590
16:00,האודיסאה,האודיסאה,https://tickets5.rav-hen.co.il/order/293187?lang=he,https://tickets5.rav-hen.co.il/order/293187?lang=he,Regular,2D,English,,2026-08-05,2026,,,172,14+,Givatayim,Rav Hen,590
17:20,האודיסאה,האודיסאה,https://tickets5.rav-hen.co.il/order/292836?lang=he,https://tickets5.rav-hen.co.il/order/292836?lang=he,Regular,2D,English,,2026-08-05,2026,,,172,14+,Givatayim,Rav Hen,590
20:45,האודיסאה,האודיסאה,https://tickets5.rav-hen.co.il/order/292837?lang=he,https://tickets5.rav-hen.co.il/order/292837?lang=he,Regular,2D,English,,2026-08-05,2026,,,172,14+,Givatayim,Rav Hen,590
20:30,אובססיה,אובססיה,https://tickets5.rav-hen.co.il/order/292969?lang=he,https://tickets5.rav-hen.co.il/order/292969?lang=he,Regular,2D,English,,2026-08-05,2025,,,110,14+,Givatayim,Rav Hen,590
19:00,אשליות מתוקות,אשליות מתוקות,https://tickets5.rav-hen.co.il/order/293064?lang=he,https://tickets5.rav-hen.co.il/order/293064?lang=he,Regular,2D,French,,2026-08-05,2026,,,116,All,Givatayim,Rav Hen,590
21:30,אשליות מתוקות,אשליות מתוקות,https://tickets5.rav-hen.co.il/order/293065?lang=he,https://tickets5.rav-hen.co.il/order/293065?lang=he,Regular,2D,French,,2026-08-05,2026,,,116,All,Givatayim,Rav Hen,590
16:00,ההזמנה,ההזמנה,https://tickets5.rav-hen.co.il/order/292986?lang=he,https://tickets5.rav-hen.co.il/order/292986?lang=he,Regular,2D,English,,2026-08-05,2026,,,107,14+,Givatayim,Rav Hen,590
18:15,ההזמנה,ההזמנה,https://tickets5.rav-hen.co.il/order/292988?lang=he,https://tickets5.rav-hen.co.il/order/292988?lang=he,Regular,2D,English,,2026-08-05,2026,,,107,14+,Givatayim,Rav Hen,590
21:50,חינה אמריקאית,חינה אמריקאית,https://tickets5.rav-hen.co.il/order/293171?lang=he,https://tickets5.rav-hen.co.il/order/293171?lang=he,Regular,2D,Hebrew,,2026-08-05,2026,,,89,All,Givatayim,Rav Hen,590
10:00,טפיטי: הרפתקה במדבר,טפיטי: הרפתקה במדבר,https://tickets5.rav-hen.co.il/order/293030?lang=he,https://tickets5.rav-hen.co.il/order/293030?lang=he,Regular,2D,,Hebrew,2026-08-05,2025,,,81,All,Givatayim,Rav Hen,590
12:00,טפיטי: הרפתקה במדבר,טפיטי: הרפתקה במדבר,https://tickets5.rav-hen.co.il/order/293031?lang=he,https://tickets5.rav-hen.co.il/order/293031?lang=he,Regular,2D,,Hebrew,2026-08-05,2025,,,81,All,Givatayim,Rav Hen,590
14:00,טפיטי: הרפתקה במדבר,טפיטי: הרפתקה במדבר,https://tickets5.rav-hen.co.il/order/293032?lang=he,https://tickets5.rav-hen.co.il/order/293032?lang=he,Regular,2D,,Hebrew,2026-08-05,2025,,,81,All,Givatayim,Rav Hen,590
10:30,מאשה והדוב-ההרפתקה הגדולה,מאשה והדוב-ההרפתקה הגדולה,https://tickets5.rav-hen.co.il/order/293178?lang=he,https://tickets5.rav-hen.co.il/order/293178?lang=he,Regular,2D,Hebrew,Hebrew,2026-08-05,2024,,,73,All,Givatayim,Rav Hen,590
10:00,מואנה לייב אקשן,מואנה לייב אקשן,https://tickets5.rav-hen.co.il/order/292930?lang=he,https://tickets5.rav-hen.co.il/order/292930?lang=he,Regular,2D,English,Hebrew,2026-08-05,2026,,,120,All,Givatayim,Rav Hen,590
12:30,מואנה לייב אקשן,מואנה לייב אקשן,https://tickets5.rav-hen.co.il/order/292931?lang=he,https://tickets5.rav-hen.co.il/order/292931?lang=he,Regular,2D,English,Hebrew,2026-08-05,2026,,,120,All,Givatayim,Rav Hen,590
15:00,מואנה לייב אקשן,מואנה לייב אקשן,https://tickets5.rav-hen.co.il/order/292932?lang=he,https://tickets5.rav-hen.co.il/order/292932?lang=he,Regular,2D,English,Hebrew,2026-08-05,2026,,,120,All,Givatayim,Rav Hen,590
16:30,מואנה לייב אקשן,מואנה לייב אקשן,https://tickets5.rav-hen.co.il/order/293087?lang=he,https://tickets5.rav-hen.co.il/order/293087?lang=he,Regular,2D,English,Hebrew,2026-08-05,2026,,,120,All,Givatayim,Rav Hen,590
19:20,מואנה לייב אקשן,מואנה לייב אקשן,https://tickets5.rav-hen.co.il/order/293185?lang=he,https://tickets5.rav-hen.co.il/order/293185?lang=he,Regular,2D,English,,2026-08-05,2026,,,120,All,Givatayim,Rav Hen,590
10:30,מיניונים ומפלצות,מיניונים ומפלצות,https://tickets5.rav-hen.co.il/order/292880?lang=he,https://tickets5.rav-hen.co.il/order/292880?lang=he,Regular,2D,English,Hebrew,2026-08-05,2026,,,90,All,Givatayim,Rav Hen,590
12:30,מיניונים ומפלצות,מיניונים ומפלצות,https://tickets5.rav-hen.co.il/order/292881?lang=he,https://tickets5.rav-hen.co.il/order/292881?lang=he,Regular,2D,English,Hebrew,2026-08-05,2026,,,90,All,Givatayim,Rav Hen,590
14:30,מיניונים ומפלצות,מיניונים ומפלצות,https://tickets5.rav-hen.co.il/order/292882?lang=he,https://tickets5.rav-hen.co.il/order/292882?lang=he,Regular,2D,English,Hebrew,2026-08-05,2026,,,90,All,Givatayim,Rav Hen,590
16:30,מיניונים ומפלצות,מיניונים ומפלצות,https://tickets5.rav-hen.co.il/order/292883?lang=he,https://tickets5.rav-hen.co.il/order/292883?lang=he,Regular,2D,English,Hebrew,2026-08-05,2026,,,90,All,Givatayim,Rav Hen,590
18:30,מיניונים ומפלצות,מיניונים ומפלצות,https://tickets5.rav-hen.co.il/order/292884?lang=he,https://tickets5.rav-hen.co.il/order/292884?lang=he,Regular,2D,English,Hebrew,2026-08-05,2026,,,90,All,Givatayim,Rav Hen,590
10:00,ספיידרמן: יום חדש,ספיידרמן: יום חדש,https://tickets5.rav-hen.co.il/order/292856?lang=he,https://tickets5.rav-hen.co.il/order/292856?lang=he,Regular,2D,English,,2026-08-05,2026,,,140,All,Givatayim,Rav Hen,590
13:00,ספיידרמן: יום חדש,ספיידרמן: יום חדש,https://tickets5.rav-hen.co.il/order/292857?lang=he,https://tickets5.rav-hen.co.il/order/292857?lang=he,Regular,2D,English,,2026-08-05,2026,,,140,All,Givatayim,Rav Hen,590
16:00,ספיידרמן: יום חדש,ספיידרמן: יום חדש,https://tickets5.rav-hen.co.il/order/292858?lang=he,https://tickets5.rav-hen.co.il/order/292858?lang=he,Regular,2D,English,,2026-08-05,2026,,,140,All,Givatayim,Rav Hen,590
19:00,ספיידרמן: יום חדש,ספיידרמן: יום חדש,https://tickets5.rav-hen.co.il/order/292859?lang=he,https://tickets5.rav-hen.co.il/order/292859?lang=he,Regular,2D,English,,2026-08-05,2026,,,140,All,Givatayim,Rav Hen,590
20:30,ספיידרמן: יום חדש,ספיידרמן: יום חדש,https://tickets5.rav-hen.co.il/order/292909?lang=he,https://tickets5.rav-hen.co.il/order/292909?lang=he,Regular,2D,English,,2026-08-05,2026,,,140,All,Givatayim,Rav Hen,590
21:50,ספיידרמן: יום חדש,ספיידרמן: יום חדש,https://tickets5.rav-hen.co.il/order/292860?lang=he,https://tickets5.rav-hen.co.il/order/292860?lang=he,Regular,2D,English,,2026-08-05,2026,,,140,All,Givatayim,Rav Hen,590
10:00,צעצוע של סיפור 5,צעצוע של סיפור 5,https://tickets5.rav-hen.co.il/order/293147?lang=he,https://tickets5.rav-hen.co.il/order/293147?lang=he,Regular,2D,English,Hebrew,2026-08-05,2026,,,102,All,Givatayim,Rav Hen,590
12:10,צעצוע של סיפור 5,צעצוע של סיפור 5,https://tickets5.rav-hen.co.il/order/293148?lang=he,https://tickets5.rav-hen.co.il/order/293148?lang=he,Regular,2D,English,Hebrew,2026-08-05,2026,,,102,All,Givatayim,Rav Hen,590
14:15,צעצוע של סיפור 5,צעצוע של סיפור 5,https://tickets5.rav-hen.co.il/order/293149?lang=he,https://tickets5.rav-hen.co.il/order/293149?lang=he,Regular,2D,English,Hebrew,2026-08-05,2026,,,102,All,Givatayim,Rav Hen,590
17:30,קופה ראשית,קופה ראשית,https://tickets5.rav-hen.co.il/order/292952?lang=he,https://tickets5.rav-hen.co.il/order/292952?lang=he,Regular,2D,Hebrew,,2026-08-05,2026,,,91,All,Givatayim,Rav Hen,590
19:30,קופה ראשית,קופה ראשית,https://tickets5.rav-hen.co.il/order/292954?lang=he,https://tickets5.rav-hen.co.il/order/292954?lang=he,Regular,2D,Hebrew,,2026-08-05,2026,,,91,All,Givatayim,Rav Hen,590
21:30,קופה ראשית,קופה ראשית,https://tickets5.rav-hen.co.il/order/292955?lang=he,https://tickets5.rav-hen.co.il/order/292955?lang=he,Regular,2D,Hebrew,,2026-08-05,2026,,,91,All,Givatayim,Rav Hen,590
17:00,גבעה 338,גבעה 338,https://tickets5.rav-hen.co.il/order/298790?lang=he,https://tickets5.rav-hen.co.il/order/298790?lang=he,Regular,2D,Hebrew,,2026-08-06,2026,,,106,,Givatayim,Rav Hen,590
19:30,גבעה 338,גבעה 338,https://tickets5.rav-hen.co.il/order/298792?lang=he,https://tickets5.rav-hen.co.il/order/298792?lang=he,Regular,2D,Hebrew,,2026-08-06,2026,,,106,,Givatayim,Rav Hen,590
21:50,גבעה 338,גבעה 338,https://tickets5.rav-hen.co.il/order/298795?lang=he,https://tickets5.rav-hen.co.il/order/298795?lang=he,Regular,2D,Hebrew,,2026-08-06,2026,,,106,,Givatayim,Rav Hen,590
10:00,מפרץ ההרפתקאות: אי הדינוזאורים,מפרץ ההרפתקאות: אי הדינוזאורים,https://tickets5.rav-hen.co.il/order/298173?lang=he,https://tickets5.rav-hen.co.il/order/298173?lang=he,Regular,2D,,Hebrew,2026-08-06,2026,,,90,,Givatayim,Rav Hen,590
12:00,מפרץ ההרפתקאות: אי הדינוזאורים,מפרץ ההרפתקאות: אי הדינוזאורים,https://tickets5.rav-hen.co.il/order/298174?lang=he,https://tickets5.rav-hen.co.il/order/298174?lang=he,Regular,2D,,Hebrew,2026-08-06,2026,,,90,,Givatayim,Rav Hen,590
14:00,מפרץ ההרפתקאות: אי הדינוזאורים,מפרץ ההרפתקאות: אי הדינוזאורים,https://tickets5.rav-hen.co.il/order/298175?lang=he,https://tickets5.rav-hen.co.il/order/298175?lang=he,Regular,2D,,Hebrew,2026-08-06,2026,,,90,,Givatayim,Rav Hen,590
16:00,מפרץ ההרפתקאות: אי הדינוזאורים,מפרץ ההרפתקאות: אי הדינוזאורים,https://tickets5.rav-hen.co.il/order/298177?lang=he,https://tickets5.rav-hen.co.il/order/298177?lang=he,Regular,2D,,Hebrew,2026-08-06,2026,,,90,,Givatayim,Rav Hen,590
10:30,האודיסאה,האודיסאה,https://tickets5.rav-hen.co.il/order/298387?lang=he,https://tickets5.rav-hen.co.il/order/298387?lang=he,Regular,2D,English,,2026-08-06,2026,,,172,14+,Givatayim,Rav Hen,590
14:00,האודיסאה,האודיסאה,https://tickets5.rav-hen.co.il/order/298389?lang=he,https://tickets5.rav-hen.co.il/order/298389?lang=he,Regular,2D,English,,2026-08-06,2026,,,172,14+,Givatayim,Rav Hen,590
17:20,האודיסאה,האודיסאה,https://tickets5.rav-hen.co.il/order/298392?lang=he,https://tickets5.rav-hen.co.il/order/298392?lang=he,Regular,2D,English,,2026-08-06,2026,,,172,14+,Givatayim,Rav Hen,590
20:45,האודיסאה,האודיסאה,https://tickets5.rav-hen.co.il/order/298401?lang=he,https://tickets5.rav-hen.co.il/order/298401?lang=he,Regular,2D,English,,2026-08-06,2026,,,172,14+,Givatayim,Rav Hen,590
21:50,אובססיה,אובססיה,https://tickets5.rav-hen.co.il/order/298850?lang=he,https://tickets5.rav-hen.co.il/order/298850?lang=he,Regular,2D,English,,2026-08-06,2025,,,110,14+,Givatayim,Rav Hen,590
18:00,איש הגלידה,איש הגלידה,https://tickets5.rav-hen.co.il/order/298552?lang=he,https://tickets5.rav-hen.co.il/order/298552?lang=he,Regular,2D,English,,2026-08-06,2026,,,86,18+,Givatayim,Rav Hen,590
20:00,איש הגלידה,איש הגלידה,https://tickets5.rav-hen.co.il/order/298559?lang=he,https://tickets5.rav-hen.co.il/order/298559?lang=he,Regular,2D,English,,2026-08-06,2026,,,86,18+,Givatayim,Rav Hen,590
21:50,איש הגלידה,איש הגלידה,https://tickets5.rav-hen.co.il/order/298560?lang=he,https://tickets5.rav-hen.co.il/order/298560?lang=he,Regular,2D,English,,2026-08-06,2026,,,86,18+,Givatayim,Rav Hen,590
19:20,אשליות מתוקות,אשליות מתוקות,https://tickets5.rav-hen.co.il/order/298864?lang=he,https://tickets5.rav-hen.co.il/order/298864?lang=he,Regular,2D,French,,2026-08-06,2026,,,116,All,Givatayim,Rav Hen,590
10:30,טפיטי: הרפתקה במדבר,טפיטי: הרפתקה במדבר,https://tickets5.rav-hen.co.il/order/298428?lang=he,https://tickets5.rav-hen.co.il/order/298428?lang=he,Regular,2D,,Hebrew,2026-08-06,2025,,,81,All,Givatayim,Rav Hen,590
14:00,טפיטי: הרפתקה במדבר,טפיטי: הרפתקה במדבר,https://tickets5.rav-hen.co.il/order/298769?lang=he,https://tickets5.rav-hen.co.il/order/298769?lang=he,Regular,2D,,Hebrew,2026-08-06,2025,,,81,All,Givatayim,Rav Hen,590
12:30,מואנה לייב אקשן,מואנה לייב אקשן,https://tickets5.rav-hen.co.il/order/298467?lang=he,https://tickets5.rav-hen.co.il/order/298467?lang=he,Regular,2D,English,Hebrew,2026-08-06,2026,,,120,All,Givatayim,Rav Hen,590
15:00,מואנה לייב אקשן,מואנה לייב אקשן,https://tickets5.rav-hen.co.il/order/298469?lang=he,https://tickets5.rav-hen.co.il/order/298469?lang=he,Regular,2D,English,Hebrew,2026-08-06,2026,,,120,All,Givatayim,Rav Hen,590
10:00,מיניונים ומפלצות,מיניונים ומפלצות,https://tickets5.rav-hen.co.il/order/298783?lang=he,https://tickets5.rav-hen.co.il/order/298783?lang=he,Regular,2D,English,Hebrew,2026-08-06,2026,,,90,All,Givatayim,Rav Hen,590
12:00,מיניונים ומפלצות,מיניונים ומפלצות,https://tickets5.rav-hen.co.il/order/298785?lang=he,https://tickets5.rav-hen.co.il/order/298785?lang=he,Regular,2D,English,Hebrew,2026-08-06,2026,,,90,All,Givatayim,Rav Hen,590
16:00,מיניונים ומפלצות,מיניונים ומפלצות,https://tickets5.rav-hen.co.il/order/298787?lang=he,https://tickets5.rav-hen.co.il/order/298787?lang=he,Regular,2D,English,Hebrew,2026-08-06,2026,,,90,All,Givatayim,Rav Hen,590
10:00,מרסופילאמי,מרסופילאמי,https://tickets5.rav-hen.co.il/order/298890?lang=he,https://tickets5.rav-hen.co.il/order/298890?lang=he,Regular,2D,English,Hebrew,2026-08-06,2025,,,100,,Givatayim,Rav Hen,590
12:10,מרסופילאמי,מרסופילאמי,https://tickets5.rav-hen.co.il/order/298894?lang=he,https://tickets5.rav-hen.co.il/order/298894?lang=he,Regular,2D,English,Hebrew,2026-08-06,2025,,,100,,Givatayim,Rav Hen,590
14:20,מרסופילאמי,מרסופילאמי,https://tickets5.rav-hen.co.il/order/298899?lang=he,https://tickets5.rav-hen.co.il/order/298899?lang=he,Regular,2D,English,Hebrew,2026-08-06,2025,,,100,,Givatayim,Rav Hen,590
10:00,ספיידרמן: יום חדש,ספיידרמן: יום חדש,https://tickets5.rav-hen.co.il/order/298298?lang=he,https://tickets5.rav-hen.co.il/order/298298?lang=he,Regular,2D,English,,2026-08-06,2026,,,140,All,Givatayim,Rav Hen,590
13:00,ספיידרמן: יום חדש,ספיידרמן: יום חדש,https://tickets5.rav-hen.co.il/order/298301?lang=he,https://tickets5.rav-hen.co.il/order/298301?lang=he,Regular,2D,English,,2026-08-06,2026,,,140,All,Givatayim,Rav Hen,590
16:00,ספיידרמן: יום חדש,ספיידרמן: יום חדש,https://tickets5.rav-hen.co.il/order/298303?lang=he,https://tickets5.rav-hen.co.il/order/298303?lang=he,Regular,2D,English,,2026-08-06,2026,,,140,All,Givatayim,Rav Hen,590
16:30,ספיידרמן: יום חדש,ספיידרמן: יום חדש,https://tickets5.rav-hen.co.il/order/299243?lang=he,https://tickets5.rav-hen.co.il/order/299243?lang=he,Regular,2D,English,,2026-08-06,2026,,,140,All,Givatayim,Rav Hen,590
18:00,ספיידרמן: יום חדש,ספיידרמן: יום חדש,https://tickets5.rav-hen.co.il/order/298251?lang=he,https://tickets5.rav-hen.co.il/order/298251?lang=he,Regular,2D,English,,2026-08-06,2026,,,140,All,Givatayim,Rav Hen,590
19:00,ספיידרמן: יום חדש,ספיידרמן: יום חדש,https://tickets5.rav-hen.co.il/order/298305?lang=he,https://tickets5.rav-hen.co.il/order/298305?lang=he,Regular,2D,English,,2026-08-06,2026,,,140,All,Givatayim,Rav Hen,590
20:45,ספיידרמן: יום חדש,ספיידרמן: יום חדש,https://tickets5.rav-hen.co.il/order/298253?lang=he,https://tickets5.rav-hen.co.il/order/298253?lang=he,Regular,2D,English,,2026-08-06,2026,,,140,All,Givatayim,Rav Hen,590
21:30,ספיידרמן: יום חדש,ספיידרמן: יום חדש,https://tickets5.rav-hen.co.il/order/298488?lang=he,https://tickets5.rav-hen.co.il/order/298488?lang=he,Regular,2D,English,,2026-08-06,2026,,,140,All,Givatayim,Rav Hen,590
21:50,ספיידרמן: יום חדש,ספיידרמן: יום חדש,https://tickets5.rav-hen.co.il/order/298307?lang=he,https://tickets5.rav-hen.co.il/order/298307?lang=he,Regular,2D,English,,2026-08-06,2026,,,140,All,Givatayim,Rav Hen,590
10:15,צעצוע של סיפור 5,צעצוע של סיפור 5,https://tickets5.rav-hen.co.il/order/298821?lang=he,https://tickets5.rav-hen.co.il/order/298821?lang=he,Regular,2D,English,Hebrew,2026-08-06,2026,,,102,All,Givatayim,Rav Hen,590
12:30,צעצוע של סיפור 5,צעצוע של סיפור 5,https://tickets5.rav-hen.co.il/order/298822?lang=he,https://tickets5.rav-hen.co.il/order/298822?lang=he,Regular,2D,English,Hebrew,2026-08-06,2026,,,102,All,Givatayim,Rav Hen,590
14:45,צעצוע של סיפור 5,צעצוע של סיפור 5,https://tickets5.rav-hen.co.il/order/298823?lang=he,https://tickets5.rav-hen.co.il/order/298823?lang=he,Regular,2D,English,Hebrew,2026-08-06,2026,,,102,All,Givatayim,Rav Hen,590
17:30,קופה ראשית,קופה ראשית,https://tickets5.rav-hen.co.il/order/298516?lang=he,https://tickets5.rav-hen.co.il/order/298516?lang=he,Regular,2D,Hebrew,,2026-08-06,2026,,,91,All,Givatayim,Rav Hen,590
19:30,קופה ראשית,קופה ראשית,https://tickets5.rav-hen.co.il/order/298518?lang=he,https://tickets5.rav-hen.co.il/order/298518?lang=he,Regular,2D,Hebrew,,2026-08-06,2026,,,91,All,Givatayim,Rav Hen,590
17:00,גבעה 338,גבעה 338,https://tickets5.rav-hen.co.il/order/298802?lang=he,https://tickets5.rav-hen.co.il/order/298802?lang=he,Regular,2D,Hebrew,,2026-08-07,2026,,,106,,Givatayim,Rav Hen,590
19:30,גבעה 338,גבעה 338,https://tickets5.rav-hen.co.il/order/298807?lang=he,https://tickets5.rav-hen.co.il/order/298807?lang=he,Regular,2D,Hebrew,,2026-08-07,2026,,,106,,Givatayim,Rav Hen,590
21:50,גבעה 338,גבעה 338,https://tickets5.rav-hen.co.il/order/298812?lang=he,https://tickets5.rav-hen.co.il/order/298812?lang=he,Regular,2D,Hebrew,,2026-08-07,2026,,,106,,Givatayim,Rav Hen,590
10:00,מפרץ ההרפתקאות: אי הדינוזאורים,מפרץ ההרפתקאות: אי הדינוזאורים,https://tickets5.rav-hen.co.il/order/298192?lang=he,https://tickets5.rav-hen.co.il/order/298192?lang=he,Regular,2D,,Hebrew,2026-08-07,2026,,,90,,Givatayim,Rav Hen,590
12:00,מפרץ ההרפתקאות: אי הדינוזאורים,מפרץ ההרפתקאות: אי הדינוזאורים,https://tickets5.rav-hen.co.il/order/298194?lang=he,https://tickets5.rav-hen.co.il/order/298194?lang=he,Regular,2D,,Hebrew,2026-08-07,2026,,,90,,Givatayim,Rav Hen,590
14:00,מפרץ ההרפתקאות: אי הדינוזאורים,מפרץ ההרפתקאות: אי הדינוזאורים,https://tickets5.rav-hen.co.il/order/298196?lang=he,https://tickets5.rav-hen.co.il/order/298196?lang=he,Regular,2D,,Hebrew,2026-08-07,2026,,,90,,Givatayim,Rav Hen,590
16:00,מפרץ ההרפתקאות: אי הדינוזאורים,מפרץ ההרפתקאות: אי הדינוזאורים,https://tickets5.rav-hen.co.il/order/298199?lang=he,https://tickets5.rav-hen.co.il/order/298199?lang=he,Regular,2D,,Hebrew,2026-08-07,2026,,,90,,Givatayim,Rav Hen,590
10:00,האודיסאה,האודיסאה,https://tickets5.rav-hen.co.il/order/298413?lang=he,https://tickets5.rav-hen.co.il/order/298413?lang=he,Regular,2D,English,,2026-08-07,2026,,,172,14+,Givatayim,Rav Hen,590
14:00,האודיסאה,האודיסאה,https://tickets5.rav-hen.co.il/order/298377?lang=he,https://tickets5.rav-hen.co.il/order/298377?lang=he,Regular,2D,English,,2026-08-07,2026,,,172,14+,Givatayim,Rav Hen,590
17:20,האודיסאה,האודיסאה,https://tickets5.rav-hen.co.il/order/298379?lang=he,https://tickets5.rav-hen.co.il/order/298379?lang=he,Regular,2D,English,,2026-08-07,2026,,,172,14+,Givatayim,Rav Hen,590
20:45,האודיסאה,האודיסאה,https://tickets5.rav-hen.co.il/order/298381?lang=he,https://tickets5.rav-hen.co.il/order/298381?lang=he,Regular,2D,English,,2026-08-07,2026,,,172,14+,Givatayim,Rav Hen,590
21:50,אובססיה,אובססיה,https://tickets5.rav-hen.co.il/order/298854?lang=he,https://tickets5.rav-hen.co.il/order/298854?lang=he,Regular,2D,English,,2026-08-07,2025,,,110,14+,Givatayim,Rav Hen,590
18:00,איש הגלידה,איש הגלידה,https://tickets5.rav-hen.co.il/order/298571?lang=he,https://tickets5.rav-hen.co.il/order/298571?lang=he,Regular,2D,English,,2026-08-07,2026,,,86,18+,Givatayim,Rav Hen,590
20:00,איש הגלידה,איש הגלידה,https://tickets5.rav-hen.co.il/order/298577?lang=he,https://tickets5.rav-hen.co.il/order/298577?lang=he,Regular,2D,English,,2026-08-07,2026,,,86,18+,Givatayim,Rav Hen,590
21:50,איש הגלידה,איש הגלידה,https://tickets5.rav-hen.co.il/order/298583?lang=he,https://tickets5.rav-hen.co.il/order/298583?lang=he,Regular,2D,English,,2026-08-07,2026,,,86,18+,Givatayim,Rav Hen,590
19:20,אשליות מתוקות,אשליות מתוקות,https://tickets5.rav-hen.co.il/order/298876?lang=he,https://tickets5.rav-hen.co.il/order/298876?lang=he,Regular,2D,French,,2026-08-07,2026,,,116,All,Givatayim,Rav Hen,590
13:15,טפיטי: הרפתקה במדבר,טפיטי: הרפתקה במדבר,https://tickets5.rav-hen.co.il/order/298436?lang=he,https://tickets5.rav-hen.co.il/order/298436?lang=he,Regular,2D,,Hebrew,2026-08-07,2025,,,81,All,Givatayim,Rav Hen,590
14:00,טפיטי: הרפתקה במדבר,טפיטי: הרפתקה במדבר,https://tickets5.rav-hen.co.il/order/298775?lang=he,https://tickets5.rav-hen.co.il/order/298775?lang=he,Regular,2D,,Hebrew,2026-08-07,2025,,,81,All,Givatayim,Rav Hen,590
15:00,מואנה לייב אקשן,מואנה לייב אקשן,https://tickets5.rav-hen.co.il/order/298486?lang=he,https://tickets5.rav-hen.co.il/order/298486?lang=he,Regular,2D,English,Hebrew,2026-08-07,2026,,,120,All,Givatayim,Rav Hen,590
10:00,מיניונים ומפלצות,מיניונים ומפלצות,https://tickets5.rav-hen.co.il/order/299281?lang=he,https://tickets5.rav-hen.co.il/order/299281?lang=he,Regular,2D,English,Hebrew,2026-08-07,2026,,,90,All,Givatayim,Rav Hen,590
12:00,מיניונים ומפלצות,מיניונים ומפלצות,https://tickets5.rav-hen.co.il/order/299284?lang=he,https://tickets5.rav-hen.co.il/order/299284?lang=he,Regular,2D,English,Hebrew,2026-08-07,2026,,,90,All,Givatayim,Rav Hen,590
16:00,מיניונים ומפלצות,מיניונים ומפלצות,https://tickets5.rav-hen.co.il/order/299287?lang=he,https://tickets5.rav-hen.co.il/order/299287?lang=he,Regular,2D,English,Hebrew,2026-08-07,2026,,,90,All,Givatayim,Rav Hen,590
10:00,מרסופילאמי,מרסופילאמי,https://tickets5.rav-hen.co.il/order/299248?lang=he,https://tickets5.rav-hen.co.il/order/299248?lang=he,Regular,2D,English,Hebrew,2026-08-07,2025,,,100,,Givatayim,Rav Hen,590
12:10,מרסופילאמי,מרסופילאמי,https://tickets5.rav-hen.co.il/order/299254?lang=he,https://tickets5.rav-hen.co.il/order/299254?lang=he,Regular,2D,English,Hebrew,2026-08-07,2025,,,100,,Givatayim,Rav Hen,590
14:20,מרסופילאמי,מרסופילאמי,https://tickets5.rav-hen.co.il/order/299260?lang=he,https://tickets5.rav-hen.co.il/order/299260?lang=he,Regular,2D,English,Hebrew,2026-08-07,2025,,,100,,Givatayim,Rav Hen,590
10:00,ספיידרמן: יום חדש,ספיידרמן: יום חדש,https://tickets5.rav-hen.co.il/order/298312?lang=he,https://tickets5.rav-hen.co.il/order/298312?lang=he,Regular,2D,English,,2026-08-07,2026,,,140,All,Givatayim,Rav Hen,590
13:00,ספיידרמן: יום חדש,ספיידרמן: יום חדש,https://tickets5.rav-hen.co.il/order/298317?lang=he,https://tickets5.rav-hen.co.il/order/298317?lang=he,Regular,2D,English,,2026-08-07,2026,,,140,All,Givatayim,Rav Hen,590
16:00,ספיידרמן: יום חדש,ספיידרמן: יום חדש,https://tickets5.rav-hen.co.il/order/298322?lang=he,https://tickets5.rav-hen.co.il/order/298322?lang=he,Regular,2D,English,,2026-08-07,2026,,,140,All,Givatayim,Rav Hen,590
16:30,ספיידרמן: יום חדש,ספיידרמן: יום חדש,https://tickets5.rav-hen.co.il/order/299266?lang=he,https://tickets5.rav-hen.co.il/order/299266?lang=he,Regular,2D,English,,2026-08-07,2026,,,140,All,Givatayim,Rav Hen,590
18:00,ספיידרמן: יום חדש,ספיידרמן: יום חדש,https://tickets5.rav-hen.co.il/order/298255?lang=he,https://tickets5.rav-hen.co.il/order/298255?lang=he,Regular,2D,English,,2026-08-07,2026,,,140,All,Givatayim,Rav Hen,590
19:00,ספיידרמן: יום חדש,ספיידרמן: יום חדש,https://tickets5.rav-hen.co.il/order/298327?lang=he,https://tickets5.rav-hen.co.il/order/298327?lang=he,Regular,2D,English,,2026-08-07,2026,,,140,All,Givatayim,Rav Hen,590
20:45,ספיידרמן: יום חדש,ספיידרמן: יום חדש,https://tickets5.rav-hen.co.il/order/298257?lang=he,https://tickets5.rav-hen.co.il/order/298257?lang=he,Regular,2D,English,,2026-08-07,2026,,,140,All,Givatayim,Rav Hen,590
21:30,ספיידרמן: יום חדש,ספיידרמן: יום חדש,https://tickets5.rav-hen.co.il/order/298501?lang=he,https://tickets5.rav-hen.co.il/order/298501?lang=he,Regular,2D,English,,2026-08-07,2026,,,140,All,Givatayim,Rav Hen,590
21:50,ספיידרמן: יום חדש,ספיידרמן: יום חדש,https://tickets5.rav-hen.co.il/order/298332?lang=he,https://tickets5.rav-hen.co.il/order/298332?lang=he,Regular,2D,English,,2026-08-07,2026,,,140,All,Givatayim,Rav Hen,590
10:15,צעצוע של סיפור 5,צעצוע של סיפור 5,https://tickets5.rav-hen.co.il/order/298828?lang=he,https://tickets5.rav-hen.co.il/order/298828?lang=he,Regular,2D,English,Hebrew,2026-08-07,2026,,,102,All,Givatayim,Rav Hen,590
12:30,צעצוע של סיפור 5,צעצוע של סיפור 5,https://tickets5.rav-hen.co.il/order/298833?lang=he,https://tickets5.rav-hen.co.il/order/298833?lang=he,Regular,2D,English,Hebrew,2026-08-07,2026,,,102,All,Givatayim,Rav Hen,590
14:45,צעצוע של סיפור 5,צעצוע של סיפור 5,https://tickets5.rav-hen.co.il/order/298838?lang=he,https://tickets5.rav-hen.co.il/order/298838?lang=he,Regular,2D,English,Hebrew,2026-08-07,2026,,,102,All,Givatayim,Rav Hen,590
17:30,קופה ראשית,קופה ראשית,https://tickets5.rav-hen.co.il/order/298522?lang=he,https://tickets5.rav-hen.co.il/order/298522?lang=he,Regular,2D,Hebrew,,2026-08-07,2026,,,91,All,Givatayim,Rav Hen,590
19:30,קופה ראשית,קופה ראשית,https://tickets5.rav-hen.co.il/order/298525?lang=he,https://tickets5.rav-hen.co.il/order/298525?lang=he,Regular,2D,Hebrew,,2026-08-07,2026,,,91,All,Givatayim,Rav Hen,590
17:00,גבעה 338,גבעה 338,https://tickets5.rav-hen.co.il/order/298803?lang=he,https://tickets5.rav-hen.co.il/order/298803?lang=he,Regular,2D,Hebrew,,2026-08-08,2026,,,106,,Givatayim,Rav Hen,590
19:30,גבעה 338,גבעה 338,https://tickets5.rav-hen.co.il/order/298808?lang=he,https://tickets5.rav-hen.co.il/order/298808?lang=he,Regular,2D,Hebrew,,2026-08-08,2026,,,106,,Givatayim,Rav Hen,590
21:50,גבעה 338,גבעה 338,https://tickets5.rav-hen.co.il/order/298813?lang=he,https://tickets5.rav-hen.co.il/order/298813?lang=he,Regular,2D,Hebrew,,2026-08-08,2026,,,106,,Givatayim,Rav Hen,590
10:00,מפרץ ההרפתקאות: אי הדינוזאורים,מפרץ ההרפתקאות: אי הדינוזאורים,https://tickets5.rav-hen.co.il/order/298200?lang=he,https://tickets5.rav-hen.co.il/order/298200?lang=he,Regular,2D,,Hebrew,2026-08-08,2026,,,90,,Givatayim,Rav Hen,590
12:00,מפרץ ההרפתקאות: אי הדינוזאורים,מפרץ ההרפתקאות: אי הדינוזאורים,https://tickets5.rav-hen.co.il/order/298203?lang=he,https://tickets5.rav-hen.co.il/order/298203?lang=he,Regular,2D,,Hebrew,2026-08-08,2026,,,90,,Givatayim,Rav Hen,590
14:00,מפרץ ההרפתקאות: אי הדינוזאורים,מפרץ ההרפתקאות: אי הדינוזאורים,https://tickets5.rav-hen.co.il/order/298207?lang=he,https://tickets5.rav-hen.co.il/order/298207?lang=he,Regular,2D,,Hebrew,2026-08-08,2026,,,90,,Givatayim,Rav Hen,590
16:00,מפרץ ההרפתקאות: אי הדינוזאורים,מפרץ ההרפתקאות: אי הדינוזאורים,https://tickets5.rav-hen.co.il/order/298209?lang=he,https://tickets5.rav-hen.co.il/order/298209?lang=he,Regular,2D,,Hebrew,2026-08-08,2026,,,90,,Givatayim,Rav Hen,590
10:30,האודיסאה,האודיסאה,https://tickets5.rav-hen.co.il/order/298356?lang=he,https://tickets5.rav-hen.co.il/order/298356?lang=he,Regular,2D,English,,2026-08-08,2026,,,172,14+,Givatayim,Rav Hen,590
14:00,האודיסאה,האודיסאה,https://tickets5.rav-hen.co.il/order/298360?lang=he,https://tickets5.rav-hen.co.il/order/298360?lang=he,Regular,2D,English,,2026-08-08,2026,,,172,14+,Givatayim,Rav Hen,590
17:20,האודיסאה,האודיסאה,https://tickets5.rav-hen.co.il/order/298364?lang=he,https://tickets5.rav-hen.co.il/order/298364?lang=he,Regular,2D,English,,2026-08-08,2026,,,172,14+,Givatayim,Rav Hen,590
20:45,האודיסאה,האודיסאה,https://tickets5.rav-hen.co.il/order/298368?lang=he,https://tickets5.rav-hen.co.il/order/298368?lang=he,Regular,2D,English,,2026-08-08,2026,,,172,14+,Givatayim,Rav Hen,590
21:50,אובססיה,אובססיה,https://tickets5.rav-hen.co.il/order/298855?lang=he,https://tickets5.rav-hen.co.il/order/298855?lang=he,Regular,2D,English,,2026-08-08,2025,,,110,14+,Givatayim,Rav Hen,590
18:00,איש הגלידה,איש הגלידה,https://tickets5.rav-hen.co.il/order/298572?lang=he,https://tickets5.rav-hen.co.il/order/298572?lang=he,Regular,2D,English,,2026-08-08,2026,,,86,18+,Givatayim,Rav Hen,590
20:00,איש הגלידה,איש הגלידה,https://tickets5.rav-hen.co.il/order/298578?lang=he,https://tickets5.rav-hen.co.il/order/298578?lang=he,Regular,2D,English,,2026-08-08,2026,,,86,18+,Givatayim,Rav Hen,590
21:50,איש הגלידה,איש הגלידה,https://tickets5.rav-hen.co.il/order/298584?lang=he,https://tickets5.rav-hen.co.il/order/298584?lang=he,Regular,2D,English,,2026-08-08,2026,,,86,18+,Givatayim,Rav Hen,590
19:20,אשליות מתוקות,אשליות מתוקות,https://tickets5.rav-hen.co.il/order/298877?lang=he,https://tickets5.rav-hen.co.il/order/298877?lang=he,Regular,2D,French,,2026-08-08,2026,,,116,All,Givatayim,Rav Hen,590
10:30,טפיטי: הרפתקה במדבר,טפיטי: הרפתקה במדבר,https://tickets5.rav-hen.co.il/order/298429?lang=he,https://tickets5.rav-hen.co.il/order/298429?lang=he,Regular,2D,,Hebrew,2026-08-08,2025,,,81,All,Givatayim,Rav Hen,590
14:00,טפיטי: הרפתקה במדבר,טפיטי: הרפתקה במדבר,https://tickets5.rav-hen.co.il/order/298776?lang=he,https://tickets5.rav-hen.co.il/order/298776?lang=he,Regular,2D,,Hebrew,2026-08-08,2025,,,81,All,Givatayim,Rav Hen,590
12:30,מואנה לייב אקשן,מואנה לייב אקשן,https://tickets5.rav-hen.co.il/order/298473?lang=he,https://tickets5.rav-hen.co.il/order/298473?lang=he,Regular,2D,English,Hebrew,2026-08-08,2026,,,120,All,Givatayim,Rav Hen,590
15:00,מואנה לייב אקשן,מואנה לייב אקשן,https://tickets5.rav-hen.co.il/order/298476?lang=he,https://tickets5.rav-hen.co.il/order/298476?lang=he,Regular,2D,English,Hebrew,2026-08-08,2026,,,120,All,Givatayim,Rav Hen,590
10:00,מיניונים ומפלצות,מיניונים ומפלצות,https://tickets5.rav-hen.co.il/order/299294?lang=he,https://tickets5.rav-hen.co.il/order/299294?lang=he,Regular,2D,English,Hebrew,2026-08-08,2026,,,90,All,Givatayim,Rav Hen,590
12:00,מיניונים ומפלצות,מיניונים ומפלצות,https://tickets5.rav-hen.co.il/order/299295?lang=he,https://tickets5.rav-hen.co.il/order/299295?lang=he,Regular,2D,English,Hebrew,2026-08-08,2026,,,90,All,Givatayim,Rav Hen,590
16:00,מיניונים ומפלצות,מיניונים ומפלצות,https://tickets5.rav-hen.co.il/order/299296?lang=he,https://tickets5.rav-hen.co.il/order/299296?lang=he,Regular,2D,English,Hebrew,2026-08-08,2026,,,90,All,Givatayim,Rav Hen,590
10:00,מרסופילאמי,מרסופילאמי,https://tickets5.rav-hen.co.il/order/299249?lang=he,https://tickets5.rav-hen.co.il/order/299249?lang=he,Regular,2D,English,Hebrew,2026-08-08,2025,,,100,,Givatayim,Rav Hen,590
12:10,מרסופילאמי,מרסופילאמי,https://tickets5.rav-hen.co.il/order/299255?lang=he,https://tickets5.rav-hen.co.il/order/299255?lang=he,Regular,2D,English,Hebrew,2026-08-08,2025,,,100,,Givatayim,Rav Hen,590
14:20,מרסופילאמי,מרסופילאמי,https://tickets5.rav-hen.co.il/order/299261?lang=he,https://tickets5.rav-hen.co.il/order/299261?lang=he,Regular,2D,English,Hebrew,2026-08-08,2025,,,100,,Givatayim,Rav Hen,590
10:00,ספיידרמן: יום חדש,ספיידרמן: יום חדש,https://tickets5.rav-hen.co.il/order/298313?lang=he,https://tickets5.rav-hen.co.il/order/298313?lang=he,Regular,2D,English,,2026-08-08,2026,,,140,All,Givatayim,Rav Hen,590
13:00,ספיידרמן: יום חדש,ספיידרמן: יום חדש,https://tickets5.rav-hen.co.il/order/298318?lang=he,https://tickets5.rav-hen.co.il/order/298318?lang=he,Regular,2D,English,,2026-08-08,2026,,,140,All,Givatayim,Rav Hen,590
16:00,ספיידרמן: יום חדש,ספיידרמן: יום חדש,https://tickets5.rav-hen.co.il/order/298323?lang=he,https://tickets5.rav-hen.co.il/order/298323?lang=he,Regular,2D,English,,2026-08-08,2026,,,140,All,Givatayim,Rav Hen,590
16:30,ספיידרמן: יום חדש,ספיידרמן: יום חדש,https://tickets5.rav-hen.co.il/order/299267?lang=he,https://tickets5.rav-hen.co.il/order/299267?lang=he,Regular,2D,English,,2026-08-08,2026,,,140,All,Givatayim,Rav Hen,590
18:00,ספיידרמן: יום חדש,ספיידרמן: יום חדש,https://tickets5.rav-hen.co.il/order/298277?lang=he,https://tickets5.rav-hen.co.il/order/298277?lang=he,Regular,2D,English,,2026-08-08,2026,,,140,All,Givatayim,Rav Hen,590
19:00,ספיידרמן: יום חדש,ספיידרמן: יום חדש,https://tickets5.rav-hen.co.il/order/298328?lang=he,https://tickets5.rav-hen.co.il/order/298328?lang=he,Regular,2D,English,,2026-08-08,2026,,,140,All,Givatayim,Rav Hen,590
20:45,ספיידרמן: יום חדש,ספיידרמן: יום חדש,https://tickets5.rav-hen.co.il/order/298282?lang=he,https://tickets5.rav-hen.co.il/order/298282?lang=he,Regular,2D,English,,2026-08-08,2026,,,140,All,Givatayim,Rav Hen,590
21:30,ספיידרמן: יום חדש,ספיידרמן: יום חדש,https://tickets5.rav-hen.co.il/order/298502?lang=he,https://tickets5.rav-hen.co.il/order/298502?lang=he,Regular,2D,English,,2026-08-08,2026,,,140,All,Givatayim,Rav Hen,590
21:50,ספיידרמן: יום חדש,ספיידרמן: יום חדש,https://tickets5.rav-hen.co.il/order/298333?lang=he,https://tickets5.rav-hen.co.il/order/298333?lang=he,Regular,2D,English,,2026-08-08,2026,,,140,All,Givatayim,Rav Hen,590
10:15,צעצוע של סיפור 5,צעצוע של סיפור 5,https://tickets5.rav-hen.co.il/order/298829?lang=he,https://tickets5.rav-hen.co.il/order/298829?lang=he,Regular,2D,English,Hebrew,2026-08-08,2026,,,102,All,Givatayim,Rav Hen,590
12:30,צעצוע של סיפור 5,צעצוע של סיפור 5,https://tickets5.rav-hen.co.il/order/298834?lang=he,https://tickets5.rav-hen.co.il/order/298834?lang=he,Regular,2D,English,Hebrew,2026-08-08,2026,,,102,All,Givatayim,Rav Hen,590
14:45,צעצוע של סיפור 5,צעצוע של סיפור 5,https://tickets5.rav-hen.co.il/order/298839?lang=he,https://tickets5.rav-hen.co.il/order/298839?lang=he,Regular,2D,English,Hebrew,2026-08-08,2026,,,102,All,Givatayim,Rav Hen,590
17:30,קופה ראשית,קופה ראשית,https://tickets5.rav-hen.co.il/order/298529?lang=he,https://tickets5.rav-hen.co.il/order/298529?lang=he,Regular,2D,Hebrew,,2026-08-08,2026,,,91,All,Givatayim,Rav Hen,590
19:30,קופה ראשית,קופה ראשית,https://tickets5.rav-hen.co.il/order/298534?lang=he,https://tickets5.rav-hen.co.il/order/298534?lang=he,Regular,2D,Hebrew,,2026-08-08,2026,,,91,All,Givatayim,Rav Hen,590
17:00,גבעה 338,גבעה 338,https://tickets5.rav-hen.co.il/order/298804?lang=he,https://tickets5.rav-hen.co.il/order/298804?lang=he,Regular,2D,Hebrew,,2026-08-09,2026,,,106,,Givatayim,Rav Hen,590
19:30,גבעה 338,גבעה 338,https://tickets5.rav-hen.co.il/order/298809?lang=he,https://tickets5.rav-hen.co.il/order/298809?lang=he,Regular,2D,Hebrew,,2026-08-09,2026,,,106,,Givatayim,Rav Hen,590
21:50,גבעה 338,גבעה 338,https://tickets5.rav-hen.co.il/order/298814?lang=he,https://tickets5.rav-hen.co.il/order/298814?lang=he,Regular,2D,Hebrew,,2026-08-09,2026,,,106,,Givatayim,Rav Hen,590
10:00,מפרץ ההרפתקאות: אי הדינוזאורים,מפרץ ההרפתקאות: אי הדינוזאורים,https://tickets5.rav-hen.co.il/order/298212?lang=he,https://tickets5.rav-hen.co.il/order/298212?lang=he,Regular,2D,,Hebrew,2026-08-09,2026,,,90,,Givatayim,Rav Hen,590
12:00,מפרץ ההרפתקאות: אי הדינוזאורים,מפרץ ההרפתקאות: אי הדינוזאורים,https://tickets5.rav-hen.co.il/order/298213?lang=he,https://tickets5.rav-hen.co.il/order/298213?lang=he,Regular,2D,,Hebrew,2026-08-09,2026,,,90,,Givatayim,Rav Hen,590
14:00,מפרץ ההרפתקאות: אי הדינוזאורים,מפרץ ההרפתקאות: אי הדינוזאורים,https://tickets5.rav-hen.co.il/order/298216?lang=he,https://tickets5.rav-hen.co.il/order/298216?lang=he,Regular,2D,,Hebrew,2026-08-09,2026,,,90,,Givatayim,Rav Hen,590
16:00,מפרץ ההרפתקאות: אי הדינוזאורים,מפרץ ההרפתקאות: אי הדינוזאורים,https://tickets5.rav-hen.co.il/order/298218?lang=he,https://tickets5.rav-hen.co.il/order/298218?lang=he,Regular,2D,,Hebrew,2026-08-09,2026,,,90,,Givatayim,Rav Hen,590
10:30,האודיסאה,האודיסאה,https://tickets5.rav-hen.co.il/order/298357?lang=he,https://tickets5.rav-hen.co.il/order/298357?lang=he,Regular,2D,English,,2026-08-09,2026,,,172,14+,Givatayim,Rav Hen,590
14:00,האודיסאה,האודיסאה,https://tickets5.rav-hen.co.il/order/298361?lang=he,https://tickets5.rav-hen.co.il/order/298361?lang=he,Regular,2D,English,,2026-08-09,2026,,,172,14+,Givatayim,Rav Hen,590
17:20,האודיסאה,האודיסאה,https://tickets5.rav-hen.co.il/order/298365?lang=he,https://tickets5.rav-hen.co.il/order/298365?lang=he,Regular,2D,English,,2026-08-09,2026,,,172,14+,Givatayim,Rav Hen,590
20:45,האודיסאה,האודיסאה,https://tickets5.rav-hen.co.il/order/298369?lang=he,https://tickets5.rav-hen.co.il/order/298369?lang=he,Regular,2D,English,,2026-08-09,2026,,,172,14+,Givatayim,Rav Hen,590
21:50,אובססיה,אובססיה,https://tickets5.rav-hen.co.il/order/298856?lang=he,https://tickets5.rav-hen.co.il/order/298856?lang=he,Regular,2D,English,,2026-08-09,2025,,,110,14+,Givatayim,Rav Hen,590
18:00,איש הגלידה,איש הגלידה,https://tickets5.rav-hen.co.il/order/298573?lang=he,https://tickets5.rav-hen.co.il/order/298573?lang=he,Regular,2D,English,,2026-08-09,2026,,,86,18+,Givatayim,Rav Hen,590
20:00,איש הגלידה,איש הגלידה,https://tickets5.rav-hen.co.il/order/298579?lang=he,https://tickets5.rav-hen.co.il/order/298579?lang=he,Regular,2D,English,,2026-08-09,2026,,,86,18+,Givatayim,Rav Hen,590
21:50,איש הגלידה,איש הגלידה,https://tickets5.rav-hen.co.il/order/298585?lang=he,https://tickets5.rav-hen.co.il/order/298585?lang=he,Regular,2D,English,,2026-08-09,2026,,,86,18+,Givatayim,Rav Hen,590
19:20,אשליות מתוקות,אשליות מתוקות,https://tickets5.rav-hen.co.il/order/298878?lang=he,https://tickets5.rav-hen.co.il/order/298878?lang=he,Regular,2D,French,,2026-08-09,2026,,,116,All,Givatayim,Rav Hen,590
10:30,טפיטי: הרפתקה במדבר,טפיטי: הרפתקה במדבר,https://tickets5.rav-hen.co.il/order/298430?lang=he,https://tickets5.rav-hen.co.il/order/298430?lang=he,Regular,2D,,Hebrew,2026-08-09,2025,,,81,All,Givatayim,Rav Hen,590
14:00,טפיטי: הרפתקה במדבר,טפיטי: הרפתקה במדבר,https://tickets5.rav-hen.co.il/order/298777?lang=he,https://tickets5.rav-hen.co.il/order/298777?lang=he,Regular,2D,,Hebrew,2026-08-09,2025,,,81,All,Givatayim,Rav Hen,590
12:30,מואנה לייב אקשן,מואנה לייב אקשן,https://tickets5.rav-hen.co.il/order/298477?lang=he,https://tickets5.rav-hen.co.il/order/298477?lang=he,Regular,2D,English,Hebrew,2026-08-09,2026,,,120,All,Givatayim,Rav Hen,590
15:00,מואנה לייב אקשן,מואנה לייב אקשן,https://tickets5.rav-hen.co.il/order/298479?lang=he,https://tickets5.rav-hen.co.il/order/298479?lang=he,Regular,2D,English,Hebrew,2026-08-09,2026,,,120,All,Givatayim,Rav Hen,590
10:00,מיניונים ומפלצות,מיניונים ומפלצות,https://tickets5.rav-hen.co.il/order/299297?lang=he,https://tickets5.rav-hen.co.il/order/299297?lang=he,Regular,2D,English,Hebrew,2026-08-09,2026,,,90,All,Givatayim,Rav Hen,590
12:00,מיניונים ומפלצות,מיניונים ומפלצות,https://tickets5.rav-hen.co.il/order/299298?lang=he,https://tickets5.rav-hen.co.il/order/299298?lang=he,Regular,2D,English,Hebrew,2026-08-09,2026,,,90,All,Givatayim,Rav Hen,590
16:00,מיניונים ומפלצות,מיניונים ומפלצות,https://tickets5.rav-hen.co.il/order/299300?lang=he,https://tickets5.rav-hen.co.il/order/299300?lang=he,Regular,2D,English,Hebrew,2026-08-09,2026,,,90,All,Givatayim,Rav Hen,590
10:00,מרסופילאמי,מרסופילאמי,https://tickets5.rav-hen.co.il/order/299250?lang=he,https://tickets5.rav-hen.co.il/order/299250?lang=he,Regular,2D,English,Hebrew,2026-08-09,2025,,,100,,Givatayim,Rav Hen,590
12:10,מרסופילאמי,מרסופילאמי,https://tickets5.rav-hen.co.il/order/299256?lang=he,https://tickets5.rav-hen.co.il/order/299256?lang=he,Regular,2D,English,Hebrew,2026-08-09,2025,,,100,,Givatayim,Rav Hen,590
14:20,מרסופילאמי,מרסופילאמי,https://tickets5.rav-hen.co.il/order/299262?lang=he,https://tickets5.rav-hen.co.il/order/299262?lang=he,Regular,2D,English,Hebrew,2026-08-09,2025,,,100,,Givatayim,Rav Hen,590
10:00,ספיידרמן: יום חדש,ספיידרמן: יום חדש,https://tickets5.rav-hen.co.il/order/298314?lang=he,https://tickets5.rav-hen.co.il/order/298314?lang=he,Regular,2D,English,,2026-08-09,2026,,,140,All,Givatayim,Rav Hen,590
13:00,ספיידרמן: יום חדש,ספיידרמן: יום חדש,https://tickets5.rav-hen.co.il/order/298319?lang=he,https://tickets5.rav-hen.co.il/order/298319?lang=he,Regular,2D,English,,2026-08-09,2026,,,140,All,Givatayim,Rav Hen,590
16:00,ספיידרמן: יום חדש,ספיידרמן: יום חדש,https://tickets5.rav-hen.co.il/order/298324?lang=he,https://tickets5.rav-hen.co.il/order/298324?lang=he,Regular,2D,English,,2026-08-09,2026,,,140,All,Givatayim,Rav Hen,590
16:30,ספיידרמן: יום חדש,ספיידרמן: יום חדש,https://tickets5.rav-hen.co.il/order/299268?lang=he,https://tickets5.rav-hen.co.il/order/299268?lang=he,Regular,2D,English,,2026-08-09,2026,,,140,All,Givatayim,Rav Hen,590
18:00,ספיידרמן: יום חדש,ספיידרמן: יום חדש,https://tickets5.rav-hen.co.il/order/298278?lang=he,https://tickets5.rav-hen.co.il/order/298278?lang=he,Regular,2D,English,,2026-08-09,2026,,,140,All,Givatayim,Rav Hen,590
19:00,ספיידרמן: יום חדש,ספיידרמן: יום חדש,https://tickets5.rav-hen.co.il/order/298329?lang=he,https://tickets5.rav-hen.co.il/order/298329?lang=he,Regular,2D,English,,2026-08-09,2026,,,140,All,Givatayim,Rav Hen,590
20:45,ספיידרמן: יום חדש,ספיידרמן: יום חדש,https://tickets5.rav-hen.co.il/order/298283?lang=he,https://tickets5.rav-hen.co.il/order/298283?lang=he,Regular,2D,English,,2026-08-09,2026,,,140,All,Givatayim,Rav Hen,590
21:30,ספיידרמן: יום חדש,ספיידרמן: יום חדש,https://tickets5.rav-hen.co.il/order/298503?lang=he,https://tickets5.rav-hen.co.il/order/298503?lang=he,Regular,2D,English,,2026-08-09,2026,,,140,All,Givatayim,Rav Hen,590
21:50,ספיידרמן: יום חדש,ספיידרמן: יום חדש,https://tickets5.rav-hen.co.il/order/298334?lang=he,https://tickets5.rav-hen.co.il/order/298334?lang=he,Regular,2D,English,,2026-08-09,2026,,,140,All,Givatayim,Rav Hen,590
10:15,צעצוע של סיפור 5,צעצוע של סיפור 5,https://tickets5.rav-hen.co.il/order/298830?lang=he,https://tickets5.rav-hen.co.il/order/298830?lang=he,Regular,2D,English,Hebrew,2026-08-09,2026,,,102,All,Givatayim,Rav Hen,590
12:30,צעצוע של סיפור 5,צעצוע של סיפור 5,https://tickets5.rav-hen.co.il/order/298835?lang=he,https://tickets5.rav-hen.co.il/order/298835?lang=he,Regular,2D,English,Hebrew,2026-08-09,2026,,,102,All,Givatayim,Rav Hen,590
14:45,צעצוע של סיפור 5,צעצוע של סיפור 5,https://tickets5.rav-hen.co.il/order/298840?lang=he,https://tickets5.rav-hen.co.il/order/298840?lang=he,Regular,2D,English,Hebrew,2026-08-09,2026,,,102,All,Givatayim,Rav Hen,590
17:30,קופה ראשית,קופה ראשית,https://tickets5.rav-hen.co.il/order/298537?lang=he,https://tickets5.rav-hen.co.il/order/298537?lang=he,Regular,2D,Hebrew,,2026-08-09,2026,,,91,All,Givatayim,Rav Hen,590
19:30,קופה ראשית,קופה ראשית,https://tickets5.rav-hen.co.il/order/298539?lang=he,https://tickets5.rav-hen.co.il/order/298539?lang=he,Regular,2D,Hebrew,,2026-08-09,2026,,,91,All,Givatayim,Rav Hen,590
17:00,גבעה 338,גבעה 338,https://tickets5.rav-hen.co.il/order/298805?lang=he,https://tickets5.rav-hen.co.il/order/298805?lang=he,Regular,2D,Hebrew,,2026-08-10,2026,,,106,,Givatayim,Rav Hen,590
19:30,גבעה 338,גבעה 338,https://tickets5.rav-hen.co.il/order/298810?lang=he,https://tickets5.rav-hen.co.il/order/298810?lang=he,Regular,2D,Hebrew,,2026-08-10,2026,,,106,,Givatayim,Rav Hen,590
21:50,גבעה 338,גבעה 338,https://tickets5.rav-hen.co.il/order/298815?lang=he,https://tickets5.rav-hen.co.il/order/298815?lang=he,Regular,2D,Hebrew,,2026-08-10,2026,,,106,,Givatayim,Rav Hen,590
10:00,מפרץ ההרפתקאות: אי הדינוזאורים,מפרץ ההרפתקאות: אי הדינוזאורים,https://tickets5.rav-hen.co.il/order/298221?lang=he,https://tickets5.rav-hen.co.il/order/298221?lang=he,Regular,2D,,Hebrew,2026-08-10,2026,,,90,,Givatayim,Rav Hen,590
12:00,מפרץ ההרפתקאות: אי הדינוזאורים,מפרץ ההרפתקאות: אי הדינוזאורים,https://tickets5.rav-hen.co.il/order/298223?lang=he,https://tickets5.rav-hen.co.il/order/298223?lang=he,Regular,2D,,Hebrew,2026-08-10,2026,,,90,,Givatayim,Rav Hen,590
14:00,מפרץ ההרפתקאות: אי הדינוזאורים,מפרץ ההרפתקאות: אי הדינוזאורים,https://tickets5.rav-hen.co.il/order/298225?lang=he,https://tickets5.rav-hen.co.il/order/298225?lang=he,Regular,2D,,Hebrew,2026-08-10,2026,,,90,,Givatayim,Rav Hen,590
16:00,מפרץ ההרפתקאות: אי הדינוזאורים,מפרץ ההרפתקאות: אי הדינוזאורים,https://tickets5.rav-hen.co.il/order/298227?lang=he,https://tickets5.rav-hen.co.il/order/298227?lang=he,Regular,2D,,Hebrew,2026-08-10,2026,,,90,,Givatayim,Rav Hen,590
10:30,האודיסאה,האודיסאה,https://tickets5.rav-hen.co.il/order/298358?lang=he,https://tickets5.rav-hen.co.il/order/298358?lang=he,Regular,2D,English,,2026-08-10,2026,,,172,14+,Givatayim,Rav Hen,590
14:00,האודיסאה,האודיסאה,https://tickets5.rav-hen.co.il/order/298362?lang=he,https://tickets5.rav-hen.co.il/order/298362?lang=he,Regular,2D,English,,2026-08-10,2026,,,172,14+,Givatayim,Rav Hen,590
17:20,האודיסאה,האודיסאה,https://tickets5.rav-hen.co.il/order/298366?lang=he,https://tickets5.rav-hen.co.il/order/298366?lang=he,Regular,2D,English,,2026-08-10,2026,,,172,14+,Givatayim,Rav Hen,590
20:45,האודיסאה,האודיסאה,https://tickets5.rav-hen.co.il/order/298370?lang=he,https://tickets5.rav-hen.co.il/order/298370?lang=he,Regular,2D,English,,2026-08-10,2026,,,172,14+,Givatayim,Rav Hen,590
21:50,אובססיה,אובססיה,https://tickets5.rav-hen.co.il/order/298857?lang=he,https://tickets5.rav-hen.co.il/order/298857?lang=he,Regular,2D,English,,2026-08-10,2025,,,110,14+,Givatayim,Rav Hen,590
18:00,איש הגלידה,איש הגלידה,https://tickets5.rav-hen.co.il/order/298574?lang=he,https://tickets5.rav-hen.co.il/order/298574?lang=he,Regular,2D,English,,2026-08-10,2026,,,86,18+,Givatayim,Rav Hen,590
20:00,איש הגלידה,איש הגלידה,https://tickets5.rav-hen.co.il/order/298580?lang=he,https://tickets5.rav-hen.co.il/order/298580?lang=he,Regular,2D,English,,2026-08-10,2026,,,86,18+,Givatayim,Rav Hen,590
21:50,איש הגלידה,איש הגלידה,https://tickets5.rav-hen.co.il/order/298586?lang=he,https://tickets5.rav-hen.co.il/order/298586?lang=he,Regular,2D,English,,2026-08-10,2026,,,86,18+,Givatayim,Rav Hen,590
19:20,אשליות מתוקות,אשליות מתוקות,https://tickets5.rav-hen.co.il/order/298879?lang=he,https://tickets5.rav-hen.co.il/order/298879?lang=he,Regular,2D,French,,2026-08-10,2026,,,116,All,Givatayim,Rav Hen,590
10:30,טפיטי: הרפתקה במדבר,טפיטי: הרפתקה במדבר,https://tickets5.rav-hen.co.il/order/298431?lang=he,https://tickets5.rav-hen.co.il/order/298431?lang=he,Regular,2D,,Hebrew,2026-08-10,2025,,,81,All,Givatayim,Rav Hen,590
14:00,טפיטי: הרפתקה במדבר,טפיטי: הרפתקה במדבר,https://tickets5.rav-hen.co.il/order/298778?lang=he,https://tickets5.rav-hen.co.il/order/298778?lang=he,Regular,2D,,Hebrew,2026-08-10,2025,,,81,All,Givatayim,Rav Hen,590
12:30,מואנה לייב אקשן,מואנה לייב אקשן,https://tickets5.rav-hen.co.il/order/298480?lang=he,https://tickets5.rav-hen.co.il/order/298480?lang=he,Regular,2D,English,Hebrew,2026-08-10,2026,,,120,All,Givatayim,Rav Hen,590
15:00,מואנה לייב אקשן,מואנה לייב אקשן,https://tickets5.rav-hen.co.il/order/298482?lang=he,https://tickets5.rav-hen.co.il/order/298482?lang=he,Regular,2D,English,Hebrew,2026-08-10,2026,,,120,All,Givatayim,Rav Hen,590
10:00,מיניונים ומפלצות,מיניונים ומפלצות,https://tickets5.rav-hen.co.il/order/299306?lang=he,https://tickets5.rav-hen.co.il/order/299306?lang=he,Regular,2D,English,Hebrew,2026-08-10,2026,,,90,All,Givatayim,Rav Hen,590
12:00,מיניונים ומפלצות,מיניונים ומפלצות,https://tickets5.rav-hen.co.il/order/299307?lang=he,https://tickets5.rav-hen.co.il/order/299307?lang=he,Regular,2D,English,Hebrew,2026-08-10,2026,,,90,All,Givatayim,Rav Hen,590
16:00,מיניונים ומפלצות,מיניונים ומפלצות,https://tickets5.rav-hen.co.il/order/299310?lang=he,https://tickets5.rav-hen.co.il/order/299310?lang=he,Regular,2D,English,Hebrew,2026-08-10,2026,,,90,All,Givatayim,Rav Hen,590
10:00,מרסופילאמי,מרסופילאמי,https://tickets5.rav-hen.co.il/order/299251?lang=he,https://tickets5.rav-hen.co.il/order/299251?lang=he,Regular,2D,English,Hebrew,2026-08-10,2025,,,100,,Givatayim,Rav Hen,590
12:10,מרסופילאמי,מרסופילאמי,https://tickets5.rav-hen.co.il/order/299257?lang=he,https://tickets5.rav-hen.co.il/order/299257?lang=he,Regular,2D,English,Hebrew,2026-08-10,2025,,,100,,Givatayim,Rav Hen,590
14:20,מרסופילאמי,מרסופילאמי,https://tickets5.rav-hen.co.il/order/299263?lang=he,https://tickets5.rav-hen.co.il/order/299263?lang=he,Regular,2D,English,Hebrew,2026-08-10,2025,,,100,,Givatayim,Rav Hen,590
10:00,ספיידרמן: יום חדש,ספיידרמן: יום חדש,https://tickets5.rav-hen.co.il/order/298315?lang=he,https://tickets5.rav-hen.co.il/order/298315?lang=he,Regular,2D,English,,2026-08-10,2026,,,140,All,Givatayim,Rav Hen,590
13:00,ספיידרמן: יום חדש,ספיידרמן: יום חדש,https://tickets5.rav-hen.co.il/order/298320?lang=he,https://tickets5.rav-hen.co.il/order/298320?lang=he,Regular,2D,English,,2026-08-10,2026,,,140,All,Givatayim,Rav Hen,590
16:00,ספיידרמן: יום חדש,ספיידרמן: יום חדש,https://tickets5.rav-hen.co.il/order/298325?lang=he,https://tickets5.rav-hen.co.il/order/298325?lang=he,Regular,2D,English,,2026-08-10,2026,,,140,All,Givatayim,Rav Hen,590
16:30,ספיידרמן: יום חדש,ספיידרמן: יום חדש,https://tickets5.rav-hen.co.il/order/299269?lang=he,https://tickets5.rav-hen.co.il/order/299269?lang=he,Regular,2D,English,,2026-08-10,2026,,,140,All,Givatayim,Rav Hen,590
18:00,ספיידרמן: יום חדש,ספיידרמן: יום חדש,https://tickets5.rav-hen.co.il/order/298279?lang=he,https://tickets5.rav-hen.co.il/order/298279?lang=he,Regular,2D,English,,2026-08-10,2026,,,140,All,Givatayim,Rav Hen,590
19:00,ספיידרמן: יום חדש,ספיידרמן: יום חדש,https://tickets5.rav-hen.co.il/order/298330?lang=he,https://tickets5.rav-hen.co.il/order/298330?lang=he,Regular,2D,English,,2026-08-10,2026,,,140,All,Givatayim,Rav Hen,590
20:45,ספיידרמן: יום חדש,ספיידרמן: יום חדש,https://tickets5.rav-hen.co.il/order/298284?lang=he,https://tickets5.rav-hen.co.il/order/298284?lang=he,Regular,2D,English,,2026-08-10,2026,,,140,All,Givatayim,Rav Hen,590
21:30,ספיידרמן: יום חדש,ספיידרמן: יום חדש,https://tickets5.rav-hen.co.il/order/298505?lang=he,https://tickets5.rav-hen.co.il/order/298505?lang=he,Regular,2D,English,,2026-08-10,2026,,,140,All,Givatayim,Rav Hen,590
21:50,ספיידרמן: יום חדש,ספיידרמן: יום חדש,https://tickets5.rav-hen.co.il/order/298335?lang=he,https://tickets5.rav-hen.co.il/order/298335?lang=he,Regular,2D,English,,2026-08-10,2026,,,140,All,Givatayim,Rav Hen,590
10:15,צעצוע של סיפור 5,צעצוע של סיפור 5,https://tickets5.rav-hen.co.il/order/298831?lang=he,https://tickets5.rav-hen.co.il/order/298831?lang=he,Regular,2D,English,Hebrew,2026-08-10,2026,,,102,All,Givatayim,Rav Hen,590
12:30,צעצוע של סיפור 5,צעצוע של סיפור 5,https://tickets5.rav-hen.co.il/order/298836?lang=he,https://tickets5.rav-hen.co.il/order/298836?lang=he,Regular,2D,English,Hebrew,2026-08-10,2026,,,102,All,Givatayim,Rav Hen,590
14:45,צעצוע של סיפור 5,צעצוע של סיפור 5,https://tickets5.rav-hen.co.il/order/298841?lang=he,https://tickets5.rav-hen.co.il/order/298841?lang=he,Regular,2D,English,Hebrew,2026-08-10,2026,,,102,All,Givatayim,Rav Hen,590
17:30,קופה ראשית,קופה ראשית,https://tickets5.rav-hen.co.il/order/298542?lang=he,https://tickets5.rav-hen.co.il/order/298542?lang=he,Regular,2D,Hebrew,,2026-08-10,2026,,,91,All,Givatayim,Rav Hen,590
19:30,קופה ראשית,קופה ראשית,https://tickets5.rav-hen.co.il/order/298543?lang=he,https://tickets5.rav-hen.co.il/order/298543?lang=he,Regular,2D,Hebrew,,2026-08-10,2026,,,91,All,Givatayim,Rav Hen,590
14:30,גבעה 338,גבעה 338,https://tickets5.rav-hen.co.il/order/298817?lang=he,https://tickets5.rav-hen.co.il/order/298817?lang=he,Regular,2D,Hebrew,,2026-08-11,2026,,,106,,Givatayim,Rav Hen,590
17:00,גבעה 338,גבעה 338,https://tickets5.rav-hen.co.il/order/298818?lang=he,https://tickets5.rav-hen.co.il/order/298818?lang=he,Regular,2D,Hebrew,,2026-08-11,2026,,,106,,Givatayim,Rav Hen,590
19:30,גבעה 338,גבעה 338,https://tickets5.rav-hen.co.il/order/298819?lang=he,https://tickets5.rav-hen.co.il/order/298819?lang=he,Regular,2D,Hebrew,,2026-08-11,2026,,,106,,Givatayim,Rav Hen,590
21:50,גבעה 338,גבעה 338,https://tickets5.rav-hen.co.il/order/298820?lang=he,https://tickets5.rav-hen.co.il/order/298820?lang=he,Regular,2D,Hebrew,,2026-08-11,2026,,,106,,Givatayim,Rav Hen,590
10:00,מפרץ ההרפתקאות: אי הדינוזאורים,מפרץ ההרפתקאות: אי הדינוזאורים,https://tickets5.rav-hen.co.il/order/298229?lang=he,https://tickets5.rav-hen.co.il/order/298229?lang=he,Regular,2D,,Hebrew,2026-08-11,2026,,,90,,Givatayim,Rav Hen,590
12:00,מפרץ ההרפתקאות: אי הדינוזאורים,מפרץ ההרפתקאות: אי הדינוזאורים,https://tickets5.rav-hen.co.il/order/298237?lang=he,https://tickets5.rav-hen.co.il/order/298237?lang=he,Regular,2D,,Hebrew,2026-08-11,2026,,,90,,Givatayim,Rav Hen,590
14:00,מפרץ ההרפתקאות: אי הדינוזאורים,מפרץ ההרפתקאות: אי הדינוזאורים,https://tickets5.rav-hen.co.il/order/298238?lang=he,https://tickets5.rav-hen.co.il/order/298238?lang=he,Regular,2D,,Hebrew,2026-08-11,2026,,,90,,Givatayim,Rav Hen,590
16:00,מפרץ ההרפתקאות: אי הדינוזאורים,מפרץ ההרפתקאות: אי הדינוזאורים,https://tickets5.rav-hen.co.il/order/298239?lang=he,https://tickets5.rav-hen.co.il/order/298239?lang=he,Regular,2D,,Hebrew,2026-08-11,2026,,,90,,Givatayim,Rav Hen,590
10:30,האודיסאה,האודיסאה,https://tickets5.rav-hen.co.il/order/298359?lang=he,https://tickets5.rav-hen.co.il/order/298359?lang=he,Regular,2D,English,,2026-08-11,2026,,,172,14+,Givatayim,Rav Hen,590
14:00,האודיסאה,האודיסאה,https://tickets5.rav-hen.co.il/order/298363?lang=he,https://tickets5.rav-hen.co.il/order/298363?lang=he,Regular,2D,English,,2026-08-11,2026,,,172,14+,Givatayim,Rav Hen,590
17:20,האודיסאה,האודיסאה,https://tickets5.rav-hen.co.il/order/298367?lang=he,https://tickets5.rav-hen.co.il/order/298367?lang=he,Regular,2D,English,,2026-08-11,2026,,,172,14+,Givatayim,Rav Hen,590
20:45,האודיסאה,האודיסאה,https://tickets5.rav-hen.co.il/order/298371?lang=he,https://tickets5.rav-hen.co.il/order/298371?lang=he,Regular,2D,English,,2026-08-11,2026,,,172,14+,Givatayim,Rav Hen,590
21:50,אובססיה,אובססיה,https://tickets5.rav-hen.co.il/order/298858?lang=he,https://tickets5.rav-hen.co.il/order/298858?lang=he,Regular,2D,English,,2026-08-11,2025,,,110,14+,Givatayim,Rav Hen,590
18:00,איש הגלידה,איש הגלידה,https://tickets5.rav-hen.co.il/order/298575?lang=he,https://tickets5.rav-hen.co.il/order/298575?lang=he,Regular,2D,English,,2026-08-11,2026,,,86,18+,Givatayim,Rav Hen,590
20:00,איש הגלידה,איש הגלידה,https://tickets5.rav-hen.co.il/order/298581?lang=he,https://tickets5.rav-hen.co.il/order/298581?lang=he,Regular,2D,English,,2026-08-11,2026,,,86,18+,Givatayim,Rav Hen,590
21:50,איש הגלידה,איש הגלידה,https://tickets5.rav-hen.co.il/order/298587?lang=he,https://tickets5.rav-hen.co.il/order/298587?lang=he,Regular,2D,English,,2026-08-11,2026,,,86,18+,Givatayim,Rav Hen,590
11:00,אשליות מתוקות,אשליות מתוקות,https://tickets5.rav-hen.co.il/order/298788?lang=he,https://tickets5.rav-hen.co.il/order/298788?lang=he,Regular,2D,French,,2026-08-11,2026,,,116,All,Givatayim,Rav Hen,590
19:20,אשליות מתוקות,אשליות מתוקות,https://tickets5.rav-hen.co.il/order/298880?lang=he,https://tickets5.rav-hen.co.il/order/298880?lang=he,Regular,2D,French,,2026-08-11,2026,,,116,All,Givatayim,Rav Hen,590
10:30,טפיטי: הרפתקה במדבר,טפיטי: הרפתקה במדבר,https://tickets5.rav-hen.co.il/order/298432?lang=he,https://tickets5.rav-hen.co.il/order/298432?lang=he,Regular,2D,,Hebrew,2026-08-11,2025,,,81,All,Givatayim,Rav Hen,590
14:00,טפיטי: הרפתקה במדבר,טפיטי: הרפתקה במדבר,https://tickets5.rav-hen.co.il/order/298779?lang=he,https://tickets5.rav-hen.co.il/order/298779?lang=he,Regular,2D,,Hebrew,2026-08-11,2025,,,81,All,Givatayim,Rav Hen,590
12:30,מואנה לייב אקשן,מואנה לייב אקשן,https://tickets5.rav-hen.co.il/order/298484?lang=he,https://tickets5.rav-hen.co.il/order/298484?lang=he,Regular,2D,English,Hebrew,2026-08-11,2026,,,120,All,Givatayim,Rav Hen,590
15:00,מואנה לייב אקשן,מואנה לייב אקשן,https://tickets5.rav-hen.co.il/order/298485?lang=he,https://tickets5.rav-hen.co.il/order/298485?lang=he,Regular,2D,English,Hebrew,2026-08-11,2026,,,120,All,Givatayim,Rav Hen,590
10:00,מיניונים ומפלצות,מיניונים ומפלצות,https://tickets5.rav-hen.co.il/order/299311?lang=he,https://tickets5.rav-hen.co.il/order/299311?lang=he,Regular,2D,English,Hebrew,2026-08-11,2026,,,90,All,Givatayim,Rav Hen,590
12:00,מיניונים ומפלצות,מיניונים ומפלצות,https://tickets5.rav-hen.co.il/order/299312?lang=he,https://tickets5.rav-hen.co.il/order/299312?lang=he,Regular,2D,English,Hebrew,2026-08-11,2026,,,90,All,Givatayim,Rav Hen,590
16:00,מיניונים ומפלצות,מיניונים ומפלצות,https://tickets5.rav-hen.co.il/order/299313?lang=he,https://tickets5.rav-hen.co.il/order/299313?lang=he,Regular,2D,English,Hebrew,2026-08-11,2026,,,90,All,Givatayim,Rav Hen,590
10:00,מרסופילאמי,מרסופילאמי,https://tickets5.rav-hen.co.il/order/299252?lang=he,https://tickets5.rav-hen.co.il/order/299252?lang=he,Regular,2D,English,Hebrew,2026-08-11,2025,,,100,,Givatayim,Rav Hen,590
12:10,מרסופילאמי,מרסופילאמי,https://tickets5.rav-hen.co.il/order/299258?lang=he,https://tickets5.rav-hen.co.il/order/299258?lang=he,Regular,2D,English,Hebrew,2026-08-11,2025,,,100,,Givatayim,Rav Hen,590
14:20,מרסופילאמי,מרסופילאמי,https://tickets5.rav-hen.co.il/order/299264?lang=he,https://tickets5.rav-hen.co.il/order/299264?lang=he,Regular,2D,English,Hebrew,2026-08-11,2025,,,100,,Givatayim,Rav Hen,590
10:00,ספיידרמן: יום חדש,ספיידרמן: יום חדש,https://tickets5.rav-hen.co.il/order/298316?lang=he,https://tickets5.rav-hen.co.il/order/298316?lang=he,Regular,2D,English,,2026-08-11,2026,,,140,All,Givatayim,Rav Hen,590
13:00,ספיידרמן: יום חדש,ספיידרמן: יום חדש,https://tickets5.rav-hen.co.il/order/298321?lang=he,https://tickets5.rav-hen.co.il/order/298321?lang=he,Regular,2D,English,,2026-08-11,2026,,,140,All,Givatayim,Rav Hen,590
16:00,ספיידרמן: יום חדש,ספיידרמן: יום חדש,https://tickets5.rav-hen.co.il/order/298326?lang=he,https://tickets5.rav-hen.co.il/order/298326?lang=he,Regular,2D,English,,2026-08-11,2026,,,140,All,Givatayim,Rav Hen,590
16:30,ספיידרמן: יום חדש,ספיידרמן: יום חדש,https://tickets5.rav-hen.co.il/order/299270?lang=he,https://tickets5.rav-hen.co.il/order/299270?lang=he,Regular,2D,English,,2026-08-11,2026,,,140,All,Givatayim,Rav Hen,590
18:00,ספיידרמן: יום חדש,ספיידרמן: יום חדש,https://tickets5.rav-hen.co.il/order/298280?lang=he,https://tickets5.rav-hen.co.il/order/298280?lang=he,Regular,2D,English,,2026-08-11,2026,,,140,All,Givatayim,Rav Hen,590
19:00,ספיידרמן: יום חדש,ספיידרמן: יום חדש,https://tickets5.rav-hen.co.il/order/298331?lang=he,https://tickets5.rav-hen.co.il/order/298331?lang=he,Regular,2D,English,,2026-08-11,2026,,,140,All,Givatayim,Rav Hen,590
20:45,ספיידרמן: יום חדש,ספיידרמן: יום חדש,https://tickets5.rav-hen.co.il/order/298285?lang=he,https://tickets5.rav-hen.co.il/order/298285?lang=he,Regular,2D,English,,2026-08-11,2026,,,140,All,Givatayim,Rav Hen,590
21:30,ספיידרמן: יום חדש,ספיידרמן: יום חדש,https://tickets5.rav-hen.co.il/order/298506?lang=he,https://tickets5.rav-hen.co.il/order/298506?lang=he,Regular,2D,English,,2026-08-11,2026,,,140,All,Givatayim,Rav Hen,590
21:50,ספיידרמן: יום חדש,ספיידרמן: יום חדש,https://tickets5.rav-hen.co.il/order/298336?lang=he,https://tickets5.rav-hen.co.il/order/298336?lang=he,Regular,2D,English,,2026-08-11,2026,,,140,All,Givatayim,Rav Hen,590
17:30,קופה ראשית,קופה ראשית,https://tickets5.rav-hen.co.il/order/298544?lang=he,https://tickets5.rav-hen.co.il/order/298544?lang=he,Regular,2D,Hebrew,,2026-08-11,2026,,,91,All,Givatayim,Rav Hen,590
19:30,קופה ראשית,קופה ראשית,https://tickets5.rav-hen.co.il/order/298545?lang=he,https://tickets5.rav-hen.co.il/order/298545?lang=he,Regular,2D,Hebrew,,2026-08-11,2026,,,91,All,Givatayim,Rav Hen,590
17:00,גבעה 338,גבעה 338,https://tickets5.rav-hen.co.il/order/298806?lang=he,https://tickets5.rav-hen.co.il/order/298806?lang=he,Regular,2D,Hebrew,,2026-08-12,2026,,,106,,Givatayim,Rav Hen,590
19:30,גבעה 338,גבעה 338,https://tickets5.rav-hen.co.il/order/298811?lang=he,https://tickets5.rav-hen.co.il/order/298811?lang=he,Regular,2D,Hebrew,,2026-08-12,2026,,,106,,Givatayim,Rav Hen,590
21:50,גבעה 338,גבעה 338,https://tickets5.rav-hen.co.il/order/298816?lang=he,https://tickets5.rav-hen.co.il/order/298816?lang=he,Regular,2D,Hebrew,,2026-08-12,2026,,,106,,Givatayim,Rav Hen,590
10:00,מפרץ ההרפתקאות: אי הדינוזאורים,מפרץ ההרפתקאות: אי הדינוזאורים,https://tickets5.rav-hen.co.il/order/298240?lang=he,https://tickets5.rav-hen.co.il/order/298240?lang=he,Regular,2D,,Hebrew,2026-08-12,2026,,,90,,Givatayim,Rav Hen,590
12:00,מפרץ ההרפתקאות: אי הדינוזאורים,מפרץ ההרפתקאות: אי הדינוזאורים,https://tickets5.rav-hen.co.il/order/298241?lang=he,https://tickets5.rav-hen.co.il/order/298241?lang=he,Regular,2D,,Hebrew,2026-08-12,2026,,,90,,Givatayim,Rav Hen,590
14:00,מפרץ ההרפתקאות: אי הדינוזאורים,מפרץ ההרפתקאות: אי הדינוזאורים,https://tickets5.rav-hen.co.il/order/298242?lang=he,https://tickets5.rav-hen.co.il/order/298242?lang=he,Regular,2D,,Hebrew,2026-08-12,2026,,,90,,Givatayim,Rav Hen,590
16:00,מפרץ ההרפתקאות: אי הדינוזאורים,מפרץ ההרפתקאות: אי הדינוזאורים,https://tickets5.rav-hen.co.il/order/298244?lang=he,https://tickets5.rav-hen.co.il/order/298244?lang=he,Regular,2D,,Hebrew,2026-08-12,2026,,,90,,Givatayim,Rav Hen,590
10:30,האודיסאה,האודיסאה,https://tickets5.rav-hen.co.il/order/298347?lang=he,https://tickets5.rav-hen.co.il/order/298347?lang=he,Regular,2D,English,,2026-08-12,2026,,,172,14+,Givatayim,Rav Hen,590
14:00,האודיסאה,האודיסאה,https://tickets5.rav-hen.co.il/order/298348?lang=he,https://tickets5.rav-hen.co.il/order/298348?lang=he,Regular,2D,English,,2026-08-12,2026,,,172,14+,Givatayim,Rav Hen,590
17:20,האודיסאה,האודיסאה,https://tickets5.rav-hen.co.il/order/298350?lang=he,https://tickets5.rav-hen.co.il/order/298350?lang=he,Regular,2D,English,,2026-08-12,2026,,,172,14+,Givatayim,Rav Hen,590
20:45,האודיסאה,האודיסאה,https://tickets5.rav-hen.co.il/order/298351?lang=he,https://tickets5.rav-hen.co.il/order/298351?lang=he,Regular,2D,English,,2026-08-12,2026,,,172,14+,Givatayim,Rav Hen,590
21:50,אובססיה,אובססיה,https://tickets5.rav-hen.co.il/order/298859?lang=he,https://tickets5.rav-hen.co.il/order/298859?lang=he,Regular,2D,English,,2026-08-12,2025,,,110,14+,Givatayim,Rav Hen,590
18:00,איש הגלידה,איש הגלידה,https://tickets5.rav-hen.co.il/order/298576?lang=he,https://tickets5.rav-hen.co.il/order/298576?lang=he,Regular,2D,English,,2026-08-12,2026,,,86,18+,Givatayim,Rav Hen,590
20:00,איש הגלידה,איש הגלידה,https://tickets5.rav-hen.co.il/order/298582?lang=he,https://tickets5.rav-hen.co.il/order/298582?lang=he,Regular,2D,English,,2026-08-12,2026,,,86,18+,Givatayim,Rav Hen,590
21:50,איש הגלידה,איש הגלידה,https://tickets5.rav-hen.co.il/order/298588?lang=he,https://tickets5.rav-hen.co.il/order/298588?lang=he,Regular,2D,English,,2026-08-12,2026,,,86,18+,Givatayim,Rav Hen,590
19:20,אשליות מתוקות,אשליות מתוקות,https://tickets5.rav-hen.co.il/order/298881?lang=he,https://tickets5.rav-hen.co.il/order/298881?lang=he,Regular,2D,French,,2026-08-12,2026,,,116,All,Givatayim,Rav Hen,590
13:00,טפיטי: הרפתקה במדבר,טפיטי: הרפתקה במדבר,https://tickets5.rav-hen.co.il/order/298444?lang=he,https://tickets5.rav-hen.co.il/order/298444?lang=he,Regular,2D,,Hebrew,2026-08-12,2025,,,81,All,Givatayim,Rav Hen,590
14:00,טפיטי: הרפתקה במדבר,טפיטי: הרפתקה במדבר,https://tickets5.rav-hen.co.il/order/298780?lang=he,https://tickets5.rav-hen.co.il/order/298780?lang=he,Regular,2D,,Hebrew,2026-08-12,2025,,,81,All,Givatayim,Rav Hen,590
15:00,מואנה לייב אקשן,מואנה לייב אקשן,https://tickets5.rav-hen.co.il/order/298487?lang=he,https://tickets5.rav-hen.co.il/order/298487?lang=he,Regular,2D,English,Hebrew,2026-08-12,2026,,,120,All,Givatayim,Rav Hen,590
10:00,מיניונים ומפלצות,מיניונים ומפלצות,https://tickets5.rav-hen.co.il/order/299314?lang=he,https://tickets5.rav-hen.co.il/order/299314?lang=he,Regular,2D,English,Hebrew,2026-08-12,2026,,,90,All,Givatayim,Rav Hen,590
12:00,מיניונים ומפלצות,מיניונים ומפלצות,https://tickets5.rav-hen.co.il/order/299315?lang=he,https://tickets5.rav-hen.co.il/order/299315?lang=he,Regular,2D,English,Hebrew,2026-08-12,2026,,,90,All,Givatayim,Rav Hen,590
16:00,מיניונים ומפלצות,מיניונים ומפלצות,https://tickets5.rav-hen.co.il/order/299316?lang=he,https://tickets5.rav-hen.co.il/order/299316?lang=he,Regular,2D,English,Hebrew,2026-08-12,2026,,,90,All,Givatayim,Rav Hen,590
10:00,מרסופילאמי,מרסופילאמי,https://tickets5.rav-hen.co.il/order/299253?lang=he,https://tickets5.rav-hen.co.il/order/299253?lang=he,Regular,2D,English,Hebrew,2026-08-12,2025,,,100,,Givatayim,Rav Hen,590
12:10,מרסופילאמי,מרסופילאמי,https://tickets5.rav-hen.co.il/order/299259?lang=he,https://tickets5.rav-hen.co.il/order/299259?lang=he,Regular,2D,English,Hebrew,2026-08-12,2025,,,100,,Givatayim,Rav Hen,590
14:20,מרסופילאמי,מרסופילאמי,https://tickets5.rav-hen.co.il/order/299265?lang=he,https://tickets5.rav-hen.co.il/order/299265?lang=he,Regular,2D,English,Hebrew,2026-08-12,2025,,,100,,Givatayim,Rav Hen,590
10:00,ספיידרמן: יום חדש,ספיידרמן: יום חדש,https://tickets5.rav-hen.co.il/order/298509?lang=he,https://tickets5.rav-hen.co.il/order/298509?lang=he,Regular,2D,English,,2026-08-12,2026,,,140,All,Givatayim,Rav Hen,590
13:00,ספיידרמן: יום חדש,ספיידרמן: יום חדש,https://tickets5.rav-hen.co.il/order/298340?lang=he,https://tickets5.rav-hen.co.il/order/298340?lang=he,Regular,2D,English,,2026-08-12,2026,,,140,All,Givatayim,Rav Hen,590
16:00,ספיידרמן: יום חדש,ספיידרמן: יום חדש,https://tickets5.rav-hen.co.il/order/298341?lang=he,https://tickets5.rav-hen.co.il/order/298341?lang=he,Regular,2D,English,,2026-08-12,2026,,,140,All,Givatayim,Rav Hen,590
16:30,ספיידרמן: יום חדש,ספיידרמן: יום חדש,https://tickets5.rav-hen.co.il/order/299271?lang=he,https://tickets5.rav-hen.co.il/order/299271?lang=he,Regular,2D,English,,2026-08-12,2026,,,140,All,Givatayim,Rav Hen,590
18:00,ספיידרמן: יום חדש,ספיידרמן: יום חדש,https://tickets5.rav-hen.co.il/order/298281?lang=he,https://tickets5.rav-hen.co.il/order/298281?lang=he,Regular,2D,English,,2026-08-12,2026,,,140,All,Givatayim,Rav Hen,590
19:00,ספיידרמן: יום חדש,ספיידרמן: יום חדש,https://tickets5.rav-hen.co.il/order/298342?lang=he,https://tickets5.rav-hen.co.il/order/298342?lang=he,Regular,2D,English,,2026-08-12,2026,,,140,All,Givatayim,Rav Hen,590
20:45,ספיידרמן: יום חדש,ספיידרמן: יום חדש,https://tickets5.rav-hen.co.il/order/298286?lang=he,https://tickets5.rav-hen.co.il/order/298286?lang=he,Regular,2D,English,,2026-08-12,2026,,,140,All,Givatayim,Rav Hen,590
21:30,ספיידרמן: יום חדש,ספיידרמן: יום חדש,https://tickets5.rav-hen.co.il/order/298511?lang=he,https://tickets5.rav-hen.co.il/order/298511?lang=he,Regular,2D,English,,2026-08-12,2026,,,140,All,Givatayim,Rav Hen,590
21:50,ספיידרמן: יום חדש,ספיידרמן: יום חדש,https://tickets5.rav-hen.co.il/order/298343?lang=he,https://tickets5.rav-hen.co.il/order/298343?lang=he,Regular,2D,English,,2026-08-12,2026,,,140,All,Givatayim,Rav Hen,590
10:15,צעצוע של סיפור 5,צעצוע של סיפור 5,https://tickets5.rav-hen.co.il/order/298832?lang=he,https://tickets5.rav-hen.co.il/order/298832?lang=he,Regular,2D,English,Hebrew,2026-08-12,2026,,,102,All,Givatayim,Rav Hen,590
12:30,צעצוע של סיפור 5,צעצוע של סיפור 5,https://tickets5.rav-hen.co.il/order/298837?lang=he,https://tickets5.rav-hen.co.il/order/298837?lang=he,Regular,2D,English,Hebrew,2026-08-12,2026,,,102,All,Givatayim,Rav Hen,590
14:45,צעצוע של סיפור 5,צעצוע של סיפור 5,https://tickets5.rav-hen.co.il/order/298842?lang=he,https://tickets5.rav-hen.co.il/order/298842?lang=he,Regular,2D,English,Hebrew,2026-08-12,2026,,,102,All,Givatayim,Rav Hen,590
17:30,קופה ראשית,קופה ראשית,https://tickets5.rav-hen.co.il/order/298546?lang=he,https://tickets5.rav-hen.co.il/order/298546?lang=he,Regular,2D,Hebrew,,2026-08-12,2026,,,91,All,Givatayim,Rav Hen,590
19:30,קופה ראשית,קופה ראשית,https://tickets5.rav-hen.co.il/order/298547?lang=he,https://tickets5.rav-hen.co.il/order/298547?lang=he,Regular,2D,Hebrew,,2026-08-12,2026,,,91,All,Givatayim,Rav Hen,590
20:00,האודיסאה,האודיסאה,https://tickets5.rav-hen.co.il/order/292779?lang=he,https://tickets5.rav-hen.co.il/order/292779?lang=he,Regular,2D,English,,2026-08-04,2026,,,172,14+,Tel Aviv,Rav Hen,590
21:00,האודיסאה,האודיסאה,https://tickets5.rav-hen.co.il/order/292761?lang=he,https://tickets5.rav-hen.co.il/order/292761?lang=he,Regular,2D,English,,2026-08-04,2026,,,172,14+,Tel Aviv,Rav Hen,590
19:00,ספיידרמן: יום חדש,ספיידרמן: יום חדש,https://tickets5.rav-hen.co.il/order/292731?lang=he,https://tickets5.rav-hen.co.il/order/292731?lang=he,Regular,2D,English,,2026-08-04,2026,,,140,All,Tel Aviv,Rav Hen,590
20:30,ספיידרמן: יום חדש,ספיידרמן: יום חדש,https://tickets5.rav-hen.co.il/order/292975?lang=he,https://tickets5.rav-hen.co.il/order/292975?lang=he,Regular,2D,English,,2026-08-04,2026,,,140,All,Tel Aviv,Rav Hen,590
22:10,ספיידרמן: יום חדש,ספיידרמן: יום חדש,https://tickets5.rav-hen.co.il/order/292734?lang=he,https://tickets5.rav-hen.co.il/order/292734?lang=he,Regular,2D,English,,2026-08-04,2026,,,140,All,Tel Aviv,Rav Hen,590
10:30,האודיסאה,האודיסאה,https://tickets5.rav-hen.co.il/order/292723?lang=he,https://tickets5.rav-hen.co.il/order/292723?lang=he,Regular,2D,English,,2026-08-05,2026,,,172,14+,Tel Aviv,Rav Hen,590
14:00,האודיסאה,האודיסאה,https://tickets5.rav-hen.co.il/order/292756?lang=he,https://tickets5.rav-hen.co.il/order/292756?lang=he,Regular,2D,English,,2026-08-05,2026,,,172,14+,Tel Aviv,Rav Hen,590
16:40,האודיסאה,האודיסאה,https://tickets5.rav-hen.co.il/order/292747?lang=he,https://tickets5.rav-hen.co.il/order/292747?lang=he,Regular,2D,English,,2026-08-05,2026,,,172,14+,Tel Aviv,Rav Hen,590
17:15,האודיסאה,האודיסאה,https://tickets5.rav-hen.co.il/order/292759?lang=he,https://tickets5.rav-hen.co.il/order/292759?lang=he,Regular,2D,English,,2026-08-05,2026,,,172,14+,Tel Aviv,Rav Hen,590
20:00,האודיסאה,האודיסאה,https://tickets5.rav-hen.co.il/order/292780?lang=he,https://tickets5.rav-hen.co.il/order/292780?lang=he,Regular,2D,English,,2026-08-05,2026,,,172,14+,Tel Aviv,Rav Hen,590
21:00,האודיסאה,האודיסאה,https://tickets5.rav-hen.co.il/order/292762?lang=he,https://tickets5.rav-hen.co.il/order/292762?lang=he,Regular,2D,English,,2026-08-05,2026,,,172,14+,Tel Aviv,Rav Hen,590
12:45,מואנה לייב אקשן,מואנה לייב אקשן,https://tickets5.rav-hen.co.il/order/292768?lang=he,https://tickets5.rav-hen.co.il/order/292768?lang=he,Regular,2D,English,Hebrew,2026-08-05,2026,,,120,All,Tel Aviv,Rav Hen,590
10:45,מיניונים ומפלצות,מיניונים ומפלצות,https://tickets5.rav-hen.co.il/order/292765?lang=he,https://tickets5.rav-hen.co.il/order/292765?lang=he,Regular,2D,English,Hebrew,2026-08-05,2026,,,90,All,Tel Aviv,Rav Hen,590
10:00,ספיידרמן: יום חדש,ספיידרמן: יום חדש,https://tickets5.rav-hen.co.il/order/292750?lang=he,https://tickets5.rav-hen.co.il/order/292750?lang=he,Regular,2D,English,,2026-08-05,2026,,,140,All,Tel Aviv,Rav Hen,590
13:00,ספיידרמן: יום חדש,ספיידרמן: יום חדש,https://tickets5.rav-hen.co.il/order/292726?lang=he,https://tickets5.rav-hen.co.il/order/292726?lang=he,Regular,2D,English,,2026-08-05,2026,,,140,All,Tel Aviv,Rav Hen,590
16:00,ספיידרמן: יום חדש,ספיידרמן: יום חדש,https://tickets5.rav-hen.co.il/order/292729?lang=he,https://tickets5.rav-hen.co.il/order/292729?lang=he,Regular,2D,English,,2026-08-05,2026,,,140,All,Tel Aviv,Rav Hen,590
17:30,ספיידרמן: יום חדש,ספיידרמן: יום חדש,https://tickets5.rav-hen.co.il/order/292981?lang=he,https://tickets5.rav-hen.co.il/order/292981?lang=he,Regular,2D,English,,2026-08-05,2026,,,140,All,Tel Aviv,Rav Hen,590
19:00,ספיידרמן: יום חדש,ספיידרמן: יום חדש,https://tickets5.rav-hen.co.il/order/292732?lang=he,https://tickets5.rav-hen.co.il/order/292732?lang=he,Regular,2D,English,,2026-08-05,2026,,,140,All,Tel Aviv,Rav Hen,590
20:30,ספיידרמן: יום חדש,ספיידרמן: יום חדש,https://tickets5.rav-hen.co.il/order/292983?lang=he,https://tickets5.rav-hen.co.il/order/292983?lang=he,Regular,2D,English,,2026-08-05,2026,,,140,All,Tel Aviv,Rav Hen,590
22:10,ספיידרמן: יום חדש,ספיידרמן: יום חדש,https://tickets5.rav-hen.co.il/order/292735?lang=he,https://tickets5.rav-hen.co.il/order/292735?lang=he,Regular,2D,English,,2026-08-05,2026,,,140,All,Tel Aviv,Rav Hen,590
10:00,צעצוע של סיפור 5,צעצוע של סיפור 5,https://tickets5.rav-hen.co.il/order/292738?lang=he,https://tickets5.rav-hen.co.il/order/292738?lang=he,Regular,2D,English,Hebrew,2026-08-05,2026,,,102,All,Tel Aviv,Rav Hen,590
12:15,צעצוע של סיפור 5,צעצוע של סיפור 5,https://tickets5.rav-hen.co.il/order/292741?lang=he,https://tickets5.rav-hen.co.il/order/292741?lang=he,Regular,2D,English,Hebrew,2026-08-05,2026,,,102,All,Tel Aviv,Rav Hen,590
14:30,צעצוע של סיפור 5,צעצוע של סיפור 5,https://tickets5.rav-hen.co.il/order/292744?lang=he,https://tickets5.rav-hen.co.il/order/292744?lang=he,Regular,2D,English,Hebrew,2026-08-05,2026,,,102,All,Tel Aviv,Rav Hen,590
15:15,קופה ראשית,קופה ראשית,https://tickets5.rav-hen.co.il/order/292771?lang=he,https://tickets5.rav-hen.co.il/order/292771?lang=he,Regular,2D,Hebrew,,2026-08-05,2026,,,91,All,Tel Aviv,Rav Hen,590
19:30,גבעה 338,גבעה 338,https://tickets5.rav-hen.co.il/order/297744?lang=he,https://tickets5.rav-hen.co.il/order/297744?lang=he,Regular,2D,Hebrew,,2026-08-06,2026,,,106,,Tel Aviv,Rav Hen,590
21:50,גבעה 338,גבעה 338,https://tickets5.rav-hen.co.il/order/297745?lang=he,https://tickets5.rav-hen.co.il/order/297745?lang=he,Regular,2D,Hebrew,,2026-08-06,2026,,,106,,Tel Aviv,Rav Hen,590
10:15,מפרץ ההרפתקאות: אי הדינוזאורים,מפרץ ההרפתקאות: אי הדינוזאורים,https://tickets5.rav-hen.co.il/order/297735?lang=he,https://tickets5.rav-hen.co.il/order/297735?lang=he,Regular,2D,,Hebrew,2026-08-06,2026,,,90,,Tel Aviv,Rav Hen,590
12:15,מפרץ ההרפתקאות: אי הדינוזאורים,מפרץ ההרפתקאות: אי הדינוזאורים,https://tickets5.rav-hen.co.il/order/297736?lang=he,https://tickets5.rav-hen.co.il/order/297736?lang=he,Regular,2D,,Hebrew,2026-08-06,2026,,,90,,Tel Aviv,Rav Hen,590
14:15,מפרץ ההרפתקאות: אי הדינוזאורים,מפרץ ההרפתקאות: אי הדינוזאורים,https://tickets5.rav-hen.co.il/order/297737?lang=he,https://tickets5.rav-hen.co.il/order/297737?lang=he,Regular,2D,,Hebrew,2026-08-06,2026,,,90,,Tel Aviv,Rav Hen,590
10:30,האודיסאה,האודיסאה,https://tickets5.rav-hen.co.il/order/297740?lang=he,https://tickets5.rav-hen.co.il/order/297740?lang=he,Regular,2D,English,,2026-08-06,2026,,,172,14+,Tel Aviv,Rav Hen,590
14:00,האודיסאה,האודיסאה,https://tickets5.rav-hen.co.il/order/297741?lang=he,https://tickets5.rav-hen.co.il/order/297741?lang=he,Regular,2D,English,,2026-08-06,2026,,,172,14+,Tel Aviv,Rav Hen,590
16:15,האודיסאה,האודיסאה,https://tickets5.rav-hen.co.il/order/297738?lang=he,https://tickets5.rav-hen.co.il/order/297738?lang=he,Regular,2D,English,,2026-08-06,2026,,,172,14+,Tel Aviv,Rav Hen,590
17:30,האודיסאה,האודיסאה,https://tickets5.rav-hen.co.il/order/297742?lang=he,https://tickets5.rav-hen.co.il/order/297742?lang=he,Regular,2D,English,,2026-08-06,2026,,,172,14+,Tel Aviv,Rav Hen,590
19:45,האודיסאה,האודיסאה,https://tickets5.rav-hen.co.il/order/297739?lang=he,https://tickets5.rav-hen.co.il/order/297739?lang=he,Regular,2D,English,,2026-08-06,2026,,,172,14+,Tel Aviv,Rav Hen,590
21:00,האודיסאה,האודיסאה,https://tickets5.rav-hen.co.il/order/297743?lang=he,https://tickets5.rav-hen.co.il/order/297743?lang=he,Regular,2D,English,,2026-08-06,2026,,,172,14+,Tel Aviv,Rav Hen,590
10:00,מואנה לייב אקשן,מואנה לייב אקשן,https://tickets5.rav-hen.co.il/order/297746?lang=he,https://tickets5.rav-hen.co.il/order/297746?lang=he,Regular,2D,English,Hebrew,2026-08-06,2026,,,120,All,Tel Aviv,Rav Hen,590
14:40,מיניונים ומפלצות,מיניונים ומפלצות,https://tickets5.rav-hen.co.il/order/297748?lang=he,https://tickets5.rav-hen.co.il/order/297748?lang=he,Regular,2D,English,Hebrew,2026-08-06,2026,,,90,All,Tel Aviv,Rav Hen,590
10:00,ספיידרמן: יום חדש,ספיידרמן: יום חדש,https://tickets5.rav-hen.co.il/order/297730?lang=he,https://tickets5.rav-hen.co.il/order/297730?lang=he,Regular,2D,English,,2026-08-06,2026,,,140,All,Tel Aviv,Rav Hen,590
13:00,ספיידרמן: יום חדש,ספיידרמן: יום חדש,https://tickets5.rav-hen.co.il/order/297731?lang=he,https://tickets5.rav-hen.co.il/order/297731?lang=he,Regular,2D,English,,2026-08-06,2026,,,140,All,Tel Aviv,Rav Hen,590
16:00,ספיידרמן: יום חדש,ספיידרמן: יום חדש,https://tickets5.rav-hen.co.il/order/297732?lang=he,https://tickets5.rav-hen.co.il/order/297732?lang=he,Regular,2D,English,,2026-08-06,2026,,,140,All,Tel Aviv,Rav Hen,590
16:40,ספיידרמן: יום חדש,ספיידרמן: יום חדש,https://tickets5.rav-hen.co.il/order/298759?lang=he,https://tickets5.rav-hen.co.il/order/298759?lang=he,Regular,2D,English,,2026-08-06,2026,,,140,All,Tel Aviv,Rav Hen,590
19:00,ספיידרמן: יום חדש,ספיידרמן: יום חדש,https://tickets5.rav-hen.co.il/order/297733?lang=he,https://tickets5.rav-hen.co.il/order/297733?lang=he,Regular,2D,English,,2026-08-06,2026,,,140,All,Tel Aviv,Rav Hen,590
22:10,ספיידרמן: יום חדש,ספיידרמן: יום חדש,https://tickets5.rav-hen.co.il/order/297734?lang=he,https://tickets5.rav-hen.co.il/order/297734?lang=he,Regular,2D,English,,2026-08-06,2026,,,140,All,Tel Aviv,Rav Hen,590
12:30,צעצוע של סיפור 5,צעצוע של סיפור 5,https://tickets5.rav-hen.co.il/order/297747?lang=he,https://tickets5.rav-hen.co.il/order/297747?lang=he,Regular,2D,English,Hebrew,2026-08-06,2026,,,102,All,Tel Aviv,Rav Hen,590
19:15,גבעה 338,גבעה 338,https://tickets5.rav-hen.co.il/order/297786?lang=he,https://tickets5.rav-hen.co.il/order/297786?lang=he,Regular,2D,Hebrew,,2026-08-07,2026,,,106,,Tel Aviv,Rav Hen,590
21:45,גבעה 338,גבעה 338,https://tickets5.rav-hen.co.il/order/297780?lang=he,https://tickets5.rav-hen.co.il/order/297780?lang=he,Regular,2D,Hebrew,,2026-08-07,2026,,,106,,Tel Aviv,Rav Hen,590
10:15,מפרץ ההרפתקאות: אי הדינוזאורים,מפרץ ההרפתקאות: אי הדינוזאורים,https://tickets5.rav-hen.co.il/order/297840?lang=he,https://tickets5.rav-hen.co.il/order/297840?lang=he,Regular,2D,,Hebrew,2026-08-07,2026,,,90,,Tel Aviv,Rav Hen,590
12:15,מפרץ ההרפתקאות: אי הדינוזאורים,מפרץ ההרפתקאות: אי הדינוזאורים,https://tickets5.rav-hen.co.il/order/297834?lang=he,https://tickets5.rav-hen.co.il/order/297834?lang=he,Regular,2D,,Hebrew,2026-08-07,2026,,,90,,Tel Aviv,Rav Hen,590
14:15,מפרץ ההרפתקאות: אי הדינוזאורים,מפרץ ההרפתקאות: אי הדינוזאורים,https://tickets5.rav-hen.co.il/order/297828?lang=he,https://tickets5.rav-hen.co.il/order/297828?lang=he,Regular,2D,,Hebrew,2026-08-07,2026,,,90,,Tel Aviv,Rav Hen,590
17:15,מפרץ ההרפתקאות: אי הדינוזאורים,מפרץ ההרפתקאות: אי הדינוזאורים,https://tickets5.rav-hen.co.il/order/297756?lang=he,https://tickets5.rav-hen.co.il/order/297756?lang=he,Regular,2D,,Hebrew,2026-08-07,2026,,,90,,Tel Aviv,Rav Hen,590
10:30,האודיסאה,האודיסאה,https://tickets5.rav-hen.co.il/order/297750?lang=he,https://tickets5.rav-hen.co.il/order/297750?lang=he,Regular,2D,English,,2026-08-07,2026,,,172,14+,Tel Aviv,Rav Hen,590
14:00,האודיסאה,האודיסאה,https://tickets5.rav-hen.co.il/order/297804?lang=he,https://tickets5.rav-hen.co.il/order/297804?lang=he,Regular,2D,English,,2026-08-07,2026,,,172,14+,Tel Aviv,Rav Hen,590
16:15,האודיסאה,האודיסאה,https://tickets5.rav-hen.co.il/order/297822?lang=he,https://tickets5.rav-hen.co.il/order/297822?lang=he,Regular,2D,English,,2026-08-07,2026,,,172,14+,Tel Aviv,Rav Hen,590
17:30,האודיסאה,האודיסאה,https://tickets5.rav-hen.co.il/order/297798?lang=he,https://tickets5.rav-hen.co.il/order/297798?lang=he,Regular,2D,English,,2026-08-07,2026,,,172,14+,Tel Aviv,Rav Hen,590
19:45,האודיסאה,האודיסאה,https://tickets5.rav-hen.co.il/order/297816?lang=he,https://tickets5.rav-hen.co.il/order/297816?lang=he,Regular,2D,English,,2026-08-07,2026,,,172,14+,Tel Aviv,Rav Hen,590
21:00,האודיסאה,האודיסאה,https://tickets5.rav-hen.co.il/order/297792?lang=he,https://tickets5.rav-hen.co.il/order/297792?lang=he,Regular,2D,English,,2026-08-07,2026,,,172,14+,Tel Aviv,Rav Hen,590
10:30,מואנה לייב אקשן,מואנה לייב אקשן,https://tickets5.rav-hen.co.il/order/297774?lang=he,https://tickets5.rav-hen.co.il/order/297774?lang=he,Regular,2D,English,Hebrew,2026-08-07,2026,,,120,All,Tel Aviv,Rav Hen,590
15:15,מיניונים ומפלצות,מיניונים ומפלצות,https://tickets5.rav-hen.co.il/order/297762?lang=he,https://tickets5.rav-hen.co.il/order/297762?lang=he,Regular,2D,English,Hebrew,2026-08-07,2026,,,90,All,Tel Aviv,Rav Hen,590
10:00,ספיידרמן: יום חדש,ספיידרמן: יום חדש,https://tickets5.rav-hen.co.il/order/297810?lang=he,https://tickets5.rav-hen.co.il/order/297810?lang=he,Regular,2D,English,,2026-08-07,2026,,,140,All,Tel Aviv,Rav Hen,590
13:00,ספיידרמן: יום חדש,ספיידרמן: יום חדש,https://tickets5.rav-hen.co.il/order/297864?lang=he,https://tickets5.rav-hen.co.il/order/297864?lang=he,Regular,2D,English,,2026-08-07,2026,,,140,All,Tel Aviv,Rav Hen,590
16:00,ספיידרמן: יום חדש,ספיידרמן: יום חדש,https://tickets5.rav-hen.co.il/order/297858?lang=he,https://tickets5.rav-hen.co.il/order/297858?lang=he,Regular,2D,English,,2026-08-07,2026,,,140,All,Tel Aviv,Rav Hen,590
19:00,ספיידרמן: יום חדש,ספיידרמן: יום חדש,https://tickets5.rav-hen.co.il/order/297852?lang=he,https://tickets5.rav-hen.co.il/order/297852?lang=he,Regular,2D,English,,2026-08-07,2026,,,140,All,Tel Aviv,Rav Hen,590
22:10,ספיידרמן: יום חדש,ספיידרמן: יום חדש,https://tickets5.rav-hen.co.il/order/297846?lang=he,https://tickets5.rav-hen.co.il/order/297846?lang=he,Regular,2D,English,,2026-08-07,2026,,,140,All,Tel Aviv,Rav Hen,590
13:00,צעצוע של סיפור 5,צעצוע של סיפור 5,https://tickets5.rav-hen.co.il/order/297768?lang=he,https://tickets5.rav-hen.co.il/order/297768?lang=he,Regular,2D,English,Hebrew,2026-08-07,2026,,,102,All,Tel Aviv,Rav Hen,590
19:20,גבעה 338,גבעה 338,https://tickets5.rav-hen.co.il/order/297787?lang=he,https://tickets5.rav-hen.co.il/order/297787?lang=he,Regular,2D,Hebrew,,2026-08-08,2026,,,106,,Tel Aviv,Rav Hen,590
21:45,גבעה 338,גבעה 338,https://tickets5.rav-hen.co.il/order/297781?lang=he,https://tickets5.rav-hen.co.il/order/297781?lang=he,Regular,2D,Hebrew,,2026-08-08,2026,,,106,,Tel Aviv,Rav Hen,590
10:15,מפרץ ההרפתקאות: אי הדינוזאורים,מפרץ ההרפתקאות: אי הדינוזאורים,https://tickets5.rav-hen.co.il/order/297841?lang=he,https://tickets5.rav-hen.co.il/order/297841?lang=he,Regular,2D,,Hebrew,2026-08-08,2026,,,90,,Tel Aviv,Rav Hen,590
12:15,מפרץ ההרפתקאות: אי הדינוזאורים,מפרץ ההרפתקאות: אי הדינוזאורים,https://tickets5.rav-hen.co.il/order/297835?lang=he,https://tickets5.rav-hen.co.il/order/297835?lang=he,Regular,2D,,Hebrew,2026-08-08,2026,,,90,,Tel Aviv,Rav Hen,590
14:15,מפרץ ההרפתקאות: אי הדינוזאורים,מפרץ ההרפתקאות: אי הדינוזאורים,https://tickets5.rav-hen.co.il/order/297829?lang=he,https://tickets5.rav-hen.co.il/order/297829?lang=he,Regular,2D,,Hebrew,2026-08-08,2026,,,90,,Tel Aviv,Rav Hen,590
17:15,מפרץ ההרפתקאות: אי הדינוזאורים,מפרץ ההרפתקאות: אי הדינוזאורים,https://tickets5.rav-hen.co.il/order/297757?lang=he,https://tickets5.rav-hen.co.il/order/297757?lang=he,Regular,2D,,Hebrew,2026-08-08,2026,,,90,,Tel Aviv,Rav Hen,590
10:30,האודיסאה,האודיסאה,https://tickets5.rav-hen.co.il/order/297751?lang=he,https://tickets5.rav-hen.co.il/order/297751?lang=he,Regular,2D,English,,2026-08-08,2026,,,172,14+,Tel Aviv,Rav Hen,590
14:00,האודיסאה,האודיסאה,https://tickets5.rav-hen.co.il/order/297805?lang=he,https://tickets5.rav-hen.co.il/order/297805?lang=he,Regular,2D,English,,2026-08-08,2026,,,172,14+,Tel Aviv,Rav Hen,590
16:15,האודיסאה,האודיסאה,https://tickets5.rav-hen.co.il/order/297823?lang=he,https://tickets5.rav-hen.co.il/order/297823?lang=he,Regular,2D,English,,2026-08-08,2026,,,172,14+,Tel Aviv,Rav Hen,590
17:30,האודיסאה,האודיסאה,https://tickets5.rav-hen.co.il/order/297799?lang=he,https://tickets5.rav-hen.co.il/order/297799?lang=he,Regular,2D,English,,2026-08-08,2026,,,172,14+,Tel Aviv,Rav Hen,590
19:45,האודיסאה,האודיסאה,https://tickets5.rav-hen.co.il/order/297817?lang=he,https://tickets5.rav-hen.co.il/order/297817?lang=he,Regular,2D,English,,2026-08-08,2026,,,172,14+,Tel Aviv,Rav Hen,590
21:00,האודיסאה,האודיסאה,https://tickets5.rav-hen.co.il/order/297793?lang=he,https://tickets5.rav-hen.co.il/order/297793?lang=he,Regular,2D,English,,2026-08-08,2026,,,172,14+,Tel Aviv,Rav Hen,590
10:30,מואנה לייב אקשן,מואנה לייב אקשן,https://tickets5.rav-hen.co.il/order/297775?lang=he,https://tickets5.rav-hen.co.il/order/297775?lang=he,Regular,2D,English,Hebrew,2026-08-08,2026,,,120,All,Tel Aviv,Rav Hen,590
15:15,מיניונים ומפלצות,מיניונים ומפלצות,https://tickets5.rav-hen.co.il/order/297763?lang=he,https://tickets5.rav-hen.co.il/order/297763?lang=he,Regular,2D,English,Hebrew,2026-08-08,2026,,,90,All,Tel Aviv,Rav Hen,590
10:00,ספיידרמן: יום חדש,ספיידרמן: יום חדש,https://tickets5.rav-hen.co.il/order/297811?lang=he,https://tickets5.rav-hen.co.il/order/297811?lang=he,Regular,2D,English,,2026-08-08,2026,,,140,All,Tel Aviv,Rav Hen,590
13:00,ספיידרמן: יום חדש,ספיידרמן: יום חדש,https://tickets5.rav-hen.co.il/order/297865?lang=he,https://tickets5.rav-hen.co.il/order/297865?lang=he,Regular,2D,English,,2026-08-08,2026,,,140,All,Tel Aviv,Rav Hen,590
16:00,ספיידרמן: יום חדש,ספיידרמן: יום חדש,https://tickets5.rav-hen.co.il/order/297859?lang=he,https://tickets5.rav-hen.co.il/order/297859?lang=he,Regular,2D,English,,2026-08-08,2026,,,140,All,Tel Aviv,Rav Hen,590
19:00,ספיידרמן: יום חדש,ספיידרמן: יום חדש,https://tickets5.rav-hen.co.il/order/297853?lang=he,https://tickets5.rav-hen.co.il/order/297853?lang=he,Regular,2D,English,,2026-08-08,2026,,,140,All,Tel Aviv,Rav Hen,590
22:10,ספיידרמן: יום חדש,ספיידרמן: יום חדש,https://tickets5.rav-hen.co.il/order/297847?lang=he,https://tickets5.rav-hen.co.il/order/297847?lang=he,Regular,2D,English,,2026-08-08,2026,,,140,All,Tel Aviv,Rav Hen,590
13:00,צעצוע של סיפור 5,צעצוע של סיפור 5,https://tickets5.rav-hen.co.il/order/297769?lang=he,https://tickets5.rav-hen.co.il/order/297769?lang=he,Regular,2D,English,Hebrew,2026-08-08,2026,,,102,All,Tel Aviv,Rav Hen,590
18:00,גבעה 338,גבעה 338,https://tickets5.rav-hen.co.il/order/299815?lang=he,https://tickets5.rav-hen.co.il/order/299815?lang=he,Regular,2D,Hebrew,,2026-08-09,2026,,,106,,Tel Aviv,Rav Hen,590
19:15,גבעה 338,גבעה 338,https://tickets5.rav-hen.co.il/order/297788?lang=he,https://tickets5.rav-hen.co.il/order/297788?lang=he,Regular,2D,Hebrew,,2026-08-09,2026,,,106,,Tel Aviv,Rav Hen,590
21:45,גבעה 338,גבעה 338,https://tickets5.rav-hen.co.il/order/297782?lang=he,https://tickets5.rav-hen.co.il/order/297782?lang=he,Regular,2D,Hebrew,,2026-08-09,2026,,,106,,Tel Aviv,Rav Hen,590
10:00,מפרץ ההרפתקאות: אי הדינוזאורים,מפרץ ההרפתקאות: אי הדינוזאורים,https://tickets5.rav-hen.co.il/order/297842?lang=he,https://tickets5.rav-hen.co.il/order/297842?lang=he,Regular,2D,,Hebrew,2026-08-09,2026,,,90,,Tel Aviv,Rav Hen,590
12:00,מפרץ ההרפתקאות: אי הדינוזאורים,מפרץ ההרפתקאות: אי הדינוזאורים,https://tickets5.rav-hen.co.il/order/297836?lang=he,https://tickets5.rav-hen.co.il/order/297836?lang=he,Regular,2D,,Hebrew,2026-08-09,2026,,,90,,Tel Aviv,Rav Hen,590
14:00,מפרץ ההרפתקאות: אי הדינוזאורים,מפרץ ההרפתקאות: אי הדינוזאורים,https://tickets5.rav-hen.co.il/order/297830?lang=he,https://tickets5.rav-hen.co.il/order/297830?lang=he,Regular,2D,,Hebrew,2026-08-09,2026,,,90,,Tel Aviv,Rav Hen,590
16:00,מפרץ ההרפתקאות: אי הדינוזאורים,מפרץ ההרפתקאות: אי הדינוזאורים,https://tickets5.rav-hen.co.il/order/299838?lang=he,https://tickets5.rav-hen.co.il/order/299838?lang=he,Regular,2D,,Hebrew,2026-08-09,2026,,,90,,Tel Aviv,Rav Hen,590
17:15,מפרץ ההרפתקאות: אי הדינוזאורים,מפרץ ההרפתקאות: אי הדינוזאורים,https://tickets5.rav-hen.co.il/order/297758?lang=he,https://tickets5.rav-hen.co.il/order/297758?lang=he,Regular,2D,,Hebrew,2026-08-09,2026,,,90,,Tel Aviv,Rav Hen,590
10:30,האודיסאה,האודיסאה,https://tickets5.rav-hen.co.il/order/297752?lang=he,https://tickets5.rav-hen.co.il/order/297752?lang=he,Regular,2D,English,,2026-08-09,2026,,,172,14+,Tel Aviv,Rav Hen,590
14:10,האודיסאה,האודיסאה,https://tickets5.rav-hen.co.il/order/297806?lang=he,https://tickets5.rav-hen.co.il/order/297806?lang=he,Regular,2D,English,,2026-08-09,2026,,,172,14+,Tel Aviv,Rav Hen,590
17:45,האודיסאה,האודיסאה,https://tickets5.rav-hen.co.il/order/297800?lang=he,https://tickets5.rav-hen.co.il/order/297800?lang=he,Regular,2D,English,,2026-08-09,2026,,,172,14+,Tel Aviv,Rav Hen,590
20:15,האודיסאה,האודיסאה,https://tickets5.rav-hen.co.il/order/297818?lang=he,https://tickets5.rav-hen.co.il/order/297818?lang=he,Regular,2D,English,,2026-08-09,2026,,,172,14+,Tel Aviv,Rav Hen,590
21:15,האודיסאה,האודיסאה,https://tickets5.rav-hen.co.il/order/297794?lang=he,https://tickets5.rav-hen.co.il/order/297794?lang=he,Regular,2D,English,,2026-08-09,2026,,,172,14+,Tel Aviv,Rav Hen,590
10:30,מואנה לייב אקשן,מואנה לייב אקשן,https://tickets5.rav-hen.co.il/order/297776?lang=he,https://tickets5.rav-hen.co.il/order/297776?lang=he,Regular,2D,English,Hebrew,2026-08-09,2026,,,120,All,Tel Aviv,Rav Hen,590
15:15,מיניונים ומפלצות,מיניונים ומפלצות,https://tickets5.rav-hen.co.il/order/297764?lang=he,https://tickets5.rav-hen.co.il/order/297764?lang=he,Regular,2D,English,Hebrew,2026-08-09,2026,,,90,All,Tel Aviv,Rav Hen,590
10:00,ספיידרמן: יום חדש,ספיידרמן: יום חדש,https://tickets5.rav-hen.co.il/order/297812?lang=he,https://tickets5.rav-hen.co.il/order/297812?lang=he,Regular,2D,English,,2026-08-09,2026,,,140,All,Tel Aviv,Rav Hen,590
13:00,ספיידרמן: יום חדש,ספיידרמן: יום חדש,https://tickets5.rav-hen.co.il/order/297866?lang=he,https://tickets5.rav-hen.co.il/order/297866?lang=he,Regular,2D,English,,2026-08-09,2026,,,140,All,Tel Aviv,Rav Hen,590
16:00,ספיידרמן: יום חדש,ספיידרמן: יום חדש,https://tickets5.rav-hen.co.il/order/297860?lang=he,https://tickets5.rav-hen.co.il/order/297860?lang=he,Regular,2D,English,,2026-08-09,2026,,,140,All,Tel Aviv,Rav Hen,590
19:00,ספיידרמן: יום חדש,ספיידרמן: יום חדש,https://tickets5.rav-hen.co.il/order/297854?lang=he,https://tickets5.rav-hen.co.il/order/297854?lang=he,Regular,2D,English,,2026-08-09,2026,,,140,All,Tel Aviv,Rav Hen,590
22:00,ספיידרמן: יום חדש,ספיידרמן: יום חדש,https://tickets5.rav-hen.co.il/order/297848?lang=he,https://tickets5.rav-hen.co.il/order/297848?lang=he,Regular,2D,English,,2026-08-09,2026,,,140,All,Tel Aviv,Rav Hen,590
13:00,צעצוע של סיפור 5,צעצוע של סיפור 5,https://tickets5.rav-hen.co.il/order/297770?lang=he,https://tickets5.rav-hen.co.il/order/297770?lang=he,Regular,2D,English,Hebrew,2026-08-09,2026,,,102,All,Tel Aviv,Rav Hen,590
19:15,גבעה 338,גבעה 338,https://tickets5.rav-hen.co.il/order/297789?lang=he,https://tickets5.rav-hen.co.il/order/297789?lang=he,Regular,2D,Hebrew,,2026-08-10,2026,,,106,,Tel Aviv,Rav Hen,590
21:45,גבעה 338,גבעה 338,https://tickets5.rav-hen.co.il/order/297783?lang=he,https://tickets5.rav-hen.co.il/order/297783?lang=he,Regular,2D,Hebrew,,2026-08-10,2026,,,106,,Tel Aviv,Rav Hen,590
10:15,מפרץ ההרפתקאות: אי הדינוזאורים,מפרץ ההרפתקאות: אי הדינוזאורים,https://tickets5.rav-hen.co.il/order/297843?lang=he,https://tickets5.rav-hen.co.il/order/297843?lang=he,Regular,2D,,Hebrew,2026-08-10,2026,,,90,,Tel Aviv,Rav Hen,590
12:15,מפרץ ההרפתקאות: אי הדינוזאורים,מפרץ ההרפתקאות: אי הדינוזאורים,https://tickets5.rav-hen.co.il/order/297837?lang=he,https://tickets5.rav-hen.co.il/order/297837?lang=he,Regular,2D,,Hebrew,2026-08-10,2026,,,90,,Tel Aviv,Rav Hen,590
14:15,מפרץ ההרפתקאות: אי הדינוזאורים,מפרץ ההרפתקאות: אי הדינוזאורים,https://tickets5.rav-hen.co.il/order/297831?lang=he,https://tickets5.rav-hen.co.il/order/297831?lang=he,Regular,2D,,Hebrew,2026-08-10,2026,,,90,,Tel Aviv,Rav Hen,590
17:15,מפרץ ההרפתקאות: אי הדינוזאורים,מפרץ ההרפתקאות: אי הדינוזאורים,https://tickets5.rav-hen.co.il/order/297759?lang=he,https://tickets5.rav-hen.co.il/order/297759?lang=he,Regular,2D,,Hebrew,2026-08-10,2026,,,90,,Tel Aviv,Rav Hen,590
10:30,האודיסאה,האודיסאה,https://tickets5.rav-hen.co.il/order/297753?lang=he,https://tickets5.rav-hen.co.il/order/297753?lang=he,Regular,2D,English,,2026-08-10,2026,,,172,14+,Tel Aviv,Rav Hen,590
14:00,האודיסאה,האודיסאה,https://tickets5.rav-hen.co.il/order/297807?lang=he,https://tickets5.rav-hen.co.il/order/297807?lang=he,Regular,2D,English,,2026-08-10,2026,,,172,14+,Tel Aviv,Rav Hen,590
16:15,האודיסאה,האודיסאה,https://tickets5.rav-hen.co.il/order/297825?lang=he,https://tickets5.rav-hen.co.il/order/297825?lang=he,Regular,2D,English,,2026-08-10,2026,,,172,14+,Tel Aviv,Rav Hen,590
17:30,האודיסאה,האודיסאה,https://tickets5.rav-hen.co.il/order/297801?lang=he,https://tickets5.rav-hen.co.il/order/297801?lang=he,Regular,2D,English,,2026-08-10,2026,,,172,14+,Tel Aviv,Rav Hen,590
19:45,האודיסאה,האודיסאה,https://tickets5.rav-hen.co.il/order/297819?lang=he,https://tickets5.rav-hen.co.il/order/297819?lang=he,Regular,2D,English,,2026-08-10,2026,,,172,14+,Tel Aviv,Rav Hen,590
21:00,האודיסאה,האודיסאה,https://tickets5.rav-hen.co.il/order/297795?lang=he,https://tickets5.rav-hen.co.il/order/297795?lang=he,Regular,2D,English,,2026-08-10,2026,,,172,14+,Tel Aviv,Rav Hen,590
10:30,מואנה לייב אקשן,מואנה לייב אקשן,https://tickets5.rav-hen.co.il/order/297777?lang=he,https://tickets5.rav-hen.co.il/order/297777?lang=he,Regular,2D,English,Hebrew,2026-08-10,2026,,,120,All,Tel Aviv,Rav Hen,590
15:15,מיניונים ומפלצות,מיניונים ומפלצות,https://tickets5.rav-hen.co.il/order/297765?lang=he,https://tickets5.rav-hen.co.il/order/297765?lang=he,Regular,2D,English,Hebrew,2026-08-10,2026,,,90,All,Tel Aviv,Rav Hen,590
10:00,ספיידרמן: יום חדש,ספיידרמן: יום חדש,https://tickets5.rav-hen.co.il/order/297813?lang=he,https://tickets5.rav-hen.co.il/order/297813?lang=he,Regular,2D,English,,2026-08-10,2026,,,140,All,Tel Aviv,Rav Hen,590
13:00,ספיידרמן: יום חדש,ספיידרמן: יום חדש,https://tickets5.rav-hen.co.il/order/297867?lang=he,https://tickets5.rav-hen.co.il/order/297867?lang=he,Regular,2D,English,,2026-08-10,2026,,,140,All,Tel Aviv,Rav Hen,590
16:00,ספיידרמן: יום חדש,ספיידרמן: יום חדש,https://tickets5.rav-hen.co.il/order/297861?lang=he,https://tickets5.rav-hen.co.il/order/297861?lang=he,Regular,2D,English,,2026-08-10,2026,,,140,All,Tel Aviv,Rav Hen,590
19:00,ספיידרמן: יום חדש,ספיידרמן: יום חדש,https://tickets5.rav-hen.co.il/order/297855?lang=he,https://tickets5.rav-hen.co.il/order/297855?lang=he,Regular,2D,English,,2026-08-10,2026,,,140,All,Tel Aviv,Rav Hen,590
22:00,ספיידרמן: יום חדש,ספיידרמן: יום חדש,https://tickets5.rav-hen.co.il/order/297849?lang=he,https://tickets5.rav-hen.co.il/order/297849?lang=he,Regular,2D,English,,2026-08-10,2026,,,140,All,Tel Aviv,Rav Hen,590
13:00,צעצוע של סיפור 5,צעצוע של סיפור 5,https://tickets5.rav-hen.co.il/order/297771?lang=he,https://tickets5.rav-hen.co.il/order/297771?lang=he,Regular,2D,English,Hebrew,2026-08-10,2026,,,102,All,Tel Aviv,Rav Hen,590
19:15,גבעה 338,גבעה 338,https://tickets5.rav-hen.co.il/order/297790?lang=he,https://tickets5.rav-hen.co.il/order/297790?lang=he,Regular,2D,Hebrew,,2026-08-11,2026,,,106,,Tel Aviv,Rav Hen,590
21:45,גבעה 338,גבעה 338,https://tickets5.rav-hen.co.il/order/297784?lang=he,https://tickets5.rav-hen.co.il/order/297784?lang=he,Regular,2D,Hebrew,,2026-08-11,2026,,,106,,Tel Aviv,Rav Hen,590
10:15,מפרץ ההרפתקאות: אי הדינוזאורים,מפרץ ההרפתקאות: אי הדינוזאורים,https://tickets5.rav-hen.co.il/order/297844?lang=he,https://tickets5.rav-hen.co.il/order/297844?lang=he,Regular,2D,,Hebrew,2026-08-11,2026,,,90,,Tel Aviv,Rav Hen,590
12:15,מפרץ ההרפתקאות: אי הדינוזאורים,מפרץ ההרפתקאות: אי הדינוזאורים,https://tickets5.rav-hen.co.il/order/297838?lang=he,https://tickets5.rav-hen.co.il/order/297838?lang=he,Regular,2D,,Hebrew,2026-08-11,2026,,,90,,Tel Aviv,Rav Hen,590
14:15,מפרץ ההרפתקאות: אי הדינוזאורים,מפרץ ההרפתקאות: אי הדינוזאורים,https://tickets5.rav-hen.co.il/order/297832?lang=he,https://tickets5.rav-hen.co.il/order/297832?lang=he,Regular,2D,,Hebrew,2026-08-11,2026,,,90,,Tel Aviv,Rav Hen,590
17:15,מפרץ ההרפתקאות: אי הדינוזאורים,מפרץ ההרפתקאות: אי הדינוזאורים,https://tickets5.rav-hen.co.il/order/297760?lang=he,https://tickets5.rav-hen.co.il/order/297760?lang=he,Regular,2D,,Hebrew,2026-08-11,2026,,,90,,Tel Aviv,Rav Hen,590
10:30,האודיסאה,האודיסאה,https://tickets5.rav-hen.co.il/order/297754?lang=he,https://tickets5.rav-hen.co.il/order/297754?lang=he,Regular,2D,English,,2026-08-11,2026,,,172,14+,Tel Aviv,Rav Hen,590
14:00,האודיסאה,האודיסאה,https://tickets5.rav-hen.co.il/order/297808?lang=he,https://tickets5.rav-hen.co.il/order/297808?lang=he,Regular,2D,English,,2026-08-11,2026,,,172,14+,Tel Aviv,Rav Hen,590
16:15,האודיסאה,האודיסאה,https://tickets5.rav-hen.co.il/order/297826?lang=he,https://tickets5.rav-hen.co.il/order/297826?lang=he,Regular,2D,English,,2026-08-11,2026,,,172,14+,Tel Aviv,Rav Hen,590
17:30,האודיסאה,האודיסאה,https://tickets5.rav-hen.co.il/order/297802?lang=he,https://tickets5.rav-hen.co.il/order/297802?lang=he,Regular,2D,English,,2026-08-11,2026,,,172,14+,Tel Aviv,Rav Hen,590
19:45,האודיסאה,האודיסאה,https://tickets5.rav-hen.co.il/order/297820?lang=he,https://tickets5.rav-hen.co.il/order/297820?lang=he,Regular,2D,English,,2026-08-11,2026,,,172,14+,Tel Aviv,Rav Hen,590
21:00,האודיסאה,האודיסאה,https://tickets5.rav-hen.co.il/order/297796?lang=he,https://tickets5.rav-hen.co.il/order/297796?lang=he,Regular,2D,English,,2026-08-11,2026,,,172,14+,Tel Aviv,Rav Hen,590
10:30,מואנה לייב אקשן,מואנה לייב אקשן,https://tickets5.rav-hen.co.il/order/297778?lang=he,https://tickets5.rav-hen.co.il/order/297778?lang=he,Regular,2D,English,Hebrew,2026-08-11,2026,,,120,All,Tel Aviv,Rav Hen,590
15:15,מיניונים ומפלצות,מיניונים ומפלצות,https://tickets5.rav-hen.co.il/order/297766?lang=he,https://tickets5.rav-hen.co.il/order/297766?lang=he,Regular,2D,English,Hebrew,2026-08-11,2026,,,90,All,Tel Aviv,Rav Hen,590
10:00,ספיידרמן: יום חדש,ספיידרמן: יום חדש,https://tickets5.rav-hen.co.il/order/297814?lang=he,https://tickets5.rav-hen.co.il/order/297814?lang=he,Regular,2D,English,,2026-08-11,2026,,,140,All,Tel Aviv,Rav Hen,590
13:00,ספיידרמן: יום חדש,ספיידרמן: יום חדש,https://tickets5.rav-hen.co.il/order/297868?lang=he,https://tickets5.rav-hen.co.il/order/297868?lang=he,Regular,2D,English,,2026-08-11,2026,,,140,All,Tel Aviv,Rav Hen,590
16:00,ספיידרמן: יום חדש,ספיידרמן: יום חדש,https://tickets5.rav-hen.co.il/order/297862?lang=he,https://tickets5.rav-hen.co.il/order/297862?lang=he,Regular,2D,English,,2026-08-11,2026,,,140,All,Tel Aviv,Rav Hen,590
19:00,ספיידרמן: יום חדש,ספיידרמן: יום חדש,https://tickets5.rav-hen.co.il/order/297856?lang=he,https://tickets5.rav-hen.co.il/order/297856?lang=he,Regular,2D,English,,2026-08-11,2026,,,140,All,Tel Aviv,Rav Hen,590
22:00,ספיידרמן: יום חדש,ספיידרמן: יום חדש,https://tickets5.rav-hen.co.il/order/297850?lang=he,https://tickets5.rav-hen.co.il/order/297850?lang=he,Regular,2D,English,,2026-08-11,2026,,,140,All,Tel Aviv,Rav Hen,590
13:00,צעצוע של סיפור 5,צעצוע של סיפור 5,https://tickets5.rav-hen.co.il/order/297772?lang=he,https://tickets5.rav-hen.co.il/order/297772?lang=he,Regular,2D,English,Hebrew,2026-08-11,2026,,,102,All,Tel Aviv,Rav Hen,590
19:15,גבעה 338,גבעה 338,https://tickets5.rav-hen.co.il/order/297791?lang=he,https://tickets5.rav-hen.co.il/order/297791?lang=he,Regular,2D,Hebrew,,2026-08-12,2026,,,106,,Tel Aviv,Rav Hen,590
21:45,גבעה 338,גבעה 338,https://tickets5.rav-hen.co.il/order/297785?lang=he,https://tickets5.rav-hen.co.il/order/297785?lang=he,Regular,2D,Hebrew,,2026-08-12,2026,,,106,,Tel Aviv,Rav Hen,590
10:15,מפרץ ההרפתקאות: אי הדינוזאורים,מפרץ ההרפתקאות: אי הדינוזאורים,https://tickets5.rav-hen.co.il/order/297845?lang=he,https://tickets5.rav-hen.co.il/order/297845?lang=he,Regular,2D,,Hebrew,2026-08-12,2026,,,90,,Tel Aviv,Rav Hen,590
12:15,מפרץ ההרפתקאות: אי הדינוזאורים,מפרץ ההרפתקאות: אי הדינוזאורים,https://tickets5.rav-hen.co.il/order/297839?lang=he,https://tickets5.rav-hen.co.il/order/297839?lang=he,Regular,2D,,Hebrew,2026-08-12,2026,,,90,,Tel Aviv,Rav Hen,590
14:15,מפרץ ההרפתקאות: אי הדינוזאורים,מפרץ ההרפתקאות: אי הדינוזאורים,https://tickets5.rav-hen.co.il/order/297833?lang=he,https://tickets5.rav-hen.co.il/order/297833?lang=he,Regular,2D,,Hebrew,2026-08-12,2026,,,90,,Tel Aviv,Rav Hen,590
17:15,מפרץ ההרפתקאות: אי הדינוזאורים,מפרץ ההרפתקאות: אי הדינוזאורים,https://tickets5.rav-hen.co.il/order/297761?lang=he,https://tickets5.rav-hen.co.il/order/297761?lang=he,Regular,2D,,Hebrew,2026-08-12,2026,,,90,,Tel Aviv,Rav Hen,590
10:30,האודיסאה,האודיסאה,https://tickets5.rav-hen.co.il/order/297755?lang=he,https://tickets5.rav-hen.co.il/order/297755?lang=he,Regular,2D,English,,2026-08-12,2026,,,172,14+,Tel Aviv,Rav Hen,590
14:00,האודיסאה,האודיסאה,https://tickets5.rav-hen.co.il/order/297809?lang=he,https://tickets5.rav-hen.co.il/order/297809?lang=he,Regular,2D,English,,2026-08-12,2026,,,172,14+,Tel Aviv,Rav Hen,590
16:15,האודיסאה,האודיסאה,https://tickets5.rav-hen.co.il/order/297827?lang=he,https://tickets5.rav-hen.co.il/order/297827?lang=he,Regular,2D,English,,2026-08-12,2026,,,172,14+,Tel Aviv,Rav Hen,590
17:30,האודיסאה,האודיסאה,https://tickets5.rav-hen.co.il/order/297803?lang=he,https://tickets5.rav-hen.co.il/order/297803?lang=he,Regular,2D,English,,2026-08-12,2026,,,172,14+,Tel Aviv,Rav Hen,590
19:45,האודיסאה,האודיסאה,https://tickets5.rav-hen.co.il/order/297821?lang=he,https://tickets5.rav-hen.co.il/order/297821?lang=he,Regular,2D,English,,2026-08-12,2026,,,172,14+,Tel Aviv,Rav Hen,590
21:00,האודיסאה,האודיסאה,https://tickets5.rav-hen.co.il/order/297797?lang=he,https://tickets5.rav-hen.co.il/order/297797?lang=he,Regular,2D,English,,2026-08-12,2026,,,172,14+,Tel Aviv,Rav Hen,590
10:30,מואנה לייב אקשן,מואנה לייב אקשן,https://tickets5.rav-hen.co.il/order/297779?lang=he,https://tickets5.rav-hen.co.il/order/297779?lang=he,Regular,2D,English,Hebrew,2026-08-12,2026,,,120,All,Tel Aviv,Rav Hen,590
15:15,מיניונים ומפלצות,מיניונים ומפלצות,https://tickets5.rav-hen.co.il/order/297767?lang=he,https://tickets5.rav-hen.co.il/order/297767?lang=he,Regular,2D,English,Hebrew,2026-08-12,2026,,,90,All,Tel Aviv,Rav Hen,590
10:00,ספיידרמן: יום חדש,ספיידרמן: יום חדש,https://tickets5.rav-hen.co.il/order/297815?lang=he,https://tickets5.rav-hen.co.il/order/297815?lang=he,Regular,2D,English,,2026-08-12,2026,,,140,All,Tel Aviv,Rav Hen,590
13:00,ספיידרמן: יום חדש,ספיידרמן: יום חדש,https://tickets5.rav-hen.co.il/order/297869?lang=he,https://tickets5.rav-hen.co.il/order/297869?lang=he,Regular,2D,English,,2026-08-12,2026,,,140,All,Tel Aviv,Rav Hen,590
16:00,ספיידרמן: יום חדש,ספיידרמן: יום חדש,https://tickets5.rav-hen.co.il/order/297863?lang=he,https://tickets5.rav-hen.co.il/order/297863?lang=he,Regular,2D,English,,2026-08-12,2026,,,140,All,Tel Aviv,Rav Hen,590
19:00,ספיידרמן: יום חדש,ספיידרמן: יום חדש,https://tickets5.rav-hen.co.il/order/297857?lang=he,https://tickets5.rav-hen.co.il/order/297857?lang=he,Regular,2D,English,,2026-08-12,2026,,,140,All,Tel Aviv,Rav Hen,590
22:00,ספיידרמן: יום חדש,ספיידרמן: יום חדש,https://tickets5.rav-hen.co.il/order/297851?lang=he,https://tickets5.rav-hen.co.il/order/297851?lang=he,Regular,2D,English,,2026-08-12,2026,,,140,All,Tel Aviv,Rav Hen,590
13:00,צעצוע של סיפור 5,צעצוע של סיפור 5,https://tickets5.rav-hen.co.il/order/297773?lang=he,https://tickets5.rav-hen.co.il/order/297773?lang=he,Regular,2D,English,Hebrew,2026-08-12,2026,,,102,All,Tel Aviv,Rav Hen,590
20:45,האודיסאה,האודיסאה,https://tickets5.rav-hen.co.il/order/297068?lang=he,https://tickets5.rav-hen.co.il/order/297068?lang=he,Regular,2D,English,,2026-08-04,2026,,,172,14+,Kiryat Ono,Rav Hen,590
21:50,אובססיה,אובססיה,https://tickets5.rav-hen.co.il/order/297122?lang=he,https://tickets5.rav-hen.co.il/order/297122?lang=he,Regular,2D,English,,2026-08-04,2025,,,110,14+,Kiryat Ono,Rav Hen,590
18:00,מואנה לייב אקשן,מואנה לייב אקשן,https://tickets5.rav-hen.co.il/order/297157?lang=he,https://tickets5.rav-hen.co.il/order/297157?lang=he,Regular,2D,English,,2026-08-04,2026,,,120,All,Kiryat Ono,Rav Hen,590
20:30,מואנה לייב אקשן,מואנה לייב אקשן,https://tickets5.rav-hen.co.il/order/297151?lang=he,https://tickets5.rav-hen.co.il/order/297151?lang=he,Regular,2D,English,,2026-08-04,2026,,,120,All,Kiryat Ono,Rav Hen,590
19:50,מיניונים ומפלצות,מיניונים ומפלצות,https://tickets5.rav-hen.co.il/order/297092?lang=he,https://tickets5.rav-hen.co.il/order/297092?lang=he,Regular,2D,English,,2026-08-04,2026,,,90,All,Kiryat Ono,Rav Hen,590
19:00,ספיידרמן: יום חדש,ספיידרמן: יום חדש,https://tickets5.rav-hen.co.il/order/297201?lang=he,https://tickets5.rav-hen.co.il/order/297201?lang=he,Regular,2D,English,,2026-08-04,2026,,,140,All,Kiryat Ono,Rav Hen,590
21:50,ספיידרמן: יום חדש,ספיידרמן: יום חדש,https://tickets5.rav-hen.co.il/order/297197?lang=he,https://tickets5.rav-hen.co.il/order/297197?lang=he,Regular,2D,English,,2026-08-04,2026,,,140,All,Kiryat Ono,Rav Hen,590
19:30,קופה ראשית,קופה ראשית,https://tickets5.rav-hen.co.il/order/297169?lang=he,https://tickets5.rav-hen.co.il/order/297169?lang=he,Regular,2D,Hebrew,,2026-08-04,2026,,,91,All,Kiryat Ono,Rav Hen,590
21:30,קופה ראשית,קופה ראשית,https://tickets5.rav-hen.co.il/order/297163?lang=he,https://tickets5.rav-hen.co.il/order/297163?lang=he,Regular,2D,Hebrew,,2026-08-04,2026,,,91,All,Kiryat Ono,Rav Hen,590
10:30,האודיסאה,האודיסאה,https://tickets5.rav-hen.co.il/order/297081?lang=he,https://tickets5.rav-hen.co.il/order/297081?lang=he,Regular,2D,English,,2026-08-05,2026,,,172,14+,Kiryat Ono,Rav Hen,590
14:00,האודיסאה,האודיסאה,https://tickets5.rav-hen.co.il/order/297075?lang=he,https://tickets5.rav-hen.co.il/order/297075?lang=he,Regular,2D,English,,2026-08-05,2026,,,172,14+,Kiryat Ono,Rav Hen,590
17:20,האודיסאה,האודיסאה,https://tickets5.rav-hen.co.il/order/297063?lang=he,https://tickets5.rav-hen.co.il/order/297063?lang=he,Regular,2D,English,,2026-08-05,2026,,,172,14+,Kiryat Ono,Rav Hen,590
20:45,האודיסאה,האודיסאה,https://tickets5.rav-hen.co.il/order/297069?lang=he,https://tickets5.rav-hen.co.il/order/297069?lang=he,Regular,2D,English,,2026-08-05,2026,,,172,14+,Kiryat Ono,Rav Hen,590
21:50,אובססיה,אובססיה,https://tickets5.rav-hen.co.il/order/297123?lang=he,https://tickets5.rav-hen.co.il/order/297123?lang=he,Regular,2D,English,,2026-08-05,2025,,,110,14+,Kiryat Ono,Rav Hen,590
10:00,טפיטי: הרפתקה במדבר,טפיטי: הרפתקה במדבר,https://tickets5.rav-hen.co.il/order/297117?lang=he,https://tickets5.rav-hen.co.il/order/297117?lang=he,Regular,2D,,Hebrew,2026-08-05,2025,,,81,All,Kiryat Ono,Rav Hen,590
11:45,טפיטי: הרפתקה במדבר,טפיטי: הרפתקה במדבר,https://tickets5.rav-hen.co.il/order/297111?lang=he,https://tickets5.rav-hen.co.il/order/297111?lang=he,Regular,2D,,Hebrew,2026-08-05,2025,,,81,All,Kiryat Ono,Rav Hen,590
13:30,מאשה והדוב-ההרפתקה הגדולה,מאשה והדוב-ההרפתקה הגדולה,https://tickets5.rav-hen.co.il/order/297105?lang=he,https://tickets5.rav-hen.co.il/order/297105?lang=he,Regular,2D,Hebrew,Hebrew,2026-08-05,2024,,,73,All,Kiryat Ono,Rav Hen,590
15:10,מואנה לייב אקשן,מואנה לייב אקשן,https://tickets5.rav-hen.co.il/order/297099?lang=he,https://tickets5.rav-hen.co.il/order/297099?lang=he,Regular,2D,English,Hebrew,2026-08-05,2026,,,120,All,Kiryat Ono,Rav Hen,590
18:00,מואנה לייב אקשן,מואנה לייב אקשן,https://tickets5.rav-hen.co.il/order/297158?lang=he,https://tickets5.rav-hen.co.il/order/297158?lang=he,Regular,2D,English,,2026-08-05,2026,,,120,All,Kiryat Ono,Rav Hen,590
20:30,מואנה לייב אקשן,מואנה לייב אקשן,https://tickets5.rav-hen.co.il/order/297152?lang=he,https://tickets5.rav-hen.co.il/order/297152?lang=he,Regular,2D,English,,2026-08-05,2026,,,120,All,Kiryat Ono,Rav Hen,590
10:00,מיניונים ומפלצות,מיניונים ומפלצות,https://tickets5.rav-hen.co.il/order/297146?lang=he,https://tickets5.rav-hen.co.il/order/297146?lang=he,Regular,2D,English,Hebrew,2026-08-05,2026,,,90,All,Kiryat Ono,Rav Hen,590
12:00,מיניונים ומפלצות,מיניונים ומפלצות,https://tickets5.rav-hen.co.il/order/297057?lang=he,https://tickets5.rav-hen.co.il/order/297057?lang=he,Regular,2D,English,Hebrew,2026-08-05,2026,,,90,All,Kiryat Ono,Rav Hen,590
14:00,מיניונים ומפלצות,מיניונים ומפלצות,https://tickets5.rav-hen.co.il/order/297135?lang=he,https://tickets5.rav-hen.co.il/order/297135?lang=he,Regular,2D,English,Hebrew,2026-08-05,2026,,,90,All,Kiryat Ono,Rav Hen,590
16:00,מיניונים ומפלצות,מיניונים ומפלצות,https://tickets5.rav-hen.co.il/order/297129?lang=he,https://tickets5.rav-hen.co.il/order/297129?lang=he,Regular,2D,English,Hebrew,2026-08-05,2026,,,90,All,Kiryat Ono,Rav Hen,590
19:50,מיניונים ומפלצות,מיניונים ומפלצות,https://tickets5.rav-hen.co.il/order/297093?lang=he,https://tickets5.rav-hen.co.il/order/297093?lang=he,Regular,2D,English,,2026-08-05,2026,,,90,All,Kiryat Ono,Rav Hen,590
10:00,ספיידרמן: יום חדש,ספיידרמן: יום חדש,https://tickets5.rav-hen.co.il/order/297140?lang=he,https://tickets5.rav-hen.co.il/order/297140?lang=he,Regular,2D,English,,2026-08-05,2026,,,140,All,Kiryat Ono,Rav Hen,590
13:00,ספיידרמן: יום חדש,ספיידרמן: יום חדש,https://tickets5.rav-hen.co.il/order/297210?lang=he,https://tickets5.rav-hen.co.il/order/297210?lang=he,Regular,2D,English,,2026-08-05,2026,,,140,All,Kiryat Ono,Rav Hen,590
16:00,ספיידרמן: יום חדש,ספיידרמן: יום חדש,https://tickets5.rav-hen.co.il/order/297206?lang=he,https://tickets5.rav-hen.co.il/order/297206?lang=he,Regular,2D,English,,2026-08-05,2026,,,140,All,Kiryat Ono,Rav Hen,590
19:00,ספיידרמן: יום חדש,ספיידרמן: יום חדש,https://tickets5.rav-hen.co.il/order/297202?lang=he,https://tickets5.rav-hen.co.il/order/297202?lang=he,Regular,2D,English,,2026-08-05,2026,,,140,All,Kiryat Ono,Rav Hen,590
21:50,ספיידרמן: יום חדש,ספיידרמן: יום חדש,https://tickets5.rav-hen.co.il/order/297198?lang=he,https://tickets5.rav-hen.co.il/order/297198?lang=he,Regular,2D,English,,2026-08-05,2026,,,140,All,Kiryat Ono,Rav Hen,590
17:35,עשיר רצח,עשיר רצח,https://tickets5.rav-hen.co.il/order/297087?lang=he,https://tickets5.rav-hen.co.il/order/297087?lang=he,Regular,2D,English,,2026-08-05,2026,,,110,All,Kiryat Ono,Rav Hen,590
10:45,צעצוע של סיפור 5,צעצוע של סיפור 5,https://tickets5.rav-hen.co.il/order/297194?lang=he,https://tickets5.rav-hen.co.il/order/297194?lang=he,Regular,2D,English,Hebrew,2026-08-05,2026,,,102,All,Kiryat Ono,Rav Hen,590
13:00,צעצוע של סיפור 5,צעצוע של סיפור 5,https://tickets5.rav-hen.co.il/order/297188?lang=he,https://tickets5.rav-hen.co.il/order/297188?lang=he,Regular,2D,English,Hebrew,2026-08-05,2026,,,102,All,Kiryat Ono,Rav Hen,590
15:15,צעצוע של סיפור 5,צעצוע של סיפור 5,https://tickets5.rav-hen.co.il/order/297182?lang=he,https://tickets5.rav-hen.co.il/order/297182?lang=he,Regular,2D,English,Hebrew,2026-08-05,2026,,,102,All,Kiryat Ono,Rav Hen,590
17:30,קופה ראשית,קופה ראשית,https://tickets5.rav-hen.co.il/order/297176?lang=he,https://tickets5.rav-hen.co.il/order/297176?lang=he,Regular,2D,Hebrew,,2026-08-05,2026,,,91,All,Kiryat Ono,Rav Hen,590
19:30,קופה ראשית,קופה ראשית,https://tickets5.rav-hen.co.il/order/297170?lang=he,https://tickets5.rav-hen.co.il/order/297170?lang=he,Regular,2D,Hebrew,,2026-08-05,2026,,,91,All,Kiryat Ono,Rav Hen,590
21:30,קופה ראשית,קופה ראשית,https://tickets5.rav-hen.co.il/order/297164?lang=he,https://tickets5.rav-hen.co.il/order/297164?lang=he,Regular,2D,Hebrew,,2026-08-05,2026,,,91,All,Kiryat Ono,Rav Hen,590
16:30,גבעה 338,גבעה 338,https://tickets5.rav-hen.co.il/order/301608?lang=he,https://tickets5.rav-hen.co.il/order/301608?lang=he,Regular,2D,Hebrew,,2026-08-06,2026,,,106,,Kiryat Ono,Rav Hen,590
18:45,גבעה 338,גבעה 338,https://tickets5.rav-hen.co.il/order/301609?lang=he,https://tickets5.rav-hen.co.il/order/301609?lang=he,Regular,2D,Hebrew,,2026-08-06,2026,,,106,,Kiryat Ono,Rav Hen,590
21:00,גבעה 338,גבעה 338,https://tickets5.rav-hen.co.il/order/301610?lang=he,https://tickets5.rav-hen.co.il/order/301610?lang=he,Regular,2D,Hebrew,,2026-08-06,2026,,,106,,Kiryat Ono,Rav Hen,590
10:00,מפרץ ההרפתקאות: אי הדינוזאורים,מפרץ ההרפתקאות: אי הדינוזאורים,https://tickets5.rav-hen.co.il/order/301653?lang=he,https://tickets5.rav-hen.co.il/order/301653?lang=he,Regular,2D,,Hebrew,2026-08-06,2026,,,90,,Kiryat Ono,Rav Hen,590
12:00,מפרץ ההרפתקאות: אי הדינוזאורים,מפרץ ההרפתקאות: אי הדינוזאורים,https://tickets5.rav-hen.co.il/order/302203?lang=he,https://tickets5.rav-hen.co.il/order/302203?lang=he,Regular,2D,,Hebrew,2026-08-06,2026,,,90,,Kiryat Ono,Rav Hen,590
14:00,מפרץ ההרפתקאות: אי הדינוזאורים,מפרץ ההרפתקאות: אי הדינוזאורים,https://tickets5.rav-hen.co.il/order/302206?lang=he,https://tickets5.rav-hen.co.il/order/302206?lang=he,Regular,2D,,Hebrew,2026-08-06,2026,,,90,,Kiryat Ono,Rav Hen,590
16:00,מפרץ ההרפתקאות: אי הדינוזאורים,מפרץ ההרפתקאות: אי הדינוזאורים,https://tickets5.rav-hen.co.il/order/302208?lang=he,https://tickets5.rav-hen.co.il/order/302208?lang=he,Regular,2D,,Hebrew,2026-08-06,2026,,,90,,Kiryat Ono,Rav Hen,590
10:30,האודיסאה,האודיסאה,https://tickets5.rav-hen.co.il/order/301843?lang=he,https://tickets5.rav-hen.co.il/order/301843?lang=he,Regular,2D,English,,2026-08-06,2026,,,172,14+,Kiryat Ono,Rav Hen,590
14:00,האודיסאה,האודיסאה,https://tickets5.rav-hen.co.il/order/301849?lang=he,https://tickets5.rav-hen.co.il/order/301849?lang=he,Regular,2D,English,,2026-08-06,2026,,,172,14+,Kiryat Ono,Rav Hen,590
17:20,האודיסאה,האודיסאה,https://tickets5.rav-hen.co.il/order/301855?lang=he,https://tickets5.rav-hen.co.il/order/301855?lang=he,Regular,2D,English,,2026-08-06,2026,,,172,14+,Kiryat Ono,Rav Hen,590
20:45,האודיסאה,האודיסאה,https://tickets5.rav-hen.co.il/order/301861?lang=he,https://tickets5.rav-hen.co.il/order/301861?lang=he,Regular,2D,English,,2026-08-06,2026,,,172,14+,Kiryat Ono,Rav Hen,590
10:00,טפיטי: הרפתקה במדבר,טפיטי: הרפתקה במדבר,https://tickets5.rav-hen.co.il/order/301551?lang=he,https://tickets5.rav-hen.co.il/order/301551?lang=he,Regular,2D,,Hebrew,2026-08-06,2025,,,81,All,Kiryat Ono,Rav Hen,590
11:45,מאשה והדוב-ההרפתקה הגדולה,מאשה והדוב-ההרפתקה הגדולה,https://tickets5.rav-hen.co.il/order/301552?lang=he,https://tickets5.rav-hen.co.il/order/301552?lang=he,Regular,2D,Hebrew,Hebrew,2026-08-06,2024,,,73,All,Kiryat Ono,Rav Hen,590
10:00,מואנה לייב אקשן,מואנה לייב אקשן,https://tickets5.rav-hen.co.il/order/301603?lang=he,https://tickets5.rav-hen.co.il/order/301603?lang=he,Regular,2D,English,Hebrew,2026-08-06,2026,,,120,All,Kiryat Ono,Rav Hen,590
18:00,מואנה לייב אקשן,מואנה לייב אקשן,https://tickets5.rav-hen.co.il/order/301658?lang=he,https://tickets5.rav-hen.co.il/order/301658?lang=he,Regular,2D,English,,2026-08-06,2026,,,120,All,Kiryat Ono,Rav Hen,590
12:30,מיניונים ומפלצות,מיניונים ומפלצות,https://tickets5.rav-hen.co.il/order/301605?lang=he,https://tickets5.rav-hen.co.il/order/301605?lang=he,Regular,2D,English,Hebrew,2026-08-06,2026,,,90,All,Kiryat Ono,Rav Hen,590
14:30,מיניונים ומפלצות,מיניונים ומפלצות,https://tickets5.rav-hen.co.il/order/301606?lang=he,https://tickets5.rav-hen.co.il/order/301606?lang=he,Regular,2D,English,Hebrew,2026-08-06,2026,,,90,All,Kiryat Ono,Rav Hen,590
10:00,ספיידרמן: יום חדש,ספיידרמן: יום חדש,https://tickets5.rav-hen.co.il/order/301383?lang=he,https://tickets5.rav-hen.co.il/order/301383?lang=he,Regular,2D,English,,2026-08-06,2026,,,140,All,Kiryat Ono,Rav Hen,590
13:00,ספיידרמן: יום חדש,ספיידרמן: יום חדש,https://tickets5.rav-hen.co.il/order/301384?lang=he,https://tickets5.rav-hen.co.il/order/301384?lang=he,Regular,2D,English,,2026-08-06,2026,,,140,All,Kiryat Ono,Rav Hen,590
16:00,ספיידרמן: יום חדש,ספיידרמן: יום חדש,https://tickets5.rav-hen.co.il/order/301385?lang=he,https://tickets5.rav-hen.co.il/order/301385?lang=he,Regular,2D,English,,2026-08-06,2026,,,140,All,Kiryat Ono,Rav Hen,590
19:00,ספיידרמן: יום חדש,ספיידרמן: יום חדש,https://tickets5.rav-hen.co.il/order/301386?lang=he,https://tickets5.rav-hen.co.il/order/301386?lang=he,Regular,2D,English,,2026-08-06,2026,,,140,All,Kiryat Ono,Rav Hen,590
20:30,ספיידרמן: יום חדש,ספיידרמן: יום חדש,https://tickets5.rav-hen.co.il/order/301660?lang=he,https://tickets5.rav-hen.co.il/order/301660?lang=he,Regular,2D,English,,2026-08-06,2026,,,140,All,Kiryat Ono,Rav Hen,590
21:50,ספיידרמן: יום חדש,ספיידרמן: יום חדש,https://tickets5.rav-hen.co.il/order/301387?lang=he,https://tickets5.rav-hen.co.il/order/301387?lang=he,Regular,2D,English,,2026-08-06,2026,,,140,All,Kiryat Ono,Rav Hen,590
13:30,צעצוע של סיפור 5,צעצוע של סיפור 5,https://tickets5.rav-hen.co.il/order/301553?lang=he,https://tickets5.rav-hen.co.il/order/301553?lang=he,Regular,2D,English,Hebrew,2026-08-06,2026,,,102,All,Kiryat Ono,Rav Hen,590
15:45,צעצוע של סיפור 5,צעצוע של סיפור 5,https://tickets5.rav-hen.co.il/order/301554?lang=he,https://tickets5.rav-hen.co.il/order/301554?lang=he,Regular,2D,English,Hebrew,2026-08-06,2026,,,102,All,Kiryat Ono,Rav Hen,590
18:00,קופה ראשית,קופה ראשית,https://tickets5.rav-hen.co.il/order/301556?lang=he,https://tickets5.rav-hen.co.il/order/301556?lang=he,Regular,2D,Hebrew,,2026-08-06,2026,,,91,All,Kiryat Ono,Rav Hen,590
20:00,קופה ראשית,קופה ראשית,https://tickets5.rav-hen.co.il/order/301557?lang=he,https://tickets5.rav-hen.co.il/order/301557?lang=he,Regular,2D,Hebrew,,2026-08-06,2026,,,91,All,Kiryat Ono,Rav Hen,590
22:00,קופה ראשית,קופה ראשית,https://tickets5.rav-hen.co.il/order/301558?lang=he,https://tickets5.rav-hen.co.il/order/301558?lang=he,Regular,2D,Hebrew,,2026-08-06,2026,,,91,All,Kiryat Ono,Rav Hen,590
16:30,גבעה 338,גבעה 338,https://tickets5.rav-hen.co.il/order/301631?lang=he,https://tickets5.rav-hen.co.il/order/301631?lang=he,Regular,2D,Hebrew,,2026-08-07,2026,,,106,,Kiryat Ono,Rav Hen,590
18:45,גבעה 338,גבעה 338,https://tickets5.rav-hen.co.il/order/301637?lang=he,https://tickets5.rav-hen.co.il/order/301637?lang=he,Regular,2D,Hebrew,,2026-08-07,2026,,,106,,Kiryat Ono,Rav Hen,590
21:00,גבעה 338,גבעה 338,https://tickets5.rav-hen.co.il/order/301643?lang=he,https://tickets5.rav-hen.co.il/order/301643?lang=he,Regular,2D,Hebrew,,2026-08-07,2026,,,106,,Kiryat Ono,Rav Hen,590
10:00,מפרץ ההרפתקאות: אי הדינוזאורים,מפרץ ההרפתקאות: אי הדינוזאורים,https://tickets5.rav-hen.co.il/order/301664?lang=he,https://tickets5.rav-hen.co.il/order/301664?lang=he,Regular,2D,,Hebrew,2026-08-07,2026,,,90,,Kiryat Ono,Rav Hen,590
12:00,מפרץ ההרפתקאות: אי הדינוזאורים,מפרץ ההרפתקאות: אי הדינוזאורים,https://tickets5.rav-hen.co.il/order/302209?lang=he,https://tickets5.rav-hen.co.il/order/302209?lang=he,Regular,2D,,Hebrew,2026-08-07,2026,,,90,,Kiryat Ono,Rav Hen,590
14:00,מפרץ ההרפתקאות: אי הדינוזאורים,מפרץ ההרפתקאות: אי הדינוזאורים,https://tickets5.rav-hen.co.il/order/302210?lang=he,https://tickets5.rav-hen.co.il/order/302210?lang=he,Regular,2D,,Hebrew,2026-08-07,2026,,,90,,Kiryat Ono,Rav Hen,590
16:00,מפרץ ההרפתקאות: אי הדינוזאורים,מפרץ ההרפתקאות: אי הדינוזאורים,https://tickets5.rav-hen.co.il/order/302211?lang=he,https://tickets5.rav-hen.co.il/order/302211?lang=he,Regular,2D,,Hebrew,2026-08-07,2026,,,90,,Kiryat Ono,Rav Hen,590
10:30,האודיסאה,האודיסאה,https://tickets5.rav-hen.co.il/order/301844?lang=he,https://tickets5.rav-hen.co.il/order/301844?lang=he,Regular,2D,English,,2026-08-07,2026,,,172,14+,Kiryat Ono,Rav Hen,590
14:00,האודיסאה,האודיסאה,https://tickets5.rav-hen.co.il/order/301850?lang=he,https://tickets5.rav-hen.co.il/order/301850?lang=he,Regular,2D,English,,2026-08-07,2026,,,172,14+,Kiryat Ono,Rav Hen,590
17:20,האודיסאה,האודיסאה,https://tickets5.rav-hen.co.il/order/301856?lang=he,https://tickets5.rav-hen.co.il/order/301856?lang=he,Regular,2D,English,,2026-08-07,2026,,,172,14+,Kiryat Ono,Rav Hen,590
20:45,האודיסאה,האודיסאה,https://tickets5.rav-hen.co.il/order/301862?lang=he,https://tickets5.rav-hen.co.il/order/301862?lang=he,Regular,2D,English,,2026-08-07,2026,,,172,14+,Kiryat Ono,Rav Hen,590
10:00,טפיטי: הרפתקה במדבר,טפיטי: הרפתקה במדבר,https://tickets5.rav-hen.co.il/order/301559?lang=he,https://tickets5.rav-hen.co.il/order/301559?lang=he,Regular,2D,,Hebrew,2026-08-07,2025,,,81,All,Kiryat Ono,Rav Hen,590
11:45,מאשה והדוב-ההרפתקה הגדולה,מאשה והדוב-ההרפתקה הגדולה,https://tickets5.rav-hen.co.il/order/301564?lang=he,https://tickets5.rav-hen.co.il/order/301564?lang=he,Regular,2D,Hebrew,Hebrew,2026-08-07,2024,,,73,All,Kiryat Ono,Rav Hen,590
10:00,מואנה לייב אקשן,מואנה לייב אקשן,https://tickets5.rav-hen.co.il/order/301613?lang=he,https://tickets5.rav-hen.co.il/order/301613?lang=he,Regular,2D,English,Hebrew,2026-08-07,2026,,,120,All,Kiryat Ono,Rav Hen,590
18:00,מואנה לייב אקשן,מואנה לייב אקשן,https://tickets5.rav-hen.co.il/order/301688?lang=he,https://tickets5.rav-hen.co.il/order/301688?lang=he,Regular,2D,English,,2026-08-07,2026,,,120,All,Kiryat Ono,Rav Hen,590
12:30,מיניונים ומפלצות,מיניונים ומפלצות,https://tickets5.rav-hen.co.il/order/301619?lang=he,https://tickets5.rav-hen.co.il/order/301619?lang=he,Regular,2D,English,Hebrew,2026-08-07,2026,,,90,All,Kiryat Ono,Rav Hen,590
14:30,מיניונים ומפלצות,מיניונים ומפלצות,https://tickets5.rav-hen.co.il/order/301625?lang=he,https://tickets5.rav-hen.co.il/order/301625?lang=he,Regular,2D,English,Hebrew,2026-08-07,2026,,,90,All,Kiryat Ono,Rav Hen,590
10:00,ספיידרמן: יום חדש,ספיידרמן: יום חדש,https://tickets5.rav-hen.co.il/order/301389?lang=he,https://tickets5.rav-hen.co.il/order/301389?lang=he,Regular,2D,English,,2026-08-07,2026,,,140,All,Kiryat Ono,Rav Hen,590
13:00,ספיידרמן: יום חדש,ספיידרמן: יום חדש,https://tickets5.rav-hen.co.il/order/301392?lang=he,https://tickets5.rav-hen.co.il/order/301392?lang=he,Regular,2D,English,,2026-08-07,2026,,,140,All,Kiryat Ono,Rav Hen,590
16:00,ספיידרמן: יום חדש,ספיידרמן: יום חדש,https://tickets5.rav-hen.co.il/order/301395?lang=he,https://tickets5.rav-hen.co.il/order/301395?lang=he,Regular,2D,English,,2026-08-07,2026,,,140,All,Kiryat Ono,Rav Hen,590
19:00,ספיידרמן: יום חדש,ספיידרמן: יום חדש,https://tickets5.rav-hen.co.il/order/301398?lang=he,https://tickets5.rav-hen.co.il/order/301398?lang=he,Regular,2D,English,,2026-08-07,2026,,,140,All,Kiryat Ono,Rav Hen,590
20:30,ספיידרמן: יום חדש,ספיידרמן: יום חדש,https://tickets5.rav-hen.co.il/order/301694?lang=he,https://tickets5.rav-hen.co.il/order/301694?lang=he,Regular,2D,English,,2026-08-07,2026,,,140,All,Kiryat Ono,Rav Hen,590
21:50,ספיידרמן: יום חדש,ספיידרמן: יום חדש,https://tickets5.rav-hen.co.il/order/301401?lang=he,https://tickets5.rav-hen.co.il/order/301401?lang=he,Regular,2D,English,,2026-08-07,2026,,,140,All,Kiryat Ono,Rav Hen,590
13:30,צעצוע של סיפור 5,צעצוע של סיפור 5,https://tickets5.rav-hen.co.il/order/301569?lang=he,https://tickets5.rav-hen.co.il/order/301569?lang=he,Regular,2D,English,Hebrew,2026-08-07,2026,,,102,All,Kiryat Ono,Rav Hen,590
15:45,צעצוע של סיפור 5,צעצוע של סיפור 5,https://tickets5.rav-hen.co.il/order/301574?lang=he,https://tickets5.rav-hen.co.il/order/301574?lang=he,Regular,2D,English,Hebrew,2026-08-07,2026,,,102,All,Kiryat Ono,Rav Hen,590
18:00,קופה ראשית,קופה ראשית,https://tickets5.rav-hen.co.il/order/301579?lang=he,https://tickets5.rav-hen.co.il/order/301579?lang=he,Regular,2D,Hebrew,,2026-08-07,2026,,,91,All,Kiryat Ono,Rav Hen,590
20:00,קופה ראשית,קופה ראשית,https://tickets5.rav-hen.co.il/order/301584?lang=he,https://tickets5.rav-hen.co.il/order/301584?lang=he,Regular,2D,Hebrew,,2026-08-07,2026,,,91,All,Kiryat Ono,Rav Hen,590
22:00,קופה ראשית,קופה ראשית,https://tickets5.rav-hen.co.il/order/301589?lang=he,https://tickets5.rav-hen.co.il/order/301589?lang=he,Regular,2D,Hebrew,,2026-08-07,2026,,,91,All,Kiryat Ono,Rav Hen,590
16:30,גבעה 338,גבעה 338,https://tickets5.rav-hen.co.il/order/301632?lang=he,https://tickets5.rav-hen.co.il/order/301632?lang=he,Regular,2D,Hebrew,,2026-08-08,2026,,,106,,Kiryat Ono,Rav Hen,590
18:45,גבעה 338,גבעה 338,https://tickets5.rav-hen.co.il/order/301638?lang=he,https://tickets5.rav-hen.co.il/order/301638?lang=he,Regular,2D,Hebrew,,2026-08-08,2026,,,106,,Kiryat Ono,Rav Hen,590
21:00,גבעה 338,גבעה 338,https://tickets5.rav-hen.co.il/order/301644?lang=he,https://tickets5.rav-hen.co.il/order/301644?lang=he,Regular,2D,Hebrew,,2026-08-08,2026,,,106,,Kiryat Ono,Rav Hen,590
10:00,מפרץ ההרפתקאות: אי הדינוזאורים,מפרץ ההרפתקאות: אי הדינוזאורים,https://tickets5.rav-hen.co.il/order/301665?lang=he,https://tickets5.rav-hen.co.il/order/301665?lang=he,Regular,2D,,Hebrew,2026-08-08,2026,,,90,,Kiryat Ono,Rav Hen,590
12:00,מפרץ ההרפתקאות: אי הדינוזאורים,מפרץ ההרפתקאות: אי הדינוזאורים,https://tickets5.rav-hen.co.il/order/302212?lang=he,https://tickets5.rav-hen.co.il/order/302212?lang=he,Regular,2D,,Hebrew,2026-08-08,2026,,,90,,Kiryat Ono,Rav Hen,590
14:00,מפרץ ההרפתקאות: אי הדינוזאורים,מפרץ ההרפתקאות: אי הדינוזאורים,https://tickets5.rav-hen.co.il/order/302213?lang=he,https://tickets5.rav-hen.co.il/order/302213?lang=he,Regular,2D,,Hebrew,2026-08-08,2026,,,90,,Kiryat Ono,Rav Hen,590
16:00,מפרץ ההרפתקאות: אי הדינוזאורים,מפרץ ההרפתקאות: אי הדינוזאורים,https://tickets5.rav-hen.co.il/order/302214?lang=he,https://tickets5.rav-hen.co.il/order/302214?lang=he,Regular,2D,,Hebrew,2026-08-08,2026,,,90,,Kiryat Ono,Rav Hen,590
10:30,האודיסאה,האודיסאה,https://tickets5.rav-hen.co.il/order/301845?lang=he,https://tickets5.rav-hen.co.il/order/301845?lang=he,Regular,2D,English,,2026-08-08,2026,,,172,14+,Kiryat Ono,Rav Hen,590
14:00,האודיסאה,האודיסאה,https://tickets5.rav-hen.co.il/order/301851?lang=he,https://tickets5.rav-hen.co.il/order/301851?lang=he,Regular,2D,English,,2026-08-08,2026,,,172,14+,Kiryat Ono,Rav Hen,590
17:20,האודיסאה,האודיסאה,https://tickets5.rav-hen.co.il/order/301857?lang=he,https://tickets5.rav-hen.co.il/order/301857?lang=he,Regular,2D,English,,2026-08-08,2026,,,172,14+,Kiryat Ono,Rav Hen,590
20:45,האודיסאה,האודיסאה,https://tickets5.rav-hen.co.il/order/301863?lang=he,https://tickets5.rav-hen.co.il/order/301863?lang=he,Regular,2D,English,,2026-08-08,2026,,,172,14+,Kiryat Ono,Rav Hen,590
10:00,טפיטי: הרפתקה במדבר,טפיטי: הרפתקה במדבר,https://tickets5.rav-hen.co.il/order/301560?lang=he,https://tickets5.rav-hen.co.il/order/301560?lang=he,Regular,2D,,Hebrew,2026-08-08,2025,,,81,All,Kiryat Ono,Rav Hen,590
11:45,מאשה והדוב-ההרפתקה הגדולה,מאשה והדוב-ההרפתקה הגדולה,https://tickets5.rav-hen.co.il/order/301565?lang=he,https://tickets5.rav-hen.co.il/order/301565?lang=he,Regular,2D,Hebrew,Hebrew,2026-08-08,2024,,,73,All,Kiryat Ono,Rav Hen,590
10:00,מואנה לייב אקשן,מואנה לייב אקשן,https://tickets5.rav-hen.co.il/order/301614?lang=he,https://tickets5.rav-hen.co.il/order/301614?lang=he,Regular,2D,English,Hebrew,2026-08-08,2026,,,120,All,Kiryat Ono,Rav Hen,590
18:00,מואנה לייב אקשן,מואנה לייב אקשן,https://tickets5.rav-hen.co.il/order/301689?lang=he,https://tickets5.rav-hen.co.il/order/301689?lang=he,Regular,2D,English,,2026-08-08,2026,,,120,All,Kiryat Ono,Rav Hen,590
12:30,מיניונים ומפלצות,מיניונים ומפלצות,https://tickets5.rav-hen.co.il/order/301620?lang=he,https://tickets5.rav-hen.co.il/order/301620?lang=he,Regular,2D,English,Hebrew,2026-08-08,2026,,,90,All,Kiryat Ono,Rav Hen,590
14:30,מיניונים ומפלצות,מיניונים ומפלצות,https://tickets5.rav-hen.co.il/order/301626?lang=he,https://tickets5.rav-hen.co.il/order/301626?lang=he,Regular,2D,English,Hebrew,2026-08-08,2026,,,90,All,Kiryat Ono,Rav Hen,590
10:00,ספיידרמן: יום חדש,ספיידרמן: יום חדש,https://tickets5.rav-hen.co.il/order/301390?lang=he,https://tickets5.rav-hen.co.il/order/301390?lang=he,Regular,2D,English,,2026-08-08,2026,,,140,All,Kiryat Ono,Rav Hen,590
13:00,ספיידרמן: יום חדש,ספיידרמן: יום חדש,https://tickets5.rav-hen.co.il/order/301393?lang=he,https://tickets5.rav-hen.co.il/order/301393?lang=he,Regular,2D,English,,2026-08-08,2026,,,140,All,Kiryat Ono,Rav Hen,590
16:00,ספיידרמן: יום חדש,ספיידרמן: יום חדש,https://tickets5.rav-hen.co.il/order/301396?lang=he,https://tickets5.rav-hen.co.il/order/301396?lang=he,Regular,2D,English,,2026-08-08,2026,,,140,All,Kiryat Ono,Rav Hen,590
19:00,ספיידרמן: יום חדש,ספיידרמן: יום חדש,https://tickets5.rav-hen.co.il/order/301399?lang=he,https://tickets5.rav-hen.co.il/order/301399?lang=he,Regular,2D,English,,2026-08-08,2026,,,140,All,Kiryat Ono,Rav Hen,590
20:30,ספיידרמן: יום חדש,ספיידרמן: יום חדש,https://tickets5.rav-hen.co.il/order/301695?lang=he,https://tickets5.rav-hen.co.il/order/301695?lang=he,Regular,2D,English,,2026-08-08,2026,,,140,All,Kiryat Ono,Rav Hen,590
21:50,ספיידרמן: יום חדש,ספיידרמן: יום חדש,https://tickets5.rav-hen.co.il/order/301402?lang=he,https://tickets5.rav-hen.co.il/order/301402?lang=he,Regular,2D,English,,2026-08-08,2026,,,140,All,Kiryat Ono,Rav Hen,590
13:30,צעצוע של סיפור 5,צעצוע של סיפור 5,https://tickets5.rav-hen.co.il/order/301570?lang=he,https://tickets5.rav-hen.co.il/order/301570?lang=he,Regular,2D,English,Hebrew,2026-08-08,2026,,,102,All,Kiryat Ono,Rav Hen,590
15:45,צעצוע של סיפור 5,צעצוע של סיפור 5,https://tickets5.rav-hen.co.il/order/301575?lang=he,https://tickets5.rav-hen.co.il/order/301575?lang=he,Regular,2D,English,Hebrew,2026-08-08,2026,,,102,All,Kiryat Ono,Rav Hen,590
18:00,קופה ראשית,קופה ראשית,https://tickets5.rav-hen.co.il/order/301580?lang=he,https://tickets5.rav-hen.co.il/order/301580?lang=he,Regular,2D,Hebrew,,2026-08-08,2026,,,91,All,Kiryat Ono,Rav Hen,590
20:00,קופה ראשית,קופה ראשית,https://tickets5.rav-hen.co.il/order/301585?lang=he,https://tickets5.rav-hen.co.il/order/301585?lang=he,Regular,2D,Hebrew,,2026-08-08,2026,,,91,All,Kiryat Ono,Rav Hen,590
22:00,קופה ראשית,קופה ראשית,https://tickets5.rav-hen.co.il/order/301590?lang=he,https://tickets5.rav-hen.co.il/order/301590?lang=he,Regular,2D,Hebrew,,2026-08-08,2026,,,91,All,Kiryat Ono,Rav Hen,590
16:45,גבעה 338,גבעה 338,https://tickets5.rav-hen.co.il/order/301633?lang=he,https://tickets5.rav-hen.co.il/order/301633?lang=he,Regular,2D,Hebrew,,2026-08-09,2026,,,106,,Kiryat Ono,Rav Hen,590
19:00,גבעה 338,גבעה 338,https://tickets5.rav-hen.co.il/order/301639?lang=he,https://tickets5.rav-hen.co.il/order/301639?lang=he,Regular,2D,Hebrew,,2026-08-09,2026,,,106,,Kiryat Ono,Rav Hen,590
21:15,גבעה 338,גבעה 338,https://tickets5.rav-hen.co.il/order/301645?lang=he,https://tickets5.rav-hen.co.il/order/301645?lang=he,Regular,2D,Hebrew,,2026-08-09,2026,,,106,,Kiryat Ono,Rav Hen,590
10:00,מפרץ ההרפתקאות: אי הדינוזאורים,מפרץ ההרפתקאות: אי הדינוזאורים,https://tickets5.rav-hen.co.il/order/301666?lang=he,https://tickets5.rav-hen.co.il/order/301666?lang=he,Regular,2D,,Hebrew,2026-08-09,2026,,,90,,Kiryat Ono,Rav Hen,590
12:00,מפרץ ההרפתקאות: אי הדינוזאורים,מפרץ ההרפתקאות: אי הדינוזאורים,https://tickets5.rav-hen.co.il/order/302215?lang=he,https://tickets5.rav-hen.co.il/order/302215?lang=he,Regular,2D,,Hebrew,2026-08-09,2026,,,90,,Kiryat Ono,Rav Hen,590
14:00,מפרץ ההרפתקאות: אי הדינוזאורים,מפרץ ההרפתקאות: אי הדינוזאורים,https://tickets5.rav-hen.co.il/order/302216?lang=he,https://tickets5.rav-hen.co.il/order/302216?lang=he,Regular,2D,,Hebrew,2026-08-09,2026,,,90,,Kiryat Ono,Rav Hen,590
16:00,מפרץ ההרפתקאות: אי הדינוזאורים,מפרץ ההרפתקאות: אי הדינוזאורים,https://tickets5.rav-hen.co.il/order/302217?lang=he,https://tickets5.rav-hen.co.il/order/302217?lang=he,Regular,2D,,Hebrew,2026-08-09,2026,,,90,,Kiryat Ono,Rav Hen,590
10:30,האודיסאה,האודיסאה,https://tickets5.rav-hen.co.il/order/301846?lang=he,https://tickets5.rav-hen.co.il/order/301846?lang=he,Regular,2D,English,,2026-08-09,2026,,,172,14+,Kiryat Ono,Rav Hen,590
14:00,האודיסאה,האודיסאה,https://tickets5.rav-hen.co.il/order/301852?lang=he,https://tickets5.rav-hen.co.il/order/301852?lang=he,Regular,2D,English,,2026-08-09,2026,,,172,14+,Kiryat Ono,Rav Hen,590
17:20,האודיסאה,האודיסאה,https://tickets5.rav-hen.co.il/order/301858?lang=he,https://tickets5.rav-hen.co.il/order/301858?lang=he,Regular,2D,English,,2026-08-09,2026,,,172,14+,Kiryat Ono,Rav Hen,590
20:45,האודיסאה,האודיסאה,https://tickets5.rav-hen.co.il/order/301864?lang=he,https://tickets5.rav-hen.co.il/order/301864?lang=he,Regular,2D,English,,2026-08-09,2026,,,172,14+,Kiryat Ono,Rav Hen,590
10:00,טפיטי: הרפתקה במדבר,טפיטי: הרפתקה במדבר,https://tickets5.rav-hen.co.il/order/301561?lang=he,https://tickets5.rav-hen.co.il/order/301561?lang=he,Regular,2D,,Hebrew,2026-08-09,2025,,,81,All,Kiryat Ono,Rav Hen,590
11:45,מאשה והדוב-ההרפתקה הגדולה,מאשה והדוב-ההרפתקה הגדולה,https://tickets5.rav-hen.co.il/order/301566?lang=he,https://tickets5.rav-hen.co.il/order/301566?lang=he,Regular,2D,Hebrew,Hebrew,2026-08-09,2024,,,73,All,Kiryat Ono,Rav Hen,590
18:00,מואנה לייב אקשן,מואנה לייב אקשן,https://tickets5.rav-hen.co.il/order/301690?lang=he,https://tickets5.rav-hen.co.il/order/301690?lang=he,Regular,2D,English,,2026-08-09,2026,,,120,All,Kiryat Ono,Rav Hen,590
12:45,מיניונים ומפלצות,מיניונים ומפלצות,https://tickets5.rav-hen.co.il/order/301621?lang=he,https://tickets5.rav-hen.co.il/order/301621?lang=he,Regular,2D,English,Hebrew,2026-08-09,2026,,,90,All,Kiryat Ono,Rav Hen,590
14:45,מיניונים ומפלצות,מיניונים ומפלצות,https://tickets5.rav-hen.co.il/order/301627?lang=he,https://tickets5.rav-hen.co.il/order/301627?lang=he,Regular,2D,English,Hebrew,2026-08-09,2026,,,90,All,Kiryat Ono,Rav Hen,590
10:00,ספיידרמן: יום חדש,ספיידרמן: יום חדש,https://tickets5.rav-hen.co.il/order/302132?lang=he,https://tickets5.rav-hen.co.il/order/302132?lang=he,Regular,2D,English,,2026-08-09,2026,,,140,All,Kiryat Ono,Rav Hen,590
13:00,ספיידרמן: יום חדש,ספיידרמן: יום חדש,https://tickets5.rav-hen.co.il/order/301404?lang=he,https://tickets5.rav-hen.co.il/order/301404?lang=he,Regular,2D,English,,2026-08-09,2026,,,140,All,Kiryat Ono,Rav Hen,590
16:00,ספיידרמן: יום חדש,ספיידרמן: יום חדש,https://tickets5.rav-hen.co.il/order/301406?lang=he,https://tickets5.rav-hen.co.il/order/301406?lang=he,Regular,2D,English,,2026-08-09,2026,,,140,All,Kiryat Ono,Rav Hen,590
19:00,ספיידרמן: יום חדש,ספיידרמן: יום חדש,https://tickets5.rav-hen.co.il/order/301407?lang=he,https://tickets5.rav-hen.co.il/order/301407?lang=he,Regular,2D,English,,2026-08-09,2026,,,140,All,Kiryat Ono,Rav Hen,590
20:30,ספיידרמן: יום חדש,ספיידרמן: יום חדש,https://tickets5.rav-hen.co.il/order/301696?lang=he,https://tickets5.rav-hen.co.il/order/301696?lang=he,Regular,2D,English,,2026-08-09,2026,,,140,All,Kiryat Ono,Rav Hen,590
21:50,ספיידרמן: יום חדש,ספיידרמן: יום חדש,https://tickets5.rav-hen.co.il/order/301408?lang=he,https://tickets5.rav-hen.co.il/order/301408?lang=he,Regular,2D,English,,2026-08-09,2026,,,140,All,Kiryat Ono,Rav Hen,590
13:30,צעצוע של סיפור 5,צעצוע של סיפור 5,https://tickets5.rav-hen.co.il/order/301571?lang=he,https://tickets5.rav-hen.co.il/order/301571?lang=he,Regular,2D,English,Hebrew,2026-08-09,2026,,,102,All,Kiryat Ono,Rav Hen,590
15:45,צעצוע של סיפור 5,צעצוע של סיפור 5,https://tickets5.rav-hen.co.il/order/301576?lang=he,https://tickets5.rav-hen.co.il/order/301576?lang=he,Regular,2D,English,Hebrew,2026-08-09,2026,,,102,All,Kiryat Ono,Rav Hen,590
18:00,קופה ראשית,קופה ראשית,https://tickets5.rav-hen.co.il/order/301581?lang=he,https://tickets5.rav-hen.co.il/order/301581?lang=he,Regular,2D,Hebrew,,2026-08-09,2026,,,91,All,Kiryat Ono,Rav Hen,590
20:00,קופה ראשית,קופה ראשית,https://tickets5.rav-hen.co.il/order/301586?lang=he,https://tickets5.rav-hen.co.il/order/301586?lang=he,Regular,2D,Hebrew,,2026-08-09,2026,,,91,All,Kiryat Ono,Rav Hen,590
22:00,קופה ראשית,קופה ראשית,https://tickets5.rav-hen.co.il/order/301591?lang=he,https://tickets5.rav-hen.co.il/order/301591?lang=he,Regular,2D,Hebrew,,2026-08-09,2026,,,91,All,Kiryat Ono,Rav Hen,590
16:30,גבעה 338,גבעה 338,https://tickets5.rav-hen.co.il/order/301634?lang=he,https://tickets5.rav-hen.co.il/order/301634?lang=he,Regular,2D,Hebrew,,2026-08-10,2026,,,106,,Kiryat Ono,Rav Hen,590
18:45,גבעה 338,גבעה 338,https://tickets5.rav-hen.co.il/order/301640?lang=he,https://tickets5.rav-hen.co.il/order/301640?lang=he,Regular,2D,Hebrew,,2026-08-10,2026,,,106,,Kiryat Ono,Rav Hen,590
21:00,גבעה 338,גבעה 338,https://tickets5.rav-hen.co.il/order/301646?lang=he,https://tickets5.rav-hen.co.il/order/301646?lang=he,Regular,2D,Hebrew,,2026-08-10,2026,,,106,,Kiryat Ono,Rav Hen,590
10:00,מפרץ ההרפתקאות: אי הדינוזאורים,מפרץ ההרפתקאות: אי הדינוזאורים,https://tickets5.rav-hen.co.il/order/301667?lang=he,https://tickets5.rav-hen.co.il/order/301667?lang=he,Regular,2D,,Hebrew,2026-08-10,2026,,,90,,Kiryat Ono,Rav Hen,590
12:00,מפרץ ההרפתקאות: אי הדינוזאורים,מפרץ ההרפתקאות: אי הדינוזאורים,https://tickets5.rav-hen.co.il/order/302218?lang=he,https://tickets5.rav-hen.co.il/order/302218?lang=he,Regular,2D,,Hebrew,2026-08-10,2026,,,90,,Kiryat Ono,Rav Hen,590
14:00,מפרץ ההרפתקאות: אי הדינוזאורים,מפרץ ההרפתקאות: אי הדינוזאורים,https://tickets5.rav-hen.co.il/order/302219?lang=he,https://tickets5.rav-hen.co.il/order/302219?lang=he,Regular,2D,,Hebrew,2026-08-10,2026,,,90,,Kiryat Ono,Rav Hen,590
16:00,מפרץ ההרפתקאות: אי הדינוזאורים,מפרץ ההרפתקאות: אי הדינוזאורים,https://tickets5.rav-hen.co.il/order/302220?lang=he,https://tickets5.rav-hen.co.il/order/302220?lang=he,Regular,2D,,Hebrew,2026-08-10,2026,,,90,,Kiryat Ono,Rav Hen,590
10:30,האודיסאה,האודיסאה,https://tickets5.rav-hen.co.il/order/301847?lang=he,https://tickets5.rav-hen.co.il/order/301847?lang=he,Regular,2D,English,,2026-08-10,2026,,,172,14+,Kiryat Ono,Rav Hen,590
14:00,האודיסאה,האודיסאה,https://tickets5.rav-hen.co.il/order/301853?lang=he,https://tickets5.rav-hen.co.il/order/301853?lang=he,Regular,2D,English,,2026-08-10,2026,,,172,14+,Kiryat Ono,Rav Hen,590
17:20,האודיסאה,האודיסאה,https://tickets5.rav-hen.co.il/order/301859?lang=he,https://tickets5.rav-hen.co.il/order/301859?lang=he,Regular,2D,English,,2026-08-10,2026,,,172,14+,Kiryat Ono,Rav Hen,590
20:45,האודיסאה,האודיסאה,https://tickets5.rav-hen.co.il/order/301865?lang=he,https://tickets5.rav-hen.co.il/order/301865?lang=he,Regular,2D,English,,2026-08-10,2026,,,172,14+,Kiryat Ono,Rav Hen,590
10:00,טפיטי: הרפתקה במדבר,טפיטי: הרפתקה במדבר,https://tickets5.rav-hen.co.il/order/301562?lang=he,https://tickets5.rav-hen.co.il/order/301562?lang=he,Regular,2D,,Hebrew,2026-08-10,2025,,,81,All,Kiryat Ono,Rav Hen,590
11:45,מאשה והדוב-ההרפתקה הגדולה,מאשה והדוב-ההרפתקה הגדולה,https://tickets5.rav-hen.co.il/order/301567?lang=he,https://tickets5.rav-hen.co.il/order/301567?lang=he,Regular,2D,Hebrew,Hebrew,2026-08-10,2024,,,73,All,Kiryat Ono,Rav Hen,590
10:00,מואנה לייב אקשן,מואנה לייב אקשן,https://tickets5.rav-hen.co.il/order/301616?lang=he,https://tickets5.rav-hen.co.il/order/301616?lang=he,Regular,2D,English,Hebrew,2026-08-10,2026,,,120,All,Kiryat Ono,Rav Hen,590
18:00,מואנה לייב אקשן,מואנה לייב אקשן,https://tickets5.rav-hen.co.il/order/301691?lang=he,https://tickets5.rav-hen.co.il/order/301691?lang=he,Regular,2D,English,,2026-08-10,2026,,,120,All,Kiryat Ono,Rav Hen,590
12:30,מיניונים ומפלצות,מיניונים ומפלצות,https://tickets5.rav-hen.co.il/order/301622?lang=he,https://tickets5.rav-hen.co.il/order/301622?lang=he,Regular,2D,English,Hebrew,2026-08-10,2026,,,90,All,Kiryat Ono,Rav Hen,590
14:30,מיניונים ומפלצות,מיניונים ומפלצות,https://tickets5.rav-hen.co.il/order/301628?lang=he,https://tickets5.rav-hen.co.il/order/301628?lang=he,Regular,2D,English,Hebrew,2026-08-10,2026,,,90,All,Kiryat Ono,Rav Hen,590
10:00,ספיידרמן: יום חדש,ספיידרמן: יום חדש,https://tickets5.rav-hen.co.il/order/301411?lang=he,https://tickets5.rav-hen.co.il/order/301411?lang=he,Regular,2D,English,,2026-08-10,2026,,,140,All,Kiryat Ono,Rav Hen,590
13:00,ספיידרמן: יום חדש,ספיידרמן: יום חדש,https://tickets5.rav-hen.co.il/order/301413?lang=he,https://tickets5.rav-hen.co.il/order/301413?lang=he,Regular,2D,English,,2026-08-10,2026,,,140,All,Kiryat Ono,Rav Hen,590
16:00,ספיידרמן: יום חדש,ספיידרמן: יום חדש,https://tickets5.rav-hen.co.il/order/301415?lang=he,https://tickets5.rav-hen.co.il/order/301415?lang=he,Regular,2D,English,,2026-08-10,2026,,,140,All,Kiryat Ono,Rav Hen,590
19:00,ספיידרמן: יום חדש,ספיידרמן: יום חדש,https://tickets5.rav-hen.co.il/order/301417?lang=he,https://tickets5.rav-hen.co.il/order/301417?lang=he,Regular,2D,English,,2026-08-10,2026,,,140,All,Kiryat Ono,Rav Hen,590
20:30,ספיידרמן: יום חדש,ספיידרמן: יום חדש,https://tickets5.rav-hen.co.il/order/301697?lang=he,https://tickets5.rav-hen.co.il/order/301697?lang=he,Regular,2D,English,,2026-08-10,2026,,,140,All,Kiryat Ono,Rav Hen,590
21:50,ספיידרמן: יום חדש,ספיידרמן: יום חדש,https://tickets5.rav-hen.co.il/order/301419?lang=he,https://tickets5.rav-hen.co.il/order/301419?lang=he,Regular,2D,English,,2026-08-10,2026,,,140,All,Kiryat Ono,Rav Hen,590
13:30,צעצוע של סיפור 5,צעצוע של סיפור 5,https://tickets5.rav-hen.co.il/order/301572?lang=he,https://tickets5.rav-hen.co.il/order/301572?lang=he,Regular,2D,English,Hebrew,2026-08-10,2026,,,102,All,Kiryat Ono,Rav Hen,590
15:45,צעצוע של סיפור 5,צעצוע של סיפור 5,https://tickets5.rav-hen.co.il/order/301577?lang=he,https://tickets5.rav-hen.co.il/order/301577?lang=he,Regular,2D,English,Hebrew,2026-08-10,2026,,,102,All,Kiryat Ono,Rav Hen,590
18:00,קופה ראשית,קופה ראשית,https://tickets5.rav-hen.co.il/order/301582?lang=he,https://tickets5.rav-hen.co.il/order/301582?lang=he,Regular,2D,Hebrew,,2026-08-10,2026,,,91,All,Kiryat Ono,Rav Hen,590
20:00,קופה ראשית,קופה ראשית,https://tickets5.rav-hen.co.il/order/301587?lang=he,https://tickets5.rav-hen.co.il/order/301587?lang=he,Regular,2D,Hebrew,,2026-08-10,2026,,,91,All,Kiryat Ono,Rav Hen,590
22:00,קופה ראשית,קופה ראשית,https://tickets5.rav-hen.co.il/order/301592?lang=he,https://tickets5.rav-hen.co.il/order/301592?lang=he,Regular,2D,Hebrew,,2026-08-10,2026,,,91,All,Kiryat Ono,Rav Hen,590
16:30,גבעה 338,גבעה 338,https://tickets5.rav-hen.co.il/order/301635?lang=he,https://tickets5.rav-hen.co.il/order/301635?lang=he,Regular,2D,Hebrew,,2026-08-11,2026,,,106,,Kiryat Ono,Rav Hen,590
18:45,גבעה 338,גבעה 338,https://tickets5.rav-hen.co.il/order/301641?lang=he,https://tickets5.rav-hen.co.il/order/301641?lang=he,Regular,2D,Hebrew,,2026-08-11,2026,,,106,,Kiryat Ono,Rav Hen,590
21:00,גבעה 338,גבעה 338,https://tickets5.rav-hen.co.il/order/301647?lang=he,https://tickets5.rav-hen.co.il/order/301647?lang=he,Regular,2D,Hebrew,,2026-08-11,2026,,,106,,Kiryat Ono,Rav Hen,590
10:00,מפרץ ההרפתקאות: אי הדינוזאורים,מפרץ ההרפתקאות: אי הדינוזאורים,https://tickets5.rav-hen.co.il/order/301668?lang=he,https://tickets5.rav-hen.co.il/order/301668?lang=he,Regular,2D,,Hebrew,2026-08-11,2026,,,90,,Kiryat Ono,Rav Hen,590
12:00,מפרץ ההרפתקאות: אי הדינוזאורים,מפרץ ההרפתקאות: אי הדינוזאורים,https://tickets5.rav-hen.co.il/order/302221?lang=he,https://tickets5.rav-hen.co.il/order/302221?lang=he,Regular,2D,,Hebrew,2026-08-11,2026,,,90,,Kiryat Ono,Rav Hen,590
14:00,מפרץ ההרפתקאות: אי הדינוזאורים,מפרץ ההרפתקאות: אי הדינוזאורים,https://tickets5.rav-hen.co.il/order/302222?lang=he,https://tickets5.rav-hen.co.il/order/302222?lang=he,Regular,2D,,Hebrew,2026-08-11,2026,,,90,,Kiryat Ono,Rav Hen,590
16:00,מפרץ ההרפתקאות: אי הדינוזאורים,מפרץ ההרפתקאות: אי הדינוזאורים,https://tickets5.rav-hen.co.il/order/302223?lang=he,https://tickets5.rav-hen.co.il/order/302223?lang=he,Regular,2D,,Hebrew,2026-08-11,2026,,,90,,Kiryat Ono,Rav Hen,590
10:30,האודיסאה,האודיסאה,https://tickets5.rav-hen.co.il/order/301848?lang=he,https://tickets5.rav-hen.co.il/order/301848?lang=he,Regular,2D,English,,2026-08-11,2026,,,172,14+,Kiryat Ono,Rav Hen,590
14:00,האודיסאה,האודיסאה,https://tickets5.rav-hen.co.il/order/301854?lang=he,https://tickets5.rav-hen.co.il/order/301854?lang=he,Regular,2D,English,,2026-08-11,2026,,,172,14+,Kiryat Ono,Rav Hen,590
17:20,האודיסאה,האודיסאה,https://tickets5.rav-hen.co.il/order/301860?lang=he,https://tickets5.rav-hen.co.il/order/301860?lang=he,Regular,2D,English,,2026-08-11,2026,,,172,14+,Kiryat Ono,Rav Hen,590
20:45,האודיסאה,האודיסאה,https://tickets5.rav-hen.co.il/order/301866?lang=he,https://tickets5.rav-hen.co.il/order/301866?lang=he,Regular,2D,English,,2026-08-11,2026,,,172,14+,Kiryat Ono,Rav Hen,590
10:00,טפיטי: הרפתקה במדבר,טפיטי: הרפתקה במדבר,https://tickets5.rav-hen.co.il/order/301563?lang=he,https://tickets5.rav-hen.co.il/order/301563?lang=he,Regular,2D,,Hebrew,2026-08-11,2025,,,81,All,Kiryat Ono,Rav Hen,590
11:45,מאשה והדוב-ההרפתקה הגדולה,מאשה והדוב-ההרפתקה הגדולה,https://tickets5.rav-hen.co.il/order/301568?lang=he,https://tickets5.rav-hen.co.il/order/301568?lang=he,Regular,2D,Hebrew,Hebrew,2026-08-11,2024,,,73,All,Kiryat Ono,Rav Hen,590
10:00,מואנה לייב אקשן,מואנה לייב אקשן,https://tickets5.rav-hen.co.il/order/301617?lang=he,https://tickets5.rav-hen.co.il/order/301617?lang=he,Regular,2D,English,Hebrew,2026-08-11,2026,,,120,All,Kiryat Ono,Rav Hen,590
18:00,מואנה לייב אקשן,מואנה לייב אקשן,https://tickets5.rav-hen.co.il/order/301692?lang=he,https://tickets5.rav-hen.co.il/order/301692?lang=he,Regular,2D,English,,2026-08-11,2026,,,120,All,Kiryat Ono,Rav Hen,590
12:30,מיניונים ומפלצות,מיניונים ומפלצות,https://tickets5.rav-hen.co.il/order/301623?lang=he,https://tickets5.rav-hen.co.il/order/301623?lang=he,Regular,2D,English,Hebrew,2026-08-11,2026,,,90,All,Kiryat Ono,Rav Hen,590
14:30,מיניונים ומפלצות,מיניונים ומפלצות,https://tickets5.rav-hen.co.il/order/301629?lang=he,https://tickets5.rav-hen.co.il/order/301629?lang=he,Regular,2D,English,Hebrew,2026-08-11,2026,,,90,All,Kiryat Ono,Rav Hen,590
10:00,ספיידרמן: יום חדש,ספיידרמן: יום חדש,https://tickets5.rav-hen.co.il/order/301412?lang=he,https://tickets5.rav-hen.co.il/order/301412?lang=he,Regular,2D,English,,2026-08-11,2026,,,140,All,Kiryat Ono,Rav Hen,590
13:00,ספיידרמן: יום חדש,ספיידרמן: יום חדש,https://tickets5.rav-hen.co.il/order/301414?lang=he,https://tickets5.rav-hen.co.il/order/301414?lang=he,Regular,2D,English,,2026-08-11,2026,,,140,All,Kiryat Ono,Rav Hen,590
16:00,ספיידרמן: יום חדש,ספיידרמן: יום חדש,https://tickets5.rav-hen.co.il/order/301416?lang=he,https://tickets5.rav-hen.co.il/order/301416?lang=he,Regular,2D,English,,2026-08-11,2026,,,140,All,Kiryat Ono,Rav Hen,590
19:00,ספיידרמן: יום חדש,ספיידרמן: יום חדש,https://tickets5.rav-hen.co.il/order/301418?lang=he,https://tickets5.rav-hen.co.il/order/301418?lang=he,Regular,2D,English,,2026-08-11,2026,,,140,All,Kiryat Ono,Rav Hen,590
20:30,ספיידרמן: יום חדש,ספיידרמן: יום חדש,https://tickets5.rav-hen.co.il/order/301698?lang=he,https://tickets5.rav-hen.co.il/order/301698?lang=he,Regular,2D,English,,2026-08-11,2026,,,140,All,Kiryat Ono,Rav Hen,590
21:50,ספיידרמן: יום חדש,ספיידרמן: יום חדש,https://tickets5.rav-hen.co.il/order/301420?lang=he,https://tickets5.rav-hen.co.il/order/301420?lang=he,Regular,2D,English,,2026-08-11,2026,,,140,All,Kiryat Ono,Rav Hen,590
13:30,צעצוע של סיפור 5,צעצוע של סיפור 5,https://tickets5.rav-hen.co.il/order/301573?lang=he,https://tickets5.rav-hen.co.il/order/301573?lang=he,Regular,2D,English,Hebrew,2026-08-11,2026,,,102,All,Kiryat Ono,Rav Hen,590
15:45,צעצוע של סיפור 5,צעצוע של סיפור 5,https://tickets5.rav-hen.co.il/order/301578?lang=he,https://tickets5.rav-hen.co.il/order/301578?lang=he,Regular,2D,English,Hebrew,2026-08-11,2026,,,102,All,Kiryat Ono,Rav Hen,590
18:00,קופה ראשית,קופה ראשית,https://tickets5.rav-hen.co.il/order/301583?lang=he,https://tickets5.rav-hen.co.il/order/301583?lang=he,Regular,2D,Hebrew,,2026-08-11,2026,,,91,All,Kiryat Ono,Rav Hen,590
20:00,קופה ראשית,קופה ראשית,https://tickets5.rav-hen.co.il/order/301588?lang=he,https://tickets5.rav-hen.co.il/order/301588?lang=he,Regular,2D,Hebrew,,2026-08-11,2026,,,91,All,Kiryat Ono,Rav Hen,590
22:00,קופה ראשית,קופה ראשית,https://tickets5.rav-hen.co.il/order/301593?lang=he,https://tickets5.rav-hen.co.il/order/301593?lang=he,Regular,2D,Hebrew,,2026-08-11,2026,,,91,All,Kiryat Ono,Rav Hen,590
16:45,גבעה 338,גבעה 338,https://tickets5.rav-hen.co.il/order/301636?lang=he,https://tickets5.rav-hen.co.il/order/301636?lang=he,Regular,2D,Hebrew,,2026-08-12,2026,,,106,,Kiryat Ono,Rav Hen,590
19:00,גבעה 338,גבעה 338,https://tickets5.rav-hen.co.il/order/301642?lang=he,https://tickets5.rav-hen.co.il/order/301642?lang=he,Regular,2D,Hebrew,,2026-08-12,2026,,,106,,Kiryat Ono,Rav Hen,590
21:15,גבעה 338,גבעה 338,https://tickets5.rav-hen.co.il/order/301648?lang=he,https://tickets5.rav-hen.co.il/order/301648?lang=he,Regular,2D,Hebrew,,2026-08-12,2026,,,106,,Kiryat Ono,Rav Hen,590
10:00,מפרץ ההרפתקאות: אי הדינוזאורים,מפרץ ההרפתקאות: אי הדינוזאורים,https://tickets5.rav-hen.co.il/order/301669?lang=he,https://tickets5.rav-hen.co.il/order/301669?lang=he,Regular,2D,,Hebrew,2026-08-12,2026,,,90,,Kiryat Ono,Rav Hen,590
12:00,מפרץ ההרפתקאות: אי הדינוזאורים,מפרץ ההרפתקאות: אי הדינוזאורים,https://tickets5.rav-hen.co.il/order/302224?lang=he,https://tickets5.rav-hen.co.il/order/302224?lang=he,Regular,2D,,Hebrew,2026-08-12,2026,,,90,,Kiryat Ono,Rav Hen,590
14:00,מפרץ ההרפתקאות: אי הדינוזאורים,מפרץ ההרפתקאות: אי הדינוזאורים,https://tickets5.rav-hen.co.il/order/302225?lang=he,https://tickets5.rav-hen.co.il/order/302225?lang=he,Regular,2D,,Hebrew,2026-08-12,2026,,,90,,Kiryat Ono,Rav Hen,590
16:00,מפרץ ההרפתקאות: אי הדינוזאורים,מפרץ ההרפתקאות: אי הדינוזאורים,https://tickets5.rav-hen.co.il/order/302226?lang=he,https://tickets5.rav-hen.co.il/order/302226?lang=he,Regular,2D,,Hebrew,2026-08-12,2026,,,90,,Kiryat Ono,Rav Hen,590
10:30,האודיסאה,האודיסאה,https://tickets5.rav-hen.co.il/order/301830?lang=he,https://tickets5.rav-hen.co.il/order/301830?lang=he,Regular,2D,English,,2026-08-12,2026,,,172,14+,Kiryat Ono,Rav Hen,590
14:00,האודיסאה,האודיסאה,https://tickets5.rav-hen.co.il/order/301833?lang=he,https://tickets5.rav-hen.co.il/order/301833?lang=he,Regular,2D,English,,2026-08-12,2026,,,172,14+,Kiryat Ono,Rav Hen,590
17:20,האודיסאה,האודיסאה,https://tickets5.rav-hen.co.il/order/301835?lang=he,https://tickets5.rav-hen.co.il/order/301835?lang=he,Regular,2D,English,,2026-08-12,2026,,,172,14+,Kiryat Ono,Rav Hen,590
20:45,האודיסאה,האודיסאה,https://tickets5.rav-hen.co.il/order/301837?lang=he,https://tickets5.rav-hen.co.il/order/301837?lang=he,Regular,2D,English,,2026-08-12,2026,,,172,14+,Kiryat Ono,Rav Hen,590
10:00,טפיטי: הרפתקה במדבר,טפיטי: הרפתקה במדבר,https://tickets5.rav-hen.co.il/order/301595?lang=he,https://tickets5.rav-hen.co.il/order/301595?lang=he,Regular,2D,,Hebrew,2026-08-12,2025,,,81,All,Kiryat Ono,Rav Hen,590
12:00,מאשה והדוב-ההרפתקה הגדולה,מאשה והדוב-ההרפתקה הגדולה,https://tickets5.rav-hen.co.il/order/301596?lang=he,https://tickets5.rav-hen.co.il/order/301596?lang=he,Regular,2D,Hebrew,Hebrew,2026-08-12,2024,,,73,All,Kiryat Ono,Rav Hen,590
18:00,מואנה לייב אקשן,מואנה לייב אקשן,https://tickets5.rav-hen.co.il/order/301693?lang=he,https://tickets5.rav-hen.co.il/order/301693?lang=he,Regular,2D,English,,2026-08-12,2026,,,120,All,Kiryat Ono,Rav Hen,590
12:45,מיניונים ומפלצות,מיניונים ומפלצות,https://tickets5.rav-hen.co.il/order/301624?lang=he,https://tickets5.rav-hen.co.il/order/301624?lang=he,Regular,2D,English,Hebrew,2026-08-12,2026,,,90,All,Kiryat Ono,Rav Hen,590
14:45,מיניונים ומפלצות,מיניונים ומפלצות,https://tickets5.rav-hen.co.il/order/301630?lang=he,https://tickets5.rav-hen.co.il/order/301630?lang=he,Regular,2D,English,Hebrew,2026-08-12,2026,,,90,All,Kiryat Ono,Rav Hen,590
10:00,ספיידרמן: יום חדש,ספיידרמן: יום חדש,https://tickets5.rav-hen.co.il/order/301424?lang=he,https://tickets5.rav-hen.co.il/order/301424?lang=he,Regular,2D,English,,2026-08-12,2026,,,140,All,Kiryat Ono,Rav Hen,590
10:00,ספיידרמן: יום חדש,ספיידרמן: יום חדש,https://tickets5.rav-hen.co.il/order/301618?lang=he,https://tickets5.rav-hen.co.il/order/301618?lang=he,Regular,2D,English,,2026-08-12,2026,,,140,All,Kiryat Ono,Rav Hen,590
13:00,ספיידרמן: יום חדש,ספיידרמן: יום חדש,https://tickets5.rav-hen.co.il/order/301425?lang=he,https://tickets5.rav-hen.co.il/order/301425?lang=he,Regular,2D,English,,2026-08-12,2026,,,140,All,Kiryat Ono,Rav Hen,590
16:00,ספיידרמן: יום חדש,ספיידרמן: יום חדש,https://tickets5.rav-hen.co.il/order/301597?lang=he,https://tickets5.rav-hen.co.il/order/301597?lang=he,Regular,2D,English,,2026-08-12,2026,,,140,All,Kiryat Ono,Rav Hen,590
19:00,ספיידרמן: יום חדש,ספיידרמן: יום חדש,https://tickets5.rav-hen.co.il/order/301599?lang=he,https://tickets5.rav-hen.co.il/order/301599?lang=he,Regular,2D,English,,2026-08-12,2026,,,140,All,Kiryat Ono,Rav Hen,590
20:00,ספיידרמן: יום חדש,ספיידרמן: יום חדש,https://tickets5.rav-hen.co.il/order/301426?lang=he,https://tickets5.rav-hen.co.il/order/301426?lang=he,Regular,2D,English,,2026-08-12,2026,,,140,All,Kiryat Ono,Rav Hen,590
20:30,ספיידרמן: יום חדש,ספיידרמן: יום חדש,https://tickets5.rav-hen.co.il/order/301699?lang=he,https://tickets5.rav-hen.co.il/order/301699?lang=he,Regular,2D,English,,2026-08-12,2026,,,140,All,Kiryat Ono,Rav Hen,590
21:50,ספיידרמן: יום חדש,ספיידרמן: יום חדש,https://tickets5.rav-hen.co.il/order/301600?lang=he,https://tickets5.rav-hen.co.il/order/301600?lang=he,Regular,2D,English,,2026-08-12,2026,,,140,All,Kiryat Ono,Rav Hen,590
13:45,צעצוע של סיפור 5,צעצוע של סיפור 5,https://tickets5.rav-hen.co.il/order/301601?lang=he,https://tickets5.rav-hen.co.il/order/301601?lang=he,Regular,2D,English,Hebrew,2026-08-12,2026,,,102,All,Kiryat Ono,Rav Hen,590
16:00,קופה ראשית,קופה ראשית,https://tickets5.rav-hen.co.il/order/302099?lang=he,https://tickets5.rav-hen.co.il/order/302099?lang=he,Regular,2D,Hebrew,,2026-08-12,2026,,,91,All,Kiryat Ono,Rav Hen,590
