showtime,english_title,hebrew_title,english_href,hebrew_href,screening_type,screening_tech,original_language,dub_language,date_of_showing,release_year,release_date,directed_by,runtime,rating,screening_city,cinema,run_id
11:00,Just an Illusion,אשליות מתוקות,https://tickets.cinema-city.co.il/order/836384?lang=en,https://tickets.cinema-city.co.il/order/836384?lang=he,Regular,2D,,,2026-08-04,,,,119,All,Glilot,Cinema City,586
14:40,Just an Illusion,אשליות מתוקות,https://tickets.cinema-city.co.il/order/836383?lang=en,https://tickets.cinema-city.co.il/order/836383?lang=he,Regular,2D,,,2026-08-04,,,,119,All,Glilot,Cinema City,586
14:00,Just an Illusion,אשליות מתוקות,https://tickets.cinema-city.co.il/order/836672?lang=en,https://tickets.cinema-city.co.il/order/836672?lang=he,Regular,2D,,,2026-08-05,,,,119,All,Glilot,Cinema City,586
22:10,I Want Your Sex,בוסית בהפרעה,https://tickets.cinema-city.co.il/order/835949?lang=en,https://tickets.cinema-city.co.il/order/835949?lang=he,Regular,2D,,,2026-08-01,,,,90,16+,Glilot,Cinema City,586
23:30,I Want Your Sex,בוסית בהפרעה,https://tickets.cinema-city.co.il/order/835981?lang=en,https://tickets.cinema-city.co.il/order/835981?lang=he,Regular,2D,,,2026-08-01,,,,90,16+,Glilot,Cinema City,586
19:50,I Want Your Sex,בוסית בהפרעה,https://tickets.cinema-city.co.il/order/836058?lang=en,https://tickets.cinema-city.co.il/order/836058?lang=he,Regular,2D,,,2026-08-02,,,,90,16+,Glilot,Cinema City,586
22:00,I Want Your Sex,בוסית בהפרעה,https://tickets.cinema-city.co.il/order/836036?lang=en,https://tickets.cinema-city.co.il/order/836036?lang=he,Regular,2D,,,2026-08-02,,,,90,16+,Glilot,Cinema City,586
23:30,I Want Your Sex,בוסית בהפרעה,https://tickets.cinema-city.co.il/order/836055?lang=en,https://tickets.cinema-city.co.il/order/836055?lang=he,Regular,2D,,,2026-08-02,,,,90,16+,Glilot,Cinema City,586
19:50,I Want Your Sex,בוסית בהפרעה,https://tickets.cinema-city.co.il/order/836154?lang=en,https://tickets.cinema-city.co.il/order/836154?lang=he,Regular,2D,,,2026-08-03,,,,90,16+,Glilot,Cinema City,586
22:00,I Want Your Sex,בוסית בהפרעה,https://tickets.cinema-city.co.il/order/836135?lang=en,https://tickets.cinema-city.co.il/order/836135?lang=he,Regular,2D,,,2026-08-03,,,,90,16+,Glilot,Cinema City,586
23:30,I Want Your Sex,בוסית בהפרעה,https://tickets.cinema-city.co.il/order/836151?lang=en,https://tickets.cinema-city.co.il/order/836151?lang=he,Regular,2D,,,2026-08-03,,,,90,16+,Glilot,Cinema City,586
19:50,I Want Your Sex,בוסית בהפרעה,https://tickets.cinema-city.co.il/order/836312?lang=en,https://tickets.cinema-city.co.il/order/836312?lang=he,Regular,2D,,,2026-08-04,,,,90,16+,Glilot,Cinema City,586
22:00,I Want Your Sex,בוסית בהפרעה,https://tickets.cinema-city.co.il/order/836281?lang=en,https://tickets.cinema-city.co.il/order/836281?lang=he,Regular,2D,,,2026-08-04,,,,90,16+,Glilot,Cinema City,586
19:50,I Want Your Sex,בוסית בהפרעה,https://tickets.cinema-city.co.il/order/836598?lang=en,https://tickets.cinema-city.co.il/order/836598?lang=he,Regular,2D,,,2026-08-05,,,,90,16+,Glilot,Cinema City,586
22:00,I Want Your Sex,בוסית בהפרעה,https://tickets.cinema-city.co.il/order/836578?lang=en,https://tickets.cinema-city.co.il/order/836578?lang=he,Regular,2D,,,2026-08-05,,,,90,16+,Glilot,Cinema City,586
22:50,I Want Your Sex,בוסית בהפרעה,https://tickets.cinema-city.co.il/order/836595?lang=en,https://tickets.cinema-city.co.il/order/836595?lang=he,Regular,2D,,,2026-08-05,,,,90,16+,Glilot,Cinema City,586
23:00,Jackass: Best and Last,ג'קאס: גומרים בשיא,https://tickets.cinema-city.co.il/order/835968?lang=en,https://tickets.cinema-city.co.il/order/835968?lang=he,Regular,2D,,,2026-08-01,,,,92,16+,Glilot,Cinema City,586
22:50,Jackass: Best and Last,ג'קאס: גומרים בשיא,https://tickets.cinema-city.co.il/order/836051?lang=en,https://tickets.cinema-city.co.il/order/836051?lang=he,Regular,2D,,,2026-08-02,,,,92,16+,Glilot,Cinema City,586
22:50,Jackass: Best and Last,ג'קאס: גומרים בשיא,https://tickets.cinema-city.co.il/order/836149?lang=en,https://tickets.cinema-city.co.il/order/836149?lang=he,Regular,2D,,,2026-08-03,,,,92,16+,Glilot,Cinema City,586
23:10,Jackass: Best and Last,ג'קאס: גומרים בשיא,https://tickets.cinema-city.co.il/order/836306?lang=en,https://tickets.cinema-city.co.il/order/836306?lang=he,Regular,2D,,,2026-08-04,,,,92,16+,Glilot,Cinema City,586
22:50,Jackass: Best and Last,ג'קאס: גומרים בשיא,https://tickets.cinema-city.co.il/order/836591?lang=en,https://tickets.cinema-city.co.il/order/836591?lang=he,Regular,2D,,,2026-08-05,,,,92,16+,Glilot,Cinema City,586
10:20,GRACIE & PEDRO: PETS TO THE RESCUE,גרייסי ופדרו: חיות המחמד בפעולה,https://tickets.cinema-city.co.il/order/835888?lang=en,https://tickets.cinema-city.co.il/order/835888?lang=he,Regular,2D,,Hebrew,2026-08-01,,,,87,All,Glilot,Cinema City,586
12:30,GRACIE & PEDRO: PETS TO THE RESCUE,גרייסי ופדרו: חיות המחמד בפעולה,https://tickets.cinema-city.co.il/order/835889?lang=en,https://tickets.cinema-city.co.il/order/835889?lang=he,Regular,2D,,Hebrew,2026-08-01,,,,87,All,Glilot,Cinema City,586
14:40,GRACIE & PEDRO: PETS TO THE RESCUE,גרייסי ופדרו: חיות המחמד בפעולה,https://tickets.cinema-city.co.il/order/835982?lang=en,https://tickets.cinema-city.co.il/order/835982?lang=he,Regular,2D,,Hebrew,2026-08-01,,,,87,All,Glilot,Cinema City,586
16:50,GRACIE & PEDRO: PETS TO THE RESCUE,גרייסי ופדרו: חיות המחמד בפעולה,https://tickets.cinema-city.co.il/order/835985?lang=en,https://tickets.cinema-city.co.il/order/835985?lang=he,Regular,2D,,Hebrew,2026-08-01,,,,87,All,Glilot,Cinema City,586
10:00,GRACIE & PEDRO: PETS TO THE RESCUE,גרייסי ופדרו: חיות המחמד בפעולה,https://tickets.cinema-city.co.il/order/836093?lang=en,https://tickets.cinema-city.co.il/order/836093?lang=he,Regular,2D,,Hebrew,2026-08-02,,,,87,All,Glilot,Cinema City,586
12:10,GRACIE & PEDRO: PETS TO THE RESCUE,גרייסי ופדרו: חיות המחמד בפעולה,https://tickets.cinema-city.co.il/order/835993?lang=en,https://tickets.cinema-city.co.il/order/835993?lang=he,Regular,2D,,Hebrew,2026-08-02,,,,87,All,Glilot,Cinema City,586
14:20,GRACIE & PEDRO: PETS TO THE RESCUE,גרייסי ופדרו: חיות המחמד בפעולה,https://tickets.cinema-city.co.il/order/836074?lang=en,https://tickets.cinema-city.co.il/order/836074?lang=he,Regular,2D,,Hebrew,2026-08-02,,,,87,All,Glilot,Cinema City,586
16:30,GRACIE & PEDRO: PETS TO THE RESCUE,גרייסי ופדרו: חיות המחמד בפעולה,https://tickets.cinema-city.co.il/order/836056?lang=en,https://tickets.cinema-city.co.il/order/836056?lang=he,Regular,2D,,Hebrew,2026-08-02,,,,87,All,Glilot,Cinema City,586
10:00,GRACIE & PEDRO: PETS TO THE RESCUE,גרייסי ופדרו: חיות המחמד בפעולה,https://tickets.cinema-city.co.il/order/836192?lang=en,https://tickets.cinema-city.co.il/order/836192?lang=he,Regular,2D,,Hebrew,2026-08-03,,,,87,All,Glilot,Cinema City,586
12:10,GRACIE & PEDRO: PETS TO THE RESCUE,גרייסי ופדרו: חיות המחמד בפעולה,https://tickets.cinema-city.co.il/order/836100?lang=en,https://tickets.cinema-city.co.il/order/836100?lang=he,Regular,2D,,Hebrew,2026-08-03,,,,87,All,Glilot,Cinema City,586
14:20,GRACIE & PEDRO: PETS TO THE RESCUE,גרייסי ופדרו: חיות המחמד בפעולה,https://tickets.cinema-city.co.il/order/836166?lang=en,https://tickets.cinema-city.co.il/order/836166?lang=he,Regular,2D,,Hebrew,2026-08-03,,,,87,All,Glilot,Cinema City,586
16:30,GRACIE & PEDRO: PETS TO THE RESCUE,גרייסי ופדרו: חיות המחמד בפעולה,https://tickets.cinema-city.co.il/order/836152?lang=en,https://tickets.cinema-city.co.il/order/836152?lang=he,Regular,2D,,Hebrew,2026-08-03,,,,87,All,Glilot,Cinema City,586
10:00,GRACIE & PEDRO: PETS TO THE RESCUE,גרייסי ופדרו: חיות המחמד בפעולה,https://tickets.cinema-city.co.il/order/836385?lang=en,https://tickets.cinema-city.co.il/order/836385?lang=he,Regular,2D,,Hebrew,2026-08-04,,,,87,All,Glilot,Cinema City,586
12:10,GRACIE & PEDRO: PETS TO THE RESCUE,גרייסי ופדרו: חיות המחמד בפעולה,https://tickets.cinema-city.co.il/order/836237?lang=en,https://tickets.cinema-city.co.il/order/836237?lang=he,Regular,2D,,Hebrew,2026-08-04,,,,87,All,Glilot,Cinema City,586
14:20,GRACIE & PEDRO: PETS TO THE RESCUE,גרייסי ופדרו: חיות המחמד בפעולה,https://tickets.cinema-city.co.il/order/836339?lang=en,https://tickets.cinema-city.co.il/order/836339?lang=he,Regular,2D,,Hebrew,2026-08-04,,,,87,All,Glilot,Cinema City,586
16:15,GRACIE & PEDRO: PETS TO THE RESCUE,גרייסי ופדרו: חיות המחמד בפעולה,https://tickets.cinema-city.co.il/order/836310?lang=en,https://tickets.cinema-city.co.il/order/836310?lang=he,Regular,2D,,Hebrew,2026-08-04,,,,87,All,Glilot,Cinema City,586
10:00,GRACIE & PEDRO: PETS TO THE RESCUE,גרייסי ופדרו: חיות המחמד בפעולה,https://tickets.cinema-city.co.il/order/836686?lang=en,https://tickets.cinema-city.co.il/order/836686?lang=he,Regular,2D,,Hebrew,2026-08-05,,,,87,All,Glilot,Cinema City,586
12:30,GRACIE & PEDRO: PETS TO THE RESCUE,גרייסי ופדרו: חיות המחמד בפעולה,https://tickets.cinema-city.co.il/order/836547?lang=en,https://tickets.cinema-city.co.il/order/836547?lang=he,Regular,2D,,Hebrew,2026-08-05,,,,87,All,Glilot,Cinema City,586
14:20,GRACIE & PEDRO: PETS TO THE RESCUE,גרייסי ופדרו: חיות המחמד בפעולה,https://tickets.cinema-city.co.il/order/836611?lang=en,https://tickets.cinema-city.co.il/order/836611?lang=he,Regular,2D,,Hebrew,2026-08-05,,,,87,All,Glilot,Cinema City,586
16:30,GRACIE & PEDRO: PETS TO THE RESCUE,גרייסי ופדרו: חיות המחמד בפעולה,https://tickets.cinema-city.co.il/order/836596?lang=en,https://tickets.cinema-city.co.il/order/836596?lang=he,Regular,2D,,Hebrew,2026-08-05,,,,87,All,Glilot,Cinema City,586
11:00,THE ODYSSEY,האודיסאה,https://tickets.cinema-city.co.il/order/835880?lang=en,https://tickets.cinema-city.co.il/order/835880?lang=he,Regular,2D,,,2026-08-01,,,,172,14+,Glilot,Cinema City,586
11:50,THE ODYSSEY,האודיסאה,https://tickets.cinema-city.co.il/order/835950?lang=en,https://tickets.cinema-city.co.il/order/835950?lang=he,Regular,2D,,,2026-08-01,,,,172,14+,Glilot,Cinema City,586
13:00,THE ODYSSEY,האודיסאה,https://tickets.cinema-city.co.il/order/835910?lang=en,https://tickets.cinema-city.co.il/order/835910?lang=he,Regular,2D,,,2026-08-01,,,,172,14+,Glilot,Cinema City,586
13:45,THE ODYSSEY,האודיסאה,https://tickets.cinema-city.co.il/order/835886?lang=en,https://tickets.cinema-city.co.il/order/835886?lang=he,Regular,2D,,,2026-08-01,,,,172,14+,Glilot,Cinema City,586
14:35,THE ODYSSEY,האודיסאה,https://tickets.cinema-city.co.il/order/835881?lang=en,https://tickets.cinema-city.co.il/order/835881?lang=he,Regular,2D,,,2026-08-01,,,,172,14+,Glilot,Cinema City,586
15:25,THE ODYSSEY,האודיסאה,https://tickets.cinema-city.co.il/order/835903?lang=en,https://tickets.cinema-city.co.il/order/835903?lang=he,Regular,2D,,,2026-08-01,,,,172,14+,Glilot,Cinema City,586
16:35,THE ODYSSEY,האודיסאה,https://tickets.cinema-city.co.il/order/835901?lang=en,https://tickets.cinema-city.co.il/order/835901?lang=he,Regular,2D,,,2026-08-01,,,,172,14+,Glilot,Cinema City,586
17:15,THE ODYSSEY,האודיסאה,https://tickets.cinema-city.co.il/order/835884?lang=en,https://tickets.cinema-city.co.il/order/835884?lang=he,Regular,2D,,,2026-08-01,,,,172,14+,Glilot,Cinema City,586
18:10,THE ODYSSEY,האודיסאה,https://tickets.cinema-city.co.il/order/835882?lang=en,https://tickets.cinema-city.co.il/order/835882?lang=he,Regular,2D,,,2026-08-01,,,,172,14+,Glilot,Cinema City,586
19:00,THE ODYSSEY,האודיסאה,https://tickets.cinema-city.co.il/order/835904?lang=en,https://tickets.cinema-city.co.il/order/835904?lang=he,Regular,2D,,,2026-08-01,,,,172,14+,Glilot,Cinema City,586
19:50,THE ODYSSEY,האודיסאה,https://tickets.cinema-city.co.il/order/835958?lang=en,https://tickets.cinema-city.co.il/order/835958?lang=he,Regular,2D,,,2026-08-01,,,,172,14+,Glilot,Cinema City,586
20:10,THE ODYSSEY,האודיסאה,https://tickets.cinema-city.co.il/order/835902?lang=en,https://tickets.cinema-city.co.il/order/835902?lang=he,Regular,2D,,,2026-08-01,,,,172,14+,Glilot,Cinema City,586
20:45,THE ODYSSEY,האודיסאה,https://tickets.cinema-city.co.il/order/835885?lang=en,https://tickets.cinema-city.co.il/order/835885?lang=he,Regular,2D,,,2026-08-01,,,,172,14+,Glilot,Cinema City,586
21:20,THE ODYSSEY,האודיסאה,https://tickets.cinema-city.co.il/order/835955?lang=en,https://tickets.cinema-city.co.il/order/835955?lang=he,Regular,2D,,,2026-08-01,,,,172,14+,Glilot,Cinema City,586
21:45,THE ODYSSEY,האודיסאה,https://tickets.cinema-city.co.il/order/835883?lang=en,https://tickets.cinema-city.co.il/order/835883?lang=he,Regular,2D,,,2026-08-01,,,,172,14+,Glilot,Cinema City,586
22:40,THE ODYSSEY,האודיסאה,https://tickets.cinema-city.co.il/order/835905?lang=en,https://tickets.cinema-city.co.il/order/835905?lang=he,Regular,2D,,,2026-08-01,,,,172,14+,Glilot,Cinema City,586
11:00,THE ODYSSEY,האודיסאה,https://tickets.cinema-city.co.il/order/835880?lang=en,https://tickets.cinema-city.co.il/order/835880?lang=he,Regular,2D,,,2026-08-02,,,,172,14+,Glilot,Cinema City,586
11:50,THE ODYSSEY,האודיסאה,https://tickets.cinema-city.co.il/order/835950?lang=en,https://tickets.cinema-city.co.il/order/835950?lang=he,Regular,2D,,,2026-08-02,,,,172,14+,Glilot,Cinema City,586
13:00,THE ODYSSEY,האודיסאה,https://tickets.cinema-city.co.il/order/835910?lang=en,https://tickets.cinema-city.co.il/order/835910?lang=he,Regular,2D,,,2026-08-02,,,,172,14+,Glilot,Cinema City,586
13:45,THE ODYSSEY,האודיסאה,https://tickets.cinema-city.co.il/order/835886?lang=en,https://tickets.cinema-city.co.il/order/835886?lang=he,Regular,2D,,,2026-08-02,,,,172,14+,Glilot,Cinema City,586
14:35,THE ODYSSEY,האודיסאה,https://tickets.cinema-city.co.il/order/835881?lang=en,https://tickets.cinema-city.co.il/order/835881?lang=he,Regular,2D,,,2026-08-02,,,,172,14+,Glilot,Cinema City,586
15:25,THE ODYSSEY,האודיסאה,https://tickets.cinema-city.co.il/order/835903?lang=en,https://tickets.cinema-city.co.il/order/835903?lang=he,Regular,2D,,,2026-08-02,,,,172,14+,Glilot,Cinema City,586
16:35,THE ODYSSEY,האודיסאה,https://tickets.cinema-city.co.il/order/835901?lang=en,https://tickets.cinema-city.co.il/order/835901?lang=he,Regular,2D,,,2026-08-02,,,,172,14+,Glilot,Cinema City,586
17:15,THE ODYSSEY,האודיסאה,https://tickets.cinema-city.co.il/order/835884?lang=en,https://tickets.cinema-city.co.il/order/835884?lang=he,Regular,2D,,,2026-08-02,,,,172,14+,Glilot,Cinema City,586
18:10,THE ODYSSEY,האודיסאה,https://tickets.cinema-city.co.il/order/835882?lang=en,https://tickets.cinema-city.co.il/order/835882?lang=he,Regular,2D,,,2026-08-02,,,,172,14+,Glilot,Cinema City,586
19:00,THE ODYSSEY,האודיסאה,https://tickets.cinema-city.co.il/order/835904?lang=en,https://tickets.cinema-city.co.il/order/835904?lang=he,Regular,2D,,,2026-08-02,,,,172,14+,Glilot,Cinema City,586
19:50,THE ODYSSEY,האודיסאה,https://tickets.cinema-city.co.il/order/835958?lang=en,https://tickets.cinema-city.co.il/order/835958?lang=he,Regular,2D,,,2026-08-02,,,,172,14+,Glilot,Cinema City,586
20:10,THE ODYSSEY,האודיסאה,https://tickets.cinema-city.co.il/order/835902?lang=en,https://tickets.cinema-city.co.il/order/835902?lang=he,Regular,2D,,,2026-08-02,,,,172,14+,Glilot,Cinema City,586
20:45,THE ODYSSEY,האודיסאה,https://tickets.cinema-city.co.il/order/835885?lang=en,https://tickets.cinema-city.co.il/order/835885?lang=he,Regular,2D,,,2026-08-02,,,,172,14+,Glilot,Cinema City,586
21:20,THE ODYSSEY,האודיסאה,https://tickets.cinema-city.co.il/order/835955?lang=en,https://tickets.cinema-city.co.il/order/835955?lang=he,Regular,2D,,,2026-08-02,,,,172,14+,Glilot,Cinema City,586
21:45,THE ODYSSEY,האודיסאה,https://tickets.cinema-city.co.il/order/835883?lang=en,https://tickets.cinema-city.co.il/order/835883?lang=he,Regular,2D,,,2026-08-02,,,,172,14+,Glilot,Cinema City,586
22:40,THE ODYSSEY,האודיסאה,https://tickets.cinema-city.co.il/order/835905?lang=en,https://tickets.cinema-city.co.il/order/835905?lang=he,Regular,2D,,,2026-08-02,,,,172,14+,Glilot,Cinema City,586
13:45,THE ODYSSEY,האודיסאה,https://tickets.cinema-city.co.il/order/836099?lang=en,https://tickets.cinema-city.co.il/order/836099?lang=he,Regular,2D,,,2026-08-03,,,,172,14+,Glilot,Cinema City,586
14:30,THE ODYSSEY,האודיסאה,https://tickets.cinema-city.co.il/order/836094?lang=en,https://tickets.cinema-city.co.il/order/836094?lang=he,Regular,2D,,,2026-08-03,,,,172,14+,Glilot,Cinema City,586
16:30,THE ODYSSEY,האודיסאה,https://tickets.cinema-city.co.il/order/836108?lang=en,https://tickets.cinema-city.co.il/order/836108?lang=he,Regular,2D,,,2026-08-03,,,,172,14+,Glilot,Cinema City,586
17:15,THE ODYSSEY,האודיסאה,https://tickets.cinema-city.co.il/order/836097?lang=en,https://tickets.cinema-city.co.il/order/836097?lang=he,Regular,2D,,,2026-08-03,,,,172,14+,Glilot,Cinema City,586
18:15,THE ODYSSEY,האודיסאה,https://tickets.cinema-city.co.il/order/836095?lang=en,https://tickets.cinema-city.co.il/order/836095?lang=he,Regular,2D,,,2026-08-03,,,,172,14+,Glilot,Cinema City,586
19:20,THE ODYSSEY,האודיסאה,https://tickets.cinema-city.co.il/order/836187?lang=en,https://tickets.cinema-city.co.il/order/836187?lang=he,Regular,2D,,,2026-08-03,,,,172,14+,Glilot,Cinema City,586
20:10,THE ODYSSEY,האודיסאה,https://tickets.cinema-city.co.il/order/836109?lang=en,https://tickets.cinema-city.co.il/order/836109?lang=he,Regular,2D,,,2026-08-03,,,,172,14+,Glilot,Cinema City,586
20:45,THE ODYSSEY,האודיסאה,https://tickets.cinema-city.co.il/order/836098?lang=en,https://tickets.cinema-city.co.il/order/836098?lang=he,Regular,2D,,,2026-08-03,,,,172,14+,Glilot,Cinema City,586
21:20,THE ODYSSEY,האודיסאה,https://tickets.cinema-city.co.il/order/836140?lang=en,https://tickets.cinema-city.co.il/order/836140?lang=he,Regular,2D,,,2026-08-03,,,,172,14+,Glilot,Cinema City,586
22:00,THE ODYSSEY,האודיסאה,https://tickets.cinema-city.co.il/order/836096?lang=en,https://tickets.cinema-city.co.il/order/836096?lang=he,Regular,2D,,,2026-08-03,,,,172,14+,Glilot,Cinema City,586
22:50,THE ODYSSEY,האודיסאה,https://tickets.cinema-city.co.il/order/836161?lang=en,https://tickets.cinema-city.co.il/order/836161?lang=he,Regular,2D,,,2026-08-03,,,,172,14+,Glilot,Cinema City,586
11:00,THE ODYSSEY,האודיסאה,https://tickets.cinema-city.co.il/order/836361?lang=en,https://tickets.cinema-city.co.il/order/836361?lang=he,Regular,2D,,,2026-08-04,,,,172,14+,Glilot,Cinema City,586
13:00,THE ODYSSEY,האודיסאה,https://tickets.cinema-city.co.il/order/836369?lang=en,https://tickets.cinema-city.co.il/order/836369?lang=he,Regular,2D,,,2026-08-04,,,,172,14+,Glilot,Cinema City,586
13:45,THE ODYSSEY,האודיסאה,https://tickets.cinema-city.co.il/order/836236?lang=en,https://tickets.cinema-city.co.il/order/836236?lang=he,Regular,2D,,,2026-08-04,,,,172,14+,Glilot,Cinema City,586
14:40,THE ODYSSEY,האודיסאה,https://tickets.cinema-city.co.il/order/836230?lang=en,https://tickets.cinema-city.co.il/order/836230?lang=he,Regular,2D,,,2026-08-04,,,,172,14+,Glilot,Cinema City,586
16:30,THE ODYSSEY,האודיסאה,https://tickets.cinema-city.co.il/order/836357?lang=en,https://tickets.cinema-city.co.il/order/836357?lang=he,Regular,2D,,,2026-08-04,,,,172,14+,Glilot,Cinema City,586
17:15,THE ODYSSEY,האודיסאה,https://tickets.cinema-city.co.il/order/836234?lang=en,https://tickets.cinema-city.co.il/order/836234?lang=he,Regular,2D,,,2026-08-04,,,,172,14+,Glilot,Cinema City,586
18:15,THE ODYSSEY,האודיסאה,https://tickets.cinema-city.co.il/order/836231?lang=en,https://tickets.cinema-city.co.il/order/836231?lang=he,Regular,2D,,,2026-08-04,,,,172,14+,Glilot,Cinema City,586
19:10,THE ODYSSEY,האודיסאה,https://tickets.cinema-city.co.il/order/836375?lang=en,https://tickets.cinema-city.co.il/order/836375?lang=he,Regular,2D,,,2026-08-04,,,,172,14+,Glilot,Cinema City,586
20:10,THE ODYSSEY,האודיסאה,https://tickets.cinema-city.co.il/order/836245?lang=en,https://tickets.cinema-city.co.il/order/836245?lang=he,Regular,2D,,,2026-08-04,,,,172,14+,Glilot,Cinema City,586
20:50,THE ODYSSEY,האודיסאה,https://tickets.cinema-city.co.il/order/836235?lang=en,https://tickets.cinema-city.co.il/order/836235?lang=he,Regular,2D,,,2026-08-04,,,,172,14+,Glilot,Cinema City,586
21:10,THE ODYSSEY,האודיסאה,https://tickets.cinema-city.co.il/order/836233?lang=en,https://tickets.cinema-city.co.il/order/836233?lang=he,Regular,2D,,,2026-08-04,,,,172,14+,Glilot,Cinema City,586
22:30,THE ODYSSEY,האודיסאה,https://tickets.cinema-city.co.il/order/836335?lang=en,https://tickets.cinema-city.co.il/order/836335?lang=he,Regular,2D,,,2026-08-04,,,,172,14+,Glilot,Cinema City,586
12:00,THE ODYSSEY,האודיסאה,https://tickets.cinema-city.co.il/order/836644?lang=en,https://tickets.cinema-city.co.il/order/836644?lang=he,Regular,2D,,,2026-08-05,,,,172,14+,Glilot,Cinema City,586
13:20,THE ODYSSEY,האודיסאה,https://tickets.cinema-city.co.il/order/836546?lang=en,https://tickets.cinema-city.co.il/order/836546?lang=he,Regular,2D,,,2026-08-05,,,,172,14+,Glilot,Cinema City,586
14:20,THE ODYSSEY,האודיסאה,https://tickets.cinema-city.co.il/order/836535?lang=en,https://tickets.cinema-city.co.il/order/836535?lang=he,Regular,2D,,,2026-08-05,,,,172,14+,Glilot,Cinema City,586
16:50,THE ODYSSEY,האודיסאה,https://tickets.cinema-city.co.il/order/836544?lang=en,https://tickets.cinema-city.co.il/order/836544?lang=he,Regular,2D,,,2026-08-05,,,,172,14+,Glilot,Cinema City,586
18:20,THE ODYSSEY,האודיסאה,https://tickets.cinema-city.co.il/order/836542?lang=en,https://tickets.cinema-city.co.il/order/836542?lang=he,Regular,2D,,,2026-08-05,,,,172,14+,Glilot,Cinema City,586
19:20,THE ODYSSEY,האודיסאה,https://tickets.cinema-city.co.il/order/836633?lang=en,https://tickets.cinema-city.co.il/order/836633?lang=he,Regular,2D,,,2026-08-05,,,,172,14+,Glilot,Cinema City,586
20:20,THE ODYSSEY,האודיסאה,https://tickets.cinema-city.co.il/order/836545?lang=en,https://tickets.cinema-city.co.il/order/836545?lang=he,Regular,2D,,,2026-08-05,,,,172,14+,Glilot,Cinema City,586
20:50,THE ODYSSEY,האודיסאה,https://tickets.cinema-city.co.il/order/836554?lang=en,https://tickets.cinema-city.co.il/order/836554?lang=he,Regular,2D,,,2026-08-05,,,,172,14+,Glilot,Cinema City,586
21:20,THE ODYSSEY,האודיסאה,https://tickets.cinema-city.co.il/order/836580?lang=en,https://tickets.cinema-city.co.il/order/836580?lang=he,Regular,2D,,,2026-08-05,,,,172,14+,Glilot,Cinema City,586
22:00,THE ODYSSEY,האודיסאה,https://tickets.cinema-city.co.il/order/836543?lang=en,https://tickets.cinema-city.co.il/order/836543?lang=he,Regular,2D,,,2026-08-05,,,,172,14+,Glilot,Cinema City,586
22:30,THE ODYSSEY,האודיסאה,https://tickets.cinema-city.co.il/order/836603?lang=en,https://tickets.cinema-city.co.il/order/836603?lang=he,Regular,2D,,,2026-08-05,,,,172,14+,Glilot,Cinema City,586
11:15,The Invite.,ההזמנה.,https://tickets.cinema-city.co.il/order/835915?lang=en,https://tickets.cinema-city.co.il/order/835915?lang=he,Regular,2D,,,2026-08-01,,,,107,14+,Glilot,Cinema City,586
13:50,The Invite.,ההזמנה.,https://tickets.cinema-city.co.il/order/835916?lang=en,https://tickets.cinema-city.co.il/order/835916?lang=he,Regular,2D,,,2026-08-01,,,,107,14+,Glilot,Cinema City,586
16:25,The Invite.,ההזמנה.,https://tickets.cinema-city.co.il/order/835917?lang=en,https://tickets.cinema-city.co.il/order/835917?lang=he,Regular,2D,,,2026-08-01,,,,107,14+,Glilot,Cinema City,586
18:50,The Invite.,ההזמנה.,https://tickets.cinema-city.co.il/order/835900?lang=en,https://tickets.cinema-city.co.il/order/835900?lang=he,Regular,2D,,,2026-08-01,,,,107,14+,Glilot,Cinema City,586
10:50,The Invite.,ההזמנה.,https://tickets.cinema-city.co.il/order/836084?lang=en,https://tickets.cinema-city.co.il/order/836084?lang=he,Regular,2D,,,2026-08-02,,,,107,14+,Glilot,Cinema City,586
18:50,The Invite.,ההזמנה.,https://tickets.cinema-city.co.il/order/836001?lang=en,https://tickets.cinema-city.co.il/order/836001?lang=he,Regular,2D,,,2026-08-02,,,,107,14+,Glilot,Cinema City,586
11:20,The Invite.,ההזמנה.,https://tickets.cinema-city.co.il/order/836174?lang=en,https://tickets.cinema-city.co.il/order/836174?lang=he,Regular,2D,,,2026-08-03,,,,107,14+,Glilot,Cinema City,586
20:30,The Invite.,ההזמנה.,https://tickets.cinema-city.co.il/order/836107?lang=en,https://tickets.cinema-city.co.il/order/836107?lang=he,Regular,2D,,,2026-08-03,,,,107,14+,Glilot,Cinema City,586
11:15,The Invite.,ההזמנה.,https://tickets.cinema-city.co.il/order/836344?lang=en,https://tickets.cinema-city.co.il/order/836344?lang=he,Regular,2D,,,2026-08-04,,,,107,14+,Glilot,Cinema City,586
13:50,The Invite.,ההזמנה.,https://tickets.cinema-city.co.il/order/836346?lang=en,https://tickets.cinema-city.co.il/order/836346?lang=he,Regular,2D,,,2026-08-04,,,,107,14+,Glilot,Cinema City,586
19:50,The Invite.,ההזמנה.,https://tickets.cinema-city.co.il/order/836244?lang=en,https://tickets.cinema-city.co.il/order/836244?lang=he,Regular,2D,,,2026-08-04,,,,107,14+,Glilot,Cinema City,586
11:30,The Invite.,ההזמנה.,https://tickets.cinema-city.co.il/order/836620?lang=en,https://tickets.cinema-city.co.il/order/836620?lang=he,Regular,2D,,,2026-08-05,,,,107,14+,Glilot,Cinema City,586
18:20,The Invite.,ההזמנה.,https://tickets.cinema-city.co.il/order/836650?lang=en,https://tickets.cinema-city.co.il/order/836650?lang=he,Regular,2D,,,2026-08-05,,,,107,14+,Glilot,Cinema City,586
20:30,The Invite.,ההזמנה.,https://tickets.cinema-city.co.il/order/836553?lang=en,https://tickets.cinema-city.co.il/order/836553?lang=he,Regular,2D,,,2026-08-05,,,,107,14+,Glilot,Cinema City,586
15:10,The Magic Faraway Tree,המסע המופלא לעץ הקסמים,https://tickets.cinema-city.co.il/order/835947?lang=en,https://tickets.cinema-city.co.il/order/835947?lang=he,Regular,2D,,,2026-08-01,,,,110,All,Glilot,Cinema City,586
17:20,The Magic Faraway Tree,המסע המופלא לעץ הקסמים,https://tickets.cinema-city.co.il/order/836034?lang=en,https://tickets.cinema-city.co.il/order/836034?lang=he,Regular,2D,,,2026-08-02,,,,110,All,Glilot,Cinema City,586
17:20,The Magic Faraway Tree,המסע המופלא לעץ הקסמים,https://tickets.cinema-city.co.il/order/836133?lang=en,https://tickets.cinema-city.co.il/order/836133?lang=he,Regular,2D,,,2026-08-03,,,,110,All,Glilot,Cinema City,586
17:20,The Magic Faraway Tree,המסע המופלא לעץ הקסמים,https://tickets.cinema-city.co.il/order/836275?lang=en,https://tickets.cinema-city.co.il/order/836275?lang=he,Regular,2D,,,2026-08-04,,,,110,All,Glilot,Cinema City,586
17:20,The Magic Faraway Tree,המסע המופלא לעץ הקסמים,https://tickets.cinema-city.co.il/order/836575?lang=en,https://tickets.cinema-city.co.il/order/836575?lang=he,Regular,2D,,,2026-08-05,,,,110,All,Glilot,Cinema City,586
11:00,The Magic Faraway Tree,המסע המופלא לעץ הקסמים,https://tickets.cinema-city.co.il/order/835946?lang=en,https://tickets.cinema-city.co.il/order/835946?lang=he,Regular,2D,,Hebrew,2026-08-01,,,,110,All,Glilot,Cinema City,586
12:00,The Magic Faraway Tree,המסע המופלא לעץ הקסמים,https://tickets.cinema-city.co.il/order/835945?lang=en,https://tickets.cinema-city.co.il/order/835945?lang=he,Regular,2D,,Hebrew,2026-08-01,,,,110,All,Glilot,Cinema City,586
14:30,The Magic Faraway Tree,המסע המופלא לעץ הקסמים,https://tickets.cinema-city.co.il/order/835944?lang=en,https://tickets.cinema-city.co.il/order/835944?lang=he,Regular,2D,,Hebrew,2026-08-01,,,,110,All,Glilot,Cinema City,586
16:10,The Magic Faraway Tree,המסע המופלא לעץ הקסמים,https://tickets.cinema-city.co.il/order/835983?lang=en,https://tickets.cinema-city.co.il/order/835983?lang=he,Regular,2D,,Hebrew,2026-08-01,,,,110,All,Glilot,Cinema City,586
17:00,The Magic Faraway Tree,המסע המופלא לעץ הקסמים,https://tickets.cinema-city.co.il/order/835943?lang=en,https://tickets.cinema-city.co.il/order/835943?lang=he,Regular,2D,,Hebrew,2026-08-01,,,,110,All,Glilot,Cinema City,586
10:40,The Magic Faraway Tree,המסע המופלא לעץ הקסמים,https://tickets.cinema-city.co.il/order/836033?lang=en,https://tickets.cinema-city.co.il/order/836033?lang=he,Regular,2D,,Hebrew,2026-08-02,,,,110,All,Glilot,Cinema City,586
12:00,The Magic Faraway Tree,המסע המופלא לעץ הקסמים,https://tickets.cinema-city.co.il/order/836032?lang=en,https://tickets.cinema-city.co.il/order/836032?lang=he,Regular,2D,,Hebrew,2026-08-02,,,,110,All,Glilot,Cinema City,586
14:40,The Magic Faraway Tree,המסע המופלא לעץ הקסמים,https://tickets.cinema-city.co.il/order/836031?lang=en,https://tickets.cinema-city.co.il/order/836031?lang=he,Regular,2D,,Hebrew,2026-08-02,,,,110,All,Glilot,Cinema City,586
17:15,The Magic Faraway Tree,המסע המופלא לעץ הקסמים,https://tickets.cinema-city.co.il/order/836030?lang=en,https://tickets.cinema-city.co.il/order/836030?lang=he,Regular,2D,,Hebrew,2026-08-02,,,,110,All,Glilot,Cinema City,586
10:30,The Magic Faraway Tree,המסע המופלא לעץ הקסמים,https://tickets.cinema-city.co.il/order/836132?lang=en,https://tickets.cinema-city.co.il/order/836132?lang=he,Regular,2D,,Hebrew,2026-08-03,,,,110,All,Glilot,Cinema City,586
12:20,The Magic Faraway Tree,המסע המופלא לעץ הקסמים,https://tickets.cinema-city.co.il/order/836131?lang=en,https://tickets.cinema-city.co.il/order/836131?lang=he,Regular,2D,,Hebrew,2026-08-03,,,,110,All,Glilot,Cinema City,586
14:50,The Magic Faraway Tree,המסע המופלא לעץ הקסמים,https://tickets.cinema-city.co.il/order/836130?lang=en,https://tickets.cinema-city.co.il/order/836130?lang=he,Regular,2D,,Hebrew,2026-08-03,,,,110,All,Glilot,Cinema City,586
17:20,The Magic Faraway Tree,המסע המופלא לעץ הקסמים,https://tickets.cinema-city.co.il/order/836129?lang=en,https://tickets.cinema-city.co.il/order/836129?lang=he,Regular,2D,,Hebrew,2026-08-03,,,,110,All,Glilot,Cinema City,586
11:10,The Magic Faraway Tree,המסע המופלא לעץ הקסמים,https://tickets.cinema-city.co.il/order/836273?lang=en,https://tickets.cinema-city.co.il/order/836273?lang=he,Regular,2D,,Hebrew,2026-08-04,,,,110,All,Glilot,Cinema City,586
12:30,The Magic Faraway Tree,המסע המופלא לעץ הקסמים,https://tickets.cinema-city.co.il/order/836270?lang=en,https://tickets.cinema-city.co.il/order/836270?lang=he,Regular,2D,,Hebrew,2026-08-04,,,,110,All,Glilot,Cinema City,586
15:00,The Magic Faraway Tree,המסע המופלא לעץ הקסמים,https://tickets.cinema-city.co.il/order/836268?lang=en,https://tickets.cinema-city.co.il/order/836268?lang=he,Regular,2D,,Hebrew,2026-08-04,,,,110,All,Glilot,Cinema City,586
16:30,The Magic Faraway Tree,המסע המופלא לעץ הקסמים,https://tickets.cinema-city.co.il/order/836266?lang=en,https://tickets.cinema-city.co.il/order/836266?lang=he,Regular,2D,,Hebrew,2026-08-04,,,,110,All,Glilot,Cinema City,586
10:10,The Magic Faraway Tree,המסע המופלא לעץ הקסמים,https://tickets.cinema-city.co.il/order/836671?lang=en,https://tickets.cinema-city.co.il/order/836671?lang=he,Regular,2D,,Hebrew,2026-08-05,,,,110,All,Glilot,Cinema City,586
12:40,The Magic Faraway Tree,המסע המופלא לעץ הקסמים,https://tickets.cinema-city.co.il/order/836574?lang=en,https://tickets.cinema-city.co.il/order/836574?lang=he,Regular,2D,,Hebrew,2026-08-05,,,,110,All,Glilot,Cinema City,586
15:15,The Magic Faraway Tree,המסע המופלא לעץ הקסמים,https://tickets.cinema-city.co.il/order/836573?lang=en,https://tickets.cinema-city.co.il/order/836573?lang=he,Regular,2D,,Hebrew,2026-08-05,,,,110,All,Glilot,Cinema City,586
17:50,The Magic Faraway Tree,המסע המופלא לעץ הקסמים,https://tickets.cinema-city.co.il/order/836572?lang=en,https://tickets.cinema-city.co.il/order/836572?lang=he,Regular,2D,,Hebrew,2026-08-05,,,,110,All,Glilot,Cinema City,586
11:30,חינה אמריקאית,חינה אמריקאית,https://tickets.cinema-city.co.il/order/835887?lang=en,https://tickets.cinema-city.co.il/order/835887?lang=he,Regular,2D,,,2026-08-01,,,,89,All,Glilot,Cinema City,586
17:40,חינה אמריקאית,חינה אמריקאית,https://tickets.cinema-city.co.il/order/835899?lang=en,https://tickets.cinema-city.co.il/order/835899?lang=he,Regular,2D,,,2026-08-01,,,,89,All,Glilot,Cinema City,586
22:10,חינה אמריקאית,חינה אמריקאית,https://tickets.cinema-city.co.il/order/835967?lang=en,https://tickets.cinema-city.co.il/order/835967?lang=he,Regular,2D,,,2026-08-01,,,,89,All,Glilot,Cinema City,586
23:20,חינה אמריקאית,חינה אמריקאית,https://tickets.cinema-city.co.il/order/835966?lang=en,https://tickets.cinema-city.co.il/order/835966?lang=he,Regular,2D,,,2026-08-01,,,,89,All,Glilot,Cinema City,586
11:30,חינה אמריקאית,חינה אמריקאית,https://tickets.cinema-city.co.il/order/836082?lang=en,https://tickets.cinema-city.co.il/order/836082?lang=he,Regular,2D,,,2026-08-02,,,,89,All,Glilot,Cinema City,586
14:35,חינה אמריקאית,חינה אמריקאית,https://tickets.cinema-city.co.il/order/836083?lang=en,https://tickets.cinema-city.co.il/order/836083?lang=he,Regular,2D,,,2026-08-02,,,,89,All,Glilot,Cinema City,586
17:20,חינה אמריקאית,חינה אמריקאית,https://tickets.cinema-city.co.il/order/836000?lang=en,https://tickets.cinema-city.co.il/order/836000?lang=he,Regular,2D,,,2026-08-02,,,,89,All,Glilot,Cinema City,586
22:00,חינה אמריקאית,חינה אמריקאית,https://tickets.cinema-city.co.il/order/836050?lang=en,https://tickets.cinema-city.co.il/order/836050?lang=he,Regular,2D,,,2026-08-02,,,,89,All,Glilot,Cinema City,586
23:20,חינה אמריקאית,חינה אמריקאית,https://tickets.cinema-city.co.il/order/836049?lang=en,https://tickets.cinema-city.co.il/order/836049?lang=he,Regular,2D,,,2026-08-02,,,,89,All,Glilot,Cinema City,586
11:30,חינה אמריקאית,חינה אמריקאית,https://tickets.cinema-city.co.il/order/836172?lang=en,https://tickets.cinema-city.co.il/order/836172?lang=he,Regular,2D,,,2026-08-03,,,,89,All,Glilot,Cinema City,586
14:30,חינה אמריקאית,חינה אמריקאית,https://tickets.cinema-city.co.il/order/836173?lang=en,https://tickets.cinema-city.co.il/order/836173?lang=he,Regular,2D,,,2026-08-03,,,,89,All,Glilot,Cinema City,586
17:20,חינה אמריקאית,חינה אמריקאית,https://tickets.cinema-city.co.il/order/836106?lang=en,https://tickets.cinema-city.co.il/order/836106?lang=he,Regular,2D,,,2026-08-03,,,,89,All,Glilot,Cinema City,586
21:50,חינה אמריקאית,חינה אמריקאית,https://tickets.cinema-city.co.il/order/836148?lang=en,https://tickets.cinema-city.co.il/order/836148?lang=he,Regular,2D,,,2026-08-03,,,,89,All,Glilot,Cinema City,586
23:00,חינה אמריקאית,חינה אמריקאית,https://tickets.cinema-city.co.il/order/836147?lang=en,https://tickets.cinema-city.co.il/order/836147?lang=he,Regular,2D,,,2026-08-03,,,,89,All,Glilot,Cinema City,586
14:00,חינה אמריקאית,חינה אמריקאית,https://tickets.cinema-city.co.il/order/836343?lang=en,https://tickets.cinema-city.co.il/order/836343?lang=he,Regular,2D,,,2026-08-04,,,,89,All,Glilot,Cinema City,586
17:20,חינה אמריקאית,חינה אמריקאית,https://tickets.cinema-city.co.il/order/836243?lang=en,https://tickets.cinema-city.co.il/order/836243?lang=he,Regular,2D,,,2026-08-04,,,,89,All,Glilot,Cinema City,586
21:50,חינה אמריקאית,חינה אמריקאית,https://tickets.cinema-city.co.il/order/836305?lang=en,https://tickets.cinema-city.co.il/order/836305?lang=he,Regular,2D,,,2026-08-04,,,,89,All,Glilot,Cinema City,586
22:50,חינה אמריקאית,חינה אמריקאית,https://tickets.cinema-city.co.il/order/836303?lang=en,https://tickets.cinema-city.co.il/order/836303?lang=he,Regular,2D,,,2026-08-04,,,,89,All,Glilot,Cinema City,586
11:10,חינה אמריקאית,חינה אמריקאית,https://tickets.cinema-city.co.il/order/836618?lang=en,https://tickets.cinema-city.co.il/order/836618?lang=he,Regular,2D,,,2026-08-05,,,,89,All,Glilot,Cinema City,586
14:40,חינה אמריקאית,חינה אמריקאית,https://tickets.cinema-city.co.il/order/836619?lang=en,https://tickets.cinema-city.co.il/order/836619?lang=he,Regular,2D,,,2026-08-05,,,,89,All,Glilot,Cinema City,586
17:20,חינה אמריקאית,חינה אמריקאית,https://tickets.cinema-city.co.il/order/836552?lang=en,https://tickets.cinema-city.co.il/order/836552?lang=he,Regular,2D,,,2026-08-05,,,,89,All,Glilot,Cinema City,586
21:50,חינה אמריקאית,חינה אמריקאית,https://tickets.cinema-city.co.il/order/836590?lang=en,https://tickets.cinema-city.co.il/order/836590?lang=he,Regular,2D,,,2026-08-05,,,,89,All,Glilot,Cinema City,586
23:00,חינה אמריקאית,חינה אמריקאית,https://tickets.cinema-city.co.il/order/836588?lang=en,https://tickets.cinema-city.co.il/order/836588?lang=he,Regular,2D,,,2026-08-05,,,,89,All,Glilot,Cinema City,586
11:10,Tafiti: Across the Desert,טפיטי: הרפתקה במדבר,https://tickets.cinema-city.co.il/order/835924?lang=en,https://tickets.cinema-city.co.il/order/835924?lang=he,Regular,2D,,Hebrew,2026-08-01,,,,81,9+,Glilot,Cinema City,586
13:15,Tafiti: Across the Desert,טפיטי: הרפתקה במדבר,https://tickets.cinema-city.co.il/order/835925?lang=en,https://tickets.cinema-city.co.il/order/835925?lang=he,Regular,2D,,Hebrew,2026-08-01,,,,81,9+,Glilot,Cinema City,586
13:20,Tafiti: Across the Desert,טפיטי: הרפתקה במדבר,https://tickets.cinema-city.co.il/order/836017?lang=en,https://tickets.cinema-city.co.il/order/836017?lang=he,Regular,2D,,Hebrew,2026-08-02,,,,81,9+,Glilot,Cinema City,586
15:30,Tafiti: Across the Desert,טפיטי: הרפתקה במדבר,https://tickets.cinema-city.co.il/order/836072?lang=en,https://tickets.cinema-city.co.il/order/836072?lang=he,Regular,2D,,Hebrew,2026-08-02,,,,81,9+,Glilot,Cinema City,586
13:20,Tafiti: Across the Desert,טפיטי: הרפתקה במדבר,https://tickets.cinema-city.co.il/order/836117?lang=en,https://tickets.cinema-city.co.il/order/836117?lang=he,Regular,2D,,Hebrew,2026-08-03,,,,81,9+,Glilot,Cinema City,586
15:30,Tafiti: Across the Desert,טפיטי: הרפתקה במדבר,https://tickets.cinema-city.co.il/order/836164?lang=en,https://tickets.cinema-city.co.il/order/836164?lang=he,Regular,2D,,Hebrew,2026-08-03,,,,81,9+,Glilot,Cinema City,586
11:15,Tafiti: Across the Desert,טפיטי: הרפתקה במדבר,https://tickets.cinema-city.co.il/order/836362?lang=en,https://tickets.cinema-city.co.il/order/836362?lang=he,Regular,2D,,Hebrew,2026-08-04,,,,81,9+,Glilot,Cinema City,586
13:30,Tafiti: Across the Desert,טפיטי: הרפתקה במדבר,https://tickets.cinema-city.co.il/order/836249?lang=en,https://tickets.cinema-city.co.il/order/836249?lang=he,Regular,2D,,Hebrew,2026-08-04,,,,81,9+,Glilot,Cinema City,586
15:45,Tafiti: Across the Desert,טפיטי: הרפתקה במדבר,https://tickets.cinema-city.co.il/order/836337?lang=en,https://tickets.cinema-city.co.il/order/836337?lang=he,Regular,2D,,Hebrew,2026-08-04,,,,81,9+,Glilot,Cinema City,586
12:15,Tafiti: Across the Desert,טפיטי: הרפתקה במדבר,https://tickets.cinema-city.co.il/order/836641?lang=en,https://tickets.cinema-city.co.il/order/836641?lang=he,Regular,2D,,Hebrew,2026-08-05,,,,81,9+,Glilot,Cinema City,586
15:20,Tafiti: Across the Desert,טפיטי: הרפתקה במדבר,https://tickets.cinema-city.co.il/order/836607?lang=en,https://tickets.cinema-city.co.il/order/836607?lang=he,Regular,2D,,Hebrew,2026-08-05,,,,81,9+,Glilot,Cinema City,586
19:50,Cuz You're Ugly,כי את מכוערת,https://tickets.cinema-city.co.il/order/835954?lang=en,https://tickets.cinema-city.co.il/order/835954?lang=he,Regular,2D,,,2026-08-01,,,,83,12+,Glilot,Cinema City,586
17:45,Cuz You're Ugly,כי את מכוערת,https://tickets.cinema-city.co.il/order/836076?lang=en,https://tickets.cinema-city.co.il/order/836076?lang=he,Regular,2D,,,2026-08-02,,,,83,12+,Glilot,Cinema City,586
19:50,Cuz You're Ugly,כי את מכוערת,https://tickets.cinema-city.co.il/order/836040?lang=en,https://tickets.cinema-city.co.il/order/836040?lang=he,Regular,2D,,,2026-08-02,,,,83,12+,Glilot,Cinema City,586
22:40,Cuz You're Ugly,כי את מכוערת,https://tickets.cinema-city.co.il/order/836078?lang=en,https://tickets.cinema-city.co.il/order/836078?lang=he,Regular,2D,,,2026-08-02,,,,83,12+,Glilot,Cinema City,586
17:45,Cuz You're Ugly,כי את מכוערת,https://tickets.cinema-city.co.il/order/836168?lang=en,https://tickets.cinema-city.co.il/order/836168?lang=he,Regular,2D,,,2026-08-03,,,,83,12+,Glilot,Cinema City,586
19:40,Cuz You're Ugly,כי את מכוערת,https://tickets.cinema-city.co.il/order/836139?lang=en,https://tickets.cinema-city.co.il/order/836139?lang=he,Regular,2D,,,2026-08-03,,,,83,12+,Glilot,Cinema City,586
22:50,Cuz You're Ugly,כי את מכוערת,https://tickets.cinema-city.co.il/order/836169?lang=en,https://tickets.cinema-city.co.il/order/836169?lang=he,Regular,2D,,,2026-08-03,,,,83,12+,Glilot,Cinema City,586
11:45,Cuz You're Ugly,כי את מכוערת,https://tickets.cinema-city.co.il/order/836376?lang=en,https://tickets.cinema-city.co.il/order/836376?lang=he,Regular,2D,,,2026-08-04,,,,83,12+,Glilot,Cinema City,586
19:40,Cuz You're Ugly,כי את מכוערת,https://tickets.cinema-city.co.il/order/836294?lang=en,https://tickets.cinema-city.co.il/order/836294?lang=he,Regular,2D,,,2026-08-04,,,,83,12+,Glilot,Cinema City,586
22:50,Cuz You're Ugly,כי את מכוערת,https://tickets.cinema-city.co.il/order/836341?lang=en,https://tickets.cinema-city.co.il/order/836341?lang=he,Regular,2D,,,2026-08-04,,,,83,12+,Glilot,Cinema City,586
19:40,Cuz You're Ugly,כי את מכוערת,https://tickets.cinema-city.co.il/order/836579?lang=en,https://tickets.cinema-city.co.il/order/836579?lang=he,Regular,2D,,,2026-08-05,,,,83,12+,Glilot,Cinema City,586
22:40,Cuz You're Ugly,כי את מכוערת,https://tickets.cinema-city.co.il/order/836615?lang=en,https://tickets.cinema-city.co.il/order/836615?lang=he,Regular,2D,,,2026-08-05,,,,83,12+,Glilot,Cinema City,586
10:10,MASHA & THE BEAR – WONDER PARK,מאשה והדוב-ההרפתקה הגדולה,https://tickets.cinema-city.co.il/order/835894?lang=en,https://tickets.cinema-city.co.il/order/835894?lang=he,Regular,2D,,Hebrew,2026-08-01,,,,73,All,Glilot,Cinema City,586
13:15,MASHA & THE BEAR – WONDER PARK,מאשה והדוב-ההרפתקה הגדולה,https://tickets.cinema-city.co.il/order/835923?lang=en,https://tickets.cinema-city.co.il/order/835923?lang=he,Regular,2D,,Hebrew,2026-08-01,,,,73,All,Glilot,Cinema City,586
13:00,MASHA & THE BEAR – WONDER PARK,מאשה והדוב-ההרפתקה הגדולה,https://tickets.cinema-city.co.il/order/836016?lang=en,https://tickets.cinema-city.co.il/order/836016?lang=he,Regular,2D,,Hebrew,2026-08-02,,,,73,All,Glilot,Cinema City,586
15:10,MASHA & THE BEAR – WONDER PARK,מאשה והדוב-ההרפתקה הגדולה,https://tickets.cinema-city.co.il/order/836073?lang=en,https://tickets.cinema-city.co.il/order/836073?lang=he,Regular,2D,,Hebrew,2026-08-02,,,,73,All,Glilot,Cinema City,586
13:10,MASHA & THE BEAR – WONDER PARK,מאשה והדוב-ההרפתקה הגדולה,https://tickets.cinema-city.co.il/order/836116?lang=en,https://tickets.cinema-city.co.il/order/836116?lang=he,Regular,2D,,Hebrew,2026-08-03,,,,73,All,Glilot,Cinema City,586
15:10,MASHA & THE BEAR – WONDER PARK,מאשה והדוב-ההרפתקה הגדולה,https://tickets.cinema-city.co.il/order/836165?lang=en,https://tickets.cinema-city.co.il/order/836165?lang=he,Regular,2D,,Hebrew,2026-08-03,,,,73,All,Glilot,Cinema City,586
10:50,MASHA & THE BEAR – WONDER PARK,מאשה והדוב-ההרפתקה הגדולה,https://tickets.cinema-city.co.il/order/836370?lang=en,https://tickets.cinema-city.co.il/order/836370?lang=he,Regular,2D,,Hebrew,2026-08-04,,,,73,All,Glilot,Cinema City,586
12:50,MASHA & THE BEAR – WONDER PARK,מאשה והדוב-ההרפתקה הגדולה,https://tickets.cinema-city.co.il/order/836248?lang=en,https://tickets.cinema-city.co.il/order/836248?lang=he,Regular,2D,,Hebrew,2026-08-04,,,,73,All,Glilot,Cinema City,586
15:10,MASHA & THE BEAR – WONDER PARK,מאשה והדוב-ההרפתקה הגדולה,https://tickets.cinema-city.co.il/order/836338?lang=en,https://tickets.cinema-city.co.il/order/836338?lang=he,Regular,2D,,Hebrew,2026-08-04,,,,73,All,Glilot,Cinema City,586
13:10,MASHA & THE BEAR – WONDER PARK,מאשה והדוב-ההרפתקה הגדולה,https://tickets.cinema-city.co.il/order/836561?lang=en,https://tickets.cinema-city.co.il/order/836561?lang=he,Regular,2D,,Hebrew,2026-08-05,,,,73,All,Glilot,Cinema City,586
15:10,MASHA & THE BEAR – WONDER PARK,מאשה והדוב-ההרפתקה הגדולה,https://tickets.cinema-city.co.il/order/836609?lang=en,https://tickets.cinema-city.co.il/order/836609?lang=he,Regular,2D,,Hebrew,2026-08-05,,,,73,All,Glilot,Cinema City,586
11:50,Moana (Live Action),מואנה (לייב אקשן),https://tickets.cinema-city.co.il/order/835895?lang=en,https://tickets.cinema-city.co.il/order/835895?lang=he,Regular,2D,,Hebrew,2026-08-01,,,,115,All,Glilot,Cinema City,586
14:15,Moana (Live Action),מואנה (לייב אקשן),https://tickets.cinema-city.co.il/order/835896?lang=en,https://tickets.cinema-city.co.il/order/835896?lang=he,Regular,2D,,Hebrew,2026-08-01,,,,115,All,Glilot,Cinema City,586
16:40,Moana (Live Action),מואנה (לייב אקשן),https://tickets.cinema-city.co.il/order/835897?lang=en,https://tickets.cinema-city.co.il/order/835897?lang=he,Regular,2D,,Hebrew,2026-08-01,,,,115,All,Glilot,Cinema City,586
11:20,Moana (Live Action),מואנה (לייב אקשן),https://tickets.cinema-city.co.il/order/835996?lang=en,https://tickets.cinema-city.co.il/order/835996?lang=he,Regular,2D,,Hebrew,2026-08-02,,,,115,All,Glilot,Cinema City,586
13:40,Moana (Live Action),מואנה (לייב אקשן),https://tickets.cinema-city.co.il/order/835997?lang=en,https://tickets.cinema-city.co.il/order/835997?lang=he,Regular,2D,,Hebrew,2026-08-02,,,,115,All,Glilot,Cinema City,586
16:00,Moana (Live Action),מואנה (לייב אקשן),https://tickets.cinema-city.co.il/order/835998?lang=en,https://tickets.cinema-city.co.il/order/835998?lang=he,Regular,2D,,Hebrew,2026-08-02,,,,115,All,Glilot,Cinema City,586
18:20,Moana (Live Action),מואנה (לייב אקשן),https://tickets.cinema-city.co.il/order/836080?lang=en,https://tickets.cinema-city.co.il/order/836080?lang=he,Regular,2D,,Hebrew,2026-08-02,,,,115,All,Glilot,Cinema City,586
11:20,Moana (Live Action),מואנה (לייב אקשן),https://tickets.cinema-city.co.il/order/836103?lang=en,https://tickets.cinema-city.co.il/order/836103?lang=he,Regular,2D,,Hebrew,2026-08-03,,,,115,All,Glilot,Cinema City,586
13:40,Moana (Live Action),מואנה (לייב אקשן),https://tickets.cinema-city.co.il/order/836104?lang=en,https://tickets.cinema-city.co.il/order/836104?lang=he,Regular,2D,,Hebrew,2026-08-03,,,,115,All,Glilot,Cinema City,586
16:00,Moana (Live Action),מואנה (לייב אקשן),https://tickets.cinema-city.co.il/order/836105?lang=en,https://tickets.cinema-city.co.il/order/836105?lang=he,Regular,2D,,Hebrew,2026-08-03,,,,115,All,Glilot,Cinema City,586
18:20,Moana (Live Action),מואנה (לייב אקשן),https://tickets.cinema-city.co.il/order/836171?lang=en,https://tickets.cinema-city.co.il/order/836171?lang=he,Regular,2D,,Hebrew,2026-08-03,,,,115,All,Glilot,Cinema City,586
10:30,Moana (Live Action),מואנה (לייב אקשן),https://tickets.cinema-city.co.il/order/836240?lang=en,https://tickets.cinema-city.co.il/order/836240?lang=he,Regular,2D,,Hebrew,2026-08-04,,,,115,All,Glilot,Cinema City,586
13:30,Moana (Live Action),מואנה (לייב אקשן),https://tickets.cinema-city.co.il/order/836241?lang=en,https://tickets.cinema-city.co.il/order/836241?lang=he,Regular,2D,,Hebrew,2026-08-04,,,,115,All,Glilot,Cinema City,586
16:00,Moana (Live Action),מואנה (לייב אקשן),https://tickets.cinema-city.co.il/order/836242?lang=en,https://tickets.cinema-city.co.il/order/836242?lang=he,Regular,2D,,Hebrew,2026-08-04,,,,115,All,Glilot,Cinema City,586
18:20,Moana (Live Action),מואנה (לייב אקשן),https://tickets.cinema-city.co.il/order/836342?lang=en,https://tickets.cinema-city.co.il/order/836342?lang=he,Regular,2D,,Hebrew,2026-08-04,,,,115,All,Glilot,Cinema City,586
11:10,Moana (Live Action),מואנה (לייב אקשן),https://tickets.cinema-city.co.il/order/836643?lang=en,https://tickets.cinema-city.co.il/order/836643?lang=he,Regular,2D,,Hebrew,2026-08-05,,,,115,All,Glilot,Cinema City,586
13:40,Moana (Live Action),מואנה (לייב אקשן),https://tickets.cinema-city.co.il/order/836550?lang=en,https://tickets.cinema-city.co.il/order/836550?lang=he,Regular,2D,,Hebrew,2026-08-05,,,,115,All,Glilot,Cinema City,586
16:00,Moana (Live Action),מואנה (לייב אקשן),https://tickets.cinema-city.co.il/order/836551?lang=en,https://tickets.cinema-city.co.il/order/836551?lang=he,Regular,2D,,Hebrew,2026-08-05,,,,115,All,Glilot,Cinema City,586
18:20,Moana (Live Action),מואנה (לייב אקשן),https://tickets.cinema-city.co.il/order/836617?lang=en,https://tickets.cinema-city.co.il/order/836617?lang=he,Regular,2D,,Hebrew,2026-08-05,,,,115,All,Glilot,Cinema City,586
21:10,Motor City,מוטור סיטי,https://tickets.cinema-city.co.il/order/835919?lang=en,https://tickets.cinema-city.co.il/order/835919?lang=he,Regular,2D,,,2026-08-01,,,,103,16+,Glilot,Cinema City,586
23:30,Motor City,מוטור סיטי,https://tickets.cinema-city.co.il/order/835920?lang=en,https://tickets.cinema-city.co.il/order/835920?lang=he,Regular,2D,,,2026-08-01,,,,103,16+,Glilot,Cinema City,586
20:45,Motor City,מוטור סיטי,https://tickets.cinema-city.co.il/order/836012?lang=en,https://tickets.cinema-city.co.il/order/836012?lang=he,Regular,2D,,,2026-08-02,,,,103,16+,Glilot,Cinema City,586
23:10,Motor City,מוטור סיטי,https://tickets.cinema-city.co.il/order/836013?lang=en,https://tickets.cinema-city.co.il/order/836013?lang=he,Regular,2D,,,2026-08-02,,,,103,16+,Glilot,Cinema City,586
20:45,Motor City,מוטור סיטי,https://tickets.cinema-city.co.il/order/836114?lang=en,https://tickets.cinema-city.co.il/order/836114?lang=he,Regular,2D,,,2026-08-03,,,,103,16+,Glilot,Cinema City,586
23:10,Motor City,מוטור סיטי,https://tickets.cinema-city.co.il/order/836115?lang=en,https://tickets.cinema-city.co.il/order/836115?lang=he,Regular,2D,,,2026-08-03,,,,103,16+,Glilot,Cinema City,586
20:45,Motor City,מוטור סיטי,https://tickets.cinema-city.co.il/order/836247?lang=en,https://tickets.cinema-city.co.il/order/836247?lang=he,Regular,2D,,,2026-08-04,,,,103,16+,Glilot,Cinema City,586
22:10,Motor City,מוטור סיטי,https://tickets.cinema-city.co.il/order/836382?lang=en,https://tickets.cinema-city.co.il/order/836382?lang=he,Regular,2D,,,2026-08-04,,,,103,16+,Glilot,Cinema City,586
21:05,Motor City,מוטור סיטי,https://tickets.cinema-city.co.il/order/836559?lang=en,https://tickets.cinema-city.co.il/order/836559?lang=he,Regular,2D,,,2026-08-05,,,,103,16+,Glilot,Cinema City,586
23:30,Motor City,מוטור סיטי,https://tickets.cinema-city.co.il/order/836560?lang=en,https://tickets.cinema-city.co.il/order/836560?lang=he,Regular,2D,,,2026-08-05,,,,103,16+,Glilot,Cinema City,586
10:30,School of Magical Animals 3,סוד החיות הקסומות 3,https://tickets.cinema-city.co.il/order/835977?lang=en,https://tickets.cinema-city.co.il/order/835977?lang=he,Regular,2D,,Hebrew,2026-08-01,,,,105,All,Glilot,Cinema City,586
13:00,School of Magical Animals 3,סוד החיות הקסומות 3,https://tickets.cinema-city.co.il/order/835959?lang=en,https://tickets.cinema-city.co.il/order/835959?lang=he,Regular,2D,,Hebrew,2026-08-01,,,,105,All,Glilot,Cinema City,586
11:10,School of Magical Animals 3,סוד החיות הקסומות 3,https://tickets.cinema-city.co.il/order/836053?lang=en,https://tickets.cinema-city.co.il/order/836053?lang=he,Regular,2D,,Hebrew,2026-08-02,,,,105,All,Glilot,Cinema City,586
13:45,School of Magical Animals 3,סוד החיות הקסומות 3,https://tickets.cinema-city.co.il/order/836043?lang=en,https://tickets.cinema-city.co.il/order/836043?lang=he,Regular,2D,,Hebrew,2026-08-02,,,,105,All,Glilot,Cinema City,586
16:15,School of Magical Animals 3,סוד החיות הקסומות 3,https://tickets.cinema-city.co.il/order/836063?lang=en,https://tickets.cinema-city.co.il/order/836063?lang=he,Regular,2D,,Hebrew,2026-08-02,,,,105,All,Glilot,Cinema City,586
13:45,School of Magical Animals 3,סוד החיות הקסומות 3,https://tickets.cinema-city.co.il/order/836142?lang=en,https://tickets.cinema-city.co.il/order/836142?lang=he,Regular,2D,,Hebrew,2026-08-03,,,,105,All,Glilot,Cinema City,586
16:15,School of Magical Animals 3,סוד החיות הקסומות 3,https://tickets.cinema-city.co.il/order/836158?lang=en,https://tickets.cinema-city.co.il/order/836158?lang=he,Regular,2D,,Hebrew,2026-08-03,,,,105,All,Glilot,Cinema City,586
13:45,School of Magical Animals 3,סוד החיות הקסומות 3,https://tickets.cinema-city.co.il/order/836296?lang=en,https://tickets.cinema-city.co.il/order/836296?lang=he,Regular,2D,,Hebrew,2026-08-04,,,,105,All,Glilot,Cinema City,586
16:15,School of Magical Animals 3,סוד החיות הקסומות 3,https://tickets.cinema-city.co.il/order/836333?lang=en,https://tickets.cinema-city.co.il/order/836333?lang=he,Regular,2D,,Hebrew,2026-08-04,,,,105,All,Glilot,Cinema City,586
12:50,School of Magical Animals 3,סוד החיות הקסומות 3,https://tickets.cinema-city.co.il/order/836583?lang=en,https://tickets.cinema-city.co.il/order/836583?lang=he,Regular,2D,,Hebrew,2026-08-05,,,,105,All,Glilot,Cinema City,586
15:20,School of Magical Animals 3,סוד החיות הקסומות 3,https://tickets.cinema-city.co.il/order/836601?lang=en,https://tickets.cinema-city.co.il/order/836601?lang=he,Regular,2D,,Hebrew,2026-08-05,,,,105,All,Glilot,Cinema City,586
10:50,סולטיז הסרט,סולטיז הסרט-וולוג ה-100,https://tickets.cinema-city.co.il/order/835911?lang=en,https://tickets.cinema-city.co.il/order/835911?lang=he,Regular,2D,,,2026-08-01,,,,100,All,Glilot,Cinema City,586
13:10,סולטיז הסרט,סולטיז הסרט-וולוג ה-100,https://tickets.cinema-city.co.il/order/835912?lang=en,https://tickets.cinema-city.co.il/order/835912?lang=he,Regular,2D,,,2026-08-01,,,,100,All,Glilot,Cinema City,586
15:30,סולטיז הסרט,סולטיז הסרט-וולוג ה-100,https://tickets.cinema-city.co.il/order/835913?lang=en,https://tickets.cinema-city.co.il/order/835913?lang=he,Regular,2D,,,2026-08-01,,,,100,All,Glilot,Cinema City,586
17:50,סולטיז הסרט,סולטיז הסרט-וולוג ה-100,https://tickets.cinema-city.co.il/order/835914?lang=en,https://tickets.cinema-city.co.il/order/835914?lang=he,Regular,2D,,,2026-08-01,,,,100,All,Glilot,Cinema City,586
11:20,סולטיז הסרט,סולטיז הסרט-וולוג ה-100,https://tickets.cinema-city.co.il/order/836007?lang=en,https://tickets.cinema-city.co.il/order/836007?lang=he,Regular,2D,,,2026-08-02,,,,100,All,Glilot,Cinema City,586
13:10,סולטיז הסרט,סולטיז הסרט-וולוג ה-100,https://tickets.cinema-city.co.il/order/836008?lang=en,https://tickets.cinema-city.co.il/order/836008?lang=he,Regular,2D,,,2026-08-02,,,,100,All,Glilot,Cinema City,586
15:30,סולטיז הסרט,סולטיז הסרט-וולוג ה-100,https://tickets.cinema-city.co.il/order/836009?lang=en,https://tickets.cinema-city.co.il/order/836009?lang=he,Regular,2D,,,2026-08-02,,,,100,All,Glilot,Cinema City,586
17:50,סולטיז הסרט,סולטיז הסרט-וולוג ה-100,https://tickets.cinema-city.co.il/order/836010?lang=en,https://tickets.cinema-city.co.il/order/836010?lang=he,Regular,2D,,,2026-08-02,,,,100,All,Glilot,Cinema City,586
15:30,סולטיז הסרט,סולטיז הסרט-וולוג ה-100,https://tickets.cinema-city.co.il/order/836112?lang=en,https://tickets.cinema-city.co.il/order/836112?lang=he,Regular,2D,,,2026-08-03,,,,100,All,Glilot,Cinema City,586
17:50,סולטיז הסרט,סולטיז הסרט-וולוג ה-100,https://tickets.cinema-city.co.il/order/836113?lang=en,https://tickets.cinema-city.co.il/order/836113?lang=he,Regular,2D,,,2026-08-03,,,,100,All,Glilot,Cinema City,586
15:00,סולטיז הסרט,סולטיז הסרט-וולוג ה-100,https://tickets.cinema-city.co.il/order/836246?lang=en,https://tickets.cinema-city.co.il/order/836246?lang=he,Regular,2D,,,2026-08-04,,,,100,All,Glilot,Cinema City,586
14:30,סולטיז הסרט,סולטיז הסרט-וולוג ה-100,https://tickets.cinema-city.co.il/order/836558?lang=en,https://tickets.cinema-city.co.il/order/836558?lang=he,Regular,2D,,,2026-08-05,,,,100,All,Glilot,Cinema City,586
17:30,סולטיז הסרט,סולטיז הסרט-וולוג ה-100,https://tickets.cinema-city.co.il/order/836655?lang=en,https://tickets.cinema-city.co.il/order/836655?lang=he,Regular,2D,,,2026-08-05,,,,100,All,Glilot,Cinema City,586
11:10,Three Wishes for Cinderella,סינדרלה ושלוש המשאלות,https://tickets.cinema-city.co.il/order/835962?lang=en,https://tickets.cinema-city.co.il/order/835962?lang=he,Regular,2D,,Hebrew,2026-08-01,,,,85,All,Glilot,Cinema City,586
10:50,Three Wishes for Cinderella,סינדרלה ושלוש המשאלות,https://tickets.cinema-city.co.il/order/836044?lang=en,https://tickets.cinema-city.co.il/order/836044?lang=he,Regular,2D,,Hebrew,2026-08-02,,,,85,All,Glilot,Cinema City,586
13:00,Three Wishes for Cinderella,סינדרלה ושלוש המשאלות,https://tickets.cinema-city.co.il/order/836075?lang=en,https://tickets.cinema-city.co.il/order/836075?lang=he,Regular,2D,,Hebrew,2026-08-02,,,,85,All,Glilot,Cinema City,586
15:10,Three Wishes for Cinderella,סינדרלה ושלוש המשאלות,https://tickets.cinema-city.co.il/order/836045?lang=en,https://tickets.cinema-city.co.il/order/836045?lang=he,Regular,2D,,Hebrew,2026-08-02,,,,85,All,Glilot,Cinema City,586
13:00,Three Wishes for Cinderella,סינדרלה ושלוש המשאלות,https://tickets.cinema-city.co.il/order/836167?lang=en,https://tickets.cinema-city.co.il/order/836167?lang=he,Regular,2D,,Hebrew,2026-08-03,,,,85,All,Glilot,Cinema City,586
15:10,Three Wishes for Cinderella,סינדרלה ושלוש המשאלות,https://tickets.cinema-city.co.il/order/836143?lang=en,https://tickets.cinema-city.co.il/order/836143?lang=he,Regular,2D,,Hebrew,2026-08-03,,,,85,All,Glilot,Cinema City,586
10:50,Three Wishes for Cinderella,סינדרלה ושלוש המשאלות,https://tickets.cinema-city.co.il/order/836371?lang=en,https://tickets.cinema-city.co.il/order/836371?lang=he,Regular,2D,,Hebrew,2026-08-04,,,,85,All,Glilot,Cinema City,586
13:00,Three Wishes for Cinderella,סינדרלה ושלוש המשאלות,https://tickets.cinema-city.co.il/order/836340?lang=en,https://tickets.cinema-city.co.il/order/836340?lang=he,Regular,2D,,Hebrew,2026-08-04,,,,85,All,Glilot,Cinema City,586
15:10,Three Wishes for Cinderella,סינדרלה ושלוש המשאלות,https://tickets.cinema-city.co.il/order/836298?lang=en,https://tickets.cinema-city.co.il/order/836298?lang=he,Regular,2D,,Hebrew,2026-08-04,,,,85,All,Glilot,Cinema City,586
13:00,Three Wishes for Cinderella,סינדרלה ושלוש המשאלות,https://tickets.cinema-city.co.il/order/836614?lang=en,https://tickets.cinema-city.co.il/order/836614?lang=he,Regular,2D,,Hebrew,2026-08-05,,,,85,All,Glilot,Cinema City,586
15:10,Three Wishes for Cinderella,סינדרלה ושלוש המשאלות,https://tickets.cinema-city.co.il/order/836584?lang=en,https://tickets.cinema-city.co.il/order/836584?lang=he,Regular,2D,,Hebrew,2026-08-05,,,,85,All,Glilot,Cinema City,586
10:00,SPIDERMAN: BRAND NEW DAY,ספיידרמן: יום חדש,https://tickets.cinema-city.co.il/order/814039?lang=en,https://tickets.cinema-city.co.il/order/814039?lang=he,Regular,2D,,,2026-08-01,,,,135,All,Glilot,Cinema City,586
11:30,SPIDERMAN: BRAND NEW DAY,ספיידרמן: יום חדש,https://tickets.cinema-city.co.il/order/814035?lang=en,https://tickets.cinema-city.co.il/order/814035?lang=he,Regular,2D,,,2026-08-01,,,,135,All,Glilot,Cinema City,586
12:20,SPIDERMAN: BRAND NEW DAY,ספיידרמן: יום חדש,https://tickets.cinema-city.co.il/order/835909?lang=en,https://tickets.cinema-city.co.il/order/835909?lang=he,Regular,2D,,,2026-08-01,,,,135,All,Glilot,Cinema City,586
13:30,SPIDERMAN: BRAND NEW DAY,ספיידרמן: יום חדש,https://tickets.cinema-city.co.il/order/814040?lang=en,https://tickets.cinema-city.co.il/order/814040?lang=he,Regular,2D,,,2026-08-01,,,,135,All,Glilot,Cinema City,586
14:30,SPIDERMAN: BRAND NEW DAY,ספיידרמן: יום חדש,https://tickets.cinema-city.co.il/order/835953?lang=en,https://tickets.cinema-city.co.il/order/835953?lang=he,Regular,2D,,,2026-08-01,,,,135,All,Glilot,Cinema City,586
15:00,SPIDERMAN: BRAND NEW DAY,ספיידרמן: יום חדש,https://tickets.cinema-city.co.il/order/814036?lang=en,https://tickets.cinema-city.co.il/order/814036?lang=he,Regular,2D,,,2026-08-01,,,,135,All,Glilot,Cinema City,586
15:30,SPIDERMAN: BRAND NEW DAY,ספיידרמן: יום חדש,https://tickets.cinema-city.co.il/order/835976?lang=en,https://tickets.cinema-city.co.il/order/835976?lang=he,Regular,2D,,,2026-08-01,,,,135,All,Glilot,Cinema City,586
16:00,SPIDERMAN: BRAND NEW DAY,ספיידרמן: יום חדש,https://tickets.cinema-city.co.il/order/835908?lang=en,https://tickets.cinema-city.co.il/order/835908?lang=he,Regular,2D,,,2026-08-01,,,,135,All,Glilot,Cinema City,586
17:00,SPIDERMAN: BRAND NEW DAY,ספיידרמן: יום חדש,https://tickets.cinema-city.co.il/order/814042?lang=en,https://tickets.cinema-city.co.il/order/814042?lang=he,Regular,2D,,,2026-08-01,,,,135,All,Glilot,Cinema City,586
17:45,SPIDERMAN: BRAND NEW DAY,ספיידרמן: יום חדש,https://tickets.cinema-city.co.il/order/835951?lang=en,https://tickets.cinema-city.co.il/order/835951?lang=he,Regular,2D,,,2026-08-01,,,,135,All,Glilot,Cinema City,586
18:30,SPIDERMAN: BRAND NEW DAY,ספיידרמן: יום חדש,https://tickets.cinema-city.co.il/order/814037?lang=en,https://tickets.cinema-city.co.il/order/814037?lang=he,Regular,2D,,,2026-08-01,,,,135,All,Glilot,Cinema City,586
19:20,SPIDERMAN: BRAND NEW DAY,ספיידרמן: יום חדש,https://tickets.cinema-city.co.il/order/835906?lang=en,https://tickets.cinema-city.co.il/order/835906?lang=he,Regular,2D,,,2026-08-01,,,,135,All,Glilot,Cinema City,586
19:40,SPIDERMAN: BRAND NEW DAY,ספיידרמן: יום חדש,https://tickets.cinema-city.co.il/order/835979?lang=en,https://tickets.cinema-city.co.il/order/835979?lang=he,Regular,2D,,,2026-08-01,,,,135,All,Glilot,Cinema City,586
20:00,SPIDERMAN: BRAND NEW DAY,ספיידרמן: יום חדש,https://tickets.cinema-city.co.il/order/835963?lang=en,https://tickets.cinema-city.co.il/order/835963?lang=he,Regular,2D,,,2026-08-01,,,,135,All,Glilot,Cinema City,586
20:30,SPIDERMAN: BRAND NEW DAY,ספיידרמן: יום חדש,https://tickets.cinema-city.co.il/order/814045?lang=en,https://tickets.cinema-city.co.il/order/814045?lang=he,Regular,2D,,,2026-08-01,,,,135,All,Glilot,Cinema City,586
21:00,SPIDERMAN: BRAND NEW DAY,ספיידרמן: יום חדש,https://tickets.cinema-city.co.il/order/835952?lang=en,https://tickets.cinema-city.co.il/order/835952?lang=he,Regular,2D,,,2026-08-01,,,,135,All,Glilot,Cinema City,586
21:20,SPIDERMAN: BRAND NEW DAY,ספיידרמן: יום חדש,https://tickets.cinema-city.co.il/order/835965?lang=en,https://tickets.cinema-city.co.il/order/835965?lang=he,Regular,2D,,,2026-08-01,,,,135,All,Glilot,Cinema City,586
22:00,SPIDERMAN: BRAND NEW DAY,ספיידרמן: יום חדש,https://tickets.cinema-city.co.il/order/814038?lang=en,https://tickets.cinema-city.co.il/order/814038?lang=he,Regular,2D,,,2026-08-01,,,,135,All,Glilot,Cinema City,586
22:40,SPIDERMAN: BRAND NEW DAY,ספיידרמן: יום חדש,https://tickets.cinema-city.co.il/order/835907?lang=en,https://tickets.cinema-city.co.il/order/835907?lang=he,Regular,2D,,,2026-08-01,,,,135,All,Glilot,Cinema City,586
23:20,SPIDERMAN: BRAND NEW DAY,ספיידרמן: יום חדש,https://tickets.cinema-city.co.il/order/835964?lang=en,https://tickets.cinema-city.co.il/order/835964?lang=he,Regular,2D,,,2026-08-01,,,,135,All,Glilot,Cinema City,586
11:10,SPIDERMAN: BRAND NEW DAY,ספיידרמן: יום חדש,https://tickets.cinema-city.co.il/order/836059?lang=en,https://tickets.cinema-city.co.il/order/836059?lang=he,Regular,2D,,,2026-08-02,,,,135,All,Glilot,Cinema City,586
14:30,SPIDERMAN: BRAND NEW DAY,ספיידרמן: יום חדש,https://tickets.cinema-city.co.il/order/836039?lang=en,https://tickets.cinema-city.co.il/order/836039?lang=he,Regular,2D,,,2026-08-02,,,,135,All,Glilot,Cinema City,586
14:45,SPIDERMAN: BRAND NEW DAY,ספיידרמן: יום חדש,https://tickets.cinema-city.co.il/order/836052?lang=en,https://tickets.cinema-city.co.il/order/836052?lang=he,Regular,2D,,,2026-08-02,,,,135,All,Glilot,Cinema City,586
16:00,SPIDERMAN: BRAND NEW DAY,ספיידרמן: יום חדש,https://tickets.cinema-city.co.il/order/836006?lang=en,https://tickets.cinema-city.co.il/order/836006?lang=he,Regular,2D,,,2026-08-02,,,,135,All,Glilot,Cinema City,586
17:45,SPIDERMAN: BRAND NEW DAY,ספיידרמן: יום חדש,https://tickets.cinema-city.co.il/order/836037?lang=en,https://tickets.cinema-city.co.il/order/836037?lang=he,Regular,2D,,,2026-08-02,,,,135,All,Glilot,Cinema City,586
18:00,SPIDERMAN: BRAND NEW DAY,ספיידרמן: יום חדש,https://tickets.cinema-city.co.il/order/836065?lang=en,https://tickets.cinema-city.co.il/order/836065?lang=he,Regular,2D,,,2026-08-02,,,,135,All,Glilot,Cinema City,586
19:20,SPIDERMAN: BRAND NEW DAY,ספיידרמן: יום חדש,https://tickets.cinema-city.co.il/order/836004?lang=en,https://tickets.cinema-city.co.il/order/836004?lang=he,Regular,2D,,,2026-08-02,,,,135,All,Glilot,Cinema City,586
20:00,SPIDERMAN: BRAND NEW DAY,ספיידרמן: יום חדש,https://tickets.cinema-city.co.il/order/836046?lang=en,https://tickets.cinema-city.co.il/order/836046?lang=he,Regular,2D,,,2026-08-02,,,,135,All,Glilot,Cinema City,586
21:00,SPIDERMAN: BRAND NEW DAY,ספיידרמן: יום חדש,https://tickets.cinema-city.co.il/order/836038?lang=en,https://tickets.cinema-city.co.il/order/836038?lang=he,Regular,2D,,,2026-08-02,,,,135,All,Glilot,Cinema City,586
21:20,SPIDERMAN: BRAND NEW DAY,ספיידרמן: יום חדש,https://tickets.cinema-city.co.il/order/836048?lang=en,https://tickets.cinema-city.co.il/order/836048?lang=he,Regular,2D,,,2026-08-02,,,,135,All,Glilot,Cinema City,586
22:40,SPIDERMAN: BRAND NEW DAY,ספיידרמן: יום חדש,https://tickets.cinema-city.co.il/order/836005?lang=en,https://tickets.cinema-city.co.il/order/836005?lang=he,Regular,2D,,,2026-08-02,,,,135,All,Glilot,Cinema City,586
23:35,SPIDERMAN: BRAND NEW DAY,ספיידרמן: יום חדש,https://tickets.cinema-city.co.il/order/836047?lang=en,https://tickets.cinema-city.co.il/order/836047?lang=he,Regular,2D,,,2026-08-02,,,,135,All,Glilot,Cinema City,586
10:40,SPIDERMAN: BRAND NEW DAY,ספיידרמן: יום חדש,https://tickets.cinema-city.co.il/order/836181?lang=en,https://tickets.cinema-city.co.il/order/836181?lang=he,Regular,2D,,,2026-08-03,,,,135,All,Glilot,Cinema City,586
11:10,SPIDERMAN: BRAND NEW DAY,ספיידרמן: יום חדש,https://tickets.cinema-city.co.il/order/836155?lang=en,https://tickets.cinema-city.co.il/order/836155?lang=he,Regular,2D,,,2026-08-03,,,,135,All,Glilot,Cinema City,586
13:30,SPIDERMAN: BRAND NEW DAY,ספיידרמן: יום חדש,https://tickets.cinema-city.co.il/order/836184?lang=en,https://tickets.cinema-city.co.il/order/836184?lang=he,Regular,2D,,,2026-08-03,,,,135,All,Glilot,Cinema City,586
14:00,SPIDERMAN: BRAND NEW DAY,ספיידרמן: יום חדש,https://tickets.cinema-city.co.il/order/836156?lang=en,https://tickets.cinema-city.co.il/order/836156?lang=he,Regular,2D,,,2026-08-03,,,,135,All,Glilot,Cinema City,586
14:30,SPIDERMAN: BRAND NEW DAY,ספיידרמן: יום חדש,https://tickets.cinema-city.co.il/order/836138?lang=en,https://tickets.cinema-city.co.il/order/836138?lang=he,Regular,2D,,,2026-08-03,,,,135,All,Glilot,Cinema City,586
16:50,SPIDERMAN: BRAND NEW DAY,ספיידרמן: יום חדש,https://tickets.cinema-city.co.il/order/836111?lang=en,https://tickets.cinema-city.co.il/order/836111?lang=he,Regular,2D,,,2026-08-03,,,,135,All,Glilot,Cinema City,586
17:45,SPIDERMAN: BRAND NEW DAY,ספיידרמן: יום חדש,https://tickets.cinema-city.co.il/order/836136?lang=en,https://tickets.cinema-city.co.il/order/836136?lang=he,Regular,2D,,,2026-08-03,,,,135,All,Glilot,Cinema City,586
19:20,SPIDERMAN: BRAND NEW DAY,ספיידרמן: יום חדש,https://tickets.cinema-city.co.il/order/836144?lang=en,https://tickets.cinema-city.co.il/order/836144?lang=he,Regular,2D,,,2026-08-03,,,,135,All,Glilot,Cinema City,586
20:10,SPIDERMAN: BRAND NEW DAY,ספיידרמן: יום חדש,https://tickets.cinema-city.co.il/order/836110?lang=en,https://tickets.cinema-city.co.il/order/836110?lang=he,Regular,2D,,,2026-08-03,,,,135,All,Glilot,Cinema City,586
21:00,SPIDERMAN: BRAND NEW DAY,ספיידרמן: יום חדש,https://tickets.cinema-city.co.il/order/836137?lang=en,https://tickets.cinema-city.co.il/order/836137?lang=he,Regular,2D,,,2026-08-03,,,,135,All,Glilot,Cinema City,586
21:30,SPIDERMAN: BRAND NEW DAY,ספיידרמן: יום חדש,https://tickets.cinema-city.co.il/order/836146?lang=en,https://tickets.cinema-city.co.il/order/836146?lang=he,Regular,2D,,,2026-08-03,,,,135,All,Glilot,Cinema City,586
22:40,SPIDERMAN: BRAND NEW DAY,ספיידרמן: יום חדש,https://tickets.cinema-city.co.il/order/836145?lang=en,https://tickets.cinema-city.co.il/order/836145?lang=he,Regular,2D,,,2026-08-03,,,,135,All,Glilot,Cinema City,586
10:20,SPIDERMAN: BRAND NEW DAY,ספיידרמן: יום חדש,https://tickets.cinema-city.co.il/order/836353?lang=en,https://tickets.cinema-city.co.il/order/836353?lang=he,Regular,2D,,,2026-08-04,,,,135,All,Glilot,Cinema City,586
11:20,SPIDERMAN: BRAND NEW DAY,ספיידרמן: יום חדש,https://tickets.cinema-city.co.il/order/836314?lang=en,https://tickets.cinema-city.co.il/order/836314?lang=he,Regular,2D,,,2026-08-04,,,,135,All,Glilot,Cinema City,586
12:50,SPIDERMAN: BRAND NEW DAY,ספיידרמן: יום חדש,https://tickets.cinema-city.co.il/order/836373?lang=en,https://tickets.cinema-city.co.il/order/836373?lang=he,Regular,2D,,,2026-08-04,,,,135,All,Glilot,Cinema City,586
13:40,SPIDERMAN: BRAND NEW DAY,ספיידרמן: יום חדש,https://tickets.cinema-city.co.il/order/836331?lang=en,https://tickets.cinema-city.co.il/order/836331?lang=he,Regular,2D,,,2026-08-04,,,,135,All,Glilot,Cinema City,586
14:30,SPIDERMAN: BRAND NEW DAY,ספיידרמן: יום חדש,https://tickets.cinema-city.co.il/order/836292?lang=en,https://tickets.cinema-city.co.il/order/836292?lang=he,Regular,2D,,,2026-08-04,,,,135,All,Glilot,Cinema City,586
15:20,SPIDERMAN: BRAND NEW DAY,ספיידרמן: יום חדש,https://tickets.cinema-city.co.il/order/836366?lang=en,https://tickets.cinema-city.co.il/order/836366?lang=he,Regular,2D,,,2026-08-04,,,,135,All,Glilot,Cinema City,586
16:00,SPIDERMAN: BRAND NEW DAY,ספיידרמן: יום חדש,https://tickets.cinema-city.co.il/order/836372?lang=en,https://tickets.cinema-city.co.il/order/836372?lang=he,Regular,2D,,,2026-08-04,,,,135,All,Glilot,Cinema City,586
17:00,SPIDERMAN: BRAND NEW DAY,ספיידרמן: יום חדש,https://tickets.cinema-city.co.il/order/836363?lang=en,https://tickets.cinema-city.co.il/order/836363?lang=he,Regular,2D,,,2026-08-04,,,,135,All,Glilot,Cinema City,586
17:45,SPIDERMAN: BRAND NEW DAY,ספיידרמן: יום חדש,https://tickets.cinema-city.co.il/order/836283?lang=en,https://tickets.cinema-city.co.il/order/836283?lang=he,Regular,2D,,,2026-08-04,,,,135,All,Glilot,Cinema City,586
18:30,SPIDERMAN: BRAND NEW DAY,ספיידרמן: יום חדש,https://tickets.cinema-city.co.il/order/836365?lang=en,https://tickets.cinema-city.co.il/order/836365?lang=he,Regular,2D,,,2026-08-04,,,,135,All,Glilot,Cinema City,586
19:15,SPIDERMAN: BRAND NEW DAY,ספיידרמן: יום חדש,https://tickets.cinema-city.co.il/order/836364?lang=en,https://tickets.cinema-city.co.il/order/836364?lang=he,Regular,2D,,,2026-08-04,,,,135,All,Glilot,Cinema City,586
20:20,SPIDERMAN: BRAND NEW DAY,ספיידרמן: יום חדש,https://tickets.cinema-city.co.il/order/836301?lang=en,https://tickets.cinema-city.co.il/order/836301?lang=he,Regular,2D,,,2026-08-04,,,,135,All,Glilot,Cinema City,586
21:00,SPIDERMAN: BRAND NEW DAY,ספיידרמן: יום חדש,https://tickets.cinema-city.co.il/order/836299?lang=en,https://tickets.cinema-city.co.il/order/836299?lang=he,Regular,2D,,,2026-08-04,,,,135,All,Glilot,Cinema City,586
21:20,SPIDERMAN: BRAND NEW DAY,ספיידרמן: יום חדש,https://tickets.cinema-city.co.il/order/836368?lang=en,https://tickets.cinema-city.co.il/order/836368?lang=he,Regular,2D,,,2026-08-04,,,,135,All,Glilot,Cinema City,586
22:20,SPIDERMAN: BRAND NEW DAY,ספיידרמן: יום חדש,https://tickets.cinema-city.co.il/order/836367?lang=en,https://tickets.cinema-city.co.il/order/836367?lang=he,Regular,2D,,,2026-08-04,,,,135,All,Glilot,Cinema City,586
23:10,SPIDERMAN: BRAND NEW DAY,ספיידרמן: יום חדש,https://tickets.cinema-city.co.il/order/836381?lang=en,https://tickets.cinema-city.co.il/order/836381?lang=he,Regular,2D,,,2026-08-04,,,,135,All,Glilot,Cinema City,586
11:30,SPIDERMAN: BRAND NEW DAY,ספיידרמן: יום חדש,https://tickets.cinema-city.co.il/order/836628?lang=en,https://tickets.cinema-city.co.il/order/836628?lang=he,Regular,2D,,,2026-08-05,,,,135,All,Glilot,Cinema City,586
14:45,SPIDERMAN: BRAND NEW DAY,ספיידרמן: יום חדש,https://tickets.cinema-city.co.il/order/836599?lang=en,https://tickets.cinema-city.co.il/order/836599?lang=he,Regular,2D,,,2026-08-05,,,,135,All,Glilot,Cinema City,586
15:40,SPIDERMAN: BRAND NEW DAY,ספיידרמן: יום חדש,https://tickets.cinema-city.co.il/order/836630?lang=en,https://tickets.cinema-city.co.il/order/836630?lang=he,Regular,2D,,,2026-08-05,,,,135,All,Glilot,Cinema City,586
17:00,SPIDERMAN: BRAND NEW DAY,ספיידרמן: יום חדש,https://tickets.cinema-city.co.il/order/836651?lang=en,https://tickets.cinema-city.co.il/order/836651?lang=he,Regular,2D,,,2026-08-05,,,,135,All,Glilot,Cinema City,586
18:00,SPIDERMAN: BRAND NEW DAY,ספיידרמן: יום חדש,https://tickets.cinema-city.co.il/order/836636?lang=en,https://tickets.cinema-city.co.il/order/836636?lang=he,Regular,2D,,,2026-08-05,,,,135,All,Glilot,Cinema City,586
19:00,SPIDERMAN: BRAND NEW DAY,ספיידרמן: יום חדש,https://tickets.cinema-city.co.il/order/836557?lang=en,https://tickets.cinema-city.co.il/order/836557?lang=he,Regular,2D,,,2026-08-05,,,,135,All,Glilot,Cinema City,586
20:20,SPIDERMAN: BRAND NEW DAY,ספיידרמן: יום חדש,https://tickets.cinema-city.co.il/order/836585?lang=en,https://tickets.cinema-city.co.il/order/836585?lang=he,Regular,2D,,,2026-08-05,,,,135,All,Glilot,Cinema City,586
21:15,SPIDERMAN: BRAND NEW DAY,ספיידרמן: יום חדש,https://tickets.cinema-city.co.il/order/836587?lang=en,https://tickets.cinema-city.co.il/order/836587?lang=he,Regular,2D,,,2026-08-05,,,,135,All,Glilot,Cinema City,586
22:20,SPIDERMAN: BRAND NEW DAY,ספיידרמן: יום חדש,https://tickets.cinema-city.co.il/order/836555?lang=en,https://tickets.cinema-city.co.il/order/836555?lang=he,Regular,2D,,,2026-08-05,,,,135,All,Glilot,Cinema City,586
19:10,סרט כחול לבן,סרט כחול לבן,https://tickets.cinema-city.co.il/order/835984?lang=en,https://tickets.cinema-city.co.il/order/835984?lang=he,Regular,2D,,,2026-08-01,,,,86,14+,Glilot,Cinema City,586
22:15,סרט כחול לבן,סרט כחול לבן,https://tickets.cinema-city.co.il/order/835948?lang=en,https://tickets.cinema-city.co.il/order/835948?lang=he,Regular,2D,,,2026-08-01,,,,86,14+,Glilot,Cinema City,586
20:00,סרט כחול לבן,סרט כחול לבן,https://tickets.cinema-city.co.il/order/836070?lang=en,https://tickets.cinema-city.co.il/order/836070?lang=he,Regular,2D,,,2026-08-02,,,,86,14+,Glilot,Cinema City,586
22:15,סרט כחול לבן,סרט כחול לבן,https://tickets.cinema-city.co.il/order/836035?lang=en,https://tickets.cinema-city.co.il/order/836035?lang=he,Regular,2D,,,2026-08-02,,,,86,14+,Glilot,Cinema City,586
20:00,סרט כחול לבן,סרט כחול לבן,https://tickets.cinema-city.co.il/order/836162?lang=en,https://tickets.cinema-city.co.il/order/836162?lang=he,Regular,2D,,,2026-08-03,,,,86,14+,Glilot,Cinema City,586
22:15,סרט כחול לבן,סרט כחול לבן,https://tickets.cinema-city.co.il/order/836134?lang=en,https://tickets.cinema-city.co.il/order/836134?lang=he,Regular,2D,,,2026-08-03,,,,86,14+,Glilot,Cinema City,586
21:30,סרט כחול לבן,סרט כחול לבן,https://tickets.cinema-city.co.il/order/836277?lang=en,https://tickets.cinema-city.co.il/order/836277?lang=he,Regular,2D,,,2026-08-04,,,,86,14+,Glilot,Cinema City,586
20:00,סרט כחול לבן,סרט כחול לבן,https://tickets.cinema-city.co.il/order/836604?lang=en,https://tickets.cinema-city.co.il/order/836604?lang=he,Regular,2D,,,2026-08-05,,,,86,14+,Glilot,Cinema City,586
22:15,סרט כחול לבן,סרט כחול לבן,https://tickets.cinema-city.co.il/order/836576?lang=en,https://tickets.cinema-city.co.il/order/836576?lang=he,Regular,2D,,,2026-08-05,,,,86,14+,Glilot,Cinema City,586
20:15,How To Make a Killing,עשיר רצח,https://tickets.cinema-city.co.il/order/836087?lang=en,https://tickets.cinema-city.co.il/order/836087?lang=he,Regular,2D,,,2026-08-02,,,,105,All,Glilot,Cinema City,586
14:00,How To Make a Killing,עשיר רצח,https://tickets.cinema-city.co.il/order/836179?lang=en,https://tickets.cinema-city.co.il/order/836179?lang=he,Regular,2D,,,2026-08-03,,,,105,All,Glilot,Cinema City,586
14:00,How To Make a Killing,עשיר רצח,https://tickets.cinema-city.co.il/order/836351?lang=en,https://tickets.cinema-city.co.il/order/836351?lang=he,Regular,2D,,,2026-08-04,,,,105,All,Glilot,Cinema City,586
21:15,How To Make a Killing,עשיר רצח,https://tickets.cinema-city.co.il/order/836378?lang=en,https://tickets.cinema-city.co.il/order/836378?lang=he,Regular,2D,,,2026-08-04,,,,105,All,Glilot,Cinema City,586
11:20,How To Make a Killing,עשיר רצח,https://tickets.cinema-city.co.il/order/836626?lang=en,https://tickets.cinema-city.co.il/order/836626?lang=he,Regular,2D,,,2026-08-05,,,,105,All,Glilot,Cinema City,586
10:45,קופה ראשית: הסרט,קופה ראשית: הסרט,https://tickets.cinema-city.co.il/order/835935?lang=en,https://tickets.cinema-city.co.il/order/835935?lang=he,Regular,2D,,,2026-08-01,,,,91,All,Glilot,Cinema City,586
13:00,קופה ראשית: הסרט,קופה ראשית: הסרט,https://tickets.cinema-city.co.il/order/835936?lang=en,https://tickets.cinema-city.co.il/order/835936?lang=he,Regular,2D,,,2026-08-01,,,,91,All,Glilot,Cinema City,586
15:15,קופה ראשית: הסרט,קופה ראשית: הסרט,https://tickets.cinema-city.co.il/order/835937?lang=en,https://tickets.cinema-city.co.il/order/835937?lang=he,Regular,2D,,,2026-08-01,,,,91,All,Glilot,Cinema City,586
17:30,קופה ראשית: הסרט,קופה ראשית: הסרט,https://tickets.cinema-city.co.il/order/835938?lang=en,https://tickets.cinema-city.co.il/order/835938?lang=he,Regular,2D,,,2026-08-01,,,,91,All,Glilot,Cinema City,586
18:50,קופה ראשית: הסרט,קופה ראשית: הסרט,https://tickets.cinema-city.co.il/order/835941?lang=en,https://tickets.cinema-city.co.il/order/835941?lang=he,Regular,2D,,,2026-08-01,,,,91,All,Glilot,Cinema City,586
19:40,קופה ראשית: הסרט,קופה ראשית: הסרט,https://tickets.cinema-city.co.il/order/835939?lang=en,https://tickets.cinema-city.co.il/order/835939?lang=he,Regular,2D,,,2026-08-01,,,,91,All,Glilot,Cinema City,586
21:10,קופה ראשית: הסרט,קופה ראשית: הסרט,https://tickets.cinema-city.co.il/order/835942?lang=en,https://tickets.cinema-city.co.il/order/835942?lang=he,Regular,2D,,,2026-08-01,,,,91,All,Glilot,Cinema City,586
21:50,קופה ראשית: הסרט,קופה ראשית: הסרט,https://tickets.cinema-city.co.il/order/835940?lang=en,https://tickets.cinema-city.co.il/order/835940?lang=he,Regular,2D,,,2026-08-01,,,,91,All,Glilot,Cinema City,586
23:00,קופה ראשית: הסרט,קופה ראשית: הסרט,https://tickets.cinema-city.co.il/order/835956?lang=en,https://tickets.cinema-city.co.il/order/835956?lang=he,Regular,2D,,,2026-08-01,,,,91,All,Glilot,Cinema City,586
11:30,קופה ראשית: הסרט,קופה ראשית: הסרט,https://tickets.cinema-city.co.il/order/836022?lang=en,https://tickets.cinema-city.co.il/order/836022?lang=he,Regular,2D,,,2026-08-02,,,,91,All,Glilot,Cinema City,586
13:15,קופה ראשית: הסרט,קופה ראשית: הסרט,https://tickets.cinema-city.co.il/order/836023?lang=en,https://tickets.cinema-city.co.il/order/836023?lang=he,Regular,2D,,,2026-08-02,,,,91,All,Glilot,Cinema City,586
15:30,קופה ראשית: הסרט,קופה ראשית: הסרט,https://tickets.cinema-city.co.il/order/836024?lang=en,https://tickets.cinema-city.co.il/order/836024?lang=he,Regular,2D,,,2026-08-02,,,,91,All,Glilot,Cinema City,586
17:40,קופה ראשית: הסרט,קופה ראשית: הסרט,https://tickets.cinema-city.co.il/order/836025?lang=en,https://tickets.cinema-city.co.il/order/836025?lang=he,Regular,2D,,,2026-08-02,,,,91,All,Glilot,Cinema City,586
18:50,קופה ראשית: הסרט,קופה ראשית: הסרט,https://tickets.cinema-city.co.il/order/836028?lang=en,https://tickets.cinema-city.co.il/order/836028?lang=he,Regular,2D,,,2026-08-02,,,,91,All,Glilot,Cinema City,586
19:50,קופה ראשית: הסרט,קופה ראשית: הסרט,https://tickets.cinema-city.co.il/order/836026?lang=en,https://tickets.cinema-city.co.il/order/836026?lang=he,Regular,2D,,,2026-08-02,,,,91,All,Glilot,Cinema City,586
21:10,קופה ראשית: הסרט,קופה ראשית: הסרט,https://tickets.cinema-city.co.il/order/836029?lang=en,https://tickets.cinema-city.co.il/order/836029?lang=he,Regular,2D,,,2026-08-02,,,,91,All,Glilot,Cinema City,586
22:00,קופה ראשית: הסרט,קופה ראשית: הסרט,https://tickets.cinema-city.co.il/order/836027?lang=en,https://tickets.cinema-city.co.il/order/836027?lang=he,Regular,2D,,,2026-08-02,,,,91,All,Glilot,Cinema City,586
23:00,קופה ראשית: הסרט,קופה ראשית: הסרט,https://tickets.cinema-city.co.il/order/836042?lang=en,https://tickets.cinema-city.co.il/order/836042?lang=he,Regular,2D,,,2026-08-02,,,,91,All,Glilot,Cinema City,586
11:30,קופה ראשית: הסרט,קופה ראשית: הסרט,https://tickets.cinema-city.co.il/order/836121?lang=en,https://tickets.cinema-city.co.il/order/836121?lang=he,Regular,2D,,,2026-08-03,,,,91,All,Glilot,Cinema City,586
13:15,קופה ראשית: הסרט,קופה ראשית: הסרט,https://tickets.cinema-city.co.il/order/836122?lang=en,https://tickets.cinema-city.co.il/order/836122?lang=he,Regular,2D,,,2026-08-03,,,,91,All,Glilot,Cinema City,586
15:30,קופה ראשית: הסרט,קופה ראשית: הסרט,https://tickets.cinema-city.co.il/order/836123?lang=en,https://tickets.cinema-city.co.il/order/836123?lang=he,Regular,2D,,,2026-08-03,,,,91,All,Glilot,Cinema City,586
17:40,קופה ראשית: הסרט,קופה ראשית: הסרט,https://tickets.cinema-city.co.il/order/836124?lang=en,https://tickets.cinema-city.co.il/order/836124?lang=he,Regular,2D,,,2026-08-03,,,,91,All,Glilot,Cinema City,586
18:50,קופה ראשית: הסרט,קופה ראשית: הסרט,https://tickets.cinema-city.co.il/order/836127?lang=en,https://tickets.cinema-city.co.il/order/836127?lang=he,Regular,2D,,,2026-08-03,,,,91,All,Glilot,Cinema City,586
19:50,קופה ראשית: הסרט,קופה ראשית: הסרט,https://tickets.cinema-city.co.il/order/836125?lang=en,https://tickets.cinema-city.co.il/order/836125?lang=he,Regular,2D,,,2026-08-03,,,,91,All,Glilot,Cinema City,586
21:10,קופה ראשית: הסרט,קופה ראשית: הסרט,https://tickets.cinema-city.co.il/order/836128?lang=en,https://tickets.cinema-city.co.il/order/836128?lang=he,Regular,2D,,,2026-08-03,,,,91,All,Glilot,Cinema City,586
22:00,קופה ראשית: הסרט,קופה ראשית: הסרט,https://tickets.cinema-city.co.il/order/836126?lang=en,https://tickets.cinema-city.co.il/order/836126?lang=he,Regular,2D,,,2026-08-03,,,,91,All,Glilot,Cinema City,586
23:10,קופה ראשית: הסרט,קופה ראשית: הסרט,https://tickets.cinema-city.co.il/order/836141?lang=en,https://tickets.cinema-city.co.il/order/836141?lang=he,Regular,2D,,,2026-08-03,,,,91,All,Glilot,Cinema City,586
11:00,קופה ראשית: הסרט,קופה ראשית: הסרט,https://tickets.cinema-city.co.il/order/836254?lang=en,https://tickets.cinema-city.co.il/order/836254?lang=he,Regular,2D,,,2026-08-04,,,,91,All,Glilot,Cinema City,586
13:15,קופה ראשית: הסרט,קופה ראשית: הסרט,https://tickets.cinema-city.co.il/order/836255?lang=en,https://tickets.cinema-city.co.il/order/836255?lang=he,Regular,2D,,,2026-08-04,,,,91,All,Glilot,Cinema City,586
15:30,קופה ראשית: הסרט,קופה ראשית: הסרט,https://tickets.cinema-city.co.il/order/836256?lang=en,https://tickets.cinema-city.co.il/order/836256?lang=he,Regular,2D,,,2026-08-04,,,,91,All,Glilot,Cinema City,586
17:40,קופה ראשית: הסרט,קופה ראשית: הסרט,https://tickets.cinema-city.co.il/order/836257?lang=en,https://tickets.cinema-city.co.il/order/836257?lang=he,Regular,2D,,,2026-08-04,,,,91,All,Glilot,Cinema City,586
18:50,קופה ראשית: הסרט,קופה ראשית: הסרט,https://tickets.cinema-city.co.il/order/836262?lang=en,https://tickets.cinema-city.co.il/order/836262?lang=he,Regular,2D,,,2026-08-04,,,,91,All,Glilot,Cinema City,586
19:50,קופה ראשית: הסרט,קופה ראשית: הסרט,https://tickets.cinema-city.co.il/order/836259?lang=en,https://tickets.cinema-city.co.il/order/836259?lang=he,Regular,2D,,,2026-08-04,,,,91,All,Glilot,Cinema City,586
21:10,קופה ראשית: הסרט,קופה ראשית: הסרט,https://tickets.cinema-city.co.il/order/836264?lang=en,https://tickets.cinema-city.co.il/order/836264?lang=he,Regular,2D,,,2026-08-04,,,,91,All,Glilot,Cinema City,586
21:50,קופה ראשית: הסרט,קופה ראשית: הסרט,https://tickets.cinema-city.co.il/order/836260?lang=en,https://tickets.cinema-city.co.il/order/836260?lang=he,Regular,2D,,,2026-08-04,,,,91,All,Glilot,Cinema City,586
10:15,קופה ראשית: הסרט,קופה ראשית: הסרט,https://tickets.cinema-city.co.il/order/836564?lang=en,https://tickets.cinema-city.co.il/order/836564?lang=he,Regular,2D,,,2026-08-05,,,,91,All,Glilot,Cinema City,586
12:30,קופה ראשית: הסרט,קופה ראשית: הסרט,https://tickets.cinema-city.co.il/order/836565?lang=en,https://tickets.cinema-city.co.il/order/836565?lang=he,Regular,2D,,,2026-08-05,,,,91,All,Glilot,Cinema City,586
14:50,קופה ראשית: הסרט,קופה ראשית: הסרט,https://tickets.cinema-city.co.il/order/836566?lang=en,https://tickets.cinema-city.co.il/order/836566?lang=he,Regular,2D,,,2026-08-05,,,,91,All,Glilot,Cinema City,586
17:10,קופה ראשית: הסרט,קופה ראשית: הסרט,https://tickets.cinema-city.co.il/order/836567?lang=en,https://tickets.cinema-city.co.il/order/836567?lang=he,Regular,2D,,,2026-08-05,,,,91,All,Glilot,Cinema City,586
19:30,קופה ראשית: הסרט,קופה ראשית: הסרט,https://tickets.cinema-city.co.il/order/836568?lang=en,https://tickets.cinema-city.co.il/order/836568?lang=he,Regular,2D,,,2026-08-05,,,,91,All,Glilot,Cinema City,586
20:30,קופה ראשית: הסרט,קופה ראשית: הסרט,https://tickets.cinema-city.co.il/order/836571?lang=en,https://tickets.cinema-city.co.il/order/836571?lang=he,Regular,2D,,,2026-08-05,,,,91,All,Glilot,Cinema City,586
21:50,קופה ראשית: הסרט,קופה ראשית: הסרט,https://tickets.cinema-city.co.il/order/836570?lang=en,https://tickets.cinema-city.co.il/order/836570?lang=he,Regular,2D,,,2026-08-05,,,,91,All,Glilot,Cinema City,586
23:10,קופה ראשית: הסרט,קופה ראשית: הסרט,https://tickets.cinema-city.co.il/order/836581?lang=en,https://tickets.cinema-city.co.il/order/836581?lang=he,Regular,2D,,,2026-08-05,,,,91,All,Glilot,Cinema City,586
19:50,Dream High,תיכון מגשימים,https://tickets.cinema-city.co.il/order/835969?lang=en,https://tickets.cinema-city.co.il/order/835969?lang=he,Regular,2D,,,2026-08-01,,,,100,12+,Glilot,Cinema City,586
15:50,Dream High,תיכון מגשימים,https://tickets.cinema-city.co.il/order/836667?lang=en,https://tickets.cinema-city.co.il/order/836667?lang=he,Regular,2D,,,2026-08-05,,,,100,12+,Glilot,Cinema City,586
17:15,THE ODYSSEY,האודיסאה,https://tickets.cinema-city.co.il/order/835975?lang=en,https://tickets.cinema-city.co.il/order/835975?lang=he,VIP,2D,,,2026-08-01,,,,172,14+,Glilot,Cinema City,586
20:15,THE ODYSSEY,האודיסאה,https://tickets.cinema-city.co.il/order/835973?lang=en,https://tickets.cinema-city.co.il/order/835973?lang=he,VIP,2D,,,2026-08-01,,,,172,14+,Glilot,Cinema City,586
17:15,THE ODYSSEY,האודיסאה,https://tickets.cinema-city.co.il/order/835975?lang=en,https://tickets.cinema-city.co.il/order/835975?lang=he,VIP,2D,,,2026-08-02,,,,172,14+,Glilot,Cinema City,586
20:15,THE ODYSSEY,האודיסאה,https://tickets.cinema-city.co.il/order/835973?lang=en,https://tickets.cinema-city.co.il/order/835973?lang=he,VIP,2D,,,2026-08-02,,,,172,14+,Glilot,Cinema City,586
20:30,THE ODYSSEY,האודיסאה,https://tickets.cinema-city.co.il/order/839185?lang=en,https://tickets.cinema-city.co.il/order/839185?lang=he,VIP,2D,,,2026-08-03,,,,172,14+,Glilot,Cinema City,586
21:45,THE ODYSSEY,האודיסאה,https://tickets.cinema-city.co.il/order/836675?lang=en,https://tickets.cinema-city.co.il/order/836675?lang=he,VIP,2D,,,2026-08-05,,,,172,14+,Glilot,Cinema City,586
14:15,SPIDERMAN: BRAND NEW DAY,ספיידרמן: יום חדש,https://tickets.cinema-city.co.il/order/835970?lang=en,https://tickets.cinema-city.co.il/order/835970?lang=he,VIP,2D,,,2026-08-01,,,,135,All,Glilot,Cinema City,586
15:45,SPIDERMAN: BRAND NEW DAY,ספיידרמן: יום חדש,https://tickets.cinema-city.co.il/order/835974?lang=en,https://tickets.cinema-city.co.il/order/835974?lang=he,VIP,2D,,,2026-08-01,,,,135,All,Glilot,Cinema City,586
18:45,SPIDERMAN: BRAND NEW DAY,ספיידרמן: יום חדש,https://tickets.cinema-city.co.il/order/835971?lang=en,https://tickets.cinema-city.co.il/order/835971?lang=he,VIP,2D,,,2026-08-01,,,,135,All,Glilot,Cinema City,586
21:45,SPIDERMAN: BRAND NEW DAY,ספיידרמן: יום חדש,https://tickets.cinema-city.co.il/order/835972?lang=en,https://tickets.cinema-city.co.il/order/835972?lang=he,VIP,2D,,,2026-08-01,,,,135,All,Glilot,Cinema City,586
18:00,SPIDERMAN: BRAND NEW DAY,ספיידרמן: יום חדש,https://tickets.cinema-city.co.il/order/839183?lang=en,https://tickets.cinema-city.co.il/order/839183?lang=he,VIP,2D,,,2026-08-02,,,,135,All,Glilot,Cinema City,586
21:25,SPIDERMAN: BRAND NEW DAY,ספיידרמן: יום חדש,https://tickets.cinema-city.co.il/order/839184?lang=en,https://tickets.cinema-city.co.il/order/839184?lang=he,VIP,2D,,,2026-08-02,,,,135,All,Glilot,Cinema City,586
18:00,SPIDERMAN: BRAND NEW DAY,ספיידרמן: יום חדש,https://tickets.cinema-city.co.il/order/839187?lang=en,https://tickets.cinema-city.co.il/order/839187?lang=he,VIP,2D,,,2026-08-03,,,,135,All,Glilot,Cinema City,586
19:15,SPIDERMAN: BRAND NEW DAY,ספיידרמן: יום חדש,https://tickets.cinema-city.co.il/order/839188?lang=en,https://tickets.cinema-city.co.il/order/839188?lang=he,VIP,2D,,,2026-08-03,,,,135,All,Glilot,Cinema City,586
18:00,SPIDERMAN: BRAND NEW DAY,ספיידרמן: יום חדש,https://tickets.cinema-city.co.il/order/839189?lang=en,https://tickets.cinema-city.co.il/order/839189?lang=he,VIP,2D,,,2026-08-04,,,,135,All,Glilot,Cinema City,586
21:30,SPIDERMAN: BRAND NEW DAY,ספיידרמן: יום חדש,https://tickets.cinema-city.co.il/order/839190?lang=en,https://tickets.cinema-city.co.il/order/839190?lang=he,VIP,2D,,,2026-08-04,,,,135,All,Glilot,Cinema City,586
18:15,SPIDERMAN: BRAND NEW DAY,ספיידרמן: יום חדש,https://tickets.cinema-city.co.il/order/836673?lang=en,https://tickets.cinema-city.co.il/order/836673?lang=he,VIP,2D,,,2026-08-05,,,,135,All,Glilot,Cinema City,586
21:45,קופה ראשית: הסרט,קופה ראשית: הסרט,https://tickets.cinema-city.co.il/order/839186?lang=en,https://tickets.cinema-city.co.il/order/839186?lang=he,VIP,2D,,,2026-08-03,,,,91,All,Glilot,Cinema City,586
16:45,THE ODYSSEY,האודיסאה,https://tickets.cinema-city.co.il/order/838994?lang=en,https://tickets.cinema-city.co.il/order/838994?lang=he,Regular,2D ONYX,,,2026-08-02,,,,172,14+,Glilot,Cinema City,586
20:15,THE ODYSSEY,האודיסאה,https://tickets.cinema-city.co.il/order/838995?lang=en,https://tickets.cinema-city.co.il/order/838995?lang=he,Regular,2D ONYX,,,2026-08-02,,,,172,14+,Glilot,Cinema City,586
16:30,THE ODYSSEY,האודיסאה,https://tickets.cinema-city.co.il/order/836108?lang=en,https://tickets.cinema-city.co.il/order/836108?lang=he,Regular,2D ONYX,,,2026-08-03,,,,172,14+,Glilot,Cinema City,586
20:10,THE ODYSSEY,האודיסאה,https://tickets.cinema-city.co.il/order/836109?lang=en,https://tickets.cinema-city.co.il/order/836109?lang=he,Regular,2D ONYX,,,2026-08-03,,,,172,14+,Glilot,Cinema City,586
20:10,THE ODYSSEY,האודיסאה,https://tickets.cinema-city.co.il/order/836245?lang=en,https://tickets.cinema-city.co.il/order/836245?lang=he,Regular,2D ONYX,,,2026-08-04,,,,172,14+,Glilot,Cinema City,586
14:20,THE ODYSSEY,האודיסאה,https://tickets.cinema-city.co.il/order/836535?lang=en,https://tickets.cinema-city.co.il/order/836535?lang=he,Regular,2D ONYX,,,2026-08-05,,,,172,14+,Glilot,Cinema City,586
20:50,THE ODYSSEY,האודיסאה,https://tickets.cinema-city.co.il/order/836554?lang=en,https://tickets.cinema-city.co.il/order/836554?lang=he,Regular,2D ONYX,,,2026-08-05,,,,172,14+,Glilot,Cinema City,586
11:30,SPIDERMAN: BRAND NEW DAY,ספיידרמן: יום חדש,https://tickets.cinema-city.co.il/order/814035?lang=en,https://tickets.cinema-city.co.il/order/814035?lang=he,Regular,2D ONYX,,,2026-08-01,,,,135,All,Glilot,Cinema City,586
15:00,SPIDERMAN: BRAND NEW DAY,ספיידרמן: יום חדש,https://tickets.cinema-city.co.il/order/814036?lang=en,https://tickets.cinema-city.co.il/order/814036?lang=he,Regular,2D ONYX,,,2026-08-01,,,,135,All,Glilot,Cinema City,586
18:30,SPIDERMAN: BRAND NEW DAY,ספיידרמן: יום חדש,https://tickets.cinema-city.co.il/order/814037?lang=en,https://tickets.cinema-city.co.il/order/814037?lang=he,Regular,2D ONYX,,,2026-08-01,,,,135,All,Glilot,Cinema City,586
22:00,SPIDERMAN: BRAND NEW DAY,ספיידרמן: יום חדש,https://tickets.cinema-city.co.il/order/814038?lang=en,https://tickets.cinema-city.co.il/order/814038?lang=he,Regular,2D ONYX,,,2026-08-01,,,,135,All,Glilot,Cinema City,586
23:35,SPIDERMAN: BRAND NEW DAY,ספיידרמן: יום חדש,https://tickets.cinema-city.co.il/order/836047?lang=en,https://tickets.cinema-city.co.il/order/836047?lang=he,Regular,2D ONYX,,,2026-08-02,,,,135,All,Glilot,Cinema City,586
13:45,THE ODYSSEY,האודיסאה,https://tickets.cinema-city.co.il/order/835886?lang=en,https://tickets.cinema-city.co.il/order/835886?lang=he,Lounge,2D,,,2026-08-01,,,,172,14+,Glilot,Cinema City,586
17:15,THE ODYSSEY,האודיסאה,https://tickets.cinema-city.co.il/order/835884?lang=en,https://tickets.cinema-city.co.il/order/835884?lang=he,Lounge,2D,,,2026-08-01,,,,172,14+,Glilot,Cinema City,586
20:45,THE ODYSSEY,האודיסאה,https://tickets.cinema-city.co.il/order/835885?lang=en,https://tickets.cinema-city.co.il/order/835885?lang=he,Lounge,2D,,,2026-08-01,,,,172,14+,Glilot,Cinema City,586
13:45,THE ODYSSEY,האודיסאה,https://tickets.cinema-city.co.il/order/835992?lang=en,https://tickets.cinema-city.co.il/order/835992?lang=he,Lounge,2D,,,2026-08-02,,,,172,14+,Glilot,Cinema City,586
17:15,THE ODYSSEY,האודיסאה,https://tickets.cinema-city.co.il/order/835990?lang=en,https://tickets.cinema-city.co.il/order/835990?lang=he,Lounge,2D,,,2026-08-02,,,,172,14+,Glilot,Cinema City,586
20:45,THE ODYSSEY,האודיסאה,https://tickets.cinema-city.co.il/order/835991?lang=en,https://tickets.cinema-city.co.il/order/835991?lang=he,Lounge,2D,,,2026-08-02,,,,172,14+,Glilot,Cinema City,586
13:45,THE ODYSSEY,האודיסאה,https://tickets.cinema-city.co.il/order/836099?lang=en,https://tickets.cinema-city.co.il/order/836099?lang=he,Lounge,2D,,,2026-08-03,,,,172,14+,Glilot,Cinema City,586
17:15,THE ODYSSEY,האודיסאה,https://tickets.cinema-city.co.il/order/836097?lang=en,https://tickets.cinema-city.co.il/order/836097?lang=he,Lounge,2D,,,2026-08-03,,,,172,14+,Glilot,Cinema City,586
20:45,THE ODYSSEY,האודיסאה,https://tickets.cinema-city.co.il/order/836098?lang=en,https://tickets.cinema-city.co.il/order/836098?lang=he,Lounge,2D,,,2026-08-03,,,,172,14+,Glilot,Cinema City,586
13:45,THE ODYSSEY,האודיסאה,https://tickets.cinema-city.co.il/order/836236?lang=en,https://tickets.cinema-city.co.il/order/836236?lang=he,Lounge,2D,,,2026-08-04,,,,172,14+,Glilot,Cinema City,586
17:15,THE ODYSSEY,האודיסאה,https://tickets.cinema-city.co.il/order/836234?lang=en,https://tickets.cinema-city.co.il/order/836234?lang=he,Lounge,2D,,,2026-08-04,,,,172,14+,Glilot,Cinema City,586
20:50,THE ODYSSEY,האודיסאה,https://tickets.cinema-city.co.il/order/836235?lang=en,https://tickets.cinema-city.co.il/order/836235?lang=he,Lounge,2D,,,2026-08-04,,,,172,14+,Glilot,Cinema City,586
12:00,THE ODYSSEY,האודיסאה,https://tickets.cinema-city.co.il/order/836644?lang=en,https://tickets.cinema-city.co.il/order/836644?lang=he,Lounge,2D,,,2026-08-05,,,,172,14+,Glilot,Cinema City,586
13:20,THE ODYSSEY,האודיסאה,https://tickets.cinema-city.co.il/order/836546?lang=en,https://tickets.cinema-city.co.il/order/836546?lang=he,Lounge,2D,,,2026-08-05,,,,172,14+,Glilot,Cinema City,586
16:50,THE ODYSSEY,האודיסאה,https://tickets.cinema-city.co.il/order/836544?lang=en,https://tickets.cinema-city.co.il/order/836544?lang=he,Lounge,2D,,,2026-08-05,,,,172,14+,Glilot,Cinema City,586
20:20,THE ODYSSEY,האודיסאה,https://tickets.cinema-city.co.il/order/836545?lang=en,https://tickets.cinema-city.co.il/order/836545?lang=he,Lounge,2D,,,2026-08-05,,,,172,14+,Glilot,Cinema City,586
11:15,The Invite.,ההזמנה.,https://tickets.cinema-city.co.il/order/836344?lang=en,https://tickets.cinema-city.co.il/order/836344?lang=he,Lounge,2D,,,2026-08-04,,,,107,14+,Glilot,Cinema City,586
18:20,The Invite.,ההזמנה.,https://tickets.cinema-city.co.il/order/836650?lang=en,https://tickets.cinema-city.co.il/order/836650?lang=he,Lounge,2D,,,2026-08-05,,,,107,14+,Glilot,Cinema City,586
11:30,חינה אמריקאית,חינה אמריקאית,https://tickets.cinema-city.co.il/order/835887?lang=en,https://tickets.cinema-city.co.il/order/835887?lang=he,Lounge,2D,,,2026-08-01,,,,89,All,Glilot,Cinema City,586
14:30,SPIDERMAN: BRAND NEW DAY,ספיידרמן: יום חדש,https://tickets.cinema-city.co.il/order/835953?lang=en,https://tickets.cinema-city.co.il/order/835953?lang=he,Lounge,2D,,,2026-08-01,,,,135,All,Glilot,Cinema City,586
17:45,SPIDERMAN: BRAND NEW DAY,ספיידרמן: יום חדש,https://tickets.cinema-city.co.il/order/835951?lang=en,https://tickets.cinema-city.co.il/order/835951?lang=he,Lounge,2D,,,2026-08-01,,,,135,All,Glilot,Cinema City,586
21:00,SPIDERMAN: BRAND NEW DAY,ספיידרמן: יום חדש,https://tickets.cinema-city.co.il/order/835952?lang=en,https://tickets.cinema-city.co.il/order/835952?lang=he,Lounge,2D,,,2026-08-01,,,,135,All,Glilot,Cinema City,586
11:10,SPIDERMAN: BRAND NEW DAY,ספיידרמן: יום חדש,https://tickets.cinema-city.co.il/order/836059?lang=en,https://tickets.cinema-city.co.il/order/836059?lang=he,Lounge,2D,,,2026-08-02,,,,135,All,Glilot,Cinema City,586
14:30,SPIDERMAN: BRAND NEW DAY,ספיידרמן: יום חדש,https://tickets.cinema-city.co.il/order/836039?lang=en,https://tickets.cinema-city.co.il/order/836039?lang=he,Lounge,2D,,,2026-08-02,,,,135,All,Glilot,Cinema City,586
17:45,SPIDERMAN: BRAND NEW DAY,ספיידרמן: יום חדש,https://tickets.cinema-city.co.il/order/836037?lang=en,https://tickets.cinema-city.co.il/order/836037?lang=he,Lounge,2D,,,2026-08-02,,,,135,All,Glilot,Cinema City,586
21:00,SPIDERMAN: BRAND NEW DAY,ספיידרמן: יום חדש,https://tickets.cinema-city.co.il/order/836038?lang=en,https://tickets.cinema-city.co.il/order/836038?lang=he,Lounge,2D,,,2026-08-02,,,,135,All,Glilot,Cinema City,586
11:10,SPIDERMAN: BRAND NEW DAY,ספיידרמן: יום חדש,https://tickets.cinema-city.co.il/order/836155?lang=en,https://tickets.cinema-city.co.il/order/836155?lang=he,Lounge,2D,,,2026-08-03,,,,135,All,Glilot,Cinema City,586
14:30,SPIDERMAN: BRAND NEW DAY,ספיידרמן: יום חדש,https://tickets.cinema-city.co.il/order/836138?lang=en,https://tickets.cinema-city.co.il/order/836138?lang=he,Lounge,2D,,,2026-08-03,,,,135,All,Glilot,Cinema City,586
17:45,SPIDERMAN: BRAND NEW DAY,ספיידרמן: יום חדש,https://tickets.cinema-city.co.il/order/836136?lang=en,https://tickets.cinema-city.co.il/order/836136?lang=he,Lounge,2D,,,2026-08-03,,,,135,All,Glilot,Cinema City,586
21:00,SPIDERMAN: BRAND NEW DAY,ספיידרמן: יום חדש,https://tickets.cinema-city.co.il/order/836137?lang=en,https://tickets.cinema-city.co.il/order/836137?lang=he,Lounge,2D,,,2026-08-03,,,,135,All,Glilot,Cinema City,586
11:20,SPIDERMAN: BRAND NEW DAY,ספיידרמן: יום חדש,https://tickets.cinema-city.co.il/order/836314?lang=en,https://tickets.cinema-city.co.il/order/836314?lang=he,Lounge,2D,,,2026-08-04,,,,135,All,Glilot,Cinema City,586
14:30,SPIDERMAN: BRAND NEW DAY,ספיידרמן: יום חדש,https://tickets.cinema-city.co.il/order/836292?lang=en,https://tickets.cinema-city.co.il/order/836292?lang=he,Lounge,2D,,,2026-08-04,,,,135,All,Glilot,Cinema City,586
17:45,SPIDERMAN: BRAND NEW DAY,ספיידרמן: יום חדש,https://tickets.cinema-city.co.il/order/836283?lang=en,https://tickets.cinema-city.co.il/order/836283?lang=he,Lounge,2D,,,2026-08-04,,,,135,All,Glilot,Cinema City,586
21:00,SPIDERMAN: BRAND NEW DAY,ספיידרמן: יום חדש,https://tickets.cinema-city.co.il/order/836299?lang=en,https://tickets.cinema-city.co.il/order/836299?lang=he,Lounge,2D,,,2026-08-04,,,,135,All,Glilot,Cinema City,586
11:30,קופה ראשית: הסרט,קופה ראשית: הסרט,https://tickets.cinema-city.co.il/order/836022?lang=en,https://tickets.cinema-city.co.il/order/836022?lang=he,Lounge,2D,,,2026-08-02,,,,91,All,Glilot,Cinema City,586
11:30,קופה ראשית: הסרט,קופה ראשית: הסרט,https://tickets.cinema-city.co.il/order/836121?lang=en,https://tickets.cinema-city.co.il/order/836121?lang=he,Lounge,2D,,,2026-08-03,,,,91,All,Glilot,Cinema City,586
15:50,Dream High,תיכון מגשימים,https://tickets.cinema-city.co.il/order/836667?lang=en,https://tickets.cinema-city.co.il/order/836667?lang=he,Lounge,2D,,,2026-08-05,,,,100,12+,Glilot,Cinema City,586
14:15,Just an Illusion,אשליות מתוקות,https://tickets.cinema-city.co.il/order/836399?lang=en,https://tickets.cinema-city.co.il/order/836399?lang=he,Regular,2D,,,2026-08-01,,,,119,All,Rishon Letzion,Cinema City,586
14:15,Just an Illusion,אשליות מתוקות,https://tickets.cinema-city.co.il/order/836533?lang=en,https://tickets.cinema-city.co.il/order/836533?lang=he,Regular,2D,,,2026-08-02,,,,119,All,Rishon Letzion,Cinema City,586
12:55,Just an Illusion,אשליות מתוקות,https://tickets.cinema-city.co.il/order/836706?lang=en,https://tickets.cinema-city.co.il/order/836706?lang=he,Regular,2D,,,2026-08-03,,,,119,All,Rishon Letzion,Cinema City,586
12:40,Just an Illusion,אשליות מתוקות,https://tickets.cinema-city.co.il/order/836857?lang=en,https://tickets.cinema-city.co.il/order/836857?lang=he,Regular,2D,,,2026-08-04,,,,119,All,Rishon Letzion,Cinema City,586
16:15,Just an Illusion,אשליות מתוקות,https://tickets.cinema-city.co.il/order/836795?lang=en,https://tickets.cinema-city.co.il/order/836795?lang=he,Regular,2D,,,2026-08-04,,,,119,All,Rishon Letzion,Cinema City,586
14:50,Just an Illusion,אשליות מתוקות,https://tickets.cinema-city.co.il/order/836969?lang=en,https://tickets.cinema-city.co.il/order/836969?lang=he,Regular,2D,,,2026-08-05,,,,119,All,Rishon Letzion,Cinema City,586
19:40,I Want Your Sex,בוסית בהפרעה,https://tickets.cinema-city.co.il/order/836387?lang=en,https://tickets.cinema-city.co.il/order/836387?lang=he,Regular,2D,,,2026-08-01,,,,90,16+,Rishon Letzion,Cinema City,586
22:05,I Want Your Sex,בוסית בהפרעה,https://tickets.cinema-city.co.il/order/836406?lang=en,https://tickets.cinema-city.co.il/order/836406?lang=he,Regular,2D,,,2026-08-01,,,,90,16+,Rishon Letzion,Cinema City,586
00:25,I Want Your Sex,בוסית בהפרעה,https://tickets.cinema-city.co.il/order/836407?lang=en,https://tickets.cinema-city.co.il/order/836407?lang=he,Regular,2D,,,2026-08-01,,,,90,16+,Rishon Letzion,Cinema City,586
19:40,I Want Your Sex,בוסית בהפרעה,https://tickets.cinema-city.co.il/order/836577?lang=en,https://tickets.cinema-city.co.il/order/836577?lang=he,Regular,2D,,,2026-08-02,,,,90,16+,Rishon Letzion,Cinema City,586
22:05,I Want Your Sex,בוסית בהפרעה,https://tickets.cinema-city.co.il/order/836526?lang=en,https://tickets.cinema-city.co.il/order/836526?lang=he,Regular,2D,,,2026-08-02,,,,90,16+,Rishon Letzion,Cinema City,586
23:45,I Want Your Sex,בוסית בהפרעה,https://tickets.cinema-city.co.il/order/836661?lang=en,https://tickets.cinema-city.co.il/order/836661?lang=he,Regular,2D,,,2026-08-02,,,,90,16+,Rishon Letzion,Cinema City,586
00:25,I Want Your Sex,בוסית בהפרעה,https://tickets.cinema-city.co.il/order/836525?lang=en,https://tickets.cinema-city.co.il/order/836525?lang=he,Regular,2D,,,2026-08-02,,,,90,16+,Rishon Letzion,Cinema City,586
22:05,I Want Your Sex,בוסית בהפרעה,https://tickets.cinema-city.co.il/order/836744?lang=en,https://tickets.cinema-city.co.il/order/836744?lang=he,Regular,2D,,,2026-08-03,,,,90,16+,Rishon Letzion,Cinema City,586
00:25,I Want Your Sex,בוסית בהפרעה,https://tickets.cinema-city.co.il/order/836745?lang=en,https://tickets.cinema-city.co.il/order/836745?lang=he,Regular,2D,,,2026-08-03,,,,90,16+,Rishon Letzion,Cinema City,586
22:05,I Want Your Sex,בוסית בהפרעה,https://tickets.cinema-city.co.il/order/836840?lang=en,https://tickets.cinema-city.co.il/order/836840?lang=he,Regular,2D,,,2026-08-04,,,,90,16+,Rishon Letzion,Cinema City,586
00:25,I Want Your Sex,בוסית בהפרעה,https://tickets.cinema-city.co.il/order/836841?lang=en,https://tickets.cinema-city.co.il/order/836841?lang=he,Regular,2D,,,2026-08-04,,,,90,16+,Rishon Letzion,Cinema City,586
22:05,I Want Your Sex,בוסית בהפרעה,https://tickets.cinema-city.co.il/order/836896?lang=en,https://tickets.cinema-city.co.il/order/836896?lang=he,Regular,2D,,,2026-08-05,,,,90,16+,Rishon Letzion,Cinema City,586
00:25,I Want Your Sex,בוסית בהפרעה,https://tickets.cinema-city.co.il/order/836894?lang=en,https://tickets.cinema-city.co.il/order/836894?lang=he,Regular,2D,,,2026-08-05,,,,90,16+,Rishon Letzion,Cinema City,586
22:05,I Want Your Sex,בוסית בהפרעה,https://tickets.cinema-city.co.il/order/836896?lang=en,https://tickets.cinema-city.co.il/order/836896?lang=he,Regular,2D,,,2026-08-06,,,,90,16+,Rishon Letzion,Cinema City,586
00:25,I Want Your Sex,בוסית בהפרעה,https://tickets.cinema-city.co.il/order/836894?lang=en,https://tickets.cinema-city.co.il/order/836894?lang=he,Regular,2D,,,2026-08-06,,,,90,16+,Rishon Letzion,Cinema City,586
11:00,GRACIE & PEDRO: PETS TO THE RESCUE,גרייסי ופדרו: חיות המחמד בפעולה,https://tickets.cinema-city.co.il/order/836393?lang=en,https://tickets.cinema-city.co.il/order/836393?lang=he,Regular,2D,,Hebrew,2026-08-01,,,,87,All,Rishon Letzion,Cinema City,586
13:25,GRACIE & PEDRO: PETS TO THE RESCUE,גרייסי ופדרו: חיות המחמד בפעולה,https://tickets.cinema-city.co.il/order/836395?lang=en,https://tickets.cinema-city.co.il/order/836395?lang=he,Regular,2D,,Hebrew,2026-08-01,,,,87,All,Rishon Letzion,Cinema City,586
13:25,GRACIE & PEDRO: PETS TO THE RESCUE,גרייסי ופדרו: חיות המחמד בפעולה,https://tickets.cinema-city.co.il/order/836538?lang=en,https://tickets.cinema-city.co.il/order/836538?lang=he,Regular,2D,,Hebrew,2026-08-02,,,,87,All,Rishon Letzion,Cinema City,586
13:25,GRACIE & PEDRO: PETS TO THE RESCUE,גרייסי ופדרו: חיות המחמד בפעולה,https://tickets.cinema-city.co.il/order/836702?lang=en,https://tickets.cinema-city.co.il/order/836702?lang=he,Regular,2D,,Hebrew,2026-08-03,,,,87,All,Rishon Letzion,Cinema City,586
15:45,GRACIE & PEDRO: PETS TO THE RESCUE,גרייסי ופדרו: חיות המחמד בפעולה,https://tickets.cinema-city.co.il/order/836703?lang=en,https://tickets.cinema-city.co.il/order/836703?lang=he,Regular,2D,,Hebrew,2026-08-03,,,,87,All,Rishon Letzion,Cinema City,586
13:25,GRACIE & PEDRO: PETS TO THE RESCUE,גרייסי ופדרו: חיות המחמד בפעולה,https://tickets.cinema-city.co.il/order/836791?lang=en,https://tickets.cinema-city.co.il/order/836791?lang=he,Regular,2D,,Hebrew,2026-08-04,,,,87,All,Rishon Letzion,Cinema City,586
14:45,GRACIE & PEDRO: PETS TO THE RESCUE,גרייסי ופדרו: חיות המחמד בפעולה,https://tickets.cinema-city.co.il/order/836974?lang=en,https://tickets.cinema-city.co.il/order/836974?lang=he,Regular,2D,,Hebrew,2026-08-05,,,,87,All,Rishon Letzion,Cinema City,586
11:00,THE ODYSSEY,האודיסאה,https://tickets.cinema-city.co.il/order/836435?lang=en,https://tickets.cinema-city.co.il/order/836435?lang=he,Regular,2D,,,2026-08-01,,,,172,14+,Rishon Letzion,Cinema City,586
13:45,THE ODYSSEY,האודיסאה,https://tickets.cinema-city.co.il/order/836478?lang=en,https://tickets.cinema-city.co.il/order/836478?lang=he,Regular,2D,,,2026-08-01,,,,172,14+,Rishon Letzion,Cinema City,586
14:00,THE ODYSSEY,האודיסאה,https://tickets.cinema-city.co.il/order/836434?lang=en,https://tickets.cinema-city.co.il/order/836434?lang=he,Regular,2D,,,2026-08-01,,,,172,14+,Rishon Letzion,Cinema City,586
17:15,THE ODYSSEY,האודיסאה,https://tickets.cinema-city.co.il/order/836433?lang=en,https://tickets.cinema-city.co.il/order/836433?lang=he,Regular,2D,,,2026-08-01,,,,172,14+,Rishon Letzion,Cinema City,586
18:45,THE ODYSSEY,האודיסאה,https://tickets.cinema-city.co.il/order/836422?lang=en,https://tickets.cinema-city.co.il/order/836422?lang=he,Regular,2D,,,2026-08-01,,,,172,14+,Rishon Letzion,Cinema City,586
20:10,THE ODYSSEY,האודיסאה,https://tickets.cinema-city.co.il/order/836444?lang=en,https://tickets.cinema-city.co.il/order/836444?lang=he,Regular,2D,,,2026-08-01,,,,172,14+,Rishon Letzion,Cinema City,586
21:00,THE ODYSSEY,האודיסאה,https://tickets.cinema-city.co.il/order/836428?lang=en,https://tickets.cinema-city.co.il/order/836428?lang=he,Regular,2D,,,2026-08-01,,,,172,14+,Rishon Letzion,Cinema City,586
22:40,THE ODYSSEY,האודיסאה,https://tickets.cinema-city.co.il/order/836423?lang=en,https://tickets.cinema-city.co.il/order/836423?lang=he,Regular,2D,,,2026-08-01,,,,172,14+,Rishon Letzion,Cinema City,586
11:00,THE ODYSSEY,האודיסאה,https://tickets.cinema-city.co.il/order/836513?lang=en,https://tickets.cinema-city.co.il/order/836513?lang=he,Regular,2D,,,2026-08-02,,,,172,14+,Rishon Letzion,Cinema City,586
13:45,THE ODYSSEY,האודיסאה,https://tickets.cinema-city.co.il/order/836507?lang=en,https://tickets.cinema-city.co.il/order/836507?lang=he,Regular,2D,,,2026-08-02,,,,172,14+,Rishon Letzion,Cinema City,586
14:10,THE ODYSSEY,האודיסאה,https://tickets.cinema-city.co.il/order/836679?lang=en,https://tickets.cinema-city.co.il/order/836679?lang=he,Regular,2D,,,2026-08-02,,,,172,14+,Rishon Letzion,Cinema City,586
17:10,THE ODYSSEY,האודיסאה,https://tickets.cinema-city.co.il/order/836586?lang=en,https://tickets.cinema-city.co.il/order/836586?lang=he,Regular,2D,,,2026-08-02,,,,172,14+,Rishon Letzion,Cinema City,586
18:10,THE ODYSSEY,האודיסאה,https://tickets.cinema-city.co.il/order/836582?lang=en,https://tickets.cinema-city.co.il/order/836582?lang=he,Regular,2D,,,2026-08-02,,,,172,14+,Rishon Letzion,Cinema City,586
20:15,THE ODYSSEY,האודיסאה,https://tickets.cinema-city.co.il/order/836657?lang=en,https://tickets.cinema-city.co.il/order/836657?lang=he,Regular,2D,,,2026-08-02,,,,172,14+,Rishon Letzion,Cinema City,586
20:50,THE ODYSSEY,האודיסאה,https://tickets.cinema-city.co.il/order/836592?lang=en,https://tickets.cinema-city.co.il/order/836592?lang=he,Regular,2D,,,2026-08-02,,,,172,14+,Rishon Letzion,Cinema City,586
21:20,THE ODYSSEY,האודיסאה,https://tickets.cinema-city.co.il/order/836684?lang=en,https://tickets.cinema-city.co.il/order/836684?lang=he,Regular,2D,,,2026-08-02,,,,172,14+,Rishon Letzion,Cinema City,586
10:50,THE ODYSSEY,האודיסאה,https://tickets.cinema-city.co.il/order/836773?lang=en,https://tickets.cinema-city.co.il/order/836773?lang=he,Regular,2D,,,2026-08-03,,,,172,14+,Rishon Letzion,Cinema City,586
13:45,THE ODYSSEY,האודיסאה,https://tickets.cinema-city.co.il/order/836732?lang=en,https://tickets.cinema-city.co.il/order/836732?lang=he,Regular,2D,,,2026-08-03,,,,172,14+,Rishon Letzion,Cinema City,586
14:00,THE ODYSSEY,האודיסאה,https://tickets.cinema-city.co.il/order/836766?lang=en,https://tickets.cinema-city.co.il/order/836766?lang=he,Regular,2D,,,2026-08-03,,,,172,14+,Rishon Letzion,Cinema City,586
17:50,THE ODYSSEY,האודיסאה,https://tickets.cinema-city.co.il/order/836694?lang=en,https://tickets.cinema-city.co.il/order/836694?lang=he,Regular,2D,,,2026-08-03,,,,172,14+,Rishon Letzion,Cinema City,586
19:30,THE ODYSSEY,האודיסאה,https://tickets.cinema-city.co.il/order/836695?lang=en,https://tickets.cinema-city.co.il/order/836695?lang=he,Regular,2D,,,2026-08-03,,,,172,14+,Rishon Letzion,Cinema City,586
20:15,THE ODYSSEY,האודיסאה,https://tickets.cinema-city.co.il/order/836716?lang=en,https://tickets.cinema-city.co.il/order/836716?lang=he,Regular,2D,,,2026-08-03,,,,172,14+,Rishon Letzion,Cinema City,586
20:50,THE ODYSSEY,האודיסאה,https://tickets.cinema-city.co.il/order/836723?lang=en,https://tickets.cinema-city.co.il/order/836723?lang=he,Regular,2D,,,2026-08-03,,,,172,14+,Rishon Letzion,Cinema City,586
21:30,THE ODYSSEY,האודיסאה,https://tickets.cinema-city.co.il/order/836692?lang=en,https://tickets.cinema-city.co.il/order/836692?lang=he,Regular,2D,,,2026-08-03,,,,172,14+,Rishon Letzion,Cinema City,586
22:30,THE ODYSSEY,האודיסאה,https://tickets.cinema-city.co.il/order/836771?lang=en,https://tickets.cinema-city.co.il/order/836771?lang=he,Regular,2D,,,2026-08-03,,,,172,14+,Rishon Letzion,Cinema City,586
10:00,THE ODYSSEY,האודיסאה,https://tickets.cinema-city.co.il/order/838749?lang=en,https://tickets.cinema-city.co.il/order/838749?lang=he,Regular,2D,,,2026-08-04,,,,172,14+,Rishon Letzion,Cinema City,586
18:20,THE ODYSSEY,האודיסאה,https://tickets.cinema-city.co.il/order/836866?lang=en,https://tickets.cinema-city.co.il/order/836866?lang=he,Regular,2D,,,2026-08-04,,,,172,14+,Rishon Letzion,Cinema City,586
20:30,THE ODYSSEY,האודיסאה,https://tickets.cinema-city.co.il/order/836815?lang=en,https://tickets.cinema-city.co.il/order/836815?lang=he,Regular,2D,,,2026-08-04,,,,172,14+,Rishon Letzion,Cinema City,586
21:10,THE ODYSSEY,האודיסאה,https://tickets.cinema-city.co.il/order/836869?lang=en,https://tickets.cinema-city.co.il/order/836869?lang=he,Regular,2D,,,2026-08-04,,,,172,14+,Rishon Letzion,Cinema City,586
15:00,THE ODYSSEY,האודיסאה,https://tickets.cinema-city.co.il/order/836916?lang=en,https://tickets.cinema-city.co.il/order/836916?lang=he,Regular,2D,,,2026-08-05,,,,172,14+,Rishon Letzion,Cinema City,586
16:30,THE ODYSSEY,האודיסאה,https://tickets.cinema-city.co.il/order/836982?lang=en,https://tickets.cinema-city.co.il/order/836982?lang=he,Regular,2D,,,2026-08-05,,,,172,14+,Rishon Letzion,Cinema City,586
18:20,THE ODYSSEY,האודיסאה,https://tickets.cinema-city.co.il/order/836929?lang=en,https://tickets.cinema-city.co.il/order/836929?lang=he,Regular,2D,,,2026-08-05,,,,172,14+,Rishon Letzion,Cinema City,586
20:15,THE ODYSSEY,האודיסאה,https://tickets.cinema-city.co.il/order/836936?lang=en,https://tickets.cinema-city.co.il/order/836936?lang=he,Regular,2D,,,2026-08-05,,,,172,14+,Rishon Letzion,Cinema City,586
20:30,THE ODYSSEY,האודיסאה,https://tickets.cinema-city.co.il/order/836995?lang=en,https://tickets.cinema-city.co.il/order/836995?lang=he,Regular,2D,,,2026-08-05,,,,172,14+,Rishon Letzion,Cinema City,586
21:10,THE ODYSSEY,האודיסאה,https://tickets.cinema-city.co.il/order/836923?lang=en,https://tickets.cinema-city.co.il/order/836923?lang=he,Regular,2D,,,2026-08-05,,,,172,14+,Rishon Letzion,Cinema City,586
11:00,The Invite.,ההזמנה.,https://tickets.cinema-city.co.il/order/836479?lang=en,https://tickets.cinema-city.co.il/order/836479?lang=he,Regular,2D,,,2026-08-01,,,,107,14+,Rishon Letzion,Cinema City,586
20:10,The Invite.,ההזמנה.,https://tickets.cinema-city.co.il/order/836472?lang=en,https://tickets.cinema-city.co.il/order/836472?lang=he,Regular,2D,,,2026-08-01,,,,107,14+,Rishon Letzion,Cinema City,586
11:00,The Invite.,ההזמנה.,https://tickets.cinema-city.co.il/order/836506?lang=en,https://tickets.cinema-city.co.il/order/836506?lang=he,Regular,2D,,,2026-08-02,,,,107,14+,Rishon Letzion,Cinema City,586
17:30,The Invite.,ההזמנה.,https://tickets.cinema-city.co.il/order/836656?lang=en,https://tickets.cinema-city.co.il/order/836656?lang=he,Regular,2D,,,2026-08-02,,,,107,14+,Rishon Letzion,Cinema City,586
20:10,The Invite.,ההזמנה.,https://tickets.cinema-city.co.il/order/836512?lang=en,https://tickets.cinema-city.co.il/order/836512?lang=he,Regular,2D,,,2026-08-02,,,,107,14+,Rishon Letzion,Cinema City,586
11:00,The Invite.,ההזמנה.,https://tickets.cinema-city.co.il/order/836724?lang=en,https://tickets.cinema-city.co.il/order/836724?lang=he,Regular,2D,,,2026-08-03,,,,107,14+,Rishon Letzion,Cinema City,586
17:30,The Invite.,ההזמנה.,https://tickets.cinema-city.co.il/order/836717?lang=en,https://tickets.cinema-city.co.il/order/836717?lang=he,Regular,2D,,,2026-08-03,,,,107,14+,Rishon Letzion,Cinema City,586
20:10,The Invite.,ההזמנה.,https://tickets.cinema-city.co.il/order/836753?lang=en,https://tickets.cinema-city.co.il/order/836753?lang=he,Regular,2D,,,2026-08-03,,,,107,14+,Rishon Letzion,Cinema City,586
13:30,The Invite.,ההזמנה.,https://tickets.cinema-city.co.il/order/838750?lang=en,https://tickets.cinema-city.co.il/order/838750?lang=he,Regular,2D,,,2026-08-04,,,,107,14+,Rishon Letzion,Cinema City,586
16:00,The Invite.,ההזמנה.,https://tickets.cinema-city.co.il/order/836808?lang=en,https://tickets.cinema-city.co.il/order/836808?lang=he,Regular,2D,,,2026-08-04,,,,107,14+,Rishon Letzion,Cinema City,586
18:50,The Magic Faraway Tree,המסע המופלא לעץ הקסמים,https://tickets.cinema-city.co.il/order/836386?lang=en,https://tickets.cinema-city.co.il/order/836386?lang=he,Regular,2D,,,2026-08-01,,,,110,All,Rishon Letzion,Cinema City,586
18:50,The Magic Faraway Tree,המסע המופלא לעץ הקסמים,https://tickets.cinema-city.co.il/order/836606?lang=en,https://tickets.cinema-city.co.il/order/836606?lang=he,Regular,2D,,,2026-08-02,,,,110,All,Rishon Letzion,Cinema City,586
11:15,The Magic Faraway Tree,המסע המופלא לעץ הקסמים,https://tickets.cinema-city.co.il/order/836388?lang=en,https://tickets.cinema-city.co.il/order/836388?lang=he,Regular,2D,,Hebrew,2026-08-01,,,,110,All,Rishon Letzion,Cinema City,586
13:30,The Magic Faraway Tree,המסע המופלא לעץ הקסמים,https://tickets.cinema-city.co.il/order/839161?lang=en,https://tickets.cinema-city.co.il/order/839161?lang=he,Regular,2D,,Hebrew,2026-08-01,,,,110,All,Rishon Letzion,Cinema City,586
16:10,The Magic Faraway Tree,המסע המופלא לעץ הקסמים,https://tickets.cinema-city.co.il/order/836458?lang=en,https://tickets.cinema-city.co.il/order/836458?lang=he,Regular,2D,,Hebrew,2026-08-01,,,,110,All,Rishon Letzion,Cinema City,586
17:00,The Magic Faraway Tree,המסע המופלא לעץ הקסמים,https://tickets.cinema-city.co.il/order/836404?lang=en,https://tickets.cinema-city.co.il/order/836404?lang=he,Regular,2D,,Hebrew,2026-08-01,,,,110,All,Rishon Letzion,Cinema City,586
10:45,The Magic Faraway Tree,המסע המופלא לעץ הקסמים,https://tickets.cinema-city.co.il/order/836569?lang=en,https://tickets.cinema-city.co.il/order/836569?lang=he,Regular,2D,,Hebrew,2026-08-02,,,,110,All,Rishon Letzion,Cinema City,586
13:30,The Magic Faraway Tree,המסע המופלא לעץ הקסמים,https://tickets.cinema-city.co.il/order/836529?lang=en,https://tickets.cinema-city.co.il/order/836529?lang=he,Regular,2D,,Hebrew,2026-08-02,,,,110,All,Rishon Letzion,Cinema City,586
16:10,The Magic Faraway Tree,המסע המופלא לעץ הקסמים,https://tickets.cinema-city.co.il/order/836485?lang=en,https://tickets.cinema-city.co.il/order/836485?lang=he,Regular,2D,,Hebrew,2026-08-02,,,,110,All,Rishon Letzion,Cinema City,586
17:15,The Magic Faraway Tree,המסע המופלא לעץ הקסמים,https://tickets.cinema-city.co.il/order/836528?lang=en,https://tickets.cinema-city.co.il/order/836528?lang=he,Regular,2D,,Hebrew,2026-08-02,,,,110,All,Rishon Letzion,Cinema City,586
13:30,The Magic Faraway Tree,המסע המופלא לעץ הקסמים,https://tickets.cinema-city.co.il/order/836714?lang=en,https://tickets.cinema-city.co.il/order/836714?lang=he,Regular,2D,,Hebrew,2026-08-03,,,,110,All,Rishon Letzion,Cinema City,586
16:10,The Magic Faraway Tree,המסע המופלא לעץ הקסמים,https://tickets.cinema-city.co.il/order/836740?lang=en,https://tickets.cinema-city.co.il/order/836740?lang=he,Regular,2D,,Hebrew,2026-08-03,,,,110,All,Rishon Letzion,Cinema City,586
17:15,The Magic Faraway Tree,המסע המופלא לעץ הקסמים,https://tickets.cinema-city.co.il/order/836742?lang=en,https://tickets.cinema-city.co.il/order/836742?lang=he,Regular,2D,,Hebrew,2026-08-03,,,,110,All,Rishon Letzion,Cinema City,586
13:00,The Magic Faraway Tree,המסע המופלא לעץ הקסמים,https://tickets.cinema-city.co.il/order/836806?lang=en,https://tickets.cinema-city.co.il/order/836806?lang=he,Regular,2D,,Hebrew,2026-08-04,,,,110,All,Rishon Letzion,Cinema City,586
15:40,The Magic Faraway Tree,המסע המופלא לעץ הקסמים,https://tickets.cinema-city.co.il/order/836836?lang=en,https://tickets.cinema-city.co.il/order/836836?lang=he,Regular,2D,,Hebrew,2026-08-04,,,,110,All,Rishon Letzion,Cinema City,586
17:15,The Magic Faraway Tree,המסע המופלא לעץ הקסמים,https://tickets.cinema-city.co.il/order/836838?lang=en,https://tickets.cinema-city.co.il/order/836838?lang=he,Regular,2D,,Hebrew,2026-08-04,,,,110,All,Rishon Letzion,Cinema City,586
13:30,The Magic Faraway Tree,המסע המופלא לעץ הקסמים,https://tickets.cinema-city.co.il/order/837002?lang=en,https://tickets.cinema-city.co.il/order/837002?lang=he,Regular,2D,,Hebrew,2026-08-05,,,,110,All,Rishon Letzion,Cinema City,586
16:10,The Magic Faraway Tree,המסע המופלא לעץ הקסמים,https://tickets.cinema-city.co.il/order/836902?lang=en,https://tickets.cinema-city.co.il/order/836902?lang=he,Regular,2D,,Hebrew,2026-08-05,,,,110,All,Rishon Letzion,Cinema City,586
17:15,The Magic Faraway Tree,המסע המופלא לעץ הקסמים,https://tickets.cinema-city.co.il/order/836899?lang=en,https://tickets.cinema-city.co.il/order/836899?lang=he,Regular,2D,,Hebrew,2026-08-05,,,,110,All,Rishon Letzion,Cinema City,586
14:30,חינה אמריקאית,חינה אמריקאית,https://tickets.cinema-city.co.il/order/836439?lang=en,https://tickets.cinema-city.co.il/order/836439?lang=he,Regular,2D,,,2026-08-01,,,,89,All,Rishon Letzion,Cinema City,586
17:00,חינה אמריקאית,חינה אמריקאית,https://tickets.cinema-city.co.il/order/836436?lang=en,https://tickets.cinema-city.co.il/order/836436?lang=he,Regular,2D,,,2026-08-01,,,,89,All,Rishon Letzion,Cinema City,586
19:30,חינה אמריקאית,חינה אמריקאית,https://tickets.cinema-city.co.il/order/836437?lang=en,https://tickets.cinema-city.co.il/order/836437?lang=he,Regular,2D,,,2026-08-01,,,,89,All,Rishon Letzion,Cinema City,586
22:00,חינה אמריקאית,חינה אמריקאית,https://tickets.cinema-city.co.il/order/836438?lang=en,https://tickets.cinema-city.co.il/order/836438?lang=he,Regular,2D,,,2026-08-01,,,,89,All,Rishon Letzion,Cinema City,586
23:00,חינה אמריקאית,חינה אמריקאית,https://tickets.cinema-city.co.il/order/836448?lang=en,https://tickets.cinema-city.co.il/order/836448?lang=he,Regular,2D,,,2026-08-01,,,,89,All,Rishon Letzion,Cinema City,586
00:25,חינה אמריקאית,חינה אמריקאית,https://tickets.cinema-city.co.il/order/836427?lang=en,https://tickets.cinema-city.co.il/order/836427?lang=he,Regular,2D,,,2026-08-01,,,,89,All,Rishon Letzion,Cinema City,586
13:10,חינה אמריקאית,חינה אמריקאית,https://tickets.cinema-city.co.il/order/836663?lang=en,https://tickets.cinema-city.co.il/order/836663?lang=he,Regular,2D,,,2026-08-02,,,,89,All,Rishon Letzion,Cinema City,586
15:40,חינה אמריקאית,חינה אמריקאית,https://tickets.cinema-city.co.il/order/836501?lang=en,https://tickets.cinema-city.co.il/order/836501?lang=he,Regular,2D,,,2026-08-02,,,,89,All,Rishon Letzion,Cinema City,586
20:30,חינה אמריקאית,חינה אמריקאית,https://tickets.cinema-city.co.il/order/836502?lang=en,https://tickets.cinema-city.co.il/order/836502?lang=he,Regular,2D,,,2026-08-02,,,,89,All,Rishon Letzion,Cinema City,586
23:00,חינה אמריקאית,חינה אמריקאית,https://tickets.cinema-city.co.il/order/836492?lang=en,https://tickets.cinema-city.co.il/order/836492?lang=he,Regular,2D,,,2026-08-02,,,,89,All,Rishon Letzion,Cinema City,586
14:45,חינה אמריקאית,חינה אמריקאית,https://tickets.cinema-city.co.il/order/836728?lang=en,https://tickets.cinema-city.co.il/order/836728?lang=he,Regular,2D,,,2026-08-03,,,,89,All,Rishon Letzion,Cinema City,586
17:15,חינה אמריקאית,חינה אמריקאית,https://tickets.cinema-city.co.il/order/836761?lang=en,https://tickets.cinema-city.co.il/order/836761?lang=he,Regular,2D,,,2026-08-03,,,,89,All,Rishon Letzion,Cinema City,586
19:40,חינה אמריקאית,חינה אמריקאית,https://tickets.cinema-city.co.il/order/836762?lang=en,https://tickets.cinema-city.co.il/order/836762?lang=he,Regular,2D,,,2026-08-03,,,,89,All,Rishon Letzion,Cinema City,586
22:00,חינה אמריקאית,חינה אמריקאית,https://tickets.cinema-city.co.il/order/836727?lang=en,https://tickets.cinema-city.co.il/order/836727?lang=he,Regular,2D,,,2026-08-03,,,,89,All,Rishon Letzion,Cinema City,586
22:15,חינה אמריקאית,חינה אמריקאית,https://tickets.cinema-city.co.il/order/836734?lang=en,https://tickets.cinema-city.co.il/order/836734?lang=he,Regular,2D,,,2026-08-03,,,,89,All,Rishon Letzion,Cinema City,586
14:30,חינה אמריקאית,חינה אמריקאית,https://tickets.cinema-city.co.il/order/836805?lang=en,https://tickets.cinema-city.co.il/order/836805?lang=he,Regular,2D,,,2026-08-04,,,,89,All,Rishon Letzion,Cinema City,586
17:00,חינה אמריקאית,חינה אמריקאית,https://tickets.cinema-city.co.il/order/836821?lang=en,https://tickets.cinema-city.co.il/order/836821?lang=he,Regular,2D,,,2026-08-04,,,,89,All,Rishon Letzion,Cinema City,586
19:30,חינה אמריקאית,חינה אמריקאית,https://tickets.cinema-city.co.il/order/836859?lang=en,https://tickets.cinema-city.co.il/order/836859?lang=he,Regular,2D,,,2026-08-04,,,,89,All,Rishon Letzion,Cinema City,586
22:00,חינה אמריקאית,חינה אמריקאית,https://tickets.cinema-city.co.il/order/836820?lang=en,https://tickets.cinema-city.co.il/order/836820?lang=he,Regular,2D,,,2026-08-04,,,,89,All,Rishon Letzion,Cinema City,586
00:25,חינה אמריקאית,חינה אמריקאית,https://tickets.cinema-city.co.il/order/836781?lang=en,https://tickets.cinema-city.co.il/order/836781?lang=he,Regular,2D,,,2026-08-04,,,,89,All,Rishon Letzion,Cinema City,586
14:30,חינה אמריקאית,חינה אמריקאית,https://tickets.cinema-city.co.il/order/837003?lang=en,https://tickets.cinema-city.co.il/order/837003?lang=he,Regular,2D,,,2026-08-05,,,,89,All,Rishon Letzion,Cinema City,586
17:00,חינה אמריקאית,חינה אמריקאית,https://tickets.cinema-city.co.il/order/836990?lang=en,https://tickets.cinema-city.co.il/order/836990?lang=he,Regular,2D,,,2026-08-05,,,,89,All,Rishon Letzion,Cinema City,586
19:30,חינה אמריקאית,חינה אמריקאית,https://tickets.cinema-city.co.il/order/836941?lang=en,https://tickets.cinema-city.co.il/order/836941?lang=he,Regular,2D,,,2026-08-05,,,,89,All,Rishon Letzion,Cinema City,586
21:15,חינה אמריקאית,חינה אמריקאית,https://tickets.cinema-city.co.il/order/836911?lang=en,https://tickets.cinema-city.co.il/order/836911?lang=he,Regular,2D,,,2026-08-05,,,,89,All,Rishon Letzion,Cinema City,586
22:00,חינה אמריקאית,חינה אמריקאית,https://tickets.cinema-city.co.il/order/836991?lang=en,https://tickets.cinema-city.co.il/order/836991?lang=he,Regular,2D,,,2026-08-05,,,,89,All,Rishon Letzion,Cinema City,586
10:05,Tafiti: Across the Desert,טפיטי: הרפתקה במדבר,https://tickets.cinema-city.co.il/order/836400?lang=en,https://tickets.cinema-city.co.il/order/836400?lang=he,Regular,2D,,Hebrew,2026-08-01,,,,81,9+,Rishon Letzion,Cinema City,586
13:00,Tafiti: Across the Desert,טפיטי: הרפתקה במדבר,https://tickets.cinema-city.co.il/order/836401?lang=en,https://tickets.cinema-city.co.il/order/836401?lang=he,Regular,2D,,Hebrew,2026-08-01,,,,81,9+,Rishon Letzion,Cinema City,586
10:05,Tafiti: Across the Desert,טפיטי: הרפתקה במדבר,https://tickets.cinema-city.co.il/order/836532?lang=en,https://tickets.cinema-city.co.il/order/836532?lang=he,Regular,2D,,Hebrew,2026-08-02,,,,81,9+,Rishon Letzion,Cinema City,586
13:00,Tafiti: Across the Desert,טפיטי: הרפתקה במדבר,https://tickets.cinema-city.co.il/order/836531?lang=en,https://tickets.cinema-city.co.il/order/836531?lang=he,Regular,2D,,Hebrew,2026-08-02,,,,81,9+,Rishon Letzion,Cinema City,586
13:00,Tafiti: Across the Desert,טפיטי: הרפתקה במדבר,https://tickets.cinema-city.co.il/order/836707?lang=en,https://tickets.cinema-city.co.il/order/836707?lang=he,Regular,2D,,Hebrew,2026-08-03,,,,81,9+,Rishon Letzion,Cinema City,586
10:05,Tafiti: Across the Desert,טפיטי: הרפתקה במדבר,https://tickets.cinema-city.co.il/order/836796?lang=en,https://tickets.cinema-city.co.il/order/836796?lang=he,Regular,2D,,Hebrew,2026-08-04,,,,81,9+,Rishon Letzion,Cinema City,586
13:00,Tafiti: Across the Desert,טפיטי: הרפתקה במדבר,https://tickets.cinema-city.co.il/order/836797?lang=en,https://tickets.cinema-city.co.il/order/836797?lang=he,Regular,2D,,Hebrew,2026-08-04,,,,81,9+,Rishon Letzion,Cinema City,586
10:05,Tafiti: Across the Desert,טפיטי: הרפתקה במדבר,https://tickets.cinema-city.co.il/order/836967?lang=en,https://tickets.cinema-city.co.il/order/836967?lang=he,Regular,2D,,Hebrew,2026-08-05,,,,81,9+,Rishon Letzion,Cinema City,586
13:00,Tafiti: Across the Desert,טפיטי: הרפתקה במדבר,https://tickets.cinema-city.co.il/order/836965?lang=en,https://tickets.cinema-city.co.il/order/836965?lang=he,Regular,2D,,Hebrew,2026-08-05,,,,81,9+,Rishon Letzion,Cinema City,586
22:00,Cuz You're Ugly,כי את מכוערת,https://tickets.cinema-city.co.il/order/836466?lang=en,https://tickets.cinema-city.co.il/order/836466?lang=he,Regular,2D,,,2026-08-01,,,,83,12+,Rishon Letzion,Cinema City,586
20:50,Cuz You're Ugly,כי את מכוערת,https://tickets.cinema-city.co.il/order/836517?lang=en,https://tickets.cinema-city.co.il/order/836517?lang=he,Regular,2D,,,2026-08-02,,,,83,12+,Rishon Letzion,Cinema City,586
22:00,Cuz You're Ugly,כי את מכוערת,https://tickets.cinema-city.co.il/order/836752?lang=en,https://tickets.cinema-city.co.il/order/836752?lang=he,Regular,2D,,,2026-08-03,,,,83,12+,Rishon Letzion,Cinema City,586
22:00,Cuz You're Ugly,כי את מכוערת,https://tickets.cinema-city.co.il/order/836850?lang=en,https://tickets.cinema-city.co.il/order/836850?lang=he,Regular,2D,,,2026-08-04,,,,83,12+,Rishon Letzion,Cinema City,586
22:00,Cuz You're Ugly,כי את מכוערת,https://tickets.cinema-city.co.il/order/836951?lang=en,https://tickets.cinema-city.co.il/order/836951?lang=he,Regular,2D,,,2026-08-05,,,,83,12+,Rishon Letzion,Cinema City,586
10:10,MASHA & THE BEAR – WONDER PARK,מאשה והדוב-ההרפתקה הגדולה,https://tickets.cinema-city.co.il/order/836450?lang=en,https://tickets.cinema-city.co.il/order/836450?lang=he,Regular,2D,,Hebrew,2026-08-01,,,,73,All,Rishon Letzion,Cinema City,586
12:15,MASHA & THE BEAR – WONDER PARK,מאשה והדוב-ההרפתקה הגדולה,https://tickets.cinema-city.co.il/order/836413?lang=en,https://tickets.cinema-city.co.il/order/836413?lang=he,Regular,2D,,Hebrew,2026-08-01,,,,73,All,Rishon Letzion,Cinema City,586
17:10,MASHA & THE BEAR – WONDER PARK,מאשה והדוב-ההרפתקה הגדולה,https://tickets.cinema-city.co.il/order/836449?lang=en,https://tickets.cinema-city.co.il/order/836449?lang=he,Regular,2D,,Hebrew,2026-08-01,,,,73,All,Rishon Letzion,Cinema City,586
11:00,MASHA & THE BEAR – WONDER PARK,מאשה והדוב-ההרפתקה הגדולה,https://tickets.cinema-city.co.il/order/836490?lang=en,https://tickets.cinema-city.co.il/order/836490?lang=he,Regular,2D,,Hebrew,2026-08-02,,,,73,All,Rishon Letzion,Cinema City,586
11:30,MASHA & THE BEAR – WONDER PARK,מאשה והדוב-ההרפתקה הגדולה,https://tickets.cinema-city.co.il/order/836736?lang=en,https://tickets.cinema-city.co.il/order/836736?lang=he,Regular,2D,,Hebrew,2026-08-03,,,,73,All,Rishon Letzion,Cinema City,586
11:00,MASHA & THE BEAR – WONDER PARK,מאשה והדוב-ההרפתקה הגדולה,https://tickets.cinema-city.co.il/order/836831?lang=en,https://tickets.cinema-city.co.il/order/836831?lang=he,Regular,2D,,Hebrew,2026-08-04,,,,73,All,Rishon Letzion,Cinema City,586
15:30,MASHA & THE BEAR – WONDER PARK,מאשה והדוב-ההרפתקה הגדולה,https://tickets.cinema-city.co.il/order/836908?lang=en,https://tickets.cinema-city.co.il/order/836908?lang=he,Regular,2D,,Hebrew,2026-08-05,,,,73,All,Rishon Letzion,Cinema City,586
10:25,Moana (Live Action),מואנה (לייב אקשן),https://tickets.cinema-city.co.il/order/839155?lang=en,https://tickets.cinema-city.co.il/order/839155?lang=he,Regular,2D,,Hebrew,2026-08-01,,,,115,All,Rishon Letzion,Cinema City,586
14:00,Moana (Live Action),מואנה (לייב אקשן),https://tickets.cinema-city.co.il/order/839158?lang=en,https://tickets.cinema-city.co.il/order/839158?lang=he,Regular,2D,,Hebrew,2026-08-01,,,,115,All,Rishon Letzion,Cinema City,586
17:10,Moana (Live Action),מואנה (לייב אקשן),https://tickets.cinema-city.co.il/order/836461?lang=en,https://tickets.cinema-city.co.il/order/836461?lang=he,Regular,2D,,Hebrew,2026-08-01,,,,115,All,Rishon Letzion,Cinema City,586
10:00,Moana (Live Action),מואנה (לייב אקשן),https://tickets.cinema-city.co.il/order/836654?lang=en,https://tickets.cinema-city.co.il/order/836654?lang=he,Regular,2D,,Hebrew,2026-08-02,,,,115,All,Rishon Letzion,Cinema City,586
15:30,Moana (Live Action),מואנה (לייב אקשן),https://tickets.cinema-city.co.il/order/836493?lang=en,https://tickets.cinema-city.co.il/order/836493?lang=he,Regular,2D,,Hebrew,2026-08-02,,,,115,All,Rishon Letzion,Cinema City,586
10:40,Moana (Live Action),מואנה (לייב אקשן),https://tickets.cinema-city.co.il/order/836718?lang=en,https://tickets.cinema-city.co.il/order/836718?lang=he,Regular,2D,,Hebrew,2026-08-03,,,,115,All,Rishon Letzion,Cinema City,586
13:30,Moana (Live Action),מואנה (לייב אקשן),https://tickets.cinema-city.co.il/order/836748?lang=en,https://tickets.cinema-city.co.il/order/836748?lang=he,Regular,2D,,Hebrew,2026-08-03,,,,115,All,Rishon Letzion,Cinema City,586
16:20,Moana (Live Action),מואנה (לייב אקשן),https://tickets.cinema-city.co.il/order/836733?lang=en,https://tickets.cinema-city.co.il/order/836733?lang=he,Regular,2D,,Hebrew,2026-08-03,,,,115,All,Rishon Letzion,Cinema City,586
10:00,Moana (Live Action),מואנה (לייב אקשן),https://tickets.cinema-city.co.il/order/836809?lang=en,https://tickets.cinema-city.co.il/order/836809?lang=he,Regular,2D,,Hebrew,2026-08-04,,,,115,All,Rishon Letzion,Cinema City,586
12:45,Moana (Live Action),מואנה (לייב אקשן),https://tickets.cinema-city.co.il/order/836846?lang=en,https://tickets.cinema-city.co.il/order/836846?lang=he,Regular,2D,,Hebrew,2026-08-04,,,,115,All,Rishon Letzion,Cinema City,586
15:30,Moana (Live Action),מואנה (לייב אקשן),https://tickets.cinema-city.co.il/order/836828?lang=en,https://tickets.cinema-city.co.il/order/836828?lang=he,Regular,2D,,Hebrew,2026-08-04,,,,115,All,Rishon Letzion,Cinema City,586
18:20,Moana (Live Action),מואנה (לייב אקשן),https://tickets.cinema-city.co.il/order/836860?lang=en,https://tickets.cinema-city.co.il/order/836860?lang=he,Regular,2D,,Hebrew,2026-08-04,,,,115,All,Rishon Letzion,Cinema City,586
10:10,Moana (Live Action),מואנה (לייב אקשן),https://tickets.cinema-city.co.il/order/837011?lang=en,https://tickets.cinema-city.co.il/order/837011?lang=he,Regular,2D,,Hebrew,2026-08-05,,,,115,All,Rishon Letzion,Cinema City,586
12:50,Moana (Live Action),מואנה (לייב אקשן),https://tickets.cinema-city.co.il/order/836886?lang=en,https://tickets.cinema-city.co.il/order/836886?lang=he,Regular,2D,,Hebrew,2026-08-05,,,,115,All,Rishon Letzion,Cinema City,586
15:30,Moana (Live Action),מואנה (לייב אקשן),https://tickets.cinema-city.co.il/order/836912?lang=en,https://tickets.cinema-city.co.il/order/836912?lang=he,Regular,2D,,Hebrew,2026-08-05,,,,115,All,Rishon Letzion,Cinema City,586
18:20,Moana (Live Action),מואנה (לייב אקשן),https://tickets.cinema-city.co.il/order/836919?lang=en,https://tickets.cinema-city.co.il/order/836919?lang=he,Regular,2D,,Hebrew,2026-08-05,,,,115,All,Rishon Letzion,Cinema City,586
20:05,Motor City,מוטור סיטי,https://tickets.cinema-city.co.il/order/836389?lang=en,https://tickets.cinema-city.co.il/order/836389?lang=he,Regular,2D,,,2026-08-01,,,,103,16+,Rishon Letzion,Cinema City,586
22:45,Motor City,מוטור סיטי,https://tickets.cinema-city.co.il/order/836405?lang=en,https://tickets.cinema-city.co.il/order/836405?lang=he,Regular,2D,,,2026-08-01,,,,103,16+,Rishon Letzion,Cinema City,586
20:05,Motor City,מוטור סיטי,https://tickets.cinema-city.co.il/order/836556?lang=en,https://tickets.cinema-city.co.il/order/836556?lang=he,Regular,2D,,,2026-08-02,,,,103,16+,Rishon Letzion,Cinema City,586
22:45,Motor City,מוטור סיטי,https://tickets.cinema-city.co.il/order/836527?lang=en,https://tickets.cinema-city.co.il/order/836527?lang=he,Regular,2D,,,2026-08-02,,,,103,16+,Rishon Letzion,Cinema City,586
20:05,Motor City,מוטור סיטי,https://tickets.cinema-city.co.il/order/836697?lang=en,https://tickets.cinema-city.co.il/order/836697?lang=he,Regular,2D,,,2026-08-03,,,,103,16+,Rishon Letzion,Cinema City,586
22:45,Motor City,מוטור סיטי,https://tickets.cinema-city.co.il/order/836743?lang=en,https://tickets.cinema-city.co.il/order/836743?lang=he,Regular,2D,,,2026-08-03,,,,103,16+,Rishon Letzion,Cinema City,586
20:05,Motor City,מוטור סיטי,https://tickets.cinema-city.co.il/order/836786?lang=en,https://tickets.cinema-city.co.il/order/836786?lang=he,Regular,2D,,,2026-08-04,,,,103,16+,Rishon Letzion,Cinema City,586
22:45,Motor City,מוטור סיטי,https://tickets.cinema-city.co.il/order/836839?lang=en,https://tickets.cinema-city.co.il/order/836839?lang=he,Regular,2D,,,2026-08-04,,,,103,16+,Rishon Letzion,Cinema City,586
20:05,Motor City,מוטור סיטי,https://tickets.cinema-city.co.il/order/836979?lang=en,https://tickets.cinema-city.co.il/order/836979?lang=he,Regular,2D,,,2026-08-05,,,,103,16+,Rishon Letzion,Cinema City,586
22:45,Motor City,מוטור סיטי,https://tickets.cinema-city.co.il/order/836897?lang=en,https://tickets.cinema-city.co.il/order/836897?lang=he,Regular,2D,,,2026-08-05,,,,103,16+,Rishon Letzion,Cinema City,586
23:00,Driver's Ed,נהג חדש,https://tickets.cinema-city.co.il/order/836530?lang=en,https://tickets.cinema-city.co.il/order/836530?lang=he,Regular,2D,,,2026-08-02,,,,98,14+,Rishon Letzion,Cinema City,586
23:00,Driver's Ed,נהג חדש,https://tickets.cinema-city.co.il/order/836530?lang=en,https://tickets.cinema-city.co.il/order/836530?lang=he,Regular,2D,,,2026-08-05,,,,98,14+,Rishon Letzion,Cinema City,586
10:30,School of Magical Animals 3,סוד החיות הקסומות 3,https://tickets.cinema-city.co.il/order/836483?lang=en,https://tickets.cinema-city.co.il/order/836483?lang=he,Regular,2D,,Hebrew,2026-08-01,,,,105,All,Rishon Letzion,Cinema City,586
10:00,School of Magical Animals 3,סוד החיות הקסומות 3,https://tickets.cinema-city.co.il/order/836871?lang=en,https://tickets.cinema-city.co.il/order/836871?lang=he,Regular,2D,,Hebrew,2026-08-04,,,,105,All,Rishon Letzion,Cinema City,586
11:00,סולטיז הסרט,סולטיז הסרט-וולוג ה-100,https://tickets.cinema-city.co.il/order/836477?lang=en,https://tickets.cinema-city.co.il/order/836477?lang=he,Regular,2D,,,2026-08-01,,,,100,All,Rishon Letzion,Cinema City,586
11:50,סולטיז הסרט,סולטיז הסרט-וולוג ה-100,https://tickets.cinema-city.co.il/order/836398?lang=en,https://tickets.cinema-city.co.il/order/836398?lang=he,Regular,2D,,,2026-08-01,,,,100,All,Rishon Letzion,Cinema City,586
14:30,סולטיז הסרט,סולטיז הסרט-וולוג ה-100,https://tickets.cinema-city.co.il/order/836394?lang=en,https://tickets.cinema-city.co.il/order/836394?lang=he,Regular,2D,,,2026-08-01,,,,100,All,Rishon Letzion,Cinema City,586
15:15,סולטיז הסרט,סולטיז הסרט-וולוג ה-100,https://tickets.cinema-city.co.il/order/836416?lang=en,https://tickets.cinema-city.co.il/order/836416?lang=he,Regular,2D,,,2026-08-01,,,,100,All,Rishon Letzion,Cinema City,586
15:40,סולטיז הסרט,סולטיז הסרט-וולוג ה-100,https://tickets.cinema-city.co.il/order/836396?lang=en,https://tickets.cinema-city.co.il/order/836396?lang=he,Regular,2D,,,2026-08-01,,,,100,All,Rishon Letzion,Cinema City,586
17:10,סולטיז הסרט,סולטיז הסרט-וולוג ה-100,https://tickets.cinema-city.co.il/order/836397?lang=en,https://tickets.cinema-city.co.il/order/836397?lang=he,Regular,2D,,,2026-08-01,,,,100,All,Rishon Letzion,Cinema City,586
18:10,סולטיז הסרט,סולטיז הסרט-וולוג ה-100,https://tickets.cinema-city.co.il/order/836457?lang=en,https://tickets.cinema-city.co.il/order/836457?lang=he,Regular,2D,,,2026-08-01,,,,100,All,Rishon Letzion,Cinema City,586
10:00,סולטיז הסרט,סולטיז הסרט-וולוג ה-100,https://tickets.cinema-city.co.il/order/836676?lang=en,https://tickets.cinema-city.co.il/order/836676?lang=he,Regular,2D,,,2026-08-02,,,,100,All,Rishon Letzion,Cinema City,586
10:30,סולטיז הסרט,סולטיז הסרט-וולוג ה-100,https://tickets.cinema-city.co.il/order/836685?lang=en,https://tickets.cinema-city.co.il/order/836685?lang=he,Regular,2D,,,2026-08-02,,,,100,All,Rishon Letzion,Cinema City,586
11:00,סולטיז הסרט,סולטיז הסרט-וולוג ה-100,https://tickets.cinema-city.co.il/order/836508?lang=en,https://tickets.cinema-city.co.il/order/836508?lang=he,Regular,2D,,,2026-08-02,,,,100,All,Rishon Letzion,Cinema City,586
11:50,סולטיז הסרט,סולטיז הסרט-וולוג ה-100,https://tickets.cinema-city.co.il/order/836521?lang=en,https://tickets.cinema-city.co.il/order/836521?lang=he,Regular,2D,,,2026-08-02,,,,100,All,Rishon Letzion,Cinema City,586
14:30,סולטיז הסרט,סולטיז הסרט-וולוג ה-100,https://tickets.cinema-city.co.il/order/836539?lang=en,https://tickets.cinema-city.co.il/order/836539?lang=he,Regular,2D,,,2026-08-02,,,,100,All,Rishon Letzion,Cinema City,586
15:15,סולטיז הסרט,סולטיז הסרט-וולוג ה-100,https://tickets.cinema-city.co.il/order/836637?lang=en,https://tickets.cinema-city.co.il/order/836637?lang=he,Regular,2D,,,2026-08-02,,,,100,All,Rishon Letzion,Cinema City,586
15:40,סולטיז הסרט,סולטיז הסרט-וולוג ה-100,https://tickets.cinema-city.co.il/order/836537?lang=en,https://tickets.cinema-city.co.il/order/836537?lang=he,Regular,2D,,,2026-08-02,,,,100,All,Rishon Letzion,Cinema City,586
16:45,סולטיז הסרט,סולטיז הסרט-וולוג ה-100,https://tickets.cinema-city.co.il/order/836491?lang=en,https://tickets.cinema-city.co.il/order/836491?lang=he,Regular,2D,,,2026-08-02,,,,100,All,Rishon Letzion,Cinema City,586
17:10,סולטיז הסרט,סולטיז הסרט-וולוג ה-100,https://tickets.cinema-city.co.il/order/836536?lang=en,https://tickets.cinema-city.co.il/order/836536?lang=he,Regular,2D,,,2026-08-02,,,,100,All,Rishon Letzion,Cinema City,586
18:10,סולטיז הסרט,סולטיז הסרט-וולוג ה-100,https://tickets.cinema-city.co.il/order/836486?lang=en,https://tickets.cinema-city.co.il/order/836486?lang=he,Regular,2D,,,2026-08-02,,,,100,All,Rishon Letzion,Cinema City,586
10:45,סולטיז הסרט,סולטיז הסרט-וולוג ה-100,https://tickets.cinema-city.co.il/order/836700?lang=en,https://tickets.cinema-city.co.il/order/836700?lang=he,Regular,2D,,,2026-08-03,,,,100,All,Rishon Letzion,Cinema City,586
13:30,סולטיז הסרט,סולטיז הסרט-וולוג ה-100,https://tickets.cinema-city.co.il/order/836774?lang=en,https://tickets.cinema-city.co.il/order/836774?lang=he,Regular,2D,,,2026-08-03,,,,100,All,Rishon Letzion,Cinema City,586
14:30,סולטיז הסרט,סולטיז הסרט-וולוג ה-100,https://tickets.cinema-city.co.il/order/836701?lang=en,https://tickets.cinema-city.co.il/order/836701?lang=he,Regular,2D,,,2026-08-03,,,,100,All,Rishon Letzion,Cinema City,586
15:15,סולטיז הסרט,סולטיז הסרט-וולוג ה-100,https://tickets.cinema-city.co.il/order/836720?lang=en,https://tickets.cinema-city.co.il/order/836720?lang=he,Regular,2D,,,2026-08-03,,,,100,All,Rishon Letzion,Cinema City,586
16:00,סולטיז הסרט,סולטיז הסרט-וולוג ה-100,https://tickets.cinema-city.co.il/order/836735?lang=en,https://tickets.cinema-city.co.il/order/836735?lang=he,Regular,2D,,,2026-08-03,,,,100,All,Rishon Letzion,Cinema City,586
17:00,סולטיז הסרט,סולטיז הסרט-וולוג ה-100,https://tickets.cinema-city.co.il/order/836704?lang=en,https://tickets.cinema-city.co.il/order/836704?lang=he,Regular,2D,,,2026-08-03,,,,100,All,Rishon Letzion,Cinema City,586
18:10,סולטיז הסרט,סולטיז הסרט-וולוג ה-100,https://tickets.cinema-city.co.il/order/836739?lang=en,https://tickets.cinema-city.co.il/order/836739?lang=he,Regular,2D,,,2026-08-03,,,,100,All,Rishon Letzion,Cinema City,586
18:50,סולטיז הסרט,סולטיז הסרט-וולוג ה-100,https://tickets.cinema-city.co.il/order/836689?lang=en,https://tickets.cinema-city.co.il/order/836689?lang=he,Regular,2D,,,2026-08-03,,,,100,All,Rishon Letzion,Cinema City,586
19:30,סולטיז הסרט,סולטיז הסרט-וולוג ה-100,https://tickets.cinema-city.co.il/order/836696?lang=en,https://tickets.cinema-city.co.il/order/836696?lang=he,Regular,2D,,,2026-08-03,,,,100,All,Rishon Letzion,Cinema City,586
11:50,סולטיז הסרט,סולטיז הסרט-וולוג ה-100,https://tickets.cinema-city.co.il/order/836845?lang=en,https://tickets.cinema-city.co.il/order/836845?lang=he,Regular,2D,,,2026-08-04,,,,100,All,Rishon Letzion,Cinema City,586
13:45,סולטיז הסרט,סולטיז הסרט-וולוג ה-100,https://tickets.cinema-city.co.il/order/836864?lang=en,https://tickets.cinema-city.co.il/order/836864?lang=he,Regular,2D,,,2026-08-04,,,,100,All,Rishon Letzion,Cinema City,586
14:30,סולטיז הסרט,סולטיז הסרט-וולוג ה-100,https://tickets.cinema-city.co.il/order/836790?lang=en,https://tickets.cinema-city.co.il/order/836790?lang=he,Regular,2D,,,2026-08-04,,,,100,All,Rishon Letzion,Cinema City,586
15:15,סולטיז הסרט,סולטיז הסרט-וולוג ה-100,https://tickets.cinema-city.co.il/order/836813?lang=en,https://tickets.cinema-city.co.il/order/836813?lang=he,Regular,2D,,,2026-08-04,,,,100,All,Rishon Letzion,Cinema City,586
15:40,סולטיז הסרט,סולטיז הסרט-וולוג ה-100,https://tickets.cinema-city.co.il/order/836792?lang=en,https://tickets.cinema-city.co.il/order/836792?lang=he,Regular,2D,,,2026-08-04,,,,100,All,Rishon Letzion,Cinema City,586
16:15,סולטיז הסרט,סולטיז הסרט-וולוג ה-100,https://tickets.cinema-city.co.il/order/836783?lang=en,https://tickets.cinema-city.co.il/order/836783?lang=he,Regular,2D,,,2026-08-04,,,,100,All,Rishon Letzion,Cinema City,586
16:40,סולטיז הסרט,סולטיז הסרט-וולוג ה-100,https://tickets.cinema-city.co.il/order/836830?lang=en,https://tickets.cinema-city.co.il/order/836830?lang=he,Regular,2D,,,2026-08-04,,,,100,All,Rishon Letzion,Cinema City,586
17:00,סולטיז הסרט,סולטיז הסרט-וולוג ה-100,https://tickets.cinema-city.co.il/order/836793?lang=en,https://tickets.cinema-city.co.il/order/836793?lang=he,Regular,2D,,,2026-08-04,,,,100,All,Rishon Letzion,Cinema City,586
18:10,סולטיז הסרט,סולטיז הסרט-וולוג ה-100,https://tickets.cinema-city.co.il/order/836835?lang=en,https://tickets.cinema-city.co.il/order/836835?lang=he,Regular,2D,,,2026-08-04,,,,100,All,Rishon Letzion,Cinema City,586
18:20,סולטיז הסרט,סולטיז הסרט-וולוג ה-100,https://tickets.cinema-city.co.il/order/836779?lang=en,https://tickets.cinema-city.co.il/order/836779?lang=he,Regular,2D,,,2026-08-04,,,,100,All,Rishon Letzion,Cinema City,586
18:45,סולטיז הסרט,סולטיז הסרט-וולוג ה-100,https://tickets.cinema-city.co.il/order/838748?lang=en,https://tickets.cinema-city.co.il/order/838748?lang=he,Regular,2D,,,2026-08-04,,,,100,All,Rishon Letzion,Cinema City,586
19:30,סולטיז הסרט,סולטיז הסרט-וולוג ה-100,https://tickets.cinema-city.co.il/order/836784?lang=en,https://tickets.cinema-city.co.il/order/836784?lang=he,Regular,2D,,,2026-08-04,,,,100,All,Rishon Letzion,Cinema City,586
10:30,סולטיז הסרט,סולטיז הסרט-וולוג ה-100,https://tickets.cinema-city.co.il/order/837013?lang=en,https://tickets.cinema-city.co.il/order/837013?lang=he,Regular,2D,,,2026-08-05,,,,100,All,Rishon Letzion,Cinema City,586
11:00,סולטיז הסרט,סולטיז הסרט-וולוג ה-100,https://tickets.cinema-city.co.il/order/838993?lang=en,https://tickets.cinema-city.co.il/order/838993?lang=he,Regular,2D,,,2026-08-05,,,,100,All,Rishon Letzion,Cinema City,586
11:50,סולטיז הסרט,סולטיז הסרט-וולוג ה-100,https://tickets.cinema-city.co.il/order/836889?lang=en,https://tickets.cinema-city.co.il/order/836889?lang=he,Regular,2D,,,2026-08-05,,,,100,All,Rishon Letzion,Cinema City,586
12:15,סולטיז הסרט,סולטיז הסרט-וולוג ה-100,https://tickets.cinema-city.co.il/order/836975?lang=en,https://tickets.cinema-city.co.il/order/836975?lang=he,Regular,2D,,,2026-08-05,,,,100,All,Rishon Letzion,Cinema City,586
13:45,סולטיז הסרט,סולטיז הסרט-וולוג ה-100,https://tickets.cinema-city.co.il/order/836933?lang=en,https://tickets.cinema-city.co.il/order/836933?lang=he,Regular,2D,,,2026-08-05,,,,100,All,Rishon Letzion,Cinema City,586
14:30,סולטיז הסרט,סולטיז הסרט-וולוג ה-100,https://tickets.cinema-city.co.il/order/836976?lang=en,https://tickets.cinema-city.co.il/order/836976?lang=he,Regular,2D,,,2026-08-05,,,,100,All,Rishon Letzion,Cinema City,586
15:15,סולטיז הסרט,סולטיז הסרט-וולוג ה-100,https://tickets.cinema-city.co.il/order/836987?lang=en,https://tickets.cinema-city.co.il/order/836987?lang=he,Regular,2D,,,2026-08-05,,,,100,All,Rishon Letzion,Cinema City,586
17:00,סולטיז הסרט,סולטיז הסרט-וולוג ה-100,https://tickets.cinema-city.co.il/order/836973?lang=en,https://tickets.cinema-city.co.il/order/836973?lang=he,Regular,2D,,,2026-08-05,,,,100,All,Rishon Letzion,Cinema City,586
17:15,סולטיז הסרט,סולטיז הסרט-וולוג ה-100,https://tickets.cinema-city.co.il/order/836883?lang=en,https://tickets.cinema-city.co.il/order/836883?lang=he,Regular,2D,,,2026-08-05,,,,100,All,Rishon Letzion,Cinema City,586
18:45,סולטיז הסרט,סולטיז הסרט-וולוג ה-100,https://tickets.cinema-city.co.il/order/836985?lang=en,https://tickets.cinema-city.co.il/order/836985?lang=he,Regular,2D,,,2026-08-05,,,,100,All,Rishon Letzion,Cinema City,586
19:30,סולטיז הסרט,סולטיז הסרט-וולוג ה-100,https://tickets.cinema-city.co.il/order/836981?lang=en,https://tickets.cinema-city.co.il/order/836981?lang=he,Regular,2D,,,2026-08-05,,,,100,All,Rishon Letzion,Cinema City,586
10:40,Three Wishes for Cinderella,סינדרלה ושלוש המשאלות,https://tickets.cinema-city.co.il/order/839156?lang=en,https://tickets.cinema-city.co.il/order/839156?lang=he,Regular,2D,,Hebrew,2026-08-01,,,,85,All,Rishon Letzion,Cinema City,586
12:25,Three Wishes for Cinderella,סינדרלה ושלוש המשאלות,https://tickets.cinema-city.co.il/order/836470?lang=en,https://tickets.cinema-city.co.il/order/836470?lang=he,Regular,2D,,Hebrew,2026-08-01,,,,85,All,Rishon Letzion,Cinema City,586
12:25,Three Wishes for Cinderella,סינדרלה ושלוש המשאלות,https://tickets.cinema-city.co.il/order/836514?lang=en,https://tickets.cinema-city.co.il/order/836514?lang=he,Regular,2D,,Hebrew,2026-08-02,,,,85,All,Rishon Letzion,Cinema City,586
12:25,Three Wishes for Cinderella,סינדרלה ושלוש המשאלות,https://tickets.cinema-city.co.il/order/836514?lang=en,https://tickets.cinema-city.co.il/order/836514?lang=he,Regular,2D,,Hebrew,2026-08-03,,,,85,All,Rishon Letzion,Cinema City,586
10:40,Three Wishes for Cinderella,סינדרלה ושלוש המשאלות,https://tickets.cinema-city.co.il/order/836819?lang=en,https://tickets.cinema-city.co.il/order/836819?lang=he,Regular,2D,,Hebrew,2026-08-04,,,,85,All,Rishon Letzion,Cinema City,586
12:25,Three Wishes for Cinderella,סינדרלה ושלוש המשאלות,https://tickets.cinema-city.co.il/order/836853?lang=en,https://tickets.cinema-city.co.il/order/836853?lang=he,Regular,2D,,Hebrew,2026-08-04,,,,85,All,Rishon Letzion,Cinema City,586
12:25,Three Wishes for Cinderella,סינדרלה ושלוש המשאלות,https://tickets.cinema-city.co.il/order/836948?lang=en,https://tickets.cinema-city.co.il/order/836948?lang=he,Regular,2D,,Hebrew,2026-08-05,,,,85,All,Rishon Letzion,Cinema City,586
10:00,SPIDERMAN: BRAND NEW DAY,ספיידרמן: יום חדש,https://tickets.cinema-city.co.il/order/813937?lang=en,https://tickets.cinema-city.co.il/order/813937?lang=he,Regular,2D,,,2026-08-01,,,,135,All,Rishon Letzion,Cinema City,586
11:00,SPIDERMAN: BRAND NEW DAY,ספיידרמן: יום חדש,https://tickets.cinema-city.co.il/order/836454?lang=en,https://tickets.cinema-city.co.il/order/836454?lang=he,Regular,2D,,,2026-08-01,,,,135,All,Rishon Letzion,Cinema City,586
11:30,SPIDERMAN: BRAND NEW DAY,ספיידרמן: יום חדש,https://tickets.cinema-city.co.il/order/813931?lang=en,https://tickets.cinema-city.co.il/order/813931?lang=he,Regular,2D,,,2026-08-01,,,,135,All,Rishon Letzion,Cinema City,586
12:30,SPIDERMAN: BRAND NEW DAY,ספיידרמן: יום חדש,https://tickets.cinema-city.co.il/order/836408?lang=en,https://tickets.cinema-city.co.il/order/836408?lang=he,Regular,2D,,,2026-08-01,,,,135,All,Rishon Letzion,Cinema City,586
13:30,SPIDERMAN: BRAND NEW DAY,ספיידרמן: יום חדש,https://tickets.cinema-city.co.il/order/813935?lang=en,https://tickets.cinema-city.co.il/order/813935?lang=he,Regular,2D,,,2026-08-01,,,,135,All,Rishon Letzion,Cinema City,586
15:00,SPIDERMAN: BRAND NEW DAY,ספיידרמן: יום חדש,https://tickets.cinema-city.co.il/order/813930?lang=en,https://tickets.cinema-city.co.il/order/813930?lang=he,Regular,2D,,,2026-08-01,,,,135,All,Rishon Letzion,Cinema City,586
16:00,SPIDERMAN: BRAND NEW DAY,ספיידרמן: יום חדש,https://tickets.cinema-city.co.il/order/836409?lang=en,https://tickets.cinema-city.co.il/order/836409?lang=he,Regular,2D,,,2026-08-01,,,,135,All,Rishon Letzion,Cinema City,586
17:00,SPIDERMAN: BRAND NEW DAY,ספיידרמן: יום חדש,https://tickets.cinema-city.co.il/order/813934?lang=en,https://tickets.cinema-city.co.il/order/813934?lang=he,Regular,2D,,,2026-08-01,,,,135,All,Rishon Letzion,Cinema City,586
18:00,SPIDERMAN: BRAND NEW DAY,ספיידרמן: יום חדש,https://tickets.cinema-city.co.il/order/836429?lang=en,https://tickets.cinema-city.co.il/order/836429?lang=he,Regular,2D,,,2026-08-01,,,,135,All,Rishon Letzion,Cinema City,586
18:30,SPIDERMAN: BRAND NEW DAY,ספיידרמן: יום חדש,https://tickets.cinema-city.co.il/order/813929?lang=en,https://tickets.cinema-city.co.il/order/813929?lang=he,Regular,2D,,,2026-08-01,,,,135,All,Rishon Letzion,Cinema City,586
19:00,SPIDERMAN: BRAND NEW DAY,ספיידרמן: יום חדש,https://tickets.cinema-city.co.il/order/836475?lang=en,https://tickets.cinema-city.co.il/order/836475?lang=he,Regular,2D,,,2026-08-01,,,,135,All,Rishon Letzion,Cinema City,586
19:30,SPIDERMAN: BRAND NEW DAY,ספיידרמן: יום חדש,https://tickets.cinema-city.co.il/order/836410?lang=en,https://tickets.cinema-city.co.il/order/836410?lang=he,Regular,2D,,,2026-08-01,,,,135,All,Rishon Letzion,Cinema City,586
20:30,SPIDERMAN: BRAND NEW DAY,ספיידרמן: יום חדש,https://tickets.cinema-city.co.il/order/813936?lang=en,https://tickets.cinema-city.co.il/order/813936?lang=he,Regular,2D,,,2026-08-01,,,,135,All,Rishon Letzion,Cinema City,586
21:30,SPIDERMAN: BRAND NEW DAY,ספיידרמן: יום חדש,https://tickets.cinema-city.co.il/order/836391?lang=en,https://tickets.cinema-city.co.il/order/836391?lang=he,Regular,2D,,,2026-08-01,,,,135,All,Rishon Letzion,Cinema City,586
22:00,SPIDERMAN: BRAND NEW DAY,ספיידרמן: יום חדש,https://tickets.cinema-city.co.il/order/813928?lang=en,https://tickets.cinema-city.co.il/order/813928?lang=he,Regular,2D,,,2026-08-01,,,,135,All,Rishon Letzion,Cinema City,586
22:30,SPIDERMAN: BRAND NEW DAY,ספיידרמן: יום חדש,https://tickets.cinema-city.co.il/order/836480?lang=en,https://tickets.cinema-city.co.il/order/836480?lang=he,Regular,2D,,,2026-08-01,,,,135,All,Rishon Letzion,Cinema City,586
22:45,SPIDERMAN: BRAND NEW DAY,ספיידרמן: יום חדש,https://tickets.cinema-city.co.il/order/839147?lang=en,https://tickets.cinema-city.co.il/order/839147?lang=he,Regular,2D,,,2026-08-01,,,,135,All,Rishon Letzion,Cinema City,586
23:00,SPIDERMAN: BRAND NEW DAY,ספיידרמן: יום חדש,https://tickets.cinema-city.co.il/order/836411?lang=en,https://tickets.cinema-city.co.il/order/836411?lang=he,Regular,2D,,,2026-08-01,,,,135,All,Rishon Letzion,Cinema City,586
23:15,SPIDERMAN: BRAND NEW DAY,ספיידרמן: יום חדש,https://tickets.cinema-city.co.il/order/836390?lang=en,https://tickets.cinema-city.co.il/order/836390?lang=he,Regular,2D,,,2026-08-01,,,,135,All,Rishon Letzion,Cinema City,586
23:45,SPIDERMAN: BRAND NEW DAY,ספיידרמן: יום חדש,https://tickets.cinema-city.co.il/order/836481?lang=en,https://tickets.cinema-city.co.il/order/836481?lang=he,Regular,2D,,,2026-08-01,,,,135,All,Rishon Letzion,Cinema City,586
00:10,SPIDERMAN: BRAND NEW DAY,ספיידרמן: יום חדש,https://tickets.cinema-city.co.il/order/836414?lang=en,https://tickets.cinema-city.co.il/order/836414?lang=he,Regular,2D,,,2026-08-01,,,,135,All,Rishon Letzion,Cinema City,586
10:15,SPIDERMAN: BRAND NEW DAY,ספיידרמן: יום חדש,https://tickets.cinema-city.co.il/order/836540?lang=en,https://tickets.cinema-city.co.il/order/836540?lang=he,Regular,2D,,,2026-08-02,,,,135,All,Rishon Letzion,Cinema City,586
10:50,SPIDERMAN: BRAND NEW DAY,ספיידרמן: יום חדש,https://tickets.cinema-city.co.il/order/836505?lang=en,https://tickets.cinema-city.co.il/order/836505?lang=he,Regular,2D,,,2026-08-02,,,,135,All,Rishon Letzion,Cinema City,586
11:10,SPIDERMAN: BRAND NEW DAY,ספיידרמן: יום חדש,https://tickets.cinema-city.co.il/order/836674?lang=en,https://tickets.cinema-city.co.il/order/836674?lang=he,Regular,2D,,,2026-08-02,,,,135,All,Rishon Letzion,Cinema City,586
11:30,SPIDERMAN: BRAND NEW DAY,ספיידרמן: יום חדש,https://tickets.cinema-city.co.il/order/836666?lang=en,https://tickets.cinema-city.co.il/order/836666?lang=he,Regular,2D,,,2026-08-02,,,,135,All,Rishon Letzion,Cinema City,586
12:30,SPIDERMAN: BRAND NEW DAY,ספיידרמן: יום חדש,https://tickets.cinema-city.co.il/order/836524?lang=en,https://tickets.cinema-city.co.il/order/836524?lang=he,Regular,2D,,,2026-08-02,,,,135,All,Rishon Letzion,Cinema City,586
14:30,SPIDERMAN: BRAND NEW DAY,ספיידרמן: יום חדש,https://tickets.cinema-city.co.il/order/836678?lang=en,https://tickets.cinema-city.co.il/order/836678?lang=he,Regular,2D,,,2026-08-02,,,,135,All,Rishon Letzion,Cinema City,586
15:05,SPIDERMAN: BRAND NEW DAY,ספיידרמן: יום חדש,https://tickets.cinema-city.co.il/order/836668?lang=en,https://tickets.cinema-city.co.il/order/836668?lang=he,Regular,2D,,,2026-08-02,,,,135,All,Rishon Letzion,Cinema City,586
16:00,SPIDERMAN: BRAND NEW DAY,ספיידרמן: יום חדש,https://tickets.cinema-city.co.il/order/836523?lang=en,https://tickets.cinema-city.co.il/order/836523?lang=he,Regular,2D,,,2026-08-02,,,,135,All,Rishon Letzion,Cinema City,586
17:45,SPIDERMAN: BRAND NEW DAY,ספיידרמן: יום חדש,https://tickets.cinema-city.co.il/order/836589?lang=en,https://tickets.cinema-city.co.il/order/836589?lang=he,Regular,2D,,,2026-08-02,,,,135,All,Rishon Letzion,Cinema City,586
18:40,SPIDERMAN: BRAND NEW DAY,ספיידרמן: יום חדש,https://tickets.cinema-city.co.il/order/836677?lang=en,https://tickets.cinema-city.co.il/order/836677?lang=he,Regular,2D,,,2026-08-02,,,,135,All,Rishon Letzion,Cinema City,586
19:30,SPIDERMAN: BRAND NEW DAY,ספיידרמן: יום חדש,https://tickets.cinema-city.co.il/order/836522?lang=en,https://tickets.cinema-city.co.il/order/836522?lang=he,Regular,2D,,,2026-08-02,,,,135,All,Rishon Letzion,Cinema City,586
20:40,SPIDERMAN: BRAND NEW DAY,ספיידרמן: יום חדש,https://tickets.cinema-city.co.il/order/836680?lang=en,https://tickets.cinema-city.co.il/order/836680?lang=he,Regular,2D,,,2026-08-02,,,,135,All,Rishon Letzion,Cinema City,586
21:00,SPIDERMAN: BRAND NEW DAY,ספיידרמן: יום חדש,https://tickets.cinema-city.co.il/order/836682?lang=en,https://tickets.cinema-city.co.il/order/836682?lang=he,Regular,2D,,,2026-08-02,,,,135,All,Rishon Letzion,Cinema City,586
21:50,SPIDERMAN: BRAND NEW DAY,ספיידרמן: יום חדש,https://tickets.cinema-city.co.il/order/836496?lang=en,https://tickets.cinema-city.co.il/order/836496?lang=he,Regular,2D,,,2026-08-02,,,,135,All,Rishon Letzion,Cinema City,586
22:15,SPIDERMAN: BRAND NEW DAY,ספיידרמן: יום חדש,https://tickets.cinema-city.co.il/order/836670?lang=en,https://tickets.cinema-city.co.il/order/836670?lang=he,Regular,2D,,,2026-08-02,,,,135,All,Rishon Letzion,Cinema City,586
22:40,SPIDERMAN: BRAND NEW DAY,ספיידרמן: יום חדש,https://tickets.cinema-city.co.il/order/836511?lang=en,https://tickets.cinema-city.co.il/order/836511?lang=he,Regular,2D,,,2026-08-02,,,,135,All,Rishon Letzion,Cinema City,586
22:45,SPIDERMAN: BRAND NEW DAY,ספיידרמן: יום חדש,https://tickets.cinema-city.co.il/order/836534?lang=en,https://tickets.cinema-city.co.il/order/836534?lang=he,Regular,2D,,,2026-08-02,,,,135,All,Rishon Letzion,Cinema City,586
23:00,SPIDERMAN: BRAND NEW DAY,ספיידרמן: יום חדש,https://tickets.cinema-city.co.il/order/836681?lang=en,https://tickets.cinema-city.co.il/order/836681?lang=he,Regular,2D,,,2026-08-02,,,,135,All,Rishon Letzion,Cinema City,586
23:10,SPIDERMAN: BRAND NEW DAY,ספיידרמן: יום חדש,https://tickets.cinema-city.co.il/order/836541?lang=en,https://tickets.cinema-city.co.il/order/836541?lang=he,Regular,2D,,,2026-08-02,,,,135,All,Rishon Letzion,Cinema City,586
23:50,SPIDERMAN: BRAND NEW DAY,ספיידרמן: יום חדש,https://tickets.cinema-city.co.il/order/836652?lang=en,https://tickets.cinema-city.co.il/order/836652?lang=he,Regular,2D,,,2026-08-02,,,,135,All,Rishon Letzion,Cinema City,586
00:10,SPIDERMAN: BRAND NEW DAY,ספיידרמן: יום חדש,https://tickets.cinema-city.co.il/order/836594?lang=en,https://tickets.cinema-city.co.il/order/836594?lang=he,Regular,2D,,,2026-08-02,,,,135,All,Rishon Letzion,Cinema City,586
10:00,SPIDERMAN: BRAND NEW DAY,ספיידרמן: יום חדש,https://tickets.cinema-city.co.il/order/836776?lang=en,https://tickets.cinema-city.co.il/order/836776?lang=he,Regular,2D,,,2026-08-03,,,,135,All,Rishon Letzion,Cinema City,586
10:20,SPIDERMAN: BRAND NEW DAY,ספיידרמן: יום חדש,https://tickets.cinema-city.co.il/order/836763?lang=en,https://tickets.cinema-city.co.il/order/836763?lang=he,Regular,2D,,,2026-08-03,,,,135,All,Rishon Letzion,Cinema City,586
11:50,SPIDERMAN: BRAND NEW DAY,ספיידרמן: יום חדש,https://tickets.cinema-city.co.il/order/836764?lang=en,https://tickets.cinema-city.co.il/order/836764?lang=he,Regular,2D,,,2026-08-03,,,,135,All,Rishon Letzion,Cinema City,586
13:50,SPIDERMAN: BRAND NEW DAY,ספיידרמן: יום חדש,https://tickets.cinema-city.co.il/order/836712?lang=en,https://tickets.cinema-city.co.il/order/836712?lang=he,Regular,2D,,,2026-08-03,,,,135,All,Rishon Letzion,Cinema City,586
14:40,SPIDERMAN: BRAND NEW DAY,ספיידרמן: יום חדש,https://tickets.cinema-city.co.il/order/836711?lang=en,https://tickets.cinema-city.co.il/order/836711?lang=he,Regular,2D,,,2026-08-03,,,,135,All,Rishon Letzion,Cinema City,586
15:40,SPIDERMAN: BRAND NEW DAY,ספיידרמן: יום חדש,https://tickets.cinema-city.co.il/order/836693?lang=en,https://tickets.cinema-city.co.il/order/836693?lang=he,Regular,2D,,,2026-08-03,,,,135,All,Rishon Letzion,Cinema City,586
16:10,SPIDERMAN: BRAND NEW DAY,ספיידרמן: יום חדש,https://tickets.cinema-city.co.il/order/836746?lang=en,https://tickets.cinema-city.co.il/order/836746?lang=he,Regular,2D,,,2026-08-03,,,,135,All,Rishon Letzion,Cinema City,586
17:50,SPIDERMAN: BRAND NEW DAY,ספיידרמן: יום חדש,https://tickets.cinema-city.co.il/order/836759?lang=en,https://tickets.cinema-city.co.il/order/836759?lang=he,Regular,2D,,,2026-08-03,,,,135,All,Rishon Letzion,Cinema City,586
18:30,SPIDERMAN: BRAND NEW DAY,ספיידרמן: יום חדש,https://tickets.cinema-city.co.il/order/836710?lang=en,https://tickets.cinema-city.co.il/order/836710?lang=he,Regular,2D,,,2026-08-03,,,,135,All,Rishon Letzion,Cinema City,586
19:15,SPIDERMAN: BRAND NEW DAY,ספיידרמן: יום חדש,https://tickets.cinema-city.co.il/order/838992?lang=en,https://tickets.cinema-city.co.il/order/838992?lang=he,Regular,2D,,,2026-08-03,,,,135,All,Rishon Letzion,Cinema City,586
19:45,SPIDERMAN: BRAND NEW DAY,ספיידרמן: יום חדש,https://tickets.cinema-city.co.il/order/836747?lang=en,https://tickets.cinema-city.co.il/order/836747?lang=he,Regular,2D,,,2026-08-03,,,,135,All,Rishon Letzion,Cinema City,586
21:20,SPIDERMAN: BRAND NEW DAY,ספיידרמן: יום חדש,https://tickets.cinema-city.co.il/order/836760?lang=en,https://tickets.cinema-city.co.il/order/836760?lang=he,Regular,2D,,,2026-08-03,,,,135,All,Rishon Letzion,Cinema City,586
22:10,SPIDERMAN: BRAND NEW DAY,ספיידרמן: יום חדש,https://tickets.cinema-city.co.il/order/836709?lang=en,https://tickets.cinema-city.co.il/order/836709?lang=he,Regular,2D,,,2026-08-03,,,,135,All,Rishon Letzion,Cinema City,586
22:50,SPIDERMAN: BRAND NEW DAY,ספיידרמן: יום חדש,https://tickets.cinema-city.co.il/order/836699?lang=en,https://tickets.cinema-city.co.il/order/836699?lang=he,Regular,2D,,,2026-08-03,,,,135,All,Rishon Letzion,Cinema City,586
22:50,SPIDERMAN: BRAND NEW DAY,ספיידרמן: יום חדש,https://tickets.cinema-city.co.il/order/836687?lang=en,https://tickets.cinema-city.co.il/order/836687?lang=he,Regular,2D,,,2026-08-03,,,,135,All,Rishon Letzion,Cinema City,586
23:15,SPIDERMAN: BRAND NEW DAY,ספיידרמן: יום חדש,https://tickets.cinema-city.co.il/order/836705?lang=en,https://tickets.cinema-city.co.il/order/836705?lang=he,Regular,2D,,,2026-08-03,,,,135,All,Rishon Letzion,Cinema City,586
23:20,SPIDERMAN: BRAND NEW DAY,ספיידרמן: יום חדש,https://tickets.cinema-city.co.il/order/836772?lang=en,https://tickets.cinema-city.co.il/order/836772?lang=he,Regular,2D,,,2026-08-03,,,,135,All,Rishon Letzion,Cinema City,586
00:15,SPIDERMAN: BRAND NEW DAY,ספיידרמן: יום חדש,https://tickets.cinema-city.co.il/order/836708?lang=en,https://tickets.cinema-city.co.il/order/836708?lang=he,Regular,2D,,,2026-08-03,,,,135,All,Rishon Letzion,Cinema City,586
00:25,SPIDERMAN: BRAND NEW DAY,ספיידרמן: יום חדש,https://tickets.cinema-city.co.il/order/836691?lang=en,https://tickets.cinema-city.co.il/order/836691?lang=he,Regular,2D,,,2026-08-03,,,,135,All,Rishon Letzion,Cinema City,586
10:00,SPIDERMAN: BRAND NEW DAY,ספיידרמן: יום חדש,https://tickets.cinema-city.co.il/order/836785?lang=en,https://tickets.cinema-city.co.il/order/836785?lang=he,Regular,2D,,,2026-08-04,,,,135,All,Rishon Letzion,Cinema City,586
10:20,SPIDERMAN: BRAND NEW DAY,ספיידרמן: יום חדש,https://tickets.cinema-city.co.il/order/836789?lang=en,https://tickets.cinema-city.co.il/order/836789?lang=he,Regular,2D,,,2026-08-04,,,,135,All,Rishon Letzion,Cinema City,586
10:30,SPIDERMAN: BRAND NEW DAY,ספיידרמן: יום חדש,https://tickets.cinema-city.co.il/order/836800?lang=en,https://tickets.cinema-city.co.il/order/836800?lang=he,Regular,2D,,,2026-08-04,,,,135,All,Rishon Letzion,Cinema City,586
11:30,SPIDERMAN: BRAND NEW DAY,ספיידרמן: יום חדש,https://tickets.cinema-city.co.il/order/836803?lang=en,https://tickets.cinema-city.co.il/order/836803?lang=he,Regular,2D,,,2026-08-04,,,,135,All,Rishon Letzion,Cinema City,586
12:30,SPIDERMAN: BRAND NEW DAY,ספיידרמן: יום חדש,https://tickets.cinema-city.co.il/order/836842?lang=en,https://tickets.cinema-city.co.il/order/836842?lang=he,Regular,2D,,,2026-08-04,,,,135,All,Rishon Letzion,Cinema City,586
14:00,SPIDERMAN: BRAND NEW DAY,ספיידרמן: יום חדש,https://tickets.cinema-city.co.il/order/836804?lang=en,https://tickets.cinema-city.co.il/order/836804?lang=he,Regular,2D,,,2026-08-04,,,,135,All,Rishon Letzion,Cinema City,586
15:10,SPIDERMAN: BRAND NEW DAY,ספיידרמן: יום חדש,https://tickets.cinema-city.co.il/order/836802?lang=en,https://tickets.cinema-city.co.il/order/836802?lang=he,Regular,2D,,,2026-08-04,,,,135,All,Rishon Letzion,Cinema City,586
16:00,SPIDERMAN: BRAND NEW DAY,ספיידרמן: יום חדש,https://tickets.cinema-city.co.il/order/836843?lang=en,https://tickets.cinema-city.co.il/order/836843?lang=he,Regular,2D,,,2026-08-04,,,,135,All,Rishon Letzion,Cinema City,586
17:30,SPIDERMAN: BRAND NEW DAY,ספיידרמן: יום חדש,https://tickets.cinema-city.co.il/order/836873?lang=en,https://tickets.cinema-city.co.il/order/836873?lang=he,Regular,2D,,,2026-08-04,,,,135,All,Rishon Letzion,Cinema City,586
18:00,SPIDERMAN: BRAND NEW DAY,ספיידרמן: יום חדש,https://tickets.cinema-city.co.il/order/836782?lang=en,https://tickets.cinema-city.co.il/order/836782?lang=he,Regular,2D,,,2026-08-04,,,,135,All,Rishon Letzion,Cinema City,586
19:00,SPIDERMAN: BRAND NEW DAY,ספיידרמן: יום חדש,https://tickets.cinema-city.co.il/order/836874?lang=en,https://tickets.cinema-city.co.il/order/836874?lang=he,Regular,2D,,,2026-08-04,,,,135,All,Rishon Letzion,Cinema City,586
19:30,SPIDERMAN: BRAND NEW DAY,ספיידרמן: יום חדש,https://tickets.cinema-city.co.il/order/836844?lang=en,https://tickets.cinema-city.co.il/order/836844?lang=he,Regular,2D,,,2026-08-04,,,,135,All,Rishon Letzion,Cinema City,586
20:40,SPIDERMAN: BRAND NEW DAY,ספיידרמן: יום חדש,https://tickets.cinema-city.co.il/order/836816?lang=en,https://tickets.cinema-city.co.il/order/836816?lang=he,Regular,2D,,,2026-08-04,,,,135,All,Rishon Letzion,Cinema City,586
21:30,SPIDERMAN: BRAND NEW DAY,ספיידרמן: יום חדש,https://tickets.cinema-city.co.il/order/836863?lang=en,https://tickets.cinema-city.co.il/order/836863?lang=he,Regular,2D,,,2026-08-04,,,,135,All,Rishon Letzion,Cinema City,586
22:00,SPIDERMAN: BRAND NEW DAY,ספיידרמן: יום חדש,https://tickets.cinema-city.co.il/order/836788?lang=en,https://tickets.cinema-city.co.il/order/836788?lang=he,Regular,2D,,,2026-08-04,,,,135,All,Rishon Letzion,Cinema City,586
22:45,SPIDERMAN: BRAND NEW DAY,ספיידרמן: יום חדש,https://tickets.cinema-city.co.il/order/836801?lang=en,https://tickets.cinema-city.co.il/order/836801?lang=he,Regular,2D,,,2026-08-04,,,,135,All,Rishon Letzion,Cinema City,586
22:50,SPIDERMAN: BRAND NEW DAY,ספיידרמן: יום חדש,https://tickets.cinema-city.co.il/order/836854?lang=en,https://tickets.cinema-city.co.il/order/836854?lang=he,Regular,2D,,,2026-08-04,,,,135,All,Rishon Letzion,Cinema City,586
23:00,SPIDERMAN: BRAND NEW DAY,ספיידרמן: יום חדש,https://tickets.cinema-city.co.il/order/836777?lang=en,https://tickets.cinema-city.co.il/order/836777?lang=he,Regular,2D,,,2026-08-04,,,,135,All,Rishon Letzion,Cinema City,586
23:15,SPIDERMAN: BRAND NEW DAY,ספיידרמן: יום חדש,https://tickets.cinema-city.co.il/order/836794?lang=en,https://tickets.cinema-city.co.il/order/836794?lang=he,Regular,2D,,,2026-08-04,,,,135,All,Rishon Letzion,Cinema City,586
23:55,SPIDERMAN: BRAND NEW DAY,ספיידרמן: יום חדש,https://tickets.cinema-city.co.il/order/836829?lang=en,https://tickets.cinema-city.co.il/order/836829?lang=he,Regular,2D,,,2026-08-04,,,,135,All,Rishon Letzion,Cinema City,586
00:10,SPIDERMAN: BRAND NEW DAY,ספיידרמן: יום חדש,https://tickets.cinema-city.co.il/order/836817?lang=en,https://tickets.cinema-city.co.il/order/836817?lang=he,Regular,2D,,,2026-08-04,,,,135,All,Rishon Letzion,Cinema City,586
00:20,SPIDERMAN: BRAND NEW DAY,ספיידרמן: יום חדש,https://tickets.cinema-city.co.il/order/836811?lang=en,https://tickets.cinema-city.co.il/order/836811?lang=he,Regular,2D,,,2026-08-04,,,,135,All,Rishon Letzion,Cinema City,586
10:00,SPIDERMAN: BRAND NEW DAY,ספיידרמן: יום חדש,https://tickets.cinema-city.co.il/order/839174?lang=en,https://tickets.cinema-city.co.il/order/839174?lang=he,Regular,2D,,,2026-08-05,,,,135,All,Rishon Letzion,Cinema City,586
10:15,SPIDERMAN: BRAND NEW DAY,ספיידרמן: יום חדש,https://tickets.cinema-city.co.il/order/836980?lang=en,https://tickets.cinema-city.co.il/order/836980?lang=he,Regular,2D,,,2026-08-05,,,,135,All,Rishon Letzion,Cinema City,586
10:30,SPIDERMAN: BRAND NEW DAY,ספיידרמן: יום חדש,https://tickets.cinema-city.co.il/order/839159?lang=en,https://tickets.cinema-city.co.il/order/839159?lang=he,Regular,2D,,,2026-08-05,,,,135,All,Rishon Letzion,Cinema City,586
10:50,SPIDERMAN: BRAND NEW DAY,ספיידרמן: יום חדש,https://tickets.cinema-city.co.il/order/837010?lang=en,https://tickets.cinema-city.co.il/order/837010?lang=he,Regular,2D,,,2026-08-05,,,,135,All,Rishon Letzion,Cinema City,586
11:20,SPIDERMAN: BRAND NEW DAY,ספיידרמן: יום חדש,https://tickets.cinema-city.co.il/order/837009?lang=en,https://tickets.cinema-city.co.il/order/837009?lang=he,Regular,2D,,,2026-08-05,,,,135,All,Rishon Letzion,Cinema City,586
12:30,SPIDERMAN: BRAND NEW DAY,ספיידרמן: יום חדש,https://tickets.cinema-city.co.il/order/836893?lang=en,https://tickets.cinema-city.co.il/order/836893?lang=he,Regular,2D,,,2026-08-05,,,,135,All,Rishon Letzion,Cinema City,586
14:00,SPIDERMAN: BRAND NEW DAY,ספיידרמן: יום חדש,https://tickets.cinema-city.co.il/order/837004?lang=en,https://tickets.cinema-city.co.il/order/837004?lang=he,Regular,2D,,,2026-08-05,,,,135,All,Rishon Letzion,Cinema City,586
15:00,SPIDERMAN: BRAND NEW DAY,ספיידרמן: יום חדש,https://tickets.cinema-city.co.il/order/837008?lang=en,https://tickets.cinema-city.co.il/order/837008?lang=he,Regular,2D,,,2026-08-05,,,,135,All,Rishon Letzion,Cinema City,586
15:40,SPIDERMAN: BRAND NEW DAY,ספיידרמן: יום חדש,https://tickets.cinema-city.co.il/order/839172?lang=en,https://tickets.cinema-city.co.il/order/839172?lang=he,Regular,2D,,,2026-08-05,,,,135,All,Rishon Letzion,Cinema City,586
16:00,SPIDERMAN: BRAND NEW DAY,ספיידרמן: יום חדש,https://tickets.cinema-city.co.il/order/836891?lang=en,https://tickets.cinema-city.co.il/order/836891?lang=he,Regular,2D,,,2026-08-05,,,,135,All,Rishon Letzion,Cinema City,586
17:40,SPIDERMAN: BRAND NEW DAY,ספיידרמן: יום חדש,https://tickets.cinema-city.co.il/order/836983?lang=en,https://tickets.cinema-city.co.il/order/836983?lang=he,Regular,2D,,,2026-08-05,,,,135,All,Rishon Letzion,Cinema City,586
18:30,SPIDERMAN: BRAND NEW DAY,ספיידרמן: יום חדש,https://tickets.cinema-city.co.il/order/837007?lang=en,https://tickets.cinema-city.co.il/order/837007?lang=he,Regular,2D,,,2026-08-05,,,,135,All,Rishon Letzion,Cinema City,586
19:00,SPIDERMAN: BRAND NEW DAY,ספיידרמן: יום חדש,https://tickets.cinema-city.co.il/order/839171?lang=en,https://tickets.cinema-city.co.il/order/839171?lang=he,Regular,2D,,,2026-08-05,,,,135,All,Rishon Letzion,Cinema City,586
19:30,SPIDERMAN: BRAND NEW DAY,ספיידרמן: יום חדש,https://tickets.cinema-city.co.il/order/836890?lang=en,https://tickets.cinema-city.co.il/order/836890?lang=he,Regular,2D,,,2026-08-05,,,,135,All,Rishon Letzion,Cinema City,586
20:30,SPIDERMAN: BRAND NEW DAY,ספיידרמן: יום חדש,https://tickets.cinema-city.co.il/order/836957?lang=en,https://tickets.cinema-city.co.il/order/836957?lang=he,Regular,2D,,,2026-08-05,,,,135,All,Rishon Letzion,Cinema City,586
21:20,SPIDERMAN: BRAND NEW DAY,ספיידרמן: יום חדש,https://tickets.cinema-city.co.il/order/836977?lang=en,https://tickets.cinema-city.co.il/order/836977?lang=he,Regular,2D,,,2026-08-05,,,,135,All,Rishon Letzion,Cinema City,586
22:00,SPIDERMAN: BRAND NEW DAY,ספיידרמן: יום חדש,https://tickets.cinema-city.co.il/order/836994?lang=en,https://tickets.cinema-city.co.il/order/836994?lang=he,Regular,2D,,,2026-08-05,,,,135,All,Rishon Letzion,Cinema City,586
22:15,SPIDERMAN: BRAND NEW DAY,ספיידרמן: יום חדש,https://tickets.cinema-city.co.il/order/836997?lang=en,https://tickets.cinema-city.co.il/order/836997?lang=he,Regular,2D,,,2026-08-05,,,,135,All,Rishon Letzion,Cinema City,586
22:30,SPIDERMAN: BRAND NEW DAY,ספיידרמן: יום חדש,https://tickets.cinema-city.co.il/order/839175?lang=en,https://tickets.cinema-city.co.il/order/839175?lang=he,Regular,2D,,,2026-08-05,,,,135,All,Rishon Letzion,Cinema City,586
22:45,SPIDERMAN: BRAND NEW DAY,ספיידרמן: יום חדש,https://tickets.cinema-city.co.il/order/836971?lang=en,https://tickets.cinema-city.co.il/order/836971?lang=he,Regular,2D,,,2026-08-05,,,,135,All,Rishon Letzion,Cinema City,586
23:20,SPIDERMAN: BRAND NEW DAY,ספיידרמן: יום חדש,https://tickets.cinema-city.co.il/order/836945?lang=en,https://tickets.cinema-city.co.il/order/836945?lang=he,Regular,2D,,,2026-08-05,,,,135,All,Rishon Letzion,Cinema City,586
23:35,SPIDERMAN: BRAND NEW DAY,ספיידרמן: יום חדש,https://tickets.cinema-city.co.il/order/837005?lang=en,https://tickets.cinema-city.co.il/order/837005?lang=he,Regular,2D,,,2026-08-05,,,,135,All,Rishon Letzion,Cinema City,586
23:45,SPIDERMAN: BRAND NEW DAY,ספיידרמן: יום חדש,https://tickets.cinema-city.co.il/order/836999?lang=en,https://tickets.cinema-city.co.il/order/836999?lang=he,Regular,2D,,,2026-08-05,,,,135,All,Rishon Letzion,Cinema City,586
00:00,SPIDERMAN: BRAND NEW DAY,ספיידרמן: יום חדש,https://tickets.cinema-city.co.il/order/838747?lang=en,https://tickets.cinema-city.co.il/order/838747?lang=he,Regular,2D,,,2026-08-05,,,,135,All,Rishon Letzion,Cinema City,586
00:15,SPIDERMAN: BRAND NEW DAY,ספיידרמן: יום חדש,https://tickets.cinema-city.co.il/order/836963?lang=en,https://tickets.cinema-city.co.il/order/836963?lang=he,Regular,2D,,,2026-08-05,,,,135,All,Rishon Letzion,Cinema City,586
00:25,SPIDERMAN: BRAND NEW DAY,ספיידרמן: יום חדש,https://tickets.cinema-city.co.il/order/836984?lang=en,https://tickets.cinema-city.co.il/order/836984?lang=he,Regular,2D,,,2026-08-05,,,,135,All,Rishon Letzion,Cinema City,586
10:00,SPIDERMAN: BRAND NEW DAY,ספיידרמן: יום חדש,https://tickets.cinema-city.co.il/order/839174?lang=en,https://tickets.cinema-city.co.il/order/839174?lang=he,Regular,2D,,,2026-08-06,,,,135,All,Rishon Letzion,Cinema City,586
10:15,SPIDERMAN: BRAND NEW DAY,ספיידרמן: יום חדש,https://tickets.cinema-city.co.il/order/836980?lang=en,https://tickets.cinema-city.co.il/order/836980?lang=he,Regular,2D,,,2026-08-06,,,,135,All,Rishon Letzion,Cinema City,586
10:30,SPIDERMAN: BRAND NEW DAY,ספיידרמן: יום חדש,https://tickets.cinema-city.co.il/order/839159?lang=en,https://tickets.cinema-city.co.il/order/839159?lang=he,Regular,2D,,,2026-08-06,,,,135,All,Rishon Letzion,Cinema City,586
10:50,SPIDERMAN: BRAND NEW DAY,ספיידרמן: יום חדש,https://tickets.cinema-city.co.il/order/837010?lang=en,https://tickets.cinema-city.co.il/order/837010?lang=he,Regular,2D,,,2026-08-06,,,,135,All,Rishon Letzion,Cinema City,586
11:20,SPIDERMAN: BRAND NEW DAY,ספיידרמן: יום חדש,https://tickets.cinema-city.co.il/order/837009?lang=en,https://tickets.cinema-city.co.il/order/837009?lang=he,Regular,2D,,,2026-08-06,,,,135,All,Rishon Letzion,Cinema City,586
12:30,SPIDERMAN: BRAND NEW DAY,ספיידרמן: יום חדש,https://tickets.cinema-city.co.il/order/836893?lang=en,https://tickets.cinema-city.co.il/order/836893?lang=he,Regular,2D,,,2026-08-06,,,,135,All,Rishon Letzion,Cinema City,586
14:00,SPIDERMAN: BRAND NEW DAY,ספיידרמן: יום חדש,https://tickets.cinema-city.co.il/order/837004?lang=en,https://tickets.cinema-city.co.il/order/837004?lang=he,Regular,2D,,,2026-08-06,,,,135,All,Rishon Letzion,Cinema City,586
15:00,SPIDERMAN: BRAND NEW DAY,ספיידרמן: יום חדש,https://tickets.cinema-city.co.il/order/837008?lang=en,https://tickets.cinema-city.co.il/order/837008?lang=he,Regular,2D,,,2026-08-06,,,,135,All,Rishon Letzion,Cinema City,586
15:40,SPIDERMAN: BRAND NEW DAY,ספיידרמן: יום חדש,https://tickets.cinema-city.co.il/order/839172?lang=en,https://tickets.cinema-city.co.il/order/839172?lang=he,Regular,2D,,,2026-08-06,,,,135,All,Rishon Letzion,Cinema City,586
16:00,SPIDERMAN: BRAND NEW DAY,ספיידרמן: יום חדש,https://tickets.cinema-city.co.il/order/836891?lang=en,https://tickets.cinema-city.co.il/order/836891?lang=he,Regular,2D,,,2026-08-06,,,,135,All,Rishon Letzion,Cinema City,586
17:40,SPIDERMAN: BRAND NEW DAY,ספיידרמן: יום חדש,https://tickets.cinema-city.co.il/order/836983?lang=en,https://tickets.cinema-city.co.il/order/836983?lang=he,Regular,2D,,,2026-08-06,,,,135,All,Rishon Letzion,Cinema City,586
18:30,SPIDERMAN: BRAND NEW DAY,ספיידרמן: יום חדש,https://tickets.cinema-city.co.il/order/837007?lang=en,https://tickets.cinema-city.co.il/order/837007?lang=he,Regular,2D,,,2026-08-06,,,,135,All,Rishon Letzion,Cinema City,586
19:00,SPIDERMAN: BRAND NEW DAY,ספיידרמן: יום חדש,https://tickets.cinema-city.co.il/order/839171?lang=en,https://tickets.cinema-city.co.il/order/839171?lang=he,Regular,2D,,,2026-08-06,,,,135,All,Rishon Letzion,Cinema City,586
19:30,SPIDERMAN: BRAND NEW DAY,ספיידרמן: יום חדש,https://tickets.cinema-city.co.il/order/836890?lang=en,https://tickets.cinema-city.co.il/order/836890?lang=he,Regular,2D,,,2026-08-06,,,,135,All,Rishon Letzion,Cinema City,586
20:30,SPIDERMAN: BRAND NEW DAY,ספיידרמן: יום חדש,https://tickets.cinema-city.co.il/order/836957?lang=en,https://tickets.cinema-city.co.il/order/836957?lang=he,Regular,2D,,,2026-08-06,,,,135,All,Rishon Letzion,Cinema City,586
21:20,SPIDERMAN: BRAND NEW DAY,ספיידרמן: יום חדש,https://tickets.cinema-city.co.il/order/836977?lang=en,https://tickets.cinema-city.co.il/order/836977?lang=he,Regular,2D,,,2026-08-06,,,,135,All,Rishon Letzion,Cinema City,586
22:00,SPIDERMAN: BRAND NEW DAY,ספיידרמן: יום חדש,https://tickets.cinema-city.co.il/order/836994?lang=en,https://tickets.cinema-city.co.il/order/836994?lang=he,Regular,2D,,,2026-08-06,,,,135,All,Rishon Letzion,Cinema City,586
22:15,SPIDERMAN: BRAND NEW DAY,ספיידרמן: יום חדש,https://tickets.cinema-city.co.il/order/836997?lang=en,https://tickets.cinema-city.co.il/order/836997?lang=he,Regular,2D,,,2026-08-06,,,,135,All,Rishon Letzion,Cinema City,586
22:30,SPIDERMAN: BRAND NEW DAY,ספיידרמן: יום חדש,https://tickets.cinema-city.co.il/order/839175?lang=en,https://tickets.cinema-city.co.il/order/839175?lang=he,Regular,2D,,,2026-08-06,,,,135,All,Rishon Letzion,Cinema City,586
22:45,SPIDERMAN: BRAND NEW DAY,ספיידרמן: יום חדש,https://tickets.cinema-city.co.il/order/836971?lang=en,https://tickets.cinema-city.co.il/order/836971?lang=he,Regular,2D,,,2026-08-06,,,,135,All,Rishon Letzion,Cinema City,586
23:20,SPIDERMAN: BRAND NEW DAY,ספיידרמן: יום חדש,https://tickets.cinema-city.co.il/order/836945?lang=en,https://tickets.cinema-city.co.il/order/836945?lang=he,Regular,2D,,,2026-08-06,,,,135,All,Rishon Letzion,Cinema City,586
23:35,SPIDERMAN: BRAND NEW DAY,ספיידרמן: יום חדש,https://tickets.cinema-city.co.il/order/837005?lang=en,https://tickets.cinema-city.co.il/order/837005?lang=he,Regular,2D,,,2026-08-06,,,,135,All,Rishon Letzion,Cinema City,586
23:45,SPIDERMAN: BRAND NEW DAY,ספיידרמן: יום חדש,https://tickets.cinema-city.co.il/order/836999?lang=en,https://tickets.cinema-city.co.il/order/836999?lang=he,Regular,2D,,,2026-08-06,,,,135,All,Rishon Letzion,Cinema City,586
00:00,SPIDERMAN: BRAND NEW DAY,ספיידרמן: יום חדש,https://tickets.cinema-city.co.il/order/838747?lang=en,https://tickets.cinema-city.co.il/order/838747?lang=he,Regular,2D,,,2026-08-06,,,,135,All,Rishon Letzion,Cinema City,586
00:15,SPIDERMAN: BRAND NEW DAY,ספיידרמן: יום חדש,https://tickets.cinema-city.co.il/order/836963?lang=en,https://tickets.cinema-city.co.il/order/836963?lang=he,Regular,2D,,,2026-08-06,,,,135,All,Rishon Letzion,Cinema City,586
00:25,SPIDERMAN: BRAND NEW DAY,ספיידרמן: יום חדש,https://tickets.cinema-city.co.il/order/836984?lang=en,https://tickets.cinema-city.co.il/order/836984?lang=he,Regular,2D,,,2026-08-06,,,,135,All,Rishon Letzion,Cinema City,586
18:30,SPIDERMAN: BRAND NEW DAY,ספיידרמן: יום חדש,https://tickets.cinema-city.co.il/order/838764?lang=en,https://tickets.cinema-city.co.il/order/838764?lang=he,Regular,2D,,,2026-08-07,,,,135,All,Rishon Letzion,Cinema City,586
21:50,SPIDERMAN: BRAND NEW DAY,ספיידרמן: יום חדש,https://tickets.cinema-city.co.il/order/838765?lang=en,https://tickets.cinema-city.co.il/order/838765?lang=he,Regular,2D,,,2026-08-07,,,,135,All,Rishon Letzion,Cinema City,586
10:10,SPIDERMAN: BRAND NEW DAY,ספיידרמן: יום חדש,https://tickets.cinema-city.co.il/order/838770?lang=en,https://tickets.cinema-city.co.il/order/838770?lang=he,Regular,2D,,,2026-08-08,,,,135,All,Rishon Letzion,Cinema City,586
13:30,SPIDERMAN: BRAND NEW DAY,ספיידרמן: יום חדש,https://tickets.cinema-city.co.il/order/838769?lang=en,https://tickets.cinema-city.co.il/order/838769?lang=he,Regular,2D,,,2026-08-08,,,,135,All,Rishon Letzion,Cinema City,586
16:50,SPIDERMAN: BRAND NEW DAY,ספיידרמן: יום חדש,https://tickets.cinema-city.co.il/order/838768?lang=en,https://tickets.cinema-city.co.il/order/838768?lang=he,Regular,2D,,,2026-08-08,,,,135,All,Rishon Letzion,Cinema City,586
20:10,SPIDERMAN: BRAND NEW DAY,ספיידרמן: יום חדש,https://tickets.cinema-city.co.il/order/838766?lang=en,https://tickets.cinema-city.co.il/order/838766?lang=he,Regular,2D,,,2026-08-08,,,,135,All,Rishon Letzion,Cinema City,586
23:30,SPIDERMAN: BRAND NEW DAY,ספיידרמן: יום חדש,https://tickets.cinema-city.co.il/order/838767?lang=en,https://tickets.cinema-city.co.il/order/838767?lang=he,Regular,2D,,,2026-08-08,,,,135,All,Rishon Letzion,Cinema City,586
20:45,סרט כחול לבן,סרט כחול לבן,https://tickets.cinema-city.co.il/order/836415?lang=en,https://tickets.cinema-city.co.il/order/836415?lang=he,Regular,2D,,,2026-08-01,,,,86,14+,Rishon Letzion,Cinema City,586
20:45,סרט כחול לבן,סרט כחול לבן,https://tickets.cinema-city.co.il/order/836646?lang=en,https://tickets.cinema-city.co.il/order/836646?lang=he,Regular,2D,,,2026-08-02,,,,86,14+,Rishon Letzion,Cinema City,586
00:00,סרט כחול לבן,סרט כחול לבן,https://tickets.cinema-city.co.il/order/836662?lang=en,https://tickets.cinema-city.co.il/order/836662?lang=he,Regular,2D,,,2026-08-02,,,,86,14+,Rishon Letzion,Cinema City,586
20:45,סרט כחול לבן,סרט כחול לבן,https://tickets.cinema-city.co.il/order/836719?lang=en,https://tickets.cinema-city.co.il/order/836719?lang=he,Regular,2D,,,2026-08-03,,,,86,14+,Rishon Letzion,Cinema City,586
00:00,סרט כחול לבן,סרט כחול לבן,https://tickets.cinema-city.co.il/order/836713?lang=en,https://tickets.cinema-city.co.il/order/836713?lang=he,Regular,2D,,,2026-08-03,,,,86,14+,Rishon Letzion,Cinema City,586
20:45,סרט כחול לבן,סרט כחול לבן,https://tickets.cinema-city.co.il/order/836812?lang=en,https://tickets.cinema-city.co.il/order/836812?lang=he,Regular,2D,,,2026-08-04,,,,86,14+,Rishon Letzion,Cinema City,586
19:45,סרט כחול לבן,סרט כחול לבן,https://tickets.cinema-city.co.il/order/836998?lang=en,https://tickets.cinema-city.co.il/order/836998?lang=he,Regular,2D,,,2026-08-05,,,,86,14+,Rishon Letzion,Cinema City,586
22:55,How To Make a Killing,עשיר רצח,https://tickets.cinema-city.co.il/order/836754?lang=en,https://tickets.cinema-city.co.il/order/836754?lang=he,Regular,2D,,,2026-08-03,,,,105,All,Rishon Letzion,Cinema City,586
10:30,How To Make a Killing,עשיר רצח,https://tickets.cinema-city.co.il/order/836861?lang=en,https://tickets.cinema-city.co.il/order/836861?lang=he,Regular,2D,,,2026-08-04,,,,105,All,Rishon Letzion,Cinema City,586
22:30,How To Make a Killing,עשיר רצח,https://tickets.cinema-city.co.il/order/837006?lang=en,https://tickets.cinema-city.co.il/order/837006?lang=he,Regular,2D,,,2026-08-05,,,,105,All,Rishon Letzion,Cinema City,586
11:10,קופה ראשית: הסרט,קופה ראשית: הסרט,https://tickets.cinema-city.co.il/order/836452?lang=en,https://tickets.cinema-city.co.il/order/836452?lang=he,Regular,2D,,,2026-08-01,,,,91,All,Rishon Letzion,Cinema City,586
13:40,קופה ראשית: הסרט,קופה ראשית: הסרט,https://tickets.cinema-city.co.il/order/836421?lang=en,https://tickets.cinema-city.co.il/order/836421?lang=he,Regular,2D,,,2026-08-01,,,,91,All,Rishon Letzion,Cinema City,586
14:45,קופה ראשית: הסרט,קופה ראשית: הסרט,https://tickets.cinema-city.co.il/order/836447?lang=en,https://tickets.cinema-city.co.il/order/836447?lang=he,Regular,2D,,,2026-08-01,,,,91,All,Rishon Letzion,Cinema City,586
16:10,קופה ראשית: הסרט,קופה ראשית: הסרט,https://tickets.cinema-city.co.il/order/836420?lang=en,https://tickets.cinema-city.co.il/order/836420?lang=he,Regular,2D,,,2026-08-01,,,,91,All,Rishon Letzion,Cinema City,586
17:00,קופה ראשית: הסרט,קופה ראשית: הסרט,https://tickets.cinema-city.co.il/order/836446?lang=en,https://tickets.cinema-city.co.il/order/836446?lang=he,Regular,2D,,,2026-08-01,,,,91,All,Rishon Letzion,Cinema City,586
18:40,קופה ראשית: הסרט,קופה ראשית: הסרט,https://tickets.cinema-city.co.il/order/836419?lang=en,https://tickets.cinema-city.co.il/order/836419?lang=he,Regular,2D,,,2026-08-01,,,,91,All,Rishon Letzion,Cinema City,586
19:30,קופה ראשית: הסרט,קופה ראשית: הסרט,https://tickets.cinema-city.co.il/order/836474?lang=en,https://tickets.cinema-city.co.il/order/836474?lang=he,Regular,2D,,,2026-08-01,,,,91,All,Rishon Letzion,Cinema City,586
21:10,קופה ראשית: הסרט,קופה ראשית: הסרט,https://tickets.cinema-city.co.il/order/836418?lang=en,https://tickets.cinema-city.co.il/order/836418?lang=he,Regular,2D,,,2026-08-01,,,,91,All,Rishon Letzion,Cinema City,586
23:40,קופה ראשית: הסרט,קופה ראשית: הסרט,https://tickets.cinema-city.co.il/order/836440?lang=en,https://tickets.cinema-city.co.il/order/836440?lang=he,Regular,2D,,,2026-08-01,,,,91,All,Rishon Letzion,Cinema City,586
14:45,קופה ראשית: הסרט,קופה ראשית: הסרט,https://tickets.cinema-city.co.il/order/836484?lang=en,https://tickets.cinema-city.co.il/order/836484?lang=he,Regular,2D,,,2026-08-02,,,,91,All,Rishon Letzion,Cinema City,586
15:45,קופה ראשית: הסרט,קופה ראשית: הסרט,https://tickets.cinema-city.co.il/order/836608?lang=en,https://tickets.cinema-city.co.il/order/836608?lang=he,Regular,2D,,,2026-08-02,,,,91,All,Rishon Letzion,Cinema City,586
16:15,קופה ראשית: הסרט,קופה ראשית: הסרט,https://tickets.cinema-city.co.il/order/836494?lang=en,https://tickets.cinema-city.co.il/order/836494?lang=he,Regular,2D,,,2026-08-02,,,,91,All,Rishon Letzion,Cinema City,586
18:20,קופה ראשית: הסרט,קופה ראשית: הסרט,https://tickets.cinema-city.co.il/order/836610?lang=en,https://tickets.cinema-city.co.il/order/836610?lang=he,Regular,2D,,,2026-08-02,,,,91,All,Rishon Letzion,Cinema City,586
18:30,קופה ראשית: הסרט,קופה ראשית: הסרט,https://tickets.cinema-city.co.il/order/836510?lang=en,https://tickets.cinema-city.co.il/order/836510?lang=he,Regular,2D,,,2026-08-02,,,,91,All,Rishon Letzion,Cinema City,586
20:50,קופה ראשית: הסרט,קופה ראשית: הסרט,https://tickets.cinema-city.co.il/order/836612?lang=en,https://tickets.cinema-city.co.il/order/836612?lang=he,Regular,2D,,,2026-08-02,,,,91,All,Rishon Letzion,Cinema City,586
21:00,קופה ראשית: הסרט,קופה ראשית: הסרט,https://tickets.cinema-city.co.il/order/836659?lang=en,https://tickets.cinema-city.co.il/order/836659?lang=he,Regular,2D,,,2026-08-02,,,,91,All,Rishon Letzion,Cinema City,586
21:50,קופה ראשית: הסרט,קופה ראשית: הסרט,https://tickets.cinema-city.co.il/order/836504?lang=en,https://tickets.cinema-city.co.il/order/836504?lang=he,Regular,2D,,,2026-08-02,,,,91,All,Rishon Letzion,Cinema City,586
23:20,קופה ראשית: הסרט,קופה ראשית: הסרט,https://tickets.cinema-city.co.il/order/836500?lang=en,https://tickets.cinema-city.co.il/order/836500?lang=he,Regular,2D,,,2026-08-02,,,,91,All,Rishon Letzion,Cinema City,586
00:25,קופה ראשית: הסרט,קופה ראשית: הסרט,https://tickets.cinema-city.co.il/order/836683?lang=en,https://tickets.cinema-city.co.il/order/836683?lang=he,Regular,2D,,,2026-08-02,,,,91,All,Rishon Letzion,Cinema City,586
13:40,קופה ראשית: הסרט,קופה ראשית: הסרט,https://tickets.cinema-city.co.il/order/836757?lang=en,https://tickets.cinema-city.co.il/order/836757?lang=he,Regular,2D,,,2026-08-03,,,,91,All,Rishon Letzion,Cinema City,586
14:45,קופה ראשית: הסרט,קופה ראשית: הסרט,https://tickets.cinema-city.co.il/order/836751?lang=en,https://tickets.cinema-city.co.il/order/836751?lang=he,Regular,2D,,,2026-08-03,,,,91,All,Rishon Letzion,Cinema City,586
16:10,קופה ראשית: הסרט,קופה ראשית: הסרט,https://tickets.cinema-city.co.il/order/836688?lang=en,https://tickets.cinema-city.co.il/order/836688?lang=he,Regular,2D,,,2026-08-03,,,,91,All,Rishon Letzion,Cinema City,586
17:20,קופה ראשית: הסרט,קופה ראשית: הסרט,https://tickets.cinema-city.co.il/order/836768?lang=en,https://tickets.cinema-city.co.il/order/836768?lang=he,Regular,2D,,,2026-08-03,,,,91,All,Rishon Letzion,Cinema City,586
18:40,קופה ראשית: הסרט,קופה ראשית: הסרט,https://tickets.cinema-city.co.il/order/836698?lang=en,https://tickets.cinema-city.co.il/order/836698?lang=he,Regular,2D,,,2026-08-03,,,,91,All,Rishon Letzion,Cinema City,586
19:30,קופה ראשית: הסרט,קופה ראשית: הסרט,https://tickets.cinema-city.co.il/order/836755?lang=en,https://tickets.cinema-city.co.il/order/836755?lang=he,Regular,2D,,,2026-08-03,,,,91,All,Rishon Letzion,Cinema City,586
20:00,קופה ראשית: הסרט,קופה ראשית: הסרט,https://tickets.cinema-city.co.il/order/836770?lang=en,https://tickets.cinema-city.co.il/order/836770?lang=he,Regular,2D,,,2026-08-03,,,,91,All,Rishon Letzion,Cinema City,586
21:10,קופה ראשית: הסרט,קופה ראשית: הסרט,https://tickets.cinema-city.co.il/order/836722?lang=en,https://tickets.cinema-city.co.il/order/836722?lang=he,Regular,2D,,,2026-08-03,,,,91,All,Rishon Letzion,Cinema City,586
22:30,קופה ראשית: הסרט,קופה ראשית: הסרט,https://tickets.cinema-city.co.il/order/836767?lang=en,https://tickets.cinema-city.co.il/order/836767?lang=he,Regular,2D,,,2026-08-03,,,,91,All,Rishon Letzion,Cinema City,586
23:40,קופה ראשית: הסרט,קופה ראשית: הסרט,https://tickets.cinema-city.co.il/order/836729?lang=en,https://tickets.cinema-city.co.il/order/836729?lang=he,Regular,2D,,,2026-08-03,,,,91,All,Rishon Letzion,Cinema City,586
10:40,קופה ראשית: הסרט,קופה ראשית: הסרט,https://tickets.cinema-city.co.il/order/836868?lang=en,https://tickets.cinema-city.co.il/order/836868?lang=he,Regular,2D,,,2026-08-04,,,,91,All,Rishon Letzion,Cinema City,586
13:20,קופה ראשית: הסרט,קופה ראשית: הסרט,https://tickets.cinema-city.co.il/order/836867?lang=en,https://tickets.cinema-city.co.il/order/836867?lang=he,Regular,2D,,,2026-08-04,,,,91,All,Rishon Letzion,Cinema City,586
14:45,קופה ראשית: הסרט,קופה ראשית: הסרט,https://tickets.cinema-city.co.il/order/836849?lang=en,https://tickets.cinema-city.co.il/order/836849?lang=he,Regular,2D,,,2026-08-04,,,,91,All,Rishon Letzion,Cinema City,586
15:45,קופה ראשית: הסרט,קופה ראשית: הסרט,https://tickets.cinema-city.co.il/order/836778?lang=en,https://tickets.cinema-city.co.il/order/836778?lang=he,Regular,2D,,,2026-08-04,,,,91,All,Rishon Letzion,Cinema City,586
16:50,קופה ראשית: הסרט,קופה ראשית: הסרט,https://tickets.cinema-city.co.il/order/836827?lang=en,https://tickets.cinema-city.co.il/order/836827?lang=he,Regular,2D,,,2026-08-04,,,,91,All,Rishon Letzion,Cinema City,586
18:20,קופה ראשית: הסרט,קופה ראשית: הסרט,https://tickets.cinema-city.co.il/order/836787?lang=en,https://tickets.cinema-city.co.il/order/836787?lang=he,Regular,2D,,,2026-08-04,,,,91,All,Rishon Letzion,Cinema City,586
19:20,קופה ראשית: הסרט,קופה ראשית: הסרט,https://tickets.cinema-city.co.il/order/836855?lang=en,https://tickets.cinema-city.co.il/order/836855?lang=he,Regular,2D,,,2026-08-04,,,,91,All,Rishon Letzion,Cinema City,586
20:50,קופה ראשית: הסרט,קופה ראשית: הסרט,https://tickets.cinema-city.co.il/order/836814?lang=en,https://tickets.cinema-city.co.il/order/836814?lang=he,Regular,2D,,,2026-08-04,,,,91,All,Rishon Letzion,Cinema City,586
21:40,קופה ראשית: הסרט,קופה ראשית: הסרט,https://tickets.cinema-city.co.il/order/836865?lang=en,https://tickets.cinema-city.co.il/order/836865?lang=he,Regular,2D,,,2026-08-04,,,,91,All,Rishon Letzion,Cinema City,586
22:45,קופה ראשית: הסרט,קופה ראשית: הסרט,https://tickets.cinema-city.co.il/order/836862?lang=en,https://tickets.cinema-city.co.il/order/836862?lang=he,Regular,2D,,,2026-08-04,,,,91,All,Rishon Letzion,Cinema City,586
23:20,קופה ראשית: הסרט,קופה ראשית: הסרט,https://tickets.cinema-city.co.il/order/836822?lang=en,https://tickets.cinema-city.co.il/order/836822?lang=he,Regular,2D,,,2026-08-04,,,,91,All,Rishon Letzion,Cinema City,586
10:40,קופה ראשית: הסרט,קופה ראשית: הסרט,https://tickets.cinema-city.co.il/order/836924?lang=en,https://tickets.cinema-city.co.il/order/836924?lang=he,Regular,2D,,,2026-08-05,,,,91,All,Rishon Letzion,Cinema City,586
13:20,קופה ראשית: הסרט,קופה ראשית: הסרט,https://tickets.cinema-city.co.il/order/836926?lang=en,https://tickets.cinema-city.co.il/order/836926?lang=he,Regular,2D,,,2026-08-05,,,,91,All,Rishon Letzion,Cinema City,586
14:45,קופה ראשית: הסרט,קופה ראשית: הסרט,https://tickets.cinema-city.co.il/order/836953?lang=en,https://tickets.cinema-city.co.il/order/836953?lang=he,Regular,2D,,,2026-08-05,,,,91,All,Rishon Letzion,Cinema City,586
15:45,קופה ראשית: הסרט,קופה ראשית: הסרט,https://tickets.cinema-city.co.il/order/836986?lang=en,https://tickets.cinema-city.co.il/order/836986?lang=he,Regular,2D,,,2026-08-05,,,,91,All,Rishon Letzion,Cinema City,586
16:50,קופה ראשית: הסרט,קופה ראשית: הסרט,https://tickets.cinema-city.co.il/order/836913?lang=en,https://tickets.cinema-city.co.il/order/836913?lang=he,Regular,2D,,,2026-08-05,,,,91,All,Rishon Letzion,Cinema City,586
18:20,קופה ראשית: הסרט,קופה ראשית: הסרט,https://tickets.cinema-city.co.il/order/836978?lang=en,https://tickets.cinema-city.co.il/order/836978?lang=he,Regular,2D,,,2026-08-05,,,,91,All,Rishon Letzion,Cinema City,586
19:30,קופה ראשית: הסרט,קופה ראשית: הסרט,https://tickets.cinema-city.co.il/order/836943?lang=en,https://tickets.cinema-city.co.il/order/836943?lang=he,Regular,2D,,,2026-08-05,,,,91,All,Rishon Letzion,Cinema City,586
20:50,קופה ראשית: הסרט,קופה ראשית: הסרט,https://tickets.cinema-city.co.il/order/836996?lang=en,https://tickets.cinema-city.co.il/order/836996?lang=he,Regular,2D,,,2026-08-05,,,,91,All,Rishon Letzion,Cinema City,586
22:10,קופה ראשית: הסרט,קופה ראשית: הסרט,https://tickets.cinema-city.co.il/order/836931?lang=en,https://tickets.cinema-city.co.il/order/836931?lang=he,Regular,2D,,,2026-08-05,,,,91,All,Rishon Letzion,Cinema City,586
23:20,קופה ראשית: הסרט,קופה ראשית: הסרט,https://tickets.cinema-city.co.il/order/836989?lang=en,https://tickets.cinema-city.co.il/order/836989?lang=he,Regular,2D,,,2026-08-05,,,,91,All,Rishon Letzion,Cinema City,586
00:20,קופה ראשית: הסרט,קופה ראשית: הסרט,https://tickets.cinema-city.co.il/order/836993?lang=en,https://tickets.cinema-city.co.il/order/836993?lang=he,Regular,2D,,,2026-08-05,,,,91,All,Rishon Letzion,Cinema City,586
10:40,קופה ראשית: הסרט,קופה ראשית: הסרט,https://tickets.cinema-city.co.il/order/836924?lang=en,https://tickets.cinema-city.co.il/order/836924?lang=he,Regular,2D,,,2026-08-06,,,,91,All,Rishon Letzion,Cinema City,586
13:20,קופה ראשית: הסרט,קופה ראשית: הסרט,https://tickets.cinema-city.co.il/order/836926?lang=en,https://tickets.cinema-city.co.il/order/836926?lang=he,Regular,2D,,,2026-08-06,,,,91,All,Rishon Letzion,Cinema City,586
14:45,קופה ראשית: הסרט,קופה ראשית: הסרט,https://tickets.cinema-city.co.il/order/836953?lang=en,https://tickets.cinema-city.co.il/order/836953?lang=he,Regular,2D,,,2026-08-06,,,,91,All,Rishon Letzion,Cinema City,586
15:45,קופה ראשית: הסרט,קופה ראשית: הסרט,https://tickets.cinema-city.co.il/order/836986?lang=en,https://tickets.cinema-city.co.il/order/836986?lang=he,Regular,2D,,,2026-08-06,,,,91,All,Rishon Letzion,Cinema City,586
16:50,קופה ראשית: הסרט,קופה ראשית: הסרט,https://tickets.cinema-city.co.il/order/836913?lang=en,https://tickets.cinema-city.co.il/order/836913?lang=he,Regular,2D,,,2026-08-06,,,,91,All,Rishon Letzion,Cinema City,586
18:20,קופה ראשית: הסרט,קופה ראשית: הסרט,https://tickets.cinema-city.co.il/order/836978?lang=en,https://tickets.cinema-city.co.il/order/836978?lang=he,Regular,2D,,,2026-08-06,,,,91,All,Rishon Letzion,Cinema City,586
19:30,קופה ראשית: הסרט,קופה ראשית: הסרט,https://tickets.cinema-city.co.il/order/836943?lang=en,https://tickets.cinema-city.co.il/order/836943?lang=he,Regular,2D,,,2026-08-06,,,,91,All,Rishon Letzion,Cinema City,586
20:50,קופה ראשית: הסרט,קופה ראשית: הסרט,https://tickets.cinema-city.co.il/order/836996?lang=en,https://tickets.cinema-city.co.il/order/836996?lang=he,Regular,2D,,,2026-08-06,,,,91,All,Rishon Letzion,Cinema City,586
22:10,קופה ראשית: הסרט,קופה ראשית: הסרט,https://tickets.cinema-city.co.il/order/836931?lang=en,https://tickets.cinema-city.co.il/order/836931?lang=he,Regular,2D,,,2026-08-06,,,,91,All,Rishon Letzion,Cinema City,586
23:20,קופה ראשית: הסרט,קופה ראשית: הסרט,https://tickets.cinema-city.co.il/order/836989?lang=en,https://tickets.cinema-city.co.il/order/836989?lang=he,Regular,2D,,,2026-08-06,,,,91,All,Rishon Letzion,Cinema City,586
00:20,קופה ראשית: הסרט,קופה ראשית: הסרט,https://tickets.cinema-city.co.il/order/836993?lang=en,https://tickets.cinema-city.co.il/order/836993?lang=he,Regular,2D,,,2026-08-06,,,,91,All,Rishon Letzion,Cinema City,586
21:40,Dream High,תיכון מגשימים,https://tickets.cinema-city.co.il/order/836464?lang=en,https://tickets.cinema-city.co.il/order/836464?lang=he,Regular,2D,,,2026-08-01,,,,100,12+,Rishon Letzion,Cinema City,586
21:40,Dream High,תיכון מגשימים,https://tickets.cinema-city.co.il/order/836519?lang=en,https://tickets.cinema-city.co.il/order/836519?lang=he,Regular,2D,,,2026-08-02,,,,100,12+,Rishon Letzion,Cinema City,586
21:20,Dream High,תיכון מגשימים,https://tickets.cinema-city.co.il/order/836750?lang=en,https://tickets.cinema-city.co.il/order/836750?lang=he,Regular,2D,,,2026-08-03,,,,100,12+,Rishon Letzion,Cinema City,586
20:50,Dream High,תיכון מגשימים,https://tickets.cinema-city.co.il/order/836848?lang=en,https://tickets.cinema-city.co.il/order/836848?lang=he,Regular,2D,,,2026-08-04,,,,100,12+,Rishon Letzion,Cinema City,586
21:15,Dream High,תיכון מגשימים,https://tickets.cinema-city.co.il/order/836904?lang=en,https://tickets.cinema-city.co.il/order/836904?lang=he,Regular,2D,,,2026-08-05,,,,100,12+,Rishon Letzion,Cinema City,586
19:30,One Night Only,לגמור את הלילה,https://tickets.cinema-city.co.il/order/836392?lang=en,https://tickets.cinema-city.co.il/order/836392?lang=he,VIP,2D,,,2026-08-01,,,,102,14+,Rishon Letzion,Cinema City,586
23:00,One Night Only,לגמור את הלילה,https://tickets.cinema-city.co.il/order/836432?lang=en,https://tickets.cinema-city.co.il/order/836432?lang=he,VIP,2D,,,2026-08-01,,,,102,14+,Rishon Letzion,Cinema City,586
18:00,SPIDERMAN: BRAND NEW DAY,ספיידרמן: יום חדש,https://tickets.cinema-city.co.il/order/813932?lang=en,https://tickets.cinema-city.co.il/order/813932?lang=he,VIP,2D,,,2026-08-01,,,,135,All,Rishon Letzion,Cinema City,586
18:00,SPIDERMAN: BRAND NEW DAY,ספיידרמן: יום חדש,https://tickets.cinema-city.co.il/order/836430?lang=en,https://tickets.cinema-city.co.il/order/836430?lang=he,VIP,2D,,,2026-08-01,,,,135,All,Rishon Letzion,Cinema City,586
21:30,SPIDERMAN: BRAND NEW DAY,ספיידרמן: יום חדש,https://tickets.cinema-city.co.il/order/813933?lang=en,https://tickets.cinema-city.co.il/order/813933?lang=he,VIP,2D,,,2026-08-01,,,,135,All,Rishon Letzion,Cinema City,586
21:30,SPIDERMAN: BRAND NEW DAY,ספיידרמן: יום חדש,https://tickets.cinema-city.co.il/order/836431?lang=en,https://tickets.cinema-city.co.il/order/836431?lang=he,VIP,2D,,,2026-08-01,,,,135,All,Rishon Letzion,Cinema City,586
15:20,Just an Illusion,אשליות מתוקות,https://tickets.cinema-city.co.il/order/835604?lang=en,https://tickets.cinema-city.co.il/order/835604?lang=he,Regular,2D,,,2026-08-04,,,,119,All,Jerusalem,Cinema City,586
22:00,I Want Your Sex,בוסית בהפרעה,https://tickets.cinema-city.co.il/order/835381?lang=en,https://tickets.cinema-city.co.il/order/835381?lang=he,Regular,2D,,,2026-08-01,,,,90,16+,Jerusalem,Cinema City,586
00:15,I Want Your Sex,בוסית בהפרעה,https://tickets.cinema-city.co.il/order/835382?lang=en,https://tickets.cinema-city.co.il/order/835382?lang=he,Regular,2D,,,2026-08-01,,,,90,16+,Jerusalem,Cinema City,586
19:35,I Want Your Sex,בוסית בהפרעה,https://tickets.cinema-city.co.il/order/835455?lang=en,https://tickets.cinema-city.co.il/order/835455?lang=he,Regular,2D,,,2026-08-02,,,,90,16+,Jerusalem,Cinema City,586
21:50,I Want Your Sex,בוסית בהפרעה,https://tickets.cinema-city.co.il/order/835445?lang=en,https://tickets.cinema-city.co.il/order/835445?lang=he,Regular,2D,,,2026-08-02,,,,90,16+,Jerusalem,Cinema City,586
00:05,I Want Your Sex,בוסית בהפרעה,https://tickets.cinema-city.co.il/order/835446?lang=en,https://tickets.cinema-city.co.il/order/835446?lang=he,Regular,2D,,,2026-08-02,,,,90,16+,Jerusalem,Cinema City,586
19:45,I Want Your Sex,בוסית בהפרעה,https://tickets.cinema-city.co.il/order/835501?lang=en,https://tickets.cinema-city.co.il/order/835501?lang=he,Regular,2D,,,2026-08-03,,,,90,16+,Jerusalem,Cinema City,586
21:55,I Want Your Sex,בוסית בהפרעה,https://tickets.cinema-city.co.il/order/835479?lang=en,https://tickets.cinema-city.co.il/order/835479?lang=he,Regular,2D,,,2026-08-03,,,,90,16+,Jerusalem,Cinema City,586
00:10,I Want Your Sex,בוסית בהפרעה,https://tickets.cinema-city.co.il/order/835478?lang=en,https://tickets.cinema-city.co.il/order/835478?lang=he,Regular,2D,,,2026-08-03,,,,90,16+,Jerusalem,Cinema City,586
22:00,I Want Your Sex,בוסית בהפרעה,https://tickets.cinema-city.co.il/order/835586?lang=en,https://tickets.cinema-city.co.il/order/835586?lang=he,Regular,2D,,,2026-08-04,,,,90,16+,Jerusalem,Cinema City,586
00:10,I Want Your Sex,בוסית בהפרעה,https://tickets.cinema-city.co.il/order/835587?lang=en,https://tickets.cinema-city.co.il/order/835587?lang=he,Regular,2D,,,2026-08-04,,,,90,16+,Jerusalem,Cinema City,586
19:45,I Want Your Sex,בוסית בהפרעה,https://tickets.cinema-city.co.il/order/835672?lang=en,https://tickets.cinema-city.co.il/order/835672?lang=he,Regular,2D,,,2026-08-05,,,,90,16+,Jerusalem,Cinema City,586
22:00,I Want Your Sex,בוסית בהפרעה,https://tickets.cinema-city.co.il/order/835659?lang=en,https://tickets.cinema-city.co.il/order/835659?lang=he,Regular,2D,,,2026-08-05,,,,90,16+,Jerusalem,Cinema City,586
00:10,I Want Your Sex,בוסית בהפרעה,https://tickets.cinema-city.co.il/order/835660?lang=en,https://tickets.cinema-city.co.il/order/835660?lang=he,Regular,2D,,,2026-08-05,,,,90,16+,Jerusalem,Cinema City,586
19:45,I Want Your Sex,בוסית בהפרעה,https://tickets.cinema-city.co.il/order/835672?lang=en,https://tickets.cinema-city.co.il/order/835672?lang=he,Regular,2D,,,2026-08-06,,,,90,16+,Jerusalem,Cinema City,586
22:00,I Want Your Sex,בוסית בהפרעה,https://tickets.cinema-city.co.il/order/835659?lang=en,https://tickets.cinema-city.co.il/order/835659?lang=he,Regular,2D,,,2026-08-06,,,,90,16+,Jerusalem,Cinema City,586
00:10,I Want Your Sex,בוסית בהפרעה,https://tickets.cinema-city.co.il/order/835660?lang=en,https://tickets.cinema-city.co.il/order/835660?lang=he,Regular,2D,,,2026-08-06,,,,90,16+,Jerusalem,Cinema City,586
10:10,GRACIE & PEDRO: PETS TO THE RESCUE,גרייסי ופדרו: חיות המחמד בפעולה,https://tickets.cinema-city.co.il/order/835471?lang=en,https://tickets.cinema-city.co.il/order/835471?lang=he,Regular,2D,,Hebrew,2026-08-02,,,,87,All,Jerusalem,Cinema City,586
12:25,GRACIE & PEDRO: PETS TO THE RESCUE,גרייסי ופדרו: חיות המחמד בפעולה,https://tickets.cinema-city.co.il/order/835428?lang=en,https://tickets.cinema-city.co.il/order/835428?lang=he,Regular,2D,,Hebrew,2026-08-02,,,,87,All,Jerusalem,Cinema City,586
16:50,GRACIE & PEDRO: PETS TO THE RESCUE,גרייסי ופדרו: חיות המחמד בפעולה,https://tickets.cinema-city.co.il/order/835461?lang=en,https://tickets.cinema-city.co.il/order/835461?lang=he,Regular,2D,,Hebrew,2026-08-02,,,,87,All,Jerusalem,Cinema City,586
11:20,GRACIE & PEDRO: PETS TO THE RESCUE,גרייסי ופדרו: חיות המחמד בפעולה,https://tickets.cinema-city.co.il/order/835545?lang=en,https://tickets.cinema-city.co.il/order/835545?lang=he,Regular,2D,,Hebrew,2026-08-03,,,,87,All,Jerusalem,Cinema City,586
14:30,GRACIE & PEDRO: PETS TO THE RESCUE,גרייסי ופדרו: חיות המחמד בפעולה,https://tickets.cinema-city.co.il/order/835517?lang=en,https://tickets.cinema-city.co.il/order/835517?lang=he,Regular,2D,,Hebrew,2026-08-03,,,,87,All,Jerusalem,Cinema City,586
16:50,GRACIE & PEDRO: PETS TO THE RESCUE,גרייסי ופדרו: חיות המחמד בפעולה,https://tickets.cinema-city.co.il/order/835496?lang=en,https://tickets.cinema-city.co.il/order/835496?lang=he,Regular,2D,,Hebrew,2026-08-03,,,,87,All,Jerusalem,Cinema City,586
10:30,GRACIE & PEDRO: PETS TO THE RESCUE,גרייסי ופדרו: חיות המחמד בפעולה,https://tickets.cinema-city.co.il/order/835607?lang=en,https://tickets.cinema-city.co.il/order/835607?lang=he,Regular,2D,,Hebrew,2026-08-04,,,,87,All,Jerusalem,Cinema City,586
12:35,GRACIE & PEDRO: PETS TO THE RESCUE,גרייסי ופדרו: חיות המחמד בפעולה,https://tickets.cinema-city.co.il/order/835618?lang=en,https://tickets.cinema-city.co.il/order/835618?lang=he,Regular,2D,,Hebrew,2026-08-04,,,,87,All,Jerusalem,Cinema City,586
14:50,GRACIE & PEDRO: PETS TO THE RESCUE,גרייסי ופדרו: חיות המחמד בפעולה,https://tickets.cinema-city.co.il/order/835610?lang=en,https://tickets.cinema-city.co.il/order/835610?lang=he,Regular,2D,,Hebrew,2026-08-04,,,,87,All,Jerusalem,Cinema City,586
10:30,GRACIE & PEDRO: PETS TO THE RESCUE,גרייסי ופדרו: חיות המחמד בפעולה,https://tickets.cinema-city.co.il/order/835690?lang=en,https://tickets.cinema-city.co.il/order/835690?lang=he,Regular,2D,,Hebrew,2026-08-05,,,,87,All,Jerusalem,Cinema City,586
12:30,GRACIE & PEDRO: PETS TO THE RESCUE,גרייסי ופדרו: חיות המחמד בפעולה,https://tickets.cinema-city.co.il/order/835676?lang=en,https://tickets.cinema-city.co.il/order/835676?lang=he,Regular,2D,,Hebrew,2026-08-05,,,,87,All,Jerusalem,Cinema City,586
14:45,GRACIE & PEDRO: PETS TO THE RESCUE,גרייסי ופדרו: חיות המחמד בפעולה,https://tickets.cinema-city.co.il/order/835631?lang=en,https://tickets.cinema-city.co.il/order/835631?lang=he,Regular,2D,,Hebrew,2026-08-05,,,,87,All,Jerusalem,Cinema City,586
21:20,THE ODYSSEY,האודיסאה,https://tickets.cinema-city.co.il/order/835371?lang=en,https://tickets.cinema-city.co.il/order/835371?lang=he,Regular,2D,,,2026-08-01,,,,172,14+,Jerusalem,Cinema City,586
22:20,THE ODYSSEY,האודיסאה,https://tickets.cinema-city.co.il/order/835372?lang=en,https://tickets.cinema-city.co.il/order/835372?lang=he,Regular,2D,,,2026-08-01,,,,172,14+,Jerusalem,Cinema City,586
23:30,THE ODYSSEY,האודיסאה,https://tickets.cinema-city.co.il/order/835384?lang=en,https://tickets.cinema-city.co.il/order/835384?lang=he,Regular,2D,,,2026-08-01,,,,172,14+,Jerusalem,Cinema City,586
11:30,THE ODYSSEY,האודיסאה,https://tickets.cinema-city.co.il/order/835453?lang=en,https://tickets.cinema-city.co.il/order/835453?lang=he,Regular,2D,,,2026-08-02,,,,172,14+,Jerusalem,Cinema City,586
15:00,THE ODYSSEY,האודיסאה,https://tickets.cinema-city.co.il/order/835454?lang=en,https://tickets.cinema-city.co.il/order/835454?lang=he,Regular,2D,,,2026-08-02,,,,172,14+,Jerusalem,Cinema City,586
19:00,THE ODYSSEY,האודיסאה,https://tickets.cinema-city.co.il/order/835402?lang=en,https://tickets.cinema-city.co.il/order/835402?lang=he,Regular,2D,,,2026-08-02,,,,172,14+,Jerusalem,Cinema City,586
20:35,THE ODYSSEY,האודיסאה,https://tickets.cinema-city.co.il/order/835415?lang=en,https://tickets.cinema-city.co.il/order/835415?lang=he,Regular,2D,,,2026-08-02,,,,172,14+,Jerusalem,Cinema City,586
22:40,THE ODYSSEY,האודיסאה,https://tickets.cinema-city.co.il/order/835414?lang=en,https://tickets.cinema-city.co.il/order/835414?lang=he,Regular,2D,,,2026-08-02,,,,172,14+,Jerusalem,Cinema City,586
14:30,THE ODYSSEY,האודיסאה,https://tickets.cinema-city.co.il/order/835528?lang=en,https://tickets.cinema-city.co.il/order/835528?lang=he,Regular,2D,,,2026-08-03,,,,172,14+,Jerusalem,Cinema City,586
18:30,THE ODYSSEY,האודיסאה,https://tickets.cinema-city.co.il/order/835510?lang=en,https://tickets.cinema-city.co.il/order/835510?lang=he,Regular,2D,,,2026-08-03,,,,172,14+,Jerusalem,Cinema City,586
20:20,THE ODYSSEY,האודיסאה,https://tickets.cinema-city.co.il/order/835525?lang=en,https://tickets.cinema-city.co.il/order/835525?lang=he,Regular,2D,,,2026-08-03,,,,172,14+,Jerusalem,Cinema City,586
22:10,THE ODYSSEY,האודיסאה,https://tickets.cinema-city.co.il/order/835526?lang=en,https://tickets.cinema-city.co.il/order/835526?lang=he,Regular,2D,,,2026-08-03,,,,172,14+,Jerusalem,Cinema City,586
23:15,THE ODYSSEY,האודיסאה,https://tickets.cinema-city.co.il/order/835539?lang=en,https://tickets.cinema-city.co.il/order/835539?lang=he,Regular,2D,,,2026-08-03,,,,172,14+,Jerusalem,Cinema City,586
10:50,THE ODYSSEY,האודיסאה,https://tickets.cinema-city.co.il/order/835608?lang=en,https://tickets.cinema-city.co.il/order/835608?lang=he,Regular,2D,,,2026-08-04,,,,172,14+,Jerusalem,Cinema City,586
12:45,THE ODYSSEY,האודיסאה,https://tickets.cinema-city.co.il/order/835606?lang=en,https://tickets.cinema-city.co.il/order/835606?lang=he,Regular,2D,,,2026-08-04,,,,172,14+,Jerusalem,Cinema City,586
16:20,THE ODYSSEY,האודיסאה,https://tickets.cinema-city.co.il/order/835574?lang=en,https://tickets.cinema-city.co.il/order/835574?lang=he,Regular,2D,,,2026-08-04,,,,172,14+,Jerusalem,Cinema City,586
18:30,THE ODYSSEY,האודיסאה,https://tickets.cinema-city.co.il/order/835562?lang=en,https://tickets.cinema-city.co.il/order/835562?lang=he,Regular,2D,,,2026-08-04,,,,172,14+,Jerusalem,Cinema City,586
20:10,THE ODYSSEY,האודיסאה,https://tickets.cinema-city.co.il/order/835549?lang=en,https://tickets.cinema-city.co.il/order/835549?lang=he,Regular,2D,,,2026-08-04,,,,172,14+,Jerusalem,Cinema City,586
22:10,THE ODYSSEY,האודיסאה,https://tickets.cinema-city.co.il/order/835548?lang=en,https://tickets.cinema-city.co.il/order/835548?lang=he,Regular,2D,,,2026-08-04,,,,172,14+,Jerusalem,Cinema City,586
23:00,THE ODYSSEY,האודיסאה,https://tickets.cinema-city.co.il/order/835566?lang=en,https://tickets.cinema-city.co.il/order/835566?lang=he,Regular,2D,,,2026-08-04,,,,172,14+,Jerusalem,Cinema City,586
13:15,THE ODYSSEY,האודיסאה,https://tickets.cinema-city.co.il/order/835649?lang=en,https://tickets.cinema-city.co.il/order/835649?lang=he,Regular,2D,,,2026-08-05,,,,172,14+,Jerusalem,Cinema City,586
18:30,THE ODYSSEY,האודיסאה,https://tickets.cinema-city.co.il/order/835621?lang=en,https://tickets.cinema-city.co.il/order/835621?lang=he,Regular,2D,,,2026-08-05,,,,172,14+,Jerusalem,Cinema City,586
19:40,THE ODYSSEY,האודיסאה,https://tickets.cinema-city.co.il/order/835622?lang=en,https://tickets.cinema-city.co.il/order/835622?lang=he,Regular,2D,,,2026-08-05,,,,172,14+,Jerusalem,Cinema City,586
22:10,THE ODYSSEY,האודיסאה,https://tickets.cinema-city.co.il/order/835681?lang=en,https://tickets.cinema-city.co.il/order/835681?lang=he,Regular,2D,,,2026-08-05,,,,172,14+,Jerusalem,Cinema City,586
23:15,THE ODYSSEY,האודיסאה,https://tickets.cinema-city.co.il/order/835641?lang=en,https://tickets.cinema-city.co.il/order/835641?lang=he,Regular,2D,,,2026-08-05,,,,172,14+,Jerusalem,Cinema City,586
19:40,The Invite.,ההזמנה.,https://tickets.cinema-city.co.il/order/835466?lang=en,https://tickets.cinema-city.co.il/order/835466?lang=he,Regular,2D,,,2026-08-02,,,,107,14+,Jerusalem,Cinema City,586
20:40,The Invite.,ההזמנה.,https://tickets.cinema-city.co.il/order/835493?lang=en,https://tickets.cinema-city.co.il/order/835493?lang=he,Regular,2D,,,2026-08-03,,,,107,14+,Jerusalem,Cinema City,586
12:30,The Invite.,ההזמנה.,https://tickets.cinema-city.co.il/order/835601?lang=en,https://tickets.cinema-city.co.il/order/835601?lang=he,Regular,2D,,,2026-08-04,,,,107,14+,Jerusalem,Cinema City,586
15:00,The Invite.,ההזמנה.,https://tickets.cinema-city.co.il/order/835611?lang=en,https://tickets.cinema-city.co.il/order/835611?lang=he,Regular,2D,,,2026-08-04,,,,107,14+,Jerusalem,Cinema City,586
20:30,The Invite.,ההזמנה.,https://tickets.cinema-city.co.il/order/835609?lang=en,https://tickets.cinema-city.co.il/order/835609?lang=he,Regular,2D,,,2026-08-04,,,,107,14+,Jerusalem,Cinema City,586
18:15,The Magic Faraway Tree,המסע המופלא לעץ הקסמים,https://tickets.cinema-city.co.il/order/835447?lang=en,https://tickets.cinema-city.co.il/order/835447?lang=he,Regular,2D,,,2026-08-02,,,,110,All,Jerusalem,Cinema City,586
18:00,The Magic Faraway Tree,המסע המופלא לעץ הקסמים,https://tickets.cinema-city.co.il/order/835477?lang=en,https://tickets.cinema-city.co.il/order/835477?lang=he,Regular,2D,,,2026-08-03,,,,110,All,Jerusalem,Cinema City,586
18:00,The Magic Faraway Tree,המסע המופלא לעץ הקסמים,https://tickets.cinema-city.co.il/order/835661?lang=en,https://tickets.cinema-city.co.il/order/835661?lang=he,Regular,2D,,,2026-08-05,,,,110,All,Jerusalem,Cinema City,586
10:15,The Magic Faraway Tree,המסע המופלא לעץ הקסמים,https://tickets.cinema-city.co.il/order/835408?lang=en,https://tickets.cinema-city.co.il/order/835408?lang=he,Regular,2D,,Hebrew,2026-08-02,,,,110,All,Jerusalem,Cinema City,586
12:50,The Magic Faraway Tree,המסע המופלא לעץ הקסמים,https://tickets.cinema-city.co.il/order/835409?lang=en,https://tickets.cinema-city.co.il/order/835409?lang=he,Regular,2D,,Hebrew,2026-08-02,,,,110,All,Jerusalem,Cinema City,586
14:30,The Magic Faraway Tree,המסע המופלא לעץ הקסמים,https://tickets.cinema-city.co.il/order/835411?lang=en,https://tickets.cinema-city.co.il/order/835411?lang=he,Regular,2D,,Hebrew,2026-08-02,,,,110,All,Jerusalem,Cinema City,586
17:05,The Magic Faraway Tree,המסע המופלא לעץ הקסמים,https://tickets.cinema-city.co.il/order/835412?lang=en,https://tickets.cinema-city.co.il/order/835412?lang=he,Regular,2D,,Hebrew,2026-08-02,,,,110,All,Jerusalem,Cinema City,586
10:30,The Magic Faraway Tree,המסע המופלא לעץ הקסמים,https://tickets.cinema-city.co.il/order/835505?lang=en,https://tickets.cinema-city.co.il/order/835505?lang=he,Regular,2D,,Hebrew,2026-08-03,,,,110,All,Jerusalem,Cinema City,586
13:00,The Magic Faraway Tree,המסע המופלא לעץ הקסמים,https://tickets.cinema-city.co.il/order/835504?lang=en,https://tickets.cinema-city.co.il/order/835504?lang=he,Regular,2D,,Hebrew,2026-08-03,,,,110,All,Jerusalem,Cinema City,586
15:30,The Magic Faraway Tree,המסע המופלא לעץ הקסמים,https://tickets.cinema-city.co.il/order/835503?lang=en,https://tickets.cinema-city.co.il/order/835503?lang=he,Regular,2D,,Hebrew,2026-08-03,,,,110,All,Jerusalem,Cinema City,586
17:15,The Magic Faraway Tree,המסע המופלא לעץ הקסמים,https://tickets.cinema-city.co.il/order/835511?lang=en,https://tickets.cinema-city.co.il/order/835511?lang=he,Regular,2D,,Hebrew,2026-08-03,,,,110,All,Jerusalem,Cinema City,586
10:30,The Magic Faraway Tree,המסע המופלא לעץ הקסמים,https://tickets.cinema-city.co.il/order/835592?lang=en,https://tickets.cinema-city.co.il/order/835592?lang=he,Regular,2D,,Hebrew,2026-08-04,,,,110,All,Jerusalem,Cinema City,586
13:00,The Magic Faraway Tree,המסע המופלא לעץ הקסמים,https://tickets.cinema-city.co.il/order/835593?lang=en,https://tickets.cinema-city.co.il/order/835593?lang=he,Regular,2D,,Hebrew,2026-08-04,,,,110,All,Jerusalem,Cinema City,586
15:30,The Magic Faraway Tree,המסע המופלא לעץ הקסמים,https://tickets.cinema-city.co.il/order/835594?lang=en,https://tickets.cinema-city.co.il/order/835594?lang=he,Regular,2D,,Hebrew,2026-08-04,,,,110,All,Jerusalem,Cinema City,586
17:00,The Magic Faraway Tree,המסע המופלא לעץ הקסמים,https://tickets.cinema-city.co.il/order/835561?lang=en,https://tickets.cinema-city.co.il/order/835561?lang=he,Regular,2D,,Hebrew,2026-08-04,,,,110,All,Jerusalem,Cinema City,586
10:30,The Magic Faraway Tree,המסע המופלא לעץ הקסמים,https://tickets.cinema-city.co.il/order/835668?lang=en,https://tickets.cinema-city.co.il/order/835668?lang=he,Regular,2D,,Hebrew,2026-08-05,,,,110,All,Jerusalem,Cinema City,586
13:00,The Magic Faraway Tree,המסע המופלא לעץ הקסמים,https://tickets.cinema-city.co.il/order/835669?lang=en,https://tickets.cinema-city.co.il/order/835669?lang=he,Regular,2D,,Hebrew,2026-08-05,,,,110,All,Jerusalem,Cinema City,586
15:30,The Magic Faraway Tree,המסע המופלא לעץ הקסמים,https://tickets.cinema-city.co.il/order/835670?lang=en,https://tickets.cinema-city.co.il/order/835670?lang=he,Regular,2D,,Hebrew,2026-08-05,,,,110,All,Jerusalem,Cinema City,586
17:15,The Magic Faraway Tree,המסע המופלא לעץ הקסמים,https://tickets.cinema-city.co.il/order/835635?lang=en,https://tickets.cinema-city.co.il/order/835635?lang=he,Regular,2D,,Hebrew,2026-08-05,,,,110,All,Jerusalem,Cinema City,586
22:15,חינה אמריקאית,חינה אמריקאית,https://tickets.cinema-city.co.il/order/835373?lang=en,https://tickets.cinema-city.co.il/order/835373?lang=he,Regular,2D,,,2026-08-01,,,,89,All,Jerusalem,Cinema City,586
00:10,חינה אמריקאית,חינה אמריקאית,https://tickets.cinema-city.co.il/order/835383?lang=en,https://tickets.cinema-city.co.il/order/835383?lang=he,Regular,2D,,,2026-08-01,,,,89,All,Jerusalem,Cinema City,586
00:30,חינה אמריקאית,חינה אמריקאית,https://tickets.cinema-city.co.il/order/835374?lang=en,https://tickets.cinema-city.co.il/order/835374?lang=he,Regular,2D,,,2026-08-01,,,,89,All,Jerusalem,Cinema City,586
19:45,חינה אמריקאית,חינה אמריקאית,https://tickets.cinema-city.co.il/order/835441?lang=en,https://tickets.cinema-city.co.il/order/835441?lang=he,Regular,2D,,,2026-08-02,,,,89,All,Jerusalem,Cinema City,586
21:55,חינה אמריקאית,חינה אמריקאית,https://tickets.cinema-city.co.il/order/835442?lang=en,https://tickets.cinema-city.co.il/order/835442?lang=he,Regular,2D,,,2026-08-02,,,,89,All,Jerusalem,Cinema City,586
00:05,חינה אמריקאית,חינה אמריקאית,https://tickets.cinema-city.co.il/order/835443?lang=en,https://tickets.cinema-city.co.il/order/835443?lang=he,Regular,2D,,,2026-08-02,,,,89,All,Jerusalem,Cinema City,586
19:50,חינה אמריקאית,חינה אמריקאית,https://tickets.cinema-city.co.il/order/835483?lang=en,https://tickets.cinema-city.co.il/order/835483?lang=he,Regular,2D,,,2026-08-03,,,,89,All,Jerusalem,Cinema City,586
22:00,חינה אמריקאית,חינה אמריקאית,https://tickets.cinema-city.co.il/order/835472?lang=en,https://tickets.cinema-city.co.il/order/835472?lang=he,Regular,2D,,,2026-08-03,,,,89,All,Jerusalem,Cinema City,586
00:10,חינה אמריקאית,חינה אמריקאית,https://tickets.cinema-city.co.il/order/835481?lang=en,https://tickets.cinema-city.co.il/order/835481?lang=he,Regular,2D,,,2026-08-03,,,,89,All,Jerusalem,Cinema City,586
19:45,חינה אמריקאית,חינה אמריקאית,https://tickets.cinema-city.co.il/order/835583?lang=en,https://tickets.cinema-city.co.il/order/835583?lang=he,Regular,2D,,,2026-08-04,,,,89,All,Jerusalem,Cinema City,586
21:55,חינה אמריקאית,חינה אמריקאית,https://tickets.cinema-city.co.il/order/835597?lang=en,https://tickets.cinema-city.co.il/order/835597?lang=he,Regular,2D,,,2026-08-04,,,,89,All,Jerusalem,Cinema City,586
00:10,חינה אמריקאית,חינה אמריקאית,https://tickets.cinema-city.co.il/order/835575?lang=en,https://tickets.cinema-city.co.il/order/835575?lang=he,Regular,2D,,,2026-08-04,,,,89,All,Jerusalem,Cinema City,586
19:50,חינה אמריקאית,חינה אמריקאית,https://tickets.cinema-city.co.il/order/835657?lang=en,https://tickets.cinema-city.co.il/order/835657?lang=he,Regular,2D,,,2026-08-05,,,,89,All,Jerusalem,Cinema City,586
22:00,חינה אמריקאית,חינה אמריקאית,https://tickets.cinema-city.co.il/order/835673?lang=en,https://tickets.cinema-city.co.il/order/835673?lang=he,Regular,2D,,,2026-08-05,,,,89,All,Jerusalem,Cinema City,586
00:10,חינה אמריקאית,חינה אמריקאית,https://tickets.cinema-city.co.il/order/835650?lang=en,https://tickets.cinema-city.co.il/order/835650?lang=he,Regular,2D,,,2026-08-05,,,,89,All,Jerusalem,Cinema City,586
19:50,חינה אמריקאית,חינה אמריקאית,https://tickets.cinema-city.co.il/order/835657?lang=en,https://tickets.cinema-city.co.il/order/835657?lang=he,Regular,2D,,,2026-08-06,,,,89,All,Jerusalem,Cinema City,586
22:00,חינה אמריקאית,חינה אמריקאית,https://tickets.cinema-city.co.il/order/835673?lang=en,https://tickets.cinema-city.co.il/order/835673?lang=he,Regular,2D,,,2026-08-06,,,,89,All,Jerusalem,Cinema City,586
00:10,חינה אמריקאית,חינה אמריקאית,https://tickets.cinema-city.co.il/order/835650?lang=en,https://tickets.cinema-city.co.il/order/835650?lang=he,Regular,2D,,,2026-08-06,,,,89,All,Jerusalem,Cinema City,586
10:00,Tafiti: Across the Desert,טפיטי: הרפתקה במדבר,https://tickets.cinema-city.co.il/order/835422?lang=en,https://tickets.cinema-city.co.il/order/835422?lang=he,Regular,2D,,Hebrew,2026-08-02,,,,81,9+,Jerusalem,Cinema City,586
12:20,Tafiti: Across the Desert,טפיטי: הרפתקה במדבר,https://tickets.cinema-city.co.il/order/835460?lang=en,https://tickets.cinema-city.co.il/order/835460?lang=he,Regular,2D,,Hebrew,2026-08-02,,,,81,9+,Jerusalem,Cinema City,586
10:10,Tafiti: Across the Desert,טפיטי: הרפתקה במדבר,https://tickets.cinema-city.co.il/order/835543?lang=en,https://tickets.cinema-city.co.il/order/835543?lang=he,Regular,2D,,Hebrew,2026-08-03,,,,81,9+,Jerusalem,Cinema City,586
12:50,Tafiti: Across the Desert,טפיטי: הרפתקה במדבר,https://tickets.cinema-city.co.il/order/835497?lang=en,https://tickets.cinema-city.co.il/order/835497?lang=he,Regular,2D,,Hebrew,2026-08-03,,,,81,9+,Jerusalem,Cinema City,586
10:10,Tafiti: Across the Desert,טפיטי: הרפתקה במדבר,https://tickets.cinema-city.co.il/order/835564?lang=en,https://tickets.cinema-city.co.il/order/835564?lang=he,Regular,2D,,Hebrew,2026-08-04,,,,81,9+,Jerusalem,Cinema City,586
10:15,Tafiti: Across the Desert,טפיטי: הרפתקה במדבר,https://tickets.cinema-city.co.il/order/835638?lang=en,https://tickets.cinema-city.co.il/order/835638?lang=he,Regular,2D,,Hebrew,2026-08-05,,,,81,9+,Jerusalem,Cinema City,586
12:45,Tafiti: Across the Desert,טפיטי: הרפתקה במדבר,https://tickets.cinema-city.co.il/order/835675?lang=en,https://tickets.cinema-city.co.il/order/835675?lang=he,Regular,2D,,Hebrew,2026-08-05,,,,81,9+,Jerusalem,Cinema City,586
23:30,Cuz You're Ugly,כי את מכוערת,https://tickets.cinema-city.co.il/order/835380?lang=en,https://tickets.cinema-city.co.il/order/835380?lang=he,Regular,2D,,,2026-08-01,,,,83,12+,Jerusalem,Cinema City,586
21:00,Cuz You're Ugly,כי את מכוערת,https://tickets.cinema-city.co.il/order/835456?lang=en,https://tickets.cinema-city.co.il/order/835456?lang=he,Regular,2D,,,2026-08-02,,,,83,12+,Jerusalem,Cinema City,586
23:10,Cuz You're Ugly,כי את מכוערת,https://tickets.cinema-city.co.il/order/835457?lang=en,https://tickets.cinema-city.co.il/order/835457?lang=he,Regular,2D,,,2026-08-02,,,,83,12+,Jerusalem,Cinema City,586
23:10,Cuz You're Ugly,כי את מכוערת,https://tickets.cinema-city.co.il/order/835500?lang=en,https://tickets.cinema-city.co.il/order/835500?lang=he,Regular,2D,,,2026-08-03,,,,83,12+,Jerusalem,Cinema City,586
16:00,Cuz You're Ugly,כי את מכוערת,https://tickets.cinema-city.co.il/order/835616?lang=en,https://tickets.cinema-city.co.il/order/835616?lang=he,Regular,2D,,,2026-08-04,,,,83,12+,Jerusalem,Cinema City,586
19:55,Cuz You're Ugly,כי את מכוערת,https://tickets.cinema-city.co.il/order/835596?lang=en,https://tickets.cinema-city.co.il/order/835596?lang=he,Regular,2D,,,2026-08-04,,,,83,12+,Jerusalem,Cinema City,586
23:40,Cuz You're Ugly,כי את מכוערת,https://tickets.cinema-city.co.il/order/835615?lang=en,https://tickets.cinema-city.co.il/order/835615?lang=he,Regular,2D,,,2026-08-04,,,,83,12+,Jerusalem,Cinema City,586
10:10,MASHA & THE BEAR – WONDER PARK,מאשה והדוב-ההרפתקה הגדולה,https://tickets.cinema-city.co.il/order/835470?lang=en,https://tickets.cinema-city.co.il/order/835470?lang=he,Regular,2D,,Hebrew,2026-08-02,,,,73,All,Jerusalem,Cinema City,586
13:00,MASHA & THE BEAR – WONDER PARK,מאשה והדוב-ההרפתקה הגדולה,https://tickets.cinema-city.co.il/order/835450?lang=en,https://tickets.cinema-city.co.il/order/835450?lang=he,Regular,2D,,Hebrew,2026-08-02,,,,73,All,Jerusalem,Cinema City,586
13:30,MASHA & THE BEAR – WONDER PARK,מאשה והדוב-ההרפתקה הגדולה,https://tickets.cinema-city.co.il/order/835474?lang=en,https://tickets.cinema-city.co.il/order/835474?lang=he,Regular,2D,,Hebrew,2026-08-03,,,,73,All,Jerusalem,Cinema City,586
15:30,MASHA & THE BEAR – WONDER PARK,מאשה והדוב-ההרפתקה הגדולה,https://tickets.cinema-city.co.il/order/835546?lang=en,https://tickets.cinema-city.co.il/order/835546?lang=he,Regular,2D,,Hebrew,2026-08-03,,,,73,All,Jerusalem,Cinema City,586
11:10,MASHA & THE BEAR – WONDER PARK,מאשה והדוב-ההרפתקה הגדולה,https://tickets.cinema-city.co.il/order/835619?lang=en,https://tickets.cinema-city.co.il/order/835619?lang=he,Regular,2D,,Hebrew,2026-08-04,,,,73,All,Jerusalem,Cinema City,586
13:10,MASHA & THE BEAR – WONDER PARK,מאשה והדוב-ההרפתקה הגדולה,https://tickets.cinema-city.co.il/order/835589?lang=en,https://tickets.cinema-city.co.il/order/835589?lang=he,Regular,2D,,Hebrew,2026-08-04,,,,73,All,Jerusalem,Cinema City,586
13:20,MASHA & THE BEAR – WONDER PARK,מאשה והדוב-ההרפתקה הגדולה,https://tickets.cinema-city.co.il/order/835664?lang=en,https://tickets.cinema-city.co.il/order/835664?lang=he,Regular,2D,,Hebrew,2026-08-05,,,,73,All,Jerusalem,Cinema City,586
12:10,Moana (Live Action),מואנה (לייב אקשן),https://tickets.cinema-city.co.il/order/835427?lang=en,https://tickets.cinema-city.co.il/order/835427?lang=he,Regular,2D,,Hebrew,2026-08-02,,,,115,All,Jerusalem,Cinema City,586
14:40,Moana (Live Action),מואנה (לייב אקשן),https://tickets.cinema-city.co.il/order/835426?lang=en,https://tickets.cinema-city.co.il/order/835426?lang=he,Regular,2D,,Hebrew,2026-08-02,,,,115,All,Jerusalem,Cinema City,586
17:10,Moana (Live Action),מואנה (לייב אקשן),https://tickets.cinema-city.co.il/order/835425?lang=en,https://tickets.cinema-city.co.il/order/835425?lang=he,Regular,2D,,Hebrew,2026-08-02,,,,115,All,Jerusalem,Cinema City,586
12:10,Moana (Live Action),מואנה (לייב אקשן),https://tickets.cinema-city.co.il/order/835518?lang=en,https://tickets.cinema-city.co.il/order/835518?lang=he,Regular,2D,,Hebrew,2026-08-03,,,,115,All,Jerusalem,Cinema City,586
14:40,Moana (Live Action),מואנה (לייב אקשן),https://tickets.cinema-city.co.il/order/835519?lang=en,https://tickets.cinema-city.co.il/order/835519?lang=he,Regular,2D,,Hebrew,2026-08-03,,,,115,All,Jerusalem,Cinema City,586
17:10,Moana (Live Action),מואנה (לייב אקשן),https://tickets.cinema-city.co.il/order/835520?lang=en,https://tickets.cinema-city.co.il/order/835520?lang=he,Regular,2D,,Hebrew,2026-08-03,,,,115,All,Jerusalem,Cinema City,586
12:10,Moana (Live Action),מואנה (לייב אקשן),https://tickets.cinema-city.co.il/order/835547?lang=en,https://tickets.cinema-city.co.il/order/835547?lang=he,Regular,2D,,Hebrew,2026-08-04,,,,115,All,Jerusalem,Cinema City,586
14:40,Moana (Live Action),מואנה (לייב אקשן),https://tickets.cinema-city.co.il/order/835555?lang=en,https://tickets.cinema-city.co.il/order/835555?lang=he,Regular,2D,,Hebrew,2026-08-04,,,,115,All,Jerusalem,Cinema City,586
17:10,Moana (Live Action),מואנה (לייב אקשן),https://tickets.cinema-city.co.il/order/835554?lang=en,https://tickets.cinema-city.co.il/order/835554?lang=he,Regular,2D,,Hebrew,2026-08-04,,,,115,All,Jerusalem,Cinema City,586
10:45,Moana (Live Action),מואנה (לייב אקשן),https://tickets.cinema-city.co.il/order/835687?lang=en,https://tickets.cinema-city.co.il/order/835687?lang=he,Regular,2D,,Hebrew,2026-08-05,,,,115,All,Jerusalem,Cinema City,586
11:45,Moana (Live Action),מואנה (לייב אקשן),https://tickets.cinema-city.co.il/order/835620?lang=en,https://tickets.cinema-city.co.il/order/835620?lang=he,Regular,2D,,Hebrew,2026-08-05,,,,115,All,Jerusalem,Cinema City,586
14:20,Moana (Live Action),מואנה (לייב אקשן),https://tickets.cinema-city.co.il/order/835629?lang=en,https://tickets.cinema-city.co.il/order/835629?lang=he,Regular,2D,,Hebrew,2026-08-05,,,,115,All,Jerusalem,Cinema City,586
17:10,Moana (Live Action),מואנה (לייב אקשן),https://tickets.cinema-city.co.il/order/835628?lang=en,https://tickets.cinema-city.co.il/order/835628?lang=he,Regular,2D,,Hebrew,2026-08-05,,,,115,All,Jerusalem,Cinema City,586
21:10,Motor City,מוטור סיטי,https://tickets.cinema-city.co.il/order/835376?lang=en,https://tickets.cinema-city.co.il/order/835376?lang=he,Regular,2D,,,2026-08-01,,,,103,16+,Jerusalem,Cinema City,586
23:40,Motor City,מוטור סיטי,https://tickets.cinema-city.co.il/order/835377?lang=en,https://tickets.cinema-city.co.il/order/835377?lang=he,Regular,2D,,,2026-08-01,,,,103,16+,Jerusalem,Cinema City,586
20:50,Motor City,מוטור סיטי,https://tickets.cinema-city.co.il/order/835444?lang=en,https://tickets.cinema-city.co.il/order/835444?lang=he,Regular,2D,,,2026-08-02,,,,103,16+,Jerusalem,Cinema City,586
23:15,Motor City,מוטור סיטי,https://tickets.cinema-city.co.il/order/835452?lang=en,https://tickets.cinema-city.co.il/order/835452?lang=he,Regular,2D,,,2026-08-02,,,,103,16+,Jerusalem,Cinema City,586
19:05,Motor City,מוטור סיטי,https://tickets.cinema-city.co.il/order/835480?lang=en,https://tickets.cinema-city.co.il/order/835480?lang=he,Regular,2D,,,2026-08-03,,,,103,16+,Jerusalem,Cinema City,586
21:35,Motor City,מוטור סיטי,https://tickets.cinema-city.co.il/order/835482?lang=en,https://tickets.cinema-city.co.il/order/835482?lang=he,Regular,2D,,,2026-08-03,,,,103,16+,Jerusalem,Cinema City,586
00:05,Motor City,מוטור סיטי,https://tickets.cinema-city.co.il/order/835537?lang=en,https://tickets.cinema-city.co.il/order/835537?lang=he,Regular,2D,,,2026-08-03,,,,103,16+,Jerusalem,Cinema City,586
19:30,Motor City,מוטור סיטי,https://tickets.cinema-city.co.il/order/835585?lang=en,https://tickets.cinema-city.co.il/order/835585?lang=he,Regular,2D,,,2026-08-04,,,,103,16+,Jerusalem,Cinema City,586
23:45,Motor City,מוטור סיטי,https://tickets.cinema-city.co.il/order/835617?lang=en,https://tickets.cinema-city.co.il/order/835617?lang=he,Regular,2D,,,2026-08-04,,,,103,16+,Jerusalem,Cinema City,586
20:30,Motor City,מוטור סיטי,https://tickets.cinema-city.co.il/order/835642?lang=en,https://tickets.cinema-city.co.il/order/835642?lang=he,Regular,2D,,,2026-08-05,,,,103,16+,Jerusalem,Cinema City,586
23:00,Motor City,מוטור סיטי,https://tickets.cinema-city.co.il/order/835683?lang=en,https://tickets.cinema-city.co.il/order/835683?lang=he,Regular,2D,,,2026-08-05,,,,103,16+,Jerusalem,Cinema City,586
14:50,School of Magical Animals 3,סוד החיות הקסומות 3,https://tickets.cinema-city.co.il/order/835521?lang=en,https://tickets.cinema-city.co.il/order/835521?lang=he,Regular,2D,,Hebrew,2026-08-03,,,,105,All,Jerusalem,Cinema City,586
10:10,School of Magical Animals 3,סוד החיות הקסומות 3,https://tickets.cinema-city.co.il/order/835600?lang=en,https://tickets.cinema-city.co.il/order/835600?lang=he,Regular,2D,,Hebrew,2026-08-04,,,,105,All,Jerusalem,Cinema City,586
17:20,School of Magical Animals 3,סוד החיות הקסומות 3,https://tickets.cinema-city.co.il/order/835553?lang=en,https://tickets.cinema-city.co.il/order/835553?lang=he,Regular,2D,,Hebrew,2026-08-04,,,,105,All,Jerusalem,Cinema City,586
14:50,School of Magical Animals 3,סוד החיות הקסומות 3,https://tickets.cinema-city.co.il/order/835626?lang=en,https://tickets.cinema-city.co.il/order/835626?lang=he,Regular,2D,,Hebrew,2026-08-05,,,,105,All,Jerusalem,Cinema City,586
10:30,סולטיז הסרט,סולטיז הסרט-וולוג ה-100,https://tickets.cinema-city.co.il/order/835451?lang=en,https://tickets.cinema-city.co.il/order/835451?lang=he,Regular,2D,,,2026-08-02,,,,100,All,Jerusalem,Cinema City,586
15:00,סולטיז הסרט,סולטיז הסרט-וולוג ה-100,https://tickets.cinema-city.co.il/order/835449?lang=en,https://tickets.cinema-city.co.il/order/835449?lang=he,Regular,2D,,,2026-08-02,,,,100,All,Jerusalem,Cinema City,586
17:25,סולטיז הסרט,סולטיז הסרט-וולוג ה-100,https://tickets.cinema-city.co.il/order/835448?lang=en,https://tickets.cinema-city.co.il/order/835448?lang=he,Regular,2D,,,2026-08-02,,,,100,All,Jerusalem,Cinema City,586
12:00,סולטיז הסרט,סולטיז הסרט-וולוג ה-100,https://tickets.cinema-city.co.il/order/835473?lang=en,https://tickets.cinema-city.co.il/order/835473?lang=he,Regular,2D,,,2026-08-03,,,,100,All,Jerusalem,Cinema City,586
14:30,סולטיז הסרט,סולטיז הסרט-וולוג ה-100,https://tickets.cinema-city.co.il/order/835475?lang=en,https://tickets.cinema-city.co.il/order/835475?lang=he,Regular,2D,,,2026-08-03,,,,100,All,Jerusalem,Cinema City,586
17:30,סולטיז הסרט,סולטיז הסרט-וולוג ה-100,https://tickets.cinema-city.co.il/order/835476?lang=en,https://tickets.cinema-city.co.il/order/835476?lang=he,Regular,2D,,,2026-08-03,,,,100,All,Jerusalem,Cinema City,586
18:00,סולטיז הסרט,סולטיז הסרט-וולוג ה-100,https://tickets.cinema-city.co.il/order/835588?lang=en,https://tickets.cinema-city.co.il/order/835588?lang=he,Regular,2D,,,2026-08-04,,,,100,All,Jerusalem,Cinema City,586
12:20,סולטיז הסרט,סולטיז הסרט-וולוג ה-100,https://tickets.cinema-city.co.il/order/835665?lang=en,https://tickets.cinema-city.co.il/order/835665?lang=he,Regular,2D,,,2026-08-05,,,,100,All,Jerusalem,Cinema City,586
14:45,סולטיז הסרט,סולטיז הסרט-וולוג ה-100,https://tickets.cinema-city.co.il/order/835663?lang=en,https://tickets.cinema-city.co.il/order/835663?lang=he,Regular,2D,,,2026-08-05,,,,100,All,Jerusalem,Cinema City,586
17:30,סולטיז הסרט,סולטיז הסרט-וולוג ה-100,https://tickets.cinema-city.co.il/order/835662?lang=en,https://tickets.cinema-city.co.il/order/835662?lang=he,Regular,2D,,,2026-08-05,,,,100,All,Jerusalem,Cinema City,586
10:10,Three Wishes for Cinderella,סינדרלה ושלוש המשאלות,https://tickets.cinema-city.co.il/order/835462?lang=en,https://tickets.cinema-city.co.il/order/835462?lang=he,Regular,2D,,Hebrew,2026-08-02,,,,85,All,Jerusalem,Cinema City,586
14:40,Three Wishes for Cinderella,סינדרלה ושלוש המשאלות,https://tickets.cinema-city.co.il/order/835424?lang=en,https://tickets.cinema-city.co.il/order/835424?lang=he,Regular,2D,,Hebrew,2026-08-02,,,,85,All,Jerusalem,Cinema City,586
10:40,Three Wishes for Cinderella,סינדרלה ושלוש המשאלות,https://tickets.cinema-city.co.il/order/835542?lang=en,https://tickets.cinema-city.co.il/order/835542?lang=he,Regular,2D,,Hebrew,2026-08-03,,,,85,All,Jerusalem,Cinema City,586
15:10,Three Wishes for Cinderella,סינדרלה ושלוש המשאלות,https://tickets.cinema-city.co.il/order/835565?lang=en,https://tickets.cinema-city.co.il/order/835565?lang=he,Regular,2D,,Hebrew,2026-08-04,,,,85,All,Jerusalem,Cinema City,586
10:20,Three Wishes for Cinderella,סינדרלה ושלוש המשאלות,https://tickets.cinema-city.co.il/order/835627?lang=en,https://tickets.cinema-city.co.il/order/835627?lang=he,Regular,2D,,Hebrew,2026-08-05,,,,85,All,Jerusalem,Cinema City,586
15:25,Three Wishes for Cinderella,סינדרלה ושלוש המשאלות,https://tickets.cinema-city.co.il/order/835639?lang=en,https://tickets.cinema-city.co.il/order/835639?lang=he,Regular,2D,,Hebrew,2026-08-05,,,,85,All,Jerusalem,Cinema City,586
21:20,SPIDERMAN: BRAND NEW DAY,ספיידרמן: יום חדש,https://tickets.cinema-city.co.il/order/814102?lang=en,https://tickets.cinema-city.co.il/order/814102?lang=he,Regular,2D,,,2026-08-01,,,,135,All,Jerusalem,Cinema City,586
22:10,SPIDERMAN: BRAND NEW DAY,ספיידרמן: יום חדש,https://tickets.cinema-city.co.il/order/814103?lang=en,https://tickets.cinema-city.co.il/order/814103?lang=he,Regular,2D,,,2026-08-01,,,,135,All,Jerusalem,Cinema City,586
23:00,SPIDERMAN: BRAND NEW DAY,ספיידרמן: יום חדש,https://tickets.cinema-city.co.il/order/835379?lang=en,https://tickets.cinema-city.co.il/order/835379?lang=he,Regular,2D,,,2026-08-01,,,,135,All,Jerusalem,Cinema City,586
00:10,SPIDERMAN: BRAND NEW DAY,ספיידרמן: יום חדש,https://tickets.cinema-city.co.il/order/835378?lang=en,https://tickets.cinema-city.co.il/order/835378?lang=he,Regular,2D,,,2026-08-01,,,,135,All,Jerusalem,Cinema City,586
10:30,SPIDERMAN: BRAND NEW DAY,ספיידרמן: יום חדש,https://tickets.cinema-city.co.il/order/835418?lang=en,https://tickets.cinema-city.co.il/order/835418?lang=he,Regular,2D,,,2026-08-02,,,,135,All,Jerusalem,Cinema City,586
11:30,SPIDERMAN: BRAND NEW DAY,ספיידרמן: יום חדש,https://tickets.cinema-city.co.il/order/835421?lang=en,https://tickets.cinema-city.co.il/order/835421?lang=he,Regular,2D,,,2026-08-02,,,,135,All,Jerusalem,Cinema City,586
12:15,SPIDERMAN: BRAND NEW DAY,ספיידרמן: יום חדש,https://tickets.cinema-city.co.il/order/835393?lang=en,https://tickets.cinema-city.co.il/order/835393?lang=he,Regular,2D,,,2026-08-02,,,,135,All,Jerusalem,Cinema City,586
13:50,SPIDERMAN: BRAND NEW DAY,ספיידרמן: יום חדש,https://tickets.cinema-city.co.il/order/835417?lang=en,https://tickets.cinema-city.co.il/order/835417?lang=he,Regular,2D,,,2026-08-02,,,,135,All,Jerusalem,Cinema City,586
14:50,SPIDERMAN: BRAND NEW DAY,ספיידרמן: יום חדש,https://tickets.cinema-city.co.il/order/835420?lang=en,https://tickets.cinema-city.co.il/order/835420?lang=he,Regular,2D,,,2026-08-02,,,,135,All,Jerusalem,Cinema City,586
15:40,SPIDERMAN: BRAND NEW DAY,ספיידרמן: יום חדש,https://tickets.cinema-city.co.il/order/835392?lang=en,https://tickets.cinema-city.co.il/order/835392?lang=he,Regular,2D,,,2026-08-02,,,,135,All,Jerusalem,Cinema City,586
17:10,SPIDERMAN: BRAND NEW DAY,ספיידרמן: יום חדש,https://tickets.cinema-city.co.il/order/835416?lang=en,https://tickets.cinema-city.co.il/order/835416?lang=he,Regular,2D,,,2026-08-02,,,,135,All,Jerusalem,Cinema City,586
18:10,SPIDERMAN: BRAND NEW DAY,ספיידרמן: יום חדש,https://tickets.cinema-city.co.il/order/835419?lang=en,https://tickets.cinema-city.co.il/order/835419?lang=he,Regular,2D,,,2026-08-02,,,,135,All,Jerusalem,Cinema City,586
19:05,SPIDERMAN: BRAND NEW DAY,ספיידרמן: יום חדש,https://tickets.cinema-city.co.il/order/835389?lang=en,https://tickets.cinema-city.co.il/order/835389?lang=he,Regular,2D,,,2026-08-02,,,,135,All,Jerusalem,Cinema City,586
20:20,SPIDERMAN: BRAND NEW DAY,ספיידרמן: יום חדש,https://tickets.cinema-city.co.il/order/835413?lang=en,https://tickets.cinema-city.co.il/order/835413?lang=he,Regular,2D,,,2026-08-02,,,,135,All,Jerusalem,Cinema City,586
21:30,SPIDERMAN: BRAND NEW DAY,ספיידרמן: יום חדש,https://tickets.cinema-city.co.il/order/835438?lang=en,https://tickets.cinema-city.co.il/order/835438?lang=he,Regular,2D,,,2026-08-02,,,,135,All,Jerusalem,Cinema City,586
22:30,SPIDERMAN: BRAND NEW DAY,ספיידרמן: יום חדש,https://tickets.cinema-city.co.il/order/835391?lang=en,https://tickets.cinema-city.co.il/order/835391?lang=he,Regular,2D,,,2026-08-02,,,,135,All,Jerusalem,Cinema City,586
23:40,SPIDERMAN: BRAND NEW DAY,ספיידרמן: יום חדש,https://tickets.cinema-city.co.il/order/835439?lang=en,https://tickets.cinema-city.co.il/order/835439?lang=he,Regular,2D,,,2026-08-02,,,,135,All,Jerusalem,Cinema City,586
10:50,SPIDERMAN: BRAND NEW DAY,ספיידרמן: יום חדש,https://tickets.cinema-city.co.il/order/835533?lang=en,https://tickets.cinema-city.co.il/order/835533?lang=he,Regular,2D,,,2026-08-03,,,,135,All,Jerusalem,Cinema City,586
12:00,SPIDERMAN: BRAND NEW DAY,ספיידרמן: יום חדש,https://tickets.cinema-city.co.il/order/835522?lang=en,https://tickets.cinema-city.co.il/order/835522?lang=he,Regular,2D,,,2026-08-03,,,,135,All,Jerusalem,Cinema City,586
14:10,SPIDERMAN: BRAND NEW DAY,ספיידרמן: יום חדש,https://tickets.cinema-city.co.il/order/835531?lang=en,https://tickets.cinema-city.co.il/order/835531?lang=he,Regular,2D,,,2026-08-03,,,,135,All,Jerusalem,Cinema City,586
15:20,SPIDERMAN: BRAND NEW DAY,ספיידרמן: יום חדש,https://tickets.cinema-city.co.il/order/835523?lang=en,https://tickets.cinema-city.co.il/order/835523?lang=he,Regular,2D,,,2026-08-03,,,,135,All,Jerusalem,Cinema City,586
17:00,SPIDERMAN: BRAND NEW DAY,ספיידרמן: יום חדש,https://tickets.cinema-city.co.il/order/835530?lang=en,https://tickets.cinema-city.co.il/order/835530?lang=he,Regular,2D,,,2026-08-03,,,,135,All,Jerusalem,Cinema City,586
18:40,SPIDERMAN: BRAND NEW DAY,ספיידרמן: יום חדש,https://tickets.cinema-city.co.il/order/835524?lang=en,https://tickets.cinema-city.co.il/order/835524?lang=he,Regular,2D,,,2026-08-03,,,,135,All,Jerusalem,Cinema City,586
19:50,SPIDERMAN: BRAND NEW DAY,ספיידרמן: יום חדש,https://tickets.cinema-city.co.il/order/835527?lang=en,https://tickets.cinema-city.co.il/order/835527?lang=he,Regular,2D,,,2026-08-03,,,,135,All,Jerusalem,Cinema City,586
20:50,SPIDERMAN: BRAND NEW DAY,ספיידרמן: יום חדש,https://tickets.cinema-city.co.il/order/835529?lang=en,https://tickets.cinema-city.co.il/order/835529?lang=he,Regular,2D,,,2026-08-03,,,,135,All,Jerusalem,Cinema City,586
22:00,SPIDERMAN: BRAND NEW DAY,ספיידרמן: יום חדש,https://tickets.cinema-city.co.il/order/835486?lang=en,https://tickets.cinema-city.co.il/order/835486?lang=he,Regular,2D,,,2026-08-03,,,,135,All,Jerusalem,Cinema City,586
23:10,SPIDERMAN: BRAND NEW DAY,ספיידרמן: יום חדש,https://tickets.cinema-city.co.il/order/835485?lang=en,https://tickets.cinema-city.co.il/order/835485?lang=he,Regular,2D,,,2026-08-03,,,,135,All,Jerusalem,Cinema City,586
10:20,SPIDERMAN: BRAND NEW DAY,ספיידרמן: יום חדש,https://tickets.cinema-city.co.il/order/835570?lang=en,https://tickets.cinema-city.co.il/order/835570?lang=he,Regular,2D,,,2026-08-04,,,,135,All,Jerusalem,Cinema City,586
12:00,SPIDERMAN: BRAND NEW DAY,ספיידרמן: יום חדש,https://tickets.cinema-city.co.il/order/835552?lang=en,https://tickets.cinema-city.co.il/order/835552?lang=he,Regular,2D,,,2026-08-04,,,,135,All,Jerusalem,Cinema City,586
13:40,SPIDERMAN: BRAND NEW DAY,ספיידרמן: יום חדש,https://tickets.cinema-city.co.il/order/835572?lang=en,https://tickets.cinema-city.co.il/order/835572?lang=he,Regular,2D,,,2026-08-04,,,,135,All,Jerusalem,Cinema City,586
15:20,SPIDERMAN: BRAND NEW DAY,ספיידרמן: יום חדש,https://tickets.cinema-city.co.il/order/835551?lang=en,https://tickets.cinema-city.co.il/order/835551?lang=he,Regular,2D,,,2026-08-04,,,,135,All,Jerusalem,Cinema City,586
17:00,SPIDERMAN: BRAND NEW DAY,ספיידרמן: יום חדש,https://tickets.cinema-city.co.il/order/835573?lang=en,https://tickets.cinema-city.co.il/order/835573?lang=he,Regular,2D,,,2026-08-04,,,,135,All,Jerusalem,Cinema City,586
18:40,SPIDERMAN: BRAND NEW DAY,ספיידרמן: יום חדש,https://tickets.cinema-city.co.il/order/835550?lang=en,https://tickets.cinema-city.co.il/order/835550?lang=he,Regular,2D,,,2026-08-04,,,,135,All,Jerusalem,Cinema City,586
19:15,SPIDERMAN: BRAND NEW DAY,ספיידרמן: יום חדש,https://tickets.cinema-city.co.il/order/835556?lang=en,https://tickets.cinema-city.co.il/order/835556?lang=he,Regular,2D,,,2026-08-04,,,,135,All,Jerusalem,Cinema City,586
20:20,SPIDERMAN: BRAND NEW DAY,ספיידרמן: יום חדש,https://tickets.cinema-city.co.il/order/835605?lang=en,https://tickets.cinema-city.co.il/order/835605?lang=he,Regular,2D,,,2026-08-04,,,,135,All,Jerusalem,Cinema City,586
22:00,SPIDERMAN: BRAND NEW DAY,ספיידרמן: יום חדש,https://tickets.cinema-city.co.il/order/835580?lang=en,https://tickets.cinema-city.co.il/order/835580?lang=he,Regular,2D,,,2026-08-04,,,,135,All,Jerusalem,Cinema City,586
22:40,SPIDERMAN: BRAND NEW DAY,ספיידרמן: יום חדש,https://tickets.cinema-city.co.il/order/835581?lang=en,https://tickets.cinema-city.co.il/order/835581?lang=he,Regular,2D,,,2026-08-04,,,,135,All,Jerusalem,Cinema City,586
10:50,SPIDERMAN: BRAND NEW DAY,ספיידרמן: יום חדש,https://tickets.cinema-city.co.il/order/835644?lang=en,https://tickets.cinema-city.co.il/order/835644?lang=he,Regular,2D,,,2026-08-05,,,,135,All,Jerusalem,Cinema City,586
12:00,SPIDERMAN: BRAND NEW DAY,ספיידרמן: יום חדש,https://tickets.cinema-city.co.il/order/835625?lang=en,https://tickets.cinema-city.co.il/order/835625?lang=he,Regular,2D,,,2026-08-05,,,,135,All,Jerusalem,Cinema City,586
14:10,SPIDERMAN: BRAND NEW DAY,ספיידרמן: יום חדש,https://tickets.cinema-city.co.il/order/835646?lang=en,https://tickets.cinema-city.co.il/order/835646?lang=he,Regular,2D,,,2026-08-05,,,,135,All,Jerusalem,Cinema City,586
15:20,SPIDERMAN: BRAND NEW DAY,ספיידרמן: יום חדש,https://tickets.cinema-city.co.il/order/835624?lang=en,https://tickets.cinema-city.co.il/order/835624?lang=he,Regular,2D,,,2026-08-05,,,,135,All,Jerusalem,Cinema City,586
17:30,SPIDERMAN: BRAND NEW DAY,ספיידרמן: יום חדש,https://tickets.cinema-city.co.il/order/835647?lang=en,https://tickets.cinema-city.co.il/order/835647?lang=he,Regular,2D,,,2026-08-05,,,,135,All,Jerusalem,Cinema City,586
18:40,SPIDERMAN: BRAND NEW DAY,ספיידרמן: יום חדש,https://tickets.cinema-city.co.il/order/835623?lang=en,https://tickets.cinema-city.co.il/order/835623?lang=he,Regular,2D,,,2026-08-05,,,,135,All,Jerusalem,Cinema City,586
19:50,SPIDERMAN: BRAND NEW DAY,ספיידרמן: יום חדש,https://tickets.cinema-city.co.il/order/835630?lang=en,https://tickets.cinema-city.co.il/order/835630?lang=he,Regular,2D,,,2026-08-05,,,,135,All,Jerusalem,Cinema City,586
20:50,SPIDERMAN: BRAND NEW DAY,ספיידרמן: יום חדש,https://tickets.cinema-city.co.il/order/835648?lang=en,https://tickets.cinema-city.co.il/order/835648?lang=he,Regular,2D,,,2026-08-05,,,,135,All,Jerusalem,Cinema City,586
22:00,SPIDERMAN: BRAND NEW DAY,ספיידרמן: יום חדש,https://tickets.cinema-city.co.il/order/835654?lang=en,https://tickets.cinema-city.co.il/order/835654?lang=he,Regular,2D,,,2026-08-05,,,,135,All,Jerusalem,Cinema City,586
23:10,SPIDERMAN: BRAND NEW DAY,ספיידרמן: יום חדש,https://tickets.cinema-city.co.il/order/835655?lang=en,https://tickets.cinema-city.co.il/order/835655?lang=he,Regular,2D,,,2026-08-05,,,,135,All,Jerusalem,Cinema City,586
21:00,סרט כחול לבן,סרט כחול לבן,https://tickets.cinema-city.co.il/order/835387?lang=en,https://tickets.cinema-city.co.il/order/835387?lang=he,Regular,2D,,,2026-08-01,,,,86,14+,Jerusalem,Cinema City,586
21:55,סרט כחול לבן,סרט כחול לבן,https://tickets.cinema-city.co.il/order/835458?lang=en,https://tickets.cinema-city.co.il/order/835458?lang=he,Regular,2D,,,2026-08-02,,,,86,14+,Jerusalem,Cinema City,586
00:05,סרט כחול לבן,סרט כחול לבן,https://tickets.cinema-city.co.il/order/835459?lang=en,https://tickets.cinema-city.co.il/order/835459?lang=he,Regular,2D,,,2026-08-02,,,,86,14+,Jerusalem,Cinema City,586
21:00,סרט כחול לבן,סרט כחול לבן,https://tickets.cinema-city.co.il/order/835499?lang=en,https://tickets.cinema-city.co.il/order/835499?lang=he,Regular,2D,,,2026-08-03,,,,86,14+,Jerusalem,Cinema City,586
00:10,סרט כחול לבן,סרט כחול לבן,https://tickets.cinema-city.co.il/order/835498?lang=en,https://tickets.cinema-city.co.il/order/835498?lang=he,Regular,2D,,,2026-08-03,,,,86,14+,Jerusalem,Cinema City,586
22:00,סרט כחול לבן,סרט כחול לבן,https://tickets.cinema-city.co.il/order/835598?lang=en,https://tickets.cinema-city.co.il/order/835598?lang=he,Regular,2D,,,2026-08-04,,,,86,14+,Jerusalem,Cinema City,586
00:10,סרט כחול לבן,סרט כחול לבן,https://tickets.cinema-city.co.il/order/835603?lang=en,https://tickets.cinema-city.co.il/order/835603?lang=he,Regular,2D,,,2026-08-04,,,,86,14+,Jerusalem,Cinema City,586
20:30,סרט כחול לבן,סרט כחול לבן,https://tickets.cinema-city.co.il/order/835674?lang=en,https://tickets.cinema-city.co.il/order/835674?lang=he,Regular,2D,,,2026-08-05,,,,86,14+,Jerusalem,Cinema City,586
22:40,סרט כחול לבן,סרט כחול לבן,https://tickets.cinema-city.co.il/order/835682?lang=en,https://tickets.cinema-city.co.il/order/835682?lang=he,Regular,2D,,,2026-08-05,,,,86,14+,Jerusalem,Cinema City,586
21:00,How To Make a Killing,עשיר רצח,https://tickets.cinema-city.co.il/order/835386?lang=en,https://tickets.cinema-city.co.il/order/835386?lang=he,Regular,2D,,,2026-08-01,,,,105,All,Jerusalem,Cinema City,586
23:10,How To Make a Killing,עשיר רצח,https://tickets.cinema-city.co.il/order/835541?lang=en,https://tickets.cinema-city.co.il/order/835541?lang=he,Regular,2D,,,2026-08-03,,,,105,All,Jerusalem,Cinema City,586
21:50,קופה ראשית: הסרט,קופה ראשית: הסרט,https://tickets.cinema-city.co.il/order/835370?lang=en,https://tickets.cinema-city.co.il/order/835370?lang=he,Regular,2D,,,2026-08-01,,,,91,All,Jerusalem,Cinema City,586
23:10,קופה ראשית: הסרט,קופה ראשית: הסרט,https://tickets.cinema-city.co.il/order/835375?lang=en,https://tickets.cinema-city.co.il/order/835375?lang=he,Regular,2D,,,2026-08-01,,,,91,All,Jerusalem,Cinema City,586
11:40,קופה ראשית: הסרט,קופה ראשית: הסרט,https://tickets.cinema-city.co.il/order/835429?lang=en,https://tickets.cinema-city.co.il/order/835429?lang=he,Regular,2D,,,2026-08-02,,,,91,All,Jerusalem,Cinema City,586
13:50,קופה ראשית: הסרט,קופה ראשית: הסרט,https://tickets.cinema-city.co.il/order/835430?lang=en,https://tickets.cinema-city.co.il/order/835430?lang=he,Regular,2D,,,2026-08-02,,,,91,All,Jerusalem,Cinema City,586
16:00,קופה ראשית: הסרט,קופה ראשית: הסרט,https://tickets.cinema-city.co.il/order/835431?lang=en,https://tickets.cinema-city.co.il/order/835431?lang=he,Regular,2D,,,2026-08-02,,,,91,All,Jerusalem,Cinema City,586
18:15,קופה ראשית: הסרט,קופה ראשית: הסרט,https://tickets.cinema-city.co.il/order/835432?lang=en,https://tickets.cinema-city.co.il/order/835432?lang=he,Regular,2D,,,2026-08-02,,,,91,All,Jerusalem,Cinema City,586
19:10,קופה ראשית: הסרט,קופה ראשית: הסרט,https://tickets.cinema-city.co.il/order/835435?lang=en,https://tickets.cinema-city.co.il/order/835435?lang=he,Regular,2D,,,2026-08-02,,,,91,All,Jerusalem,Cinema City,586
20:30,קופה ראשית: הסרט,קופה ראשית: הסרט,https://tickets.cinema-city.co.il/order/835433?lang=en,https://tickets.cinema-city.co.il/order/835433?lang=he,Regular,2D,,,2026-08-02,,,,91,All,Jerusalem,Cinema City,586
21:30,קופה ראשית: הסרט,קופה ראשית: הסרט,https://tickets.cinema-city.co.il/order/835436?lang=en,https://tickets.cinema-city.co.il/order/835436?lang=he,Regular,2D,,,2026-08-02,,,,91,All,Jerusalem,Cinema City,586
22:45,קופה ראשית: הסרט,קופה ראשית: הסרט,https://tickets.cinema-city.co.il/order/835434?lang=en,https://tickets.cinema-city.co.il/order/835434?lang=he,Regular,2D,,,2026-08-02,,,,91,All,Jerusalem,Cinema City,586
23:45,קופה ראשית: הסרט,קופה ראשית: הסרט,https://tickets.cinema-city.co.il/order/835437?lang=en,https://tickets.cinema-city.co.il/order/835437?lang=he,Regular,2D,,,2026-08-02,,,,91,All,Jerusalem,Cinema City,586
11:30,קופה ראשית: הסרט,קופה ראשית: הסרט,https://tickets.cinema-city.co.il/order/835535?lang=en,https://tickets.cinema-city.co.il/order/835535?lang=he,Regular,2D,,,2026-08-03,,,,91,All,Jerusalem,Cinema City,586
13:50,קופה ראשית: הסרט,קופה ראשית: הסרט,https://tickets.cinema-city.co.il/order/835534?lang=en,https://tickets.cinema-city.co.il/order/835534?lang=he,Regular,2D,,,2026-08-03,,,,91,All,Jerusalem,Cinema City,586
16:15,קופה ראשית: הסרט,קופה ראשית: הסרט,https://tickets.cinema-city.co.il/order/835516?lang=en,https://tickets.cinema-city.co.il/order/835516?lang=he,Regular,2D,,,2026-08-03,,,,91,All,Jerusalem,Cinema City,586
18:30,קופה ראשית: הסרט,קופה ראשית: הסרט,https://tickets.cinema-city.co.il/order/835495?lang=en,https://tickets.cinema-city.co.il/order/835495?lang=he,Regular,2D,,,2026-08-03,,,,91,All,Jerusalem,Cinema City,586
19:35,קופה ראשית: הסרט,קופה ראשית: הסרט,https://tickets.cinema-city.co.il/order/835489?lang=en,https://tickets.cinema-city.co.il/order/835489?lang=he,Regular,2D,,,2026-08-03,,,,91,All,Jerusalem,Cinema City,586
20:45,קופה ראשית: הסרט,קופה ראשית: הסרט,https://tickets.cinema-city.co.il/order/835491?lang=en,https://tickets.cinema-city.co.il/order/835491?lang=he,Regular,2D,,,2026-08-03,,,,91,All,Jerusalem,Cinema City,586
21:50,קופה ראשית: הסרט,קופה ראשית: הסרט,https://tickets.cinema-city.co.il/order/835488?lang=en,https://tickets.cinema-city.co.il/order/835488?lang=he,Regular,2D,,,2026-08-03,,,,91,All,Jerusalem,Cinema City,586
23:00,קופה ראשית: הסרט,קופה ראשית: הסרט,https://tickets.cinema-city.co.il/order/835490?lang=en,https://tickets.cinema-city.co.il/order/835490?lang=he,Regular,2D,,,2026-08-03,,,,91,All,Jerusalem,Cinema City,586
00:10,קופה ראשית: הסרט,קופה ראשית: הסרט,https://tickets.cinema-city.co.il/order/835487?lang=en,https://tickets.cinema-city.co.il/order/835487?lang=he,Regular,2D,,,2026-08-03,,,,91,All,Jerusalem,Cinema City,586
11:30,קופה ראשית: הסרט,קופה ראשית: הסרט,https://tickets.cinema-city.co.il/order/835568?lang=en,https://tickets.cinema-city.co.il/order/835568?lang=he,Regular,2D,,,2026-08-04,,,,91,All,Jerusalem,Cinema City,586
13:50,קופה ראשית: הסרט,קופה ראשית: הסרט,https://tickets.cinema-city.co.il/order/835569?lang=en,https://tickets.cinema-city.co.il/order/835569?lang=he,Regular,2D,,,2026-08-04,,,,91,All,Jerusalem,Cinema City,586
16:50,קופה ראשית: הסרט,קופה ראשית: הסרט,https://tickets.cinema-city.co.il/order/835557?lang=en,https://tickets.cinema-city.co.il/order/835557?lang=he,Regular,2D,,,2026-08-04,,,,91,All,Jerusalem,Cinema City,586
18:00,קופה ראשית: הסרט,קופה ראשית: הסרט,https://tickets.cinema-city.co.il/order/835599?lang=en,https://tickets.cinema-city.co.il/order/835599?lang=he,Regular,2D,,,2026-08-04,,,,91,All,Jerusalem,Cinema City,586
19:10,קופה ראשית: הסרט,קופה ראשית: הסרט,https://tickets.cinema-city.co.il/order/835577?lang=en,https://tickets.cinema-city.co.il/order/835577?lang=he,Regular,2D,,,2026-08-04,,,,91,All,Jerusalem,Cinema City,586
20:15,קופה ראשית: הסרט,קופה ראשית: הסרט,https://tickets.cinema-city.co.il/order/835584?lang=en,https://tickets.cinema-city.co.il/order/835584?lang=he,Regular,2D,,,2026-08-04,,,,91,All,Jerusalem,Cinema City,586
21:30,קופה ראשית: הסרט,קופה ראשית: הסרט,https://tickets.cinema-city.co.il/order/835578?lang=en,https://tickets.cinema-city.co.il/order/835578?lang=he,Regular,2D,,,2026-08-04,,,,91,All,Jerusalem,Cinema City,586
22:30,קופה ראשית: הסרט,קופה ראשית: הסרט,https://tickets.cinema-city.co.il/order/835576?lang=en,https://tickets.cinema-city.co.il/order/835576?lang=he,Regular,2D,,,2026-08-04,,,,91,All,Jerusalem,Cinema City,586
23:50,קופה ראשית: הסרט,קופה ראשית: הסרט,https://tickets.cinema-city.co.il/order/835579?lang=en,https://tickets.cinema-city.co.il/order/835579?lang=he,Regular,2D,,,2026-08-04,,,,91,All,Jerusalem,Cinema City,586
10:00,קופה ראשית: הסרט,קופה ראשית: הסרט,https://tickets.cinema-city.co.il/order/835680?lang=en,https://tickets.cinema-city.co.il/order/835680?lang=he,Regular,2D,,,2026-08-05,,,,91,All,Jerusalem,Cinema City,586
12:15,קופה ראשית: הסרט,קופה ראשית: הסרט,https://tickets.cinema-city.co.il/order/835679?lang=en,https://tickets.cinema-city.co.il/order/835679?lang=he,Regular,2D,,,2026-08-05,,,,91,All,Jerusalem,Cinema City,586
14:30,קופה ראשית: הסרט,קופה ראשית: הסרט,https://tickets.cinema-city.co.il/order/835632?lang=en,https://tickets.cinema-city.co.il/order/835632?lang=he,Regular,2D,,,2026-08-05,,,,91,All,Jerusalem,Cinema City,586
16:45,קופה ראשית: הסרט,קופה ראשית: הסרט,https://tickets.cinema-city.co.il/order/835677?lang=en,https://tickets.cinema-city.co.il/order/835677?lang=he,Regular,2D,,,2026-08-05,,,,91,All,Jerusalem,Cinema City,586
19:00,קופה ראשית: הסרט,קופה ראשית: הסרט,https://tickets.cinema-city.co.il/order/835651?lang=en,https://tickets.cinema-city.co.il/order/835651?lang=he,Regular,2D,,,2026-08-05,,,,91,All,Jerusalem,Cinema City,586
20:30,קופה ראשית: הסרט,קופה ראשית: הסרט,https://tickets.cinema-city.co.il/order/835658?lang=en,https://tickets.cinema-city.co.il/order/835658?lang=he,Regular,2D,,,2026-08-05,,,,91,All,Jerusalem,Cinema City,586
21:15,קופה ראשית: הסרט,קופה ראשית: הסרט,https://tickets.cinema-city.co.il/order/835652?lang=en,https://tickets.cinema-city.co.il/order/835652?lang=he,Regular,2D,,,2026-08-05,,,,91,All,Jerusalem,Cinema City,586
22:50,קופה ראשית: הסרט,קופה ראשית: הסרט,https://tickets.cinema-city.co.il/order/835653?lang=en,https://tickets.cinema-city.co.il/order/835653?lang=he,Regular,2D,,,2026-08-05,,,,91,All,Jerusalem,Cinema City,586
21:00,Dream High,תיכון מגשימים,https://tickets.cinema-city.co.il/order/835388?lang=en,https://tickets.cinema-city.co.il/order/835388?lang=he,Regular,2D,,,2026-08-01,,,,100,12+,Jerusalem,Cinema City,586
19:30,Dream High,תיכון מגשימים,https://tickets.cinema-city.co.il/order/835463?lang=en,https://tickets.cinema-city.co.il/order/835463?lang=he,Regular,2D,,,2026-08-02,,,,100,12+,Jerusalem,Cinema City,586
20:30,THE ODYSSEY,האודיסאה,https://tickets.cinema-city.co.il/order/835614?lang=en,https://tickets.cinema-city.co.il/order/835614?lang=he,VIP,2D,,,2026-08-04,,,,172,14+,Jerusalem,Cinema City,586
21:30,THE ODYSSEY,האודיסאה,https://tickets.cinema-city.co.il/order/835688?lang=en,https://tickets.cinema-city.co.il/order/835688?lang=he,VIP,2D,,,2026-08-05,,,,172,14+,Jerusalem,Cinema City,586
19:00,SPIDERMAN: BRAND NEW DAY,ספיידרמן: יום חדש,https://tickets.cinema-city.co.il/order/835612?lang=en,https://tickets.cinema-city.co.il/order/835612?lang=he,VIP,2D,,,2026-08-04,,,,135,All,Jerusalem,Cinema City,586
22:00,SPIDERMAN: BRAND NEW DAY,ספיידרמן: יום חדש,https://tickets.cinema-city.co.il/order/835613?lang=en,https://tickets.cinema-city.co.il/order/835613?lang=he,VIP,2D,,,2026-08-04,,,,135,All,Jerusalem,Cinema City,586
21:30,SPIDERMAN: BRAND NEW DAY,ספיידרמן: יום חדש,https://tickets.cinema-city.co.il/order/835689?lang=en,https://tickets.cinema-city.co.il/order/835689?lang=he,VIP,2D,,,2026-08-05,,,,135,All,Jerusalem,Cinema City,586
16:45,Just an Illusion,אשליות מתוקות,https://tickets.cinema-city.co.il/order/838962?lang=en,https://tickets.cinema-city.co.il/order/838962?lang=he,Regular,2D,,,2026-08-04,,,,119,All,Kfar Saba,Cinema City,586
11:50,Just an Illusion,אשליות מתוקות,https://tickets.cinema-city.co.il/order/838546?lang=en,https://tickets.cinema-city.co.il/order/838546?lang=he,Regular,2D,,,2026-08-05,,,,119,All,Kfar Saba,Cinema City,586
16:45,Just an Illusion,אשליות מתוקות,https://tickets.cinema-city.co.il/order/838547?lang=en,https://tickets.cinema-city.co.il/order/838547?lang=he,Regular,2D,,,2026-08-05,,,,119,All,Kfar Saba,Cinema City,586
20:20,I Want Your Sex,בוסית בהפרעה,https://tickets.cinema-city.co.il/order/838773?lang=en,https://tickets.cinema-city.co.il/order/838773?lang=he,Regular,2D,,,2026-08-01,,,,90,16+,Kfar Saba,Cinema City,586
23:30,I Want Your Sex,בוסית בהפרעה,https://tickets.cinema-city.co.il/order/838803?lang=en,https://tickets.cinema-city.co.il/order/838803?lang=he,Regular,2D,,,2026-08-01,,,,90,16+,Kfar Saba,Cinema City,586
20:30,I Want Your Sex,בוסית בהפרעה,https://tickets.cinema-city.co.il/order/838835?lang=en,https://tickets.cinema-city.co.il/order/838835?lang=he,Regular,2D,,,2026-08-02,,,,90,16+,Kfar Saba,Cinema City,586
22:55,I Want Your Sex,בוסית בהפרעה,https://tickets.cinema-city.co.il/order/838841?lang=en,https://tickets.cinema-city.co.il/order/838841?lang=he,Regular,2D,,,2026-08-02,,,,90,16+,Kfar Saba,Cinema City,586
23:30,I Want Your Sex,בוסית בהפרעה,https://tickets.cinema-city.co.il/order/838823?lang=en,https://tickets.cinema-city.co.il/order/838823?lang=he,Regular,2D,,,2026-08-02,,,,90,16+,Kfar Saba,Cinema City,586
20:30,I Want Your Sex,בוסית בהפרעה,https://tickets.cinema-city.co.il/order/838905?lang=en,https://tickets.cinema-city.co.il/order/838905?lang=he,Regular,2D,,,2026-08-03,,,,90,16+,Kfar Saba,Cinema City,586
22:55,I Want Your Sex,בוסית בהפרעה,https://tickets.cinema-city.co.il/order/838865?lang=en,https://tickets.cinema-city.co.il/order/838865?lang=he,Regular,2D,,,2026-08-03,,,,90,16+,Kfar Saba,Cinema City,586
23:30,I Want Your Sex,בוסית בהפרעה,https://tickets.cinema-city.co.il/order/838893?lang=en,https://tickets.cinema-city.co.il/order/838893?lang=he,Regular,2D,,,2026-08-03,,,,90,16+,Kfar Saba,Cinema City,586
21:30,I Want Your Sex,בוסית בהפרעה,https://tickets.cinema-city.co.il/order/838933?lang=en,https://tickets.cinema-city.co.il/order/838933?lang=he,Regular,2D,,,2026-08-04,,,,90,16+,Kfar Saba,Cinema City,586
23:30,I Want Your Sex,בוסית בהפרעה,https://tickets.cinema-city.co.il/order/838919?lang=en,https://tickets.cinema-city.co.il/order/838919?lang=he,Regular,2D,,,2026-08-04,,,,90,16+,Kfar Saba,Cinema City,586
23:45,I Want Your Sex,בוסית בהפרעה,https://tickets.cinema-city.co.il/order/838939?lang=en,https://tickets.cinema-city.co.il/order/838939?lang=he,Regular,2D,,,2026-08-04,,,,90,16+,Kfar Saba,Cinema City,586
20:30,I Want Your Sex,בוסית בהפרעה,https://tickets.cinema-city.co.il/order/838566?lang=en,https://tickets.cinema-city.co.il/order/838566?lang=he,Regular,2D,,,2026-08-05,,,,90,16+,Kfar Saba,Cinema City,586
22:55,I Want Your Sex,בוסית בהפרעה,https://tickets.cinema-city.co.il/order/838524?lang=en,https://tickets.cinema-city.co.il/order/838524?lang=he,Regular,2D,,,2026-08-05,,,,90,16+,Kfar Saba,Cinema City,586
23:30,I Want Your Sex,בוסית בהפרעה,https://tickets.cinema-city.co.il/order/838554?lang=en,https://tickets.cinema-city.co.il/order/838554?lang=he,Regular,2D,,,2026-08-05,,,,90,16+,Kfar Saba,Cinema City,586
11:40,GRACIE & PEDRO: PETS TO THE RESCUE,גרייסי ופדרו: חיות המחמד בפעולה,https://tickets.cinema-city.co.il/order/838796?lang=en,https://tickets.cinema-city.co.il/order/838796?lang=he,Regular,2D,,Hebrew,2026-08-01,,,,87,All,Kfar Saba,Cinema City,586
11:40,GRACIE & PEDRO: PETS TO THE RESCUE,גרייסי ופדרו: חיות המחמד בפעולה,https://tickets.cinema-city.co.il/order/838817?lang=en,https://tickets.cinema-city.co.il/order/838817?lang=he,Regular,2D,,Hebrew,2026-08-02,,,,87,All,Kfar Saba,Cinema City,586
15:20,GRACIE & PEDRO: PETS TO THE RESCUE,גרייסי ופדרו: חיות המחמד בפעולה,https://tickets.cinema-city.co.il/order/838887?lang=en,https://tickets.cinema-city.co.il/order/838887?lang=he,Regular,2D,,Hebrew,2026-08-03,,,,87,All,Kfar Saba,Cinema City,586
10:00,GRACIE & PEDRO: PETS TO THE RESCUE,גרייסי ופדרו: חיות המחמד בפעולה,https://tickets.cinema-city.co.il/order/838960?lang=en,https://tickets.cinema-city.co.il/order/838960?lang=he,Regular,2D,,Hebrew,2026-08-04,,,,87,All,Kfar Saba,Cinema City,586
12:15,GRACIE & PEDRO: PETS TO THE RESCUE,גרייסי ופדרו: חיות המחמד בפעולה,https://tickets.cinema-city.co.il/order/838958?lang=en,https://tickets.cinema-city.co.il/order/838958?lang=he,Regular,2D,,Hebrew,2026-08-04,,,,87,All,Kfar Saba,Cinema City,586
10:00,GRACIE & PEDRO: PETS TO THE RESCUE,גרייסי ופדרו: חיות המחמד בפעולה,https://tickets.cinema-city.co.il/order/838545?lang=en,https://tickets.cinema-city.co.il/order/838545?lang=he,Regular,2D,,Hebrew,2026-08-05,,,,87,All,Kfar Saba,Cinema City,586
12:15,GRACIE & PEDRO: PETS TO THE RESCUE,גרייסי ופדרו: חיות המחמד בפעולה,https://tickets.cinema-city.co.il/order/838543?lang=en,https://tickets.cinema-city.co.il/order/838543?lang=he,Regular,2D,,Hebrew,2026-08-05,,,,87,All,Kfar Saba,Cinema City,586
13:00,THE ODYSSEY,האודיסאה,https://tickets.cinema-city.co.il/order/838793?lang=en,https://tickets.cinema-city.co.il/order/838793?lang=he,Regular,2D,,,2026-08-01,,,,172,14+,Kfar Saba,Cinema City,586
13:40,THE ODYSSEY,האודיסאה,https://tickets.cinema-city.co.il/order/838806?lang=en,https://tickets.cinema-city.co.il/order/838806?lang=he,Regular,2D,,,2026-08-01,,,,172,14+,Kfar Saba,Cinema City,586
16:20,THE ODYSSEY,האודיסאה,https://tickets.cinema-city.co.il/order/838788?lang=en,https://tickets.cinema-city.co.il/order/838788?lang=he,Regular,2D,,,2026-08-01,,,,172,14+,Kfar Saba,Cinema City,586
17:30,THE ODYSSEY,האודיסאה,https://tickets.cinema-city.co.il/order/838798?lang=en,https://tickets.cinema-city.co.il/order/838798?lang=he,Regular,2D,,,2026-08-01,,,,172,14+,Kfar Saba,Cinema City,586
19:50,THE ODYSSEY,האודיסאה,https://tickets.cinema-city.co.il/order/838792?lang=en,https://tickets.cinema-city.co.il/order/838792?lang=he,Regular,2D,,,2026-08-01,,,,172,14+,Kfar Saba,Cinema City,586
20:00,THE ODYSSEY,האודיסאה,https://tickets.cinema-city.co.il/order/838787?lang=en,https://tickets.cinema-city.co.il/order/838787?lang=he,Regular,2D,,,2026-08-01,,,,172,14+,Kfar Saba,Cinema City,586
21:15,THE ODYSSEY,האודיסאה,https://tickets.cinema-city.co.il/order/838813?lang=en,https://tickets.cinema-city.co.il/order/838813?lang=he,Regular,2D,,,2026-08-01,,,,172,14+,Kfar Saba,Cinema City,586
12:40,THE ODYSSEY,האודיסאה,https://tickets.cinema-city.co.il/order/838826?lang=en,https://tickets.cinema-city.co.il/order/838826?lang=he,Regular,2D,,,2026-08-02,,,,172,14+,Kfar Saba,Cinema City,586
13:00,THE ODYSSEY,האודיסאה,https://tickets.cinema-city.co.il/order/838854?lang=en,https://tickets.cinema-city.co.il/order/838854?lang=he,Regular,2D,,,2026-08-02,,,,172,14+,Kfar Saba,Cinema City,586
16:20,THE ODYSSEY,האודיסאה,https://tickets.cinema-city.co.il/order/838849?lang=en,https://tickets.cinema-city.co.il/order/838849?lang=he,Regular,2D,,,2026-08-02,,,,172,14+,Kfar Saba,Cinema City,586
19:50,THE ODYSSEY,האודיסאה,https://tickets.cinema-city.co.il/order/838853?lang=en,https://tickets.cinema-city.co.il/order/838853?lang=he,Regular,2D,,,2026-08-02,,,,172,14+,Kfar Saba,Cinema City,586
20:00,THE ODYSSEY,האודיסאה,https://tickets.cinema-city.co.il/order/838848?lang=en,https://tickets.cinema-city.co.il/order/838848?lang=he,Regular,2D,,,2026-08-02,,,,172,14+,Kfar Saba,Cinema City,586
21:15,THE ODYSSEY,האודיסאה,https://tickets.cinema-city.co.il/order/838833?lang=en,https://tickets.cinema-city.co.il/order/838833?lang=he,Regular,2D,,,2026-08-02,,,,172,14+,Kfar Saba,Cinema City,586
13:00,THE ODYSSEY,האודיסאה,https://tickets.cinema-city.co.il/order/838878?lang=en,https://tickets.cinema-city.co.il/order/838878?lang=he,Regular,2D,,,2026-08-03,,,,172,14+,Kfar Saba,Cinema City,586
13:40,THE ODYSSEY,האודיסאה,https://tickets.cinema-city.co.il/order/838896?lang=en,https://tickets.cinema-city.co.il/order/838896?lang=he,Regular,2D,,,2026-08-03,,,,172,14+,Kfar Saba,Cinema City,586
16:20,THE ODYSSEY,האודיסאה,https://tickets.cinema-city.co.il/order/838873?lang=en,https://tickets.cinema-city.co.il/order/838873?lang=he,Regular,2D,,,2026-08-03,,,,172,14+,Kfar Saba,Cinema City,586
17:30,THE ODYSSEY,האודיסאה,https://tickets.cinema-city.co.il/order/838889?lang=en,https://tickets.cinema-city.co.il/order/838889?lang=he,Regular,2D,,,2026-08-03,,,,172,14+,Kfar Saba,Cinema City,586
19:50,THE ODYSSEY,האודיסאה,https://tickets.cinema-city.co.il/order/838877?lang=en,https://tickets.cinema-city.co.il/order/838877?lang=he,Regular,2D,,,2026-08-03,,,,172,14+,Kfar Saba,Cinema City,586
20:00,THE ODYSSEY,האודיסאה,https://tickets.cinema-city.co.il/order/838872?lang=en,https://tickets.cinema-city.co.il/order/838872?lang=he,Regular,2D,,,2026-08-03,,,,172,14+,Kfar Saba,Cinema City,586
21:15,THE ODYSSEY,האודיסאה,https://tickets.cinema-city.co.il/order/838903?lang=en,https://tickets.cinema-city.co.il/order/838903?lang=he,Regular,2D,,,2026-08-03,,,,172,14+,Kfar Saba,Cinema City,586
13:00,THE ODYSSEY,האודיסאה,https://tickets.cinema-city.co.il/order/838952?lang=en,https://tickets.cinema-city.co.il/order/838952?lang=he,Regular,2D,,,2026-08-04,,,,172,14+,Kfar Saba,Cinema City,586
14:10,THE ODYSSEY,האודיסאה,https://tickets.cinema-city.co.il/order/838922?lang=en,https://tickets.cinema-city.co.il/order/838922?lang=he,Regular,2D,,,2026-08-04,,,,172,14+,Kfar Saba,Cinema City,586
16:20,THE ODYSSEY,האודיסאה,https://tickets.cinema-city.co.il/order/838948?lang=en,https://tickets.cinema-city.co.il/order/838948?lang=he,Regular,2D,,,2026-08-04,,,,172,14+,Kfar Saba,Cinema City,586
17:40,THE ODYSSEY,האודיסאה,https://tickets.cinema-city.co.il/order/838914?lang=en,https://tickets.cinema-city.co.il/order/838914?lang=he,Regular,2D,,,2026-08-04,,,,172,14+,Kfar Saba,Cinema City,586
19:50,THE ODYSSEY,האודיסאה,https://tickets.cinema-city.co.il/order/838951?lang=en,https://tickets.cinema-city.co.il/order/838951?lang=he,Regular,2D,,,2026-08-04,,,,172,14+,Kfar Saba,Cinema City,586
20:00,THE ODYSSEY,האודיסאה,https://tickets.cinema-city.co.il/order/838947?lang=en,https://tickets.cinema-city.co.il/order/838947?lang=he,Regular,2D,,,2026-08-04,,,,172,14+,Kfar Saba,Cinema City,586
21:15,THE ODYSSEY,האודיסאה,https://tickets.cinema-city.co.il/order/838930?lang=en,https://tickets.cinema-city.co.il/order/838930?lang=he,Regular,2D,,,2026-08-04,,,,172,14+,Kfar Saba,Cinema City,586
13:00,THE ODYSSEY,האודיסאה,https://tickets.cinema-city.co.il/order/838537?lang=en,https://tickets.cinema-city.co.il/order/838537?lang=he,Regular,2D,,,2026-08-05,,,,172,14+,Kfar Saba,Cinema City,586
16:20,THE ODYSSEY,האודיסאה,https://tickets.cinema-city.co.il/order/838533?lang=en,https://tickets.cinema-city.co.il/order/838533?lang=he,Regular,2D,,,2026-08-05,,,,172,14+,Kfar Saba,Cinema City,586
17:30,THE ODYSSEY,האודיסאה,https://tickets.cinema-city.co.il/order/838550?lang=en,https://tickets.cinema-city.co.il/order/838550?lang=he,Regular,2D,,,2026-08-05,,,,172,14+,Kfar Saba,Cinema City,586
18:40,THE ODYSSEY,האודיסאה,https://tickets.cinema-city.co.il/order/838571?lang=en,https://tickets.cinema-city.co.il/order/838571?lang=he,Regular,2D,,,2026-08-05,,,,172,14+,Kfar Saba,Cinema City,586
19:50,THE ODYSSEY,האודיסאה,https://tickets.cinema-city.co.il/order/838536?lang=en,https://tickets.cinema-city.co.il/order/838536?lang=he,Regular,2D,,,2026-08-05,,,,172,14+,Kfar Saba,Cinema City,586
20:00,THE ODYSSEY,האודיסאה,https://tickets.cinema-city.co.il/order/838532?lang=en,https://tickets.cinema-city.co.il/order/838532?lang=he,Regular,2D,,,2026-08-05,,,,172,14+,Kfar Saba,Cinema City,586
21:15,THE ODYSSEY,האודיסאה,https://tickets.cinema-city.co.il/order/838563?lang=en,https://tickets.cinema-city.co.il/order/838563?lang=he,Regular,2D,,,2026-08-05,,,,172,14+,Kfar Saba,Cinema City,586
16:15,The Invite.,ההזמנה.,https://tickets.cinema-city.co.il/order/838912?lang=en,https://tickets.cinema-city.co.il/order/838912?lang=he,Regular,2D,,,2026-08-04,,,,107,14+,Kfar Saba,Cinema City,586
15:00,The Magic Faraway Tree,המסע המופלא לעץ הקסמים,https://tickets.cinema-city.co.il/order/838837?lang=en,https://tickets.cinema-city.co.il/order/838837?lang=he,Regular,2D,,,2026-08-02,,,,110,All,Kfar Saba,Cinema City,586
15:00,The Magic Faraway Tree,המסע המופלא לעץ הקסמים,https://tickets.cinema-city.co.il/order/838907?lang=en,https://tickets.cinema-city.co.il/order/838907?lang=he,Regular,2D,,,2026-08-03,,,,110,All,Kfar Saba,Cinema City,586
16:15,The Magic Faraway Tree,המסע המופלא לעץ הקסמים,https://tickets.cinema-city.co.il/order/838935?lang=en,https://tickets.cinema-city.co.il/order/838935?lang=he,Regular,2D,,,2026-08-04,,,,110,All,Kfar Saba,Cinema City,586
15:00,The Magic Faraway Tree,המסע המופלא לעץ הקסמים,https://tickets.cinema-city.co.il/order/838568?lang=en,https://tickets.cinema-city.co.il/order/838568?lang=he,Regular,2D,,,2026-08-05,,,,110,All,Kfar Saba,Cinema City,586
17:40,The Magic Faraway Tree,המסע המופלא לעץ הקסמים,https://tickets.cinema-city.co.il/order/838778?lang=en,https://tickets.cinema-city.co.il/order/838778?lang=he,Regular,2D,,Hebrew,2026-08-01,,,,110,All,Kfar Saba,Cinema City,586
12:15,The Magic Faraway Tree,המסע המופלא לעץ הקסמים,https://tickets.cinema-city.co.il/order/838836?lang=en,https://tickets.cinema-city.co.il/order/838836?lang=he,Regular,2D,,Hebrew,2026-08-02,,,,110,All,Kfar Saba,Cinema City,586
17:40,The Magic Faraway Tree,המסע המופלא לעץ הקסמים,https://tickets.cinema-city.co.il/order/838840?lang=en,https://tickets.cinema-city.co.il/order/838840?lang=he,Regular,2D,,Hebrew,2026-08-02,,,,110,All,Kfar Saba,Cinema City,586
11:00,The Magic Faraway Tree,המסע המופלא לעץ הקסמים,https://tickets.cinema-city.co.il/order/838900?lang=en,https://tickets.cinema-city.co.il/order/838900?lang=he,Regular,2D,,Hebrew,2026-08-03,,,,110,All,Kfar Saba,Cinema City,586
12:15,The Magic Faraway Tree,המסע המופלא לעץ הקסמים,https://tickets.cinema-city.co.il/order/838906?lang=en,https://tickets.cinema-city.co.il/order/838906?lang=he,Regular,2D,,Hebrew,2026-08-03,,,,110,All,Kfar Saba,Cinema City,586
17:40,The Magic Faraway Tree,המסע המופלא לעץ הקסמים,https://tickets.cinema-city.co.il/order/838864?lang=en,https://tickets.cinema-city.co.il/order/838864?lang=he,Regular,2D,,Hebrew,2026-08-03,,,,110,All,Kfar Saba,Cinema City,586
10:10,The Magic Faraway Tree,המסע המופלא לעץ הקסמים,https://tickets.cinema-city.co.il/order/838927?lang=en,https://tickets.cinema-city.co.il/order/838927?lang=he,Regular,2D,,Hebrew,2026-08-04,,,,110,All,Kfar Saba,Cinema City,586
13:45,The Magic Faraway Tree,המסע המופלא לעץ הקסמים,https://tickets.cinema-city.co.il/order/838934?lang=en,https://tickets.cinema-city.co.il/order/838934?lang=he,Regular,2D,,Hebrew,2026-08-04,,,,110,All,Kfar Saba,Cinema City,586
18:50,The Magic Faraway Tree,המסע המופלא לעץ הקסמים,https://tickets.cinema-city.co.il/order/838938?lang=en,https://tickets.cinema-city.co.il/order/838938?lang=he,Regular,2D,,Hebrew,2026-08-04,,,,110,All,Kfar Saba,Cinema City,586
10:10,The Magic Faraway Tree,המסע המופלא לעץ הקסמים,https://tickets.cinema-city.co.il/order/838560?lang=en,https://tickets.cinema-city.co.il/order/838560?lang=he,Regular,2D,,Hebrew,2026-08-05,,,,110,All,Kfar Saba,Cinema City,586
12:15,The Magic Faraway Tree,המסע המופלא לעץ הקסמים,https://tickets.cinema-city.co.il/order/838567?lang=en,https://tickets.cinema-city.co.il/order/838567?lang=he,Regular,2D,,Hebrew,2026-08-05,,,,110,All,Kfar Saba,Cinema City,586
17:40,The Magic Faraway Tree,המסע המופלא לעץ הקסמים,https://tickets.cinema-city.co.il/order/838523?lang=en,https://tickets.cinema-city.co.il/order/838523?lang=he,Regular,2D,,Hebrew,2026-08-05,,,,110,All,Kfar Saba,Cinema City,586
20:30,חינה אמריקאית,חינה אמריקאית,https://tickets.cinema-city.co.il/order/838831?lang=en,https://tickets.cinema-city.co.il/order/838831?lang=he,Regular,2D,,,2026-08-02,,,,89,All,Kfar Saba,Cinema City,586
20:30,חינה אמריקאית,חינה אמריקאית,https://tickets.cinema-city.co.il/order/838901?lang=en,https://tickets.cinema-city.co.il/order/838901?lang=he,Regular,2D,,,2026-08-03,,,,89,All,Kfar Saba,Cinema City,586
19:00,חינה אמריקאית,חינה אמריקאית,https://tickets.cinema-city.co.il/order/838928?lang=en,https://tickets.cinema-city.co.il/order/838928?lang=he,Regular,2D,,,2026-08-04,,,,89,All,Kfar Saba,Cinema City,586
23:50,חינה אמריקאית,חינה אמריקאית,https://tickets.cinema-city.co.il/order/838931?lang=en,https://tickets.cinema-city.co.il/order/838931?lang=he,Regular,2D,,,2026-08-04,,,,89,All,Kfar Saba,Cinema City,586
19:20,חינה אמריקאית,חינה אמריקאית,https://tickets.cinema-city.co.il/order/838561?lang=en,https://tickets.cinema-city.co.il/order/838561?lang=he,Regular,2D,,,2026-08-05,,,,89,All,Kfar Saba,Cinema City,586
23:50,חינה אמריקאית,חינה אמריקאית,https://tickets.cinema-city.co.il/order/838564?lang=en,https://tickets.cinema-city.co.il/order/838564?lang=he,Regular,2D,,,2026-08-05,,,,89,All,Kfar Saba,Cinema City,586
11:20,Tafiti: Across the Desert,טפיטי: הרפתקה במדבר,https://tickets.cinema-city.co.il/order/838799?lang=en,https://tickets.cinema-city.co.il/order/838799?lang=he,Regular,2D,,Hebrew,2026-08-01,,,,81,9+,Kfar Saba,Cinema City,586
10:20,Tafiti: Across the Desert,טפיטי: הרפתקה במדבר,https://tickets.cinema-city.co.il/order/838820?lang=en,https://tickets.cinema-city.co.il/order/838820?lang=he,Regular,2D,,Hebrew,2026-08-02,,,,81,9+,Kfar Saba,Cinema City,586
11:20,Tafiti: Across the Desert,טפיטי: הרפתקה במדבר,https://tickets.cinema-city.co.il/order/838890?lang=en,https://tickets.cinema-city.co.il/order/838890?lang=he,Regular,2D,,Hebrew,2026-08-03,,,,81,9+,Kfar Saba,Cinema City,586
10:00,Tafiti: Across the Desert,טפיטי: הרפתקה במדבר,https://tickets.cinema-city.co.il/order/838959?lang=en,https://tickets.cinema-city.co.il/order/838959?lang=he,Regular,2D,,Hebrew,2026-08-04,,,,81,9+,Kfar Saba,Cinema City,586
10:00,Tafiti: Across the Desert,טפיטי: הרפתקה במדבר,https://tickets.cinema-city.co.il/order/838544?lang=en,https://tickets.cinema-city.co.il/order/838544?lang=he,Regular,2D,,Hebrew,2026-08-05,,,,81,9+,Kfar Saba,Cinema City,586
23:55,Cuz You're Ugly,כי את מכוערת,https://tickets.cinema-city.co.il/order/838801?lang=en,https://tickets.cinema-city.co.il/order/838801?lang=he,Regular,2D,,,2026-08-01,,,,83,12+,Kfar Saba,Cinema City,586
23:00,Cuz You're Ugly,כי את מכוערת,https://tickets.cinema-city.co.il/order/838822?lang=en,https://tickets.cinema-city.co.il/order/838822?lang=he,Regular,2D,,,2026-08-02,,,,83,12+,Kfar Saba,Cinema City,586
23:00,Cuz You're Ugly,כי את מכוערת,https://tickets.cinema-city.co.il/order/838892?lang=en,https://tickets.cinema-city.co.il/order/838892?lang=he,Regular,2D,,,2026-08-03,,,,83,12+,Kfar Saba,Cinema City,586
22:30,Cuz You're Ugly,כי את מכוערת,https://tickets.cinema-city.co.il/order/838916?lang=en,https://tickets.cinema-city.co.il/order/838916?lang=he,Regular,2D,,,2026-08-04,,,,83,12+,Kfar Saba,Cinema City,586
21:35,Cuz You're Ugly,כי את מכוערת,https://tickets.cinema-city.co.il/order/838552?lang=en,https://tickets.cinema-city.co.il/order/838552?lang=he,Regular,2D,,,2026-08-05,,,,83,12+,Kfar Saba,Cinema City,586
10:50,MASHA & THE BEAR – WONDER PARK,מאשה והדוב-ההרפתקה הגדולה,https://tickets.cinema-city.co.il/order/838794?lang=en,https://tickets.cinema-city.co.il/order/838794?lang=he,Regular,2D,,Hebrew,2026-08-01,,,,73,All,Kfar Saba,Cinema City,586
10:50,MASHA & THE BEAR – WONDER PARK,מאשה והדוב-ההרפתקה הגדולה,https://tickets.cinema-city.co.il/order/838825?lang=en,https://tickets.cinema-city.co.il/order/838825?lang=he,Regular,2D,,Hebrew,2026-08-02,,,,73,All,Kfar Saba,Cinema City,586
10:50,MASHA & THE BEAR – WONDER PARK,מאשה והדוב-ההרפתקה הגדולה,https://tickets.cinema-city.co.il/order/838895?lang=en,https://tickets.cinema-city.co.il/order/838895?lang=he,Regular,2D,,Hebrew,2026-08-03,,,,73,All,Kfar Saba,Cinema City,586
10:50,MASHA & THE BEAR – WONDER PARK,מאשה והדוב-ההרפתקה הגדולה,https://tickets.cinema-city.co.il/order/838953?lang=en,https://tickets.cinema-city.co.il/order/838953?lang=he,Regular,2D,,Hebrew,2026-08-04,,,,73,All,Kfar Saba,Cinema City,586
10:50,MASHA & THE BEAR – WONDER PARK,מאשה והדוב-ההרפתקה הגדולה,https://tickets.cinema-city.co.il/order/838538?lang=en,https://tickets.cinema-city.co.il/order/838538?lang=he,Regular,2D,,Hebrew,2026-08-05,,,,73,All,Kfar Saba,Cinema City,586
11:50,Moana (Live Action),מואנה (לייב אקשן),https://tickets.cinema-city.co.il/order/838809?lang=en,https://tickets.cinema-city.co.il/order/838809?lang=he,Regular,2D,,Hebrew,2026-08-01,,,,115,All,Kfar Saba,Cinema City,586
15:00,Moana (Live Action),מואנה (לייב אקשן),https://tickets.cinema-city.co.il/order/839200?lang=en,https://tickets.cinema-city.co.il/order/839200?lang=he,Regular,2D,,Hebrew,2026-08-01,,,,115,All,Kfar Saba,Cinema City,586
11:50,Moana (Live Action),מואנה (לייב אקשן),https://tickets.cinema-city.co.il/order/838828?lang=en,https://tickets.cinema-city.co.il/order/838828?lang=he,Regular,2D,,Hebrew,2026-08-02,,,,115,All,Kfar Saba,Cinema City,586
11:10,Moana (Live Action),מואנה (לייב אקשן),https://tickets.cinema-city.co.il/order/838925?lang=en,https://tickets.cinema-city.co.il/order/838925?lang=he,Regular,2D,,Hebrew,2026-08-04,,,,115,All,Kfar Saba,Cinema City,586
22:00,Motor City,מוטור סיטי,https://tickets.cinema-city.co.il/order/838772?lang=en,https://tickets.cinema-city.co.il/order/838772?lang=he,Regular,2D,,,2026-08-01,,,,103,16+,Kfar Saba,Cinema City,586
20:45,Motor City,מוטור סיטי,https://tickets.cinema-city.co.il/order/838861?lang=en,https://tickets.cinema-city.co.il/order/838861?lang=he,Regular,2D,,,2026-08-02,,,,103,16+,Kfar Saba,Cinema City,586
20:15,Motor City,מוטור סיטי,https://tickets.cinema-city.co.il/order/838885?lang=en,https://tickets.cinema-city.co.il/order/838885?lang=he,Regular,2D,,,2026-08-03,,,,103,16+,Kfar Saba,Cinema City,586
21:15,Motor City,מוטור סיטי,https://tickets.cinema-city.co.il/order/838944?lang=en,https://tickets.cinema-city.co.il/order/838944?lang=he,Regular,2D,,,2026-08-04,,,,103,16+,Kfar Saba,Cinema City,586
22:15,Motor City,מוטור סיטי,https://tickets.cinema-city.co.il/order/838529?lang=en,https://tickets.cinema-city.co.il/order/838529?lang=he,Regular,2D,,,2026-08-05,,,,103,16+,Kfar Saba,Cinema City,586
10:10,School of Magical Animals 3,סוד החיות הקסומות 3,https://tickets.cinema-city.co.il/order/838815?lang=en,https://tickets.cinema-city.co.il/order/838815?lang=he,Regular,2D,,Hebrew,2026-08-01,,,,105,All,Kfar Saba,Cinema City,586
11:45,School of Magical Animals 3,סוד החיות הקסומות 3,https://tickets.cinema-city.co.il/order/838910?lang=en,https://tickets.cinema-city.co.il/order/838910?lang=he,Regular,2D,,Hebrew,2026-08-03,,,,105,All,Kfar Saba,Cinema City,586
12:30,School of Magical Animals 3,סוד החיות הקסומות 3,https://tickets.cinema-city.co.il/order/838570?lang=en,https://tickets.cinema-city.co.il/order/838570?lang=he,Regular,2D,,Hebrew,2026-08-05,,,,105,All,Kfar Saba,Cinema City,586
14:10,סולטיז הסרט,סולטיז הסרט-וולוג ה-100,https://tickets.cinema-city.co.il/order/838800?lang=en,https://tickets.cinema-city.co.il/order/838800?lang=he,Regular,2D,,,2026-08-01,,,,100,All,Kfar Saba,Cinema City,586
14:20,סולטיז הסרט,סולטיז הסרט-וולוג ה-100,https://tickets.cinema-city.co.il/order/838821?lang=en,https://tickets.cinema-city.co.il/order/838821?lang=he,Regular,2D,,,2026-08-02,,,,100,All,Kfar Saba,Cinema City,586
12:45,סולטיז הסרט,סולטיז הסרט-וולוג ה-100,https://tickets.cinema-city.co.il/order/838909?lang=en,https://tickets.cinema-city.co.il/order/838909?lang=he,Regular,2D,,,2026-08-03,,,,100,All,Kfar Saba,Cinema City,586
17:40,סולטיז הסרט,סולטיז הסרט-וולוג ה-100,https://tickets.cinema-city.co.il/order/838891?lang=en,https://tickets.cinema-city.co.il/order/838891?lang=he,Regular,2D,,,2026-08-03,,,,100,All,Kfar Saba,Cinema City,586
13:30,סולטיז הסרט,סולטיז הסרט-וולוג ה-100,https://tickets.cinema-city.co.il/order/838915?lang=en,https://tickets.cinema-city.co.il/order/838915?lang=he,Regular,2D,,,2026-08-04,,,,100,All,Kfar Saba,Cinema City,586
14:45,סולטיז הסרט,סולטיז הסרט-וולוג ה-100,https://tickets.cinema-city.co.il/order/838551?lang=en,https://tickets.cinema-city.co.il/order/838551?lang=he,Regular,2D,,,2026-08-05,,,,100,All,Kfar Saba,Cinema City,586
10:00,Three Wishes for Cinderella,סינדרלה ושלוש המשאלות,https://tickets.cinema-city.co.il/order/839199?lang=en,https://tickets.cinema-city.co.il/order/839199?lang=he,Regular,2D,,Hebrew,2026-08-01,,,,85,All,Kfar Saba,Cinema City,586
10:00,Three Wishes for Cinderella,סינדרלה ושלוש המשאלות,https://tickets.cinema-city.co.il/order/838818?lang=en,https://tickets.cinema-city.co.il/order/838818?lang=he,Regular,2D,,Hebrew,2026-08-02,,,,85,All,Kfar Saba,Cinema City,586
10:00,Three Wishes for Cinderella,סינדרלה ושלוש המשאלות,https://tickets.cinema-city.co.il/order/838888?lang=en,https://tickets.cinema-city.co.il/order/838888?lang=he,Regular,2D,,Hebrew,2026-08-03,,,,85,All,Kfar Saba,Cinema City,586
10:00,Three Wishes for Cinderella,סינדרלה ושלוש המשאלות,https://tickets.cinema-city.co.il/order/839126?lang=en,https://tickets.cinema-city.co.il/order/839126?lang=he,Regular,2D,,Hebrew,2026-08-04,,,,85,All,Kfar Saba,Cinema City,586
10:00,Three Wishes for Cinderella,סינדרלה ושלוש המשאלות,https://tickets.cinema-city.co.il/order/838549?lang=en,https://tickets.cinema-city.co.il/order/838549?lang=he,Regular,2D,,Hebrew,2026-08-05,,,,85,All,Kfar Saba,Cinema City,586
11:00,SPIDERMAN: BRAND NEW DAY,ספיידרמן: יום חדש,https://tickets.cinema-city.co.il/order/813984?lang=en,https://tickets.cinema-city.co.il/order/813984?lang=he,Regular,2D,,,2026-08-01,,,,135,All,Kfar Saba,Cinema City,586
11:55,SPIDERMAN: BRAND NEW DAY,ספיידרמן: יום חדש,https://tickets.cinema-city.co.il/order/839197?lang=en,https://tickets.cinema-city.co.il/order/839197?lang=he,Regular,2D,,,2026-08-01,,,,135,All,Kfar Saba,Cinema City,586
12:15,SPIDERMAN: BRAND NEW DAY,ספיידרמן: יום חדש,https://tickets.cinema-city.co.il/order/838786?lang=en,https://tickets.cinema-city.co.il/order/838786?lang=he,Regular,2D,,,2026-08-01,,,,135,All,Kfar Saba,Cinema City,586
12:50,SPIDERMAN: BRAND NEW DAY,ספיידרמן: יום חדש,https://tickets.cinema-city.co.il/order/838785?lang=en,https://tickets.cinema-city.co.il/order/838785?lang=he,Regular,2D,,,2026-08-01,,,,135,All,Kfar Saba,Cinema City,586
13:40,SPIDERMAN: BRAND NEW DAY,ספיידרמן: יום חדש,https://tickets.cinema-city.co.il/order/838782?lang=en,https://tickets.cinema-city.co.il/order/838782?lang=he,Regular,2D,,,2026-08-01,,,,135,All,Kfar Saba,Cinema City,586
14:30,SPIDERMAN: BRAND NEW DAY,ספיידרמן: יום חדש,https://tickets.cinema-city.co.il/order/813985?lang=en,https://tickets.cinema-city.co.il/order/813985?lang=he,Regular,2D,,,2026-08-01,,,,135,All,Kfar Saba,Cinema City,586
15:35,SPIDERMAN: BRAND NEW DAY,ספיידרמן: יום חדש,https://tickets.cinema-city.co.il/order/838784?lang=en,https://tickets.cinema-city.co.il/order/838784?lang=he,Regular,2D,,,2026-08-01,,,,135,All,Kfar Saba,Cinema City,586
16:20,SPIDERMAN: BRAND NEW DAY,ספיידרמן: יום חדש,https://tickets.cinema-city.co.il/order/813989?lang=en,https://tickets.cinema-city.co.il/order/813989?lang=he,Regular,2D,,,2026-08-01,,,,135,All,Kfar Saba,Cinema City,586
17:10,SPIDERMAN: BRAND NEW DAY,ספיידרמן: יום חדש,https://tickets.cinema-city.co.il/order/838780?lang=en,https://tickets.cinema-city.co.il/order/838780?lang=he,Regular,2D,,,2026-08-01,,,,135,All,Kfar Saba,Cinema City,586
18:00,SPIDERMAN: BRAND NEW DAY,ספיידרמן: יום חדש,https://tickets.cinema-city.co.il/order/813986?lang=en,https://tickets.cinema-city.co.il/order/813986?lang=he,Regular,2D,,,2026-08-01,,,,135,All,Kfar Saba,Cinema City,586
19:00,SPIDERMAN: BRAND NEW DAY,ספיידרמן: יום חדש,https://tickets.cinema-city.co.il/order/838783?lang=en,https://tickets.cinema-city.co.il/order/838783?lang=he,Regular,2D,,,2026-08-01,,,,135,All,Kfar Saba,Cinema City,586
19:00,SPIDERMAN: BRAND NEW DAY,ספיידרמן: יום חדש,https://tickets.cinema-city.co.il/order/839145?lang=en,https://tickets.cinema-city.co.il/order/839145?lang=he,Regular,2D,,,2026-08-01,,,,135,All,Kfar Saba,Cinema City,586
19:45,SPIDERMAN: BRAND NEW DAY,ספיידרמן: יום חדש,https://tickets.cinema-city.co.il/order/813988?lang=en,https://tickets.cinema-city.co.il/order/813988?lang=he,Regular,2D,,,2026-08-01,,,,135,All,Kfar Saba,Cinema City,586
20:35,SPIDERMAN: BRAND NEW DAY,ספיידרמן: יום חדש,https://tickets.cinema-city.co.il/order/838781?lang=en,https://tickets.cinema-city.co.il/order/838781?lang=he,Regular,2D,,,2026-08-01,,,,135,All,Kfar Saba,Cinema City,586
21:30,SPIDERMAN: BRAND NEW DAY,ספיידרמן: יום חדש,https://tickets.cinema-city.co.il/order/813987?lang=en,https://tickets.cinema-city.co.il/order/813987?lang=he,Regular,2D,,,2026-08-01,,,,135,All,Kfar Saba,Cinema City,586
22:30,SPIDERMAN: BRAND NEW DAY,ספיידרמן: יום חדש,https://tickets.cinema-city.co.il/order/838777?lang=en,https://tickets.cinema-city.co.il/order/838777?lang=he,Regular,2D,,,2026-08-01,,,,135,All,Kfar Saba,Cinema City,586
22:45,SPIDERMAN: BRAND NEW DAY,ספיידרמן: יום חדש,https://tickets.cinema-city.co.il/order/839198?lang=en,https://tickets.cinema-city.co.il/order/839198?lang=he,Regular,2D,,,2026-08-01,,,,135,All,Kfar Saba,Cinema City,586
23:10,SPIDERMAN: BRAND NEW DAY,ספיידרמן: יום חדש,https://tickets.cinema-city.co.il/order/813990?lang=en,https://tickets.cinema-city.co.il/order/813990?lang=he,Regular,2D,,,2026-08-01,,,,135,All,Kfar Saba,Cinema City,586
11:00,SPIDERMAN: BRAND NEW DAY,ספיידרמן: יום חדש,https://tickets.cinema-city.co.il/order/838858?lang=en,https://tickets.cinema-city.co.il/order/838858?lang=he,Regular,2D,,,2026-08-02,,,,135,All,Kfar Saba,Cinema City,586
12:15,SPIDERMAN: BRAND NEW DAY,ספיידרמן: יום חדש,https://tickets.cinema-city.co.il/order/838847?lang=en,https://tickets.cinema-city.co.il/order/838847?lang=he,Regular,2D,,,2026-08-02,,,,135,All,Kfar Saba,Cinema City,586
12:40,SPIDERMAN: BRAND NEW DAY,ספיידרמן: יום חדש,https://tickets.cinema-city.co.il/order/838846?lang=en,https://tickets.cinema-city.co.il/order/838846?lang=he,Regular,2D,,,2026-08-02,,,,135,All,Kfar Saba,Cinema City,586
13:40,SPIDERMAN: BRAND NEW DAY,ספיידרמן: יום חדש,https://tickets.cinema-city.co.il/order/838844?lang=en,https://tickets.cinema-city.co.il/order/838844?lang=he,Regular,2D,,,2026-08-02,,,,135,All,Kfar Saba,Cinema City,586
14:30,SPIDERMAN: BRAND NEW DAY,ספיידרמן: יום חדש,https://tickets.cinema-city.co.il/order/838859?lang=en,https://tickets.cinema-city.co.il/order/838859?lang=he,Regular,2D,,,2026-08-02,,,,135,All,Kfar Saba,Cinema City,586
15:35,SPIDERMAN: BRAND NEW DAY,ספיידרמן: יום חדש,https://tickets.cinema-city.co.il/order/838845?lang=en,https://tickets.cinema-city.co.il/order/838845?lang=he,Regular,2D,,,2026-08-02,,,,135,All,Kfar Saba,Cinema City,586
16:10,SPIDERMAN: BRAND NEW DAY,ספיידרמן: יום חדש,https://tickets.cinema-city.co.il/order/838855?lang=en,https://tickets.cinema-city.co.il/order/838855?lang=he,Regular,2D,,,2026-08-02,,,,135,All,Kfar Saba,Cinema City,586
17:10,SPIDERMAN: BRAND NEW DAY,ספיידרמן: יום חדש,https://tickets.cinema-city.co.il/order/838842?lang=en,https://tickets.cinema-city.co.il/order/838842?lang=he,Regular,2D,,,2026-08-02,,,,135,All,Kfar Saba,Cinema City,586
19:00,SPIDERMAN: BRAND NEW DAY,ספיידרמן: יום חדש,https://tickets.cinema-city.co.il/order/838834?lang=en,https://tickets.cinema-city.co.il/order/838834?lang=he,Regular,2D,,,2026-08-02,,,,135,All,Kfar Saba,Cinema City,586
19:40,SPIDERMAN: BRAND NEW DAY,ספיידרמן: יום חדש,https://tickets.cinema-city.co.il/order/838856?lang=en,https://tickets.cinema-city.co.il/order/838856?lang=he,Regular,2D,,,2026-08-02,,,,135,All,Kfar Saba,Cinema City,586
20:40,SPIDERMAN: BRAND NEW DAY,ספיידרמן: יום חדש,https://tickets.cinema-city.co.il/order/838843?lang=en,https://tickets.cinema-city.co.il/order/838843?lang=he,Regular,2D,,,2026-08-02,,,,135,All,Kfar Saba,Cinema City,586
22:30,SPIDERMAN: BRAND NEW DAY,ספיידרמן: יום חדש,https://tickets.cinema-city.co.il/order/838839?lang=en,https://tickets.cinema-city.co.il/order/838839?lang=he,Regular,2D,,,2026-08-02,,,,135,All,Kfar Saba,Cinema City,586
23:10,SPIDERMAN: BRAND NEW DAY,ספיידרמן: יום חדש,https://tickets.cinema-city.co.il/order/838857?lang=en,https://tickets.cinema-city.co.il/order/838857?lang=he,Regular,2D,,,2026-08-02,,,,135,All,Kfar Saba,Cinema City,586
11:00,SPIDERMAN: BRAND NEW DAY,ספיידרמן: יום חדש,https://tickets.cinema-city.co.il/order/838882?lang=en,https://tickets.cinema-city.co.il/order/838882?lang=he,Regular,2D,,,2026-08-03,,,,135,All,Kfar Saba,Cinema City,586
12:15,SPIDERMAN: BRAND NEW DAY,ספיידרמן: יום חדש,https://tickets.cinema-city.co.il/order/838871?lang=en,https://tickets.cinema-city.co.il/order/838871?lang=he,Regular,2D,,,2026-08-03,,,,135,All,Kfar Saba,Cinema City,586
12:40,SPIDERMAN: BRAND NEW DAY,ספיידרמן: יום חדש,https://tickets.cinema-city.co.il/order/838870?lang=en,https://tickets.cinema-city.co.il/order/838870?lang=he,Regular,2D,,,2026-08-03,,,,135,All,Kfar Saba,Cinema City,586
13:40,SPIDERMAN: BRAND NEW DAY,ספיידרמן: יום חדש,https://tickets.cinema-city.co.il/order/838868?lang=en,https://tickets.cinema-city.co.il/order/838868?lang=he,Regular,2D,,,2026-08-03,,,,135,All,Kfar Saba,Cinema City,586
14:30,SPIDERMAN: BRAND NEW DAY,ספיידרמן: יום חדש,https://tickets.cinema-city.co.il/order/838883?lang=en,https://tickets.cinema-city.co.il/order/838883?lang=he,Regular,2D,,,2026-08-03,,,,135,All,Kfar Saba,Cinema City,586
15:35,SPIDERMAN: BRAND NEW DAY,ספיידרמן: יום חדש,https://tickets.cinema-city.co.il/order/838869?lang=en,https://tickets.cinema-city.co.il/order/838869?lang=he,Regular,2D,,,2026-08-03,,,,135,All,Kfar Saba,Cinema City,586
16:10,SPIDERMAN: BRAND NEW DAY,ספיידרמן: יום חדש,https://tickets.cinema-city.co.il/order/838879?lang=en,https://tickets.cinema-city.co.il/order/838879?lang=he,Regular,2D,,,2026-08-03,,,,135,All,Kfar Saba,Cinema City,586
17:10,SPIDERMAN: BRAND NEW DAY,ספיידרמן: יום חדש,https://tickets.cinema-city.co.il/order/838866?lang=en,https://tickets.cinema-city.co.il/order/838866?lang=he,Regular,2D,,,2026-08-03,,,,135,All,Kfar Saba,Cinema City,586
19:00,SPIDERMAN: BRAND NEW DAY,ספיידרמן: יום חדש,https://tickets.cinema-city.co.il/order/838904?lang=en,https://tickets.cinema-city.co.il/order/838904?lang=he,Regular,2D,,,2026-08-03,,,,135,All,Kfar Saba,Cinema City,586
19:40,SPIDERMAN: BRAND NEW DAY,ספיידרמן: יום חדש,https://tickets.cinema-city.co.il/order/838880?lang=en,https://tickets.cinema-city.co.il/order/838880?lang=he,Regular,2D,,,2026-08-03,,,,135,All,Kfar Saba,Cinema City,586
20:40,SPIDERMAN: BRAND NEW DAY,ספיידרמן: יום חדש,https://tickets.cinema-city.co.il/order/838867?lang=en,https://tickets.cinema-city.co.il/order/838867?lang=he,Regular,2D,,,2026-08-03,,,,135,All,Kfar Saba,Cinema City,586
22:30,SPIDERMAN: BRAND NEW DAY,ספיידרמן: יום חדש,https://tickets.cinema-city.co.il/order/838875?lang=en,https://tickets.cinema-city.co.il/order/838875?lang=he,Regular,2D,,,2026-08-03,,,,135,All,Kfar Saba,Cinema City,586
23:10,SPIDERMAN: BRAND NEW DAY,ספיידרמן: יום חדש,https://tickets.cinema-city.co.il/order/838881?lang=en,https://tickets.cinema-city.co.il/order/838881?lang=he,Regular,2D,,,2026-08-03,,,,135,All,Kfar Saba,Cinema City,586
12:15,SPIDERMAN: BRAND NEW DAY,ספיידרמן: יום חדש,https://tickets.cinema-city.co.il/order/838946?lang=en,https://tickets.cinema-city.co.il/order/838946?lang=he,Regular,2D,,,2026-08-04,,,,135,All,Kfar Saba,Cinema City,586
12:50,SPIDERMAN: BRAND NEW DAY,ספיידרמן: יום חדש,https://tickets.cinema-city.co.il/order/838945?lang=en,https://tickets.cinema-city.co.il/order/838945?lang=he,Regular,2D,,,2026-08-04,,,,135,All,Kfar Saba,Cinema City,586
13:40,SPIDERMAN: BRAND NEW DAY,ספיידרמן: יום חדש,https://tickets.cinema-city.co.il/order/838942?lang=en,https://tickets.cinema-city.co.il/order/838942?lang=he,Regular,2D,,,2026-08-04,,,,135,All,Kfar Saba,Cinema City,586
15:35,SPIDERMAN: BRAND NEW DAY,ספיידרמן: יום חדש,https://tickets.cinema-city.co.il/order/838932?lang=en,https://tickets.cinema-city.co.il/order/838932?lang=he,Regular,2D,,,2026-08-04,,,,135,All,Kfar Saba,Cinema City,586
15:40,SPIDERMAN: BRAND NEW DAY,ספיידרמן: יום חדש,https://tickets.cinema-city.co.il/order/838957?lang=en,https://tickets.cinema-city.co.il/order/838957?lang=he,Regular,2D,,,2026-08-04,,,,135,All,Kfar Saba,Cinema City,586
16:20,SPIDERMAN: BRAND NEW DAY,ספיידרמן: יום חדש,https://tickets.cinema-city.co.il/order/838940?lang=en,https://tickets.cinema-city.co.il/order/838940?lang=he,Regular,2D,,,2026-08-04,,,,135,All,Kfar Saba,Cinema City,586
19:00,SPIDERMAN: BRAND NEW DAY,ספיידרמן: יום חדש,https://tickets.cinema-city.co.il/order/838943?lang=en,https://tickets.cinema-city.co.il/order/838943?lang=he,Regular,2D,,,2026-08-04,,,,135,All,Kfar Saba,Cinema City,586
19:15,SPIDERMAN: BRAND NEW DAY,ספיידרמן: יום חדש,https://tickets.cinema-city.co.il/order/838956?lang=en,https://tickets.cinema-city.co.il/order/838956?lang=he,Regular,2D,,,2026-08-04,,,,135,All,Kfar Saba,Cinema City,586
19:50,SPIDERMAN: BRAND NEW DAY,ספיידרמן: יום חדש,https://tickets.cinema-city.co.il/order/838941?lang=en,https://tickets.cinema-city.co.il/order/838941?lang=he,Regular,2D,,,2026-08-04,,,,135,All,Kfar Saba,Cinema City,586
22:30,SPIDERMAN: BRAND NEW DAY,ספיידרמן: יום חדש,https://tickets.cinema-city.co.il/order/838937?lang=en,https://tickets.cinema-city.co.il/order/838937?lang=he,Regular,2D,,,2026-08-04,,,,135,All,Kfar Saba,Cinema City,586
23:00,SPIDERMAN: BRAND NEW DAY,ספיידרמן: יום חדש,https://tickets.cinema-city.co.il/order/838955?lang=en,https://tickets.cinema-city.co.il/order/838955?lang=he,Regular,2D,,,2026-08-04,,,,135,All,Kfar Saba,Cinema City,586
23:15,SPIDERMAN: BRAND NEW DAY,ספיידרמן: יום חדש,https://tickets.cinema-city.co.il/order/838954?lang=en,https://tickets.cinema-city.co.il/order/838954?lang=he,Regular,2D,,,2026-08-04,,,,135,All,Kfar Saba,Cinema City,586
12:15,SPIDERMAN: BRAND NEW DAY,ספיידרמן: יום חדש,https://tickets.cinema-city.co.il/order/838531?lang=en,https://tickets.cinema-city.co.il/order/838531?lang=he,Regular,2D,,,2026-08-05,,,,135,All,Kfar Saba,Cinema City,586
12:50,SPIDERMAN: BRAND NEW DAY,ספיידרמן: יום חדש,https://tickets.cinema-city.co.il/order/838530?lang=en,https://tickets.cinema-city.co.il/order/838530?lang=he,Regular,2D,,,2026-08-05,,,,135,All,Kfar Saba,Cinema City,586
13:40,SPIDERMAN: BRAND NEW DAY,ספיידרמן: יום חדש,https://tickets.cinema-city.co.il/order/838527?lang=en,https://tickets.cinema-city.co.il/order/838527?lang=he,Regular,2D,,,2026-08-05,,,,135,All,Kfar Saba,Cinema City,586
15:10,SPIDERMAN: BRAND NEW DAY,ספיידרמן: יום חדש,https://tickets.cinema-city.co.il/order/838542?lang=en,https://tickets.cinema-city.co.il/order/838542?lang=he,Regular,2D,,,2026-08-05,,,,135,All,Kfar Saba,Cinema City,586
15:35,SPIDERMAN: BRAND NEW DAY,ספיידרמן: יום חדש,https://tickets.cinema-city.co.il/order/838565?lang=en,https://tickets.cinema-city.co.il/order/838565?lang=he,Regular,2D,,,2026-08-05,,,,135,All,Kfar Saba,Cinema City,586
16:20,SPIDERMAN: BRAND NEW DAY,ספיידרמן: יום חדש,https://tickets.cinema-city.co.il/order/838525?lang=en,https://tickets.cinema-city.co.il/order/838525?lang=he,Regular,2D,,,2026-08-05,,,,135,All,Kfar Saba,Cinema City,586
18:20,SPIDERMAN: BRAND NEW DAY,ספיידרמן: יום חדש,https://tickets.cinema-city.co.il/order/838541?lang=en,https://tickets.cinema-city.co.il/order/838541?lang=he,Regular,2D,,,2026-08-05,,,,135,All,Kfar Saba,Cinema City,586
19:00,SPIDERMAN: BRAND NEW DAY,ספיידרמן: יום חדש,https://tickets.cinema-city.co.il/order/838528?lang=en,https://tickets.cinema-city.co.il/order/838528?lang=he,Regular,2D,,,2026-08-05,,,,135,All,Kfar Saba,Cinema City,586
19:50,SPIDERMAN: BRAND NEW DAY,ספיידרמן: יום חדש,https://tickets.cinema-city.co.il/order/838526?lang=en,https://tickets.cinema-city.co.il/order/838526?lang=he,Regular,2D,,,2026-08-05,,,,135,All,Kfar Saba,Cinema City,586
21:50,SPIDERMAN: BRAND NEW DAY,ספיידרמן: יום חדש,https://tickets.cinema-city.co.il/order/838540?lang=en,https://tickets.cinema-city.co.il/order/838540?lang=he,Regular,2D,,,2026-08-05,,,,135,All,Kfar Saba,Cinema City,586
22:30,SPIDERMAN: BRAND NEW DAY,ספיידרמן: יום חדש,https://tickets.cinema-city.co.il/order/838535?lang=en,https://tickets.cinema-city.co.il/order/838535?lang=he,Regular,2D,,,2026-08-05,,,,135,All,Kfar Saba,Cinema City,586
23:15,SPIDERMAN: BRAND NEW DAY,ספיידרמן: יום חדש,https://tickets.cinema-city.co.il/order/838539?lang=en,https://tickets.cinema-city.co.il/order/838539?lang=he,Regular,2D,,,2026-08-05,,,,135,All,Kfar Saba,Cinema City,586
21:40,סרט כחול לבן,סרט כחול לבן,https://tickets.cinema-city.co.il/order/838776?lang=en,https://tickets.cinema-city.co.il/order/838776?lang=he,Regular,2D,,,2026-08-01,,,,86,14+,Kfar Saba,Cinema City,586
21:50,סרט כחול לבן,סרט כחול לבן,https://tickets.cinema-city.co.il/order/838838?lang=en,https://tickets.cinema-city.co.il/order/838838?lang=he,Regular,2D,,,2026-08-02,,,,86,14+,Kfar Saba,Cinema City,586
21:50,סרט כחול לבן,סרט כחול לבן,https://tickets.cinema-city.co.il/order/838908?lang=en,https://tickets.cinema-city.co.il/order/838908?lang=he,Regular,2D,,,2026-08-03,,,,86,14+,Kfar Saba,Cinema City,586
21:40,סרט כחול לבן,סרט כחול לבן,https://tickets.cinema-city.co.il/order/838936?lang=en,https://tickets.cinema-city.co.il/order/838936?lang=he,Regular,2D,,,2026-08-04,,,,86,14+,Kfar Saba,Cinema City,586
21:40,סרט כחול לבן,סרט כחול לבן,https://tickets.cinema-city.co.il/order/838569?lang=en,https://tickets.cinema-city.co.il/order/838569?lang=he,Regular,2D,,,2026-08-05,,,,86,14+,Kfar Saba,Cinema City,586
16:40,קופה ראשית: הסרט,קופה ראשית: הסרט,https://tickets.cinema-city.co.il/order/838808?lang=en,https://tickets.cinema-city.co.il/order/838808?lang=he,Regular,2D,,,2026-08-01,,,,91,All,Kfar Saba,Cinema City,586
19:15,קופה ראשית: הסרט,קופה ראשית: הסרט,https://tickets.cinema-city.co.il/order/838807?lang=en,https://tickets.cinema-city.co.il/order/838807?lang=he,Regular,2D,,,2026-08-01,,,,91,All,Kfar Saba,Cinema City,586
23:55,קופה ראשית: הסרט,קופה ראשית: הסרט,https://tickets.cinema-city.co.il/order/838795?lang=en,https://tickets.cinema-city.co.il/order/838795?lang=he,Regular,2D,,,2026-08-01,,,,91,All,Kfar Saba,Cinema City,586
18:00,קופה ראשית: הסרט,קופה ראשית: הסרט,https://tickets.cinema-city.co.il/order/838860?lang=en,https://tickets.cinema-city.co.il/order/838860?lang=he,Regular,2D,,,2026-08-02,,,,91,All,Kfar Saba,Cinema City,586
19:30,קופה ראשית: הסרט,קופה ראשית: הסרט,https://tickets.cinema-city.co.il/order/838827?lang=en,https://tickets.cinema-city.co.il/order/838827?lang=he,Regular,2D,,,2026-08-02,,,,91,All,Kfar Saba,Cinema City,586
23:20,קופה ראשית: הסרט,קופה ראשית: הסרט,https://tickets.cinema-city.co.il/order/838862?lang=en,https://tickets.cinema-city.co.il/order/838862?lang=he,Regular,2D,,,2026-08-02,,,,91,All,Kfar Saba,Cinema City,586
18:00,קופה ראשית: הסרט,קופה ראשית: הסרט,https://tickets.cinema-city.co.il/order/838884?lang=en,https://tickets.cinema-city.co.il/order/838884?lang=he,Regular,2D,,,2026-08-03,,,,91,All,Kfar Saba,Cinema City,586
19:30,קופה ראשית: הסרט,קופה ראשית: הסרט,https://tickets.cinema-city.co.il/order/838897?lang=en,https://tickets.cinema-city.co.il/order/838897?lang=he,Regular,2D,,,2026-08-03,,,,91,All,Kfar Saba,Cinema City,586
22:50,קופה ראשית: הסרט,קופה ראשית: הסרט,https://tickets.cinema-city.co.il/order/838886?lang=en,https://tickets.cinema-city.co.il/order/838886?lang=he,Regular,2D,,,2026-08-03,,,,91,All,Kfar Saba,Cinema City,586
12:00,קופה ראשית: הסרט,קופה ראשית: הסרט,https://tickets.cinema-city.co.il/order/839125?lang=en,https://tickets.cinema-city.co.il/order/839125?lang=he,Regular,2D,,,2026-08-04,,,,91,All,Kfar Saba,Cinema City,586
17:00,קופה ראשית: הסרט,קופה ראשית: הסרט,https://tickets.cinema-city.co.il/order/838924?lang=en,https://tickets.cinema-city.co.il/order/838924?lang=he,Regular,2D,,,2026-08-04,,,,91,All,Kfar Saba,Cinema City,586
19:15,קופה ראשית: הסרט,קופה ראשית: הסרט,https://tickets.cinema-city.co.il/order/838923?lang=en,https://tickets.cinema-city.co.il/order/838923?lang=he,Regular,2D,,,2026-08-04,,,,91,All,Kfar Saba,Cinema City,586
23:55,קופה ראשית: הסרט,קופה ראשית: הסרט,https://tickets.cinema-city.co.il/order/838921?lang=en,https://tickets.cinema-city.co.il/order/838921?lang=he,Regular,2D,,,2026-08-04,,,,91,All,Kfar Saba,Cinema City,586
17:00,קופה ראשית: הסרט,קופה ראשית: הסרט,https://tickets.cinema-city.co.il/order/838548?lang=en,https://tickets.cinema-city.co.il/order/838548?lang=he,Regular,2D,,,2026-08-05,,,,91,All,Kfar Saba,Cinema City,586
19:15,קופה ראשית: הסרט,קופה ראשית: הסרט,https://tickets.cinema-city.co.il/order/838557?lang=en,https://tickets.cinema-city.co.il/order/838557?lang=he,Regular,2D,,,2026-08-05,,,,91,All,Kfar Saba,Cinema City,586
23:55,קופה ראשית: הסרט,קופה ראשית: הסרט,https://tickets.cinema-city.co.il/order/838556?lang=en,https://tickets.cinema-city.co.il/order/838556?lang=he,Regular,2D,,,2026-08-05,,,,91,All,Kfar Saba,Cinema City,586
16:45,Just an Illusion,אשליות מתוקות,https://tickets.cinema-city.co.il/order/838962?lang=en,https://tickets.cinema-city.co.il/order/838962?lang=he,Prime,2D,,,2026-08-04,,,,119,All,Kfar Saba,Cinema City,586
16:45,Just an Illusion,אשליות מתוקות,https://tickets.cinema-city.co.il/order/838547?lang=en,https://tickets.cinema-city.co.il/order/838547?lang=he,Prime,2D,,,2026-08-05,,,,119,All,Kfar Saba,Cinema City,586
23:30,I Want Your Sex,בוסית בהפרעה,https://tickets.cinema-city.co.il/order/838803?lang=en,https://tickets.cinema-city.co.il/order/838803?lang=he,Prime,2D,,,2026-08-01,,,,90,16+,Kfar Saba,Cinema City,586
23:30,I Want Your Sex,בוסית בהפרעה,https://tickets.cinema-city.co.il/order/838823?lang=en,https://tickets.cinema-city.co.il/order/838823?lang=he,Prime,2D,,,2026-08-02,,,,90,16+,Kfar Saba,Cinema City,586
23:30,I Want Your Sex,בוסית בהפרעה,https://tickets.cinema-city.co.il/order/838893?lang=en,https://tickets.cinema-city.co.il/order/838893?lang=he,Prime,2D,,,2026-08-03,,,,90,16+,Kfar Saba,Cinema City,586
23:30,I Want Your Sex,בוסית בהפרעה,https://tickets.cinema-city.co.il/order/838919?lang=en,https://tickets.cinema-city.co.il/order/838919?lang=he,Prime,2D,,,2026-08-04,,,,90,16+,Kfar Saba,Cinema City,586
23:30,I Want Your Sex,בוסית בהפרעה,https://tickets.cinema-city.co.il/order/838554?lang=en,https://tickets.cinema-city.co.il/order/838554?lang=he,Prime,2D,,,2026-08-05,,,,90,16+,Kfar Saba,Cinema City,586
13:00,THE ODYSSEY,האודיסאה,https://tickets.cinema-city.co.il/order/838793?lang=en,https://tickets.cinema-city.co.il/order/838793?lang=he,Prime,2D,,,2026-08-01,,,,172,14+,Kfar Saba,Cinema City,586
19:50,THE ODYSSEY,האודיסאה,https://tickets.cinema-city.co.il/order/838792?lang=en,https://tickets.cinema-city.co.il/order/838792?lang=he,Prime,2D,,,2026-08-01,,,,172,14+,Kfar Saba,Cinema City,586
13:00,THE ODYSSEY,האודיסאה,https://tickets.cinema-city.co.il/order/838854?lang=en,https://tickets.cinema-city.co.il/order/838854?lang=he,Prime,2D,,,2026-08-02,,,,172,14+,Kfar Saba,Cinema City,586
19:50,THE ODYSSEY,האודיסאה,https://tickets.cinema-city.co.il/order/838853?lang=en,https://tickets.cinema-city.co.il/order/838853?lang=he,Prime,2D,,,2026-08-02,,,,172,14+,Kfar Saba,Cinema City,586
13:00,THE ODYSSEY,האודיסאה,https://tickets.cinema-city.co.il/order/838878?lang=en,https://tickets.cinema-city.co.il/order/838878?lang=he,Prime,2D,,,2026-08-03,,,,172,14+,Kfar Saba,Cinema City,586
19:50,THE ODYSSEY,האודיסאה,https://tickets.cinema-city.co.il/order/838877?lang=en,https://tickets.cinema-city.co.il/order/838877?lang=he,Prime,2D,,,2026-08-03,,,,172,14+,Kfar Saba,Cinema City,586
13:00,THE ODYSSEY,האודיסאה,https://tickets.cinema-city.co.il/order/838952?lang=en,https://tickets.cinema-city.co.il/order/838952?lang=he,Prime,2D,,,2026-08-04,,,,172,14+,Kfar Saba,Cinema City,586
19:50,THE ODYSSEY,האודיסאה,https://tickets.cinema-city.co.il/order/838951?lang=en,https://tickets.cinema-city.co.il/order/838951?lang=he,Prime,2D,,,2026-08-04,,,,172,14+,Kfar Saba,Cinema City,586
13:00,THE ODYSSEY,האודיסאה,https://tickets.cinema-city.co.il/order/838537?lang=en,https://tickets.cinema-city.co.il/order/838537?lang=he,Prime,2D,,,2026-08-05,,,,172,14+,Kfar Saba,Cinema City,586
19:50,THE ODYSSEY,האודיסאה,https://tickets.cinema-city.co.il/order/838536?lang=en,https://tickets.cinema-city.co.il/order/838536?lang=he,Prime,2D,,,2026-08-05,,,,172,14+,Kfar Saba,Cinema City,586
10:00,Tafiti: Across the Desert,טפיטי: הרפתקה במדבר,https://tickets.cinema-city.co.il/order/838959?lang=en,https://tickets.cinema-city.co.il/order/838959?lang=he,Prime,2D,,Hebrew,2026-08-04,,,,81,9+,Kfar Saba,Cinema City,586
10:00,Tafiti: Across the Desert,טפיטי: הרפתקה במדבר,https://tickets.cinema-city.co.il/order/838544?lang=en,https://tickets.cinema-city.co.il/order/838544?lang=he,Prime,2D,,Hebrew,2026-08-05,,,,81,9+,Kfar Saba,Cinema City,586
10:50,MASHA & THE BEAR – WONDER PARK,מאשה והדוב-ההרפתקה הגדולה,https://tickets.cinema-city.co.il/order/838794?lang=en,https://tickets.cinema-city.co.il/order/838794?lang=he,Prime,2D,,Hebrew,2026-08-01,,,,73,All,Kfar Saba,Cinema City,586
10:50,MASHA & THE BEAR – WONDER PARK,מאשה והדוב-ההרפתקה הגדולה,https://tickets.cinema-city.co.il/order/838825?lang=en,https://tickets.cinema-city.co.il/order/838825?lang=he,Prime,2D,,Hebrew,2026-08-02,,,,73,All,Kfar Saba,Cinema City,586
10:50,MASHA & THE BEAR – WONDER PARK,מאשה והדוב-ההרפתקה הגדולה,https://tickets.cinema-city.co.il/order/838895?lang=en,https://tickets.cinema-city.co.il/order/838895?lang=he,Prime,2D,,Hebrew,2026-08-03,,,,73,All,Kfar Saba,Cinema City,586
10:50,MASHA & THE BEAR – WONDER PARK,מאשה והדוב-ההרפתקה הגדולה,https://tickets.cinema-city.co.il/order/838953?lang=en,https://tickets.cinema-city.co.il/order/838953?lang=he,Prime,2D,,Hebrew,2026-08-04,,,,73,All,Kfar Saba,Cinema City,586
10:50,MASHA & THE BEAR – WONDER PARK,מאשה והדוב-ההרפתקה הגדולה,https://tickets.cinema-city.co.il/order/838538?lang=en,https://tickets.cinema-city.co.il/order/838538?lang=he,Prime,2D,,Hebrew,2026-08-05,,,,73,All,Kfar Saba,Cinema City,586
12:15,SPIDERMAN: BRAND NEW DAY,ספיידרמן: יום חדש,https://tickets.cinema-city.co.il/order/838786?lang=en,https://tickets.cinema-city.co.il/order/838786?lang=he,Prime,2D,,,2026-08-01,,,,135,All,Kfar Saba,Cinema City,586
15:35,SPIDERMAN: BRAND NEW DAY,ספיידרמן: יום חדש,https://tickets.cinema-city.co.il/order/838784?lang=en,https://tickets.cinema-city.co.il/order/838784?lang=he,Prime,2D,,,2026-08-01,,,,135,All,Kfar Saba,Cinema City,586
19:00,SPIDERMAN: BRAND NEW DAY,ספיידרמן: יום חדש,https://tickets.cinema-city.co.il/order/838783?lang=en,https://tickets.cinema-city.co.il/order/838783?lang=he,Prime,2D,,,2026-08-01,,,,135,All,Kfar Saba,Cinema City,586
22:30,SPIDERMAN: BRAND NEW DAY,ספיידרמן: יום חדש,https://tickets.cinema-city.co.il/order/838777?lang=en,https://tickets.cinema-city.co.il/order/838777?lang=he,Prime,2D,,,2026-08-01,,,,135,All,Kfar Saba,Cinema City,586
12:15,SPIDERMAN: BRAND NEW DAY,ספיידרמן: יום חדש,https://tickets.cinema-city.co.il/order/838847?lang=en,https://tickets.cinema-city.co.il/order/838847?lang=he,Prime,2D,,,2026-08-02,,,,135,All,Kfar Saba,Cinema City,586
15:35,SPIDERMAN: BRAND NEW DAY,ספיידרמן: יום חדש,https://tickets.cinema-city.co.il/order/838845?lang=en,https://tickets.cinema-city.co.il/order/838845?lang=he,Prime,2D,,,2026-08-02,,,,135,All,Kfar Saba,Cinema City,586
19:00,SPIDERMAN: BRAND NEW DAY,ספיידרמן: יום חדש,https://tickets.cinema-city.co.il/order/838834?lang=en,https://tickets.cinema-city.co.il/order/838834?lang=he,Prime,2D,,,2026-08-02,,,,135,All,Kfar Saba,Cinema City,586
22:30,SPIDERMAN: BRAND NEW DAY,ספיידרמן: יום חדש,https://tickets.cinema-city.co.il/order/838839?lang=en,https://tickets.cinema-city.co.il/order/838839?lang=he,Prime,2D,,,2026-08-02,,,,135,All,Kfar Saba,Cinema City,586
12:15,SPIDERMAN: BRAND NEW DAY,ספיידרמן: יום חדש,https://tickets.cinema-city.co.il/order/838871?lang=en,https://tickets.cinema-city.co.il/order/838871?lang=he,Prime,2D,,,2026-08-03,,,,135,All,Kfar Saba,Cinema City,586
15:35,SPIDERMAN: BRAND NEW DAY,ספיידרמן: יום חדש,https://tickets.cinema-city.co.il/order/838869?lang=en,https://tickets.cinema-city.co.il/order/838869?lang=he,Prime,2D,,,2026-08-03,,,,135,All,Kfar Saba,Cinema City,586
19:00,SPIDERMAN: BRAND NEW DAY,ספיידרמן: יום חדש,https://tickets.cinema-city.co.il/order/838904?lang=en,https://tickets.cinema-city.co.il/order/838904?lang=he,Prime,2D,,,2026-08-03,,,,135,All,Kfar Saba,Cinema City,586
22:30,SPIDERMAN: BRAND NEW DAY,ספיידרמן: יום חדש,https://tickets.cinema-city.co.il/order/838875?lang=en,https://tickets.cinema-city.co.il/order/838875?lang=he,Prime,2D,,,2026-08-03,,,,135,All,Kfar Saba,Cinema City,586
12:15,SPIDERMAN: BRAND NEW DAY,ספיידרמן: יום חדש,https://tickets.cinema-city.co.il/order/838946?lang=en,https://tickets.cinema-city.co.il/order/838946?lang=he,Prime,2D,,,2026-08-04,,,,135,All,Kfar Saba,Cinema City,586
15:35,SPIDERMAN: BRAND NEW DAY,ספיידרמן: יום חדש,https://tickets.cinema-city.co.il/order/838932?lang=en,https://tickets.cinema-city.co.il/order/838932?lang=he,Prime,2D,,,2026-08-04,,,,135,All,Kfar Saba,Cinema City,586
19:00,SPIDERMAN: BRAND NEW DAY,ספיידרמן: יום חדש,https://tickets.cinema-city.co.il/order/838943?lang=en,https://tickets.cinema-city.co.il/order/838943?lang=he,Prime,2D,,,2026-08-04,,,,135,All,Kfar Saba,Cinema City,586
22:30,SPIDERMAN: BRAND NEW DAY,ספיידרמן: יום חדש,https://tickets.cinema-city.co.il/order/838937?lang=en,https://tickets.cinema-city.co.il/order/838937?lang=he,Prime,2D,,,2026-08-04,,,,135,All,Kfar Saba,Cinema City,586
12:15,SPIDERMAN: BRAND NEW DAY,ספיידרמן: יום חדש,https://tickets.cinema-city.co.il/order/838531?lang=en,https://tickets.cinema-city.co.il/order/838531?lang=he,Prime,2D,,,2026-08-05,,,,135,All,Kfar Saba,Cinema City,586
15:35,SPIDERMAN: BRAND NEW DAY,ספיידרמן: יום חדש,https://tickets.cinema-city.co.il/order/838565?lang=en,https://tickets.cinema-city.co.il/order/838565?lang=he,Prime,2D,,,2026-08-05,,,,135,All,Kfar Saba,Cinema City,586
19:00,SPIDERMAN: BRAND NEW DAY,ספיידרמן: יום חדש,https://tickets.cinema-city.co.il/order/838528?lang=en,https://tickets.cinema-city.co.il/order/838528?lang=he,Prime,2D,,,2026-08-05,,,,135,All,Kfar Saba,Cinema City,586
22:30,SPIDERMAN: BRAND NEW DAY,ספיידרמן: יום חדש,https://tickets.cinema-city.co.il/order/838535?lang=en,https://tickets.cinema-city.co.il/order/838535?lang=he,Prime,2D,,,2026-08-05,,,,135,All,Kfar Saba,Cinema City,586
15:30,Just an Illusion,אשליות מתוקות,https://tickets.cinema-city.co.il/order/837839?lang=en,https://tickets.cinema-city.co.il/order/837839?lang=he,Regular,2D,,,2026-08-04,,,,119,All,Netanya,Cinema City,586
21:50,I Want Your Sex,בוסית בהפרעה,https://tickets.cinema-city.co.il/order/837337?lang=en,https://tickets.cinema-city.co.il/order/837337?lang=he,Regular,2D,,,2026-08-01,,,,90,16+,Netanya,Cinema City,586
21:20,I Want Your Sex,בוסית בהפרעה,https://tickets.cinema-city.co.il/order/837514?lang=en,https://tickets.cinema-city.co.il/order/837514?lang=he,Regular,2D,,,2026-08-02,,,,90,16+,Netanya,Cinema City,586
23:40,I Want Your Sex,בוסית בהפרעה,https://tickets.cinema-city.co.il/order/837517?lang=en,https://tickets.cinema-city.co.il/order/837517?lang=he,Regular,2D,,,2026-08-02,,,,90,16+,Netanya,Cinema City,586
21:10,I Want Your Sex,בוסית בהפרעה,https://tickets.cinema-city.co.il/order/837591?lang=en,https://tickets.cinema-city.co.il/order/837591?lang=he,Regular,2D,,,2026-08-03,,,,90,16+,Netanya,Cinema City,586
23:20,I Want Your Sex,בוסית בהפרעה,https://tickets.cinema-city.co.il/order/837552?lang=en,https://tickets.cinema-city.co.il/order/837552?lang=he,Regular,2D,,,2026-08-03,,,,90,16+,Netanya,Cinema City,586
00:15,I Want Your Sex,בוסית בהפרעה,https://tickets.cinema-city.co.il/order/838746?lang=en,https://tickets.cinema-city.co.il/order/838746?lang=he,Regular,2D,,,2026-08-03,,,,90,16+,Netanya,Cinema City,586
21:30,I Want Your Sex,בוסית בהפרעה,https://tickets.cinema-city.co.il/order/837794?lang=en,https://tickets.cinema-city.co.il/order/837794?lang=he,Regular,2D,,,2026-08-04,,,,90,16+,Netanya,Cinema City,586
23:50,I Want Your Sex,בוסית בהפרעה,https://tickets.cinema-city.co.il/order/837795?lang=en,https://tickets.cinema-city.co.il/order/837795?lang=he,Regular,2D,,,2026-08-04,,,,90,16+,Netanya,Cinema City,586
10:00,GRACIE & PEDRO: PETS TO THE RESCUE,גרייסי ופדרו: חיות המחמד בפעולה,https://tickets.cinema-city.co.il/order/837359?lang=en,https://tickets.cinema-city.co.il/order/837359?lang=he,Regular,2D,,Hebrew,2026-08-01,,,,87,All,Netanya,Cinema City,586
15:10,GRACIE & PEDRO: PETS TO THE RESCUE,גרייסי ופדרו: חיות המחמד בפעולה,https://tickets.cinema-city.co.il/order/837372?lang=en,https://tickets.cinema-city.co.il/order/837372?lang=he,Regular,2D,,Hebrew,2026-08-01,,,,87,All,Netanya,Cinema City,586
12:40,GRACIE & PEDRO: PETS TO THE RESCUE,גרייסי ופדרו: חיות המחמד בפעולה,https://tickets.cinema-city.co.il/order/837480?lang=en,https://tickets.cinema-city.co.il/order/837480?lang=he,Regular,2D,,Hebrew,2026-08-02,,,,87,All,Netanya,Cinema City,586
10:00,GRACIE & PEDRO: PETS TO THE RESCUE,גרייסי ופדרו: חיות המחמד בפעולה,https://tickets.cinema-city.co.il/order/837592?lang=en,https://tickets.cinema-city.co.il/order/837592?lang=he,Regular,2D,,Hebrew,2026-08-03,,,,87,All,Netanya,Cinema City,586
13:20,GRACIE & PEDRO: PETS TO THE RESCUE,גרייסי ופדרו: חיות המחמד בפעולה,https://tickets.cinema-city.co.il/order/837579?lang=en,https://tickets.cinema-city.co.il/order/837579?lang=he,Regular,2D,,Hebrew,2026-08-03,,,,87,All,Netanya,Cinema City,586
13:20,GRACIE & PEDRO: PETS TO THE RESCUE,גרייסי ופדרו: חיות המחמד בפעולה,https://tickets.cinema-city.co.il/order/837818?lang=en,https://tickets.cinema-city.co.il/order/837818?lang=he,Regular,2D,,Hebrew,2026-08-04,,,,87,All,Netanya,Cinema City,586
13:10,GRACIE & PEDRO: PETS TO THE RESCUE,גרייסי ופדרו: חיות המחמד בפעולה,https://tickets.cinema-city.co.il/order/837036?lang=en,https://tickets.cinema-city.co.il/order/837036?lang=he,Regular,2D,,Hebrew,2026-08-05,,,,87,All,Netanya,Cinema City,586
15:50,THE ODYSSEY,האודיסאה,https://tickets.cinema-city.co.il/order/837344?lang=en,https://tickets.cinema-city.co.il/order/837344?lang=he,Regular,2D,,,2026-08-01,,,,172,14+,Netanya,Cinema City,586
17:20,THE ODYSSEY,האודיסאה,https://tickets.cinema-city.co.il/order/837339?lang=en,https://tickets.cinema-city.co.il/order/837339?lang=he,Regular,2D,,,2026-08-01,,,,172,14+,Netanya,Cinema City,586
19:30,THE ODYSSEY,האודיסאה,https://tickets.cinema-city.co.il/order/837345?lang=en,https://tickets.cinema-city.co.il/order/837345?lang=he,Regular,2D,,,2026-08-01,,,,172,14+,Netanya,Cinema City,586
20:50,THE ODYSSEY,האודיסאה,https://tickets.cinema-city.co.il/order/837343?lang=en,https://tickets.cinema-city.co.il/order/837343?lang=he,Regular,2D,,,2026-08-01,,,,172,14+,Netanya,Cinema City,586
23:10,THE ODYSSEY,האודיסאה,https://tickets.cinema-city.co.il/order/837377?lang=en,https://tickets.cinema-city.co.il/order/837377?lang=he,Regular,2D,,,2026-08-01,,,,172,14+,Netanya,Cinema City,586
15:40,THE ODYSSEY,האודיסאה,https://tickets.cinema-city.co.il/order/837528?lang=en,https://tickets.cinema-city.co.il/order/837528?lang=he,Regular,2D,,,2026-08-02,,,,172,14+,Netanya,Cinema City,586
17:15,THE ODYSSEY,האודיסאה,https://tickets.cinema-city.co.il/order/837518?lang=en,https://tickets.cinema-city.co.il/order/837518?lang=he,Regular,2D,,,2026-08-02,,,,172,14+,Netanya,Cinema City,586
19:20,THE ODYSSEY,האודיסאה,https://tickets.cinema-city.co.il/order/837529?lang=en,https://tickets.cinema-city.co.il/order/837529?lang=he,Regular,2D,,,2026-08-02,,,,172,14+,Netanya,Cinema City,586
19:50,THE ODYSSEY,האודיסאה,https://tickets.cinema-city.co.il/order/837459?lang=en,https://tickets.cinema-city.co.il/order/837459?lang=he,Regular,2D,,,2026-08-02,,,,172,14+,Netanya,Cinema City,586
20:45,THE ODYSSEY,האודיסאה,https://tickets.cinema-city.co.il/order/837525?lang=en,https://tickets.cinema-city.co.il/order/837525?lang=he,Regular,2D,,,2026-08-02,,,,172,14+,Netanya,Cinema City,586
23:20,THE ODYSSEY,האודיסאה,https://tickets.cinema-city.co.il/order/838451?lang=en,https://tickets.cinema-city.co.il/order/838451?lang=he,Regular,2D,,,2026-08-02,,,,172,14+,Netanya,Cinema City,586
15:00,THE ODYSSEY,האודיסאה,https://tickets.cinema-city.co.il/order/837558?lang=en,https://tickets.cinema-city.co.il/order/837558?lang=he,Regular,2D,,,2026-08-03,,,,172,14+,Netanya,Cinema City,586
17:00,THE ODYSSEY,האודיסאה,https://tickets.cinema-city.co.il/order/837553?lang=en,https://tickets.cinema-city.co.il/order/837553?lang=he,Regular,2D,,,2026-08-03,,,,172,14+,Netanya,Cinema City,586
18:30,THE ODYSSEY,האודיסאה,https://tickets.cinema-city.co.il/order/837559?lang=en,https://tickets.cinema-city.co.il/order/837559?lang=he,Regular,2D,,,2026-08-03,,,,172,14+,Netanya,Cinema City,586
20:30,THE ODYSSEY,האודיסאה,https://tickets.cinema-city.co.il/order/838743?lang=en,https://tickets.cinema-city.co.il/order/838743?lang=he,Regular,2D,,,2026-08-03,,,,172,14+,Netanya,Cinema City,586
10:15,THE ODYSSEY,האודיסאה,https://tickets.cinema-city.co.il/order/837835?lang=en,https://tickets.cinema-city.co.il/order/837835?lang=he,Regular,2D,,,2026-08-04,,,,172,14+,Netanya,Cinema City,586
16:10,THE ODYSSEY,האודיסאה,https://tickets.cinema-city.co.il/order/837799?lang=en,https://tickets.cinema-city.co.il/order/837799?lang=he,Regular,2D,,,2026-08-04,,,,172,14+,Netanya,Cinema City,586
19:45,THE ODYSSEY,האודיסאה,https://tickets.cinema-city.co.il/order/837796?lang=en,https://tickets.cinema-city.co.il/order/837796?lang=he,Regular,2D,,,2026-08-04,,,,172,14+,Netanya,Cinema City,586
20:50,THE ODYSSEY,האודיסאה,https://tickets.cinema-city.co.il/order/837811?lang=en,https://tickets.cinema-city.co.il/order/837811?lang=he,Regular,2D,,,2026-08-04,,,,172,14+,Netanya,Cinema City,586
22:00,THE ODYSSEY,האודיסאה,https://tickets.cinema-city.co.il/order/837831?lang=en,https://tickets.cinema-city.co.il/order/837831?lang=he,Regular,2D,,,2026-08-04,,,,172,14+,Netanya,Cinema City,586
12:50,THE ODYSSEY,האודיסאה,https://tickets.cinema-city.co.il/order/837061?lang=en,https://tickets.cinema-city.co.il/order/837061?lang=he,Regular,2D,,,2026-08-05,,,,172,14+,Netanya,Cinema City,586
15:00,THE ODYSSEY,האודיסאה,https://tickets.cinema-city.co.il/order/837076?lang=en,https://tickets.cinema-city.co.il/order/837076?lang=he,Regular,2D,,,2026-08-05,,,,172,14+,Netanya,Cinema City,586
19:40,THE ODYSSEY,האודיסאה,https://tickets.cinema-city.co.il/order/837071?lang=en,https://tickets.cinema-city.co.il/order/837071?lang=he,Regular,2D,,,2026-08-05,,,,172,14+,Netanya,Cinema City,586
20:50,THE ODYSSEY,האודיסאה,https://tickets.cinema-city.co.il/order/837053?lang=en,https://tickets.cinema-city.co.il/order/837053?lang=he,Regular,2D,,,2026-08-05,,,,172,14+,Netanya,Cinema City,586
18:15,The Invite.,ההזמנה.,https://tickets.cinema-city.co.il/order/837840?lang=en,https://tickets.cinema-city.co.il/order/837840?lang=he,Regular,2D,,,2026-08-04,,,,107,14+,Netanya,Cinema City,586
15:15,The Magic Faraway Tree,המסע המופלא לעץ הקסמים,https://tickets.cinema-city.co.il/order/837116?lang=en,https://tickets.cinema-city.co.il/order/837116?lang=he,Regular,2D,,,2026-08-05,,,,110,All,Netanya,Cinema City,586
11:10,The Magic Faraway Tree,המסע המופלא לעץ הקסמים,https://tickets.cinema-city.co.il/order/837370?lang=en,https://tickets.cinema-city.co.il/order/837370?lang=he,Regular,2D,,Hebrew,2026-08-01,,,,110,All,Netanya,Cinema City,586
13:50,The Magic Faraway Tree,המסע המופלא לעץ הקסמים,https://tickets.cinema-city.co.il/order/837369?lang=en,https://tickets.cinema-city.co.il/order/837369?lang=he,Regular,2D,,Hebrew,2026-08-01,,,,110,All,Netanya,Cinema City,586
16:50,The Magic Faraway Tree,המסע המופלא לעץ הקסמים,https://tickets.cinema-city.co.il/order/837368?lang=en,https://tickets.cinema-city.co.il/order/837368?lang=he,Regular,2D,,Hebrew,2026-08-01,,,,110,All,Netanya,Cinema City,586
11:10,The Magic Faraway Tree,המסע המופלא לעץ הקסמים,https://tickets.cinema-city.co.il/order/837546?lang=en,https://tickets.cinema-city.co.il/order/837546?lang=he,Regular,2D,,Hebrew,2026-08-02,,,,110,All,Netanya,Cinema City,586
13:50,The Magic Faraway Tree,המסע המופלא לעץ הקסמים,https://tickets.cinema-city.co.il/order/837545?lang=en,https://tickets.cinema-city.co.il/order/837545?lang=he,Regular,2D,,Hebrew,2026-08-02,,,,110,All,Netanya,Cinema City,586
16:30,The Magic Faraway Tree,המסע המופלא לעץ הקסמים,https://tickets.cinema-city.co.il/order/837544?lang=en,https://tickets.cinema-city.co.il/order/837544?lang=he,Regular,2D,,Hebrew,2026-08-02,,,,110,All,Netanya,Cinema City,586
10:20,The Magic Faraway Tree,המסע המופלא לעץ הקסמים,https://tickets.cinema-city.co.il/order/837596?lang=en,https://tickets.cinema-city.co.il/order/837596?lang=he,Regular,2D,,Hebrew,2026-08-03,,,,110,All,Netanya,Cinema City,586
13:00,The Magic Faraway Tree,המסע המופלא לעץ הקסמים,https://tickets.cinema-city.co.il/order/837595?lang=en,https://tickets.cinema-city.co.il/order/837595?lang=he,Regular,2D,,Hebrew,2026-08-03,,,,110,All,Netanya,Cinema City,586
15:35,The Magic Faraway Tree,המסע המופלא לעץ הקסמים,https://tickets.cinema-city.co.il/order/837594?lang=en,https://tickets.cinema-city.co.il/order/837594?lang=he,Regular,2D,,Hebrew,2026-08-03,,,,110,All,Netanya,Cinema City,586
11:10,The Magic Faraway Tree,המסע המופלא לעץ הקסמים,https://tickets.cinema-city.co.il/order/837838?lang=en,https://tickets.cinema-city.co.il/order/837838?lang=he,Regular,2D,,Hebrew,2026-08-04,,,,110,All,Netanya,Cinema City,586
13:50,The Magic Faraway Tree,המסע המופלא לעץ הקסמים,https://tickets.cinema-city.co.il/order/837837?lang=en,https://tickets.cinema-city.co.il/order/837837?lang=he,Regular,2D,,Hebrew,2026-08-04,,,,110,All,Netanya,Cinema City,586
16:30,The Magic Faraway Tree,המסע המופלא לעץ הקסמים,https://tickets.cinema-city.co.il/order/837836?lang=en,https://tickets.cinema-city.co.il/order/837836?lang=he,Regular,2D,,Hebrew,2026-08-04,,,,110,All,Netanya,Cinema City,586
10:00,The Magic Faraway Tree,המסע המופלא לעץ הקסמים,https://tickets.cinema-city.co.il/order/837117?lang=en,https://tickets.cinema-city.co.il/order/837117?lang=he,Regular,2D,,Hebrew,2026-08-05,,,,110,All,Netanya,Cinema City,586
12:35,The Magic Faraway Tree,המסע המופלא לעץ הקסמים,https://tickets.cinema-city.co.il/order/837115?lang=en,https://tickets.cinema-city.co.il/order/837115?lang=he,Regular,2D,,Hebrew,2026-08-05,,,,110,All,Netanya,Cinema City,586
17:50,The Magic Faraway Tree,המסע המופלא לעץ הקסמים,https://tickets.cinema-city.co.il/order/837114?lang=en,https://tickets.cinema-city.co.il/order/837114?lang=he,Regular,2D,,Hebrew,2026-08-05,,,,110,All,Netanya,Cinema City,586
19:30,חינה אמריקאית,חינה אמריקאית,https://tickets.cinema-city.co.il/order/837367?lang=en,https://tickets.cinema-city.co.il/order/837367?lang=he,Regular,2D,,,2026-08-01,,,,89,All,Netanya,Cinema City,586
00:20,חינה אמריקאית,חינה אמריקאית,https://tickets.cinema-city.co.il/order/837374?lang=en,https://tickets.cinema-city.co.il/order/837374?lang=he,Regular,2D,,,2026-08-01,,,,89,All,Netanya,Cinema City,586
19:10,חינה אמריקאית,חינה אמריקאית,https://tickets.cinema-city.co.il/order/837497?lang=en,https://tickets.cinema-city.co.il/order/837497?lang=he,Regular,2D,,,2026-08-02,,,,89,All,Netanya,Cinema City,586
23:00,חינה אמריקאית,חינה אמריקאית,https://tickets.cinema-city.co.il/order/837499?lang=en,https://tickets.cinema-city.co.il/order/837499?lang=he,Regular,2D,,,2026-08-02,,,,89,All,Netanya,Cinema City,586
00:20,חינה אמריקאית,חינה אמריקאית,https://tickets.cinema-city.co.il/order/838520?lang=en,https://tickets.cinema-city.co.il/order/838520?lang=he,Regular,2D,,,2026-08-02,,,,89,All,Netanya,Cinema City,586
18:15,חינה אמריקאית,חינה אמריקאית,https://tickets.cinema-city.co.il/order/837587?lang=en,https://tickets.cinema-city.co.il/order/837587?lang=he,Regular,2D,,,2026-08-03,,,,89,All,Netanya,Cinema City,586
22:00,חינה אמריקאית,חינה אמריקאית,https://tickets.cinema-city.co.il/order/837588?lang=en,https://tickets.cinema-city.co.il/order/837588?lang=he,Regular,2D,,,2026-08-03,,,,89,All,Netanya,Cinema City,586
23:30,חינה אמריקאית,חינה אמריקאית,https://tickets.cinema-city.co.il/order/837593?lang=en,https://tickets.cinema-city.co.il/order/837593?lang=he,Regular,2D,,,2026-08-03,,,,89,All,Netanya,Cinema City,586
00:20,חינה אמריקאית,חינה אמריקאית,https://tickets.cinema-city.co.il/order/838745?lang=en,https://tickets.cinema-city.co.il/order/838745?lang=he,Regular,2D,,,2026-08-03,,,,89,All,Netanya,Cinema City,586
19:10,חינה אמריקאית,חינה אמריקאית,https://tickets.cinema-city.co.il/order/837825?lang=en,https://tickets.cinema-city.co.il/order/837825?lang=he,Regular,2D,,,2026-08-04,,,,89,All,Netanya,Cinema City,586
23:20,חינה אמריקאית,חינה אמריקאית,https://tickets.cinema-city.co.il/order/837826?lang=en,https://tickets.cinema-city.co.il/order/837826?lang=he,Regular,2D,,,2026-08-04,,,,89,All,Netanya,Cinema City,586
19:50,חינה אמריקאית,חינה אמריקאית,https://tickets.cinema-city.co.il/order/837026?lang=en,https://tickets.cinema-city.co.il/order/837026?lang=he,Regular,2D,,,2026-08-05,,,,89,All,Netanya,Cinema City,586
14:15,Tafiti: Across the Desert,טפיטי: הרפתקה במדבר,https://tickets.cinema-city.co.il/order/837356?lang=en,https://tickets.cinema-city.co.il/order/837356?lang=he,Regular,2D,,Hebrew,2026-08-01,,,,81,9+,Netanya,Cinema City,586
14:15,Tafiti: Across the Desert,טפיטי: הרפתקה במדבר,https://tickets.cinema-city.co.il/order/837469?lang=en,https://tickets.cinema-city.co.il/order/837469?lang=he,Regular,2D,,Hebrew,2026-08-02,,,,81,9+,Netanya,Cinema City,586
16:25,Tafiti: Across the Desert,טפיטי: הרפתקה במדבר,https://tickets.cinema-city.co.il/order/837471?lang=en,https://tickets.cinema-city.co.il/order/837471?lang=he,Regular,2D,,Hebrew,2026-08-02,,,,81,9+,Netanya,Cinema City,586
14:15,Tafiti: Across the Desert,טפיטי: הרפתקה במדבר,https://tickets.cinema-city.co.il/order/837574?lang=en,https://tickets.cinema-city.co.il/order/837574?lang=he,Regular,2D,,Hebrew,2026-08-03,,,,81,9+,Netanya,Cinema City,586
16:25,Tafiti: Across the Desert,טפיטי: הרפתקה במדבר,https://tickets.cinema-city.co.il/order/837575?lang=en,https://tickets.cinema-city.co.il/order/837575?lang=he,Regular,2D,,Hebrew,2026-08-03,,,,81,9+,Netanya,Cinema City,586
14:15,Tafiti: Across the Desert,טפיטי: הרפתקה במדבר,https://tickets.cinema-city.co.il/order/837814?lang=en,https://tickets.cinema-city.co.il/order/837814?lang=he,Regular,2D,,Hebrew,2026-08-04,,,,81,9+,Netanya,Cinema City,586
16:25,Tafiti: Across the Desert,טפיטי: הרפתקה במדבר,https://tickets.cinema-city.co.il/order/837815?lang=en,https://tickets.cinema-city.co.il/order/837815?lang=he,Regular,2D,,Hebrew,2026-08-04,,,,81,9+,Netanya,Cinema City,586
14:15,Tafiti: Across the Desert,טפיטי: הרפתקה במדבר,https://tickets.cinema-city.co.il/order/837028?lang=en,https://tickets.cinema-city.co.il/order/837028?lang=he,Regular,2D,,Hebrew,2026-08-05,,,,81,9+,Netanya,Cinema City,586
16:25,Tafiti: Across the Desert,טפיטי: הרפתקה במדבר,https://tickets.cinema-city.co.il/order/837031?lang=en,https://tickets.cinema-city.co.il/order/837031?lang=he,Regular,2D,,Hebrew,2026-08-05,,,,81,9+,Netanya,Cinema City,586
23:30,Cuz You're Ugly,כי את מכוערת,https://tickets.cinema-city.co.il/order/837477?lang=en,https://tickets.cinema-city.co.il/order/837477?lang=he,Regular,2D,,,2026-08-02,,,,83,12+,Netanya,Cinema City,586
23:20,Cuz You're Ugly,כי את מכוערת,https://tickets.cinema-city.co.il/order/837567?lang=en,https://tickets.cinema-city.co.il/order/837567?lang=he,Regular,2D,,,2026-08-03,,,,83,12+,Netanya,Cinema City,586
10:50,Cuz You're Ugly,כי את מכוערת,https://tickets.cinema-city.co.il/order/837807?lang=en,https://tickets.cinema-city.co.il/order/837807?lang=he,Regular,2D,,,2026-08-04,,,,83,12+,Netanya,Cinema City,586
14:10,MASHA & THE BEAR – WONDER PARK,מאשה והדוב-ההרפתקה הגדולה,https://tickets.cinema-city.co.il/order/837362?lang=en,https://tickets.cinema-city.co.il/order/837362?lang=he,Regular,2D,,Hebrew,2026-08-01,,,,73,All,Netanya,Cinema City,586
12:20,MASHA & THE BEAR – WONDER PARK,מאשה והדוב-ההרפתקה הגדולה,https://tickets.cinema-city.co.il/order/837487?lang=en,https://tickets.cinema-city.co.il/order/837487?lang=he,Regular,2D,,Hebrew,2026-08-02,,,,73,All,Netanya,Cinema City,586
12:20,MASHA & THE BEAR – WONDER PARK,מאשה והדוב-ההרפתקה הגדולה,https://tickets.cinema-city.co.il/order/837582?lang=en,https://tickets.cinema-city.co.il/order/837582?lang=he,Regular,2D,,Hebrew,2026-08-03,,,,73,All,Netanya,Cinema City,586
12:20,MASHA & THE BEAR – WONDER PARK,מאשה והדוב-ההרפתקה הגדולה,https://tickets.cinema-city.co.il/order/837821?lang=en,https://tickets.cinema-city.co.il/order/837821?lang=he,Regular,2D,,Hebrew,2026-08-04,,,,73,All,Netanya,Cinema City,586
10:40,MASHA & THE BEAR – WONDER PARK,מאשה והדוב-ההרפתקה הגדולה,https://tickets.cinema-city.co.il/order/837049?lang=en,https://tickets.cinema-city.co.il/order/837049?lang=he,Regular,2D,,Hebrew,2026-08-05,,,,73,All,Netanya,Cinema City,586
12:20,MASHA & THE BEAR – WONDER PARK,מאשה והדוב-ההרפתקה הגדולה,https://tickets.cinema-city.co.il/order/837041?lang=en,https://tickets.cinema-city.co.il/order/837041?lang=he,Regular,2D,,Hebrew,2026-08-05,,,,73,All,Netanya,Cinema City,586
13:00,Moana (Live Action),מואנה (לייב אקשן),https://tickets.cinema-city.co.il/order/837361?lang=en,https://tickets.cinema-city.co.il/order/837361?lang=he,Regular,2D,,Hebrew,2026-08-01,,,,115,All,Netanya,Cinema City,586
15:20,Moana (Live Action),מואנה (לייב אקשן),https://tickets.cinema-city.co.il/order/837360?lang=en,https://tickets.cinema-city.co.il/order/837360?lang=he,Regular,2D,,Hebrew,2026-08-01,,,,115,All,Netanya,Cinema City,586
13:00,Moana (Live Action),מואנה (לייב אקשן),https://tickets.cinema-city.co.il/order/837485?lang=en,https://tickets.cinema-city.co.il/order/837485?lang=he,Regular,2D,,Hebrew,2026-08-02,,,,115,All,Netanya,Cinema City,586
14:50,Moana (Live Action),מואנה (לייב אקשן),https://tickets.cinema-city.co.il/order/837482?lang=en,https://tickets.cinema-city.co.il/order/837482?lang=he,Regular,2D,,Hebrew,2026-08-02,,,,115,All,Netanya,Cinema City,586
12:30,Moana (Live Action),מואנה (לייב אקשן),https://tickets.cinema-city.co.il/order/837581?lang=en,https://tickets.cinema-city.co.il/order/837581?lang=he,Regular,2D,,Hebrew,2026-08-03,,,,115,All,Netanya,Cinema City,586
15:30,Moana (Live Action),מואנה (לייב אקשן),https://tickets.cinema-city.co.il/order/837580?lang=en,https://tickets.cinema-city.co.il/order/837580?lang=he,Regular,2D,,Hebrew,2026-08-03,,,,115,All,Netanya,Cinema City,586
13:30,Moana (Live Action),מואנה (לייב אקשן),https://tickets.cinema-city.co.il/order/837820?lang=en,https://tickets.cinema-city.co.il/order/837820?lang=he,Regular,2D,,Hebrew,2026-08-04,,,,115,All,Netanya,Cinema City,586
13:45,Moana (Live Action),מואנה (לייב אקשן),https://tickets.cinema-city.co.il/order/837819?lang=en,https://tickets.cinema-city.co.il/order/837819?lang=he,Regular,2D,,Hebrew,2026-08-04,,,,115,All,Netanya,Cinema City,586
12:30,Moana (Live Action),מואנה (לייב אקשן),https://tickets.cinema-city.co.il/order/837039?lang=en,https://tickets.cinema-city.co.il/order/837039?lang=he,Regular,2D,,Hebrew,2026-08-05,,,,115,All,Netanya,Cinema City,586
21:00,Motor City,מוטור סיטי,https://tickets.cinema-city.co.il/order/837338?lang=en,https://tickets.cinema-city.co.il/order/837338?lang=he,Regular,2D,,,2026-08-01,,,,103,16+,Netanya,Cinema City,586
23:40,Motor City,מוטור סיטי,https://tickets.cinema-city.co.il/order/837385?lang=en,https://tickets.cinema-city.co.il/order/837385?lang=he,Regular,2D,,,2026-08-01,,,,103,16+,Netanya,Cinema City,586
21:00,Motor City,מוטור סיטי,https://tickets.cinema-city.co.il/order/837500?lang=en,https://tickets.cinema-city.co.il/order/837500?lang=he,Regular,2D,,,2026-08-02,,,,103,16+,Netanya,Cinema City,586
20:50,Motor City,מוטור סיטי,https://tickets.cinema-city.co.il/order/837589?lang=en,https://tickets.cinema-city.co.il/order/837589?lang=he,Regular,2D,,,2026-08-03,,,,103,16+,Netanya,Cinema City,586
20:50,Motor City,מוטור סיטי,https://tickets.cinema-city.co.il/order/837827?lang=en,https://tickets.cinema-city.co.il/order/837827?lang=he,Regular,2D,,,2026-08-04,,,,103,16+,Netanya,Cinema City,586
00:10,Motor City,מוטור סיטי,https://tickets.cinema-city.co.il/order/838753?lang=en,https://tickets.cinema-city.co.il/order/838753?lang=he,Regular,2D,,,2026-08-04,,,,103,16+,Netanya,Cinema City,586
20:50,Motor City,מוטור סיטי,https://tickets.cinema-city.co.il/order/837046?lang=en,https://tickets.cinema-city.co.il/order/837046?lang=he,Regular,2D,,,2026-08-05,,,,103,16+,Netanya,Cinema City,586
10:30,School of Magical Animals 3,סוד החיות הקסומות 3,https://tickets.cinema-city.co.il/order/837363?lang=en,https://tickets.cinema-city.co.il/order/837363?lang=he,Regular,2D,,Hebrew,2026-08-01,,,,105,All,Netanya,Cinema City,586
10:30,School of Magical Animals 3,סוד החיות הקסומות 3,https://tickets.cinema-city.co.il/order/837489?lang=en,https://tickets.cinema-city.co.il/order/837489?lang=he,Regular,2D,,Hebrew,2026-08-02,,,,105,All,Netanya,Cinema City,586
10:00,School of Magical Animals 3,סוד החיות הקסומות 3,https://tickets.cinema-city.co.il/order/837583?lang=en,https://tickets.cinema-city.co.il/order/837583?lang=he,Regular,2D,,Hebrew,2026-08-03,,,,105,All,Netanya,Cinema City,586
10:50,School of Magical Animals 3,סוד החיות הקסומות 3,https://tickets.cinema-city.co.il/order/837822?lang=en,https://tickets.cinema-city.co.il/order/837822?lang=he,Regular,2D,,Hebrew,2026-08-04,,,,105,All,Netanya,Cinema City,586
10:00,School of Magical Animals 3,סוד החיות הקסומות 3,https://tickets.cinema-city.co.il/order/837042?lang=en,https://tickets.cinema-city.co.il/order/837042?lang=he,Regular,2D,,Hebrew,2026-08-05,,,,105,All,Netanya,Cinema City,586
10:45,סולטיז הסרט,סולטיז הסרט-וולוג ה-100,https://tickets.cinema-city.co.il/order/837364?lang=en,https://tickets.cinema-city.co.il/order/837364?lang=he,Regular,2D,,,2026-08-01,,,,100,All,Netanya,Cinema City,586
18:30,סולטיז הסרט,סולטיז הסרט-וולוג ה-100,https://tickets.cinema-city.co.il/order/837358?lang=en,https://tickets.cinema-city.co.il/order/837358?lang=he,Regular,2D,,,2026-08-01,,,,100,All,Netanya,Cinema City,586
10:15,סולטיז הסרט,סולטיז הסרט-וולוג ה-100,https://tickets.cinema-city.co.il/order/837491?lang=en,https://tickets.cinema-city.co.il/order/837491?lang=he,Regular,2D,,,2026-08-02,,,,100,All,Netanya,Cinema City,586
18:30,סולטיז הסרט,סולטיז הסרט-וולוג ה-100,https://tickets.cinema-city.co.il/order/837453?lang=en,https://tickets.cinema-city.co.il/order/837453?lang=he,Regular,2D,,,2026-08-02,,,,100,All,Netanya,Cinema City,586
10:45,סולטיז הסרט,סולטיז הסרט-וולוג ה-100,https://tickets.cinema-city.co.il/order/837584?lang=en,https://tickets.cinema-city.co.il/order/837584?lang=he,Regular,2D,,,2026-08-03,,,,100,All,Netanya,Cinema City,586
18:30,סולטיז הסרט,סולטיז הסרט-וולוג ה-100,https://tickets.cinema-city.co.il/order/837578?lang=en,https://tickets.cinema-city.co.il/order/837578?lang=he,Regular,2D,,,2026-08-03,,,,100,All,Netanya,Cinema City,586
10:45,סולטיז הסרט,סולטיז הסרט-וולוג ה-100,https://tickets.cinema-city.co.il/order/837823?lang=en,https://tickets.cinema-city.co.il/order/837823?lang=he,Regular,2D,,,2026-08-04,,,,100,All,Netanya,Cinema City,586
18:30,סולטיז הסרט,סולטיז הסרט-וולוג ה-100,https://tickets.cinema-city.co.il/order/837817?lang=en,https://tickets.cinema-city.co.il/order/837817?lang=he,Regular,2D,,,2026-08-04,,,,100,All,Netanya,Cinema City,586
10:45,סולטיז הסרט,סולטיז הסרט-וולוג ה-100,https://tickets.cinema-city.co.il/order/837043?lang=en,https://tickets.cinema-city.co.il/order/837043?lang=he,Regular,2D,,,2026-08-05,,,,100,All,Netanya,Cinema City,586
15:20,סולטיז הסרט,סולטיז הסרט-וולוג ה-100,https://tickets.cinema-city.co.il/order/837112?lang=en,https://tickets.cinema-city.co.il/order/837112?lang=he,Regular,2D,,,2026-08-05,,,,100,All,Netanya,Cinema City,586
18:30,סולטיז הסרט,סולטיז הסרט-וולוג ה-100,https://tickets.cinema-city.co.il/order/837034?lang=en,https://tickets.cinema-city.co.il/order/837034?lang=he,Regular,2D,,,2026-08-05,,,,100,All,Netanya,Cinema City,586
12:10,Three Wishes for Cinderella,סינדרלה ושלוש המשאלות,https://tickets.cinema-city.co.il/order/837357?lang=en,https://tickets.cinema-city.co.il/order/837357?lang=he,Regular,2D,,Hebrew,2026-08-01,,,,85,All,Netanya,Cinema City,586
10:10,Three Wishes for Cinderella,סינדרלה ושלוש המשאלות,https://tickets.cinema-city.co.il/order/837473?lang=en,https://tickets.cinema-city.co.il/order/837473?lang=he,Regular,2D,,Hebrew,2026-08-02,,,,85,All,Netanya,Cinema City,586
10:10,Three Wishes for Cinderella,סינדרלה ושלוש המשאלות,https://tickets.cinema-city.co.il/order/837576?lang=en,https://tickets.cinema-city.co.il/order/837576?lang=he,Regular,2D,,Hebrew,2026-08-03,,,,85,All,Netanya,Cinema City,586
10:10,Three Wishes for Cinderella,סינדרלה ושלוש המשאלות,https://tickets.cinema-city.co.il/order/837816?lang=en,https://tickets.cinema-city.co.il/order/837816?lang=he,Regular,2D,,Hebrew,2026-08-04,,,,85,All,Netanya,Cinema City,586
10:10,Three Wishes for Cinderella,סינדרלה ושלוש המשאלות,https://tickets.cinema-city.co.il/order/837033?lang=en,https://tickets.cinema-city.co.il/order/837033?lang=he,Regular,2D,,Hebrew,2026-08-05,,,,85,All,Netanya,Cinema City,586
10:00,SPIDERMAN: BRAND NEW DAY,ספיידרמן: יום חדש,https://tickets.cinema-city.co.il/order/837330?lang=en,https://tickets.cinema-city.co.il/order/837330?lang=he,Regular,2D,,,2026-08-01,,,,135,All,Netanya,Cinema City,586
11:00,SPIDERMAN: BRAND NEW DAY,ספיידרמן: יום חדש,https://tickets.cinema-city.co.il/order/813942?lang=en,https://tickets.cinema-city.co.il/order/813942?lang=he,Regular,2D,,,2026-08-01,,,,135,All,Netanya,Cinema City,586
11:00,SPIDERMAN: BRAND NEW DAY,ספיידרמן: יום חדש,https://tickets.cinema-city.co.il/order/837336?lang=en,https://tickets.cinema-city.co.il/order/837336?lang=he,Regular,2D,,,2026-08-01,,,,135,All,Netanya,Cinema City,586
13:15,SPIDERMAN: BRAND NEW DAY,ספיידרמן: יום חדש,https://tickets.cinema-city.co.il/order/837329?lang=en,https://tickets.cinema-city.co.il/order/837329?lang=he,Regular,2D,,,2026-08-01,,,,135,All,Netanya,Cinema City,586
14:10,SPIDERMAN: BRAND NEW DAY,ספיידרמן: יום חדש,https://tickets.cinema-city.co.il/order/837335?lang=en,https://tickets.cinema-city.co.il/order/837335?lang=he,Regular,2D,,,2026-08-01,,,,135,All,Netanya,Cinema City,586
14:30,SPIDERMAN: BRAND NEW DAY,ספיידרמן: יום חדש,https://tickets.cinema-city.co.il/order/813941?lang=en,https://tickets.cinema-city.co.il/order/813941?lang=he,Regular,2D,,,2026-08-01,,,,135,All,Netanya,Cinema City,586
16:30,SPIDERMAN: BRAND NEW DAY,ספיידרמן: יום חדש,https://tickets.cinema-city.co.il/order/813944?lang=en,https://tickets.cinema-city.co.il/order/813944?lang=he,Regular,2D,,,2026-08-01,,,,135,All,Netanya,Cinema City,586
17:20,SPIDERMAN: BRAND NEW DAY,ספיידרמן: יום חדש,https://tickets.cinema-city.co.il/order/837331?lang=en,https://tickets.cinema-city.co.il/order/837331?lang=he,Regular,2D,,,2026-08-01,,,,135,All,Netanya,Cinema City,586
18:00,SPIDERMAN: BRAND NEW DAY,ספיידרמן: יום חדש,https://tickets.cinema-city.co.il/order/813940?lang=en,https://tickets.cinema-city.co.il/order/813940?lang=he,Regular,2D,,,2026-08-01,,,,135,All,Netanya,Cinema City,586
19:45,SPIDERMAN: BRAND NEW DAY,ספיידרמן: יום חדש,https://tickets.cinema-city.co.il/order/813943?lang=en,https://tickets.cinema-city.co.il/order/813943?lang=he,Regular,2D,,,2026-08-01,,,,135,All,Netanya,Cinema City,586
20:30,SPIDERMAN: BRAND NEW DAY,ספיידרמן: יום חדש,https://tickets.cinema-city.co.il/order/837332?lang=en,https://tickets.cinema-city.co.il/order/837332?lang=he,Regular,2D,,,2026-08-01,,,,135,All,Netanya,Cinema City,586
20:50,SPIDERMAN: BRAND NEW DAY,ספיידרמן: יום חדש,https://tickets.cinema-city.co.il/order/837386?lang=en,https://tickets.cinema-city.co.il/order/837386?lang=he,Regular,2D,,,2026-08-01,,,,135,All,Netanya,Cinema City,586
21:30,SPIDERMAN: BRAND NEW DAY,ספיידרמן: יום חדש,https://tickets.cinema-city.co.il/order/813939?lang=en,https://tickets.cinema-city.co.il/order/813939?lang=he,Regular,2D,,,2026-08-01,,,,135,All,Netanya,Cinema City,586
23:10,SPIDERMAN: BRAND NEW DAY,ספיידרמן: יום חדש,https://tickets.cinema-city.co.il/order/837334?lang=en,https://tickets.cinema-city.co.il/order/837334?lang=he,Regular,2D,,,2026-08-01,,,,135,All,Netanya,Cinema City,586
23:40,SPIDERMAN: BRAND NEW DAY,ספיידרמן: יום חדש,https://tickets.cinema-city.co.il/order/837333?lang=en,https://tickets.cinema-city.co.il/order/837333?lang=he,Regular,2D,,,2026-08-01,,,,135,All,Netanya,Cinema City,586
00:10,SPIDERMAN: BRAND NEW DAY,ספיידרמן: יום חדש,https://tickets.cinema-city.co.il/order/839133?lang=en,https://tickets.cinema-city.co.il/order/839133?lang=he,Regular,2D,,,2026-08-01,,,,135,All,Netanya,Cinema City,586
10:15,SPIDERMAN: BRAND NEW DAY,ספיידרמן: יום חדש,https://tickets.cinema-city.co.il/order/837541?lang=en,https://tickets.cinema-city.co.il/order/837541?lang=he,Regular,2D,,,2026-08-02,,,,135,All,Netanya,Cinema City,586
12:55,SPIDERMAN: BRAND NEW DAY,ספיידרמן: יום חדש,https://tickets.cinema-city.co.il/order/837542?lang=en,https://tickets.cinema-city.co.il/order/837542?lang=he,Regular,2D,,,2026-08-02,,,,135,All,Netanya,Cinema City,586
13:45,SPIDERMAN: BRAND NEW DAY,ספיידרמן: יום חדש,https://tickets.cinema-city.co.il/order/837540?lang=en,https://tickets.cinema-city.co.il/order/837540?lang=he,Regular,2D,,,2026-08-02,,,,135,All,Netanya,Cinema City,586
14:10,SPIDERMAN: BRAND NEW DAY,ספיידרמן: יום חדש,https://tickets.cinema-city.co.il/order/837513?lang=en,https://tickets.cinema-city.co.il/order/837513?lang=he,Regular,2D,,,2026-08-02,,,,135,All,Netanya,Cinema City,586
16:10,SPIDERMAN: BRAND NEW DAY,ספיידרמן: יום חדש,https://tickets.cinema-city.co.il/order/837534?lang=en,https://tickets.cinema-city.co.il/order/837534?lang=he,Regular,2D,,,2026-08-02,,,,135,All,Netanya,Cinema City,586
17:10,SPIDERMAN: BRAND NEW DAY,ספיידרמן: יום חדש,https://tickets.cinema-city.co.il/order/837539?lang=en,https://tickets.cinema-city.co.il/order/837539?lang=he,Regular,2D,,,2026-08-02,,,,135,All,Netanya,Cinema City,586
17:20,SPIDERMAN: BRAND NEW DAY,ספיידרמן: יום חדש,https://tickets.cinema-city.co.il/order/837505?lang=en,https://tickets.cinema-city.co.il/order/837505?lang=he,Regular,2D,,,2026-08-02,,,,135,All,Netanya,Cinema City,586
19:30,SPIDERMAN: BRAND NEW DAY,ספיידרמן: יום חדש,https://tickets.cinema-city.co.il/order/837538?lang=en,https://tickets.cinema-city.co.il/order/837538?lang=he,Regular,2D,,,2026-08-02,,,,135,All,Netanya,Cinema City,586
20:30,SPIDERMAN: BRAND NEW DAY,ספיידרמן: יום חדש,https://tickets.cinema-city.co.il/order/837507?lang=en,https://tickets.cinema-city.co.il/order/837507?lang=he,Regular,2D,,,2026-08-02,,,,135,All,Netanya,Cinema City,586
23:00,SPIDERMAN: BRAND NEW DAY,ספיידרמן: יום חדש,https://tickets.cinema-city.co.il/order/837511?lang=en,https://tickets.cinema-city.co.il/order/837511?lang=he,Regular,2D,,,2026-08-02,,,,135,All,Netanya,Cinema City,586
23:40,SPIDERMAN: BRAND NEW DAY,ספיידרמן: יום חדש,https://tickets.cinema-city.co.il/order/837509?lang=en,https://tickets.cinema-city.co.il/order/837509?lang=he,Regular,2D,,,2026-08-02,,,,135,All,Netanya,Cinema City,586
23:50,SPIDERMAN: BRAND NEW DAY,ספיידרמן: יום חדש,https://tickets.cinema-city.co.il/order/838450?lang=en,https://tickets.cinema-city.co.il/order/838450?lang=he,Regular,2D,,,2026-08-02,,,,135,All,Netanya,Cinema City,586
10:10,SPIDERMAN: BRAND NEW DAY,ספיידרמן: יום חדש,https://tickets.cinema-city.co.il/order/837565?lang=en,https://tickets.cinema-city.co.il/order/837565?lang=he,Regular,2D,,,2026-08-03,,,,135,All,Netanya,Cinema City,586
10:10,SPIDERMAN: BRAND NEW DAY,ספיידרמן: יום חדש,https://tickets.cinema-city.co.il/order/837566?lang=en,https://tickets.cinema-city.co.il/order/837566?lang=he,Regular,2D,,,2026-08-03,,,,135,All,Netanya,Cinema City,586
13:20,SPIDERMAN: BRAND NEW DAY,ספיידרמן: יום חדש,https://tickets.cinema-city.co.il/order/837551?lang=en,https://tickets.cinema-city.co.il/order/837551?lang=he,Regular,2D,,,2026-08-03,,,,135,All,Netanya,Cinema City,586
13:35,SPIDERMAN: BRAND NEW DAY,ספיידרמן: יום חדש,https://tickets.cinema-city.co.il/order/837564?lang=en,https://tickets.cinema-city.co.il/order/837564?lang=he,Regular,2D,,,2026-08-03,,,,135,All,Netanya,Cinema City,586
16:10,SPIDERMAN: BRAND NEW DAY,ספיידרמן: יום חדש,https://tickets.cinema-city.co.il/order/837561?lang=en,https://tickets.cinema-city.co.il/order/837561?lang=he,Regular,2D,,,2026-08-03,,,,135,All,Netanya,Cinema City,586
17:00,SPIDERMAN: BRAND NEW DAY,ספיידרמן: יום חדש,https://tickets.cinema-city.co.il/order/837563?lang=en,https://tickets.cinema-city.co.il/order/837563?lang=he,Regular,2D,,,2026-08-03,,,,135,All,Netanya,Cinema City,586
19:30,SPIDERMAN: BRAND NEW DAY,ספיידרמן: יום חדש,https://tickets.cinema-city.co.il/order/837590?lang=en,https://tickets.cinema-city.co.il/order/837590?lang=he,Regular,2D,,,2026-08-03,,,,135,All,Netanya,Cinema City,586
20:20,SPIDERMAN: BRAND NEW DAY,ספיידרמן: יום חדש,https://tickets.cinema-city.co.il/order/837548?lang=en,https://tickets.cinema-city.co.il/order/837548?lang=he,Regular,2D,,,2026-08-03,,,,135,All,Netanya,Cinema City,586
20:20,SPIDERMAN: BRAND NEW DAY,ספיידרמן: יום חדש,https://tickets.cinema-city.co.il/order/837562?lang=en,https://tickets.cinema-city.co.il/order/837562?lang=he,Regular,2D,,,2026-08-03,,,,135,All,Netanya,Cinema City,586
22:45,SPIDERMAN: BRAND NEW DAY,ספיידרמן: יום חדש,https://tickets.cinema-city.co.il/order/837550?lang=en,https://tickets.cinema-city.co.il/order/837550?lang=he,Regular,2D,,,2026-08-03,,,,135,All,Netanya,Cinema City,586
23:45,SPIDERMAN: BRAND NEW DAY,ספיידרמן: יום חדש,https://tickets.cinema-city.co.il/order/837549?lang=en,https://tickets.cinema-city.co.il/order/837549?lang=he,Regular,2D,,,2026-08-03,,,,135,All,Netanya,Cinema City,586
10:00,SPIDERMAN: BRAND NEW DAY,ספיידרמן: יום חדש,https://tickets.cinema-city.co.il/order/837805?lang=en,https://tickets.cinema-city.co.il/order/837805?lang=he,Regular,2D,,,2026-08-04,,,,135,All,Netanya,Cinema City,586
11:00,SPIDERMAN: BRAND NEW DAY,ספיידרמן: יום חדש,https://tickets.cinema-city.co.il/order/837829?lang=en,https://tickets.cinema-city.co.il/order/837829?lang=he,Regular,2D,,,2026-08-04,,,,135,All,Netanya,Cinema City,586
12:55,SPIDERMAN: BRAND NEW DAY,ספיידרמן: יום חדש,https://tickets.cinema-city.co.il/order/837806?lang=en,https://tickets.cinema-city.co.il/order/837806?lang=he,Regular,2D,,,2026-08-04,,,,135,All,Netanya,Cinema City,586
13:35,SPIDERMAN: BRAND NEW DAY,ספיידרמן: יום חדש,https://tickets.cinema-city.co.il/order/837804?lang=en,https://tickets.cinema-city.co.il/order/837804?lang=he,Regular,2D,,,2026-08-04,,,,135,All,Netanya,Cinema City,586
14:10,SPIDERMAN: BRAND NEW DAY,ספיידרמן: יום חדש,https://tickets.cinema-city.co.il/order/837793?lang=en,https://tickets.cinema-city.co.il/order/837793?lang=he,Regular,2D,,,2026-08-04,,,,135,All,Netanya,Cinema City,586
16:10,SPIDERMAN: BRAND NEW DAY,ספיידרמן: יום חדש,https://tickets.cinema-city.co.il/order/837801?lang=en,https://tickets.cinema-city.co.il/order/837801?lang=he,Regular,2D,,,2026-08-04,,,,135,All,Netanya,Cinema City,586
17:00,SPIDERMAN: BRAND NEW DAY,ספיידרמן: יום חדש,https://tickets.cinema-city.co.il/order/837803?lang=en,https://tickets.cinema-city.co.il/order/837803?lang=he,Regular,2D,,,2026-08-04,,,,135,All,Netanya,Cinema City,586
17:30,SPIDERMAN: BRAND NEW DAY,ספיידרמן: יום חדש,https://tickets.cinema-city.co.il/order/837791?lang=en,https://tickets.cinema-city.co.il/order/837791?lang=he,Regular,2D,,,2026-08-04,,,,135,All,Netanya,Cinema City,586
19:30,SPIDERMAN: BRAND NEW DAY,ספיידרמן: יום חדש,https://tickets.cinema-city.co.il/order/837802?lang=en,https://tickets.cinema-city.co.il/order/837802?lang=he,Regular,2D,,,2026-08-04,,,,135,All,Netanya,Cinema City,586
20:20,SPIDERMAN: BRAND NEW DAY,ספיידרמן: יום חדש,https://tickets.cinema-city.co.il/order/837830?lang=en,https://tickets.cinema-city.co.il/order/837830?lang=he,Regular,2D,,,2026-08-04,,,,135,All,Netanya,Cinema City,586
22:45,SPIDERMAN: BRAND NEW DAY,ספיידרמן: יום חדש,https://tickets.cinema-city.co.il/order/837792?lang=en,https://tickets.cinema-city.co.il/order/837792?lang=he,Regular,2D,,,2026-08-04,,,,135,All,Netanya,Cinema City,586
23:45,SPIDERMAN: BRAND NEW DAY,ספיידרמן: יום חדש,https://tickets.cinema-city.co.il/order/838751?lang=en,https://tickets.cinema-city.co.il/order/838751?lang=he,Regular,2D,,,2026-08-04,,,,135,All,Netanya,Cinema City,586
10:10,SPIDERMAN: BRAND NEW DAY,ספיידרמן: יום חדש,https://tickets.cinema-city.co.il/order/837050?lang=en,https://tickets.cinema-city.co.il/order/837050?lang=he,Regular,2D,,,2026-08-05,,,,135,All,Netanya,Cinema City,586
12:55,SPIDERMAN: BRAND NEW DAY,ספיידרמן: יום חדש,https://tickets.cinema-city.co.il/order/837095?lang=en,https://tickets.cinema-city.co.il/order/837095?lang=he,Regular,2D,,,2026-08-05,,,,135,All,Netanya,Cinema City,586
15:20,SPIDERMAN: BRAND NEW DAY,ספיידרמן: יום חדש,https://tickets.cinema-city.co.il/order/837093?lang=en,https://tickets.cinema-city.co.il/order/837093?lang=he,Regular,2D,,,2026-08-05,,,,135,All,Netanya,Cinema City,586
16:10,SPIDERMAN: BRAND NEW DAY,ספיידרמן: יום חדש,https://tickets.cinema-city.co.il/order/837063?lang=en,https://tickets.cinema-city.co.il/order/837063?lang=he,Regular,2D,,,2026-08-05,,,,135,All,Netanya,Cinema City,586
17:10,SPIDERMAN: BRAND NEW DAY,ספיידרמן: יום חדש,https://tickets.cinema-city.co.il/order/837064?lang=en,https://tickets.cinema-city.co.il/order/837064?lang=he,Regular,2D,,,2026-08-05,,,,135,All,Netanya,Cinema City,586
18:50,SPIDERMAN: BRAND NEW DAY,ספיידרמן: יום חדש,https://tickets.cinema-city.co.il/order/837090?lang=en,https://tickets.cinema-city.co.il/order/837090?lang=he,Regular,2D,,,2026-08-05,,,,135,All,Netanya,Cinema City,586
19:30,SPIDERMAN: BRAND NEW DAY,ספיידרמן: יום חדש,https://tickets.cinema-city.co.il/order/837088?lang=en,https://tickets.cinema-city.co.il/order/837088?lang=he,Regular,2D,,,2026-08-05,,,,135,All,Netanya,Cinema City,586
20:25,SPIDERMAN: BRAND NEW DAY,ספיידרמן: יום חדש,https://tickets.cinema-city.co.il/order/837110?lang=en,https://tickets.cinema-city.co.il/order/837110?lang=he,Regular,2D,,,2026-08-05,,,,135,All,Netanya,Cinema City,586
21:00,SPIDERMAN: BRAND NEW DAY,ספיידרמן: יום חדש,https://tickets.cinema-city.co.il/order/838759?lang=en,https://tickets.cinema-city.co.il/order/838759?lang=he,Regular,2D,,,2026-08-05,,,,135,All,Netanya,Cinema City,586
22:10,סרט כחול לבן,סרט כחול לבן,https://tickets.cinema-city.co.il/order/837328?lang=en,https://tickets.cinema-city.co.il/order/837328?lang=he,Regular,2D,,,2026-08-01,,,,86,14+,Netanya,Cinema City,586
00:20,סרט כחול לבן,סרט כחול לבן,https://tickets.cinema-city.co.il/order/837382?lang=en,https://tickets.cinema-city.co.il/order/837382?lang=he,Regular,2D,,,2026-08-01,,,,86,14+,Netanya,Cinema City,586
21:50,סרט כחול לבן,סרט כחול לבן,https://tickets.cinema-city.co.il/order/837502?lang=en,https://tickets.cinema-city.co.il/order/837502?lang=he,Regular,2D,,,2026-08-02,,,,86,14+,Netanya,Cinema City,586
00:00,סרט כחול לבן,סרט כחול לבן,https://tickets.cinema-city.co.il/order/838521?lang=en,https://tickets.cinema-city.co.il/order/838521?lang=he,Regular,2D,,,2026-08-02,,,,86,14+,Netanya,Cinema City,586
22:30,סרט כחול לבן,סרט כחול לבן,https://tickets.cinema-city.co.il/order/837556?lang=en,https://tickets.cinema-city.co.il/order/837556?lang=he,Regular,2D,,,2026-08-03,,,,86,14+,Netanya,Cinema City,586
00:00,סרט כחול לבן,סרט כחול לבן,https://tickets.cinema-city.co.il/order/838744?lang=en,https://tickets.cinema-city.co.il/order/838744?lang=he,Regular,2D,,,2026-08-03,,,,86,14+,Netanya,Cinema City,586
23:00,סרט כחול לבן,סרט כחול לבן,https://tickets.cinema-city.co.il/order/837798?lang=en,https://tickets.cinema-city.co.il/order/837798?lang=he,Regular,2D,,,2026-08-04,,,,86,14+,Netanya,Cinema City,586
00:15,סרט כחול לבן,סרט כחול לבן,https://tickets.cinema-city.co.il/order/838752?lang=en,https://tickets.cinema-city.co.il/order/838752?lang=he,Regular,2D,,,2026-08-04,,,,86,14+,Netanya,Cinema City,586
22:00,סרט כחול לבן,סרט כחול לבן,https://tickets.cinema-city.co.il/order/837074?lang=en,https://tickets.cinema-city.co.il/order/837074?lang=he,Regular,2D,,,2026-08-05,,,,86,14+,Netanya,Cinema City,586
14:00,קופה ראשית: הסרט,קופה ראשית: הסרט,https://tickets.cinema-city.co.il/order/837350?lang=en,https://tickets.cinema-city.co.il/order/837350?lang=he,Regular,2D,,,2026-08-01,,,,91,All,Netanya,Cinema City,586
16:20,קופה ראשית: הסרט,קופה ראשית: הסרט,https://tickets.cinema-city.co.il/order/837349?lang=en,https://tickets.cinema-city.co.il/order/837349?lang=he,Regular,2D,,,2026-08-01,,,,91,All,Netanya,Cinema City,586
17:50,קופה ראשית: הסרט,קופה ראשית: הסרט,https://tickets.cinema-city.co.il/order/837366?lang=en,https://tickets.cinema-city.co.il/order/837366?lang=he,Regular,2D,,,2026-08-01,,,,91,All,Netanya,Cinema City,586
18:40,קופה ראשית: הסרט,קופה ראשית: הסרט,https://tickets.cinema-city.co.il/order/837347?lang=en,https://tickets.cinema-city.co.il/order/837347?lang=he,Regular,2D,,,2026-08-01,,,,91,All,Netanya,Cinema City,586
20:00,קופה ראשית: הסרט,קופה ראשית: הסרט,https://tickets.cinema-city.co.il/order/837365?lang=en,https://tickets.cinema-city.co.il/order/837365?lang=he,Regular,2D,,,2026-08-01,,,,91,All,Netanya,Cinema City,586
21:00,קופה ראשית: הסרט,קופה ראשית: הסרט,https://tickets.cinema-city.co.il/order/837348?lang=en,https://tickets.cinema-city.co.il/order/837348?lang=he,Regular,2D,,,2026-08-01,,,,91,All,Netanya,Cinema City,586
23:20,קופה ראשית: הסרט,קופה ראשית: הסרט,https://tickets.cinema-city.co.il/order/837346?lang=en,https://tickets.cinema-city.co.il/order/837346?lang=he,Regular,2D,,,2026-08-01,,,,91,All,Netanya,Cinema City,586
13:30,קופה ראשית: הסרט,קופה ראשית: הסרט,https://tickets.cinema-city.co.il/order/837456?lang=en,https://tickets.cinema-city.co.il/order/837456?lang=he,Regular,2D,,,2026-08-02,,,,91,All,Netanya,Cinema City,586
15:40,קופה ראשית: הסרט,קופה ראשית: הסרט,https://tickets.cinema-city.co.il/order/837454?lang=en,https://tickets.cinema-city.co.il/order/837454?lang=he,Regular,2D,,,2026-08-02,,,,91,All,Netanya,Cinema City,586
17:20,קופה ראשית: הסרט,קופה ראשית: הסרט,https://tickets.cinema-city.co.il/order/837495?lang=en,https://tickets.cinema-city.co.il/order/837495?lang=he,Regular,2D,,,2026-08-02,,,,91,All,Netanya,Cinema City,586
17:50,קופה ראשית: הסרט,קופה ראשית: הסרט,https://tickets.cinema-city.co.il/order/837533?lang=en,https://tickets.cinema-city.co.il/order/837533?lang=he,Regular,2D,,,2026-08-02,,,,91,All,Netanya,Cinema City,586
19:30,קופה ראשית: הסרט,קופה ראשית: הסרט,https://tickets.cinema-city.co.il/order/837493?lang=en,https://tickets.cinema-city.co.il/order/837493?lang=he,Regular,2D,,,2026-08-02,,,,91,All,Netanya,Cinema City,586
20:00,קופה ראשית: הסרט,קופה ראשית: הסרט,https://tickets.cinema-city.co.il/order/837475?lang=en,https://tickets.cinema-city.co.il/order/837475?lang=he,Regular,2D,,,2026-08-02,,,,91,All,Netanya,Cinema City,586
22:10,קופה ראשית: הסרט,קופה ראשית: הסרט,https://tickets.cinema-city.co.il/order/837531?lang=en,https://tickets.cinema-city.co.il/order/837531?lang=he,Regular,2D,,,2026-08-02,,,,91,All,Netanya,Cinema City,586
00:20,קופה ראשית: הסרט,קופה ראשית: הסרט,https://tickets.cinema-city.co.il/order/838739?lang=en,https://tickets.cinema-city.co.il/order/838739?lang=he,Regular,2D,,,2026-08-02,,,,91,All,Netanya,Cinema City,586
14:10,קופה ראשית: הסרט,קופה ראשית: הסרט,https://tickets.cinema-city.co.il/order/837568?lang=en,https://tickets.cinema-city.co.il/order/837568?lang=he,Regular,2D,,,2026-08-03,,,,91,All,Netanya,Cinema City,586
17:50,קופה ראשית: הסרט,קופה ראשית: הסרט,https://tickets.cinema-city.co.il/order/837586?lang=en,https://tickets.cinema-city.co.il/order/837586?lang=he,Regular,2D,,,2026-08-03,,,,91,All,Netanya,Cinema City,586
20:10,קופה ראשית: הסרט,קופה ראשית: הסרט,https://tickets.cinema-city.co.il/order/837585?lang=en,https://tickets.cinema-city.co.il/order/837585?lang=he,Regular,2D,,,2026-08-03,,,,91,All,Netanya,Cinema City,586
20:30,קופה ראשית: הסרט,קופה ראשית: הסרט,https://tickets.cinema-city.co.il/order/837577?lang=en,https://tickets.cinema-city.co.il/order/837577?lang=he,Regular,2D,,,2026-08-03,,,,91,All,Netanya,Cinema City,586
22:50,קופה ראשית: הסרט,קופה ראשית: הסרט,https://tickets.cinema-city.co.il/order/837560?lang=en,https://tickets.cinema-city.co.il/order/837560?lang=he,Regular,2D,,,2026-08-03,,,,91,All,Netanya,Cinema City,586
13:45,קופה ראשית: הסרט,קופה ראשית: הסרט,https://tickets.cinema-city.co.il/order/837809?lang=en,https://tickets.cinema-city.co.il/order/837809?lang=he,Regular,2D,,,2026-08-04,,,,91,All,Netanya,Cinema City,586
16:00,קופה ראשית: הסרט,קופה ראשית: הסרט,https://tickets.cinema-city.co.il/order/837808?lang=en,https://tickets.cinema-city.co.il/order/837808?lang=he,Regular,2D,,,2026-08-04,,,,91,All,Netanya,Cinema City,586
18:15,קופה ראשית: הסרט,קופה ראשית: הסרט,https://tickets.cinema-city.co.il/order/837800?lang=en,https://tickets.cinema-city.co.il/order/837800?lang=he,Regular,2D,,,2026-08-04,,,,91,All,Netanya,Cinema City,586
19:45,קופה ראשית: הסרט,קופה ראשית: הסרט,https://tickets.cinema-city.co.il/order/837832?lang=en,https://tickets.cinema-city.co.il/order/837832?lang=he,Regular,2D,,,2026-08-04,,,,91,All,Netanya,Cinema City,586
20:40,קופה ראשית: הסרט,קופה ראשית: הסרט,https://tickets.cinema-city.co.il/order/837824?lang=en,https://tickets.cinema-city.co.il/order/837824?lang=he,Regular,2D,,,2026-08-04,,,,91,All,Netanya,Cinema City,586
23:45,קופה ראשית: הסרט,קופה ראשית: הסרט,https://tickets.cinema-city.co.il/order/837833?lang=en,https://tickets.cinema-city.co.il/order/837833?lang=he,Regular,2D,,,2026-08-04,,,,91,All,Netanya,Cinema City,586
17:15,קופה ראשית: הסרט,קופה ראשית: הסרט,https://tickets.cinema-city.co.il/order/837099?lang=en,https://tickets.cinema-city.co.il/order/837099?lang=he,Regular,2D,,,2026-08-05,,,,91,All,Netanya,Cinema City,586
17:40,קופה ראשית: הסרט,קופה ראשית: הסרט,https://tickets.cinema-city.co.il/order/837044?lang=en,https://tickets.cinema-city.co.il/order/837044?lang=he,Regular,2D,,,2026-08-05,,,,91,All,Netanya,Cinema City,586
18:35,קופה ראשית: הסרט,קופה ראשית: הסרט,https://tickets.cinema-city.co.il/order/837054?lang=en,https://tickets.cinema-city.co.il/order/837054?lang=he,Regular,2D,,,2026-08-05,,,,91,All,Netanya,Cinema City,586
19:30,קופה ראשית: הסרט,קופה ראשית: הסרט,https://tickets.cinema-city.co.il/order/837078?lang=en,https://tickets.cinema-city.co.il/order/837078?lang=he,Regular,2D,,,2026-08-05,,,,91,All,Netanya,Cinema City,586
21:40,קופה ראשית: הסרט,קופה ראשית: הסרט,https://tickets.cinema-city.co.il/order/837111?lang=en,https://tickets.cinema-city.co.il/order/837111?lang=he,Regular,2D,,,2026-08-05,,,,91,All,Netanya,Cinema City,586
23:30,חינה אמריקאית,חינה אמריקאית,https://tickets.cinema-city.co.il/order/837593?lang=en,https://tickets.cinema-city.co.il/order/837593?lang=he,Prime,2D,,,2026-08-03,,,,89,All,Netanya,Cinema City,586
11:00,SPIDERMAN: BRAND NEW DAY,ספיידרמן: יום חדש,https://tickets.cinema-city.co.il/order/837336?lang=en,https://tickets.cinema-city.co.il/order/837336?lang=he,Prime,2D,,,2026-08-01,,,,135,All,Netanya,Cinema City,586
14:10,SPIDERMAN: BRAND NEW DAY,ספיידרמן: יום חדש,https://tickets.cinema-city.co.il/order/837335?lang=en,https://tickets.cinema-city.co.il/order/837335?lang=he,Prime,2D,,,2026-08-01,,,,135,All,Netanya,Cinema City,586
17:20,SPIDERMAN: BRAND NEW DAY,ספיידרמן: יום חדש,https://tickets.cinema-city.co.il/order/837331?lang=en,https://tickets.cinema-city.co.il/order/837331?lang=he,Prime,2D,,,2026-08-01,,,,135,All,Netanya,Cinema City,586
20:30,SPIDERMAN: BRAND NEW DAY,ספיידרמן: יום חדש,https://tickets.cinema-city.co.il/order/837332?lang=en,https://tickets.cinema-city.co.il/order/837332?lang=he,Prime,2D,,,2026-08-01,,,,135,All,Netanya,Cinema City,586
23:40,SPIDERMAN: BRAND NEW DAY,ספיידרמן: יום חדש,https://tickets.cinema-city.co.il/order/837333?lang=en,https://tickets.cinema-city.co.il/order/837333?lang=he,Prime,2D,,,2026-08-01,,,,135,All,Netanya,Cinema City,586
14:10,SPIDERMAN: BRAND NEW DAY,ספיידרמן: יום חדש,https://tickets.cinema-city.co.il/order/837513?lang=en,https://tickets.cinema-city.co.il/order/837513?lang=he,Prime,2D,,,2026-08-02,,,,135,All,Netanya,Cinema City,586
17:20,SPIDERMAN: BRAND NEW DAY,ספיידרמן: יום חדש,https://tickets.cinema-city.co.il/order/837505?lang=en,https://tickets.cinema-city.co.il/order/837505?lang=he,Prime,2D,,,2026-08-02,,,,135,All,Netanya,Cinema City,586
20:30,SPIDERMAN: BRAND NEW DAY,ספיידרמן: יום חדש,https://tickets.cinema-city.co.il/order/837507?lang=en,https://tickets.cinema-city.co.il/order/837507?lang=he,Prime,2D,,,2026-08-02,,,,135,All,Netanya,Cinema City,586
23:40,SPIDERMAN: BRAND NEW DAY,ספיידרמן: יום חדש,https://tickets.cinema-city.co.il/order/837509?lang=en,https://tickets.cinema-city.co.il/order/837509?lang=he,Prime,2D,,,2026-08-02,,,,135,All,Netanya,Cinema City,586
10:10,SPIDERMAN: BRAND NEW DAY,ספיידרמן: יום חדש,https://tickets.cinema-city.co.il/order/837566?lang=en,https://tickets.cinema-city.co.il/order/837566?lang=he,Prime,2D,,,2026-08-03,,,,135,All,Netanya,Cinema City,586
13:20,SPIDERMAN: BRAND NEW DAY,ספיידרמן: יום חדש,https://tickets.cinema-city.co.il/order/837551?lang=en,https://tickets.cinema-city.co.il/order/837551?lang=he,Prime,2D,,,2026-08-03,,,,135,All,Netanya,Cinema City,586
20:20,SPIDERMAN: BRAND NEW DAY,ספיידרמן: יום חדש,https://tickets.cinema-city.co.il/order/837548?lang=en,https://tickets.cinema-city.co.il/order/837548?lang=he,Prime,2D,,,2026-08-03,,,,135,All,Netanya,Cinema City,586
11:00,SPIDERMAN: BRAND NEW DAY,ספיידרמן: יום חדש,https://tickets.cinema-city.co.il/order/837829?lang=en,https://tickets.cinema-city.co.il/order/837829?lang=he,Prime,2D,,,2026-08-04,,,,135,All,Netanya,Cinema City,586
14:10,SPIDERMAN: BRAND NEW DAY,ספיידרמן: יום חדש,https://tickets.cinema-city.co.il/order/837793?lang=en,https://tickets.cinema-city.co.il/order/837793?lang=he,Prime,2D,,,2026-08-04,,,,135,All,Netanya,Cinema City,586
17:30,SPIDERMAN: BRAND NEW DAY,ספיידרמן: יום חדש,https://tickets.cinema-city.co.il/order/837791?lang=en,https://tickets.cinema-city.co.il/order/837791?lang=he,Prime,2D,,,2026-08-04,,,,135,All,Netanya,Cinema City,586
10:10,SPIDERMAN: BRAND NEW DAY,ספיידרמן: יום חדש,https://tickets.cinema-city.co.il/order/837050?lang=en,https://tickets.cinema-city.co.il/order/837050?lang=he,Prime,2D,,,2026-08-05,,,,135,All,Netanya,Cinema City,586
17:10,SPIDERMAN: BRAND NEW DAY,ספיידרמן: יום חדש,https://tickets.cinema-city.co.il/order/837064?lang=en,https://tickets.cinema-city.co.il/order/837064?lang=he,Prime,2D,,,2026-08-05,,,,135,All,Netanya,Cinema City,586
20:25,SPIDERMAN: BRAND NEW DAY,ספיידרמן: יום חדש,https://tickets.cinema-city.co.il/order/837110?lang=en,https://tickets.cinema-city.co.il/order/837110?lang=he,Prime,2D,,,2026-08-05,,,,135,All,Netanya,Cinema City,586
14:00,קופה ראשית: הסרט,קופה ראשית: הסרט,https://tickets.cinema-city.co.il/order/837350?lang=en,https://tickets.cinema-city.co.il/order/837350?lang=he,Prime,2D,,,2026-08-01,,,,91,All,Netanya,Cinema City,586
16:20,קופה ראשית: הסרט,קופה ראשית: הסרט,https://tickets.cinema-city.co.il/order/837349?lang=en,https://tickets.cinema-city.co.il/order/837349?lang=he,Prime,2D,,,2026-08-01,,,,91,All,Netanya,Cinema City,586
18:40,קופה ראשית: הסרט,קופה ראשית: הסרט,https://tickets.cinema-city.co.il/order/837347?lang=en,https://tickets.cinema-city.co.il/order/837347?lang=he,Prime,2D,,,2026-08-01,,,,91,All,Netanya,Cinema City,586
21:00,קופה ראשית: הסרט,קופה ראשית: הסרט,https://tickets.cinema-city.co.il/order/837348?lang=en,https://tickets.cinema-city.co.il/order/837348?lang=he,Prime,2D,,,2026-08-01,,,,91,All,Netanya,Cinema City,586
23:20,קופה ראשית: הסרט,קופה ראשית: הסרט,https://tickets.cinema-city.co.il/order/837346?lang=en,https://tickets.cinema-city.co.il/order/837346?lang=he,Prime,2D,,,2026-08-01,,,,91,All,Netanya,Cinema City,586
13:30,קופה ראשית: הסרט,קופה ראשית: הסרט,https://tickets.cinema-city.co.il/order/837456?lang=en,https://tickets.cinema-city.co.il/order/837456?lang=he,Prime,2D,,,2026-08-02,,,,91,All,Netanya,Cinema City,586
15:40,קופה ראשית: הסרט,קופה ראשית: הסרט,https://tickets.cinema-city.co.il/order/837454?lang=en,https://tickets.cinema-city.co.il/order/837454?lang=he,Prime,2D,,,2026-08-02,,,,91,All,Netanya,Cinema City,586
17:50,קופה ראשית: הסרט,קופה ראשית: הסרט,https://tickets.cinema-city.co.il/order/837533?lang=en,https://tickets.cinema-city.co.il/order/837533?lang=he,Prime,2D,,,2026-08-02,,,,91,All,Netanya,Cinema City,586
20:00,קופה ראשית: הסרט,קופה ראשית: הסרט,https://tickets.cinema-city.co.il/order/837475?lang=en,https://tickets.cinema-city.co.il/order/837475?lang=he,Prime,2D,,,2026-08-02,,,,91,All,Netanya,Cinema City,586
22:10,קופה ראשית: הסרט,קופה ראשית: הסרט,https://tickets.cinema-city.co.il/order/837531?lang=en,https://tickets.cinema-city.co.il/order/837531?lang=he,Prime,2D,,,2026-08-02,,,,91,All,Netanya,Cinema City,586
00:20,קופה ראשית: הסרט,קופה ראשית: הסרט,https://tickets.cinema-city.co.il/order/838739?lang=en,https://tickets.cinema-city.co.il/order/838739?lang=he,Prime,2D,,,2026-08-02,,,,91,All,Netanya,Cinema City,586
14:10,קופה ראשית: הסרט,קופה ראשית: הסרט,https://tickets.cinema-city.co.il/order/837568?lang=en,https://tickets.cinema-city.co.il/order/837568?lang=he,Prime,2D,,,2026-08-03,,,,91,All,Netanya,Cinema City,586
20:30,קופה ראשית: הסרט,קופה ראשית: הסרט,https://tickets.cinema-city.co.il/order/837577?lang=en,https://tickets.cinema-city.co.il/order/837577?lang=he,Prime,2D,,,2026-08-03,,,,91,All,Netanya,Cinema City,586
22:50,קופה ראשית: הסרט,קופה ראשית: הסרט,https://tickets.cinema-city.co.il/order/837560?lang=en,https://tickets.cinema-city.co.il/order/837560?lang=he,Prime,2D,,,2026-08-03,,,,91,All,Netanya,Cinema City,586
13:45,קופה ראשית: הסרט,קופה ראשית: הסרט,https://tickets.cinema-city.co.il/order/837809?lang=en,https://tickets.cinema-city.co.il/order/837809?lang=he,Prime,2D,,,2026-08-04,,,,91,All,Netanya,Cinema City,586
16:00,קופה ראשית: הסרט,קופה ראשית: הסרט,https://tickets.cinema-city.co.il/order/837808?lang=en,https://tickets.cinema-city.co.il/order/837808?lang=he,Prime,2D,,,2026-08-04,,,,91,All,Netanya,Cinema City,586
18:15,קופה ראשית: הסרט,קופה ראשית: הסרט,https://tickets.cinema-city.co.il/order/837800?lang=en,https://tickets.cinema-city.co.il/order/837800?lang=he,Prime,2D,,,2026-08-04,,,,91,All,Netanya,Cinema City,586
23:45,קופה ראשית: הסרט,קופה ראשית: הסרט,https://tickets.cinema-city.co.il/order/837833?lang=en,https://tickets.cinema-city.co.il/order/837833?lang=he,Prime,2D,,,2026-08-04,,,,91,All,Netanya,Cinema City,586
17:15,קופה ראשית: הסרט,קופה ראשית: הסרט,https://tickets.cinema-city.co.il/order/837099?lang=en,https://tickets.cinema-city.co.il/order/837099?lang=he,Prime,2D,,,2026-08-05,,,,91,All,Netanya,Cinema City,586
19:30,קופה ראשית: הסרט,קופה ראשית: הסרט,https://tickets.cinema-city.co.il/order/837078?lang=en,https://tickets.cinema-city.co.il/order/837078?lang=he,Prime,2D,,,2026-08-05,,,,91,All,Netanya,Cinema City,586
21:40,קופה ראשית: הסרט,קופה ראשית: הסרט,https://tickets.cinema-city.co.il/order/837111?lang=en,https://tickets.cinema-city.co.il/order/837111?lang=he,Prime,2D,,,2026-08-05,,,,91,All,Netanya,Cinema City,586
12:45,Just an Illusion,אשליות מתוקות,https://tickets.cinema-city.co.il/order/838394?lang=en,https://tickets.cinema-city.co.il/order/838394?lang=he,Regular,2D,,,2026-08-04,,,,119,All,Beer Sheva,Cinema City,586
20:00,I Want Your Sex,בוסית בהפרעה,https://tickets.cinema-city.co.il/order/838132?lang=en,https://tickets.cinema-city.co.il/order/838132?lang=he,Regular,2D,,,2026-08-01,,,,90,16+,Beer Sheva,Cinema City,586
22:25,I Want Your Sex,בוסית בהפרעה,https://tickets.cinema-city.co.il/order/838124?lang=en,https://tickets.cinema-city.co.il/order/838124?lang=he,Regular,2D,,,2026-08-01,,,,90,16+,Beer Sheva,Cinema City,586
19:50,I Want Your Sex,בוסית בהפרעה,https://tickets.cinema-city.co.il/order/838286?lang=en,https://tickets.cinema-city.co.il/order/838286?lang=he,Regular,2D,,,2026-08-02,,,,90,16+,Beer Sheva,Cinema City,586
22:30,I Want Your Sex,בוסית בהפרעה,https://tickets.cinema-city.co.il/order/838248?lang=en,https://tickets.cinema-city.co.il/order/838248?lang=he,Regular,2D,,,2026-08-02,,,,90,16+,Beer Sheva,Cinema City,586
21:00,I Want Your Sex,בוסית בהפרעה,https://tickets.cinema-city.co.il/order/838306?lang=en,https://tickets.cinema-city.co.il/order/838306?lang=he,Regular,2D,,,2026-08-03,,,,90,16+,Beer Sheva,Cinema City,586
22:30,I Want Your Sex,בוסית בהפרעה,https://tickets.cinema-city.co.il/order/838291?lang=en,https://tickets.cinema-city.co.il/order/838291?lang=he,Regular,2D,,,2026-08-03,,,,90,16+,Beer Sheva,Cinema City,586
20:00,I Want Your Sex,בוסית בהפרעה,https://tickets.cinema-city.co.il/order/838370?lang=en,https://tickets.cinema-city.co.il/order/838370?lang=he,Regular,2D,,,2026-08-04,,,,90,16+,Beer Sheva,Cinema City,586
22:25,I Want Your Sex,בוסית בהפרעה,https://tickets.cinema-city.co.il/order/838374?lang=en,https://tickets.cinema-city.co.il/order/838374?lang=he,Regular,2D,,,2026-08-04,,,,90,16+,Beer Sheva,Cinema City,586
20:00,I Want Your Sex,בוסית בהפרעה,https://tickets.cinema-city.co.il/order/838427?lang=en,https://tickets.cinema-city.co.il/order/838427?lang=he,Regular,2D,,,2026-08-05,,,,90,16+,Beer Sheva,Cinema City,586
22:25,I Want Your Sex,בוסית בהפרעה,https://tickets.cinema-city.co.il/order/838431?lang=en,https://tickets.cinema-city.co.il/order/838431?lang=he,Regular,2D,,,2026-08-05,,,,90,16+,Beer Sheva,Cinema City,586
10:10,GRACIE & PEDRO: PETS TO THE RESCUE,גרייסי ופדרו: חיות המחמד בפעולה,https://tickets.cinema-city.co.il/order/838164?lang=en,https://tickets.cinema-city.co.il/order/838164?lang=he,Regular,2D,,Hebrew,2026-08-01,,,,87,All,Beer Sheva,Cinema City,586
15:10,GRACIE & PEDRO: PETS TO THE RESCUE,גרייסי ופדרו: חיות המחמד בפעולה,https://tickets.cinema-city.co.il/order/838165?lang=en,https://tickets.cinema-city.co.il/order/838165?lang=he,Regular,2D,,Hebrew,2026-08-01,,,,87,All,Beer Sheva,Cinema City,586
10:10,GRACIE & PEDRO: PETS TO THE RESCUE,גרייסי ופדרו: חיות המחמד בפעולה,https://tickets.cinema-city.co.il/order/838220?lang=en,https://tickets.cinema-city.co.il/order/838220?lang=he,Regular,2D,,Hebrew,2026-08-02,,,,87,All,Beer Sheva,Cinema City,586
15:10,GRACIE & PEDRO: PETS TO THE RESCUE,גרייסי ופדרו: חיות המחמד בפעולה,https://tickets.cinema-city.co.il/order/838222?lang=en,https://tickets.cinema-city.co.il/order/838222?lang=he,Regular,2D,,Hebrew,2026-08-02,,,,87,All,Beer Sheva,Cinema City,586
10:20,GRACIE & PEDRO: PETS TO THE RESCUE,גרייסי ופדרו: חיות המחמד בפעולה,https://tickets.cinema-city.co.il/order/838322?lang=en,https://tickets.cinema-city.co.il/order/838322?lang=he,Regular,2D,,Hebrew,2026-08-03,,,,87,All,Beer Sheva,Cinema City,586
15:10,GRACIE & PEDRO: PETS TO THE RESCUE,גרייסי ופדרו: חיות המחמד בפעולה,https://tickets.cinema-city.co.il/order/838323?lang=en,https://tickets.cinema-city.co.il/order/838323?lang=he,Regular,2D,,Hebrew,2026-08-03,,,,87,All,Beer Sheva,Cinema City,586
10:10,GRACIE & PEDRO: PETS TO THE RESCUE,גרייסי ופדרו: חיות המחמד בפעולה,https://tickets.cinema-city.co.il/order/838354?lang=en,https://tickets.cinema-city.co.il/order/838354?lang=he,Regular,2D,,Hebrew,2026-08-04,,,,87,All,Beer Sheva,Cinema City,586
15:10,GRACIE & PEDRO: PETS TO THE RESCUE,גרייסי ופדרו: חיות המחמד בפעולה,https://tickets.cinema-city.co.il/order/838355?lang=en,https://tickets.cinema-city.co.il/order/838355?lang=he,Regular,2D,,Hebrew,2026-08-04,,,,87,All,Beer Sheva,Cinema City,586
10:10,GRACIE & PEDRO: PETS TO THE RESCUE,גרייסי ופדרו: חיות המחמד בפעולה,https://tickets.cinema-city.co.il/order/838411?lang=en,https://tickets.cinema-city.co.il/order/838411?lang=he,Regular,2D,,Hebrew,2026-08-05,,,,87,All,Beer Sheva,Cinema City,586
15:10,GRACIE & PEDRO: PETS TO THE RESCUE,גרייסי ופדרו: חיות המחמד בפעולה,https://tickets.cinema-city.co.il/order/838412?lang=en,https://tickets.cinema-city.co.il/order/838412?lang=he,Regular,2D,,Hebrew,2026-08-05,,,,87,All,Beer Sheva,Cinema City,586
16:00,THE ODYSSEY,האודיסאה,https://tickets.cinema-city.co.il/order/838136?lang=en,https://tickets.cinema-city.co.il/order/838136?lang=he,Regular,2D,,,2026-08-01,,,,172,14+,Beer Sheva,Cinema City,586
17:50,THE ODYSSEY,האודיסאה,https://tickets.cinema-city.co.il/order/838142?lang=en,https://tickets.cinema-city.co.il/order/838142?lang=he,Regular,2D,,,2026-08-01,,,,172,14+,Beer Sheva,Cinema City,586
19:50,THE ODYSSEY,האודיסאה,https://tickets.cinema-city.co.il/order/838137?lang=en,https://tickets.cinema-city.co.il/order/838137?lang=he,Regular,2D,,,2026-08-01,,,,172,14+,Beer Sheva,Cinema City,586
21:50,THE ODYSSEY,האודיסאה,https://tickets.cinema-city.co.il/order/838141?lang=en,https://tickets.cinema-city.co.il/order/838141?lang=he,Regular,2D,,,2026-08-01,,,,172,14+,Beer Sheva,Cinema City,586
16:00,THE ODYSSEY,האודיסאה,https://tickets.cinema-city.co.il/order/838234?lang=en,https://tickets.cinema-city.co.il/order/838234?lang=he,Regular,2D,,,2026-08-02,,,,172,14+,Beer Sheva,Cinema City,586
18:10,THE ODYSSEY,האודיסאה,https://tickets.cinema-city.co.il/order/838273?lang=en,https://tickets.cinema-city.co.il/order/838273?lang=he,Regular,2D,,,2026-08-02,,,,172,14+,Beer Sheva,Cinema City,586
19:50,THE ODYSSEY,האודיסאה,https://tickets.cinema-city.co.il/order/838268?lang=en,https://tickets.cinema-city.co.il/order/838268?lang=he,Regular,2D,,,2026-08-02,,,,172,14+,Beer Sheva,Cinema City,586
21:50,THE ODYSSEY,האודיסאה,https://tickets.cinema-city.co.il/order/838272?lang=en,https://tickets.cinema-city.co.il/order/838272?lang=he,Regular,2D,,,2026-08-02,,,,172,14+,Beer Sheva,Cinema City,586
16:00,THE ODYSSEY,האודיסאה,https://tickets.cinema-city.co.il/order/838329?lang=en,https://tickets.cinema-city.co.il/order/838329?lang=he,Regular,2D,,,2026-08-03,,,,172,14+,Beer Sheva,Cinema City,586
18:00,THE ODYSSEY,האודיסאה,https://tickets.cinema-city.co.il/order/838297?lang=en,https://tickets.cinema-city.co.il/order/838297?lang=he,Regular,2D,,,2026-08-03,,,,172,14+,Beer Sheva,Cinema City,586
19:50,THE ODYSSEY,האודיסאה,https://tickets.cinema-city.co.il/order/838293?lang=en,https://tickets.cinema-city.co.il/order/838293?lang=he,Regular,2D,,,2026-08-03,,,,172,14+,Beer Sheva,Cinema City,586
21:40,THE ODYSSEY,האודיסאה,https://tickets.cinema-city.co.il/order/838296?lang=en,https://tickets.cinema-city.co.il/order/838296?lang=he,Regular,2D,,,2026-08-03,,,,172,14+,Beer Sheva,Cinema City,586
16:00,THE ODYSSEY,האודיסאה,https://tickets.cinema-city.co.il/order/838362?lang=en,https://tickets.cinema-city.co.il/order/838362?lang=he,Regular,2D,,,2026-08-04,,,,172,14+,Beer Sheva,Cinema City,586
17:50,THE ODYSSEY,האודיסאה,https://tickets.cinema-city.co.il/order/838380?lang=en,https://tickets.cinema-city.co.il/order/838380?lang=he,Regular,2D,,,2026-08-04,,,,172,14+,Beer Sheva,Cinema City,586
19:50,THE ODYSSEY,האודיסאה,https://tickets.cinema-city.co.il/order/838375?lang=en,https://tickets.cinema-city.co.il/order/838375?lang=he,Regular,2D,,,2026-08-04,,,,172,14+,Beer Sheva,Cinema City,586
21:50,THE ODYSSEY,האודיסאה,https://tickets.cinema-city.co.il/order/838379?lang=en,https://tickets.cinema-city.co.il/order/838379?lang=he,Regular,2D,,,2026-08-04,,,,172,14+,Beer Sheva,Cinema City,586
16:00,THE ODYSSEY,האודיסאה,https://tickets.cinema-city.co.il/order/838419?lang=en,https://tickets.cinema-city.co.il/order/838419?lang=he,Regular,2D,,,2026-08-05,,,,172,14+,Beer Sheva,Cinema City,586
18:10,THE ODYSSEY,האודיסאה,https://tickets.cinema-city.co.il/order/838437?lang=en,https://tickets.cinema-city.co.il/order/838437?lang=he,Regular,2D,,,2026-08-05,,,,172,14+,Beer Sheva,Cinema City,586
19:50,THE ODYSSEY,האודיסאה,https://tickets.cinema-city.co.il/order/838432?lang=en,https://tickets.cinema-city.co.il/order/838432?lang=he,Regular,2D,,,2026-08-05,,,,172,14+,Beer Sheva,Cinema City,586
21:50,THE ODYSSEY,האודיסאה,https://tickets.cinema-city.co.il/order/838436?lang=en,https://tickets.cinema-city.co.il/order/838436?lang=he,Regular,2D,,,2026-08-05,,,,172,14+,Beer Sheva,Cinema City,586
10:40,The Invite.,ההזמנה.,https://tickets.cinema-city.co.il/order/838168?lang=en,https://tickets.cinema-city.co.il/order/838168?lang=he,Regular,2D,,,2026-08-01,,,,107,14+,Beer Sheva,Cinema City,586
10:50,The Invite.,ההזמנה.,https://tickets.cinema-city.co.il/order/838228?lang=en,https://tickets.cinema-city.co.il/order/838228?lang=he,Regular,2D,,,2026-08-02,,,,107,14+,Beer Sheva,Cinema City,586
10:50,The Invite.,ההזמנה.,https://tickets.cinema-city.co.il/order/838326?lang=en,https://tickets.cinema-city.co.il/order/838326?lang=he,Regular,2D,,,2026-08-03,,,,107,14+,Beer Sheva,Cinema City,586
19:40,The Invite.,ההזמנה.,https://tickets.cinema-city.co.il/order/838339?lang=en,https://tickets.cinema-city.co.il/order/838339?lang=he,Regular,2D,,,2026-08-03,,,,107,14+,Beer Sheva,Cinema City,586
10:40,The Invite.,ההזמנה.,https://tickets.cinema-city.co.il/order/838358?lang=en,https://tickets.cinema-city.co.il/order/838358?lang=he,Regular,2D,,,2026-08-04,,,,107,14+,Beer Sheva,Cinema City,586
17:30,The Invite.,ההזמנה.,https://tickets.cinema-city.co.il/order/838393?lang=en,https://tickets.cinema-city.co.il/order/838393?lang=he,Regular,2D,,,2026-08-04,,,,107,14+,Beer Sheva,Cinema City,586
10:40,The Invite.,ההזמנה.,https://tickets.cinema-city.co.il/order/838415?lang=en,https://tickets.cinema-city.co.il/order/838415?lang=he,Regular,2D,,,2026-08-05,,,,107,14+,Beer Sheva,Cinema City,586
16:40,The Magic Faraway Tree,המסע המופלא לעץ הקסמים,https://tickets.cinema-city.co.il/order/838125?lang=en,https://tickets.cinema-city.co.il/order/838125?lang=he,Regular,2D,,,2026-08-01,,,,110,All,Beer Sheva,Cinema City,586
15:30,The Magic Faraway Tree,המסע המופלא לעץ הקסמים,https://tickets.cinema-city.co.il/order/838236?lang=en,https://tickets.cinema-city.co.il/order/838236?lang=he,Regular,2D,,,2026-08-02,,,,110,All,Beer Sheva,Cinema City,586
15:30,The Magic Faraway Tree,המסע המופלא לעץ הקסמים,https://tickets.cinema-city.co.il/order/838330?lang=en,https://tickets.cinema-city.co.il/order/838330?lang=he,Regular,2D,,,2026-08-03,,,,110,All,Beer Sheva,Cinema City,586
16:40,The Magic Faraway Tree,המסע המופלא לעץ הקסמים,https://tickets.cinema-city.co.il/order/838363?lang=en,https://tickets.cinema-city.co.il/order/838363?lang=he,Regular,2D,,,2026-08-04,,,,110,All,Beer Sheva,Cinema City,586
16:40,The Magic Faraway Tree,המסע המופלא לעץ הקסמים,https://tickets.cinema-city.co.il/order/838420?lang=en,https://tickets.cinema-city.co.il/order/838420?lang=he,Regular,2D,,,2026-08-05,,,,110,All,Beer Sheva,Cinema City,586
11:30,The Magic Faraway Tree,המסע המופלא לעץ הקסמים,https://tickets.cinema-city.co.il/order/838134?lang=en,https://tickets.cinema-city.co.il/order/838134?lang=he,Regular,2D,,Hebrew,2026-08-01,,,,110,All,Beer Sheva,Cinema City,586
14:20,The Magic Faraway Tree,המסע המופלא לעץ הקסמים,https://tickets.cinema-city.co.il/order/838133?lang=en,https://tickets.cinema-city.co.il/order/838133?lang=he,Regular,2D,,Hebrew,2026-08-01,,,,110,All,Beer Sheva,Cinema City,586
17:10,The Magic Faraway Tree,המסע המופלא לעץ הקסמים,https://tickets.cinema-city.co.il/order/838126?lang=en,https://tickets.cinema-city.co.il/order/838126?lang=he,Regular,2D,,Hebrew,2026-08-01,,,,110,All,Beer Sheva,Cinema City,586
11:45,The Magic Faraway Tree,המסע המופלא לעץ הקסמים,https://tickets.cinema-city.co.il/order/838267?lang=en,https://tickets.cinema-city.co.il/order/838267?lang=he,Regular,2D,,Hebrew,2026-08-02,,,,110,All,Beer Sheva,Cinema City,586
14:45,The Magic Faraway Tree,המסע המופלא לעץ הקסמים,https://tickets.cinema-city.co.il/order/838251?lang=en,https://tickets.cinema-city.co.il/order/838251?lang=he,Regular,2D,,Hebrew,2026-08-02,,,,110,All,Beer Sheva,Cinema City,586
17:40,The Magic Faraway Tree,המסע המופלא לעץ הקסמים,https://tickets.cinema-city.co.il/order/838238?lang=en,https://tickets.cinema-city.co.il/order/838238?lang=he,Regular,2D,,Hebrew,2026-08-02,,,,110,All,Beer Sheva,Cinema City,586
12:20,The Magic Faraway Tree,המסע המופלא לעץ הקסמים,https://tickets.cinema-city.co.il/order/838292?lang=en,https://tickets.cinema-city.co.il/order/838292?lang=he,Regular,2D,,Hebrew,2026-08-03,,,,110,All,Beer Sheva,Cinema City,586
14:15,The Magic Faraway Tree,המסע המופלא לעץ הקסמים,https://tickets.cinema-city.co.il/order/838335?lang=en,https://tickets.cinema-city.co.il/order/838335?lang=he,Regular,2D,,Hebrew,2026-08-03,,,,110,All,Beer Sheva,Cinema City,586
17:00,The Magic Faraway Tree,המסע המופלא לעץ הקסמים,https://tickets.cinema-city.co.il/order/838336?lang=en,https://tickets.cinema-city.co.il/order/838336?lang=he,Regular,2D,,Hebrew,2026-08-03,,,,110,All,Beer Sheva,Cinema City,586
11:30,The Magic Faraway Tree,המסע המופלא לעץ הקסמים,https://tickets.cinema-city.co.il/order/838372?lang=en,https://tickets.cinema-city.co.il/order/838372?lang=he,Regular,2D,,Hebrew,2026-08-04,,,,110,All,Beer Sheva,Cinema City,586
14:20,The Magic Faraway Tree,המסע המופלא לעץ הקסמים,https://tickets.cinema-city.co.il/order/838371?lang=en,https://tickets.cinema-city.co.il/order/838371?lang=he,Regular,2D,,Hebrew,2026-08-04,,,,110,All,Beer Sheva,Cinema City,586
17:10,The Magic Faraway Tree,המסע המופלא לעץ הקסמים,https://tickets.cinema-city.co.il/order/838364?lang=en,https://tickets.cinema-city.co.il/order/838364?lang=he,Regular,2D,,Hebrew,2026-08-04,,,,110,All,Beer Sheva,Cinema City,586
11:30,The Magic Faraway Tree,המסע המופלא לעץ הקסמים,https://tickets.cinema-city.co.il/order/838429?lang=en,https://tickets.cinema-city.co.il/order/838429?lang=he,Regular,2D,,Hebrew,2026-08-05,,,,110,All,Beer Sheva,Cinema City,586
14:20,The Magic Faraway Tree,המסע המופלא לעץ הקסמים,https://tickets.cinema-city.co.il/order/838428?lang=en,https://tickets.cinema-city.co.il/order/838428?lang=he,Regular,2D,,Hebrew,2026-08-05,,,,110,All,Beer Sheva,Cinema City,586
17:10,The Magic Faraway Tree,המסע המופלא לעץ הקסמים,https://tickets.cinema-city.co.il/order/838421?lang=en,https://tickets.cinema-city.co.il/order/838421?lang=he,Regular,2D,,Hebrew,2026-08-05,,,,110,All,Beer Sheva,Cinema City,586
20:20,חינה אמריקאית,חינה אמריקאית,https://tickets.cinema-city.co.il/order/838156?lang=en,https://tickets.cinema-city.co.il/order/838156?lang=he,Regular,2D,,,2026-08-01,,,,89,All,Beer Sheva,Cinema City,586
22:35,חינה אמריקאית,חינה אמריקאית,https://tickets.cinema-city.co.il/order/838155?lang=en,https://tickets.cinema-city.co.il/order/838155?lang=he,Regular,2D,,,2026-08-01,,,,89,All,Beer Sheva,Cinema City,586
18:00,חינה אמריקאית,חינה אמריקאית,https://tickets.cinema-city.co.il/order/838203?lang=en,https://tickets.cinema-city.co.il/order/838203?lang=he,Regular,2D,,,2026-08-02,,,,89,All,Beer Sheva,Cinema City,586
20:15,חינה אמריקאית,חינה אמריקאית,https://tickets.cinema-city.co.il/order/838202?lang=en,https://tickets.cinema-city.co.il/order/838202?lang=he,Regular,2D,,,2026-08-02,,,,89,All,Beer Sheva,Cinema City,586
22:20,חינה אמריקאית,חינה אמריקאית,https://tickets.cinema-city.co.il/order/838287?lang=en,https://tickets.cinema-city.co.il/order/838287?lang=he,Regular,2D,,,2026-08-02,,,,89,All,Beer Sheva,Cinema City,586
18:00,חינה אמריקאית,חינה אמריקאית,https://tickets.cinema-city.co.il/order/838314?lang=en,https://tickets.cinema-city.co.il/order/838314?lang=he,Regular,2D,,,2026-08-03,,,,89,All,Beer Sheva,Cinema City,586
20:15,חינה אמריקאית,חינה אמריקאית,https://tickets.cinema-city.co.il/order/838313?lang=en,https://tickets.cinema-city.co.il/order/838313?lang=he,Regular,2D,,,2026-08-03,,,,89,All,Beer Sheva,Cinema City,586
22:30,חינה אמריקאית,חינה אמריקאית,https://tickets.cinema-city.co.il/order/838307?lang=en,https://tickets.cinema-city.co.il/order/838307?lang=he,Regular,2D,,,2026-08-03,,,,89,All,Beer Sheva,Cinema City,586
20:20,חינה אמריקאית,חינה אמריקאית,https://tickets.cinema-city.co.il/order/838347?lang=en,https://tickets.cinema-city.co.il/order/838347?lang=he,Regular,2D,,,2026-08-04,,,,89,All,Beer Sheva,Cinema City,586
22:35,חינה אמריקאית,חינה אמריקאית,https://tickets.cinema-city.co.il/order/838346?lang=en,https://tickets.cinema-city.co.il/order/838346?lang=he,Regular,2D,,,2026-08-04,,,,89,All,Beer Sheva,Cinema City,586
20:20,חינה אמריקאית,חינה אמריקאית,https://tickets.cinema-city.co.il/order/838403?lang=en,https://tickets.cinema-city.co.il/order/838403?lang=he,Regular,2D,,,2026-08-05,,,,89,All,Beer Sheva,Cinema City,586
22:35,חינה אמריקאית,חינה אמריקאית,https://tickets.cinema-city.co.il/order/838402?lang=en,https://tickets.cinema-city.co.il/order/838402?lang=he,Regular,2D,,,2026-08-05,,,,89,All,Beer Sheva,Cinema City,586
13:10,Tafiti: Across the Desert,טפיטי: הרפתקה במדבר,https://tickets.cinema-city.co.il/order/838166?lang=en,https://tickets.cinema-city.co.il/order/838166?lang=he,Regular,2D,,Hebrew,2026-08-01,,,,81,9+,Beer Sheva,Cinema City,586
13:25,Tafiti: Across the Desert,טפיטי: הרפתקה במדבר,https://tickets.cinema-city.co.il/order/838224?lang=en,https://tickets.cinema-city.co.il/order/838224?lang=he,Regular,2D,,Hebrew,2026-08-02,,,,81,9+,Beer Sheva,Cinema City,586
13:25,Tafiti: Across the Desert,טפיטי: הרפתקה במדבר,https://tickets.cinema-city.co.il/order/838324?lang=en,https://tickets.cinema-city.co.il/order/838324?lang=he,Regular,2D,,Hebrew,2026-08-03,,,,81,9+,Beer Sheva,Cinema City,586
13:10,Tafiti: Across the Desert,טפיטי: הרפתקה במדבר,https://tickets.cinema-city.co.il/order/838356?lang=en,https://tickets.cinema-city.co.il/order/838356?lang=he,Regular,2D,,Hebrew,2026-08-04,,,,81,9+,Beer Sheva,Cinema City,586
13:10,Tafiti: Across the Desert,טפיטי: הרפתקה במדבר,https://tickets.cinema-city.co.il/order/838413?lang=en,https://tickets.cinema-city.co.il/order/838413?lang=he,Regular,2D,,Hebrew,2026-08-05,,,,81,9+,Beer Sheva,Cinema City,586
22:10,Cuz You're Ugly,כי את מכוערת,https://tickets.cinema-city.co.il/order/838167?lang=en,https://tickets.cinema-city.co.il/order/838167?lang=he,Regular,2D,,,2026-08-01,,,,83,12+,Beer Sheva,Cinema City,586
22:10,Cuz You're Ugly,כי את מכוערת,https://tickets.cinema-city.co.il/order/838226?lang=en,https://tickets.cinema-city.co.il/order/838226?lang=he,Regular,2D,,,2026-08-02,,,,83,12+,Beer Sheva,Cinema City,586
22:25,Cuz You're Ugly,כי את מכוערת,https://tickets.cinema-city.co.il/order/838325?lang=en,https://tickets.cinema-city.co.il/order/838325?lang=he,Regular,2D,,,2026-08-03,,,,83,12+,Beer Sheva,Cinema City,586
22:10,Cuz You're Ugly,כי את מכוערת,https://tickets.cinema-city.co.il/order/838357?lang=en,https://tickets.cinema-city.co.il/order/838357?lang=he,Regular,2D,,,2026-08-04,,,,83,12+,Beer Sheva,Cinema City,586
22:20,Cuz You're Ugly,כי את מכוערת,https://tickets.cinema-city.co.il/order/838414?lang=en,https://tickets.cinema-city.co.il/order/838414?lang=he,Regular,2D,,,2026-08-05,,,,83,12+,Beer Sheva,Cinema City,586
10:00,MASHA & THE BEAR – WONDER PARK,מאשה והדוב-ההרפתקה הגדולה,https://tickets.cinema-city.co.il/order/838162?lang=en,https://tickets.cinema-city.co.il/order/838162?lang=he,Regular,2D,,Hebrew,2026-08-01,,,,73,All,Beer Sheva,Cinema City,586
12:15,MASHA & THE BEAR – WONDER PARK,מאשה והדוב-ההרפתקה הגדולה,https://tickets.cinema-city.co.il/order/838160?lang=en,https://tickets.cinema-city.co.il/order/838160?lang=he,Regular,2D,,Hebrew,2026-08-01,,,,73,All,Beer Sheva,Cinema City,586
14:30,MASHA & THE BEAR – WONDER PARK,מאשה והדוב-ההרפתקה הגדולה,https://tickets.cinema-city.co.il/order/838161?lang=en,https://tickets.cinema-city.co.il/order/838161?lang=he,Regular,2D,,Hebrew,2026-08-01,,,,73,All,Beer Sheva,Cinema City,586
10:20,MASHA & THE BEAR – WONDER PARK,מאשה והדוב-ההרפתקה הגדולה,https://tickets.cinema-city.co.il/order/838216?lang=en,https://tickets.cinema-city.co.il/order/838216?lang=he,Regular,2D,,Hebrew,2026-08-02,,,,73,All,Beer Sheva,Cinema City,586
12:35,MASHA & THE BEAR – WONDER PARK,מאשה והדוב-ההרפתקה הגדולה,https://tickets.cinema-city.co.il/order/838182?lang=en,https://tickets.cinema-city.co.il/order/838182?lang=he,Regular,2D,,Hebrew,2026-08-02,,,,73,All,Beer Sheva,Cinema City,586
14:50,MASHA & THE BEAR – WONDER PARK,מאשה והדוב-ההרפתקה הגדולה,https://tickets.cinema-city.co.il/order/838214?lang=en,https://tickets.cinema-city.co.il/order/838214?lang=he,Regular,2D,,Hebrew,2026-08-02,,,,73,All,Beer Sheva,Cinema City,586
10:00,MASHA & THE BEAR – WONDER PARK,מאשה והדוב-ההרפתקה הגדולה,https://tickets.cinema-city.co.il/order/838320?lang=en,https://tickets.cinema-city.co.il/order/838320?lang=he,Regular,2D,,Hebrew,2026-08-03,,,,73,All,Beer Sheva,Cinema City,586
12:10,MASHA & THE BEAR – WONDER PARK,מאשה והדוב-ההרפתקה הגדולה,https://tickets.cinema-city.co.il/order/838319?lang=en,https://tickets.cinema-city.co.il/order/838319?lang=he,Regular,2D,,Hebrew,2026-08-03,,,,73,All,Beer Sheva,Cinema City,586
10:00,MASHA & THE BEAR – WONDER PARK,מאשה והדוב-ההרפתקה הגדולה,https://tickets.cinema-city.co.il/order/838352?lang=en,https://tickets.cinema-city.co.il/order/838352?lang=he,Regular,2D,,Hebrew,2026-08-04,,,,73,All,Beer Sheva,Cinema City,586
12:15,MASHA & THE BEAR – WONDER PARK,מאשה והדוב-ההרפתקה הגדולה,https://tickets.cinema-city.co.il/order/838340?lang=en,https://tickets.cinema-city.co.il/order/838340?lang=he,Regular,2D,,Hebrew,2026-08-04,,,,73,All,Beer Sheva,Cinema City,586
14:30,MASHA & THE BEAR – WONDER PARK,מאשה והדוב-ההרפתקה הגדולה,https://tickets.cinema-city.co.il/order/838351?lang=en,https://tickets.cinema-city.co.il/order/838351?lang=he,Regular,2D,,Hebrew,2026-08-04,,,,73,All,Beer Sheva,Cinema City,586
10:00,MASHA & THE BEAR – WONDER PARK,מאשה והדוב-ההרפתקה הגדולה,https://tickets.cinema-city.co.il/order/838409?lang=en,https://tickets.cinema-city.co.il/order/838409?lang=he,Regular,2D,,Hebrew,2026-08-05,,,,73,All,Beer Sheva,Cinema City,586
12:15,MASHA & THE BEAR – WONDER PARK,מאשה והדוב-ההרפתקה הגדולה,https://tickets.cinema-city.co.il/order/838395?lang=en,https://tickets.cinema-city.co.il/order/838395?lang=he,Regular,2D,,Hebrew,2026-08-05,,,,73,All,Beer Sheva,Cinema City,586
14:30,MASHA & THE BEAR – WONDER PARK,מאשה והדוב-ההרפתקה הגדולה,https://tickets.cinema-city.co.il/order/838408?lang=en,https://tickets.cinema-city.co.il/order/838408?lang=he,Regular,2D,,Hebrew,2026-08-05,,,,73,All,Beer Sheva,Cinema City,586
12:30,Moana (Live Action),מואנה (לייב אקשן),https://tickets.cinema-city.co.il/order/838158?lang=en,https://tickets.cinema-city.co.il/order/838158?lang=he,Regular,2D,,Hebrew,2026-08-01,,,,115,All,Beer Sheva,Cinema City,586
17:30,Moana (Live Action),מואנה (לייב אקשן),https://tickets.cinema-city.co.il/order/838153?lang=en,https://tickets.cinema-city.co.il/order/838153?lang=he,Regular,2D,,Hebrew,2026-08-01,,,,115,All,Beer Sheva,Cinema City,586
12:30,Moana (Live Action),מואנה (לייב אקשן),https://tickets.cinema-city.co.il/order/838208?lang=en,https://tickets.cinema-city.co.il/order/838208?lang=he,Regular,2D,,Hebrew,2026-08-02,,,,115,All,Beer Sheva,Cinema City,586
17:30,Moana (Live Action),מואנה (לייב אקשן),https://tickets.cinema-city.co.il/order/838197?lang=en,https://tickets.cinema-city.co.il/order/838197?lang=he,Regular,2D,,Hebrew,2026-08-02,,,,115,All,Beer Sheva,Cinema City,586
12:30,Moana (Live Action),מואנה (לייב אקשן),https://tickets.cinema-city.co.il/order/838316?lang=en,https://tickets.cinema-city.co.il/order/838316?lang=he,Regular,2D,,Hebrew,2026-08-03,,,,115,All,Beer Sheva,Cinema City,586
17:30,Moana (Live Action),מואנה (לייב אקשן),https://tickets.cinema-city.co.il/order/838312?lang=en,https://tickets.cinema-city.co.il/order/838312?lang=he,Regular,2D,,Hebrew,2026-08-03,,,,115,All,Beer Sheva,Cinema City,586
12:30,Moana (Live Action),מואנה (לייב אקשן),https://tickets.cinema-city.co.il/order/838405?lang=en,https://tickets.cinema-city.co.il/order/838405?lang=he,Regular,2D,,Hebrew,2026-08-05,,,,115,All,Beer Sheva,Cinema City,586
17:30,Moana (Live Action),מואנה (לייב אקשן),https://tickets.cinema-city.co.il/order/838400?lang=en,https://tickets.cinema-city.co.il/order/838400?lang=he,Regular,2D,,Hebrew,2026-08-05,,,,115,All,Beer Sheva,Cinema City,586
19:40,Motor City,מוטור סיטי,https://tickets.cinema-city.co.il/order/838135?lang=en,https://tickets.cinema-city.co.il/order/838135?lang=he,Regular,2D,,,2026-08-01,,,,103,16+,Beer Sheva,Cinema City,586
22:20,Motor City,מוטור סיטי,https://tickets.cinema-city.co.il/order/838170?lang=en,https://tickets.cinema-city.co.il/order/838170?lang=he,Regular,2D,,,2026-08-01,,,,103,16+,Beer Sheva,Cinema City,586
19:40,Motor City,מוטור סיטי,https://tickets.cinema-city.co.il/order/838284?lang=en,https://tickets.cinema-city.co.il/order/838284?lang=he,Regular,2D,,,2026-08-02,,,,103,16+,Beer Sheva,Cinema City,586
22:20,Motor City,מוטור סיטי,https://tickets.cinema-city.co.il/order/838232?lang=en,https://tickets.cinema-city.co.il/order/838232?lang=he,Regular,2D,,,2026-08-02,,,,103,16+,Beer Sheva,Cinema City,586
19:50,Motor City,מוטור סיטי,https://tickets.cinema-city.co.il/order/838305?lang=en,https://tickets.cinema-city.co.il/order/838305?lang=he,Regular,2D,,,2026-08-03,,,,103,16+,Beer Sheva,Cinema City,586
22:30,Motor City,מוטור סיטי,https://tickets.cinema-city.co.il/order/838328?lang=en,https://tickets.cinema-city.co.il/order/838328?lang=he,Regular,2D,,,2026-08-03,,,,103,16+,Beer Sheva,Cinema City,586
19:40,Motor City,מוטור סיטי,https://tickets.cinema-city.co.il/order/838373?lang=en,https://tickets.cinema-city.co.il/order/838373?lang=he,Regular,2D,,,2026-08-04,,,,103,16+,Beer Sheva,Cinema City,586
22:20,Motor City,מוטור סיטי,https://tickets.cinema-city.co.il/order/838360?lang=en,https://tickets.cinema-city.co.il/order/838360?lang=he,Regular,2D,,,2026-08-04,,,,103,16+,Beer Sheva,Cinema City,586
19:40,Motor City,מוטור סיטי,https://tickets.cinema-city.co.il/order/838430?lang=en,https://tickets.cinema-city.co.il/order/838430?lang=he,Regular,2D,,,2026-08-05,,,,103,16+,Beer Sheva,Cinema City,586
22:20,Motor City,מוטור סיטי,https://tickets.cinema-city.co.il/order/838417?lang=en,https://tickets.cinema-city.co.il/order/838417?lang=he,Regular,2D,,,2026-08-05,,,,103,16+,Beer Sheva,Cinema City,586
10:15,School of Magical Animals 3,סוד החיות הקסומות 3,https://tickets.cinema-city.co.il/order/838163?lang=en,https://tickets.cinema-city.co.il/order/838163?lang=he,Regular,2D,,Hebrew,2026-08-01,,,,105,All,Beer Sheva,Cinema City,586
10:15,School of Magical Animals 3,סוד החיות הקסומות 3,https://tickets.cinema-city.co.il/order/838218?lang=en,https://tickets.cinema-city.co.il/order/838218?lang=he,Regular,2D,,Hebrew,2026-08-02,,,,105,All,Beer Sheva,Cinema City,586
10:15,School of Magical Animals 3,סוד החיות הקסומות 3,https://tickets.cinema-city.co.il/order/838321?lang=en,https://tickets.cinema-city.co.il/order/838321?lang=he,Regular,2D,,Hebrew,2026-08-03,,,,105,All,Beer Sheva,Cinema City,586
10:15,School of Magical Animals 3,סוד החיות הקסומות 3,https://tickets.cinema-city.co.il/order/838353?lang=en,https://tickets.cinema-city.co.il/order/838353?lang=he,Regular,2D,,Hebrew,2026-08-04,,,,105,All,Beer Sheva,Cinema City,586
10:15,School of Magical Animals 3,סוד החיות הקסומות 3,https://tickets.cinema-city.co.il/order/838410?lang=en,https://tickets.cinema-city.co.il/order/838410?lang=he,Regular,2D,,Hebrew,2026-08-05,,,,105,All,Beer Sheva,Cinema City,586
13:00,סולטיז הסרט,סולטיז הסרט-וולוג ה-100,https://tickets.cinema-city.co.il/order/838157?lang=en,https://tickets.cinema-city.co.il/order/838157?lang=he,Regular,2D,,,2026-08-01,,,,100,All,Beer Sheva,Cinema City,586
15:30,סולטיז הסרט,סולטיז הסרט-וולוג ה-100,https://tickets.cinema-city.co.il/order/838159?lang=en,https://tickets.cinema-city.co.il/order/838159?lang=he,Regular,2D,,,2026-08-01,,,,100,All,Beer Sheva,Cinema City,586
13:00,סולטיז הסרט,סולטיז הסרט-וולוג ה-100,https://tickets.cinema-city.co.il/order/838206?lang=en,https://tickets.cinema-city.co.il/order/838206?lang=he,Regular,2D,,,2026-08-02,,,,100,All,Beer Sheva,Cinema City,586
15:30,סולטיז הסרט,סולטיז הסרט-וולוג ה-100,https://tickets.cinema-city.co.il/order/838210?lang=en,https://tickets.cinema-city.co.il/order/838210?lang=he,Regular,2D,,,2026-08-02,,,,100,All,Beer Sheva,Cinema City,586
13:00,סולטיז הסרט,סולטיז הסרט-וולוג ה-100,https://tickets.cinema-city.co.il/order/838315?lang=en,https://tickets.cinema-city.co.il/order/838315?lang=he,Regular,2D,,,2026-08-03,,,,100,All,Beer Sheva,Cinema City,586
15:30,סולטיז הסרט,סולטיז הסרט-וולוג ה-100,https://tickets.cinema-city.co.il/order/838317?lang=en,https://tickets.cinema-city.co.il/order/838317?lang=he,Regular,2D,,,2026-08-03,,,,100,All,Beer Sheva,Cinema City,586
13:00,סולטיז הסרט,סולטיז הסרט-וולוג ה-100,https://tickets.cinema-city.co.il/order/838348?lang=en,https://tickets.cinema-city.co.il/order/838348?lang=he,Regular,2D,,,2026-08-04,,,,100,All,Beer Sheva,Cinema City,586
15:30,סולטיז הסרט,סולטיז הסרט-וולוג ה-100,https://tickets.cinema-city.co.il/order/838349?lang=en,https://tickets.cinema-city.co.il/order/838349?lang=he,Regular,2D,,,2026-08-04,,,,100,All,Beer Sheva,Cinema City,586
13:00,סולטיז הסרט,סולטיז הסרט-וולוג ה-100,https://tickets.cinema-city.co.il/order/838404?lang=en,https://tickets.cinema-city.co.il/order/838404?lang=he,Regular,2D,,,2026-08-05,,,,100,All,Beer Sheva,Cinema City,586
15:30,סולטיז הסרט,סולטיז הסרט-וולוג ה-100,https://tickets.cinema-city.co.il/order/838406?lang=en,https://tickets.cinema-city.co.il/order/838406?lang=he,Regular,2D,,,2026-08-05,,,,100,All,Beer Sheva,Cinema City,586
10:40,Three Wishes for Cinderella,סינדרלה ושלוש המשאלות,https://tickets.cinema-city.co.il/order/838169?lang=en,https://tickets.cinema-city.co.il/order/838169?lang=he,Regular,2D,,Hebrew,2026-08-01,,,,85,All,Beer Sheva,Cinema City,586
10:40,Three Wishes for Cinderella,סינדרלה ושלוש המשאלות,https://tickets.cinema-city.co.il/order/838230?lang=en,https://tickets.cinema-city.co.il/order/838230?lang=he,Regular,2D,,Hebrew,2026-08-02,,,,85,All,Beer Sheva,Cinema City,586
10:40,Three Wishes for Cinderella,סינדרלה ושלוש המשאלות,https://tickets.cinema-city.co.il/order/838327?lang=en,https://tickets.cinema-city.co.il/order/838327?lang=he,Regular,2D,,Hebrew,2026-08-03,,,,85,All,Beer Sheva,Cinema City,586
10:40,Three Wishes for Cinderella,סינדרלה ושלוש המשאלות,https://tickets.cinema-city.co.il/order/838359?lang=en,https://tickets.cinema-city.co.il/order/838359?lang=he,Regular,2D,,Hebrew,2026-08-04,,,,85,All,Beer Sheva,Cinema City,586
10:40,Three Wishes for Cinderella,סינדרלה ושלוש המשאלות,https://tickets.cinema-city.co.il/order/838416?lang=en,https://tickets.cinema-city.co.il/order/838416?lang=he,Regular,2D,,Hebrew,2026-08-05,,,,85,All,Beer Sheva,Cinema City,586
10:00,SPIDERMAN: BRAND NEW DAY,ספיידרמן: יום חדש,https://tickets.cinema-city.co.il/order/838131?lang=en,https://tickets.cinema-city.co.il/order/838131?lang=he,Regular,2D,,,2026-08-01,,,,135,All,Beer Sheva,Cinema City,586
11:00,SPIDERMAN: BRAND NEW DAY,ספיידרמן: יום חדש,https://tickets.cinema-city.co.il/order/813991?lang=en,https://tickets.cinema-city.co.il/order/813991?lang=he,Regular,2D,,,2026-08-01,,,,135,All,Beer Sheva,Cinema City,586
12:30,SPIDERMAN: BRAND NEW DAY,ספיידרמן: יום חדש,https://tickets.cinema-city.co.il/order/814005?lang=en,https://tickets.cinema-city.co.il/order/814005?lang=he,Regular,2D,,,2026-08-01,,,,135,All,Beer Sheva,Cinema City,586
13:30,SPIDERMAN: BRAND NEW DAY,ספיידרמן: יום חדש,https://tickets.cinema-city.co.il/order/838130?lang=en,https://tickets.cinema-city.co.il/order/838130?lang=he,Regular,2D,,,2026-08-01,,,,135,All,Beer Sheva,Cinema City,586
14:30,SPIDERMAN: BRAND NEW DAY,ספיידרמן: יום חדש,https://tickets.cinema-city.co.il/order/813993?lang=en,https://tickets.cinema-city.co.il/order/813993?lang=he,Regular,2D,,,2026-08-01,,,,135,All,Beer Sheva,Cinema City,586
16:00,SPIDERMAN: BRAND NEW DAY,ספיידרמן: יום חדש,https://tickets.cinema-city.co.il/order/814002?lang=en,https://tickets.cinema-city.co.il/order/814002?lang=he,Regular,2D,,,2026-08-01,,,,135,All,Beer Sheva,Cinema City,586
17:00,SPIDERMAN: BRAND NEW DAY,ספיידרמן: יום חדש,https://tickets.cinema-city.co.il/order/838129?lang=en,https://tickets.cinema-city.co.il/order/838129?lang=he,Regular,2D,,,2026-08-01,,,,135,All,Beer Sheva,Cinema City,586
18:00,SPIDERMAN: BRAND NEW DAY,ספיידרמן: יום חדש,https://tickets.cinema-city.co.il/order/813995?lang=en,https://tickets.cinema-city.co.il/order/813995?lang=he,Regular,2D,,,2026-08-01,,,,135,All,Beer Sheva,Cinema City,586
19:30,SPIDERMAN: BRAND NEW DAY,ספיידרמן: יום חדש,https://tickets.cinema-city.co.il/order/814000?lang=en,https://tickets.cinema-city.co.il/order/814000?lang=he,Regular,2D,,,2026-08-01,,,,135,All,Beer Sheva,Cinema City,586
20:30,SPIDERMAN: BRAND NEW DAY,ספיידרמן: יום חדש,https://tickets.cinema-city.co.il/order/838128?lang=en,https://tickets.cinema-city.co.il/order/838128?lang=he,Regular,2D,,,2026-08-01,,,,135,All,Beer Sheva,Cinema City,586
21:30,SPIDERMAN: BRAND NEW DAY,ספיידרמן: יום חדש,https://tickets.cinema-city.co.il/order/813997?lang=en,https://tickets.cinema-city.co.il/order/813997?lang=he,Regular,2D,,,2026-08-01,,,,135,All,Beer Sheva,Cinema City,586
10:00,SPIDERMAN: BRAND NEW DAY,ספיידרמן: יום חדש,https://tickets.cinema-city.co.il/order/838246?lang=en,https://tickets.cinema-city.co.il/order/838246?lang=he,Regular,2D,,,2026-08-02,,,,135,All,Beer Sheva,Cinema City,586
12:40,SPIDERMAN: BRAND NEW DAY,ספיידרמן: יום חדש,https://tickets.cinema-city.co.il/order/838282?lang=en,https://tickets.cinema-city.co.il/order/838282?lang=he,Regular,2D,,,2026-08-02,,,,135,All,Beer Sheva,Cinema City,586
13:30,SPIDERMAN: BRAND NEW DAY,ספיידרמן: יום חדש,https://tickets.cinema-city.co.il/order/838244?lang=en,https://tickets.cinema-city.co.il/order/838244?lang=he,Regular,2D,,,2026-08-02,,,,135,All,Beer Sheva,Cinema City,586
16:00,SPIDERMAN: BRAND NEW DAY,ספיידרמן: יום חדש,https://tickets.cinema-city.co.il/order/838279?lang=en,https://tickets.cinema-city.co.il/order/838279?lang=he,Regular,2D,,,2026-08-02,,,,135,All,Beer Sheva,Cinema City,586
17:00,SPIDERMAN: BRAND NEW DAY,ספיידרמן: יום חדש,https://tickets.cinema-city.co.il/order/838242?lang=en,https://tickets.cinema-city.co.il/order/838242?lang=he,Regular,2D,,,2026-08-02,,,,135,All,Beer Sheva,Cinema City,586
18:10,SPIDERMAN: BRAND NEW DAY,ספיידרמן: יום חדש,https://tickets.cinema-city.co.il/order/838283?lang=en,https://tickets.cinema-city.co.il/order/838283?lang=he,Regular,2D,,,2026-08-02,,,,135,All,Beer Sheva,Cinema City,586
19:30,SPIDERMAN: BRAND NEW DAY,ספיידרמן: יום חדש,https://tickets.cinema-city.co.il/order/838280?lang=en,https://tickets.cinema-city.co.il/order/838280?lang=he,Regular,2D,,,2026-08-02,,,,135,All,Beer Sheva,Cinema City,586
20:30,SPIDERMAN: BRAND NEW DAY,ספיידרמן: יום חדש,https://tickets.cinema-city.co.il/order/838240?lang=en,https://tickets.cinema-city.co.il/order/838240?lang=he,Regular,2D,,,2026-08-02,,,,135,All,Beer Sheva,Cinema City,586
21:40,SPIDERMAN: BRAND NEW DAY,ספיידרמן: יום חדש,https://tickets.cinema-city.co.il/order/838281?lang=en,https://tickets.cinema-city.co.il/order/838281?lang=he,Regular,2D,,,2026-08-02,,,,135,All,Beer Sheva,Cinema City,586
10:00,SPIDERMAN: BRAND NEW DAY,ספיידרמן: יום חדש,https://tickets.cinema-city.co.il/order/838971?lang=en,https://tickets.cinema-city.co.il/order/838971?lang=he,Regular,2D,,,2026-08-03,,,,135,All,Beer Sheva,Cinema City,586
10:30,SPIDERMAN: BRAND NEW DAY,ספיידרמן: יום חדש,https://tickets.cinema-city.co.il/order/838331?lang=en,https://tickets.cinema-city.co.il/order/838331?lang=he,Regular,2D,,,2026-08-03,,,,135,All,Beer Sheva,Cinema City,586
11:30,SPIDERMAN: BRAND NEW DAY,ספיידרמן: יום חדש,https://tickets.cinema-city.co.il/order/838972?lang=en,https://tickets.cinema-city.co.il/order/838972?lang=he,Regular,2D,,,2026-08-03,,,,135,All,Beer Sheva,Cinema City,586
14:00,SPIDERMAN: BRAND NEW DAY,ספיידרמן: יום חדש,https://tickets.cinema-city.co.il/order/838304?lang=en,https://tickets.cinema-city.co.il/order/838304?lang=he,Regular,2D,,,2026-08-03,,,,135,All,Beer Sheva,Cinema City,586
15:00,SPIDERMAN: BRAND NEW DAY,ספיידרמן: יום חדש,https://tickets.cinema-city.co.il/order/838290?lang=en,https://tickets.cinema-city.co.il/order/838290?lang=he,Regular,2D,,,2026-08-03,,,,135,All,Beer Sheva,Cinema City,586
16:30,SPIDERMAN: BRAND NEW DAY,ספיידרמן: יום חדש,https://tickets.cinema-city.co.il/order/838289?lang=en,https://tickets.cinema-city.co.il/order/838289?lang=he,Regular,2D,,,2026-08-03,,,,135,All,Beer Sheva,Cinema City,586
17:30,SPIDERMAN: BRAND NEW DAY,ספיידרמן: יום חדש,https://tickets.cinema-city.co.il/order/838302?lang=en,https://tickets.cinema-city.co.il/order/838302?lang=he,Regular,2D,,,2026-08-03,,,,135,All,Beer Sheva,Cinema City,586
18:30,SPIDERMAN: BRAND NEW DAY,ספיידרמן: יום חדש,https://tickets.cinema-city.co.il/order/838332?lang=en,https://tickets.cinema-city.co.il/order/838332?lang=he,Regular,2D,,,2026-08-03,,,,135,All,Beer Sheva,Cinema City,586
20:00,SPIDERMAN: BRAND NEW DAY,ספיידרמן: יום חדש,https://tickets.cinema-city.co.il/order/838298?lang=en,https://tickets.cinema-city.co.il/order/838298?lang=he,Regular,2D,,,2026-08-03,,,,135,All,Beer Sheva,Cinema City,586
21:00,SPIDERMAN: BRAND NEW DAY,ספיידרמן: יום חדש,https://tickets.cinema-city.co.il/order/838303?lang=en,https://tickets.cinema-city.co.il/order/838303?lang=he,Regular,2D,,,2026-08-03,,,,135,All,Beer Sheva,Cinema City,586
22:00,SPIDERMAN: BRAND NEW DAY,ספיידרמן: יום חדש,https://tickets.cinema-city.co.il/order/838333?lang=en,https://tickets.cinema-city.co.il/order/838333?lang=he,Regular,2D,,,2026-08-03,,,,135,All,Beer Sheva,Cinema City,586
10:00,SPIDERMAN: BRAND NEW DAY,ספיידרמן: יום חדש,https://tickets.cinema-city.co.il/order/838369?lang=en,https://tickets.cinema-city.co.il/order/838369?lang=he,Regular,2D,,,2026-08-04,,,,135,All,Beer Sheva,Cinema City,586
11:00,SPIDERMAN: BRAND NEW DAY,ספיידרמן: יום חדש,https://tickets.cinema-city.co.il/order/838392?lang=en,https://tickets.cinema-city.co.il/order/838392?lang=he,Regular,2D,,,2026-08-04,,,,135,All,Beer Sheva,Cinema City,586
12:30,SPIDERMAN: BRAND NEW DAY,ספיידרמן: יום חדש,https://tickets.cinema-city.co.il/order/838386?lang=en,https://tickets.cinema-city.co.il/order/838386?lang=he,Regular,2D,,,2026-08-04,,,,135,All,Beer Sheva,Cinema City,586
13:30,SPIDERMAN: BRAND NEW DAY,ספיידרמן: יום חדש,https://tickets.cinema-city.co.il/order/838368?lang=en,https://tickets.cinema-city.co.il/order/838368?lang=he,Regular,2D,,,2026-08-04,,,,135,All,Beer Sheva,Cinema City,586
14:30,SPIDERMAN: BRAND NEW DAY,ספיידרמן: יום חדש,https://tickets.cinema-city.co.il/order/838391?lang=en,https://tickets.cinema-city.co.il/order/838391?lang=he,Regular,2D,,,2026-08-04,,,,135,All,Beer Sheva,Cinema City,586
16:00,SPIDERMAN: BRAND NEW DAY,ספיידרמן: יום חדש,https://tickets.cinema-city.co.il/order/838387?lang=en,https://tickets.cinema-city.co.il/order/838387?lang=he,Regular,2D,,,2026-08-04,,,,135,All,Beer Sheva,Cinema City,586
17:00,SPIDERMAN: BRAND NEW DAY,ספיידרמן: יום חדש,https://tickets.cinema-city.co.il/order/838367?lang=en,https://tickets.cinema-city.co.il/order/838367?lang=he,Regular,2D,,,2026-08-04,,,,135,All,Beer Sheva,Cinema City,586
18:00,SPIDERMAN: BRAND NEW DAY,ספיידרמן: יום חדש,https://tickets.cinema-city.co.il/order/838390?lang=en,https://tickets.cinema-city.co.il/order/838390?lang=he,Regular,2D,,,2026-08-04,,,,135,All,Beer Sheva,Cinema City,586
19:30,SPIDERMAN: BRAND NEW DAY,ספיידרמן: יום חדש,https://tickets.cinema-city.co.il/order/838388?lang=en,https://tickets.cinema-city.co.il/order/838388?lang=he,Regular,2D,,,2026-08-04,,,,135,All,Beer Sheva,Cinema City,586
20:30,SPIDERMAN: BRAND NEW DAY,ספיידרמן: יום חדש,https://tickets.cinema-city.co.il/order/838366?lang=en,https://tickets.cinema-city.co.il/order/838366?lang=he,Regular,2D,,,2026-08-04,,,,135,All,Beer Sheva,Cinema City,586
21:30,SPIDERMAN: BRAND NEW DAY,ספיידרמן: יום חדש,https://tickets.cinema-city.co.il/order/838389?lang=en,https://tickets.cinema-city.co.il/order/838389?lang=he,Regular,2D,,,2026-08-04,,,,135,All,Beer Sheva,Cinema City,586
10:00,SPIDERMAN: BRAND NEW DAY,ספיידרמן: יום חדש,https://tickets.cinema-city.co.il/order/838426?lang=en,https://tickets.cinema-city.co.il/order/838426?lang=he,Regular,2D,,,2026-08-05,,,,135,All,Beer Sheva,Cinema City,586
11:00,SPIDERMAN: BRAND NEW DAY,ספיידרמן: יום חדש,https://tickets.cinema-city.co.il/order/838448?lang=en,https://tickets.cinema-city.co.il/order/838448?lang=he,Regular,2D,,,2026-08-05,,,,135,All,Beer Sheva,Cinema City,586
13:30,SPIDERMAN: BRAND NEW DAY,ספיידרמן: יום חדש,https://tickets.cinema-city.co.il/order/838425?lang=en,https://tickets.cinema-city.co.il/order/838425?lang=he,Regular,2D,,,2026-08-05,,,,135,All,Beer Sheva,Cinema City,586
14:30,SPIDERMAN: BRAND NEW DAY,ספיידרמן: יום חדש,https://tickets.cinema-city.co.il/order/838447?lang=en,https://tickets.cinema-city.co.il/order/838447?lang=he,Regular,2D,,,2026-08-05,,,,135,All,Beer Sheva,Cinema City,586
16:00,SPIDERMAN: BRAND NEW DAY,ספיידרמן: יום חדש,https://tickets.cinema-city.co.il/order/838443?lang=en,https://tickets.cinema-city.co.il/order/838443?lang=he,Regular,2D,,,2026-08-05,,,,135,All,Beer Sheva,Cinema City,586
17:00,SPIDERMAN: BRAND NEW DAY,ספיידרמן: יום חדש,https://tickets.cinema-city.co.il/order/838424?lang=en,https://tickets.cinema-city.co.il/order/838424?lang=he,Regular,2D,,,2026-08-05,,,,135,All,Beer Sheva,Cinema City,586
18:00,SPIDERMAN: BRAND NEW DAY,ספיידרמן: יום חדש,https://tickets.cinema-city.co.il/order/838446?lang=en,https://tickets.cinema-city.co.il/order/838446?lang=he,Regular,2D,,,2026-08-05,,,,135,All,Beer Sheva,Cinema City,586
19:30,SPIDERMAN: BRAND NEW DAY,ספיידרמן: יום חדש,https://tickets.cinema-city.co.il/order/838444?lang=en,https://tickets.cinema-city.co.il/order/838444?lang=he,Regular,2D,,,2026-08-05,,,,135,All,Beer Sheva,Cinema City,586
20:30,SPIDERMAN: BRAND NEW DAY,ספיידרמן: יום חדש,https://tickets.cinema-city.co.il/order/838423?lang=en,https://tickets.cinema-city.co.il/order/838423?lang=he,Regular,2D,,,2026-08-05,,,,135,All,Beer Sheva,Cinema City,586
21:30,SPIDERMAN: BRAND NEW DAY,ספיידרמן: יום חדש,https://tickets.cinema-city.co.il/order/838445?lang=en,https://tickets.cinema-city.co.il/order/838445?lang=he,Regular,2D,,,2026-08-05,,,,135,All,Beer Sheva,Cinema City,586
20:10,סרט כחול לבן,סרט כחול לבן,https://tickets.cinema-city.co.il/order/838145?lang=en,https://tickets.cinema-city.co.il/order/838145?lang=he,Regular,2D,,,2026-08-01,,,,86,14+,Beer Sheva,Cinema City,586
22:30,סרט כחול לבן,סרט כחול לבן,https://tickets.cinema-city.co.il/order/838127?lang=en,https://tickets.cinema-city.co.il/order/838127?lang=he,Regular,2D,,,2026-08-01,,,,86,14+,Beer Sheva,Cinema City,586
20:10,סרט כחול לבן,סרט כחול לבן,https://tickets.cinema-city.co.il/order/838276?lang=en,https://tickets.cinema-city.co.il/order/838276?lang=he,Regular,2D,,,2026-08-02,,,,86,14+,Beer Sheva,Cinema City,586
20:10,סרט כחול לבן,סרט כחול לבן,https://tickets.cinema-city.co.il/order/838299?lang=en,https://tickets.cinema-city.co.il/order/838299?lang=he,Regular,2D,,,2026-08-03,,,,86,14+,Beer Sheva,Cinema City,586
20:10,סרט כחול לבן,סרט כחול לבן,https://tickets.cinema-city.co.il/order/838383?lang=en,https://tickets.cinema-city.co.il/order/838383?lang=he,Regular,2D,,,2026-08-04,,,,86,14+,Beer Sheva,Cinema City,586
22:30,סרט כחול לבן,סרט כחול לבן,https://tickets.cinema-city.co.il/order/838365?lang=en,https://tickets.cinema-city.co.il/order/838365?lang=he,Regular,2D,,,2026-08-04,,,,86,14+,Beer Sheva,Cinema City,586
20:10,סרט כחול לבן,סרט כחול לבן,https://tickets.cinema-city.co.il/order/838440?lang=en,https://tickets.cinema-city.co.il/order/838440?lang=he,Regular,2D,,,2026-08-05,,,,86,14+,Beer Sheva,Cinema City,586
22:30,סרט כחול לבן,סרט כחול לבן,https://tickets.cinema-city.co.il/order/838422?lang=en,https://tickets.cinema-city.co.il/order/838422?lang=he,Regular,2D,,,2026-08-05,,,,86,14+,Beer Sheva,Cinema City,586
14:10,קופה ראשית: הסרט,קופה ראשית: הסרט,https://tickets.cinema-city.co.il/order/838152?lang=en,https://tickets.cinema-city.co.il/order/838152?lang=he,Regular,2D,,,2026-08-01,,,,91,All,Beer Sheva,Cinema City,586
16:40,קופה ראשית: הסרט,קופה ראשית: הסרט,https://tickets.cinema-city.co.il/order/838149?lang=en,https://tickets.cinema-city.co.il/order/838149?lang=he,Regular,2D,,,2026-08-01,,,,91,All,Beer Sheva,Cinema City,586
18:00,קופה ראשית: הסרט,קופה ראשית: הסרט,https://tickets.cinema-city.co.il/order/838154?lang=en,https://tickets.cinema-city.co.il/order/838154?lang=he,Regular,2D,,,2026-08-01,,,,91,All,Beer Sheva,Cinema City,586
19:10,קופה ראשית: הסרט,קופה ראשית: הסרט,https://tickets.cinema-city.co.il/order/838150?lang=en,https://tickets.cinema-city.co.il/order/838150?lang=he,Regular,2D,,,2026-08-01,,,,91,All,Beer Sheva,Cinema City,586
20:00,קופה ראשית: הסרט,קופה ראשית: הסרט,https://tickets.cinema-city.co.il/order/838171?lang=en,https://tickets.cinema-city.co.il/order/838171?lang=he,Regular,2D,,,2026-08-01,,,,91,All,Beer Sheva,Cinema City,586
21:40,קופה ראשית: הסרט,קופה ראשית: הסרט,https://tickets.cinema-city.co.il/order/838151?lang=en,https://tickets.cinema-city.co.il/order/838151?lang=he,Regular,2D,,,2026-08-01,,,,91,All,Beer Sheva,Cinema City,586
14:10,קופה ראשית: הסרט,קופה ראשית: הסרט,https://tickets.cinema-city.co.il/order/838191?lang=en,https://tickets.cinema-city.co.il/order/838191?lang=he,Regular,2D,,,2026-08-02,,,,91,All,Beer Sheva,Cinema City,586
17:10,קופה ראשית: הסרט,קופה ראשית: הסרט,https://tickets.cinema-city.co.il/order/838200?lang=en,https://tickets.cinema-city.co.il/order/838200?lang=he,Regular,2D,,,2026-08-02,,,,91,All,Beer Sheva,Cinema City,586
19:30,קופה ראשית: הסרט,קופה ראשית: הסרט,https://tickets.cinema-city.co.il/order/838187?lang=en,https://tickets.cinema-city.co.il/order/838187?lang=he,Regular,2D,,,2026-08-02,,,,91,All,Beer Sheva,Cinema City,586
21:50,קופה ראשית: הסרט,קופה ראשית: הסרט,https://tickets.cinema-city.co.il/order/838189?lang=en,https://tickets.cinema-city.co.il/order/838189?lang=he,Regular,2D,,,2026-08-02,,,,91,All,Beer Sheva,Cinema City,586
14:10,קופה ראשית: הסרט,קופה ראשית: הסרט,https://tickets.cinema-city.co.il/order/838311?lang=en,https://tickets.cinema-city.co.il/order/838311?lang=he,Regular,2D,,,2026-08-03,,,,91,All,Beer Sheva,Cinema City,586
16:40,קופה ראשית: הסרט,קופה ראשית: הסרט,https://tickets.cinema-city.co.il/order/838308?lang=en,https://tickets.cinema-city.co.il/order/838308?lang=he,Regular,2D,,,2026-08-03,,,,91,All,Beer Sheva,Cinema City,586
18:30,קופה ראשית: הסרט,קופה ראשית: הסרט,https://tickets.cinema-city.co.il/order/838338?lang=en,https://tickets.cinema-city.co.il/order/838338?lang=he,Regular,2D,,,2026-08-03,,,,91,All,Beer Sheva,Cinema City,586
19:10,קופה ראשית: הסרט,קופה ראשית: הסרט,https://tickets.cinema-city.co.il/order/838309?lang=en,https://tickets.cinema-city.co.il/order/838309?lang=he,Regular,2D,,,2026-08-03,,,,91,All,Beer Sheva,Cinema City,586
21:40,קופה ראשית: הסרט,קופה ראשית: הסרט,https://tickets.cinema-city.co.il/order/838310?lang=en,https://tickets.cinema-city.co.il/order/838310?lang=he,Regular,2D,,,2026-08-03,,,,91,All,Beer Sheva,Cinema City,586
14:10,קופה ראשית: הסרט,קופה ראשית: הסרט,https://tickets.cinema-city.co.il/order/838344?lang=en,https://tickets.cinema-city.co.il/order/838344?lang=he,Regular,2D,,,2026-08-04,,,,91,All,Beer Sheva,Cinema City,586
16:40,קופה ראשית: הסרט,קופה ראשית: הסרט,https://tickets.cinema-city.co.il/order/838341?lang=en,https://tickets.cinema-city.co.il/order/838341?lang=he,Regular,2D,,,2026-08-04,,,,91,All,Beer Sheva,Cinema City,586
18:00,קופה ראשית: הסרט,קופה ראשית: הסרט,https://tickets.cinema-city.co.il/order/838345?lang=en,https://tickets.cinema-city.co.il/order/838345?lang=he,Regular,2D,,,2026-08-04,,,,91,All,Beer Sheva,Cinema City,586
19:10,קופה ראשית: הסרט,קופה ראשית: הסרט,https://tickets.cinema-city.co.il/order/838342?lang=en,https://tickets.cinema-city.co.il/order/838342?lang=he,Regular,2D,,,2026-08-04,,,,91,All,Beer Sheva,Cinema City,586
20:00,קופה ראשית: הסרט,קופה ראשית: הסרט,https://tickets.cinema-city.co.il/order/838361?lang=en,https://tickets.cinema-city.co.il/order/838361?lang=he,Regular,2D,,,2026-08-04,,,,91,All,Beer Sheva,Cinema City,586
21:40,קופה ראשית: הסרט,קופה ראשית: הסרט,https://tickets.cinema-city.co.il/order/838343?lang=en,https://tickets.cinema-city.co.il/order/838343?lang=he,Regular,2D,,,2026-08-04,,,,91,All,Beer Sheva,Cinema City,586
14:10,קופה ראשית: הסרט,קופה ראשית: הסרט,https://tickets.cinema-city.co.il/order/838399?lang=en,https://tickets.cinema-city.co.il/order/838399?lang=he,Regular,2D,,,2026-08-05,,,,91,All,Beer Sheva,Cinema City,586
16:50,קופה ראשית: הסרט,קופה ראשית: הסרט,https://tickets.cinema-city.co.il/order/838396?lang=en,https://tickets.cinema-city.co.il/order/838396?lang=he,Regular,2D,,,2026-08-05,,,,91,All,Beer Sheva,Cinema City,586
18:00,קופה ראשית: הסרט,קופה ראשית: הסרט,https://tickets.cinema-city.co.il/order/838401?lang=en,https://tickets.cinema-city.co.il/order/838401?lang=he,Regular,2D,,,2026-08-05,,,,91,All,Beer Sheva,Cinema City,586
19:20,קופה ראשית: הסרט,קופה ראשית: הסרט,https://tickets.cinema-city.co.il/order/838397?lang=en,https://tickets.cinema-city.co.il/order/838397?lang=he,Regular,2D,,,2026-08-05,,,,91,All,Beer Sheva,Cinema City,586
20:00,קופה ראשית: הסרט,קופה ראשית: הסרט,https://tickets.cinema-city.co.il/order/838418?lang=en,https://tickets.cinema-city.co.il/order/838418?lang=he,Regular,2D,,,2026-08-05,,,,91,All,Beer Sheva,Cinema City,586
21:50,קופה ראשית: הסרט,קופה ראשית: הסרט,https://tickets.cinema-city.co.il/order/838398?lang=en,https://tickets.cinema-city.co.il/order/838398?lang=he,Regular,2D,,,2026-08-05,,,,91,All,Beer Sheva,Cinema City,586
22:30,SPIDERMAN: BRAND NEW DAY,ספיידרמן: יום חדש,https://tickets.cinema-city.co.il/order/830121?lang=en,https://tickets.cinema-city.co.il/order/830121?lang=he,VIP,2D,,,2026-08-01,,,,135,All,Beer Sheva,Cinema City,586
22:30,SPIDERMAN: BRAND NEW DAY,ספיידרמן: יום חדש,https://tickets.cinema-city.co.il/order/835203?lang=en,https://tickets.cinema-city.co.il/order/835203?lang=he,VIP,2D,,,2026-08-01,,,,135,All,Beer Sheva,Cinema City,586
12:20,Just an Illusion,אשליות מתוקות,https://tickets.cinema-city.co.il/order/837433?lang=en,https://tickets.cinema-city.co.il/order/837433?lang=he,Regular,2D,,,2026-08-04,,,,119,All,Chadera,Cinema City,586
19:15,I Want Your Sex,בוסית בהפרעה,https://tickets.cinema-city.co.il/order/837148?lang=en,https://tickets.cinema-city.co.il/order/837148?lang=he,Regular,2D,,,2026-08-01,,,,90,16+,Chadera,Cinema City,586
21:30,I Want Your Sex,בוסית בהפרעה,https://tickets.cinema-city.co.il/order/837149?lang=en,https://tickets.cinema-city.co.il/order/837149?lang=he,Regular,2D,,,2026-08-01,,,,90,16+,Chadera,Cinema City,586
23:30,I Want Your Sex,בוסית בהפרעה,https://tickets.cinema-city.co.il/order/837161?lang=en,https://tickets.cinema-city.co.il/order/837161?lang=he,Regular,2D,,,2026-08-01,,,,90,16+,Chadera,Cinema City,586
19:45,I Want Your Sex,בוסית בהפרעה,https://tickets.cinema-city.co.il/order/837175?lang=en,https://tickets.cinema-city.co.il/order/837175?lang=he,Regular,2D,,,2026-08-02,,,,90,16+,Chadera,Cinema City,586
22:00,I Want Your Sex,בוסית בהפרעה,https://tickets.cinema-city.co.il/order/837176?lang=en,https://tickets.cinema-city.co.il/order/837176?lang=he,Regular,2D,,,2026-08-02,,,,90,16+,Chadera,Cinema City,586
23:30,I Want Your Sex,בוסית בהפרעה,https://tickets.cinema-city.co.il/order/837185?lang=en,https://tickets.cinema-city.co.il/order/837185?lang=he,Regular,2D,,,2026-08-02,,,,90,16+,Chadera,Cinema City,586
19:15,I Want Your Sex,בוסית בהפרעה,https://tickets.cinema-city.co.il/order/837269?lang=en,https://tickets.cinema-city.co.il/order/837269?lang=he,Regular,2D,,,2026-08-03,,,,90,16+,Chadera,Cinema City,586
21:30,I Want Your Sex,בוסית בהפרעה,https://tickets.cinema-city.co.il/order/837271?lang=en,https://tickets.cinema-city.co.il/order/837271?lang=he,Regular,2D,,,2026-08-03,,,,90,16+,Chadera,Cinema City,586
19:15,I Want Your Sex,בוסית בהפרעה,https://tickets.cinema-city.co.il/order/837411?lang=en,https://tickets.cinema-city.co.il/order/837411?lang=he,Regular,2D,,,2026-08-04,,,,90,16+,Chadera,Cinema City,586
21:30,I Want Your Sex,בוסית בהפרעה,https://tickets.cinema-city.co.il/order/837412?lang=en,https://tickets.cinema-city.co.il/order/837412?lang=he,Regular,2D,,,2026-08-04,,,,90,16+,Chadera,Cinema City,586
19:15,I Want Your Sex,בוסית בהפרעה,https://tickets.cinema-city.co.il/order/837492?lang=en,https://tickets.cinema-city.co.il/order/837492?lang=he,Regular,2D,,,2026-08-05,,,,90,16+,Chadera,Cinema City,586
21:30,I Want Your Sex,בוסית בהפרעה,https://tickets.cinema-city.co.il/order/837494?lang=en,https://tickets.cinema-city.co.il/order/837494?lang=he,Regular,2D,,,2026-08-05,,,,90,16+,Chadera,Cinema City,586
10:40,GRACIE & PEDRO: PETS TO THE RESCUE,גרייסי ופדרו: חיות המחמד בפעולה,https://tickets.cinema-city.co.il/order/837169?lang=en,https://tickets.cinema-city.co.il/order/837169?lang=he,Regular,2D,,Hebrew,2026-08-01,,,,87,All,Chadera,Cinema City,586
15:15,GRACIE & PEDRO: PETS TO THE RESCUE,גרייסי ופדרו: חיות המחמד בפעולה,https://tickets.cinema-city.co.il/order/837224?lang=en,https://tickets.cinema-city.co.il/order/837224?lang=he,Regular,2D,,Hebrew,2026-08-02,,,,87,All,Chadera,Cinema City,586
11:10,GRACIE & PEDRO: PETS TO THE RESCUE,גרייסי ופדרו: חיות המחמד בפעולה,https://tickets.cinema-city.co.il/order/837326?lang=en,https://tickets.cinema-city.co.il/order/837326?lang=he,Regular,2D,,Hebrew,2026-08-03,,,,87,All,Chadera,Cinema City,586
14:15,GRACIE & PEDRO: PETS TO THE RESCUE,גרייסי ופדרו: חיות המחמד בפעולה,https://tickets.cinema-city.co.il/order/837434?lang=en,https://tickets.cinema-city.co.il/order/837434?lang=he,Regular,2D,,Hebrew,2026-08-04,,,,87,All,Chadera,Cinema City,586
14:10,GRACIE & PEDRO: PETS TO THE RESCUE,גרייסי ופדרו: חיות המחמד בפעולה,https://tickets.cinema-city.co.il/order/837537?lang=en,https://tickets.cinema-city.co.il/order/837537?lang=he,Regular,2D,,Hebrew,2026-08-05,,,,87,All,Chadera,Cinema City,586
11:40,THE ODYSSEY,האודיסאה,https://tickets.cinema-city.co.il/order/837121?lang=en,https://tickets.cinema-city.co.il/order/837121?lang=he,Regular,2D,,,2026-08-01,,,,172,14+,Chadera,Cinema City,586
15:10,THE ODYSSEY,האודיסאה,https://tickets.cinema-city.co.il/order/837120?lang=en,https://tickets.cinema-city.co.il/order/837120?lang=he,Regular,2D,,,2026-08-01,,,,172,14+,Chadera,Cinema City,586
17:40,THE ODYSSEY,האודיסאה,https://tickets.cinema-city.co.il/order/837123?lang=en,https://tickets.cinema-city.co.il/order/837123?lang=he,Regular,2D,,,2026-08-01,,,,172,14+,Chadera,Cinema City,586
18:40,THE ODYSSEY,האודיסאה,https://tickets.cinema-city.co.il/order/837119?lang=en,https://tickets.cinema-city.co.il/order/837119?lang=he,Regular,2D,,,2026-08-01,,,,172,14+,Chadera,Cinema City,586
20:00,THE ODYSSEY,האודיסאה,https://tickets.cinema-city.co.il/order/837118?lang=en,https://tickets.cinema-city.co.il/order/837118?lang=he,Regular,2D,,,2026-08-01,,,,172,14+,Chadera,Cinema City,586
21:15,THE ODYSSEY,האודיסאה,https://tickets.cinema-city.co.il/order/837122?lang=en,https://tickets.cinema-city.co.il/order/837122?lang=he,Regular,2D,,,2026-08-01,,,,172,14+,Chadera,Cinema City,586
22:15,THE ODYSSEY,האודיסאה,https://tickets.cinema-city.co.il/order/837157?lang=en,https://tickets.cinema-city.co.il/order/837157?lang=he,Regular,2D,,,2026-08-01,,,,172,14+,Chadera,Cinema City,586
13:40,THE ODYSSEY,האודיסאה,https://tickets.cinema-city.co.il/order/837219?lang=en,https://tickets.cinema-city.co.il/order/837219?lang=he,Regular,2D,,,2026-08-02,,,,172,14+,Chadera,Cinema City,586
15:10,THE ODYSSEY,האודיסאה,https://tickets.cinema-city.co.il/order/837193?lang=en,https://tickets.cinema-city.co.il/order/837193?lang=he,Regular,2D,,,2026-08-02,,,,172,14+,Chadera,Cinema City,586
17:10,THE ODYSSEY,האודיסאה,https://tickets.cinema-city.co.il/order/837194?lang=en,https://tickets.cinema-city.co.il/order/837194?lang=he,Regular,2D,,,2026-08-02,,,,172,14+,Chadera,Cinema City,586
18:40,THE ODYSSEY,האודיסאה,https://tickets.cinema-city.co.il/order/837192?lang=en,https://tickets.cinema-city.co.il/order/837192?lang=he,Regular,2D,,,2026-08-02,,,,172,14+,Chadera,Cinema City,586
20:00,THE ODYSSEY,האודיסאה,https://tickets.cinema-city.co.il/order/837202?lang=en,https://tickets.cinema-city.co.il/order/837202?lang=he,Regular,2D,,,2026-08-02,,,,172,14+,Chadera,Cinema City,586
22:10,THE ODYSSEY,האודיסאה,https://tickets.cinema-city.co.il/order/837184?lang=en,https://tickets.cinema-city.co.il/order/837184?lang=he,Regular,2D,,,2026-08-02,,,,172,14+,Chadera,Cinema City,586
10:30,THE ODYSSEY,האודיסאה,https://tickets.cinema-city.co.il/order/837296?lang=en,https://tickets.cinema-city.co.il/order/837296?lang=he,Regular,2D,,,2026-08-03,,,,172,14+,Chadera,Cinema City,586
14:00,THE ODYSSEY,האודיסאה,https://tickets.cinema-city.co.il/order/837295?lang=en,https://tickets.cinema-city.co.il/order/837295?lang=he,Regular,2D,,,2026-08-03,,,,172,14+,Chadera,Cinema City,586
17:30,THE ODYSSEY,האודיסאה,https://tickets.cinema-city.co.il/order/837297?lang=en,https://tickets.cinema-city.co.il/order/837297?lang=he,Regular,2D,,,2026-08-03,,,,172,14+,Chadera,Cinema City,586
19:00,THE ODYSSEY,האודיסאה,https://tickets.cinema-city.co.il/order/837294?lang=en,https://tickets.cinema-city.co.il/order/837294?lang=he,Regular,2D,,,2026-08-03,,,,172,14+,Chadera,Cinema City,586
21:20,THE ODYSSEY,האודיסאה,https://tickets.cinema-city.co.il/order/837286?lang=en,https://tickets.cinema-city.co.il/order/837286?lang=he,Regular,2D,,,2026-08-03,,,,172,14+,Chadera,Cinema City,586
10:30,THE ODYSSEY,האודיסאה,https://tickets.cinema-city.co.il/order/837428?lang=en,https://tickets.cinema-city.co.il/order/837428?lang=he,Regular,2D,,,2026-08-04,,,,172,14+,Chadera,Cinema City,586
14:00,THE ODYSSEY,האודיסאה,https://tickets.cinema-city.co.il/order/837427?lang=en,https://tickets.cinema-city.co.il/order/837427?lang=he,Regular,2D,,,2026-08-04,,,,172,14+,Chadera,Cinema City,586
17:30,THE ODYSSEY,האודיסאה,https://tickets.cinema-city.co.il/order/837429?lang=en,https://tickets.cinema-city.co.il/order/837429?lang=he,Regular,2D,,,2026-08-04,,,,172,14+,Chadera,Cinema City,586
19:00,THE ODYSSEY,האודיסאה,https://tickets.cinema-city.co.il/order/837426?lang=en,https://tickets.cinema-city.co.il/order/837426?lang=he,Regular,2D,,,2026-08-04,,,,172,14+,Chadera,Cinema City,586
20:00,THE ODYSSEY,האודיסאה,https://tickets.cinema-city.co.il/order/837419?lang=en,https://tickets.cinema-city.co.il/order/837419?lang=he,Regular,2D,,,2026-08-04,,,,172,14+,Chadera,Cinema City,586
21:15,THE ODYSSEY,האודיסאה,https://tickets.cinema-city.co.il/order/837430?lang=en,https://tickets.cinema-city.co.il/order/837430?lang=he,Regular,2D,,,2026-08-04,,,,172,14+,Chadera,Cinema City,586
10:30,THE ODYSSEY,האודיסאה,https://tickets.cinema-city.co.il/order/837527?lang=en,https://tickets.cinema-city.co.il/order/837527?lang=he,Regular,2D,,,2026-08-05,,,,172,14+,Chadera,Cinema City,586
14:00,THE ODYSSEY,האודיסאה,https://tickets.cinema-city.co.il/order/837526?lang=en,https://tickets.cinema-city.co.il/order/837526?lang=he,Regular,2D,,,2026-08-05,,,,172,14+,Chadera,Cinema City,586
19:00,THE ODYSSEY,האודיסאה,https://tickets.cinema-city.co.il/order/837524?lang=en,https://tickets.cinema-city.co.il/order/837524?lang=he,Regular,2D,,,2026-08-05,,,,172,14+,Chadera,Cinema City,586
21:20,THE ODYSSEY,האודיסאה,https://tickets.cinema-city.co.il/order/837510?lang=en,https://tickets.cinema-city.co.il/order/837510?lang=he,Regular,2D,,,2026-08-05,,,,172,14+,Chadera,Cinema City,586
20:20,The Invite.,ההזמנה.,https://tickets.cinema-city.co.il/order/837151?lang=en,https://tickets.cinema-city.co.il/order/837151?lang=he,Regular,2D,,,2026-08-01,,,,107,14+,Chadera,Cinema City,586
20:20,The Invite.,ההזמנה.,https://tickets.cinema-city.co.il/order/837178?lang=en,https://tickets.cinema-city.co.il/order/837178?lang=he,Regular,2D,,,2026-08-02,,,,107,14+,Chadera,Cinema City,586
20:20,The Invite.,ההזמנה.,https://tickets.cinema-city.co.il/order/837275?lang=en,https://tickets.cinema-city.co.il/order/837275?lang=he,Regular,2D,,,2026-08-03,,,,107,14+,Chadera,Cinema City,586
19:50,The Invite.,ההזמנה.,https://tickets.cinema-city.co.il/order/837414?lang=en,https://tickets.cinema-city.co.il/order/837414?lang=he,Regular,2D,,,2026-08-04,,,,107,14+,Chadera,Cinema City,586
20:20,The Invite.,ההזמנה.,https://tickets.cinema-city.co.il/order/837498?lang=en,https://tickets.cinema-city.co.il/order/837498?lang=he,Regular,2D,,,2026-08-05,,,,107,14+,Chadera,Cinema City,586
15:10,The Magic Faraway Tree,המסע המופלא לעץ הקסמים,https://tickets.cinema-city.co.il/order/837267?lang=en,https://tickets.cinema-city.co.il/order/837267?lang=he,Regular,2D,,,2026-08-03,,,,110,All,Chadera,Cinema City,586
15:05,The Magic Faraway Tree,המסע המופלא לעץ הקסמים,https://tickets.cinema-city.co.il/order/837410?lang=en,https://tickets.cinema-city.co.il/order/837410?lang=he,Regular,2D,,,2026-08-04,,,,110,All,Chadera,Cinema City,586
14:10,The Magic Faraway Tree,המסע המופלא לעץ הקסמים,https://tickets.cinema-city.co.il/order/837490?lang=en,https://tickets.cinema-city.co.il/order/837490?lang=he,Regular,2D,,,2026-08-05,,,,110,All,Chadera,Cinema City,586
10:00,The Magic Faraway Tree,המסע המופלא לעץ הקסמים,https://tickets.cinema-city.co.il/order/837136?lang=en,https://tickets.cinema-city.co.il/order/837136?lang=he,Regular,2D,,Hebrew,2026-08-01,,,,110,All,Chadera,Cinema City,586
12:35,The Magic Faraway Tree,המסע המופלא לעץ הקסמים,https://tickets.cinema-city.co.il/order/837137?lang=en,https://tickets.cinema-city.co.il/order/837137?lang=he,Regular,2D,,Hebrew,2026-08-01,,,,110,All,Chadera,Cinema City,586
15:10,The Magic Faraway Tree,המסע המופלא לעץ הקסמים,https://tickets.cinema-city.co.il/order/837138?lang=en,https://tickets.cinema-city.co.il/order/837138?lang=he,Regular,2D,,Hebrew,2026-08-01,,,,110,All,Chadera,Cinema City,586
17:45,The Magic Faraway Tree,המסע המופלא לעץ הקסמים,https://tickets.cinema-city.co.il/order/837139?lang=en,https://tickets.cinema-city.co.il/order/837139?lang=he,Regular,2D,,Hebrew,2026-08-01,,,,110,All,Chadera,Cinema City,586
11:00,The Magic Faraway Tree,המסע המופלא לעץ הקסמים,https://tickets.cinema-city.co.il/order/837203?lang=en,https://tickets.cinema-city.co.il/order/837203?lang=he,Regular,2D,,Hebrew,2026-08-02,,,,110,All,Chadera,Cinema City,586
12:40,The Magic Faraway Tree,המסע המופלא לעץ הקסמים,https://tickets.cinema-city.co.il/order/837204?lang=en,https://tickets.cinema-city.co.il/order/837204?lang=he,Regular,2D,,Hebrew,2026-08-02,,,,110,All,Chadera,Cinema City,586
15:10,The Magic Faraway Tree,המסע המופלא לעץ הקסמים,https://tickets.cinema-city.co.il/order/837205?lang=en,https://tickets.cinema-city.co.il/order/837205?lang=he,Regular,2D,,Hebrew,2026-08-02,,,,110,All,Chadera,Cinema City,586
17:45,The Magic Faraway Tree,המסע המופלא לעץ הקסמים,https://tickets.cinema-city.co.il/order/837206?lang=en,https://tickets.cinema-city.co.il/order/837206?lang=he,Regular,2D,,Hebrew,2026-08-02,,,,110,All,Chadera,Cinema City,586
10:00,The Magic Faraway Tree,המסע המופלא לעץ הקסמים,https://tickets.cinema-city.co.il/order/837309?lang=en,https://tickets.cinema-city.co.il/order/837309?lang=he,Regular,2D,,Hebrew,2026-08-03,,,,110,All,Chadera,Cinema City,586
12:35,The Magic Faraway Tree,המסע המופלא לעץ הקסמים,https://tickets.cinema-city.co.il/order/837310?lang=en,https://tickets.cinema-city.co.il/order/837310?lang=he,Regular,2D,,Hebrew,2026-08-03,,,,110,All,Chadera,Cinema City,586
15:10,The Magic Faraway Tree,המסע המופלא לעץ הקסמים,https://tickets.cinema-city.co.il/order/837311?lang=en,https://tickets.cinema-city.co.il/order/837311?lang=he,Regular,2D,,Hebrew,2026-08-03,,,,110,All,Chadera,Cinema City,586
17:45,The Magic Faraway Tree,המסע המופלא לעץ הקסמים,https://tickets.cinema-city.co.il/order/837312?lang=en,https://tickets.cinema-city.co.il/order/837312?lang=he,Regular,2D,,Hebrew,2026-08-03,,,,110,All,Chadera,Cinema City,586
10:00,The Magic Faraway Tree,המסע המופלא לעץ הקסמים,https://tickets.cinema-city.co.il/order/837389?lang=en,https://tickets.cinema-city.co.il/order/837389?lang=he,Regular,2D,,Hebrew,2026-08-04,,,,110,All,Chadera,Cinema City,586
12:30,The Magic Faraway Tree,המסע המופלא לעץ הקסמים,https://tickets.cinema-city.co.il/order/837390?lang=en,https://tickets.cinema-city.co.il/order/837390?lang=he,Regular,2D,,Hebrew,2026-08-04,,,,110,All,Chadera,Cinema City,586
14:40,The Magic Faraway Tree,המסע המופלא לעץ הקסמים,https://tickets.cinema-city.co.il/order/837391?lang=en,https://tickets.cinema-city.co.il/order/837391?lang=he,Regular,2D,,Hebrew,2026-08-04,,,,110,All,Chadera,Cinema City,586
17:15,The Magic Faraway Tree,המסע המופלא לעץ הקסמים,https://tickets.cinema-city.co.il/order/837371?lang=en,https://tickets.cinema-city.co.il/order/837371?lang=he,Regular,2D,,Hebrew,2026-08-04,,,,110,All,Chadera,Cinema City,586
10:00,The Magic Faraway Tree,המסע המופלא לעץ הקסמים,https://tickets.cinema-city.co.il/order/837450?lang=en,https://tickets.cinema-city.co.il/order/837450?lang=he,Regular,2D,,Hebrew,2026-08-05,,,,110,All,Chadera,Cinema City,586
12:50,The Magic Faraway Tree,המסע המופלא לעץ הקסמים,https://tickets.cinema-city.co.il/order/837451?lang=en,https://tickets.cinema-city.co.il/order/837451?lang=he,Regular,2D,,Hebrew,2026-08-05,,,,110,All,Chadera,Cinema City,586
15:10,The Magic Faraway Tree,המסע המופלא לעץ הקסמים,https://tickets.cinema-city.co.il/order/837452?lang=en,https://tickets.cinema-city.co.il/order/837452?lang=he,Regular,2D,,Hebrew,2026-08-05,,,,110,All,Chadera,Cinema City,586
17:45,The Magic Faraway Tree,המסע המופלא לעץ הקסמים,https://tickets.cinema-city.co.il/order/837455?lang=en,https://tickets.cinema-city.co.il/order/837455?lang=he,Regular,2D,,Hebrew,2026-08-05,,,,110,All,Chadera,Cinema City,586
20:45,חינה אמריקאית,חינה אמריקאית,https://tickets.cinema-city.co.il/order/837130?lang=en,https://tickets.cinema-city.co.il/order/837130?lang=he,Regular,2D,,,2026-08-01,,,,89,All,Chadera,Cinema City,586
20:45,חינה אמריקאית,חינה אמריקאית,https://tickets.cinema-city.co.il/order/837201?lang=en,https://tickets.cinema-city.co.il/order/837201?lang=he,Regular,2D,,,2026-08-02,,,,89,All,Chadera,Cinema City,586
23:00,חינה אמריקאית,חינה אמריקאית,https://tickets.cinema-city.co.il/order/837222?lang=en,https://tickets.cinema-city.co.il/order/837222?lang=he,Regular,2D,,,2026-08-02,,,,89,All,Chadera,Cinema City,586
22:30,חינה אמריקאית,חינה אמריקאית,https://tickets.cinema-city.co.il/order/837304?lang=en,https://tickets.cinema-city.co.il/order/837304?lang=he,Regular,2D,,,2026-08-03,,,,89,All,Chadera,Cinema City,586
22:30,חינה אמריקאית,חינה אמריקאית,https://tickets.cinema-city.co.il/order/837380?lang=en,https://tickets.cinema-city.co.il/order/837380?lang=he,Regular,2D,,,2026-08-04,,,,89,All,Chadera,Cinema City,586
22:30,חינה אמריקאית,חינה אמריקאית,https://tickets.cinema-city.co.il/order/837445?lang=en,https://tickets.cinema-city.co.il/order/837445?lang=he,Regular,2D,,,2026-08-05,,,,89,All,Chadera,Cinema City,586
10:10,Tafiti: Across the Desert,טפיטי: הרפתקה במדבר,https://tickets.cinema-city.co.il/order/837155?lang=en,https://tickets.cinema-city.co.il/order/837155?lang=he,Regular,2D,,Hebrew,2026-08-01,,,,81,9+,Chadera,Cinema City,586
10:10,Tafiti: Across the Desert,טפיטי: הרפתקה במדבר,https://tickets.cinema-city.co.il/order/837183?lang=en,https://tickets.cinema-city.co.il/order/837183?lang=he,Regular,2D,,Hebrew,2026-08-02,,,,81,9+,Chadera,Cinema City,586
13:15,Tafiti: Across the Desert,טפיטי: הרפתקה במדבר,https://tickets.cinema-city.co.il/order/837207?lang=en,https://tickets.cinema-city.co.il/order/837207?lang=he,Regular,2D,,Hebrew,2026-08-02,,,,81,9+,Chadera,Cinema City,586
10:10,Tafiti: Across the Desert,טפיטי: הרפתקה במדבר,https://tickets.cinema-city.co.il/order/837282?lang=en,https://tickets.cinema-city.co.il/order/837282?lang=he,Regular,2D,,Hebrew,2026-08-03,,,,81,9+,Chadera,Cinema City,586
13:20,Tafiti: Across the Desert,טפיטי: הרפתקה במדבר,https://tickets.cinema-city.co.il/order/837313?lang=en,https://tickets.cinema-city.co.il/order/837313?lang=he,Regular,2D,,Hebrew,2026-08-03,,,,81,9+,Chadera,Cinema City,586
10:10,Tafiti: Across the Desert,טפיטי: הרפתקה במדבר,https://tickets.cinema-city.co.il/order/837405?lang=en,https://tickets.cinema-city.co.il/order/837405?lang=he,Regular,2D,,Hebrew,2026-08-04,,,,81,9+,Chadera,Cinema City,586
10:10,Tafiti: Across the Desert,טפיטי: הרפתקה במדבר,https://tickets.cinema-city.co.il/order/837536?lang=en,https://tickets.cinema-city.co.il/order/837536?lang=he,Regular,2D,,Hebrew,2026-08-05,,,,81,9+,Chadera,Cinema City,586
20:15,Cuz You're Ugly,כי את מכוערת,https://tickets.cinema-city.co.il/order/837129?lang=en,https://tickets.cinema-city.co.il/order/837129?lang=he,Regular,2D,,,2026-08-01,,,,83,12+,Chadera,Cinema City,586
19:55,Cuz You're Ugly,כי את מכוערת,https://tickets.cinema-city.co.il/order/837200?lang=en,https://tickets.cinema-city.co.il/order/837200?lang=he,Regular,2D,,,2026-08-02,,,,83,12+,Chadera,Cinema City,586
20:15,Cuz You're Ugly,כי את מכוערת,https://tickets.cinema-city.co.il/order/837303?lang=en,https://tickets.cinema-city.co.il/order/837303?lang=he,Regular,2D,,,2026-08-03,,,,83,12+,Chadera,Cinema City,586
23:30,Cuz You're Ugly,כי את מכוערת,https://tickets.cinema-city.co.il/order/837379?lang=en,https://tickets.cinema-city.co.il/order/837379?lang=he,Regular,2D,,,2026-08-04,,,,83,12+,Chadera,Cinema City,586
20:15,Cuz You're Ugly,כי את מכוערת,https://tickets.cinema-city.co.il/order/837444?lang=en,https://tickets.cinema-city.co.il/order/837444?lang=he,Regular,2D,,,2026-08-05,,,,83,12+,Chadera,Cinema City,586
10:30,MASHA & THE BEAR – WONDER PARK,מאשה והדוב-ההרפתקה הגדולה,https://tickets.cinema-city.co.il/order/837152?lang=en,https://tickets.cinema-city.co.il/order/837152?lang=he,Regular,2D,,Hebrew,2026-08-01,,,,73,All,Chadera,Cinema City,586
13:10,MASHA & THE BEAR – WONDER PARK,מאשה והדוב-ההרפתקה הגדולה,https://tickets.cinema-city.co.il/order/837179?lang=en,https://tickets.cinema-city.co.il/order/837179?lang=he,Regular,2D,,Hebrew,2026-08-02,,,,73,All,Chadera,Cinema City,586
10:30,MASHA & THE BEAR – WONDER PARK,מאשה והדוב-ההרפתקה הגדולה,https://tickets.cinema-city.co.il/order/837277?lang=en,https://tickets.cinema-city.co.il/order/837277?lang=he,Regular,2D,,Hebrew,2026-08-03,,,,73,All,Chadera,Cinema City,586
12:20,MASHA & THE BEAR – WONDER PARK,מאשה והדוב-ההרפתקה הגדולה,https://tickets.cinema-city.co.il/order/837415?lang=en,https://tickets.cinema-city.co.il/order/837415?lang=he,Regular,2D,,Hebrew,2026-08-04,,,,73,All,Chadera,Cinema City,586
12:15,MASHA & THE BEAR – WONDER PARK,מאשה והדוב-ההרפתקה הגדולה,https://tickets.cinema-city.co.il/order/837501?lang=en,https://tickets.cinema-city.co.il/order/837501?lang=he,Regular,2D,,Hebrew,2026-08-05,,,,73,All,Chadera,Cinema City,586
12:50,Moana (Live Action),מואנה (לייב אקשן),https://tickets.cinema-city.co.il/order/837167?lang=en,https://tickets.cinema-city.co.il/order/837167?lang=he,Regular,2D,,Hebrew,2026-08-01,,,,115,All,Chadera,Cinema City,586
15:20,Moana (Live Action),מואנה (לייב אקשן),https://tickets.cinema-city.co.il/order/837168?lang=en,https://tickets.cinema-city.co.il/order/837168?lang=he,Regular,2D,,Hebrew,2026-08-01,,,,115,All,Chadera,Cinema City,586
15:20,Moana (Live Action),מואנה (לייב אקשן),https://tickets.cinema-city.co.il/order/837223?lang=en,https://tickets.cinema-city.co.il/order/837223?lang=he,Regular,2D,,Hebrew,2026-08-02,,,,115,All,Chadera,Cinema City,586
15:30,Moana (Live Action),מואנה (לייב אקשן),https://tickets.cinema-city.co.il/order/837325?lang=en,https://tickets.cinema-city.co.il/order/837325?lang=he,Regular,2D,,Hebrew,2026-08-03,,,,115,All,Chadera,Cinema City,586
17:30,Moana (Live Action),מואנה (לייב אקשן),https://tickets.cinema-city.co.il/order/837404?lang=en,https://tickets.cinema-city.co.il/order/837404?lang=he,Regular,2D,,Hebrew,2026-08-04,,,,115,All,Chadera,Cinema City,586
16:20,Moana (Live Action),מואנה (לייב אקשן),https://tickets.cinema-city.co.il/order/837481?lang=en,https://tickets.cinema-city.co.il/order/837481?lang=he,Regular,2D,,Hebrew,2026-08-05,,,,115,All,Chadera,Cinema City,586
22:20,Motor City,מוטור סיטי,https://tickets.cinema-city.co.il/order/837131?lang=en,https://tickets.cinema-city.co.il/order/837131?lang=he,Regular,2D,,,2026-08-01,,,,103,16+,Chadera,Cinema City,586
23:30,Motor City,מוטור סיטי,https://tickets.cinema-city.co.il/order/837165?lang=en,https://tickets.cinema-city.co.il/order/837165?lang=he,Regular,2D,,,2026-08-01,,,,103,16+,Chadera,Cinema City,586
22:15,Motor City,מוטור סיטי,https://tickets.cinema-city.co.il/order/837191?lang=en,https://tickets.cinema-city.co.il/order/837191?lang=he,Regular,2D,,,2026-08-02,,,,103,16+,Chadera,Cinema City,586
23:30,Motor City,מוטור סיטי,https://tickets.cinema-city.co.il/order/837189?lang=en,https://tickets.cinema-city.co.il/order/837189?lang=he,Regular,2D,,,2026-08-02,,,,103,16+,Chadera,Cinema City,586
22:20,Motor City,מוטור סיטי,https://tickets.cinema-city.co.il/order/837293?lang=en,https://tickets.cinema-city.co.il/order/837293?lang=he,Regular,2D,,,2026-08-03,,,,103,16+,Chadera,Cinema City,586
21:00,Motor City,מוטור סיטי,https://tickets.cinema-city.co.il/order/837425?lang=en,https://tickets.cinema-city.co.il/order/837425?lang=he,Regular,2D,,,2026-08-04,,,,103,16+,Chadera,Cinema City,586
23:30,Motor City,מוטור סיטי,https://tickets.cinema-city.co.il/order/837431?lang=en,https://tickets.cinema-city.co.il/order/837431?lang=he,Regular,2D,,,2026-08-04,,,,103,16+,Chadera,Cinema City,586
22:20,Motor City,מוטור סיטי,https://tickets.cinema-city.co.il/order/837521?lang=en,https://tickets.cinema-city.co.il/order/837521?lang=he,Regular,2D,,,2026-08-05,,,,103,16+,Chadera,Cinema City,586
12:45,School of Magical Animals 3,סוד החיות הקסומות 3,https://tickets.cinema-city.co.il/order/837180?lang=en,https://tickets.cinema-city.co.il/order/837180?lang=he,Regular,2D,,Hebrew,2026-08-02,,,,105,All,Chadera,Cinema City,586
15:00,School of Magical Animals 3,סוד החיות הקסומות 3,https://tickets.cinema-city.co.il/order/837416?lang=en,https://tickets.cinema-city.co.il/order/837416?lang=he,Regular,2D,,Hebrew,2026-08-04,,,,105,All,Chadera,Cinema City,586
11:40,School of Magical Animals 3,סוד החיות הקסומות 3,https://tickets.cinema-city.co.il/order/837503?lang=en,https://tickets.cinema-city.co.il/order/837503?lang=he,Regular,2D,,Hebrew,2026-08-05,,,,105,All,Chadera,Cinema City,586
13:00,סולטיז הסרט,סולטיז הסרט-וולוג ה-100,https://tickets.cinema-city.co.il/order/837154?lang=en,https://tickets.cinema-city.co.il/order/837154?lang=he,Regular,2D,,,2026-08-01,,,,100,All,Chadera,Cinema City,586
15:25,סולטיז הסרט,סולטיז הסרט-וולוג ה-100,https://tickets.cinema-city.co.il/order/837164?lang=en,https://tickets.cinema-city.co.il/order/837164?lang=he,Regular,2D,,,2026-08-01,,,,100,All,Chadera,Cinema City,586
17:50,סולטיז הסרט,סולטיז הסרט-וולוג ה-100,https://tickets.cinema-city.co.il/order/837153?lang=en,https://tickets.cinema-city.co.il/order/837153?lang=he,Regular,2D,,,2026-08-01,,,,100,All,Chadera,Cinema City,586
10:50,סולטיז הסרט,סולטיז הסרט-וולוג ה-100,https://tickets.cinema-city.co.il/order/837220?lang=en,https://tickets.cinema-city.co.il/order/837220?lang=he,Regular,2D,,,2026-08-02,,,,100,All,Chadera,Cinema City,586
13:20,סולטיז הסרט,סולטיז הסרט-וולוג ה-100,https://tickets.cinema-city.co.il/order/837170?lang=en,https://tickets.cinema-city.co.il/order/837170?lang=he,Regular,2D,,,2026-08-02,,,,100,All,Chadera,Cinema City,586
15:45,סולטיז הסרט,סולטיז הסרט-וולוג ה-100,https://tickets.cinema-city.co.il/order/837188?lang=en,https://tickets.cinema-city.co.il/order/837188?lang=he,Regular,2D,,,2026-08-02,,,,100,All,Chadera,Cinema City,586
17:30,סולטיז הסרט,סולטיז הסרט-וולוג ה-100,https://tickets.cinema-city.co.il/order/837181?lang=en,https://tickets.cinema-city.co.il/order/837181?lang=he,Regular,2D,,,2026-08-02,,,,100,All,Chadera,Cinema City,586
13:00,סולטיז הסרט,סולטיז הסרט-וולוג ה-100,https://tickets.cinema-city.co.il/order/837257?lang=en,https://tickets.cinema-city.co.il/order/837257?lang=he,Regular,2D,,,2026-08-03,,,,100,All,Chadera,Cinema City,586
15:25,סולטיז הסרט,סולטיז הסרט-וולוג ה-100,https://tickets.cinema-city.co.il/order/837291?lang=en,https://tickets.cinema-city.co.il/order/837291?lang=he,Regular,2D,,,2026-08-03,,,,100,All,Chadera,Cinema City,586
17:50,סולטיז הסרט,סולטיז הסרט-וולוג ה-100,https://tickets.cinema-city.co.il/order/837279?lang=en,https://tickets.cinema-city.co.il/order/837279?lang=he,Regular,2D,,,2026-08-03,,,,100,All,Chadera,Cinema City,586
16:25,סולטיז הסרט,סולטיז הסרט-וולוג ה-100,https://tickets.cinema-city.co.il/order/837423?lang=en,https://tickets.cinema-city.co.il/order/837423?lang=he,Regular,2D,,,2026-08-04,,,,100,All,Chadera,Cinema City,586
15:25,סולטיז הסרט,סולטיז הסרט-וולוג ה-100,https://tickets.cinema-city.co.il/order/837516?lang=en,https://tickets.cinema-city.co.il/order/837516?lang=he,Regular,2D,,,2026-08-05,,,,100,All,Chadera,Cinema City,586
17:50,סולטיז הסרט,סולטיז הסרט-וולוג ה-100,https://tickets.cinema-city.co.il/order/837504?lang=en,https://tickets.cinema-city.co.il/order/837504?lang=he,Regular,2D,,,2026-08-05,,,,100,All,Chadera,Cinema City,586
10:50,Three Wishes for Cinderella,סינדרלה ושלוש המשאלות,https://tickets.cinema-city.co.il/order/837156?lang=en,https://tickets.cinema-city.co.il/order/837156?lang=he,Regular,2D,,Hebrew,2026-08-01,,,,85,All,Chadera,Cinema City,586
10:50,Three Wishes for Cinderella,סינדרלה ושלוש המשאלות,https://tickets.cinema-city.co.il/order/837284?lang=en,https://tickets.cinema-city.co.il/order/837284?lang=he,Regular,2D,,Hebrew,2026-08-03,,,,85,All,Chadera,Cinema City,586
10:10,Three Wishes for Cinderella,סינדרלה ושלוש המשאלות,https://tickets.cinema-city.co.il/order/837418?lang=en,https://tickets.cinema-city.co.il/order/837418?lang=he,Regular,2D,,Hebrew,2026-08-04,,,,85,All,Chadera,Cinema City,586
10:00,Three Wishes for Cinderella,סינדרלה ושלוש המשאלות,https://tickets.cinema-city.co.il/order/837508?lang=en,https://tickets.cinema-city.co.il/order/837508?lang=he,Regular,2D,,Hebrew,2026-08-05,,,,85,All,Chadera,Cinema City,586
10:10,SPIDERMAN: BRAND NEW DAY,ספיידרמן: יום חדש,https://tickets.cinema-city.co.il/order/814097?lang=en,https://tickets.cinema-city.co.il/order/814097?lang=he,Regular,2D,,,2026-08-01,,,,135,All,Chadera,Cinema City,586
11:00,SPIDERMAN: BRAND NEW DAY,ספיידרמן: יום חדש,https://tickets.cinema-city.co.il/order/837158?lang=en,https://tickets.cinema-city.co.il/order/837158?lang=he,Regular,2D,,,2026-08-01,,,,135,All,Chadera,Cinema City,586
11:20,SPIDERMAN: BRAND NEW DAY,ספיידרמן: יום חדש,https://tickets.cinema-city.co.il/order/814101?lang=en,https://tickets.cinema-city.co.il/order/814101?lang=he,Regular,2D,,,2026-08-01,,,,135,All,Chadera,Cinema City,586
12:30,SPIDERMAN: BRAND NEW DAY,ספיידרמן: יום חדש,https://tickets.cinema-city.co.il/order/837132?lang=en,https://tickets.cinema-city.co.il/order/837132?lang=he,Regular,2D,,,2026-08-01,,,,135,All,Chadera,Cinema City,586
13:30,SPIDERMAN: BRAND NEW DAY,ספיידרמן: יום חדש,https://tickets.cinema-city.co.il/order/814096?lang=en,https://tickets.cinema-city.co.il/order/814096?lang=he,Regular,2D,,,2026-08-01,,,,135,All,Chadera,Cinema City,586
14:10,SPIDERMAN: BRAND NEW DAY,ספיידרמן: יום חדש,https://tickets.cinema-city.co.il/order/837159?lang=en,https://tickets.cinema-city.co.il/order/837159?lang=he,Regular,2D,,,2026-08-01,,,,135,All,Chadera,Cinema City,586
14:40,SPIDERMAN: BRAND NEW DAY,ספיידרמן: יום חדש,https://tickets.cinema-city.co.il/order/814100?lang=en,https://tickets.cinema-city.co.il/order/814100?lang=he,Regular,2D,,,2026-08-01,,,,135,All,Chadera,Cinema City,586
15:45,SPIDERMAN: BRAND NEW DAY,ספיידרמן: יום חדש,https://tickets.cinema-city.co.il/order/837133?lang=en,https://tickets.cinema-city.co.il/order/837133?lang=he,Regular,2D,,,2026-08-01,,,,135,All,Chadera,Cinema City,586
16:50,SPIDERMAN: BRAND NEW DAY,ספיידרמן: יום חדש,https://tickets.cinema-city.co.il/order/814094?lang=en,https://tickets.cinema-city.co.il/order/814094?lang=he,Regular,2D,,,2026-08-01,,,,135,All,Chadera,Cinema City,586
17:30,SPIDERMAN: BRAND NEW DAY,ספיידרמן: יום חדש,https://tickets.cinema-city.co.il/order/837162?lang=en,https://tickets.cinema-city.co.il/order/837162?lang=he,Regular,2D,,,2026-08-01,,,,135,All,Chadera,Cinema City,586
18:00,SPIDERMAN: BRAND NEW DAY,ספיידרמן: יום חדש,https://tickets.cinema-city.co.il/order/814099?lang=en,https://tickets.cinema-city.co.il/order/814099?lang=he,Regular,2D,,,2026-08-01,,,,135,All,Chadera,Cinema City,586
19:00,SPIDERMAN: BRAND NEW DAY,ספיידרמן: יום חדש,https://tickets.cinema-city.co.il/order/837134?lang=en,https://tickets.cinema-city.co.il/order/837134?lang=he,Regular,2D,,,2026-08-01,,,,135,All,Chadera,Cinema City,586
20:10,SPIDERMAN: BRAND NEW DAY,ספיידרמן: יום חדש,https://tickets.cinema-city.co.il/order/814095?lang=en,https://tickets.cinema-city.co.il/order/814095?lang=he,Regular,2D,,,2026-08-01,,,,135,All,Chadera,Cinema City,586
21:20,SPIDERMAN: BRAND NEW DAY,ספיידרמן: יום חדש,https://tickets.cinema-city.co.il/order/814098?lang=en,https://tickets.cinema-city.co.il/order/814098?lang=he,Regular,2D,,,2026-08-01,,,,135,All,Chadera,Cinema City,586
22:15,SPIDERMAN: BRAND NEW DAY,ספיידרמן: יום חדש,https://tickets.cinema-city.co.il/order/837135?lang=en,https://tickets.cinema-city.co.il/order/837135?lang=he,Regular,2D,,,2026-08-01,,,,135,All,Chadera,Cinema City,586
23:30,SPIDERMAN: BRAND NEW DAY,ספיידרמן: יום חדש,https://tickets.cinema-city.co.il/order/837160?lang=en,https://tickets.cinema-city.co.il/order/837160?lang=he,Regular,2D,,,2026-08-01,,,,135,All,Chadera,Cinema City,586
11:45,SPIDERMAN: BRAND NEW DAY,ספיידרמן: יום חדש,https://tickets.cinema-city.co.il/order/837218?lang=en,https://tickets.cinema-city.co.il/order/837218?lang=he,Regular,2D,,,2026-08-02,,,,135,All,Chadera,Cinema City,586
12:40,SPIDERMAN: BRAND NEW DAY,ספיידרמן: יום חדש,https://tickets.cinema-city.co.il/order/837211?lang=en,https://tickets.cinema-city.co.il/order/837211?lang=he,Regular,2D,,,2026-08-02,,,,135,All,Chadera,Cinema City,586
15:10,SPIDERMAN: BRAND NEW DAY,ספיידרמן: יום חדש,https://tickets.cinema-city.co.il/order/837217?lang=en,https://tickets.cinema-city.co.il/order/837217?lang=he,Regular,2D,,,2026-08-02,,,,135,All,Chadera,Cinema City,586
16:00,SPIDERMAN: BRAND NEW DAY,ספיידרמן: יום חדש,https://tickets.cinema-city.co.il/order/837212?lang=en,https://tickets.cinema-city.co.il/order/837212?lang=he,Regular,2D,,,2026-08-02,,,,135,All,Chadera,Cinema City,586
17:00,SPIDERMAN: BRAND NEW DAY,ספיידרמן: יום חדש,https://tickets.cinema-city.co.il/order/837186?lang=en,https://tickets.cinema-city.co.il/order/837186?lang=he,Regular,2D,,,2026-08-02,,,,135,All,Chadera,Cinema City,586
18:15,SPIDERMAN: BRAND NEW DAY,ספיידרמן: יום חדש,https://tickets.cinema-city.co.il/order/837215?lang=en,https://tickets.cinema-city.co.il/order/837215?lang=he,Regular,2D,,,2026-08-02,,,,135,All,Chadera,Cinema City,586
19:20,SPIDERMAN: BRAND NEW DAY,ספיידרמן: יום חדש,https://tickets.cinema-city.co.il/order/837213?lang=en,https://tickets.cinema-city.co.il/order/837213?lang=he,Regular,2D,,,2026-08-02,,,,135,All,Chadera,Cinema City,586
20:15,SPIDERMAN: BRAND NEW DAY,ספיידרמן: יום חדש,https://tickets.cinema-city.co.il/order/837221?lang=en,https://tickets.cinema-city.co.il/order/837221?lang=he,Regular,2D,,,2026-08-02,,,,135,All,Chadera,Cinema City,586
21:30,SPIDERMAN: BRAND NEW DAY,ספיידרמן: יום חדש,https://tickets.cinema-city.co.il/order/837216?lang=en,https://tickets.cinema-city.co.il/order/837216?lang=he,Regular,2D,,,2026-08-02,,,,135,All,Chadera,Cinema City,586
22:40,SPIDERMAN: BRAND NEW DAY,ספיידרמן: יום חדש,https://tickets.cinema-city.co.il/order/837214?lang=en,https://tickets.cinema-city.co.il/order/837214?lang=he,Regular,2D,,,2026-08-02,,,,135,All,Chadera,Cinema City,586
11:00,SPIDERMAN: BRAND NEW DAY,ספיידרמן: יום חדש,https://tickets.cinema-city.co.il/order/837320?lang=en,https://tickets.cinema-city.co.il/order/837320?lang=he,Regular,2D,,,2026-08-03,,,,135,All,Chadera,Cinema City,586
12:30,SPIDERMAN: BRAND NEW DAY,ספיידרמן: יום חדש,https://tickets.cinema-city.co.il/order/837305?lang=en,https://tickets.cinema-city.co.il/order/837305?lang=he,Regular,2D,,,2026-08-03,,,,135,All,Chadera,Cinema City,586
13:30,SPIDERMAN: BRAND NEW DAY,ספיידרמן: יום חדש,https://tickets.cinema-city.co.il/order/837319?lang=en,https://tickets.cinema-city.co.il/order/837319?lang=he,Regular,2D,,,2026-08-03,,,,135,All,Chadera,Cinema City,586
14:50,SPIDERMAN: BRAND NEW DAY,ספיידרמן: יום חדש,https://tickets.cinema-city.co.il/order/837318?lang=en,https://tickets.cinema-city.co.il/order/837318?lang=he,Regular,2D,,,2026-08-03,,,,135,All,Chadera,Cinema City,586
15:45,SPIDERMAN: BRAND NEW DAY,ספיידרמן: יום חדש,https://tickets.cinema-city.co.il/order/837306?lang=en,https://tickets.cinema-city.co.il/order/837306?lang=he,Regular,2D,,,2026-08-03,,,,135,All,Chadera,Cinema City,586
16:40,SPIDERMAN: BRAND NEW DAY,ספיידרמן: יום חדש,https://tickets.cinema-city.co.il/order/837321?lang=en,https://tickets.cinema-city.co.il/order/837321?lang=he,Regular,2D,,,2026-08-03,,,,135,All,Chadera,Cinema City,586
17:40,SPIDERMAN: BRAND NEW DAY,ספיידרמן: יום חדש,https://tickets.cinema-city.co.il/order/837290?lang=en,https://tickets.cinema-city.co.il/order/837290?lang=he,Regular,2D,,,2026-08-03,,,,135,All,Chadera,Cinema City,586
18:00,SPIDERMAN: BRAND NEW DAY,ספיידרמן: יום חדש,https://tickets.cinema-city.co.il/order/838965?lang=en,https://tickets.cinema-city.co.il/order/838965?lang=he,Regular,2D,,,2026-08-03,,,,135,All,Chadera,Cinema City,586
18:10,SPIDERMAN: BRAND NEW DAY,ספיידרמן: יום חדש,https://tickets.cinema-city.co.il/order/837317?lang=en,https://tickets.cinema-city.co.il/order/837317?lang=he,Regular,2D,,,2026-08-03,,,,135,All,Chadera,Cinema City,586
19:00,SPIDERMAN: BRAND NEW DAY,ספיידרמן: יום חדש,https://tickets.cinema-city.co.il/order/837307?lang=en,https://tickets.cinema-city.co.il/order/837307?lang=he,Regular,2D,,,2026-08-03,,,,135,All,Chadera,Cinema City,586
20:00,SPIDERMAN: BRAND NEW DAY,ספיידרמן: יום חדש,https://tickets.cinema-city.co.il/order/837322?lang=en,https://tickets.cinema-city.co.il/order/837322?lang=he,Regular,2D,,,2026-08-03,,,,135,All,Chadera,Cinema City,586
21:00,SPIDERMAN: BRAND NEW DAY,ספיידרמן: יום חדש,https://tickets.cinema-city.co.il/order/837324?lang=en,https://tickets.cinema-city.co.il/order/837324?lang=he,Regular,2D,,,2026-08-03,,,,135,All,Chadera,Cinema City,586
21:30,SPIDERMAN: BRAND NEW DAY,ספיידרמן: יום חדש,https://tickets.cinema-city.co.il/order/837288?lang=en,https://tickets.cinema-city.co.il/order/837288?lang=he,Regular,2D,,,2026-08-03,,,,135,All,Chadera,Cinema City,586
22:10,SPIDERMAN: BRAND NEW DAY,ספיידרמן: יום חדש,https://tickets.cinema-city.co.il/order/837308?lang=en,https://tickets.cinema-city.co.il/order/837308?lang=he,Regular,2D,,,2026-08-03,,,,135,All,Chadera,Cinema City,586
23:20,SPIDERMAN: BRAND NEW DAY,ספיידרמן: יום חדש,https://tickets.cinema-city.co.il/order/837323?lang=en,https://tickets.cinema-city.co.il/order/837323?lang=he,Regular,2D,,,2026-08-03,,,,135,All,Chadera,Cinema City,586
11:30,SPIDERMAN: BRAND NEW DAY,ספיידרמן: יום חדש,https://tickets.cinema-city.co.il/order/837399?lang=en,https://tickets.cinema-city.co.il/order/837399?lang=he,Regular,2D,,,2026-08-04,,,,135,All,Chadera,Cinema City,586
12:30,SPIDERMAN: BRAND NEW DAY,ספיידרמן: יום חדש,https://tickets.cinema-city.co.il/order/837381?lang=en,https://tickets.cinema-city.co.il/order/837381?lang=he,Regular,2D,,,2026-08-04,,,,135,All,Chadera,Cinema City,586
13:15,SPIDERMAN: BRAND NEW DAY,ספיידרמן: יום חדש,https://tickets.cinema-city.co.il/order/837398?lang=en,https://tickets.cinema-city.co.il/order/837398?lang=he,Regular,2D,,,2026-08-04,,,,135,All,Chadera,Cinema City,586
14:50,SPIDERMAN: BRAND NEW DAY,ספיידרמן: יום חדש,https://tickets.cinema-city.co.il/order/837397?lang=en,https://tickets.cinema-city.co.il/order/837397?lang=he,Regular,2D,,,2026-08-04,,,,135,All,Chadera,Cinema City,586
15:45,SPIDERMAN: BRAND NEW DAY,ספיידרמן: יום חדש,https://tickets.cinema-city.co.il/order/837383?lang=en,https://tickets.cinema-city.co.il/order/837383?lang=he,Regular,2D,,,2026-08-04,,,,135,All,Chadera,Cinema City,586
16:40,SPIDERMAN: BRAND NEW DAY,ספיידרמן: יום חדש,https://tickets.cinema-city.co.il/order/837400?lang=en,https://tickets.cinema-city.co.il/order/837400?lang=he,Regular,2D,,,2026-08-04,,,,135,All,Chadera,Cinema City,586
17:40,SPIDERMAN: BRAND NEW DAY,ספיידרמן: יום חדש,https://tickets.cinema-city.co.il/order/837421?lang=en,https://tickets.cinema-city.co.il/order/837421?lang=he,Regular,2D,,,2026-08-04,,,,135,All,Chadera,Cinema City,586
18:10,SPIDERMAN: BRAND NEW DAY,ספיידרמן: יום חדש,https://tickets.cinema-city.co.il/order/837396?lang=en,https://tickets.cinema-city.co.il/order/837396?lang=he,Regular,2D,,,2026-08-04,,,,135,All,Chadera,Cinema City,586
19:00,SPIDERMAN: BRAND NEW DAY,ספיידרמן: יום חדש,https://tickets.cinema-city.co.il/order/837387?lang=en,https://tickets.cinema-city.co.il/order/837387?lang=he,Regular,2D,,,2026-08-04,,,,135,All,Chadera,Cinema City,586
20:00,SPIDERMAN: BRAND NEW DAY,ספיידרמן: יום חדש,https://tickets.cinema-city.co.il/order/837401?lang=en,https://tickets.cinema-city.co.il/order/837401?lang=he,Regular,2D,,,2026-08-04,,,,135,All,Chadera,Cinema City,586
21:00,SPIDERMAN: BRAND NEW DAY,ספיידרמן: יום חדש,https://tickets.cinema-city.co.il/order/837403?lang=en,https://tickets.cinema-city.co.il/order/837403?lang=he,Regular,2D,,,2026-08-04,,,,135,All,Chadera,Cinema City,586
21:30,SPIDERMAN: BRAND NEW DAY,ספיידרמן: יום חדש,https://tickets.cinema-city.co.il/order/837420?lang=en,https://tickets.cinema-city.co.il/order/837420?lang=he,Regular,2D,,,2026-08-04,,,,135,All,Chadera,Cinema City,586
22:15,SPIDERMAN: BRAND NEW DAY,ספיידרמן: יום חדש,https://tickets.cinema-city.co.il/order/837388?lang=en,https://tickets.cinema-city.co.il/order/837388?lang=he,Regular,2D,,,2026-08-04,,,,135,All,Chadera,Cinema City,586
23:20,SPIDERMAN: BRAND NEW DAY,ספיידרמן: יום חדש,https://tickets.cinema-city.co.il/order/837402?lang=en,https://tickets.cinema-city.co.il/order/837402?lang=he,Regular,2D,,,2026-08-04,,,,135,All,Chadera,Cinema City,586
11:30,SPIDERMAN: BRAND NEW DAY,ספיידרמן: יום חדש,https://tickets.cinema-city.co.il/order/837472?lang=en,https://tickets.cinema-city.co.il/order/837472?lang=he,Regular,2D,,,2026-08-05,,,,135,All,Chadera,Cinema City,586
12:30,SPIDERMAN: BRAND NEW DAY,ספיידרמן: יום חדש,https://tickets.cinema-city.co.il/order/837446?lang=en,https://tickets.cinema-city.co.il/order/837446?lang=he,Regular,2D,,,2026-08-05,,,,135,All,Chadera,Cinema City,586
13:20,SPIDERMAN: BRAND NEW DAY,ספיידרמן: יום חדש,https://tickets.cinema-city.co.il/order/837470?lang=en,https://tickets.cinema-city.co.il/order/837470?lang=he,Regular,2D,,,2026-08-05,,,,135,All,Chadera,Cinema City,586
14:50,SPIDERMAN: BRAND NEW DAY,ספיידרמן: יום חדש,https://tickets.cinema-city.co.il/order/837468?lang=en,https://tickets.cinema-city.co.il/order/837468?lang=he,Regular,2D,,,2026-08-05,,,,135,All,Chadera,Cinema City,586
15:45,SPIDERMAN: BRAND NEW DAY,ספיידרמן: יום חדש,https://tickets.cinema-city.co.il/order/837447?lang=en,https://tickets.cinema-city.co.il/order/837447?lang=he,Regular,2D,,,2026-08-05,,,,135,All,Chadera,Cinema City,586
16:40,SPIDERMAN: BRAND NEW DAY,ספיידרמן: יום חדש,https://tickets.cinema-city.co.il/order/837474?lang=en,https://tickets.cinema-city.co.il/order/837474?lang=he,Regular,2D,,,2026-08-05,,,,135,All,Chadera,Cinema City,586
17:30,SPIDERMAN: BRAND NEW DAY,ספיידרמן: יום חדש,https://tickets.cinema-city.co.il/order/837515?lang=en,https://tickets.cinema-city.co.il/order/837515?lang=he,Regular,2D,,,2026-08-05,,,,135,All,Chadera,Cinema City,586
18:10,SPIDERMAN: BRAND NEW DAY,ספיידרמן: יום חדש,https://tickets.cinema-city.co.il/order/837466?lang=en,https://tickets.cinema-city.co.il/order/837466?lang=he,Regular,2D,,,2026-08-05,,,,135,All,Chadera,Cinema City,586
19:00,SPIDERMAN: BRAND NEW DAY,ספיידרמן: יום חדש,https://tickets.cinema-city.co.il/order/837448?lang=en,https://tickets.cinema-city.co.il/order/837448?lang=he,Regular,2D,,,2026-08-05,,,,135,All,Chadera,Cinema City,586
20:00,SPIDERMAN: BRAND NEW DAY,ספיידרמן: יום חדש,https://tickets.cinema-city.co.il/order/837476?lang=en,https://tickets.cinema-city.co.il/order/837476?lang=he,Regular,2D,,,2026-08-05,,,,135,All,Chadera,Cinema City,586
21:30,SPIDERMAN: BRAND NEW DAY,ספיידרמן: יום חדש,https://tickets.cinema-city.co.il/order/837512?lang=en,https://tickets.cinema-city.co.il/order/837512?lang=he,Regular,2D,,,2026-08-05,,,,135,All,Chadera,Cinema City,586
22:10,SPIDERMAN: BRAND NEW DAY,ספיידרמן: יום חדש,https://tickets.cinema-city.co.il/order/837449?lang=en,https://tickets.cinema-city.co.il/order/837449?lang=he,Regular,2D,,,2026-08-05,,,,135,All,Chadera,Cinema City,586
23:00,SPIDERMAN: BRAND NEW DAY,ספיידרמן: יום חדש,https://tickets.cinema-city.co.il/order/837479?lang=en,https://tickets.cinema-city.co.il/order/837479?lang=he,Regular,2D,,,2026-08-05,,,,135,All,Chadera,Cinema City,586
23:20,SPIDERMAN: BRAND NEW DAY,ספיידרמן: יום חדש,https://tickets.cinema-city.co.il/order/837478?lang=en,https://tickets.cinema-city.co.il/order/837478?lang=he,Regular,2D,,,2026-08-05,,,,135,All,Chadera,Cinema City,586
22:50,סרט כחול לבן,סרט כחול לבן,https://tickets.cinema-city.co.il/order/837150?lang=en,https://tickets.cinema-city.co.il/order/837150?lang=he,Regular,2D,,,2026-08-01,,,,86,14+,Chadera,Cinema City,586
22:50,סרט כחול לבן,סרט כחול לבן,https://tickets.cinema-city.co.il/order/837177?lang=en,https://tickets.cinema-city.co.il/order/837177?lang=he,Regular,2D,,,2026-08-02,,,,86,14+,Chadera,Cinema City,586
22:50,סרט כחול לבן,סרט כחול לבן,https://tickets.cinema-city.co.il/order/837273?lang=en,https://tickets.cinema-city.co.il/order/837273?lang=he,Regular,2D,,,2026-08-03,,,,86,14+,Chadera,Cinema City,586
22:20,סרט כחול לבן,סרט כחול לבן,https://tickets.cinema-city.co.il/order/837413?lang=en,https://tickets.cinema-city.co.il/order/837413?lang=he,Regular,2D,,,2026-08-04,,,,86,14+,Chadera,Cinema City,586
22:50,סרט כחול לבן,סרט כחול לבן,https://tickets.cinema-city.co.il/order/837496?lang=en,https://tickets.cinema-city.co.il/order/837496?lang=he,Regular,2D,,,2026-08-05,,,,86,14+,Chadera,Cinema City,586
12:15,קופה ראשית: הסרט,קופה ראשית: הסרט,https://tickets.cinema-city.co.il/order/837128?lang=en,https://tickets.cinema-city.co.il/order/837128?lang=he,Regular,2D,,,2026-08-01,,,,91,All,Chadera,Cinema City,586
14:30,קופה ראשית: הסרט,קופה ראשית: הסרט,https://tickets.cinema-city.co.il/order/837127?lang=en,https://tickets.cinema-city.co.il/order/837127?lang=he,Regular,2D,,,2026-08-01,,,,91,All,Chadera,Cinema City,586
16:45,קופה ראשית: הסרט,קופה ראשית: הסרט,https://tickets.cinema-city.co.il/order/837126?lang=en,https://tickets.cinema-city.co.il/order/837126?lang=he,Regular,2D,,,2026-08-01,,,,91,All,Chadera,Cinema City,586
19:00,קופה ראשית: הסרט,קופה ראשית: הסרט,https://tickets.cinema-city.co.il/order/837125?lang=en,https://tickets.cinema-city.co.il/order/837125?lang=he,Regular,2D,,,2026-08-01,,,,91,All,Chadera,Cinema City,586
21:15,קופה ראשית: הסרט,קופה ראשית: הסרט,https://tickets.cinema-city.co.il/order/837124?lang=en,https://tickets.cinema-city.co.il/order/837124?lang=he,Regular,2D,,,2026-08-01,,,,91,All,Chadera,Cinema City,586
23:45,קופה ראשית: הסרט,קופה ראשית: הסרט,https://tickets.cinema-city.co.il/order/837163?lang=en,https://tickets.cinema-city.co.il/order/837163?lang=he,Regular,2D,,,2026-08-01,,,,91,All,Chadera,Cinema City,586
12:15,קופה ראשית: הסרט,קופה ראשית: הסרט,https://tickets.cinema-city.co.il/order/837199?lang=en,https://tickets.cinema-city.co.il/order/837199?lang=he,Regular,2D,,,2026-08-02,,,,91,All,Chadera,Cinema City,586
14:30,קופה ראשית: הסרט,קופה ראשית: הסרט,https://tickets.cinema-city.co.il/order/837198?lang=en,https://tickets.cinema-city.co.il/order/837198?lang=he,Regular,2D,,,2026-08-02,,,,91,All,Chadera,Cinema City,586
16:45,קופה ראשית: הסרט,קופה ראשית: הסרט,https://tickets.cinema-city.co.il/order/837197?lang=en,https://tickets.cinema-city.co.il/order/837197?lang=he,Regular,2D,,,2026-08-02,,,,91,All,Chadera,Cinema City,586
19:00,קופה ראשית: הסרט,קופה ראשית: הסרט,https://tickets.cinema-city.co.il/order/837196?lang=en,https://tickets.cinema-city.co.il/order/837196?lang=he,Regular,2D,,,2026-08-02,,,,91,All,Chadera,Cinema City,586
21:15,קופה ראשית: הסרט,קופה ראשית: הסרט,https://tickets.cinema-city.co.il/order/837195?lang=en,https://tickets.cinema-city.co.il/order/837195?lang=he,Regular,2D,,,2026-08-02,,,,91,All,Chadera,Cinema City,586
23:30,קופה ראשית: הסרט,קופה ראשית: הסרט,https://tickets.cinema-city.co.il/order/837187?lang=en,https://tickets.cinema-city.co.il/order/837187?lang=he,Regular,2D,,,2026-08-02,,,,91,All,Chadera,Cinema City,586
12:15,קופה ראשית: הסרט,קופה ראשית: הסרט,https://tickets.cinema-city.co.il/order/837302?lang=en,https://tickets.cinema-city.co.il/order/837302?lang=he,Regular,2D,,,2026-08-03,,,,91,All,Chadera,Cinema City,586
14:30,קופה ראשית: הסרט,קופה ראשית: הסרט,https://tickets.cinema-city.co.il/order/837301?lang=en,https://tickets.cinema-city.co.il/order/837301?lang=he,Regular,2D,,,2026-08-03,,,,91,All,Chadera,Cinema City,586
16:45,קופה ראשית: הסרט,קופה ראשית: הסרט,https://tickets.cinema-city.co.il/order/837300?lang=en,https://tickets.cinema-city.co.il/order/837300?lang=he,Regular,2D,,,2026-08-03,,,,91,All,Chadera,Cinema City,586
19:00,קופה ראשית: הסרט,קופה ראשית: הסרט,https://tickets.cinema-city.co.il/order/837299?lang=en,https://tickets.cinema-city.co.il/order/837299?lang=he,Regular,2D,,,2026-08-03,,,,91,All,Chadera,Cinema City,586
21:15,קופה ראשית: הסרט,קופה ראשית: הסרט,https://tickets.cinema-city.co.il/order/837298?lang=en,https://tickets.cinema-city.co.il/order/837298?lang=he,Regular,2D,,,2026-08-03,,,,91,All,Chadera,Cinema City,586
12:15,קופה ראשית: הסרט,קופה ראשית: הסרט,https://tickets.cinema-city.co.il/order/837378?lang=en,https://tickets.cinema-city.co.il/order/837378?lang=he,Regular,2D,,,2026-08-04,,,,91,All,Chadera,Cinema City,586
14:30,קופה ראשית: הסרט,קופה ראשית: הסרט,https://tickets.cinema-city.co.il/order/837376?lang=en,https://tickets.cinema-city.co.il/order/837376?lang=he,Regular,2D,,,2026-08-04,,,,91,All,Chadera,Cinema City,586
16:45,קופה ראשית: הסרט,קופה ראשית: הסרט,https://tickets.cinema-city.co.il/order/837375?lang=en,https://tickets.cinema-city.co.il/order/837375?lang=he,Regular,2D,,,2026-08-04,,,,91,All,Chadera,Cinema City,586
19:00,קופה ראשית: הסרט,קופה ראשית: הסרט,https://tickets.cinema-city.co.il/order/837373?lang=en,https://tickets.cinema-city.co.il/order/837373?lang=he,Regular,2D,,,2026-08-04,,,,91,All,Chadera,Cinema City,586
21:15,קופה ראשית: הסרט,קופה ראשית: הסרט,https://tickets.cinema-city.co.il/order/837392?lang=en,https://tickets.cinema-city.co.il/order/837392?lang=he,Regular,2D,,,2026-08-04,,,,91,All,Chadera,Cinema City,586
23:45,קופה ראשית: הסרט,קופה ראשית: הסרט,https://tickets.cinema-city.co.il/order/837422?lang=en,https://tickets.cinema-city.co.il/order/837422?lang=he,Regular,2D,,,2026-08-04,,,,91,All,Chadera,Cinema City,586
12:15,קופה ראשית: הסרט,קופה ראשית: הסרט,https://tickets.cinema-city.co.il/order/837443?lang=en,https://tickets.cinema-city.co.il/order/837443?lang=he,Regular,2D,,,2026-08-05,,,,91,All,Chadera,Cinema City,586
14:30,קופה ראשית: הסרט,קופה ראשית: הסרט,https://tickets.cinema-city.co.il/order/837442?lang=en,https://tickets.cinema-city.co.il/order/837442?lang=he,Regular,2D,,,2026-08-05,,,,91,All,Chadera,Cinema City,586
16:45,קופה ראשית: הסרט,קופה ראשית: הסרט,https://tickets.cinema-city.co.il/order/837441?lang=en,https://tickets.cinema-city.co.il/order/837441?lang=he,Regular,2D,,,2026-08-05,,,,91,All,Chadera,Cinema City,586
19:00,קופה ראשית: הסרט,קופה ראשית: הסרט,https://tickets.cinema-city.co.il/order/837457?lang=en,https://tickets.cinema-city.co.il/order/837457?lang=he,Regular,2D,,,2026-08-05,,,,91,All,Chadera,Cinema City,586
21:15,קופה ראשית: הסרט,קופה ראשית: הסרט,https://tickets.cinema-city.co.il/order/837532?lang=en,https://tickets.cinema-city.co.il/order/837532?lang=he,Regular,2D,,,2026-08-05,,,,91,All,Chadera,Cinema City,586
18:50,Dream High,תיכון מגשימים,https://tickets.cinema-city.co.il/order/837432?lang=en,https://tickets.cinema-city.co.il/order/837432?lang=he,Regular,2D,,,2026-08-04,,,,100,12+,Chadera,Cinema City,586
13:40,THE ODYSSEY,האודיסאה,https://tickets.cinema-city.co.il/order/837219?lang=en,https://tickets.cinema-city.co.il/order/837219?lang=he,Prime,2D,,,2026-08-02,,,,172,14+,Chadera,Cinema City,586
17:10,THE ODYSSEY,האודיסאה,https://tickets.cinema-city.co.il/order/837194?lang=en,https://tickets.cinema-city.co.il/order/837194?lang=he,Prime,2D,,,2026-08-02,,,,172,14+,Chadera,Cinema City,586
10:30,THE ODYSSEY,האודיסאה,https://tickets.cinema-city.co.il/order/837296?lang=en,https://tickets.cinema-city.co.il/order/837296?lang=he,Prime,2D,,,2026-08-03,,,,172,14+,Chadera,Cinema City,586
14:00,THE ODYSSEY,האודיסאה,https://tickets.cinema-city.co.il/order/837295?lang=en,https://tickets.cinema-city.co.il/order/837295?lang=he,Prime,2D,,,2026-08-03,,,,172,14+,Chadera,Cinema City,586
17:30,THE ODYSSEY,האודיסאה,https://tickets.cinema-city.co.il/order/837297?lang=en,https://tickets.cinema-city.co.il/order/837297?lang=he,Prime,2D,,,2026-08-03,,,,172,14+,Chadera,Cinema City,586
10:30,THE ODYSSEY,האודיסאה,https://tickets.cinema-city.co.il/order/837428?lang=en,https://tickets.cinema-city.co.il/order/837428?lang=he,Prime,2D,,,2026-08-04,,,,172,14+,Chadera,Cinema City,586
14:00,THE ODYSSEY,האודיסאה,https://tickets.cinema-city.co.il/order/837427?lang=en,https://tickets.cinema-city.co.il/order/837427?lang=he,Prime,2D,,,2026-08-04,,,,172,14+,Chadera,Cinema City,586
17:30,THE ODYSSEY,האודיסאה,https://tickets.cinema-city.co.il/order/837429?lang=en,https://tickets.cinema-city.co.il/order/837429?lang=he,Prime,2D,,,2026-08-04,,,,172,14+,Chadera,Cinema City,586
10:30,THE ODYSSEY,האודיסאה,https://tickets.cinema-city.co.il/order/837527?lang=en,https://tickets.cinema-city.co.il/order/837527?lang=he,Prime,2D,,,2026-08-05,,,,172,14+,Chadera,Cinema City,586
14:00,THE ODYSSEY,האודיסאה,https://tickets.cinema-city.co.il/order/837526?lang=en,https://tickets.cinema-city.co.il/order/837526?lang=he,Prime,2D,,,2026-08-05,,,,172,14+,Chadera,Cinema City,586
11:00,The Magic Faraway Tree,המסע המופלא לעץ הקסמים,https://tickets.cinema-city.co.il/order/837203?lang=en,https://tickets.cinema-city.co.il/order/837203?lang=he,Prime,2D,,Hebrew,2026-08-02,,,,110,All,Chadera,Cinema City,586
20:45,חינה אמריקאית,חינה אמריקאית,https://tickets.cinema-city.co.il/order/837130?lang=en,https://tickets.cinema-city.co.il/order/837130?lang=he,Prime,2D,,,2026-08-01,,,,89,All,Chadera,Cinema City,586
20:45,חינה אמריקאית,חינה אמריקאית,https://tickets.cinema-city.co.il/order/837201?lang=en,https://tickets.cinema-city.co.il/order/837201?lang=he,Prime,2D,,,2026-08-02,,,,89,All,Chadera,Cinema City,586
23:00,חינה אמריקאית,חינה אמריקאית,https://tickets.cinema-city.co.il/order/837222?lang=en,https://tickets.cinema-city.co.il/order/837222?lang=he,Prime,2D,,,2026-08-02,,,,89,All,Chadera,Cinema City,586
11:00,SPIDERMAN: BRAND NEW DAY,ספיידרמן: יום חדש,https://tickets.cinema-city.co.il/order/837158?lang=en,https://tickets.cinema-city.co.il/order/837158?lang=he,Prime,2D,,,2026-08-01,,,,135,All,Chadera,Cinema City,586
14:10,SPIDERMAN: BRAND NEW DAY,ספיידרמן: יום חדש,https://tickets.cinema-city.co.il/order/837159?lang=en,https://tickets.cinema-city.co.il/order/837159?lang=he,Prime,2D,,,2026-08-01,,,,135,All,Chadera,Cinema City,586
17:30,SPIDERMAN: BRAND NEW DAY,ספיידרמן: יום חדש,https://tickets.cinema-city.co.il/order/837162?lang=en,https://tickets.cinema-city.co.il/order/837162?lang=he,Prime,2D,,,2026-08-01,,,,135,All,Chadera,Cinema City,586
21:00,SPIDERMAN: BRAND NEW DAY,ספיידרמן: יום חדש,https://tickets.cinema-city.co.il/order/837324?lang=en,https://tickets.cinema-city.co.il/order/837324?lang=he,Prime,2D,,,2026-08-03,,,,135,All,Chadera,Cinema City,586
21:00,SPIDERMAN: BRAND NEW DAY,ספיידרמן: יום חדש,https://tickets.cinema-city.co.il/order/837403?lang=en,https://tickets.cinema-city.co.il/order/837403?lang=he,Prime,2D,,,2026-08-04,,,,135,All,Chadera,Cinema City,586
23:00,SPIDERMAN: BRAND NEW DAY,ספיידרמן: יום חדש,https://tickets.cinema-city.co.il/order/837479?lang=en,https://tickets.cinema-city.co.il/order/837479?lang=he,Prime,2D,,,2026-08-05,,,,135,All,Chadera,Cinema City,586
12:20,Just an Illusion,אשליות מתוקות,https://tickets.cinema-city.co.il/order/838263?lang=en,https://tickets.cinema-city.co.il/order/838263?lang=he,Regular,2D,,,2026-08-04,,,,119,All,Ashdod,Cinema City,586
20:10,I Want Your Sex,בוסית בהפרעה,https://tickets.cinema-city.co.il/order/837765?lang=en,https://tickets.cinema-city.co.il/order/837765?lang=he,Regular,2D,,,2026-08-01,,,,90,16+,Ashdod,Cinema City,586
22:30,I Want Your Sex,בוסית בהפרעה,https://tickets.cinema-city.co.il/order/837766?lang=en,https://tickets.cinema-city.co.il/order/837766?lang=he,Regular,2D,,,2026-08-01,,,,90,16+,Ashdod,Cinema City,586
23:45,I Want Your Sex,בוסית בהפרעה,https://tickets.cinema-city.co.il/order/837780?lang=en,https://tickets.cinema-city.co.il/order/837780?lang=he,Regular,2D,,,2026-08-01,,,,90,16+,Ashdod,Cinema City,586
20:10,I Want Your Sex,בוסית בהפרעה,https://tickets.cinema-city.co.il/order/837849?lang=en,https://tickets.cinema-city.co.il/order/837849?lang=he,Regular,2D,,,2026-08-02,,,,90,16+,Ashdod,Cinema City,586
22:30,I Want Your Sex,בוסית בהפרעה,https://tickets.cinema-city.co.il/order/837848?lang=en,https://tickets.cinema-city.co.il/order/837848?lang=he,Regular,2D,,,2026-08-02,,,,90,16+,Ashdod,Cinema City,586
20:10,I Want Your Sex,בוסית בהפרעה,https://tickets.cinema-city.co.il/order/838008?lang=en,https://tickets.cinema-city.co.il/order/838008?lang=he,Regular,2D,,,2026-08-03,,,,90,16+,Ashdod,Cinema City,586
22:30,I Want Your Sex,בוסית בהפרעה,https://tickets.cinema-city.co.il/order/838007?lang=en,https://tickets.cinema-city.co.il/order/838007?lang=he,Regular,2D,,,2026-08-03,,,,90,16+,Ashdod,Cinema City,586
20:10,I Want Your Sex,בוסית בהפרעה,https://tickets.cinema-city.co.il/order/838231?lang=en,https://tickets.cinema-city.co.il/order/838231?lang=he,Regular,2D,,,2026-08-04,,,,90,16+,Ashdod,Cinema City,586
22:30,I Want Your Sex,בוסית בהפרעה,https://tickets.cinema-city.co.il/order/838233?lang=en,https://tickets.cinema-city.co.il/order/838233?lang=he,Regular,2D,,,2026-08-04,,,,90,16+,Ashdod,Cinema City,586
20:10,I Want Your Sex,בוסית בהפרעה,https://tickets.cinema-city.co.il/order/838457?lang=en,https://tickets.cinema-city.co.il/order/838457?lang=he,Regular,2D,,,2026-08-05,,,,90,16+,Ashdod,Cinema City,586
22:30,I Want Your Sex,בוסית בהפרעה,https://tickets.cinema-city.co.il/order/838456?lang=en,https://tickets.cinema-city.co.il/order/838456?lang=he,Regular,2D,,,2026-08-05,,,,90,16+,Ashdod,Cinema City,586
23:45,I Want Your Sex,בוסית בהפרעה,https://tickets.cinema-city.co.il/order/838466?lang=en,https://tickets.cinema-city.co.il/order/838466?lang=he,Regular,2D,,,2026-08-05,,,,90,16+,Ashdod,Cinema City,586
23:20,Jackass: Best and Last,ג'קאס: גומרים בשיא,https://tickets.cinema-city.co.il/order/838123?lang=en,https://tickets.cinema-city.co.il/order/838123?lang=he,Regular,2D,,,2026-08-03,,,,92,16+,Ashdod,Cinema City,586
23:15,Jackass: Best and Last,ג'קאס: גומרים בשיא,https://tickets.cinema-city.co.il/order/838195?lang=en,https://tickets.cinema-city.co.il/order/838195?lang=he,Regular,2D,,,2026-08-04,,,,92,16+,Ashdod,Cinema City,586
10:20,GRACIE & PEDRO: PETS TO THE RESCUE,גרייסי ופדרו: חיות המחמד בפעולה,https://tickets.cinema-city.co.il/order/837789?lang=en,https://tickets.cinema-city.co.il/order/837789?lang=he,Regular,2D,,Hebrew,2026-08-01,,,,87,All,Ashdod,Cinema City,586
14:10,GRACIE & PEDRO: PETS TO THE RESCUE,גרייסי ופדרו: חיות המחמד בפעולה,https://tickets.cinema-city.co.il/order/837759?lang=en,https://tickets.cinema-city.co.il/order/837759?lang=he,Regular,2D,,Hebrew,2026-08-01,,,,87,All,Ashdod,Cinema City,586
16:30,GRACIE & PEDRO: PETS TO THE RESCUE,גרייסי ופדרו: חיות המחמד בפעולה,https://tickets.cinema-city.co.il/order/837758?lang=en,https://tickets.cinema-city.co.il/order/837758?lang=he,Regular,2D,,Hebrew,2026-08-01,,,,87,All,Ashdod,Cinema City,586
11:50,GRACIE & PEDRO: PETS TO THE RESCUE,גרייסי ופדרו: חיות המחמד בפעולה,https://tickets.cinema-city.co.il/order/837910?lang=en,https://tickets.cinema-city.co.il/order/837910?lang=he,Regular,2D,,Hebrew,2026-08-02,,,,87,All,Ashdod,Cinema City,586
14:10,GRACIE & PEDRO: PETS TO THE RESCUE,גרייסי ופדרו: חיות המחמד בפעולה,https://tickets.cinema-city.co.il/order/837854?lang=en,https://tickets.cinema-city.co.il/order/837854?lang=he,Regular,2D,,Hebrew,2026-08-02,,,,87,All,Ashdod,Cinema City,586
16:30,GRACIE & PEDRO: PETS TO THE RESCUE,גרייסי ופדרו: חיות המחמד בפעולה,https://tickets.cinema-city.co.il/order/837855?lang=en,https://tickets.cinema-city.co.il/order/837855?lang=he,Regular,2D,,Hebrew,2026-08-02,,,,87,All,Ashdod,Cinema City,586
11:50,GRACIE & PEDRO: PETS TO THE RESCUE,גרייסי ופדרו: חיות המחמד בפעולה,https://tickets.cinema-city.co.il/order/838117?lang=en,https://tickets.cinema-city.co.il/order/838117?lang=he,Regular,2D,,Hebrew,2026-08-03,,,,87,All,Ashdod,Cinema City,586
14:10,GRACIE & PEDRO: PETS TO THE RESCUE,גרייסי ופדרו: חיות המחמד בפעולה,https://tickets.cinema-city.co.il/order/838014?lang=en,https://tickets.cinema-city.co.il/order/838014?lang=he,Regular,2D,,Hebrew,2026-08-03,,,,87,All,Ashdod,Cinema City,586
16:30,GRACIE & PEDRO: PETS TO THE RESCUE,גרייסי ופדרו: חיות המחמד בפעולה,https://tickets.cinema-city.co.il/order/838015?lang=en,https://tickets.cinema-city.co.il/order/838015?lang=he,Regular,2D,,Hebrew,2026-08-03,,,,87,All,Ashdod,Cinema City,586
10:00,GRACIE & PEDRO: PETS TO THE RESCUE,גרייסי ופדרו: חיות המחמד בפעולה,https://tickets.cinema-city.co.il/order/838266?lang=en,https://tickets.cinema-city.co.il/order/838266?lang=he,Regular,2D,,Hebrew,2026-08-04,,,,87,All,Ashdod,Cinema City,586
12:00,GRACIE & PEDRO: PETS TO THE RESCUE,גרייסי ופדרו: חיות המחמד בפעולה,https://tickets.cinema-city.co.il/order/838196?lang=en,https://tickets.cinema-city.co.il/order/838196?lang=he,Regular,2D,,Hebrew,2026-08-04,,,,87,All,Ashdod,Cinema City,586
14:15,GRACIE & PEDRO: PETS TO THE RESCUE,גרייסי ופדרו: חיות המחמד בפעולה,https://tickets.cinema-city.co.il/order/838223?lang=en,https://tickets.cinema-city.co.il/order/838223?lang=he,Regular,2D,,Hebrew,2026-08-04,,,,87,All,Ashdod,Cinema City,586
16:30,GRACIE & PEDRO: PETS TO THE RESCUE,גרייסי ופדרו: חיות המחמד בפעולה,https://tickets.cinema-city.co.il/order/838260?lang=en,https://tickets.cinema-city.co.il/order/838260?lang=he,Regular,2D,,Hebrew,2026-08-04,,,,87,All,Ashdod,Cinema City,586
13:50,GRACIE & PEDRO: PETS TO THE RESCUE,גרייסי ופדרו: חיות המחמד בפעולה,https://tickets.cinema-city.co.il/order/838463?lang=en,https://tickets.cinema-city.co.il/order/838463?lang=he,Regular,2D,,Hebrew,2026-08-05,,,,87,All,Ashdod,Cinema City,586
16:05,GRACIE & PEDRO: PETS TO THE RESCUE,גרייסי ופדרו: חיות המחמד בפעולה,https://tickets.cinema-city.co.il/order/838464?lang=en,https://tickets.cinema-city.co.il/order/838464?lang=he,Regular,2D,,Hebrew,2026-08-05,,,,87,All,Ashdod,Cinema City,586
11:10,THE ODYSSEY,האודיסאה,https://tickets.cinema-city.co.il/order/837776?lang=en,https://tickets.cinema-city.co.il/order/837776?lang=he,Regular,2D,,,2026-08-01,,,,172,14+,Ashdod,Cinema City,586
12:20,THE ODYSSEY,האודיסאה,https://tickets.cinema-city.co.il/order/837723?lang=en,https://tickets.cinema-city.co.il/order/837723?lang=he,Regular,2D,,,2026-08-01,,,,172,14+,Ashdod,Cinema City,586
14:45,THE ODYSSEY,האודיסאה,https://tickets.cinema-city.co.il/order/837770?lang=en,https://tickets.cinema-city.co.il/order/837770?lang=he,Regular,2D,,,2026-08-01,,,,172,14+,Ashdod,Cinema City,586
16:00,THE ODYSSEY,האודיסאה,https://tickets.cinema-city.co.il/order/837724?lang=en,https://tickets.cinema-city.co.il/order/837724?lang=he,Regular,2D,,,2026-08-01,,,,172,14+,Ashdod,Cinema City,586
17:45,THE ODYSSEY,האודיסאה,https://tickets.cinema-city.co.il/order/837730?lang=en,https://tickets.cinema-city.co.il/order/837730?lang=he,Regular,2D,,,2026-08-01,,,,172,14+,Ashdod,Cinema City,586
18:20,THE ODYSSEY,האודיסאה,https://tickets.cinema-city.co.il/order/837755?lang=en,https://tickets.cinema-city.co.il/order/837755?lang=he,Regular,2D,,,2026-08-01,,,,172,14+,Ashdod,Cinema City,586
19:40,THE ODYSSEY,האודיסאה,https://tickets.cinema-city.co.il/order/837725?lang=en,https://tickets.cinema-city.co.il/order/837725?lang=he,Regular,2D,,,2026-08-01,,,,172,14+,Ashdod,Cinema City,586
21:20,THE ODYSSEY,האודיסאה,https://tickets.cinema-city.co.il/order/837731?lang=en,https://tickets.cinema-city.co.il/order/837731?lang=he,Regular,2D,,,2026-08-01,,,,172,14+,Ashdod,Cinema City,586
22:00,THE ODYSSEY,האודיסאה,https://tickets.cinema-city.co.il/order/837756?lang=en,https://tickets.cinema-city.co.il/order/837756?lang=he,Regular,2D,,,2026-08-01,,,,172,14+,Ashdod,Cinema City,586
11:10,THE ODYSSEY,האודיסאה,https://tickets.cinema-city.co.il/order/837867?lang=en,https://tickets.cinema-city.co.il/order/837867?lang=he,Regular,2D,,,2026-08-02,,,,172,14+,Ashdod,Cinema City,586
14:45,THE ODYSSEY,האודיסאה,https://tickets.cinema-city.co.il/order/837844?lang=en,https://tickets.cinema-city.co.il/order/837844?lang=he,Regular,2D,,,2026-08-02,,,,172,14+,Ashdod,Cinema City,586
18:20,THE ODYSSEY,האודיסאה,https://tickets.cinema-city.co.il/order/837899?lang=en,https://tickets.cinema-city.co.il/order/837899?lang=he,Regular,2D,,,2026-08-02,,,,172,14+,Ashdod,Cinema City,586
19:30,THE ODYSSEY,האודיסאה,https://tickets.cinema-city.co.il/order/837885?lang=en,https://tickets.cinema-city.co.il/order/837885?lang=he,Regular,2D,,,2026-08-02,,,,172,14+,Ashdod,Cinema City,586
21:00,THE ODYSSEY,האודיסאה,https://tickets.cinema-city.co.il/order/837871?lang=en,https://tickets.cinema-city.co.il/order/837871?lang=he,Regular,2D,,,2026-08-02,,,,172,14+,Ashdod,Cinema City,586
22:00,THE ODYSSEY,האודיסאה,https://tickets.cinema-city.co.il/order/837863?lang=en,https://tickets.cinema-city.co.il/order/837863?lang=he,Regular,2D,,,2026-08-02,,,,172,14+,Ashdod,Cinema City,586
12:20,THE ODYSSEY,האודיסאה,https://tickets.cinema-city.co.il/order/838062?lang=en,https://tickets.cinema-city.co.il/order/838062?lang=he,Regular,2D,,,2026-08-03,,,,172,14+,Ashdod,Cinema City,586
16:00,THE ODYSSEY,האודיסאה,https://tickets.cinema-city.co.il/order/838059?lang=en,https://tickets.cinema-city.co.il/order/838059?lang=he,Regular,2D,,,2026-08-03,,,,172,14+,Ashdod,Cinema City,586
18:20,THE ODYSSEY,האודיסאה,https://tickets.cinema-city.co.il/order/838097?lang=en,https://tickets.cinema-city.co.il/order/838097?lang=he,Regular,2D,,,2026-08-03,,,,172,14+,Ashdod,Cinema City,586
19:40,THE ODYSSEY,האודיסאה,https://tickets.cinema-city.co.il/order/838057?lang=en,https://tickets.cinema-city.co.il/order/838057?lang=he,Regular,2D,,,2026-08-03,,,,172,14+,Ashdod,Cinema City,586
21:00,THE ODYSSEY,האודיסאה,https://tickets.cinema-city.co.il/order/838031?lang=en,https://tickets.cinema-city.co.il/order/838031?lang=he,Regular,2D,,,2026-08-03,,,,172,14+,Ashdod,Cinema City,586
22:00,THE ODYSSEY,האודיסאה,https://tickets.cinema-city.co.il/order/838024?lang=en,https://tickets.cinema-city.co.il/order/838024?lang=he,Regular,2D,,,2026-08-03,,,,172,14+,Ashdod,Cinema City,586
11:30,THE ODYSSEY,האודיסאה,https://tickets.cinema-city.co.il/order/838181?lang=en,https://tickets.cinema-city.co.il/order/838181?lang=he,Regular,2D,,,2026-08-04,,,,172,14+,Ashdod,Cinema City,586
16:40,THE ODYSSEY,האודיסאה,https://tickets.cinema-city.co.il/order/838183?lang=en,https://tickets.cinema-city.co.il/order/838183?lang=he,Regular,2D,,,2026-08-04,,,,172,14+,Ashdod,Cinema City,586
18:20,THE ODYSSEY,האודיסאה,https://tickets.cinema-city.co.il/order/838207?lang=en,https://tickets.cinema-city.co.il/order/838207?lang=he,Regular,2D,,,2026-08-04,,,,172,14+,Ashdod,Cinema City,586
19:40,THE ODYSSEY,האודיסאה,https://tickets.cinema-city.co.il/order/838185?lang=en,https://tickets.cinema-city.co.il/order/838185?lang=he,Regular,2D,,,2026-08-04,,,,172,14+,Ashdod,Cinema City,586
21:00,THE ODYSSEY,האודיסאה,https://tickets.cinema-city.co.il/order/838250?lang=en,https://tickets.cinema-city.co.il/order/838250?lang=he,Regular,2D,,,2026-08-04,,,,172,14+,Ashdod,Cinema City,586
22:00,THE ODYSSEY,האודיסאה,https://tickets.cinema-city.co.il/order/838256?lang=en,https://tickets.cinema-city.co.il/order/838256?lang=he,Regular,2D,,,2026-08-04,,,,172,14+,Ashdod,Cinema City,586
12:20,THE ODYSSEY,האודיסאה,https://tickets.cinema-city.co.il/order/838496?lang=en,https://tickets.cinema-city.co.il/order/838496?lang=he,Regular,2D,,,2026-08-05,,,,172,14+,Ashdod,Cinema City,586
16:00,THE ODYSSEY,האודיסאה,https://tickets.cinema-city.co.il/order/838495?lang=en,https://tickets.cinema-city.co.il/order/838495?lang=he,Regular,2D,,,2026-08-05,,,,172,14+,Ashdod,Cinema City,586
18:20,THE ODYSSEY,האודיסאה,https://tickets.cinema-city.co.il/order/838511?lang=en,https://tickets.cinema-city.co.il/order/838511?lang=he,Regular,2D,,,2026-08-05,,,,172,14+,Ashdod,Cinema City,586
19:40,THE ODYSSEY,האודיסאה,https://tickets.cinema-city.co.il/order/838494?lang=en,https://tickets.cinema-city.co.il/order/838494?lang=he,Regular,2D,,,2026-08-05,,,,172,14+,Ashdod,Cinema City,586
21:00,THE ODYSSEY,האודיסאה,https://tickets.cinema-city.co.il/order/838480?lang=en,https://tickets.cinema-city.co.il/order/838480?lang=he,Regular,2D,,,2026-08-05,,,,172,14+,Ashdod,Cinema City,586
22:00,THE ODYSSEY,האודיסאה,https://tickets.cinema-city.co.il/order/838474?lang=en,https://tickets.cinema-city.co.il/order/838474?lang=he,Regular,2D,,,2026-08-05,,,,172,14+,Ashdod,Cinema City,586
19:40,The Invite.,ההזמנה.,https://tickets.cinema-city.co.il/order/837907?lang=en,https://tickets.cinema-city.co.il/order/837907?lang=he,Regular,2D,,,2026-08-02,,,,107,14+,Ashdod,Cinema City,586
11:20,The Invite.,ההזמנה.,https://tickets.cinema-city.co.il/order/838262?lang=en,https://tickets.cinema-city.co.il/order/838262?lang=he,Regular,2D,,,2026-08-04,,,,107,14+,Ashdod,Cinema City,586
14:00,The Invite.,ההזמנה.,https://tickets.cinema-city.co.il/order/838264?lang=en,https://tickets.cinema-city.co.il/order/838264?lang=he,Regular,2D,,,2026-08-04,,,,107,14+,Ashdod,Cinema City,586
18:45,The Invite.,ההזמנה.,https://tickets.cinema-city.co.il/order/838261?lang=en,https://tickets.cinema-city.co.il/order/838261?lang=he,Regular,2D,,,2026-08-04,,,,107,14+,Ashdod,Cinema City,586
17:45,The Magic Faraway Tree,המסע המופלא לעץ הקסמים,https://tickets.cinema-city.co.il/order/837906?lang=en,https://tickets.cinema-city.co.il/order/837906?lang=he,Regular,2D,,,2026-08-02,,,,110,All,Ashdod,Cinema City,586
18:10,The Magic Faraway Tree,המסע המופלא לעץ הקסמים,https://tickets.cinema-city.co.il/order/838115?lang=en,https://tickets.cinema-city.co.il/order/838115?lang=he,Regular,2D,,,2026-08-03,,,,110,All,Ashdod,Cinema City,586
17:45,The Magic Faraway Tree,המסע המופלא לעץ הקסמים,https://tickets.cinema-city.co.il/order/838518?lang=en,https://tickets.cinema-city.co.il/order/838518?lang=he,Regular,2D,,,2026-08-05,,,,110,All,Ashdod,Cinema City,586
10:40,The Magic Faraway Tree,המסע המופלא לעץ הקסמים,https://tickets.cinema-city.co.il/order/837750?lang=en,https://tickets.cinema-city.co.il/order/837750?lang=he,Regular,2D,,Hebrew,2026-08-01,,,,110,All,Ashdod,Cinema City,586
13:15,The Magic Faraway Tree,המסע המופלא לעץ הקסמים,https://tickets.cinema-city.co.il/order/837751?lang=en,https://tickets.cinema-city.co.il/order/837751?lang=he,Regular,2D,,Hebrew,2026-08-01,,,,110,All,Ashdod,Cinema City,586
14:50,The Magic Faraway Tree,המסע המופלא לעץ הקסמים,https://tickets.cinema-city.co.il/order/837752?lang=en,https://tickets.cinema-city.co.il/order/837752?lang=he,Regular,2D,,Hebrew,2026-08-01,,,,110,All,Ashdod,Cinema City,586
17:30,The Magic Faraway Tree,המסע המופלא לעץ הקסמים,https://tickets.cinema-city.co.il/order/837753?lang=en,https://tickets.cinema-city.co.il/order/837753?lang=he,Regular,2D,,Hebrew,2026-08-01,,,,110,All,Ashdod,Cinema City,586
10:00,The Magic Faraway Tree,המסע המופלא לעץ הקסמים,https://tickets.cinema-city.co.il/order/837895?lang=en,https://tickets.cinema-city.co.il/order/837895?lang=he,Regular,2D,,Hebrew,2026-08-02,,,,110,All,Ashdod,Cinema City,586
12:40,The Magic Faraway Tree,המסע המופלא לעץ הקסמים,https://tickets.cinema-city.co.il/order/837896?lang=en,https://tickets.cinema-city.co.il/order/837896?lang=he,Regular,2D,,Hebrew,2026-08-02,,,,110,All,Ashdod,Cinema City,586
14:50,The Magic Faraway Tree,המסע המופלא לעץ הקסמים,https://tickets.cinema-city.co.il/order/837897?lang=en,https://tickets.cinema-city.co.il/order/837897?lang=he,Regular,2D,,Hebrew,2026-08-02,,,,110,All,Ashdod,Cinema City,586
17:30,The Magic Faraway Tree,המסע המופלא לעץ הקסמים,https://tickets.cinema-city.co.il/order/837898?lang=en,https://tickets.cinema-city.co.il/order/837898?lang=he,Regular,2D,,Hebrew,2026-08-02,,,,110,All,Ashdod,Cinema City,586
10:40,The Magic Faraway Tree,המסע המופלא לעץ הקסמים,https://tickets.cinema-city.co.il/order/838082?lang=en,https://tickets.cinema-city.co.il/order/838082?lang=he,Regular,2D,,Hebrew,2026-08-03,,,,110,All,Ashdod,Cinema City,586
13:15,The Magic Faraway Tree,המסע המופלא לעץ הקסמים,https://tickets.cinema-city.co.il/order/838084?lang=en,https://tickets.cinema-city.co.il/order/838084?lang=he,Regular,2D,,Hebrew,2026-08-03,,,,110,All,Ashdod,Cinema City,586
14:50,The Magic Faraway Tree,המסע המופלא לעץ הקסמים,https://tickets.cinema-city.co.il/order/838086?lang=en,https://tickets.cinema-city.co.il/order/838086?lang=he,Regular,2D,,Hebrew,2026-08-03,,,,110,All,Ashdod,Cinema City,586
17:30,The Magic Faraway Tree,המסע המופלא לעץ הקסמים,https://tickets.cinema-city.co.il/order/838088?lang=en,https://tickets.cinema-city.co.il/order/838088?lang=he,Regular,2D,,Hebrew,2026-08-03,,,,110,All,Ashdod,Cinema City,586
11:10,The Magic Faraway Tree,המסע המופלא לעץ הקסמים,https://tickets.cinema-city.co.il/order/838173?lang=en,https://tickets.cinema-city.co.il/order/838173?lang=he,Regular,2D,,Hebrew,2026-08-04,,,,110,All,Ashdod,Cinema City,586
13:50,The Magic Faraway Tree,המסע המופלא לעץ הקסמים,https://tickets.cinema-city.co.il/order/838180?lang=en,https://tickets.cinema-city.co.il/order/838180?lang=he,Regular,2D,,Hebrew,2026-08-04,,,,110,All,Ashdod,Cinema City,586
17:30,The Magic Faraway Tree,המסע המופלא לעץ הקסמים,https://tickets.cinema-city.co.il/order/838211?lang=en,https://tickets.cinema-city.co.il/order/838211?lang=he,Regular,2D,,Hebrew,2026-08-04,,,,110,All,Ashdod,Cinema City,586
11:15,The Magic Faraway Tree,המסע המופלא לעץ הקסמים,https://tickets.cinema-city.co.il/order/838506?lang=en,https://tickets.cinema-city.co.il/order/838506?lang=he,Regular,2D,,Hebrew,2026-08-05,,,,110,All,Ashdod,Cinema City,586
12:50,The Magic Faraway Tree,המסע המופלא לעץ הקסמים,https://tickets.cinema-city.co.il/order/838507?lang=en,https://tickets.cinema-city.co.il/order/838507?lang=he,Regular,2D,,Hebrew,2026-08-05,,,,110,All,Ashdod,Cinema City,586
14:50,The Magic Faraway Tree,המסע המופלא לעץ הקסמים,https://tickets.cinema-city.co.il/order/838508?lang=en,https://tickets.cinema-city.co.il/order/838508?lang=he,Regular,2D,,Hebrew,2026-08-05,,,,110,All,Ashdod,Cinema City,586
17:30,The Magic Faraway Tree,המסע המופלא לעץ הקסמים,https://tickets.cinema-city.co.il/order/838509?lang=en,https://tickets.cinema-city.co.il/order/838509?lang=he,Regular,2D,,Hebrew,2026-08-05,,,,110,All,Ashdod,Cinema City,586
21:15,חינה אמריקאית,חינה אמריקאית,https://tickets.cinema-city.co.il/order/837729?lang=en,https://tickets.cinema-city.co.il/order/837729?lang=he,Regular,2D,,,2026-08-01,,,,89,All,Ashdod,Cinema City,586
23:30,חינה אמריקאית,חינה אמריקאית,https://tickets.cinema-city.co.il/order/837726?lang=en,https://tickets.cinema-city.co.il/order/837726?lang=he,Regular,2D,,,2026-08-01,,,,89,All,Ashdod,Cinema City,586
21:15,חינה אמריקאית,חינה אמריקאית,https://tickets.cinema-city.co.il/order/837881?lang=en,https://tickets.cinema-city.co.il/order/837881?lang=he,Regular,2D,,,2026-08-02,,,,89,All,Ashdod,Cinema City,586
23:30,חינה אמריקאית,חינה אמריקאית,https://tickets.cinema-city.co.il/order/837884?lang=en,https://tickets.cinema-city.co.il/order/837884?lang=he,Regular,2D,,,2026-08-02,,,,89,All,Ashdod,Cinema City,586
16:00,חינה אמריקאית,חינה אמריקאית,https://tickets.cinema-city.co.il/order/838120?lang=en,https://tickets.cinema-city.co.il/order/838120?lang=he,Regular,2D,,,2026-08-03,,,,89,All,Ashdod,Cinema City,586
21:15,חינה אמריקאית,חינה אמריקאית,https://tickets.cinema-city.co.il/order/838048?lang=en,https://tickets.cinema-city.co.il/order/838048?lang=he,Regular,2D,,,2026-08-03,,,,89,All,Ashdod,Cinema City,586
23:30,חינה אמריקאית,חינה אמריקאית,https://tickets.cinema-city.co.il/order/838054?lang=en,https://tickets.cinema-city.co.il/order/838054?lang=he,Regular,2D,,,2026-08-03,,,,89,All,Ashdod,Cinema City,586
19:00,חינה אמריקאית,חינה אמריקאית,https://tickets.cinema-city.co.il/order/838265?lang=en,https://tickets.cinema-city.co.il/order/838265?lang=he,Regular,2D,,,2026-08-04,,,,89,All,Ashdod,Cinema City,586
21:15,חינה אמריקאית,חינה אמריקאית,https://tickets.cinema-city.co.il/order/838192?lang=en,https://tickets.cinema-city.co.il/order/838192?lang=he,Regular,2D,,,2026-08-04,,,,89,All,Ashdod,Cinema City,586
23:30,חינה אמריקאית,חינה אמריקאית,https://tickets.cinema-city.co.il/order/838186?lang=en,https://tickets.cinema-city.co.il/order/838186?lang=he,Regular,2D,,,2026-08-04,,,,89,All,Ashdod,Cinema City,586
21:15,חינה אמריקאית,חינה אמריקאית,https://tickets.cinema-city.co.il/order/838490?lang=en,https://tickets.cinema-city.co.il/order/838490?lang=he,Regular,2D,,,2026-08-05,,,,89,All,Ashdod,Cinema City,586
23:30,חינה אמריקאית,חינה אמריקאית,https://tickets.cinema-city.co.il/order/838493?lang=en,https://tickets.cinema-city.co.il/order/838493?lang=he,Regular,2D,,,2026-08-05,,,,89,All,Ashdod,Cinema City,586
12:40,Tafiti: Across the Desert,טפיטי: הרפתקה במדבר,https://tickets.cinema-city.co.il/order/837757?lang=en,https://tickets.cinema-city.co.il/order/837757?lang=he,Regular,2D,,Hebrew,2026-08-01,,,,81,9+,Ashdod,Cinema City,586
10:30,Tafiti: Across the Desert,טפיטי: הרפתקה במדבר,https://tickets.cinema-city.co.il/order/837856?lang=en,https://tickets.cinema-city.co.il/order/837856?lang=he,Regular,2D,,Hebrew,2026-08-02,,,,81,9+,Ashdod,Cinema City,586
12:40,Tafiti: Across the Desert,טפיטי: הרפתקה במדבר,https://tickets.cinema-city.co.il/order/837857?lang=en,https://tickets.cinema-city.co.il/order/837857?lang=he,Regular,2D,,Hebrew,2026-08-02,,,,81,9+,Ashdod,Cinema City,586
10:30,Tafiti: Across the Desert,טפיטי: הרפתקה במדבר,https://tickets.cinema-city.co.il/order/838016?lang=en,https://tickets.cinema-city.co.il/order/838016?lang=he,Regular,2D,,Hebrew,2026-08-03,,,,81,9+,Ashdod,Cinema City,586
12:40,Tafiti: Across the Desert,טפיטי: הרפתקה במדבר,https://tickets.cinema-city.co.il/order/838017?lang=en,https://tickets.cinema-city.co.il/order/838017?lang=he,Regular,2D,,Hebrew,2026-08-03,,,,81,9+,Ashdod,Cinema City,586
10:50,Tafiti: Across the Desert,טפיטי: הרפתקה במדבר,https://tickets.cinema-city.co.il/order/838221?lang=en,https://tickets.cinema-city.co.il/order/838221?lang=he,Regular,2D,,Hebrew,2026-08-04,,,,81,9+,Ashdod,Cinema City,586
13:00,Tafiti: Across the Desert,טפיטי: הרפתקה במדבר,https://tickets.cinema-city.co.il/order/838219?lang=en,https://tickets.cinema-city.co.il/order/838219?lang=he,Regular,2D,,Hebrew,2026-08-04,,,,81,9+,Ashdod,Cinema City,586
16:10,Tafiti: Across the Desert,טפיטי: הרפתקה במדבר,https://tickets.cinema-city.co.il/order/838465?lang=en,https://tickets.cinema-city.co.il/order/838465?lang=he,Regular,2D,,Hebrew,2026-08-05,,,,81,9+,Ashdod,Cinema City,586
23:10,Cuz You're Ugly,כי את מכוערת,https://tickets.cinema-city.co.il/order/837785?lang=en,https://tickets.cinema-city.co.il/order/837785?lang=he,Regular,2D,,,2026-08-01,,,,83,12+,Ashdod,Cinema City,586
23:10,Cuz You're Ugly,כי את מכוערת,https://tickets.cinema-city.co.il/order/838020?lang=en,https://tickets.cinema-city.co.il/order/838020?lang=he,Regular,2D,,,2026-08-03,,,,83,12+,Ashdod,Cinema City,586
22:50,Cuz You're Ugly,כי את מכוערת,https://tickets.cinema-city.co.il/order/838215?lang=en,https://tickets.cinema-city.co.il/order/838215?lang=he,Regular,2D,,,2026-08-04,,,,83,12+,Ashdod,Cinema City,586
23:10,Cuz You're Ugly,כי את מכוערת,https://tickets.cinema-city.co.il/order/838470?lang=en,https://tickets.cinema-city.co.il/order/838470?lang=he,Regular,2D,,,2026-08-05,,,,83,12+,Ashdod,Cinema City,586
10:20,MASHA & THE BEAR – WONDER PARK,מאשה והדוב-ההרפתקה הגדולה,https://tickets.cinema-city.co.il/order/837778?lang=en,https://tickets.cinema-city.co.il/order/837778?lang=he,Regular,2D,,Hebrew,2026-08-01,,,,73,All,Ashdod,Cinema City,586
10:30,MASHA & THE BEAR – WONDER PARK,מאשה והדוב-ההרפתקה הגדולה,https://tickets.cinema-city.co.il/order/837865?lang=en,https://tickets.cinema-city.co.il/order/837865?lang=he,Regular,2D,,Hebrew,2026-08-02,,,,73,All,Ashdod,Cinema City,586
14:50,MASHA & THE BEAR – WONDER PARK,מאשה והדוב-ההרפתקה הגדולה,https://tickets.cinema-city.co.il/order/837905?lang=en,https://tickets.cinema-city.co.il/order/837905?lang=he,Regular,2D,,Hebrew,2026-08-02,,,,73,All,Ashdod,Cinema City,586
10:20,MASHA & THE BEAR – WONDER PARK,מאשה והדוב-ההרפתקה הגדולה,https://tickets.cinema-city.co.il/order/838026?lang=en,https://tickets.cinema-city.co.il/order/838026?lang=he,Regular,2D,,Hebrew,2026-08-03,,,,73,All,Ashdod,Cinema City,586
13:50,MASHA & THE BEAR – WONDER PARK,מאשה והדוב-ההרפתקה הגדולה,https://tickets.cinema-city.co.il/order/838121?lang=en,https://tickets.cinema-city.co.il/order/838121?lang=he,Regular,2D,,Hebrew,2026-08-03,,,,73,All,Ashdod,Cinema City,586
10:00,MASHA & THE BEAR – WONDER PARK,מאשה והדוב-ההרפתקה הגדולה,https://tickets.cinema-city.co.il/order/838254?lang=en,https://tickets.cinema-city.co.il/order/838254?lang=he,Regular,2D,,Hebrew,2026-08-04,,,,73,All,Ashdod,Cinema City,586
14:10,MASHA & THE BEAR – WONDER PARK,מאשה והדוב-ההרפתקה הגדולה,https://tickets.cinema-city.co.il/order/838476?lang=en,https://tickets.cinema-city.co.il/order/838476?lang=he,Regular,2D,,Hebrew,2026-08-05,,,,73,All,Ashdod,Cinema City,586
11:40,Moana (Live Action),מואנה (לייב אקשן),https://tickets.cinema-city.co.il/order/837777?lang=en,https://tickets.cinema-city.co.il/order/837777?lang=he,Regular,2D,,Hebrew,2026-08-01,,,,115,All,Ashdod,Cinema City,586
14:15,Moana (Live Action),מואנה (לייב אקשן),https://tickets.cinema-city.co.il/order/837782?lang=en,https://tickets.cinema-city.co.il/order/837782?lang=he,Regular,2D,,Hebrew,2026-08-01,,,,115,All,Ashdod,Cinema City,586
16:50,Moana (Live Action),מואנה (לייב אקשן),https://tickets.cinema-city.co.il/order/837779?lang=en,https://tickets.cinema-city.co.il/order/837779?lang=he,Regular,2D,,Hebrew,2026-08-01,,,,115,All,Ashdod,Cinema City,586
11:40,Moana (Live Action),מואנה (לייב אקשן),https://tickets.cinema-city.co.il/order/837866?lang=en,https://tickets.cinema-city.co.il/order/837866?lang=he,Regular,2D,,Hebrew,2026-08-02,,,,115,All,Ashdod,Cinema City,586
14:20,Moana (Live Action),מואנה (לייב אקשן),https://tickets.cinema-city.co.il/order/837861?lang=en,https://tickets.cinema-city.co.il/order/837861?lang=he,Regular,2D,,Hebrew,2026-08-02,,,,115,All,Ashdod,Cinema City,586
17:10,Moana (Live Action),מואנה (לייב אקשן),https://tickets.cinema-city.co.il/order/837864?lang=en,https://tickets.cinema-city.co.il/order/837864?lang=he,Regular,2D,,Hebrew,2026-08-02,,,,115,All,Ashdod,Cinema City,586
11:40,Moana (Live Action),מואנה (לייב אקשן),https://tickets.cinema-city.co.il/order/838027?lang=en,https://tickets.cinema-city.co.il/order/838027?lang=he,Regular,2D,,Hebrew,2026-08-03,,,,115,All,Ashdod,Cinema City,586
14:15,Moana (Live Action),מואנה (לייב אקשן),https://tickets.cinema-city.co.il/order/838022?lang=en,https://tickets.cinema-city.co.il/order/838022?lang=he,Regular,2D,,Hebrew,2026-08-03,,,,115,All,Ashdod,Cinema City,586
16:50,Moana (Live Action),מואנה (לייב אקשן),https://tickets.cinema-city.co.il/order/838025?lang=en,https://tickets.cinema-city.co.il/order/838025?lang=he,Regular,2D,,Hebrew,2026-08-03,,,,115,All,Ashdod,Cinema City,586
11:40,Moana (Live Action),מואנה (לייב אקשן),https://tickets.cinema-city.co.il/order/838253?lang=en,https://tickets.cinema-city.co.il/order/838253?lang=he,Regular,2D,,Hebrew,2026-08-04,,,,115,All,Ashdod,Cinema City,586
14:15,Moana (Live Action),מואנה (לייב אקשן),https://tickets.cinema-city.co.il/order/838258?lang=en,https://tickets.cinema-city.co.il/order/838258?lang=he,Regular,2D,,Hebrew,2026-08-04,,,,115,All,Ashdod,Cinema City,586
16:50,Moana (Live Action),מואנה (לייב אקשן),https://tickets.cinema-city.co.il/order/838255?lang=en,https://tickets.cinema-city.co.il/order/838255?lang=he,Regular,2D,,Hebrew,2026-08-04,,,,115,All,Ashdod,Cinema City,586
11:40,Moana (Live Action),מואנה (לייב אקשן),https://tickets.cinema-city.co.il/order/838477?lang=en,https://tickets.cinema-city.co.il/order/838477?lang=he,Regular,2D,,Hebrew,2026-08-05,,,,115,All,Ashdod,Cinema City,586
14:15,Moana (Live Action),מואנה (לייב אקשן),https://tickets.cinema-city.co.il/order/838472?lang=en,https://tickets.cinema-city.co.il/order/838472?lang=he,Regular,2D,,Hebrew,2026-08-05,,,,115,All,Ashdod,Cinema City,586
16:50,Moana (Live Action),מואנה (לייב אקשן),https://tickets.cinema-city.co.il/order/838475?lang=en,https://tickets.cinema-city.co.il/order/838475?lang=he,Regular,2D,,Hebrew,2026-08-05,,,,115,All,Ashdod,Cinema City,586
20:45,Motor City,מוטור סיטי,https://tickets.cinema-city.co.il/order/837763?lang=en,https://tickets.cinema-city.co.il/order/837763?lang=he,Regular,2D,,,2026-08-01,,,,103,16+,Ashdod,Cinema City,586
23:20,Motor City,מוטור סיטי,https://tickets.cinema-city.co.il/order/837764?lang=en,https://tickets.cinema-city.co.il/order/837764?lang=he,Regular,2D,,,2026-08-01,,,,103,16+,Ashdod,Cinema City,586
20:50,Motor City,מוטור סיטי,https://tickets.cinema-city.co.il/order/837842?lang=en,https://tickets.cinema-city.co.il/order/837842?lang=he,Regular,2D,,,2026-08-02,,,,103,16+,Ashdod,Cinema City,586
23:20,Motor City,מוטור סיטי,https://tickets.cinema-city.co.il/order/837850?lang=en,https://tickets.cinema-city.co.il/order/837850?lang=he,Regular,2D,,,2026-08-02,,,,103,16+,Ashdod,Cinema City,586
20:45,Motor City,מוטור סיטי,https://tickets.cinema-city.co.il/order/838002?lang=en,https://tickets.cinema-city.co.il/order/838002?lang=he,Regular,2D,,,2026-08-03,,,,103,16+,Ashdod,Cinema City,586
23:20,Motor City,מוטור סיטי,https://tickets.cinema-city.co.il/order/838009?lang=en,https://tickets.cinema-city.co.il/order/838009?lang=he,Regular,2D,,,2026-08-03,,,,103,16+,Ashdod,Cinema City,586
19:50,Motor City,מוטור סיטי,https://tickets.cinema-city.co.il/order/838252?lang=en,https://tickets.cinema-city.co.il/order/838252?lang=he,Regular,2D,,,2026-08-04,,,,103,16+,Ashdod,Cinema City,586
22:20,Motor City,מוטור סיטי,https://tickets.cinema-city.co.il/order/838229?lang=en,https://tickets.cinema-city.co.il/order/838229?lang=he,Regular,2D,,,2026-08-04,,,,103,16+,Ashdod,Cinema City,586
20:30,Motor City,מוטור סיטי,https://tickets.cinema-city.co.il/order/838452?lang=en,https://tickets.cinema-city.co.il/order/838452?lang=he,Regular,2D,,,2026-08-05,,,,103,16+,Ashdod,Cinema City,586
23:00,Motor City,מוטור סיטי,https://tickets.cinema-city.co.il/order/838458?lang=en,https://tickets.cinema-city.co.il/order/838458?lang=he,Regular,2D,,,2026-08-05,,,,103,16+,Ashdod,Cinema City,586
15:50,School of Magical Animals 3,סוד החיות הקסומות 3,https://tickets.cinema-city.co.il/order/837788?lang=en,https://tickets.cinema-city.co.il/order/837788?lang=he,Regular,2D,,Hebrew,2026-08-01,,,,105,All,Ashdod,Cinema City,586
13:30,School of Magical Animals 3,סוד החיות הקסומות 3,https://tickets.cinema-city.co.il/order/837858?lang=en,https://tickets.cinema-city.co.il/order/837858?lang=he,Regular,2D,,Hebrew,2026-08-02,,,,105,All,Ashdod,Cinema City,586
15:50,School of Magical Animals 3,סוד החיות הקסומות 3,https://tickets.cinema-city.co.il/order/838018?lang=en,https://tickets.cinema-city.co.il/order/838018?lang=he,Regular,2D,,Hebrew,2026-08-03,,,,105,All,Ashdod,Cinema City,586
18:10,School of Magical Animals 3,סוד החיות הקסומות 3,https://tickets.cinema-city.co.il/order/838467?lang=en,https://tickets.cinema-city.co.il/order/838467?lang=he,Regular,2D,,Hebrew,2026-08-05,,,,105,All,Ashdod,Cinema City,586
11:20,סולטיז הסרט,סולטיז הסרט-וולוג ה-100,https://tickets.cinema-city.co.il/order/837736?lang=en,https://tickets.cinema-city.co.il/order/837736?lang=he,Regular,2D,,,2026-08-01,,,,100,All,Ashdod,Cinema City,586
13:50,סולטיז הסרט,סולטיז הסרט-וולוג ה-100,https://tickets.cinema-city.co.il/order/837733?lang=en,https://tickets.cinema-city.co.il/order/837733?lang=he,Regular,2D,,,2026-08-01,,,,100,All,Ashdod,Cinema City,586
16:20,סולטיז הסרט,סולטיז הסרט-וולוג ה-100,https://tickets.cinema-city.co.il/order/837734?lang=en,https://tickets.cinema-city.co.il/order/837734?lang=he,Regular,2D,,,2026-08-01,,,,100,All,Ashdod,Cinema City,586
18:45,סולטיז הסרט,סולטיז הסרט-וולוג ה-100,https://tickets.cinema-city.co.il/order/837735?lang=en,https://tickets.cinema-city.co.il/order/837735?lang=he,Regular,2D,,,2026-08-01,,,,100,All,Ashdod,Cinema City,586
11:20,סולטיז הסרט,סולטיז הסרט-וולוג ה-100,https://tickets.cinema-city.co.il/order/837875?lang=en,https://tickets.cinema-city.co.il/order/837875?lang=he,Regular,2D,,,2026-08-02,,,,100,All,Ashdod,Cinema City,586
13:50,סולטיז הסרט,סולטיז הסרט-וולוג ה-100,https://tickets.cinema-city.co.il/order/837878?lang=en,https://tickets.cinema-city.co.il/order/837878?lang=he,Regular,2D,,,2026-08-02,,,,100,All,Ashdod,Cinema City,586
16:20,סולטיז הסרט,סולטיז הסרט-וולוג ה-100,https://tickets.cinema-city.co.il/order/837877?lang=en,https://tickets.cinema-city.co.il/order/837877?lang=he,Regular,2D,,,2026-08-02,,,,100,All,Ashdod,Cinema City,586
18:45,סולטיז הסרט,סולטיז הסרט-וולוג ה-100,https://tickets.cinema-city.co.il/order/837876?lang=en,https://tickets.cinema-city.co.il/order/837876?lang=he,Regular,2D,,,2026-08-02,,,,100,All,Ashdod,Cinema City,586
11:20,סולטיז הסרט,סולטיז הסרט-וולוג ה-100,https://tickets.cinema-city.co.il/order/838036?lang=en,https://tickets.cinema-city.co.il/order/838036?lang=he,Regular,2D,,,2026-08-03,,,,100,All,Ashdod,Cinema City,586
13:50,סולטיז הסרט,סולטיז הסרט-וולוג ה-100,https://tickets.cinema-city.co.il/order/838042?lang=en,https://tickets.cinema-city.co.il/order/838042?lang=he,Regular,2D,,,2026-08-03,,,,100,All,Ashdod,Cinema City,586
16:20,סולטיז הסרט,סולטיז הסרט-וולוג ה-100,https://tickets.cinema-city.co.il/order/838040?lang=en,https://tickets.cinema-city.co.il/order/838040?lang=he,Regular,2D,,,2026-08-03,,,,100,All,Ashdod,Cinema City,586
18:45,סולטיז הסרט,סולטיז הסרט-וולוג ה-100,https://tickets.cinema-city.co.il/order/838038?lang=en,https://tickets.cinema-city.co.il/order/838038?lang=he,Regular,2D,,,2026-08-03,,,,100,All,Ashdod,Cinema City,586
11:30,סולטיז הסרט,סולטיז הסרט-וולוג ה-100,https://tickets.cinema-city.co.il/order/838243?lang=en,https://tickets.cinema-city.co.il/order/838243?lang=he,Regular,2D,,,2026-08-04,,,,100,All,Ashdod,Cinema City,586
14:00,סולטיז הסרט,סולטיז הסרט-וולוג ה-100,https://tickets.cinema-city.co.il/order/838239?lang=en,https://tickets.cinema-city.co.il/order/838239?lang=he,Regular,2D,,,2026-08-04,,,,100,All,Ashdod,Cinema City,586
16:30,סולטיז הסרט,סולטיז הסרט-וולוג ה-100,https://tickets.cinema-city.co.il/order/838241?lang=en,https://tickets.cinema-city.co.il/order/838241?lang=he,Regular,2D,,,2026-08-04,,,,100,All,Ashdod,Cinema City,586
11:20,סולטיז הסרט,סולטיז הסרט-וולוג ה-100,https://tickets.cinema-city.co.il/order/838484?lang=en,https://tickets.cinema-city.co.il/order/838484?lang=he,Regular,2D,,,2026-08-05,,,,100,All,Ashdod,Cinema City,586
13:50,סולטיז הסרט,סולטיז הסרט-וולוג ה-100,https://tickets.cinema-city.co.il/order/838487?lang=en,https://tickets.cinema-city.co.il/order/838487?lang=he,Regular,2D,,,2026-08-05,,,,100,All,Ashdod,Cinema City,586
16:20,סולטיז הסרט,סולטיז הסרט-וולוג ה-100,https://tickets.cinema-city.co.il/order/838486?lang=en,https://tickets.cinema-city.co.il/order/838486?lang=he,Regular,2D,,,2026-08-05,,,,100,All,Ashdod,Cinema City,586
18:45,סולטיז הסרט,סולטיז הסרט-וולוג ה-100,https://tickets.cinema-city.co.il/order/838485?lang=en,https://tickets.cinema-city.co.il/order/838485?lang=he,Regular,2D,,,2026-08-05,,,,100,All,Ashdod,Cinema City,586
11:50,Three Wishes for Cinderella,סינדרלה ושלוש המשאלות,https://tickets.cinema-city.co.il/order/837754?lang=en,https://tickets.cinema-city.co.il/order/837754?lang=he,Regular,2D,,Hebrew,2026-08-01,,,,85,All,Ashdod,Cinema City,586
16:00,Three Wishes for Cinderella,סינדרלה ושלוש המשאלות,https://tickets.cinema-city.co.il/order/837908?lang=en,https://tickets.cinema-city.co.il/order/837908?lang=he,Regular,2D,,Hebrew,2026-08-02,,,,85,All,Ashdod,Cinema City,586
10:15,Three Wishes for Cinderella,סינדרלה ושלוש המשאלות,https://tickets.cinema-city.co.il/order/838096?lang=en,https://tickets.cinema-city.co.il/order/838096?lang=he,Regular,2D,,Hebrew,2026-08-03,,,,85,All,Ashdod,Cinema City,586
10:15,Three Wishes for Cinderella,סינדרלה ושלוש המשאלות,https://tickets.cinema-city.co.il/order/838209?lang=en,https://tickets.cinema-city.co.il/order/838209?lang=he,Regular,2D,,Hebrew,2026-08-04,,,,85,All,Ashdod,Cinema City,586
15:30,Three Wishes for Cinderella,סינדרלה ושלוש המשאלות,https://tickets.cinema-city.co.il/order/838510?lang=en,https://tickets.cinema-city.co.il/order/838510?lang=he,Regular,2D,,Hebrew,2026-08-05,,,,85,All,Ashdod,Cinema City,586
10:50,SPIDERMAN: BRAND NEW DAY,ספיידרמן: יום חדש,https://tickets.cinema-city.co.il/order/837737?lang=en,https://tickets.cinema-city.co.il/order/837737?lang=he,Regular,2D,,,2026-08-01,,,,135,All,Ashdod,Cinema City,586
11:50,SPIDERMAN: BRAND NEW DAY,ספיידרמן: יום חדש,https://tickets.cinema-city.co.il/order/814024?lang=en,https://tickets.cinema-city.co.il/order/814024?lang=he,Regular,2D,,,2026-08-01,,,,135,All,Ashdod,Cinema City,586
13:10,SPIDERMAN: BRAND NEW DAY,ספיידרמן: יום חדש,https://tickets.cinema-city.co.il/order/814027?lang=en,https://tickets.cinema-city.co.il/order/814027?lang=he,Regular,2D,,,2026-08-01,,,,135,All,Ashdod,Cinema City,586
14:10,SPIDERMAN: BRAND NEW DAY,ספיידרמן: יום חדש,https://tickets.cinema-city.co.il/order/837738?lang=en,https://tickets.cinema-city.co.il/order/837738?lang=he,Regular,2D,,,2026-08-01,,,,135,All,Ashdod,Cinema City,586
15:10,SPIDERMAN: BRAND NEW DAY,ספיידרמן: יום חדש,https://tickets.cinema-city.co.il/order/814023?lang=en,https://tickets.cinema-city.co.il/order/814023?lang=he,Regular,2D,,,2026-08-01,,,,135,All,Ashdod,Cinema City,586
16:30,SPIDERMAN: BRAND NEW DAY,ספיידרמן: יום חדש,https://tickets.cinema-city.co.il/order/814026?lang=en,https://tickets.cinema-city.co.il/order/814026?lang=he,Regular,2D,,,2026-08-01,,,,135,All,Ashdod,Cinema City,586
17:30,SPIDERMAN: BRAND NEW DAY,ספיידרמן: יום חדש,https://tickets.cinema-city.co.il/order/837739?lang=en,https://tickets.cinema-city.co.il/order/837739?lang=he,Regular,2D,,,2026-08-01,,,,135,All,Ashdod,Cinema City,586
18:30,SPIDERMAN: BRAND NEW DAY,ספיידרמן: יום חדש,https://tickets.cinema-city.co.il/order/814021?lang=en,https://tickets.cinema-city.co.il/order/814021?lang=he,Regular,2D,,,2026-08-01,,,,135,All,Ashdod,Cinema City,586
19:30,SPIDERMAN: BRAND NEW DAY,ספיידרמן: יום חדש,https://tickets.cinema-city.co.il/order/837786?lang=en,https://tickets.cinema-city.co.il/order/837786?lang=he,Regular,2D,,,2026-08-01,,,,135,All,Ashdod,Cinema City,586
19:50,SPIDERMAN: BRAND NEW DAY,ספיידרמן: יום חדש,https://tickets.cinema-city.co.il/order/814025?lang=en,https://tickets.cinema-city.co.il/order/814025?lang=he,Regular,2D,,,2026-08-01,,,,135,All,Ashdod,Cinema City,586
20:50,SPIDERMAN: BRAND NEW DAY,ספיידרמן: יום חדש,https://tickets.cinema-city.co.il/order/837740?lang=en,https://tickets.cinema-city.co.il/order/837740?lang=he,Regular,2D,,,2026-08-01,,,,135,All,Ashdod,Cinema City,586
21:50,SPIDERMAN: BRAND NEW DAY,ספיידרמן: יום חדש,https://tickets.cinema-city.co.il/order/814019?lang=en,https://tickets.cinema-city.co.il/order/814019?lang=he,Regular,2D,,,2026-08-01,,,,135,All,Ashdod,Cinema City,586
22:50,SPIDERMAN: BRAND NEW DAY,ספיידרמן: יום חדש,https://tickets.cinema-city.co.il/order/837787?lang=en,https://tickets.cinema-city.co.il/order/837787?lang=he,Regular,2D,,,2026-08-01,,,,135,All,Ashdod,Cinema City,586
23:20,SPIDERMAN: BRAND NEW DAY,ספיידרמן: יום חדש,https://tickets.cinema-city.co.il/order/837741?lang=en,https://tickets.cinema-city.co.il/order/837741?lang=he,Regular,2D,,,2026-08-01,,,,135,All,Ashdod,Cinema City,586
11:00,SPIDERMAN: BRAND NEW DAY,ספיידרמן: יום חדש,https://tickets.cinema-city.co.il/order/837874?lang=en,https://tickets.cinema-city.co.il/order/837874?lang=he,Regular,2D,,,2026-08-02,,,,135,All,Ashdod,Cinema City,586
13:20,SPIDERMAN: BRAND NEW DAY,ספיידרמן: יום חדש,https://tickets.cinema-city.co.il/order/837902?lang=en,https://tickets.cinema-city.co.il/order/837902?lang=he,Regular,2D,,,2026-08-02,,,,135,All,Ashdod,Cinema City,586
14:20,SPIDERMAN: BRAND NEW DAY,ספיידרמן: יום חדש,https://tickets.cinema-city.co.il/order/837873?lang=en,https://tickets.cinema-city.co.il/order/837873?lang=he,Regular,2D,,,2026-08-02,,,,135,All,Ashdod,Cinema City,586
15:20,SPIDERMAN: BRAND NEW DAY,ספיידרמן: יום חדש,https://tickets.cinema-city.co.il/order/837904?lang=en,https://tickets.cinema-city.co.il/order/837904?lang=he,Regular,2D,,,2026-08-02,,,,135,All,Ashdod,Cinema City,586
16:40,SPIDERMAN: BRAND NEW DAY,ספיידרמן: יום חדש,https://tickets.cinema-city.co.il/order/837901?lang=en,https://tickets.cinema-city.co.il/order/837901?lang=he,Regular,2D,,,2026-08-02,,,,135,All,Ashdod,Cinema City,586
17:10,SPIDERMAN: BRAND NEW DAY,ספיידרמן: יום חדש,https://tickets.cinema-city.co.il/order/837872?lang=en,https://tickets.cinema-city.co.il/order/837872?lang=he,Regular,2D,,,2026-08-02,,,,135,All,Ashdod,Cinema City,586
20:00,SPIDERMAN: BRAND NEW DAY,ספיידרמן: יום חדש,https://tickets.cinema-city.co.il/order/837900?lang=en,https://tickets.cinema-city.co.il/order/837900?lang=he,Regular,2D,,,2026-08-02,,,,135,All,Ashdod,Cinema City,586
20:50,SPIDERMAN: BRAND NEW DAY,ספיידרמן: יום חדש,https://tickets.cinema-city.co.il/order/837880?lang=en,https://tickets.cinema-city.co.il/order/837880?lang=he,Regular,2D,,,2026-08-02,,,,135,All,Ashdod,Cinema City,586
21:30,SPIDERMAN: BRAND NEW DAY,ספיידרמן: יום חדש,https://tickets.cinema-city.co.il/order/837859?lang=en,https://tickets.cinema-city.co.il/order/837859?lang=he,Regular,2D,,,2026-08-02,,,,135,All,Ashdod,Cinema City,586
22:20,SPIDERMAN: BRAND NEW DAY,ספיידרמן: יום חדש,https://tickets.cinema-city.co.il/order/837903?lang=en,https://tickets.cinema-city.co.il/order/837903?lang=he,Regular,2D,,,2026-08-02,,,,135,All,Ashdod,Cinema City,586
23:20,SPIDERMAN: BRAND NEW DAY,ספיידרמן: יום חדש,https://tickets.cinema-city.co.il/order/837886?lang=en,https://tickets.cinema-city.co.il/order/837886?lang=he,Regular,2D,,,2026-08-02,,,,135,All,Ashdod,Cinema City,586
10:50,SPIDERMAN: BRAND NEW DAY,ספיידרמן: יום חדש,https://tickets.cinema-city.co.il/order/838034?lang=en,https://tickets.cinema-city.co.il/order/838034?lang=he,Regular,2D,,,2026-08-03,,,,135,All,Ashdod,Cinema City,586
13:10,SPIDERMAN: BRAND NEW DAY,ספיידרמן: יום חדש,https://tickets.cinema-city.co.il/order/838101?lang=en,https://tickets.cinema-city.co.il/order/838101?lang=he,Regular,2D,,,2026-08-03,,,,135,All,Ashdod,Cinema City,586
14:10,SPIDERMAN: BRAND NEW DAY,ספיידרמן: יום חדש,https://tickets.cinema-city.co.il/order/838033?lang=en,https://tickets.cinema-city.co.il/order/838033?lang=he,Regular,2D,,,2026-08-03,,,,135,All,Ashdod,Cinema City,586
15:10,SPIDERMAN: BRAND NEW DAY,ספיידרמן: יום חדש,https://tickets.cinema-city.co.il/order/838103?lang=en,https://tickets.cinema-city.co.il/order/838103?lang=he,Regular,2D,,,2026-08-03,,,,135,All,Ashdod,Cinema City,586
16:30,SPIDERMAN: BRAND NEW DAY,ספיידרמן: יום חדש,https://tickets.cinema-city.co.il/order/838099?lang=en,https://tickets.cinema-city.co.il/order/838099?lang=he,Regular,2D,,,2026-08-03,,,,135,All,Ashdod,Cinema City,586
17:30,SPIDERMAN: BRAND NEW DAY,ספיידרמן: יום חדש,https://tickets.cinema-city.co.il/order/838032?lang=en,https://tickets.cinema-city.co.il/order/838032?lang=he,Regular,2D,,,2026-08-03,,,,135,All,Ashdod,Cinema City,586
18:30,SPIDERMAN: BRAND NEW DAY,ספיידרמן: יום חדש,https://tickets.cinema-city.co.il/order/838105?lang=en,https://tickets.cinema-city.co.il/order/838105?lang=he,Regular,2D,,,2026-08-03,,,,135,All,Ashdod,Cinema City,586
19:30,SPIDERMAN: BRAND NEW DAY,ספיידרמן: יום חדש,https://tickets.cinema-city.co.il/order/838019?lang=en,https://tickets.cinema-city.co.il/order/838019?lang=he,Regular,2D,,,2026-08-03,,,,135,All,Ashdod,Cinema City,586
19:50,SPIDERMAN: BRAND NEW DAY,ספיידרמן: יום חדש,https://tickets.cinema-city.co.il/order/838098?lang=en,https://tickets.cinema-city.co.il/order/838098?lang=he,Regular,2D,,,2026-08-03,,,,135,All,Ashdod,Cinema City,586
20:50,SPIDERMAN: BRAND NEW DAY,ספיידרמן: יום חדש,https://tickets.cinema-city.co.il/order/838046?lang=en,https://tickets.cinema-city.co.il/order/838046?lang=he,Regular,2D,,,2026-08-03,,,,135,All,Ashdod,Cinema City,586
21:50,SPIDERMAN: BRAND NEW DAY,ספיידרמן: יום חדש,https://tickets.cinema-city.co.il/order/838107?lang=en,https://tickets.cinema-city.co.il/order/838107?lang=he,Regular,2D,,,2026-08-03,,,,135,All,Ashdod,Cinema City,586
23:10,SPIDERMAN: BRAND NEW DAY,ספיידרמן: יום חדש,https://tickets.cinema-city.co.il/order/838064?lang=en,https://tickets.cinema-city.co.il/order/838064?lang=he,Regular,2D,,,2026-08-03,,,,135,All,Ashdod,Cinema City,586
10:50,SPIDERMAN: BRAND NEW DAY,ספיידרמן: יום חדש,https://tickets.cinema-city.co.il/order/838245?lang=en,https://tickets.cinema-city.co.il/order/838245?lang=he,Regular,2D,,,2026-08-04,,,,135,All,Ashdod,Cinema City,586
11:50,SPIDERMAN: BRAND NEW DAY,ספיידרמן: יום חדש,https://tickets.cinema-city.co.il/order/838259?lang=en,https://tickets.cinema-city.co.il/order/838259?lang=he,Regular,2D,,,2026-08-04,,,,135,All,Ashdod,Cinema City,586
13:10,SPIDERMAN: BRAND NEW DAY,ספיידרמן: יום חדש,https://tickets.cinema-city.co.il/order/838201?lang=en,https://tickets.cinema-city.co.il/order/838201?lang=he,Regular,2D,,,2026-08-04,,,,135,All,Ashdod,Cinema City,586
14:10,SPIDERMAN: BRAND NEW DAY,ספיידרמן: יום חדש,https://tickets.cinema-city.co.il/order/838247?lang=en,https://tickets.cinema-city.co.il/order/838247?lang=he,Regular,2D,,,2026-08-04,,,,135,All,Ashdod,Cinema City,586
16:30,SPIDERMAN: BRAND NEW DAY,ספיידרמן: יום חדש,https://tickets.cinema-city.co.il/order/838204?lang=en,https://tickets.cinema-city.co.il/order/838204?lang=he,Regular,2D,,,2026-08-04,,,,135,All,Ashdod,Cinema City,586
17:30,SPIDERMAN: BRAND NEW DAY,ספיידרמן: יום חדש,https://tickets.cinema-city.co.il/order/838249?lang=en,https://tickets.cinema-city.co.il/order/838249?lang=he,Regular,2D,,,2026-08-04,,,,135,All,Ashdod,Cinema City,586
18:30,SPIDERMAN: BRAND NEW DAY,ספיידרמן: יום חדש,https://tickets.cinema-city.co.il/order/838194?lang=en,https://tickets.cinema-city.co.il/order/838194?lang=he,Regular,2D,,,2026-08-04,,,,135,All,Ashdod,Cinema City,586
19:30,SPIDERMAN: BRAND NEW DAY,ספיידרמן: יום חדש,https://tickets.cinema-city.co.il/order/838217?lang=en,https://tickets.cinema-city.co.il/order/838217?lang=he,Regular,2D,,,2026-08-04,,,,135,All,Ashdod,Cinema City,586
19:50,SPIDERMAN: BRAND NEW DAY,ספיידרמן: יום חדש,https://tickets.cinema-city.co.il/order/838205?lang=en,https://tickets.cinema-city.co.il/order/838205?lang=he,Regular,2D,,,2026-08-04,,,,135,All,Ashdod,Cinema City,586
20:50,SPIDERMAN: BRAND NEW DAY,ספיידרמן: יום חדש,https://tickets.cinema-city.co.il/order/838193?lang=en,https://tickets.cinema-city.co.il/order/838193?lang=he,Regular,2D,,,2026-08-04,,,,135,All,Ashdod,Cinema City,586
21:50,SPIDERMAN: BRAND NEW DAY,ספיידרמן: יום חדש,https://tickets.cinema-city.co.il/order/838198?lang=en,https://tickets.cinema-city.co.il/order/838198?lang=he,Regular,2D,,,2026-08-04,,,,135,All,Ashdod,Cinema City,586
23:10,SPIDERMAN: BRAND NEW DAY,ספיידרמן: יום חדש,https://tickets.cinema-city.co.il/order/838172?lang=en,https://tickets.cinema-city.co.il/order/838172?lang=he,Regular,2D,,,2026-08-04,,,,135,All,Ashdod,Cinema City,586
11:30,SPIDERMAN: BRAND NEW DAY,ספיידרמן: יום חדש,https://tickets.cinema-city.co.il/order/838483?lang=en,https://tickets.cinema-city.co.il/order/838483?lang=he,Regular,2D,,,2026-08-05,,,,135,All,Ashdod,Cinema City,586
13:10,SPIDERMAN: BRAND NEW DAY,ספיידרמן: יום חדש,https://tickets.cinema-city.co.il/order/838517?lang=en,https://tickets.cinema-city.co.il/order/838517?lang=he,Regular,2D,,,2026-08-05,,,,135,All,Ashdod,Cinema City,586
14:10,SPIDERMAN: BRAND NEW DAY,ספיידרמן: יום חדש,https://tickets.cinema-city.co.il/order/838482?lang=en,https://tickets.cinema-city.co.il/order/838482?lang=he,Regular,2D,,,2026-08-05,,,,135,All,Ashdod,Cinema City,586
15:10,SPIDERMAN: BRAND NEW DAY,ספיידרמן: יום חדש,https://tickets.cinema-city.co.il/order/838512?lang=en,https://tickets.cinema-city.co.il/order/838512?lang=he,Regular,2D,,,2026-08-05,,,,135,All,Ashdod,Cinema City,586
16:30,SPIDERMAN: BRAND NEW DAY,ספיידרמן: יום חדש,https://tickets.cinema-city.co.il/order/838516?lang=en,https://tickets.cinema-city.co.il/order/838516?lang=he,Regular,2D,,,2026-08-05,,,,135,All,Ashdod,Cinema City,586
17:30,SPIDERMAN: BRAND NEW DAY,ספיידרמן: יום חדש,https://tickets.cinema-city.co.il/order/838481?lang=en,https://tickets.cinema-city.co.il/order/838481?lang=he,Regular,2D,,,2026-08-05,,,,135,All,Ashdod,Cinema City,586
18:30,SPIDERMAN: BRAND NEW DAY,ספיידרמן: יום חדש,https://tickets.cinema-city.co.il/order/838513?lang=en,https://tickets.cinema-city.co.il/order/838513?lang=he,Regular,2D,,,2026-08-05,,,,135,All,Ashdod,Cinema City,586
19:30,SPIDERMAN: BRAND NEW DAY,ספיידרמן: יום חדש,https://tickets.cinema-city.co.il/order/838469?lang=en,https://tickets.cinema-city.co.il/order/838469?lang=he,Regular,2D,,,2026-08-05,,,,135,All,Ashdod,Cinema City,586
19:50,SPIDERMAN: BRAND NEW DAY,ספיידרמן: יום חדש,https://tickets.cinema-city.co.il/order/838515?lang=en,https://tickets.cinema-city.co.il/order/838515?lang=he,Regular,2D,,,2026-08-05,,,,135,All,Ashdod,Cinema City,586
20:50,SPIDERMAN: BRAND NEW DAY,ספיידרמן: יום חדש,https://tickets.cinema-city.co.il/order/838489?lang=en,https://tickets.cinema-city.co.il/order/838489?lang=he,Regular,2D,,,2026-08-05,,,,135,All,Ashdod,Cinema City,586
21:50,SPIDERMAN: BRAND NEW DAY,ספיידרמן: יום חדש,https://tickets.cinema-city.co.il/order/838514?lang=en,https://tickets.cinema-city.co.il/order/838514?lang=he,Regular,2D,,,2026-08-05,,,,135,All,Ashdod,Cinema City,586
22:50,SPIDERMAN: BRAND NEW DAY,ספיידרמן: יום חדש,https://tickets.cinema-city.co.il/order/838468?lang=en,https://tickets.cinema-city.co.il/order/838468?lang=he,Regular,2D,,,2026-08-05,,,,135,All,Ashdod,Cinema City,586
23:10,SPIDERMAN: BRAND NEW DAY,ספיידרמן: יום חדש,https://tickets.cinema-city.co.il/order/838497?lang=en,https://tickets.cinema-city.co.il/order/838497?lang=he,Regular,2D,,,2026-08-05,,,,135,All,Ashdod,Cinema City,586
19:15,סרט כחול לבן,סרט כחול לבן,https://tickets.cinema-city.co.il/order/837767?lang=en,https://tickets.cinema-city.co.il/order/837767?lang=he,Regular,2D,,,2026-08-01,,,,86,14+,Ashdod,Cinema City,586
21:30,סרט כחול לבן,סרט כחול לבן,https://tickets.cinema-city.co.il/order/837768?lang=en,https://tickets.cinema-city.co.il/order/837768?lang=he,Regular,2D,,,2026-08-01,,,,86,14+,Ashdod,Cinema City,586
19:15,סרט כחול לבן,סרט כחול לבן,https://tickets.cinema-city.co.il/order/837847?lang=en,https://tickets.cinema-city.co.il/order/837847?lang=he,Regular,2D,,,2026-08-02,,,,86,14+,Ashdod,Cinema City,586
21:30,סרט כחול לבן,סרט כחול לבן,https://tickets.cinema-city.co.il/order/837846?lang=en,https://tickets.cinema-city.co.il/order/837846?lang=he,Regular,2D,,,2026-08-02,,,,86,14+,Ashdod,Cinema City,586
19:15,סרט כחול לבן,סרט כחול לבן,https://tickets.cinema-city.co.il/order/838006?lang=en,https://tickets.cinema-city.co.il/order/838006?lang=he,Regular,2D,,,2026-08-03,,,,86,14+,Ashdod,Cinema City,586
21:30,סרט כחול לבן,סרט כחול לבן,https://tickets.cinema-city.co.il/order/838005?lang=en,https://tickets.cinema-city.co.il/order/838005?lang=he,Regular,2D,,,2026-08-03,,,,86,14+,Ashdod,Cinema City,586
19:15,סרט כחול לבן,סרט כחול לבן,https://tickets.cinema-city.co.il/order/838235?lang=en,https://tickets.cinema-city.co.il/order/838235?lang=he,Regular,2D,,,2026-08-04,,,,86,14+,Ashdod,Cinema City,586
21:30,סרט כחול לבן,סרט כחול לבן,https://tickets.cinema-city.co.il/order/838237?lang=en,https://tickets.cinema-city.co.il/order/838237?lang=he,Regular,2D,,,2026-08-04,,,,86,14+,Ashdod,Cinema City,586
19:15,סרט כחול לבן,סרט כחול לבן,https://tickets.cinema-city.co.il/order/838455?lang=en,https://tickets.cinema-city.co.il/order/838455?lang=he,Regular,2D,,,2026-08-05,,,,86,14+,Ashdod,Cinema City,586
21:30,סרט כחול לבן,סרט כחול לבן,https://tickets.cinema-city.co.il/order/838454?lang=en,https://tickets.cinema-city.co.il/order/838454?lang=he,Regular,2D,,,2026-08-05,,,,86,14+,Ashdod,Cinema City,586
10:50,קופה ראשית: הסרט,קופה ראשית: הסרט,https://tickets.cinema-city.co.il/order/837745?lang=en,https://tickets.cinema-city.co.il/order/837745?lang=he,Regular,2D,,,2026-08-01,,,,91,All,Ashdod,Cinema City,586
12:50,קופה ראשית: הסרט,קופה ראשית: הסרט,https://tickets.cinema-city.co.il/order/837744?lang=en,https://tickets.cinema-city.co.il/order/837744?lang=he,Regular,2D,,,2026-08-01,,,,91,All,Ashdod,Cinema City,586
15:10,קופה ראשית: הסרט,קופה ראשית: הסרט,https://tickets.cinema-city.co.il/order/837743?lang=en,https://tickets.cinema-city.co.il/order/837743?lang=he,Regular,2D,,,2026-08-01,,,,91,All,Ashdod,Cinema City,586
17:30,קופה ראשית: הסרט,קופה ראשית: הסרט,https://tickets.cinema-city.co.il/order/837742?lang=en,https://tickets.cinema-city.co.il/order/837742?lang=he,Regular,2D,,,2026-08-01,,,,91,All,Ashdod,Cinema City,586
18:50,קופה ראשית: הסרט,קופה ראשית: הסרט,https://tickets.cinema-city.co.il/order/837771?lang=en,https://tickets.cinema-city.co.il/order/837771?lang=he,Regular,2D,,,2026-08-01,,,,91,All,Ashdod,Cinema City,586
19:50,קופה ראשית: הסרט,קופה ראשית: הסרט,https://tickets.cinema-city.co.il/order/837727?lang=en,https://tickets.cinema-city.co.il/order/837727?lang=he,Regular,2D,,,2026-08-01,,,,91,All,Ashdod,Cinema City,586
21:10,קופה ראשית: הסרט,קופה ראשית: הסרט,https://tickets.cinema-city.co.il/order/837732?lang=en,https://tickets.cinema-city.co.il/order/837732?lang=he,Regular,2D,,,2026-08-01,,,,91,All,Ashdod,Cinema City,586
22:10,קופה ראשית: הסרט,קופה ראשית: הסרט,https://tickets.cinema-city.co.il/order/837728?lang=en,https://tickets.cinema-city.co.il/order/837728?lang=he,Regular,2D,,,2026-08-01,,,,91,All,Ashdod,Cinema City,586
23:30,קופה ראשית: הסרט,קופה ראשית: הסרט,https://tickets.cinema-city.co.il/order/837769?lang=en,https://tickets.cinema-city.co.il/order/837769?lang=he,Regular,2D,,,2026-08-01,,,,91,All,Ashdod,Cinema City,586
11:00,קופה ראשית: הסרט,קופה ראשית: הסרט,https://tickets.cinema-city.co.il/order/837890?lang=en,https://tickets.cinema-city.co.il/order/837890?lang=he,Regular,2D,,,2026-08-02,,,,91,All,Ashdod,Cinema City,586
12:50,קופה ראשית: הסרט,קופה ראשית: הסרט,https://tickets.cinema-city.co.il/order/837889?lang=en,https://tickets.cinema-city.co.il/order/837889?lang=he,Regular,2D,,,2026-08-02,,,,91,All,Ashdod,Cinema City,586
15:10,קופה ראשית: הסרט,קופה ראשית: הסרט,https://tickets.cinema-city.co.il/order/837888?lang=en,https://tickets.cinema-city.co.il/order/837888?lang=he,Regular,2D,,,2026-08-02,,,,91,All,Ashdod,Cinema City,586
17:30,קופה ראשית: הסרט,קופה ראשית: הסרט,https://tickets.cinema-city.co.il/order/837887?lang=en,https://tickets.cinema-city.co.il/order/837887?lang=he,Regular,2D,,,2026-08-02,,,,91,All,Ashdod,Cinema City,586
18:50,קופה ראשית: הסרט,קופה ראשית: הסרט,https://tickets.cinema-city.co.il/order/837843?lang=en,https://tickets.cinema-city.co.il/order/837843?lang=he,Regular,2D,,,2026-08-02,,,,91,All,Ashdod,Cinema City,586
19:50,קופה ראשית: הסרט,קופה ראשית: הסרט,https://tickets.cinema-city.co.il/order/837883?lang=en,https://tickets.cinema-city.co.il/order/837883?lang=he,Regular,2D,,,2026-08-02,,,,91,All,Ashdod,Cinema City,586
21:10,קופה ראשית: הסרט,קופה ראשית: הסרט,https://tickets.cinema-city.co.il/order/837879?lang=en,https://tickets.cinema-city.co.il/order/837879?lang=he,Regular,2D,,,2026-08-02,,,,91,All,Ashdod,Cinema City,586
22:10,קופה ראשית: הסרט,קופה ראשית: הסרט,https://tickets.cinema-city.co.il/order/837882?lang=en,https://tickets.cinema-city.co.il/order/837882?lang=he,Regular,2D,,,2026-08-02,,,,91,All,Ashdod,Cinema City,586
23:30,קופה ראשית: הסרט,קופה ראשית: הסרט,https://tickets.cinema-city.co.il/order/837845?lang=en,https://tickets.cinema-city.co.il/order/837845?lang=he,Regular,2D,,,2026-08-02,,,,91,All,Ashdod,Cinema City,586
10:50,קופה ראשית: הסרט,קופה ראשית: הסרט,https://tickets.cinema-city.co.il/order/838072?lang=en,https://tickets.cinema-city.co.il/order/838072?lang=he,Regular,2D,,,2026-08-03,,,,91,All,Ashdod,Cinema City,586
12:50,קופה ראשית: הסרט,קופה ראשית: הסרט,https://tickets.cinema-city.co.il/order/838070?lang=en,https://tickets.cinema-city.co.il/order/838070?lang=he,Regular,2D,,,2026-08-03,,,,91,All,Ashdod,Cinema City,586
15:10,קופה ראשית: הסרט,קופה ראשית: הסרט,https://tickets.cinema-city.co.il/order/838068?lang=en,https://tickets.cinema-city.co.il/order/838068?lang=he,Regular,2D,,,2026-08-03,,,,91,All,Ashdod,Cinema City,586
17:30,קופה ראשית: הסרט,קופה ראשית: הסרט,https://tickets.cinema-city.co.il/order/838066?lang=en,https://tickets.cinema-city.co.il/order/838066?lang=he,Regular,2D,,,2026-08-03,,,,91,All,Ashdod,Cinema City,586
18:50,קופה ראשית: הסרט,קופה ראשית: הסרט,https://tickets.cinema-city.co.il/order/838003?lang=en,https://tickets.cinema-city.co.il/order/838003?lang=he,Regular,2D,,,2026-08-03,,,,91,All,Ashdod,Cinema City,586
19:50,קופה ראשית: הסרט,קופה ראשית: הסרט,https://tickets.cinema-city.co.il/order/838052?lang=en,https://tickets.cinema-city.co.il/order/838052?lang=he,Regular,2D,,,2026-08-03,,,,91,All,Ashdod,Cinema City,586
21:10,קופה ראשית: הסרט,קופה ראשית: הסרט,https://tickets.cinema-city.co.il/order/838044?lang=en,https://tickets.cinema-city.co.il/order/838044?lang=he,Regular,2D,,,2026-08-03,,,,91,All,Ashdod,Cinema City,586
22:10,קופה ראשית: הסרט,קופה ראשית: הסרט,https://tickets.cinema-city.co.il/order/838050?lang=en,https://tickets.cinema-city.co.il/order/838050?lang=he,Regular,2D,,,2026-08-03,,,,91,All,Ashdod,Cinema City,586
23:30,קופה ראשית: הסרט,קופה ראשית: הסרט,https://tickets.cinema-city.co.il/order/838004?lang=en,https://tickets.cinema-city.co.il/order/838004?lang=he,Regular,2D,,,2026-08-03,,,,91,All,Ashdod,Cinema City,586
10:50,קופה ראשית: הסרט,קופה ראשית: הסרט,https://tickets.cinema-city.co.il/order/838177?lang=en,https://tickets.cinema-city.co.il/order/838177?lang=he,Regular,2D,,,2026-08-04,,,,91,All,Ashdod,Cinema City,586
14:15,קופה ראשית: הסרט,קופה ראשית: הסרט,https://tickets.cinema-city.co.il/order/838178?lang=en,https://tickets.cinema-city.co.il/order/838178?lang=he,Regular,2D,,,2026-08-04,,,,91,All,Ashdod,Cinema City,586
17:30,קופה ראשית: הסרט,קופה ראשית: הסרט,https://tickets.cinema-city.co.il/order/838179?lang=en,https://tickets.cinema-city.co.il/order/838179?lang=he,Regular,2D,,,2026-08-04,,,,91,All,Ashdod,Cinema City,586
19:50,קופה ראשית: הסרט,קופה ראשית: הסרט,https://tickets.cinema-city.co.il/order/838188?lang=en,https://tickets.cinema-city.co.il/order/838188?lang=he,Regular,2D,,,2026-08-04,,,,91,All,Ashdod,Cinema City,586
21:20,קופה ראשית: הסרט,קופה ראשית: הסרט,https://tickets.cinema-city.co.il/order/838199?lang=en,https://tickets.cinema-city.co.il/order/838199?lang=he,Regular,2D,,,2026-08-04,,,,91,All,Ashdod,Cinema City,586
22:10,קופה ראשית: הסרט,קופה ראשית: הסרט,https://tickets.cinema-city.co.il/order/838190?lang=en,https://tickets.cinema-city.co.il/order/838190?lang=he,Regular,2D,,,2026-08-04,,,,91,All,Ashdod,Cinema City,586
11:50,קופה ראשית: הסרט,קופה ראשית: הסרט,https://tickets.cinema-city.co.il/order/838501?lang=en,https://tickets.cinema-city.co.il/order/838501?lang=he,Regular,2D,,,2026-08-05,,,,91,All,Ashdod,Cinema City,586
12:50,קופה ראשית: הסרט,קופה ראשית: הסרט,https://tickets.cinema-city.co.il/order/838500?lang=en,https://tickets.cinema-city.co.il/order/838500?lang=he,Regular,2D,,,2026-08-05,,,,91,All,Ashdod,Cinema City,586
15:10,קופה ראשית: הסרט,קופה ראשית: הסרט,https://tickets.cinema-city.co.il/order/838499?lang=en,https://tickets.cinema-city.co.il/order/838499?lang=he,Regular,2D,,,2026-08-05,,,,91,All,Ashdod,Cinema City,586
17:30,קופה ראשית: הסרט,קופה ראשית: הסרט,https://tickets.cinema-city.co.il/order/838498?lang=en,https://tickets.cinema-city.co.il/order/838498?lang=he,Regular,2D,,,2026-08-05,,,,91,All,Ashdod,Cinema City,586
19:50,קופה ראשית: הסרט,קופה ראשית: הסרט,https://tickets.cinema-city.co.il/order/838492?lang=en,https://tickets.cinema-city.co.il/order/838492?lang=he,Regular,2D,,,2026-08-05,,,,91,All,Ashdod,Cinema City,586
21:00,קופה ראשית: הסרט,קופה ראשית: הסרט,https://tickets.cinema-city.co.il/order/838488?lang=en,https://tickets.cinema-city.co.il/order/838488?lang=he,Regular,2D,,,2026-08-05,,,,91,All,Ashdod,Cinema City,586
22:10,קופה ראשית: הסרט,קופה ראשית: הסרט,https://tickets.cinema-city.co.il/order/838491?lang=en,https://tickets.cinema-city.co.il/order/838491?lang=he,Regular,2D,,,2026-08-05,,,,91,All,Ashdod,Cinema City,586
23:30,קופה ראשית: הסרט,קופה ראשית: הסרט,https://tickets.cinema-city.co.il/order/838453?lang=en,https://tickets.cinema-city.co.il/order/838453?lang=he,Regular,2D,,,2026-08-05,,,,91,All,Ashdod,Cinema City,586
