showtime,english_title,hebrew_title,english_href,hebrew_href,screening_type,screening_tech,original_language,dub_language,date_of_showing,release_year,release_date,directed_by,runtime,rating,screening_city,cinema,run_id
10:30,The Pout Pout Fish,דג ושמו באסה,https://movieland.co.il/order/?eventID=22357&theaterId=1293,https://movieland.co.il/order/?eventID=22357&theaterId=1293,Upgrade,2D,,Hebrew,2026-08-20,,,,,ליווי מבוגר עד גיל 8,Glilot,MovieLand,608
12:40,The Pout Pout Fish,דג ושמו באסה,https://movieland.co.il/order/?eventID=22358&theaterId=1293,https://movieland.co.il/order/?eventID=22358&theaterId=1293,Upgrade,2D,,Hebrew,2026-08-20,,,,,ליווי מבוגר עד גיל 8,Glilot,MovieLand,608
14:50,The Pout Pout Fish,דג ושמו באסה,https://movieland.co.il/order/?eventID=22359&theaterId=1293,https://movieland.co.il/order/?eventID=22359&theaterId=1293,Upgrade,2D,,Hebrew,2026-08-20,,,,,ליווי מבוגר עד גיל 8,Glilot,MovieLand,608
17:00,The Pout Pout Fish,דג ושמו באסה,https://movieland.co.il/order/?eventID=22360&theaterId=1293,https://movieland.co.il/order/?eventID=22360&theaterId=1293,Upgrade,2D,,Hebrew,2026-08-20,,,,,ליווי מבוגר עד גיל 8,Glilot,MovieLand,608
12:55,Coyote vs. ACME,לוני טונס מציגים: קיוטי נגד אקמי,https://movieland.co.il/order/?eventID=22355&theaterId=1293,https://movieland.co.il/order/?eventID=22355&theaterId=1293,Upgrade,2D,English,Hebrew,2026-08-20,2026,,,,All,Glilot,MovieLand,608
15:10,Coyote vs. ACME,לוני טונס מציגים: קיוטי נגד אקמי,https://movieland.co.il/order/?eventID=22356&theaterId=1293,https://movieland.co.il/order/?eventID=22356&theaterId=1293,Upgrade,2D,English,Hebrew,2026-08-20,2026,,,,All,Glilot,MovieLand,608
16:20,Spider-Man: Brand New Day,ספיידרמן: יום חדש,https://movieland.co.il/order/?eventID=22364&theaterId=1293,https://movieland.co.il/order/?eventID=22364&theaterId=1293,Upgrade,2D,English,,2026-08-20,2026,,,,All,Glilot,MovieLand,608
19:10,Spider-Man: Brand New Day,ספיידרמן: יום חדש,https://movieland.co.il/order/?eventID=22349&theaterId=1293,https://movieland.co.il/order/?eventID=22349&theaterId=1293,Upgrade,2D,English,,2026-08-20,2026,,,,All,Glilot,MovieLand,608
19:35,Spider-Man: Brand New Day,ספיידרמן: יום חדש,https://movieland.co.il/order/?eventID=22351&theaterId=1293,https://movieland.co.il/order/?eventID=22351&theaterId=1293,Upgrade,2D,English,,2026-08-20,2026,,,,All,Glilot,MovieLand,608
22:35,Spider-Man: Brand New Day,ספיידרמן: יום חדש,https://movieland.co.il/order/?eventID=22350&theaterId=1293,https://movieland.co.il/order/?eventID=22350&theaterId=1293,Upgrade,2D,English,,2026-08-20,2026,,,,All,Glilot,MovieLand,608
22:20,The Odyssey,האודיסאה,https://movieland.co.il/order/?eventID=22347&theaterId=1293,https://movieland.co.il/order/?eventID=22347&theaterId=1293,Upgrade,2D,English,,2026-08-20,2026,,,,14+,Glilot,MovieLand,608
10:50,Paw Patrol: The Dino Movie,מפרץ ההרפתקאות: אי הדינוזאורים,https://movieland.co.il/order/?eventID=22352&theaterId=1293,https://movieland.co.il/order/?eventID=22352&theaterId=1293,Upgrade,2D,English,Hebrew,2026-08-20,2026,,,,All,Glilot,MovieLand,608
11:40,Minions & Monsters,מיניונים ומפלצות,https://movieland.co.il/order/?eventID=22348&theaterId=1293,https://movieland.co.il/order/?eventID=22348&theaterId=1293,Upgrade,2D,English,Hebrew,2026-08-20,2026,,,,All,Glilot,MovieLand,608
17:25,קופה ראשית: הסרט,קופה ראשית: הסרט,https://movieland.co.il/order/?eventID=22354&theaterId=1293,https://movieland.co.il/order/?eventID=22354&theaterId=1293,Upgrade,2D,Hebrew,,2026-08-20,2026,,,,All,Glilot,MovieLand,608
22:05,One night only,לגמור את הלילה,https://movieland.co.il/order/?eventID=22353&theaterId=1293,https://movieland.co.il/order/?eventID=22353&theaterId=1293,Upgrade,2D,English,,2026-08-20,2026,,,,14+,Glilot,MovieLand,608
00:20,End of Oak street,סוף רחוב האלון,https://movieland.co.il/order/?eventID=22362&theaterId=1293,https://movieland.co.il/order/?eventID=22362&theaterId=1293,Upgrade,2D,English,,2026-08-20,2026,,,,12+,Glilot,MovieLand,608
13:50,גבעה 338,גבעה 338,https://movieland.co.il/order/?eventID=22361&theaterId=1293,https://movieland.co.il/order/?eventID=22361&theaterId=1293,Upgrade,2D,Hebrew,,2026-08-20,2026,,,,9+,Glilot,MovieLand,608
19:20,גבעה 338,גבעה 338,https://movieland.co.il/order/?eventID=22424&theaterId=1293,https://movieland.co.il/order/?eventID=22424&theaterId=1293,Upgrade,2D,Hebrew,,2026-08-20,2026,,,,9+,Glilot,MovieLand,608
10:30,The Pout Pout Fish,דג ושמו באסה,https://movieland.co.il/order/?eventID=22413&theaterId=1293,https://movieland.co.il/order/?eventID=22413&theaterId=1293,Upgrade,2D,,Hebrew,2026-08-21,,,,,ליווי מבוגר עד גיל 8,Glilot,MovieLand,608
12:40,The Pout Pout Fish,דג ושמו באסה,https://movieland.co.il/order/?eventID=22414&theaterId=1293,https://movieland.co.il/order/?eventID=22414&theaterId=1293,Upgrade,2D,,Hebrew,2026-08-21,,,,,ליווי מבוגר עד גיל 8,Glilot,MovieLand,608
14:50,The Pout Pout Fish,דג ושמו באסה,https://movieland.co.il/order/?eventID=22415&theaterId=1293,https://movieland.co.il/order/?eventID=22415&theaterId=1293,Upgrade,2D,,Hebrew,2026-08-21,,,,,ליווי מבוגר עד גיל 8,Glilot,MovieLand,608
12:55,Coyote vs. ACME,לוני טונס מציגים: קיוטי נגד אקמי,https://movieland.co.il/order/?eventID=22411&theaterId=1293,https://movieland.co.il/order/?eventID=22411&theaterId=1293,Upgrade,2D,English,Hebrew,2026-08-21,2026,,,,All,Glilot,MovieLand,608
15:10,Coyote vs. ACME,לוני טונס מציגים: קיוטי נגד אקמי,https://movieland.co.il/order/?eventID=22412&theaterId=1293,https://movieland.co.il/order/?eventID=22412&theaterId=1293,Upgrade,2D,English,Hebrew,2026-08-21,2026,,,,All,Glilot,MovieLand,608
16:05,Spider-Man: Brand New Day,ספיידרמן: יום חדש,https://movieland.co.il/order/?eventID=22418&theaterId=1293,https://movieland.co.il/order/?eventID=22418&theaterId=1293,Upgrade,2D,English,,2026-08-21,2026,,,,All,Glilot,MovieLand,608
19:15,Spider-Man: Brand New Day,ספיידרמן: יום חדש,https://movieland.co.il/order/?eventID=22403&theaterId=1293,https://movieland.co.il/order/?eventID=22403&theaterId=1293,Upgrade,2D,English,,2026-08-21,2026,,,,All,Glilot,MovieLand,608
21:25,Spider-Man: Brand New Day,ספיידרמן: יום חדש,https://movieland.co.il/order/?eventID=22405&theaterId=1293,https://movieland.co.il/order/?eventID=22405&theaterId=1293,Upgrade,2D,English,,2026-08-21,2026,,,,All,Glilot,MovieLand,608
22:15,Spider-Man: Brand New Day,ספיידרמן: יום חדש,https://movieland.co.il/order/?eventID=22404&theaterId=1293,https://movieland.co.il/order/?eventID=22404&theaterId=1293,Upgrade,2D,English,,2026-08-21,2026,,,,All,Glilot,MovieLand,608
23:00,Spider-Man: Brand New Day,ספיידרמן: יום חדש,https://movieland.co.il/order/?eventID=22406&theaterId=1293,https://movieland.co.il/order/?eventID=22406&theaterId=1293,Upgrade,2D,English,,2026-08-21,2026,,,,All,Glilot,MovieLand,608
19:35,The Odyssey,האודיסאה,https://movieland.co.il/order/?eventID=22401&theaterId=1293,https://movieland.co.il/order/?eventID=22401&theaterId=1293,Upgrade,2D,English,,2026-08-21,2026,,,,14+,Glilot,MovieLand,608
10:50,Paw Patrol: The Dino Movie,מפרץ ההרפתקאות: אי הדינוזאורים,https://movieland.co.il/order/?eventID=22408&theaterId=1293,https://movieland.co.il/order/?eventID=22408&theaterId=1293,Upgrade,2D,English,Hebrew,2026-08-21,2026,,,,All,Glilot,MovieLand,608
17:25,קופה ראשית: הסרט,קופה ראשית: הסרט,https://movieland.co.il/order/?eventID=22410&theaterId=1293,https://movieland.co.il/order/?eventID=22410&theaterId=1293,Upgrade,2D,Hebrew,,2026-08-21,2026,,,,All,Glilot,MovieLand,608
00:25,One night only,לגמור את הלילה,https://movieland.co.il/order/?eventID=22409&theaterId=1293,https://movieland.co.il/order/?eventID=22409&theaterId=1293,Upgrade,2D,English,,2026-08-21,2026,,,,14+,Glilot,MovieLand,608
11:25,Toy Story 5,צעצוע של סיפור 5,https://movieland.co.il/order/?eventID=22402&theaterId=1293,https://movieland.co.il/order/?eventID=22402&theaterId=1293,Upgrade,2D,English,Hebrew,2026-08-21,2026,,,,All,Glilot,MovieLand,608
19:05,End of Oak street,סוף רחוב האלון,https://movieland.co.il/order/?eventID=22407&theaterId=1293,https://movieland.co.il/order/?eventID=22407&theaterId=1293,Upgrade,2D,English,,2026-08-21,2026,,,,12+,Glilot,MovieLand,608
17:00,סולטיז הסרט - וולוג ה-100,סולטיז הסרט - וולוג ה-100,https://movieland.co.il/order/?eventID=22417&theaterId=1293,https://movieland.co.il/order/?eventID=22417&theaterId=1293,Upgrade,2D,Hebrew,,2026-08-21,2026,,,,All,Glilot,MovieLand,608
13:45,גבעה 338,גבעה 338,https://movieland.co.il/order/?eventID=22416&theaterId=1293,https://movieland.co.il/order/?eventID=22416&theaterId=1293,Upgrade,2D,Hebrew,,2026-08-21,2026,,,,9+,Glilot,MovieLand,608
10:30,The Pout Pout Fish,דג ושמו באסה,https://movieland.co.il/order/?eventID=22311&theaterId=1293,https://movieland.co.il/order/?eventID=22311&theaterId=1293,Upgrade,2D,,Hebrew,2026-08-22,,,,,ליווי מבוגר עד גיל 8,Glilot,MovieLand,608
12:40,The Pout Pout Fish,דג ושמו באסה,https://movieland.co.il/order/?eventID=22312&theaterId=1293,https://movieland.co.il/order/?eventID=22312&theaterId=1293,Upgrade,2D,,Hebrew,2026-08-22,,,,,ליווי מבוגר עד גיל 8,Glilot,MovieLand,608
14:50,The Pout Pout Fish,דג ושמו באסה,https://movieland.co.il/order/?eventID=22313&theaterId=1293,https://movieland.co.il/order/?eventID=22313&theaterId=1293,Upgrade,2D,,Hebrew,2026-08-22,,,,,ליווי מבוגר עד גיל 8,Glilot,MovieLand,608
17:00,The Pout Pout Fish,דג ושמו באסה,https://movieland.co.il/order/?eventID=22326&theaterId=1293,https://movieland.co.il/order/?eventID=22326&theaterId=1293,Upgrade,2D,,Hebrew,2026-08-22,,,,,ליווי מבוגר עד גיל 8,Glilot,MovieLand,608
12:55,Coyote vs. ACME,לוני טונס מציגים: קיוטי נגד אקמי,https://movieland.co.il/order/?eventID=22315&theaterId=1293,https://movieland.co.il/order/?eventID=22315&theaterId=1293,Upgrade,2D,English,Hebrew,2026-08-22,2026,,,,All,Glilot,MovieLand,608
15:10,Coyote vs. ACME,לוני טונס מציגים: קיוטי נגד אקמי,https://movieland.co.il/order/?eventID=22316&theaterId=1293,https://movieland.co.il/order/?eventID=22316&theaterId=1293,Upgrade,2D,English,Hebrew,2026-08-22,2026,,,,All,Glilot,MovieLand,608
19:10,Spider-Man: Brand New Day,ספיידרמן: יום חדש,https://movieland.co.il/order/?eventID=22318&theaterId=1293,https://movieland.co.il/order/?eventID=22318&theaterId=1293,Upgrade,2D,English,,2026-08-22,2026,,,,All,Glilot,MovieLand,608
20:50,Spider-Man: Brand New Day,ספיידרמן: יום חדש,https://movieland.co.il/order/?eventID=22324&theaterId=1293,https://movieland.co.il/order/?eventID=22324&theaterId=1293,Upgrade,2D,English,,2026-08-22,2026,,,,All,Glilot,MovieLand,608
22:10,Spider-Man: Brand New Day,ספיידרמן: יום חדש,https://movieland.co.il/order/?eventID=22319&theaterId=1293,https://movieland.co.il/order/?eventID=22319&theaterId=1293,Upgrade,2D,English,,2026-08-22,2026,,,,All,Glilot,MovieLand,608
23:00,Spider-Man: Brand New Day,ספיידרמן: יום חדש,https://movieland.co.il/order/?eventID=22325&theaterId=1293,https://movieland.co.il/order/?eventID=22325&theaterId=1293,Upgrade,2D,English,,2026-08-22,2026,,,,All,Glilot,MovieLand,608
19:35,The Odyssey,האודיסאה,https://movieland.co.il/order/?eventID=22320&theaterId=1293,https://movieland.co.il/order/?eventID=22320&theaterId=1293,Upgrade,2D,English,,2026-08-22,2026,,,,14+,Glilot,MovieLand,608
10:50,Paw Patrol: The Dino Movie,מפרץ ההרפתקאות: אי הדינוזאורים,https://movieland.co.il/order/?eventID=22317&theaterId=1293,https://movieland.co.il/order/?eventID=22317&theaterId=1293,Upgrade,2D,English,Hebrew,2026-08-22,2026,,,,All,Glilot,MovieLand,608
14:10,Minions & Monsters,מיניונים ומפלצות,https://movieland.co.il/order/?eventID=22323&theaterId=1293,https://movieland.co.il/order/?eventID=22323&theaterId=1293,Upgrade,2D,English,Hebrew,2026-08-22,2026,,,,All,Glilot,MovieLand,608
17:25,קופה ראשית: הסרט,קופה ראשית: הסרט,https://movieland.co.il/order/?eventID=22321&theaterId=1293,https://movieland.co.il/order/?eventID=22321&theaterId=1293,Upgrade,2D,Hebrew,,2026-08-22,2026,,,,All,Glilot,MovieLand,608
23:50,One night only,לגמור את הלילה,https://movieland.co.il/order/?eventID=22327&theaterId=1293,https://movieland.co.il/order/?eventID=22327&theaterId=1293,Upgrade,2D,English,,2026-08-22,2026,,,,14+,Glilot,MovieLand,608
11:50,Toy Story 5,צעצוע של סיפור 5,https://movieland.co.il/order/?eventID=22322&theaterId=1293,https://movieland.co.il/order/?eventID=22322&theaterId=1293,Upgrade,2D,English,Hebrew,2026-08-22,2026,,,,All,Glilot,MovieLand,608
18:35,End of Oak street,סוף רחוב האלון,https://movieland.co.il/order/?eventID=22328&theaterId=1293,https://movieland.co.il/order/?eventID=22328&theaterId=1293,Upgrade,2D,English,,2026-08-22,2026,,,,12+,Glilot,MovieLand,608
16:15,גבעה 338,גבעה 338,https://movieland.co.il/order/?eventID=22314&theaterId=1293,https://movieland.co.il/order/?eventID=22314&theaterId=1293,Upgrade,2D,Hebrew,,2026-08-22,2026,,,,9+,Glilot,MovieLand,608
10:30,The Pout Pout Fish,דג ושמו באסה,https://movieland.co.il/order/?eventID=22378&theaterId=1293,https://movieland.co.il/order/?eventID=22378&theaterId=1293,Upgrade,2D,,Hebrew,2026-08-23,,,,,ליווי מבוגר עד גיל 8,Glilot,MovieLand,608
12:40,The Pout Pout Fish,דג ושמו באסה,https://movieland.co.il/order/?eventID=22379&theaterId=1293,https://movieland.co.il/order/?eventID=22379&theaterId=1293,Upgrade,2D,,Hebrew,2026-08-23,,,,,ליווי מבוגר עד גיל 8,Glilot,MovieLand,608
14:50,The Pout Pout Fish,דג ושמו באסה,https://movieland.co.il/order/?eventID=22380&theaterId=1293,https://movieland.co.il/order/?eventID=22380&theaterId=1293,Upgrade,2D,,Hebrew,2026-08-23,,,,,ליווי מבוגר עד גיל 8,Glilot,MovieLand,608
12:55,Coyote vs. ACME,לוני טונס מציגים: קיוטי נגד אקמי,https://movieland.co.il/order/?eventID=22376&theaterId=1293,https://movieland.co.il/order/?eventID=22376&theaterId=1293,Upgrade,2D,English,Hebrew,2026-08-23,2026,,,,All,Glilot,MovieLand,608
15:10,Coyote vs. ACME,לוני טונס מציגים: קיוטי נגד אקמי,https://movieland.co.il/order/?eventID=22377&theaterId=1293,https://movieland.co.il/order/?eventID=22377&theaterId=1293,Upgrade,2D,English,Hebrew,2026-08-23,2026,,,,All,Glilot,MovieLand,608
19:15,Spider-Man: Brand New Day,ספיידרמן: יום חדש,https://movieland.co.il/order/?eventID=22368&theaterId=1293,https://movieland.co.il/order/?eventID=22368&theaterId=1293,Upgrade,2D,English,,2026-08-23,2026,,,,All,Glilot,MovieLand,608
20:50,Spider-Man: Brand New Day,ספיידרמן: יום חדש,https://movieland.co.il/order/?eventID=22370&theaterId=1293,https://movieland.co.il/order/?eventID=22370&theaterId=1293,Upgrade,2D,English,,2026-08-23,2026,,,,All,Glilot,MovieLand,608
22:15,Spider-Man: Brand New Day,ספיידרמן: יום חדש,https://movieland.co.il/order/?eventID=22369&theaterId=1293,https://movieland.co.il/order/?eventID=22369&theaterId=1293,Upgrade,2D,English,,2026-08-23,2026,,,,All,Glilot,MovieLand,608
23:00,Spider-Man: Brand New Day,ספיידרמן: יום חדש,https://movieland.co.il/order/?eventID=22371&theaterId=1293,https://movieland.co.il/order/?eventID=22371&theaterId=1293,Upgrade,2D,English,,2026-08-23,2026,,,,All,Glilot,MovieLand,608
19:35,The Odyssey,האודיסאה,https://movieland.co.il/order/?eventID=22365&theaterId=1293,https://movieland.co.il/order/?eventID=22365&theaterId=1293,Upgrade,2D,English,,2026-08-23,2026,,,,14+,Glilot,MovieLand,608
10:50,Paw Patrol: The Dino Movie,מפרץ ההרפתקאות: אי הדינוזאורים,https://movieland.co.il/order/?eventID=22373&theaterId=1293,https://movieland.co.il/order/?eventID=22373&theaterId=1293,Upgrade,2D,English,Hebrew,2026-08-23,2026,,,,All,Glilot,MovieLand,608
14:10,Minions & Monsters,מיניונים ומפלצות,https://movieland.co.il/order/?eventID=22367&theaterId=1293,https://movieland.co.il/order/?eventID=22367&theaterId=1293,Upgrade,2D,English,Hebrew,2026-08-23,2026,,,,All,Glilot,MovieLand,608
17:25,קופה ראשית: הסרט,קופה ראשית: הסרט,https://movieland.co.il/order/?eventID=22375&theaterId=1293,https://movieland.co.il/order/?eventID=22375&theaterId=1293,Upgrade,2D,Hebrew,,2026-08-23,2026,,,,All,Glilot,MovieLand,608
18:35,One night only,לגמור את הלילה,https://movieland.co.il/order/?eventID=22374&theaterId=1293,https://movieland.co.il/order/?eventID=22374&theaterId=1293,Upgrade,2D,English,,2026-08-23,2026,,,,14+,Glilot,MovieLand,608
11:40,Moana (Live Action),מואנה,https://movieland.co.il/order/?eventID=22366&theaterId=1293,https://movieland.co.il/order/?eventID=22366&theaterId=1293,Upgrade,2D,English,Hebrew,2026-08-23,2026,,,,All,Glilot,MovieLand,608
23:50,End of Oak street,סוף רחוב האלון,https://movieland.co.il/order/?eventID=22372&theaterId=1293,https://movieland.co.il/order/?eventID=22372&theaterId=1293,Upgrade,2D,English,,2026-08-23,2026,,,,12+,Glilot,MovieLand,608
17:00,סולטיז הסרט - וולוג ה-100,סולטיז הסרט - וולוג ה-100,https://movieland.co.il/order/?eventID=22382&theaterId=1293,https://movieland.co.il/order/?eventID=22382&theaterId=1293,Upgrade,2D,Hebrew,,2026-08-23,2026,,,,All,Glilot,MovieLand,608
16:15,גבעה 338,גבעה 338,https://movieland.co.il/order/?eventID=22381&theaterId=1293,https://movieland.co.il/order/?eventID=22381&theaterId=1293,Upgrade,2D,Hebrew,,2026-08-23,2026,,,,9+,Glilot,MovieLand,608
10:30,The Pout Pout Fish,דג ושמו באסה,https://movieland.co.il/order/?eventID=22305&theaterId=1293,https://movieland.co.il/order/?eventID=22305&theaterId=1293,Upgrade,2D,,Hebrew,2026-08-24,,,,,ליווי מבוגר עד גיל 8,Glilot,MovieLand,608
12:40,The Pout Pout Fish,דג ושמו באסה,https://movieland.co.il/order/?eventID=22306&theaterId=1293,https://movieland.co.il/order/?eventID=22306&theaterId=1293,Upgrade,2D,,Hebrew,2026-08-24,,,,,ליווי מבוגר עד גיל 8,Glilot,MovieLand,608
14:50,The Pout Pout Fish,דג ושמו באסה,https://movieland.co.il/order/?eventID=22307&theaterId=1293,https://movieland.co.il/order/?eventID=22307&theaterId=1293,Upgrade,2D,,Hebrew,2026-08-24,,,,,ליווי מבוגר עד גיל 8,Glilot,MovieLand,608
17:00,The Pout Pout Fish,דג ושמו באסה,https://movieland.co.il/order/?eventID=22308&theaterId=1293,https://movieland.co.il/order/?eventID=22308&theaterId=1293,Upgrade,2D,,Hebrew,2026-08-24,,,,,ליווי מבוגר עד גיל 8,Glilot,MovieLand,608
12:55,Coyote vs. ACME,לוני טונס מציגים: קיוטי נגד אקמי,https://movieland.co.il/order/?eventID=22303&theaterId=1293,https://movieland.co.il/order/?eventID=22303&theaterId=1293,Upgrade,2D,English,Hebrew,2026-08-24,2026,,,,All,Glilot,MovieLand,608
15:10,Coyote vs. ACME,לוני טונס מציגים: קיוטי נגד אקמי,https://movieland.co.il/order/?eventID=22304&theaterId=1293,https://movieland.co.il/order/?eventID=22304&theaterId=1293,Upgrade,2D,English,Hebrew,2026-08-24,2026,,,,All,Glilot,MovieLand,608
19:10,Spider-Man: Brand New Day,ספיידרמן: יום חדש,https://movieland.co.il/order/?eventID=22295&theaterId=1293,https://movieland.co.il/order/?eventID=22295&theaterId=1293,Upgrade,2D,English,,2026-08-24,2026,,,,All,Glilot,MovieLand,608
20:50,Spider-Man: Brand New Day,ספיידרמן: יום חדש,https://movieland.co.il/order/?eventID=22297&theaterId=1293,https://movieland.co.il/order/?eventID=22297&theaterId=1293,Upgrade,2D,English,,2026-08-24,2026,,,,All,Glilot,MovieLand,608
22:10,Spider-Man: Brand New Day,ספיידרמן: יום חדש,https://movieland.co.il/order/?eventID=22296&theaterId=1293,https://movieland.co.il/order/?eventID=22296&theaterId=1293,Upgrade,2D,English,,2026-08-24,2026,,,,All,Glilot,MovieLand,608
23:00,Spider-Man: Brand New Day,ספיידרמן: יום חדש,https://movieland.co.il/order/?eventID=22298&theaterId=1293,https://movieland.co.il/order/?eventID=22298&theaterId=1293,Upgrade,2D,English,,2026-08-24,2026,,,,All,Glilot,MovieLand,608
19:35,The Odyssey,האודיסאה,https://movieland.co.il/order/?eventID=22293&theaterId=1293,https://movieland.co.il/order/?eventID=22293&theaterId=1293,Upgrade,2D,English,,2026-08-24,2026,,,,14+,Glilot,MovieLand,608
10:50,Paw Patrol: The Dino Movie,מפרץ ההרפתקאות: אי הדינוזאורים,https://movieland.co.il/order/?eventID=22300&theaterId=1293,https://movieland.co.il/order/?eventID=22300&theaterId=1293,Upgrade,2D,English,Hebrew,2026-08-24,2026,,,,All,Glilot,MovieLand,608
14:10,Minions & Monsters,מיניונים ומפלצות,https://movieland.co.il/order/?eventID=22294&theaterId=1293,https://movieland.co.il/order/?eventID=22294&theaterId=1293,Upgrade,2D,English,Hebrew,2026-08-24,2026,,,,All,Glilot,MovieLand,608
17:25,קופה ראשית: הסרט,קופה ראשית: הסרט,https://movieland.co.il/order/?eventID=22302&theaterId=1293,https://movieland.co.il/order/?eventID=22302&theaterId=1293,Upgrade,2D,Hebrew,,2026-08-24,2026,,,,All,Glilot,MovieLand,608
23:50,One night only,לגמור את הלילה,https://movieland.co.il/order/?eventID=22301&theaterId=1293,https://movieland.co.il/order/?eventID=22301&theaterId=1293,Upgrade,2D,English,,2026-08-24,2026,,,,14+,Glilot,MovieLand,608
11:50,Toy Story 5,צעצוע של סיפור 5,https://movieland.co.il/order/?eventID=22310&theaterId=1293,https://movieland.co.il/order/?eventID=22310&theaterId=1293,Upgrade,2D,English,Hebrew,2026-08-24,2026,,,,All,Glilot,MovieLand,608
18:35,End of Oak street,סוף רחוב האלון,https://movieland.co.il/order/?eventID=22299&theaterId=1293,https://movieland.co.il/order/?eventID=22299&theaterId=1293,Upgrade,2D,English,,2026-08-24,2026,,,,12+,Glilot,MovieLand,608
16:15,גבעה 338,גבעה 338,https://movieland.co.il/order/?eventID=22309&theaterId=1293,https://movieland.co.il/order/?eventID=22309&theaterId=1293,Upgrade,2D,Hebrew,,2026-08-24,2026,,,,9+,Glilot,MovieLand,608
10:30,The Pout Pout Fish,דג ושמו באסה,https://movieland.co.il/order/?eventID=22341&theaterId=1293,https://movieland.co.il/order/?eventID=22341&theaterId=1293,Upgrade,2D,,Hebrew,2026-08-25,,,,,ליווי מבוגר עד גיל 8,Glilot,MovieLand,608
12:40,The Pout Pout Fish,דג ושמו באסה,https://movieland.co.il/order/?eventID=22342&theaterId=1293,https://movieland.co.il/order/?eventID=22342&theaterId=1293,Upgrade,2D,,Hebrew,2026-08-25,,,,,ליווי מבוגר עד גיל 8,Glilot,MovieLand,608
14:50,The Pout Pout Fish,דג ושמו באסה,https://movieland.co.il/order/?eventID=22343&theaterId=1293,https://movieland.co.il/order/?eventID=22343&theaterId=1293,Upgrade,2D,,Hebrew,2026-08-25,,,,,ליווי מבוגר עד גיל 8,Glilot,MovieLand,608
17:00,The Pout Pout Fish,דג ושמו באסה,https://movieland.co.il/order/?eventID=22344&theaterId=1293,https://movieland.co.il/order/?eventID=22344&theaterId=1293,Upgrade,2D,,Hebrew,2026-08-25,,,,,ליווי מבוגר עד גיל 8,Glilot,MovieLand,608
12:55,Coyote vs. ACME,לוני טונס מציגים: קיוטי נגד אקמי,https://movieland.co.il/order/?eventID=22339&theaterId=1293,https://movieland.co.il/order/?eventID=22339&theaterId=1293,Upgrade,2D,English,Hebrew,2026-08-25,2026,,,,All,Glilot,MovieLand,608
15:10,Coyote vs. ACME,לוני טונס מציגים: קיוטי נגד אקמי,https://movieland.co.il/order/?eventID=22340&theaterId=1293,https://movieland.co.il/order/?eventID=22340&theaterId=1293,Upgrade,2D,English,Hebrew,2026-08-25,2026,,,,All,Glilot,MovieLand,608
19:10,Spider-Man: Brand New Day,ספיידרמן: יום חדש,https://movieland.co.il/order/?eventID=22332&theaterId=1293,https://movieland.co.il/order/?eventID=22332&theaterId=1293,Upgrade,2D,English,,2026-08-25,2026,,,,All,Glilot,MovieLand,608
21:10,Spider-Man: Brand New Day,ספיידרמן: יום חדש,https://movieland.co.il/order/?eventID=22346&theaterId=1293,https://movieland.co.il/order/?eventID=22346&theaterId=1293,Upgrade,2D,English,,2026-08-25,2026,,,,All,Glilot,MovieLand,608
22:10,Spider-Man: Brand New Day,ספיידרמן: יום חדש,https://movieland.co.il/order/?eventID=22333&theaterId=1293,https://movieland.co.il/order/?eventID=22333&theaterId=1293,Upgrade,2D,English,,2026-08-25,2026,,,,All,Glilot,MovieLand,608
23:00,Spider-Man: Brand New Day,ספיידרמן: יום חדש,https://movieland.co.il/order/?eventID=22334&theaterId=1293,https://movieland.co.il/order/?eventID=22334&theaterId=1293,Upgrade,2D,English,,2026-08-25,2026,,,,All,Glilot,MovieLand,608
19:35,The Odyssey,האודיסאה,https://movieland.co.il/order/?eventID=22329&theaterId=1293,https://movieland.co.il/order/?eventID=22329&theaterId=1293,Upgrade,2D,English,,2026-08-25,2026,,,,14+,Glilot,MovieLand,608
10:50,Paw Patrol: The Dino Movie,מפרץ ההרפתקאות: אי הדינוזאורים,https://movieland.co.il/order/?eventID=22336&theaterId=1293,https://movieland.co.il/order/?eventID=22336&theaterId=1293,Upgrade,2D,English,Hebrew,2026-08-25,2026,,,,All,Glilot,MovieLand,608
14:10,Minions & Monsters,מיניונים ומפלצות,https://movieland.co.il/order/?eventID=22331&theaterId=1293,https://movieland.co.il/order/?eventID=22331&theaterId=1293,Upgrade,2D,English,Hebrew,2026-08-25,2026,,,,All,Glilot,MovieLand,608
17:25,קופה ראשית: הסרט,קופה ראשית: הסרט,https://movieland.co.il/order/?eventID=22338&theaterId=1293,https://movieland.co.il/order/?eventID=22338&theaterId=1293,Upgrade,2D,Hebrew,,2026-08-25,2026,,,,All,Glilot,MovieLand,608
11:40,Moana (Live Action),מואנה,https://movieland.co.il/order/?eventID=22330&theaterId=1293,https://movieland.co.il/order/?eventID=22330&theaterId=1293,Upgrade,2D,English,Hebrew,2026-08-25,2026,,,,All,Glilot,MovieLand,608
00:10,End of Oak street,סוף רחוב האלון,https://movieland.co.il/order/?eventID=22335&theaterId=1293,https://movieland.co.il/order/?eventID=22335&theaterId=1293,Upgrade,2D,English,,2026-08-25,2026,,,,12+,Glilot,MovieLand,608
18:35,Valley of Shadows,בחזרה מההימלאיה,https://movieland.co.il/order/?eventID=22419&theaterId=1293,https://movieland.co.il/order/?eventID=22419&theaterId=1293,Upgrade,2D,ספרדית,,2026-08-25,2025,,,,12+,Glilot,MovieLand,608
16:15,גבעה 338,גבעה 338,https://movieland.co.il/order/?eventID=22345&theaterId=1293,https://movieland.co.il/order/?eventID=22345&theaterId=1293,Upgrade,2D,Hebrew,,2026-08-25,2026,,,,9+,Glilot,MovieLand,608
10:30,The Pout Pout Fish,דג ושמו באסה,https://movieland.co.il/order/?eventID=22392&theaterId=1293,https://movieland.co.il/order/?eventID=22392&theaterId=1293,Upgrade,2D,,Hebrew,2026-08-26,,,,,ליווי מבוגר עד גיל 8,Glilot,MovieLand,608
12:40,The Pout Pout Fish,דג ושמו באסה,https://movieland.co.il/order/?eventID=22393&theaterId=1293,https://movieland.co.il/order/?eventID=22393&theaterId=1293,Upgrade,2D,,Hebrew,2026-08-26,,,,,ליווי מבוגר עד גיל 8,Glilot,MovieLand,608
14:50,The Pout Pout Fish,דג ושמו באסה,https://movieland.co.il/order/?eventID=22394&theaterId=1293,https://movieland.co.il/order/?eventID=22394&theaterId=1293,Upgrade,2D,,Hebrew,2026-08-26,,,,,ליווי מבוגר עד גיל 8,Glilot,MovieLand,608
12:55,Coyote vs. ACME,לוני טונס מציגים: קיוטי נגד אקמי,https://movieland.co.il/order/?eventID=22390&theaterId=1293,https://movieland.co.il/order/?eventID=22390&theaterId=1293,Upgrade,2D,English,Hebrew,2026-08-26,2026,,,,All,Glilot,MovieLand,608
15:10,Coyote vs. ACME,לוני טונס מציגים: קיוטי נגד אקמי,https://movieland.co.il/order/?eventID=22391&theaterId=1293,https://movieland.co.il/order/?eventID=22391&theaterId=1293,Upgrade,2D,English,Hebrew,2026-08-26,2026,,,,All,Glilot,MovieLand,608
19:15,Spider-Man: Brand New Day,ספיידרמן: יום חדש,https://movieland.co.il/order/?eventID=22385&theaterId=1293,https://movieland.co.il/order/?eventID=22385&theaterId=1293,Upgrade,2D,English,,2026-08-26,2026,,,,All,Glilot,MovieLand,608
22:15,Spider-Man: Brand New Day,ספיידרמן: יום חדש,https://movieland.co.il/order/?eventID=22386&theaterId=1293,https://movieland.co.il/order/?eventID=22386&theaterId=1293,Upgrade,2D,English,,2026-08-26,2026,,,,All,Glilot,MovieLand,608
23:00,Spider-Man: Brand New Day,ספיידרמן: יום חדש,https://movieland.co.il/order/?eventID=22387&theaterId=1293,https://movieland.co.il/order/?eventID=22387&theaterId=1293,Upgrade,2D,English,,2026-08-26,2026,,,,All,Glilot,MovieLand,608
19:35,The Odyssey,האודיסאה,https://movieland.co.il/order/?eventID=22383&theaterId=1293,https://movieland.co.il/order/?eventID=22383&theaterId=1293,Upgrade,2D,English,,2026-08-26,2026,,,,14+,Glilot,MovieLand,608
10:50,Paw Patrol: The Dino Movie,מפרץ ההרפתקאות: אי הדינוזאורים,https://movieland.co.il/order/?eventID=22388&theaterId=1293,https://movieland.co.il/order/?eventID=22388&theaterId=1293,Upgrade,2D,English,Hebrew,2026-08-26,2026,,,,All,Glilot,MovieLand,608
14:10,Minions & Monsters,מיניונים ומפלצות,https://movieland.co.il/order/?eventID=22384&theaterId=1293,https://movieland.co.il/order/?eventID=22384&theaterId=1293,Upgrade,2D,English,Hebrew,2026-08-26,2026,,,,All,Glilot,MovieLand,608
18:35,The Dog Stars,כוכבי הכלב,https://movieland.co.il/order/?eventID=22398&theaterId=1293,https://movieland.co.il/order/?eventID=22398&theaterId=1293,Upgrade,2D,English,,2026-08-26,2026,,,,,Glilot,MovieLand,608
21:10,The Dog Stars,כוכבי הכלב,https://movieland.co.il/order/?eventID=22399&theaterId=1293,https://movieland.co.il/order/?eventID=22399&theaterId=1293,Upgrade,2D,English,,2026-08-26,2026,,,,,Glilot,MovieLand,608
23:45,The Dog Stars,כוכבי הכלב,https://movieland.co.il/order/?eventID=22400&theaterId=1293,https://movieland.co.il/order/?eventID=22400&theaterId=1293,Upgrade,2D,English,,2026-08-26,2026,,,,,Glilot,MovieLand,608
11:55,Marsupilami,מרסופילאמי,https://movieland.co.il/order/?eventID=22396&theaterId=1293,https://movieland.co.il/order/?eventID=22396&theaterId=1293,Upgrade,2D,French,Hebrew,2026-08-26,2025,,,,All,Glilot,MovieLand,608
17:25,קופה ראשית: הסרט,קופה ראשית: הסרט,https://movieland.co.il/order/?eventID=22389&theaterId=1293,https://movieland.co.il/order/?eventID=22389&theaterId=1293,Upgrade,2D,Hebrew,,2026-08-26,2026,,,,All,Glilot,MovieLand,608
17:00,סולטיז הסרט - וולוג ה-100,סולטיז הסרט - וולוג ה-100,https://movieland.co.il/order/?eventID=22397&theaterId=1293,https://movieland.co.il/order/?eventID=22397&theaterId=1293,Upgrade,2D,Hebrew,,2026-08-26,2026,,,,All,Glilot,MovieLand,608
16:15,גבעה 338,גבעה 338,https://movieland.co.il/order/?eventID=22395&theaterId=1293,https://movieland.co.il/order/?eventID=22395&theaterId=1293,Upgrade,2D,Hebrew,,2026-08-26,2026,,,,9+,Glilot,MovieLand,608
21:00,MovieRetro- לב אמיץ,MovieRetro- לב אמיץ,https://movieland.co.il/order/?eventID=22012&theaterId=1293,https://movieland.co.il/order/?eventID=22012&theaterId=1293,Upgrade,2D,English,,2026-08-27,1995,,,,,Glilot,MovieLand,608
19:30,MovieRetro- הזאב מוול סטריט,MovieRetro- הזאב מוול סטריט,https://movieland.co.il/order/?eventID=19661&theaterId=1293,https://movieland.co.il/order/?eventID=19661&theaterId=1293,Upgrade,2D,English,,2026-09-03,2013,,,,,Glilot,MovieLand,608
10:45,"מועדון סרטי איכות- ""מתכון מנצח"" בטרום בכורה","מועדון סרטי איכות- ""מתכון מנצח"" בטרום בכורה",https://movieland.co.il/order/?eventID=19656&theaterId=1293,https://movieland.co.il/order/?eventID=19656&theaterId=1293,Upgrade,2D,English,,2026-09-04,2025,,,,,Glilot,MovieLand,608
12:00,"מועדון סרטי איכות- ""מתכון מנצח"" בטרום בכורה","מועדון סרטי איכות- ""מתכון מנצח"" בטרום בכורה",https://movieland.co.il/order/?eventID=19657&theaterId=1293,https://movieland.co.il/order/?eventID=19657&theaterId=1293,Upgrade,2D,English,,2026-09-04,2025,,,,,Glilot,MovieLand,608
17:00,MovieRetro- אמיצה (מדובב),MovieRetro- אמיצה,https://movieland.co.il/order/?eventID=22420&theaterId=1293,https://movieland.co.il/order/?eventID=22420&theaterId=1293,Upgrade,2D,English,Hebrew,2026-09-24,2012,,,,,Glilot,MovieLand,608
10:35,The Pout Pout Fish,דג ושמו באסה,https://movieland.co.il/order/?eventID=104577&theaterId=1291,https://movieland.co.il/order/?eventID=104577&theaterId=1291,Upgrade,2D,,Hebrew,2026-08-20,,,,,ליווי מבוגר עד גיל 8,Haifa,MovieLand,608
12:45,The Pout Pout Fish,דג ושמו באסה,https://movieland.co.il/order/?eventID=104578&theaterId=1291,https://movieland.co.il/order/?eventID=104578&theaterId=1291,Upgrade,2D,,Hebrew,2026-08-20,,,,,ליווי מבוגר עד גיל 8,Haifa,MovieLand,608
14:55,The Pout Pout Fish,דג ושמו באסה,https://movieland.co.il/order/?eventID=104579&theaterId=1291,https://movieland.co.il/order/?eventID=104579&theaterId=1291,Upgrade,2D,,Hebrew,2026-08-20,,,,,ליווי מבוגר עד גיל 8,Haifa,MovieLand,608
17:05,The Pout Pout Fish,דג ושמו באסה,https://movieland.co.il/order/?eventID=104580&theaterId=1291,https://movieland.co.il/order/?eventID=104580&theaterId=1291,Upgrade,2D,,Hebrew,2026-08-20,,,,,ליווי מבוגר עד גיל 8,Haifa,MovieLand,608
11:30,Coyote vs. ACME,לוני טונס מציגים: קיוטי נגד אקמי,https://movieland.co.il/order/?eventID=104574&theaterId=1291,https://movieland.co.il/order/?eventID=104574&theaterId=1291,Upgrade,2D,English,Hebrew,2026-08-20,2026,,,,All,Haifa,MovieLand,608
13:45,Coyote vs. ACME,לוני טונס מציגים: קיוטי נגד אקמי,https://movieland.co.il/order/?eventID=104575&theaterId=1291,https://movieland.co.il/order/?eventID=104575&theaterId=1291,Upgrade,2D,English,Hebrew,2026-08-20,2026,,,,All,Haifa,MovieLand,608
16:00,Coyote vs. ACME,לוני טונס מציגים: קיוטי נגד אקמי,https://movieland.co.il/order/?eventID=104576&theaterId=1291,https://movieland.co.il/order/?eventID=104576&theaterId=1291,Upgrade,2D,English,Hebrew,2026-08-20,2026,,,,All,Haifa,MovieLand,608
13:50,Spider-Man: Brand New Day,ספיידרמן: יום חדש,https://movieland.co.il/order/?eventID=104558&theaterId=1291,https://movieland.co.il/order/?eventID=104558&theaterId=1291,Regular,2D,English,,2026-08-20,2026,,,,All,Haifa,MovieLand,608
17:15,Spider-Man: Brand New Day,ספיידרמן: יום חדש,https://movieland.co.il/order/?eventID=104555&theaterId=1291,https://movieland.co.il/order/?eventID=104555&theaterId=1291,Upgrade,2D,English,,2026-08-20,2026,,,,All,Haifa,MovieLand,608
18:15,Spider-Man: Brand New Day,ספיידרמן: יום חדש,https://movieland.co.il/order/?eventID=104553&theaterId=1291,https://movieland.co.il/order/?eventID=104553&theaterId=1291,Upgrade,2D,English,,2026-08-20,2026,,,,All,Haifa,MovieLand,608
20:15,Spider-Man: Brand New Day,ספיידרמן: יום חדש,https://movieland.co.il/order/?eventID=104556&theaterId=1291,https://movieland.co.il/order/?eventID=104556&theaterId=1291,Upgrade,2D,English,,2026-08-20,2026,,,,All,Haifa,MovieLand,608
21:15,Spider-Man: Brand New Day,ספיידרמן: יום חדש,https://movieland.co.il/order/?eventID=104554&theaterId=1291,https://movieland.co.il/order/?eventID=104554&theaterId=1291,Upgrade,2D,English,,2026-08-20,2026,,,,All,Haifa,MovieLand,608
23:15,Spider-Man: Brand New Day,ספיידרמן: יום חדש,https://movieland.co.il/order/?eventID=104557&theaterId=1291,https://movieland.co.il/order/?eventID=104557&theaterId=1291,Upgrade,2D,English,,2026-08-20,2026,,,,All,Haifa,MovieLand,608
19:15,The Odyssey,האודיסאה,https://movieland.co.il/order/?eventID=104546&theaterId=1291,https://movieland.co.il/order/?eventID=104546&theaterId=1291,Upgrade,2D,English,,2026-08-20,2026,,,,14+,Haifa,MovieLand,608
22:40,The Odyssey,האודיסאה,https://movieland.co.il/order/?eventID=104547&theaterId=1291,https://movieland.co.il/order/?eventID=104547&theaterId=1291,Upgrade,2D,English,,2026-08-20,2026,,,,14+,Haifa,MovieLand,608
11:00,Paw Patrol: The Dino Movie,מפרץ ההרפתקאות: אי הדינוזאורים,https://movieland.co.il/order/?eventID=104561&theaterId=1291,https://movieland.co.il/order/?eventID=104561&theaterId=1291,Upgrade,2D,English,Hebrew,2026-08-20,2026,,,,All,Haifa,MovieLand,608
13:05,Paw Patrol: The Dino Movie,מפרץ ההרפתקאות: אי הדינוזאורים,https://movieland.co.il/order/?eventID=104562&theaterId=1291,https://movieland.co.il/order/?eventID=104562&theaterId=1291,Upgrade,2D,English,Hebrew,2026-08-20,2026,,,,All,Haifa,MovieLand,608
15:10,Paw Patrol: The Dino Movie,מפרץ ההרפתקאות: אי הדינוזאורים,https://movieland.co.il/order/?eventID=104563&theaterId=1291,https://movieland.co.il/order/?eventID=104563&theaterId=1291,Upgrade,2D,English,Hebrew,2026-08-20,2026,,,,All,Haifa,MovieLand,608
11:55,Minions & Monsters,מיניונים ומפלצות,https://movieland.co.il/order/?eventID=104552&theaterId=1291,https://movieland.co.il/order/?eventID=104552&theaterId=1291,Regular,2D,English,Hebrew,2026-08-20,2026,,,,All,Haifa,MovieLand,608
16:40,Minions & Monsters,מיניונים ומפלצות,https://movieland.co.il/order/?eventID=104551&theaterId=1291,https://movieland.co.il/order/?eventID=104551&theaterId=1291,Regular,2D,English,Hebrew,2026-08-20,2026,,,,All,Haifa,MovieLand,608
12:10,Marsupilami,מרסופילאמי,https://movieland.co.il/order/?eventID=104550&theaterId=1291,https://movieland.co.il/order/?eventID=104550&theaterId=1291,Regular,2D,French,Hebrew,2026-08-20,2025,,,,All,Haifa,MovieLand,608
14:25,Marsupilami,מרסופילאמי,https://movieland.co.il/order/?eventID=104587&theaterId=1291,https://movieland.co.il/order/?eventID=104587&theaterId=1291,Regular,2D,French,Hebrew,2026-08-20,2025,,,,All,Haifa,MovieLand,608
19:00,Spa Weekend,ספא וויקנד,https://movieland.co.il/order/?eventID=104569&theaterId=1291,https://movieland.co.il/order/?eventID=104569&theaterId=1291,Regular,2D,English,,2026-08-20,2026,,,,14+,Haifa,MovieLand,608
21:15,Spa Weekend,ספא וויקנד,https://movieland.co.il/order/?eventID=104570&theaterId=1291,https://movieland.co.il/order/?eventID=104570&theaterId=1291,Regular,2D,English,,2026-08-20,2026,,,,14+,Haifa,MovieLand,608
23:30,Spa Weekend,ספא וויקנד,https://movieland.co.il/order/?eventID=104571&theaterId=1291,https://movieland.co.il/order/?eventID=104571&theaterId=1291,Regular,2D,English,,2026-08-20,2026,,,,14+,Haifa,MovieLand,608
12:20,קופה ראשית: הסרט,קופה ראשית: הסרט,https://movieland.co.il/order/?eventID=104566&theaterId=1291,https://movieland.co.il/order/?eventID=104566&theaterId=1291,Upgrade,2D,Hebrew,,2026-08-20,2026,,,,All,Haifa,MovieLand,608
16:50,קופה ראשית: הסרט,קופה ראשית: הסרט,https://movieland.co.il/order/?eventID=104567&theaterId=1291,https://movieland.co.il/order/?eventID=104567&theaterId=1291,Regular,2D,Hebrew,,2026-08-20,2026,,,,All,Haifa,MovieLand,608
21:35,One night only,לגמור את הלילה,https://movieland.co.il/order/?eventID=104564&theaterId=1291,https://movieland.co.il/order/?eventID=104564&theaterId=1291,Upgrade,2D,English,,2026-08-20,2026,,,,14+,Haifa,MovieLand,608
23:55,One night only,לגמור את הלילה,https://movieland.co.il/order/?eventID=104565&theaterId=1291,https://movieland.co.il/order/?eventID=104565&theaterId=1291,Upgrade,2D,English,,2026-08-20,2026,,,,14+,Haifa,MovieLand,608
11:30,Toy Story 5,צעצוע של סיפור 5,https://movieland.co.il/order/?eventID=104548&theaterId=1291,https://movieland.co.il/order/?eventID=104548&theaterId=1291,Regular,2D,English,Hebrew,2026-08-20,2026,,,,All,Haifa,MovieLand,608
14:05,Moana (Live Action),מואנה,https://movieland.co.il/order/?eventID=104549&theaterId=1291,https://movieland.co.il/order/?eventID=104549&theaterId=1291,Regular,2D,English,Hebrew,2026-08-20,2026,,,,All,Haifa,MovieLand,608
21:55,End of Oak street,סוף רחוב האלון,https://movieland.co.il/order/?eventID=104559&theaterId=1291,https://movieland.co.il/order/?eventID=104559&theaterId=1291,Regular,2D,English,,2026-08-20,2026,,,,12+,Haifa,MovieLand,608
00:10,End of Oak street,סוף רחוב האלון,https://movieland.co.il/order/?eventID=104560&theaterId=1291,https://movieland.co.il/order/?eventID=104560&theaterId=1291,Regular,2D,English,,2026-08-20,2026,,,,12+,Haifa,MovieLand,608
14:35,סולטיז הסרט - וולוג ה-100,סולטיז הסרט - וולוג ה-100,https://movieland.co.il/order/?eventID=104568&theaterId=1291,https://movieland.co.il/order/?eventID=104568&theaterId=1291,Upgrade,2D,Hebrew,,2026-08-20,2026,,,,All,Haifa,MovieLand,608
16:55,גבעה 338,גבעה 338,https://movieland.co.il/order/?eventID=104581&theaterId=1291,https://movieland.co.il/order/?eventID=104581&theaterId=1291,Upgrade,2D,Hebrew,,2026-08-20,2026,,,,9+,Haifa,MovieLand,608
19:15,גבעה 338,גבעה 338,https://movieland.co.il/order/?eventID=104585&theaterId=1291,https://movieland.co.il/order/?eventID=104585&theaterId=1291,Upgrade,2D,Hebrew,,2026-08-20,2026,,,,9+,Haifa,MovieLand,608
21:25,גבעה 338,גבעה 338,https://movieland.co.il/order/?eventID=104765&theaterId=1291,https://movieland.co.il/order/?eventID=104765&theaterId=1291,Regular,2D,Hebrew,,2026-08-20,2026,,,,9+,Haifa,MovieLand,608
23:45,גבעה 338,גבעה 338,https://movieland.co.il/order/?eventID=104582&theaterId=1291,https://movieland.co.il/order/?eventID=104582&theaterId=1291,Regular,2D,Hebrew,,2026-08-20,2026,,,,9+,Haifa,MovieLand,608
00:15,Ice Cream Man,איש הגלידה,https://movieland.co.il/order/?eventID=104572&theaterId=1291,https://movieland.co.il/order/?eventID=104572&theaterId=1291,Upgrade,2D,English,,2026-08-20,2026,,,,18+,Haifa,MovieLand,608
18:45,НА КРАЮ ОУК-СТРИТ,НА КРАЮ ОУК-СТРИТ,https://movieland.co.il/order/?eventID=104583&theaterId=1291,https://movieland.co.il/order/?eventID=104583&theaterId=1291,Regular,2D,английский,,2026-08-20,,,,,12+,Haifa,MovieLand,608
18:55,ЧЕЛОВЕК-ПАУК: НОВЫЙ ДЕНЬ,ЧЕЛОВЕК-ПАУК: НОВЫЙ ДЕНЬ,https://movieland.co.il/order/?eventID=104573&theaterId=1291,https://movieland.co.il/order/?eventID=104573&theaterId=1291,Regular,2D,английский,,2026-08-20,2026,,,,Нет возрастных ограничений,Haifa,MovieLand,608
16:40,Coyote vs. ACME,לוני טונס מציגים: קיוטי נגד אקמי,https://movieland.co.il/order/?eventID=104586&theaterId=1291,https://movieland.co.il/order/?eventID=104586&theaterId=1291,Regular,2D,English,,2026-08-20,2026,,,,All,Haifa,MovieLand,608
10:35,The Pout Pout Fish,דג ושמו באסה,https://movieland.co.il/order/?eventID=104747&theaterId=1291,https://movieland.co.il/order/?eventID=104747&theaterId=1291,Upgrade,2D,,Hebrew,2026-08-21,,,,,ליווי מבוגר עד גיל 8,Haifa,MovieLand,608
12:45,The Pout Pout Fish,דג ושמו באסה,https://movieland.co.il/order/?eventID=104748&theaterId=1291,https://movieland.co.il/order/?eventID=104748&theaterId=1291,Upgrade,2D,,Hebrew,2026-08-21,,,,,ליווי מבוגר עד גיל 8,Haifa,MovieLand,608
14:55,The Pout Pout Fish,דג ושמו באסה,https://movieland.co.il/order/?eventID=104749&theaterId=1291,https://movieland.co.il/order/?eventID=104749&theaterId=1291,Upgrade,2D,,Hebrew,2026-08-21,,,,,ליווי מבוגר עד גיל 8,Haifa,MovieLand,608
17:05,The Pout Pout Fish,דג ושמו באסה,https://movieland.co.il/order/?eventID=104750&theaterId=1291,https://movieland.co.il/order/?eventID=104750&theaterId=1291,Upgrade,2D,,Hebrew,2026-08-21,,,,,ליווי מבוגר עד גיל 8,Haifa,MovieLand,608
11:30,Coyote vs. ACME,לוני טונס מציגים: קיוטי נגד אקמי,https://movieland.co.il/order/?eventID=104744&theaterId=1291,https://movieland.co.il/order/?eventID=104744&theaterId=1291,Upgrade,2D,English,Hebrew,2026-08-21,2026,,,,All,Haifa,MovieLand,608
13:45,Coyote vs. ACME,לוני טונס מציגים: קיוטי נגד אקמי,https://movieland.co.il/order/?eventID=104745&theaterId=1291,https://movieland.co.il/order/?eventID=104745&theaterId=1291,Upgrade,2D,English,Hebrew,2026-08-21,2026,,,,All,Haifa,MovieLand,608
16:00,Coyote vs. ACME,לוני טונס מציגים: קיוטי נגד אקמי,https://movieland.co.il/order/?eventID=104746&theaterId=1291,https://movieland.co.il/order/?eventID=104746&theaterId=1291,Upgrade,2D,English,Hebrew,2026-08-21,2026,,,,All,Haifa,MovieLand,608
13:50,Spider-Man: Brand New Day,ספיידרמן: יום חדש,https://movieland.co.il/order/?eventID=104728&theaterId=1291,https://movieland.co.il/order/?eventID=104728&theaterId=1291,Regular,2D,English,,2026-08-21,2026,,,,All,Haifa,MovieLand,608
17:15,Spider-Man: Brand New Day,ספיידרמן: יום חדש,https://movieland.co.il/order/?eventID=104725&theaterId=1291,https://movieland.co.il/order/?eventID=104725&theaterId=1291,Upgrade,2D,English,,2026-08-21,2026,,,,All,Haifa,MovieLand,608
18:15,Spider-Man: Brand New Day,ספיידרמן: יום חדש,https://movieland.co.il/order/?eventID=104723&theaterId=1291,https://movieland.co.il/order/?eventID=104723&theaterId=1291,Upgrade,2D,English,,2026-08-21,2026,,,,All,Haifa,MovieLand,608
20:15,Spider-Man: Brand New Day,ספיידרמן: יום חדש,https://movieland.co.il/order/?eventID=104726&theaterId=1291,https://movieland.co.il/order/?eventID=104726&theaterId=1291,Upgrade,2D,English,,2026-08-21,2026,,,,All,Haifa,MovieLand,608
21:15,Spider-Man: Brand New Day,ספיידרמן: יום חדש,https://movieland.co.il/order/?eventID=104724&theaterId=1291,https://movieland.co.il/order/?eventID=104724&theaterId=1291,Upgrade,2D,English,,2026-08-21,2026,,,,All,Haifa,MovieLand,608
23:15,Spider-Man: Brand New Day,ספיידרמן: יום חדש,https://movieland.co.il/order/?eventID=104727&theaterId=1291,https://movieland.co.il/order/?eventID=104727&theaterId=1291,Upgrade,2D,English,,2026-08-21,2026,,,,All,Haifa,MovieLand,608
19:15,The Odyssey,האודיסאה,https://movieland.co.il/order/?eventID=104717&theaterId=1291,https://movieland.co.il/order/?eventID=104717&theaterId=1291,Upgrade,2D,English,,2026-08-21,2026,,,,14+,Haifa,MovieLand,608
22:40,The Odyssey,האודיסאה,https://movieland.co.il/order/?eventID=104718&theaterId=1291,https://movieland.co.il/order/?eventID=104718&theaterId=1291,Upgrade,2D,English,,2026-08-21,2026,,,,14+,Haifa,MovieLand,608
11:00,Paw Patrol: The Dino Movie,מפרץ ההרפתקאות: אי הדינוזאורים,https://movieland.co.il/order/?eventID=104731&theaterId=1291,https://movieland.co.il/order/?eventID=104731&theaterId=1291,Upgrade,2D,English,Hebrew,2026-08-21,2026,,,,All,Haifa,MovieLand,608
13:05,Paw Patrol: The Dino Movie,מפרץ ההרפתקאות: אי הדינוזאורים,https://movieland.co.il/order/?eventID=104732&theaterId=1291,https://movieland.co.il/order/?eventID=104732&theaterId=1291,Upgrade,2D,English,Hebrew,2026-08-21,2026,,,,All,Haifa,MovieLand,608
15:10,Paw Patrol: The Dino Movie,מפרץ ההרפתקאות: אי הדינוזאורים,https://movieland.co.il/order/?eventID=104733&theaterId=1291,https://movieland.co.il/order/?eventID=104733&theaterId=1291,Upgrade,2D,English,Hebrew,2026-08-21,2026,,,,All,Haifa,MovieLand,608
11:45,Minions & Monsters,מיניונים ומפלצות,https://movieland.co.il/order/?eventID=104756&theaterId=1291,https://movieland.co.il/order/?eventID=104756&theaterId=1291,Regular,2D,English,Hebrew,2026-08-21,2026,,,,All,Haifa,MovieLand,608
16:40,Minions & Monsters,מיניונים ומפלצות,https://movieland.co.il/order/?eventID=104722&theaterId=1291,https://movieland.co.il/order/?eventID=104722&theaterId=1291,Regular,2D,English,Hebrew,2026-08-21,2026,,,,All,Haifa,MovieLand,608
12:10,Marsupilami,מרסופילאמי,https://movieland.co.il/order/?eventID=104721&theaterId=1291,https://movieland.co.il/order/?eventID=104721&theaterId=1291,Regular,2D,French,Hebrew,2026-08-21,2025,,,,All,Haifa,MovieLand,608
14:25,Marsupilami,מרסופילאמי,https://movieland.co.il/order/?eventID=104758&theaterId=1291,https://movieland.co.il/order/?eventID=104758&theaterId=1291,Regular,2D,French,Hebrew,2026-08-21,2025,,,,All,Haifa,MovieLand,608
19:00,Spa Weekend,ספא וויקנד,https://movieland.co.il/order/?eventID=104739&theaterId=1291,https://movieland.co.il/order/?eventID=104739&theaterId=1291,Regular,2D,English,,2026-08-21,2026,,,,14+,Haifa,MovieLand,608
21:15,Spa Weekend,ספא וויקנד,https://movieland.co.il/order/?eventID=104740&theaterId=1291,https://movieland.co.il/order/?eventID=104740&theaterId=1291,Regular,2D,English,,2026-08-21,2026,,,,14+,Haifa,MovieLand,608
23:30,Spa Weekend,ספא וויקנד,https://movieland.co.il/order/?eventID=104741&theaterId=1291,https://movieland.co.il/order/?eventID=104741&theaterId=1291,Regular,2D,English,,2026-08-21,2026,,,,14+,Haifa,MovieLand,608
11:50,קופה ראשית: הסרט,קופה ראשית: הסרט,https://movieland.co.il/order/?eventID=104737&theaterId=1291,https://movieland.co.il/order/?eventID=104737&theaterId=1291,Upgrade,2D,Hebrew,,2026-08-21,2026,,,,All,Haifa,MovieLand,608
16:50,קופה ראשית: הסרט,קופה ראשית: הסרט,https://movieland.co.il/order/?eventID=104738&theaterId=1291,https://movieland.co.il/order/?eventID=104738&theaterId=1291,Regular,2D,Hebrew,,2026-08-21,2026,,,,All,Haifa,MovieLand,608
19:45,One night only,לגמור את הלילה,https://movieland.co.il/order/?eventID=104734&theaterId=1291,https://movieland.co.il/order/?eventID=104734&theaterId=1291,Upgrade,2D,English,,2026-08-21,2026,,,,14+,Haifa,MovieLand,608
22:05,One night only,לגמור את הלילה,https://movieland.co.il/order/?eventID=104735&theaterId=1291,https://movieland.co.il/order/?eventID=104735&theaterId=1291,Upgrade,2D,English,,2026-08-21,2026,,,,14+,Haifa,MovieLand,608
00:25,One night only,לגמור את הלילה,https://movieland.co.il/order/?eventID=104736&theaterId=1291,https://movieland.co.il/order/?eventID=104736&theaterId=1291,Upgrade,2D,English,,2026-08-21,2026,,,,14+,Haifa,MovieLand,608
11:30,Toy Story 5,צעצוע של סיפור 5,https://movieland.co.il/order/?eventID=104719&theaterId=1291,https://movieland.co.il/order/?eventID=104719&theaterId=1291,Regular,2D,English,Hebrew,2026-08-21,2026,,,,All,Haifa,MovieLand,608
13:55,Moana (Live Action),מואנה,https://movieland.co.il/order/?eventID=104720&theaterId=1291,https://movieland.co.il/order/?eventID=104720&theaterId=1291,Regular,2D,English,Hebrew,2026-08-21,2026,,,,All,Haifa,MovieLand,608
21:35,End of Oak street,סוף רחוב האלון,https://movieland.co.il/order/?eventID=104729&theaterId=1291,https://movieland.co.il/order/?eventID=104729&theaterId=1291,Regular,2D,English,,2026-08-21,2026,,,,12+,Haifa,MovieLand,608
23:50,End of Oak street,סוף רחוב האלון,https://movieland.co.il/order/?eventID=104730&theaterId=1291,https://movieland.co.il/order/?eventID=104730&theaterId=1291,Regular,2D,English,,2026-08-21,2026,,,,12+,Haifa,MovieLand,608
17:20,גבעה 338,גבעה 338,https://movieland.co.il/order/?eventID=104751&theaterId=1291,https://movieland.co.il/order/?eventID=104751&theaterId=1291,Upgrade,2D,Hebrew,,2026-08-21,2026,,,,9+,Haifa,MovieLand,608
22:10,גבעה 338,גבעה 338,https://movieland.co.il/order/?eventID=104752&theaterId=1291,https://movieland.co.il/order/?eventID=104752&theaterId=1291,Regular,2D,Hebrew,,2026-08-21,2026,,,,9+,Haifa,MovieLand,608
00:30,גבעה 338,גבעה 338,https://movieland.co.il/order/?eventID=104753&theaterId=1291,https://movieland.co.il/order/?eventID=104753&theaterId=1291,Regular,2D,Hebrew,,2026-08-21,2026,,,,9+,Haifa,MovieLand,608
00:15,Ice Cream Man,איש הגלידה,https://movieland.co.il/order/?eventID=104742&theaterId=1291,https://movieland.co.il/order/?eventID=104742&theaterId=1291,Upgrade,2D,English,,2026-08-21,2026,,,,18+,Haifa,MovieLand,608
18:45,ОДИССЕЯ,ОДИССЕЯ,https://movieland.co.il/order/?eventID=104755&theaterId=1291,https://movieland.co.il/order/?eventID=104755&theaterId=1291,Regular,2D,английский,,2026-08-21,2026,,,,14+,Haifa,MovieLand,608
18:35,ЧЕЛОВЕК-ПАУК: НОВЫЙ ДЕНЬ,ЧЕЛОВЕК-ПАУК: НОВЫЙ ДЕНЬ,https://movieland.co.il/order/?eventID=104743&theaterId=1291,https://movieland.co.il/order/?eventID=104743&theaterId=1291,Regular,2D,английский,,2026-08-21,2026,,,,Нет возрастных ограничений,Haifa,MovieLand,608
16:30,ЩЕНЯЧИЙ ПАТРУЛЬ: ДИНОФИЛЬМ,ЩЕНЯЧИЙ ПАТРУЛЬ: ДИНОФИЛЬМ,https://movieland.co.il/order/?eventID=104754&theaterId=1291,https://movieland.co.il/order/?eventID=104754&theaterId=1291,Regular,2D,английский,,2026-08-21,2026,,,,Нет возрастных ограничений,Haifa,MovieLand,608
10:35,The Pout Pout Fish,דג ושמו באסה,https://movieland.co.il/order/?eventID=104504&theaterId=1291,https://movieland.co.il/order/?eventID=104504&theaterId=1291,Upgrade,2D,,Hebrew,2026-08-22,,,,,ליווי מבוגר עד גיל 8,Haifa,MovieLand,608
12:45,The Pout Pout Fish,דג ושמו באסה,https://movieland.co.il/order/?eventID=104505&theaterId=1291,https://movieland.co.il/order/?eventID=104505&theaterId=1291,Upgrade,2D,,Hebrew,2026-08-22,,,,,ליווי מבוגר עד גיל 8,Haifa,MovieLand,608
14:55,The Pout Pout Fish,דג ושמו באסה,https://movieland.co.il/order/?eventID=104506&theaterId=1291,https://movieland.co.il/order/?eventID=104506&theaterId=1291,Upgrade,2D,,Hebrew,2026-08-22,,,,,ליווי מבוגר עד גיל 8,Haifa,MovieLand,608
17:05,The Pout Pout Fish,דג ושמו באסה,https://movieland.co.il/order/?eventID=104507&theaterId=1291,https://movieland.co.il/order/?eventID=104507&theaterId=1291,Upgrade,2D,,Hebrew,2026-08-22,,,,,ליווי מבוגר עד גיל 8,Haifa,MovieLand,608
11:30,Coyote vs. ACME,לוני טונס מציגים: קיוטי נגד אקמי,https://movieland.co.il/order/?eventID=104508&theaterId=1291,https://movieland.co.il/order/?eventID=104508&theaterId=1291,Upgrade,2D,English,Hebrew,2026-08-22,2026,,,,All,Haifa,MovieLand,608
13:45,Coyote vs. ACME,לוני טונס מציגים: קיוטי נגד אקמי,https://movieland.co.il/order/?eventID=104509&theaterId=1291,https://movieland.co.il/order/?eventID=104509&theaterId=1291,Upgrade,2D,English,Hebrew,2026-08-22,2026,,,,All,Haifa,MovieLand,608
16:00,Coyote vs. ACME,לוני טונס מציגים: קיוטי נגד אקמי,https://movieland.co.il/order/?eventID=104510&theaterId=1291,https://movieland.co.il/order/?eventID=104510&theaterId=1291,Upgrade,2D,English,Hebrew,2026-08-22,2026,,,,All,Haifa,MovieLand,608
13:50,Spider-Man: Brand New Day,ספיידרמן: יום חדש,https://movieland.co.il/order/?eventID=104530&theaterId=1291,https://movieland.co.il/order/?eventID=104530&theaterId=1291,Regular,2D,English,,2026-08-22,2026,,,,All,Haifa,MovieLand,608
17:15,Spider-Man: Brand New Day,ספיידרמן: יום חדש,https://movieland.co.il/order/?eventID=104527&theaterId=1291,https://movieland.co.il/order/?eventID=104527&theaterId=1291,Upgrade,2D,English,,2026-08-22,2026,,,,All,Haifa,MovieLand,608
18:15,Spider-Man: Brand New Day,ספיידרמן: יום חדש,https://movieland.co.il/order/?eventID=104525&theaterId=1291,https://movieland.co.il/order/?eventID=104525&theaterId=1291,Upgrade,2D,English,,2026-08-22,2026,,,,All,Haifa,MovieLand,608
20:15,Spider-Man: Brand New Day,ספיידרמן: יום חדש,https://movieland.co.il/order/?eventID=104528&theaterId=1291,https://movieland.co.il/order/?eventID=104528&theaterId=1291,Upgrade,2D,English,,2026-08-22,2026,,,,All,Haifa,MovieLand,608
21:15,Spider-Man: Brand New Day,ספיידרמן: יום חדש,https://movieland.co.il/order/?eventID=104526&theaterId=1291,https://movieland.co.il/order/?eventID=104526&theaterId=1291,Upgrade,2D,English,,2026-08-22,2026,,,,All,Haifa,MovieLand,608
23:15,Spider-Man: Brand New Day,ספיידרמן: יום חדש,https://movieland.co.il/order/?eventID=104529&theaterId=1291,https://movieland.co.il/order/?eventID=104529&theaterId=1291,Upgrade,2D,English,,2026-08-22,2026,,,,All,Haifa,MovieLand,608
15:10,The Odyssey,האודיסאה,https://movieland.co.il/order/?eventID=104542&theaterId=1291,https://movieland.co.il/order/?eventID=104542&theaterId=1291,Regular,2D,English,,2026-08-22,2026,,,,14+,Haifa,MovieLand,608
19:15,The Odyssey,האודיסאה,https://movieland.co.il/order/?eventID=104531&theaterId=1291,https://movieland.co.il/order/?eventID=104531&theaterId=1291,Upgrade,2D,English,,2026-08-22,2026,,,,14+,Haifa,MovieLand,608
22:40,The Odyssey,האודיסאה,https://movieland.co.il/order/?eventID=104532&theaterId=1291,https://movieland.co.il/order/?eventID=104532&theaterId=1291,Upgrade,2D,English,,2026-08-22,2026,,,,14+,Haifa,MovieLand,608
11:00,Paw Patrol: The Dino Movie,מפרץ ההרפתקאות: אי הדינוזאורים,https://movieland.co.il/order/?eventID=104519&theaterId=1291,https://movieland.co.il/order/?eventID=104519&theaterId=1291,Upgrade,2D,English,Hebrew,2026-08-22,2026,,,,All,Haifa,MovieLand,608
13:05,Paw Patrol: The Dino Movie,מפרץ ההרפתקאות: אי הדינוזאורים,https://movieland.co.il/order/?eventID=104520&theaterId=1291,https://movieland.co.il/order/?eventID=104520&theaterId=1291,Upgrade,2D,English,Hebrew,2026-08-22,2026,,,,All,Haifa,MovieLand,608
15:10,Paw Patrol: The Dino Movie,מפרץ ההרפתקאות: אי הדינוזאורים,https://movieland.co.il/order/?eventID=104521&theaterId=1291,https://movieland.co.il/order/?eventID=104521&theaterId=1291,Upgrade,2D,English,Hebrew,2026-08-22,2026,,,,All,Haifa,MovieLand,608
10:30,Minions & Monsters,מיניונים ומפלצות,https://movieland.co.il/order/?eventID=104543&theaterId=1291,https://movieland.co.il/order/?eventID=104543&theaterId=1291,Regular,2D,English,Hebrew,2026-08-22,2026,,,,All,Haifa,MovieLand,608
16:55,Minions & Monsters,מיניונים ומפלצות,https://movieland.co.il/order/?eventID=104539&theaterId=1291,https://movieland.co.il/order/?eventID=104539&theaterId=1291,Regular,2D,English,Hebrew,2026-08-22,2026,,,,All,Haifa,MovieLand,608
12:35,Marsupilami,מרסופילאמי,https://movieland.co.il/order/?eventID=104522&theaterId=1291,https://movieland.co.il/order/?eventID=104522&theaterId=1291,Regular,2D,French,Hebrew,2026-08-22,2025,,,,All,Haifa,MovieLand,608
19:00,Spa Weekend,ספא וויקנד,https://movieland.co.il/order/?eventID=104511&theaterId=1291,https://movieland.co.il/order/?eventID=104511&theaterId=1291,Regular,2D,English,,2026-08-22,2026,,,,14+,Haifa,MovieLand,608
21:15,Spa Weekend,ספא וויקנד,https://movieland.co.il/order/?eventID=104512&theaterId=1291,https://movieland.co.il/order/?eventID=104512&theaterId=1291,Regular,2D,English,,2026-08-22,2026,,,,14+,Haifa,MovieLand,608
23:30,Spa Weekend,ספא וויקנד,https://movieland.co.il/order/?eventID=104513&theaterId=1291,https://movieland.co.il/order/?eventID=104513&theaterId=1291,Regular,2D,English,,2026-08-22,2026,,,,14+,Haifa,MovieLand,608
16:50,קופה ראשית: הסרט,קופה ראשית: הסרט,https://movieland.co.il/order/?eventID=104544&theaterId=1291,https://movieland.co.il/order/?eventID=104544&theaterId=1291,Regular,2D,Hebrew,,2026-08-22,2026,,,,All,Haifa,MovieLand,608
19:40,One night only,לגמור את הלילה,https://movieland.co.il/order/?eventID=104533&theaterId=1291,https://movieland.co.il/order/?eventID=104533&theaterId=1291,Upgrade,2D,English,,2026-08-22,2026,,,,14+,Haifa,MovieLand,608
22:00,One night only,לגמור את הלילה,https://movieland.co.il/order/?eventID=104534&theaterId=1291,https://movieland.co.il/order/?eventID=104534&theaterId=1291,Upgrade,2D,English,,2026-08-22,2026,,,,14+,Haifa,MovieLand,608
00:20,One night only,לגמור את הלילה,https://movieland.co.il/order/?eventID=104535&theaterId=1291,https://movieland.co.il/order/?eventID=104535&theaterId=1291,Upgrade,2D,English,,2026-08-22,2026,,,,14+,Haifa,MovieLand,608
11:30,Toy Story 5,צעצוע של סיפור 5,https://movieland.co.il/order/?eventID=104540&theaterId=1291,https://movieland.co.il/order/?eventID=104540&theaterId=1291,Regular,2D,English,Hebrew,2026-08-22,2026,,,,All,Haifa,MovieLand,608
12:40,Moana (Live Action),מואנה,https://movieland.co.il/order/?eventID=104538&theaterId=1291,https://movieland.co.il/order/?eventID=104538&theaterId=1291,Regular,2D,English,Hebrew,2026-08-22,2026,,,,All,Haifa,MovieLand,608
21:35,End of Oak street,סוף רחוב האלון,https://movieland.co.il/order/?eventID=104514&theaterId=1291,https://movieland.co.il/order/?eventID=104514&theaterId=1291,Regular,2D,English,,2026-08-22,2026,,,,12+,Haifa,MovieLand,608
23:50,End of Oak street,סוף רחוב האלון,https://movieland.co.il/order/?eventID=104541&theaterId=1291,https://movieland.co.il/order/?eventID=104541&theaterId=1291,Regular,2D,English,,2026-08-22,2026,,,,12+,Haifa,MovieLand,608
11:40,סולטיז הסרט - וולוג ה-100,סולטיז הסרט - וולוג ה-100,https://movieland.co.il/order/?eventID=104537&theaterId=1291,https://movieland.co.il/order/?eventID=104537&theaterId=1291,Upgrade,2D,Hebrew,,2026-08-22,2026,,,,All,Haifa,MovieLand,608
19:00,גבעה 338,גבעה 338,https://movieland.co.il/order/?eventID=104516&theaterId=1291,https://movieland.co.il/order/?eventID=104516&theaterId=1291,Regular,2D,Hebrew,,2026-08-22,2026,,,,9+,Haifa,MovieLand,608
21:20,גבעה 338,גבעה 338,https://movieland.co.il/order/?eventID=104517&theaterId=1291,https://movieland.co.il/order/?eventID=104517&theaterId=1291,Regular,2D,Hebrew,,2026-08-22,2026,,,,9+,Haifa,MovieLand,608
23:40,גבעה 338,גבעה 338,https://movieland.co.il/order/?eventID=104518&theaterId=1291,https://movieland.co.il/order/?eventID=104518&theaterId=1291,Regular,2D,Hebrew,,2026-08-22,2026,,,,9+,Haifa,MovieLand,608
00:15,Ice Cream Man,איש הגלידה,https://movieland.co.il/order/?eventID=104515&theaterId=1291,https://movieland.co.il/order/?eventID=104515&theaterId=1291,Upgrade,2D,English,,2026-08-22,2026,,,,18+,Haifa,MovieLand,608
10:45,Tafiti: Across the Desert,טפיטי: הרפתקה במדבר,https://movieland.co.il/order/?eventID=104545&theaterId=1291,https://movieland.co.il/order/?eventID=104545&theaterId=1291,Regular,2D,German,Hebrew,2026-08-22,2025,,,,ליווי מבוגר עד גיל 8,Haifa,MovieLand,608
16:15,ОДИССЕЯ,ОДИССЕЯ,https://movieland.co.il/order/?eventID=104536&theaterId=1291,https://movieland.co.il/order/?eventID=104536&theaterId=1291,Upgrade,2D,английский,,2026-08-22,2026,,,,14+,Haifa,MovieLand,608
18:35,ЧЕЛОВЕК-ПАУК: НОВЫЙ ДЕНЬ,ЧЕЛОВЕК-ПАУК: НОВЫЙ ДЕНЬ,https://movieland.co.il/order/?eventID=104524&theaterId=1291,https://movieland.co.il/order/?eventID=104524&theaterId=1291,Regular,2D,английский,,2026-08-22,2026,,,,Нет возрастных ограничений,Haifa,MovieLand,608
14:50,ЩЕНЯЧИЙ ПАТРУЛЬ: ДИНОФИЛЬМ,ЩЕНЯЧИЙ ПАТРУЛЬ: ДИНОФИЛЬМ,https://movieland.co.il/order/?eventID=104523&theaterId=1291,https://movieland.co.il/order/?eventID=104523&theaterId=1291,Regular,2D,английский,,2026-08-22,2026,,,,Нет возрастных ограничений,Haifa,MovieLand,608
14:00,Coyote vs. ACME,לוני טונס מציגים: קיוטי נגד אקמי,https://movieland.co.il/order/?eventID=104503&theaterId=1291,https://movieland.co.il/order/?eventID=104503&theaterId=1291,Upgrade,2D,English,,2026-08-22,2026,,,,All,Haifa,MovieLand,608
10:35,The Pout Pout Fish,דג ושמו באסה,https://movieland.co.il/order/?eventID=104633&theaterId=1291,https://movieland.co.il/order/?eventID=104633&theaterId=1291,Upgrade,2D,,Hebrew,2026-08-23,,,,,ליווי מבוגר עד גיל 8,Haifa,MovieLand,608
12:45,The Pout Pout Fish,דג ושמו באסה,https://movieland.co.il/order/?eventID=104634&theaterId=1291,https://movieland.co.il/order/?eventID=104634&theaterId=1291,Upgrade,2D,,Hebrew,2026-08-23,,,,,ליווי מבוגר עד גיל 8,Haifa,MovieLand,608
14:55,The Pout Pout Fish,דג ושמו באסה,https://movieland.co.il/order/?eventID=104635&theaterId=1291,https://movieland.co.il/order/?eventID=104635&theaterId=1291,Upgrade,2D,,Hebrew,2026-08-23,,,,,ליווי מבוגר עד גיל 8,Haifa,MovieLand,608
17:05,The Pout Pout Fish,דג ושמו באסה,https://movieland.co.il/order/?eventID=104636&theaterId=1291,https://movieland.co.il/order/?eventID=104636&theaterId=1291,Upgrade,2D,,Hebrew,2026-08-23,,,,,ליווי מבוגר עד גיל 8,Haifa,MovieLand,608
11:30,Coyote vs. ACME,לוני טונס מציגים: קיוטי נגד אקמי,https://movieland.co.il/order/?eventID=104674&theaterId=1291,https://movieland.co.il/order/?eventID=104674&theaterId=1291,Upgrade,2D,English,Hebrew,2026-08-23,2026,,,,All,Haifa,MovieLand,608
13:45,Coyote vs. ACME,לוני טונס מציגים: קיוטי נגד אקמי,https://movieland.co.il/order/?eventID=104675&theaterId=1291,https://movieland.co.il/order/?eventID=104675&theaterId=1291,Upgrade,2D,English,Hebrew,2026-08-23,2026,,,,All,Haifa,MovieLand,608
16:00,Coyote vs. ACME,לוני טונס מציגים: קיוטי נגד אקמי,https://movieland.co.il/order/?eventID=104632&theaterId=1291,https://movieland.co.il/order/?eventID=104632&theaterId=1291,Upgrade,2D,English,Hebrew,2026-08-23,2026,,,,All,Haifa,MovieLand,608
17:25,Coyote vs. ACME,לוני טונס מציגים: קיוטי נגד אקמי,https://movieland.co.il/order/?eventID=104642&theaterId=1291,https://movieland.co.il/order/?eventID=104642&theaterId=1291,Upgrade,2D,English,Hebrew,2026-08-23,2026,,,,All,Haifa,MovieLand,608
13:50,Spider-Man: Brand New Day,ספיידרמן: יום חדש,https://movieland.co.il/order/?eventID=104658&theaterId=1291,https://movieland.co.il/order/?eventID=104658&theaterId=1291,Regular,2D,English,,2026-08-23,2026,,,,All,Haifa,MovieLand,608
17:15,Spider-Man: Brand New Day,ספיידרמן: יום חדש,https://movieland.co.il/order/?eventID=104655&theaterId=1291,https://movieland.co.il/order/?eventID=104655&theaterId=1291,Upgrade,2D,English,,2026-08-23,2026,,,,All,Haifa,MovieLand,608
18:15,Spider-Man: Brand New Day,ספיידרמן: יום חדש,https://movieland.co.il/order/?eventID=104653&theaterId=1291,https://movieland.co.il/order/?eventID=104653&theaterId=1291,Upgrade,2D,English,,2026-08-23,2026,,,,All,Haifa,MovieLand,608
20:15,Spider-Man: Brand New Day,ספיידרמן: יום חדש,https://movieland.co.il/order/?eventID=104656&theaterId=1291,https://movieland.co.il/order/?eventID=104656&theaterId=1291,Upgrade,2D,English,,2026-08-23,2026,,,,All,Haifa,MovieLand,608
21:15,Spider-Man: Brand New Day,ספיידרמן: יום חדש,https://movieland.co.il/order/?eventID=104654&theaterId=1291,https://movieland.co.il/order/?eventID=104654&theaterId=1291,Upgrade,2D,English,,2026-08-23,2026,,,,All,Haifa,MovieLand,608
23:15,Spider-Man: Brand New Day,ספיידרמן: יום חדש,https://movieland.co.il/order/?eventID=104657&theaterId=1291,https://movieland.co.il/order/?eventID=104657&theaterId=1291,Upgrade,2D,English,,2026-08-23,2026,,,,All,Haifa,MovieLand,608
19:15,The Odyssey,האודיסאה,https://movieland.co.il/order/?eventID=104646&theaterId=1291,https://movieland.co.il/order/?eventID=104646&theaterId=1291,Upgrade,2D,English,,2026-08-23,2026,,,,14+,Haifa,MovieLand,608
22:40,The Odyssey,האודיסאה,https://movieland.co.il/order/?eventID=104647&theaterId=1291,https://movieland.co.il/order/?eventID=104647&theaterId=1291,Upgrade,2D,English,,2026-08-23,2026,,,,14+,Haifa,MovieLand,608
11:00,Paw Patrol: The Dino Movie,מפרץ ההרפתקאות: אי הדינוזאורים,https://movieland.co.il/order/?eventID=104661&theaterId=1291,https://movieland.co.il/order/?eventID=104661&theaterId=1291,Upgrade,2D,English,Hebrew,2026-08-23,2026,,,,All,Haifa,MovieLand,608
13:05,Paw Patrol: The Dino Movie,מפרץ ההרפתקאות: אי הדינוזאורים,https://movieland.co.il/order/?eventID=104662&theaterId=1291,https://movieland.co.il/order/?eventID=104662&theaterId=1291,Upgrade,2D,English,Hebrew,2026-08-23,2026,,,,All,Haifa,MovieLand,608
15:10,Paw Patrol: The Dino Movie,מפרץ ההרפתקאות: אי הדינוזאורים,https://movieland.co.il/order/?eventID=104663&theaterId=1291,https://movieland.co.il/order/?eventID=104663&theaterId=1291,Upgrade,2D,English,Hebrew,2026-08-23,2026,,,,All,Haifa,MovieLand,608
10:30,Minions & Monsters,מיניונים ומפלצות,https://movieland.co.il/order/?eventID=104652&theaterId=1291,https://movieland.co.il/order/?eventID=104652&theaterId=1291,Regular,2D,English,Hebrew,2026-08-23,2026,,,,All,Haifa,MovieLand,608
17:05,Minions & Monsters,מיניונים ומפלצות,https://movieland.co.il/order/?eventID=104651&theaterId=1291,https://movieland.co.il/order/?eventID=104651&theaterId=1291,Regular,2D,English,Hebrew,2026-08-23,2026,,,,All,Haifa,MovieLand,608
12:35,Marsupilami,מרסופילאמי,https://movieland.co.il/order/?eventID=104650&theaterId=1291,https://movieland.co.il/order/?eventID=104650&theaterId=1291,Regular,2D,French,Hebrew,2026-08-23,2025,,,,All,Haifa,MovieLand,608
14:50,Marsupilami,מרסופילאמי,https://movieland.co.il/order/?eventID=104645&theaterId=1291,https://movieland.co.il/order/?eventID=104645&theaterId=1291,Regular,2D,French,Hebrew,2026-08-23,2025,,,,All,Haifa,MovieLand,608
19:00,Spa Weekend,ספא וויקנד,https://movieland.co.il/order/?eventID=104669&theaterId=1291,https://movieland.co.il/order/?eventID=104669&theaterId=1291,Regular,2D,English,,2026-08-23,2026,,,,14+,Haifa,MovieLand,608
21:15,Spa Weekend,ספא וויקנד,https://movieland.co.il/order/?eventID=104670&theaterId=1291,https://movieland.co.il/order/?eventID=104670&theaterId=1291,Regular,2D,English,,2026-08-23,2026,,,,14+,Haifa,MovieLand,608
23:30,Spa Weekend,ספא וויקנד,https://movieland.co.il/order/?eventID=104671&theaterId=1291,https://movieland.co.il/order/?eventID=104671&theaterId=1291,Regular,2D,English,,2026-08-23,2026,,,,14+,Haifa,MovieLand,608
16:50,קופה ראשית: הסרט,קופה ראשית: הסרט,https://movieland.co.il/order/?eventID=104667&theaterId=1291,https://movieland.co.il/order/?eventID=104667&theaterId=1291,Regular,2D,Hebrew,,2026-08-23,2026,,,,All,Haifa,MovieLand,608
19:40,One night only,לגמור את הלילה,https://movieland.co.il/order/?eventID=104664&theaterId=1291,https://movieland.co.il/order/?eventID=104664&theaterId=1291,Upgrade,2D,English,,2026-08-23,2026,,,,14+,Haifa,MovieLand,608
22:00,One night only,לגמור את הלילה,https://movieland.co.il/order/?eventID=104665&theaterId=1291,https://movieland.co.il/order/?eventID=104665&theaterId=1291,Upgrade,2D,English,,2026-08-23,2026,,,,14+,Haifa,MovieLand,608
00:20,One night only,לגמור את הלילה,https://movieland.co.il/order/?eventID=104666&theaterId=1291,https://movieland.co.il/order/?eventID=104666&theaterId=1291,Upgrade,2D,English,,2026-08-23,2026,,,,14+,Haifa,MovieLand,608
11:30,Toy Story 5,צעצוע של סיפור 5,https://movieland.co.il/order/?eventID=104648&theaterId=1291,https://movieland.co.il/order/?eventID=104648&theaterId=1291,Regular,2D,English,Hebrew,2026-08-23,2026,,,,All,Haifa,MovieLand,608
14:00,Moana (Live Action),מואנה,https://movieland.co.il/order/?eventID=104649&theaterId=1291,https://movieland.co.il/order/?eventID=104649&theaterId=1291,Regular,2D,English,Hebrew,2026-08-23,2026,,,,All,Haifa,MovieLand,608
21:35,End of Oak street,סוף רחוב האלון,https://movieland.co.il/order/?eventID=104659&theaterId=1291,https://movieland.co.il/order/?eventID=104659&theaterId=1291,Regular,2D,English,,2026-08-23,2026,,,,12+,Haifa,MovieLand,608
23:50,End of Oak street,סוף רחוב האלון,https://movieland.co.il/order/?eventID=104660&theaterId=1291,https://movieland.co.il/order/?eventID=104660&theaterId=1291,Regular,2D,English,,2026-08-23,2026,,,,12+,Haifa,MovieLand,608
15:05,סולטיז הסרט - וולוג ה-100,סולטיז הסרט - וולוג ה-100,https://movieland.co.il/order/?eventID=104668&theaterId=1291,https://movieland.co.il/order/?eventID=104668&theaterId=1291,Upgrade,2D,Hebrew,,2026-08-23,2026,,,,All,Haifa,MovieLand,608
19:10,גבעה 338,גבעה 338,https://movieland.co.il/order/?eventID=104637&theaterId=1291,https://movieland.co.il/order/?eventID=104637&theaterId=1291,Regular,2D,Hebrew,,2026-08-23,2026,,,,9+,Haifa,MovieLand,608
21:30,גבעה 338,גבעה 338,https://movieland.co.il/order/?eventID=104638&theaterId=1291,https://movieland.co.il/order/?eventID=104638&theaterId=1291,Regular,2D,Hebrew,,2026-08-23,2026,,,,9+,Haifa,MovieLand,608
23:50,גבעה 338,גבעה 338,https://movieland.co.il/order/?eventID=104639&theaterId=1291,https://movieland.co.il/order/?eventID=104639&theaterId=1291,Regular,2D,Hebrew,,2026-08-23,2026,,,,9+,Haifa,MovieLand,608
00:15,Ice Cream Man,איש הגלידה,https://movieland.co.il/order/?eventID=104672&theaterId=1291,https://movieland.co.il/order/?eventID=104672&theaterId=1291,Upgrade,2D,English,,2026-08-23,2026,,,,18+,Haifa,MovieLand,608
10:45,STICH HEAD,פרנקי והמפלצות,https://movieland.co.il/order/?eventID=104643&theaterId=1291,https://movieland.co.il/order/?eventID=104643&theaterId=1291,Upgrade,2D,,Hebrew,2026-08-23,,,,,All,Haifa,MovieLand,608
11:55,Three Wishes for Cinderella,סינדרלה ושלוש המשאלות,https://movieland.co.il/order/?eventID=104641&theaterId=1291,https://movieland.co.il/order/?eventID=104641&theaterId=1291,Regular,2D,,Hebrew,2026-08-23,2026,,,,All,Haifa,MovieLand,608
18:35,ЧЕЛОВЕК-ПАУК: НОВЫЙ ДЕНЬ,ЧЕЛОВЕК-ПАУК: НОВЫЙ ДЕНЬ,https://movieland.co.il/order/?eventID=104673&theaterId=1291,https://movieland.co.il/order/?eventID=104673&theaterId=1291,Regular,2D,английский,,2026-08-23,2026,,,,Нет возрастных ограничений,Haifa,MovieLand,608
16:30,ЩЕНЯЧИЙ ПАТРУЛЬ: ДИНОФИЛЬМ,ЩЕНЯЧИЙ ПАТРУЛЬ: ДИНОФИЛЬМ,https://movieland.co.il/order/?eventID=104640&theaterId=1291,https://movieland.co.il/order/?eventID=104640&theaterId=1291,Regular,2D,английский,,2026-08-23,2026,,,,Нет возрастных ограничений,Haifa,MovieLand,608
12:50,Coyote vs. ACME,לוני טונס מציגים: קיוטי נגד אקמי,https://movieland.co.il/order/?eventID=104644&theaterId=1291,https://movieland.co.il/order/?eventID=104644&theaterId=1291,Upgrade,2D,English,,2026-08-23,2026,,,,All,Haifa,MovieLand,608
10:35,The Pout Pout Fish,דג ושמו באסה,https://movieland.co.il/order/?eventID=104491&theaterId=1291,https://movieland.co.il/order/?eventID=104491&theaterId=1291,Upgrade,2D,,Hebrew,2026-08-24,,,,,ליווי מבוגר עד גיל 8,Haifa,MovieLand,608
12:45,The Pout Pout Fish,דג ושמו באסה,https://movieland.co.il/order/?eventID=104492&theaterId=1291,https://movieland.co.il/order/?eventID=104492&theaterId=1291,Upgrade,2D,,Hebrew,2026-08-24,,,,,ליווי מבוגר עד גיל 8,Haifa,MovieLand,608
14:55,The Pout Pout Fish,דג ושמו באסה,https://movieland.co.il/order/?eventID=104493&theaterId=1291,https://movieland.co.il/order/?eventID=104493&theaterId=1291,Upgrade,2D,,Hebrew,2026-08-24,,,,,ליווי מבוגר עד גיל 8,Haifa,MovieLand,608
17:05,The Pout Pout Fish,דג ושמו באסה,https://movieland.co.il/order/?eventID=104494&theaterId=1291,https://movieland.co.il/order/?eventID=104494&theaterId=1291,Upgrade,2D,,Hebrew,2026-08-24,,,,,ליווי מבוגר עד גיל 8,Haifa,MovieLand,608
11:30,Coyote vs. ACME,לוני טונס מציגים: קיוטי נגד אקמי,https://movieland.co.il/order/?eventID=104487&theaterId=1291,https://movieland.co.il/order/?eventID=104487&theaterId=1291,Upgrade,2D,English,Hebrew,2026-08-24,2026,,,,All,Haifa,MovieLand,608
13:45,Coyote vs. ACME,לוני טונס מציגים: קיוטי נגד אקמי,https://movieland.co.il/order/?eventID=104488&theaterId=1291,https://movieland.co.il/order/?eventID=104488&theaterId=1291,Upgrade,2D,English,Hebrew,2026-08-24,2026,,,,All,Haifa,MovieLand,608
16:00,Coyote vs. ACME,לוני טונס מציגים: קיוטי נגד אקמי,https://movieland.co.il/order/?eventID=104489&theaterId=1291,https://movieland.co.il/order/?eventID=104489&theaterId=1291,Upgrade,2D,English,Hebrew,2026-08-24,2026,,,,All,Haifa,MovieLand,608
17:25,Coyote vs. ACME,לוני טונס מציגים: קיוטי נגד אקמי,https://movieland.co.il/order/?eventID=104490&theaterId=1291,https://movieland.co.il/order/?eventID=104490&theaterId=1291,Upgrade,2D,English,Hebrew,2026-08-24,2026,,,,All,Haifa,MovieLand,608
13:50,Spider-Man: Brand New Day,ספיידרמן: יום חדש,https://movieland.co.il/order/?eventID=104471&theaterId=1291,https://movieland.co.il/order/?eventID=104471&theaterId=1291,Regular,2D,English,,2026-08-24,2026,,,,All,Haifa,MovieLand,608
17:15,Spider-Man: Brand New Day,ספיידרמן: יום חדש,https://movieland.co.il/order/?eventID=104468&theaterId=1291,https://movieland.co.il/order/?eventID=104468&theaterId=1291,Upgrade,2D,English,,2026-08-24,2026,,,,All,Haifa,MovieLand,608
18:15,Spider-Man: Brand New Day,ספיידרמן: יום חדש,https://movieland.co.il/order/?eventID=104466&theaterId=1291,https://movieland.co.il/order/?eventID=104466&theaterId=1291,Upgrade,2D,English,,2026-08-24,2026,,,,All,Haifa,MovieLand,608
20:15,Spider-Man: Brand New Day,ספיידרמן: יום חדש,https://movieland.co.il/order/?eventID=104469&theaterId=1291,https://movieland.co.il/order/?eventID=104469&theaterId=1291,Upgrade,2D,English,,2026-08-24,2026,,,,All,Haifa,MovieLand,608
21:15,Spider-Man: Brand New Day,ספיידרמן: יום חדש,https://movieland.co.il/order/?eventID=104467&theaterId=1291,https://movieland.co.il/order/?eventID=104467&theaterId=1291,Upgrade,2D,English,,2026-08-24,2026,,,,All,Haifa,MovieLand,608
23:15,Spider-Man: Brand New Day,ספיידרמן: יום חדש,https://movieland.co.il/order/?eventID=104470&theaterId=1291,https://movieland.co.il/order/?eventID=104470&theaterId=1291,Upgrade,2D,English,,2026-08-24,2026,,,,All,Haifa,MovieLand,608
19:15,The Odyssey,האודיסאה,https://movieland.co.il/order/?eventID=104460&theaterId=1291,https://movieland.co.il/order/?eventID=104460&theaterId=1291,Upgrade,2D,English,,2026-08-24,2026,,,,14+,Haifa,MovieLand,608
22:40,The Odyssey,האודיסאה,https://movieland.co.il/order/?eventID=104461&theaterId=1291,https://movieland.co.il/order/?eventID=104461&theaterId=1291,Upgrade,2D,English,,2026-08-24,2026,,,,14+,Haifa,MovieLand,608
11:00,Paw Patrol: The Dino Movie,מפרץ ההרפתקאות: אי הדינוזאורים,https://movieland.co.il/order/?eventID=104473&theaterId=1291,https://movieland.co.il/order/?eventID=104473&theaterId=1291,Upgrade,2D,English,Hebrew,2026-08-24,2026,,,,All,Haifa,MovieLand,608
13:05,Paw Patrol: The Dino Movie,מפרץ ההרפתקאות: אי הדינוזאורים,https://movieland.co.il/order/?eventID=104474&theaterId=1291,https://movieland.co.il/order/?eventID=104474&theaterId=1291,Upgrade,2D,English,Hebrew,2026-08-24,2026,,,,All,Haifa,MovieLand,608
15:10,Paw Patrol: The Dino Movie,מפרץ ההרפתקאות: אי הדינוזאורים,https://movieland.co.il/order/?eventID=104475&theaterId=1291,https://movieland.co.il/order/?eventID=104475&theaterId=1291,Upgrade,2D,English,Hebrew,2026-08-24,2026,,,,All,Haifa,MovieLand,608
11:35,Minions & Monsters,מיניונים ומפלצות,https://movieland.co.il/order/?eventID=104502&theaterId=1291,https://movieland.co.il/order/?eventID=104502&theaterId=1291,Regular,2D,English,Hebrew,2026-08-24,2026,,,,All,Haifa,MovieLand,608
15:10,Minions & Monsters,מיניונים ומפלצות,https://movieland.co.il/order/?eventID=104465&theaterId=1291,https://movieland.co.il/order/?eventID=104465&theaterId=1291,Regular,2D,English,Hebrew,2026-08-24,2026,,,,All,Haifa,MovieLand,608
17:15,Minions & Monsters,מיניונים ומפלצות,https://movieland.co.il/order/?eventID=104464&theaterId=1291,https://movieland.co.il/order/?eventID=104464&theaterId=1291,Regular,2D,English,Hebrew,2026-08-24,2026,,,,All,Haifa,MovieLand,608
12:55,Marsupilami,מרסופילאמי,https://movieland.co.il/order/?eventID=104463&theaterId=1291,https://movieland.co.il/order/?eventID=104463&theaterId=1291,Regular,2D,French,Hebrew,2026-08-24,2025,,,,All,Haifa,MovieLand,608
19:00,Spa Weekend,ספא וויקנד,https://movieland.co.il/order/?eventID=104482&theaterId=1291,https://movieland.co.il/order/?eventID=104482&theaterId=1291,Regular,2D,English,,2026-08-24,2026,,,,14+,Haifa,MovieLand,608
21:15,Spa Weekend,ספא וויקנד,https://movieland.co.il/order/?eventID=104483&theaterId=1291,https://movieland.co.il/order/?eventID=104483&theaterId=1291,Regular,2D,English,,2026-08-24,2026,,,,14+,Haifa,MovieLand,608
23:30,Spa Weekend,ספא וויקנד,https://movieland.co.il/order/?eventID=104484&theaterId=1291,https://movieland.co.il/order/?eventID=104484&theaterId=1291,Regular,2D,English,,2026-08-24,2026,,,,14+,Haifa,MovieLand,608
12:55,קופה ראשית: הסרט,קופה ראשית: הסרט,https://movieland.co.il/order/?eventID=104479&theaterId=1291,https://movieland.co.il/order/?eventID=104479&theaterId=1291,Upgrade,2D,Hebrew,,2026-08-24,2026,,,,All,Haifa,MovieLand,608
16:50,קופה ראשית: הסרט,קופה ראשית: הסרט,https://movieland.co.il/order/?eventID=104480&theaterId=1291,https://movieland.co.il/order/?eventID=104480&theaterId=1291,Regular,2D,Hebrew,,2026-08-24,2026,,,,All,Haifa,MovieLand,608
19:40,One night only,לגמור את הלילה,https://movieland.co.il/order/?eventID=104476&theaterId=1291,https://movieland.co.il/order/?eventID=104476&theaterId=1291,Upgrade,2D,English,,2026-08-24,2026,,,,14+,Haifa,MovieLand,608
22:00,One night only,לגמור את הלילה,https://movieland.co.il/order/?eventID=104477&theaterId=1291,https://movieland.co.il/order/?eventID=104477&theaterId=1291,Upgrade,2D,English,,2026-08-24,2026,,,,14+,Haifa,MovieLand,608
00:20,One night only,לגמור את הלילה,https://movieland.co.il/order/?eventID=104478&theaterId=1291,https://movieland.co.il/order/?eventID=104478&theaterId=1291,Upgrade,2D,English,,2026-08-24,2026,,,,14+,Haifa,MovieLand,608
14:00,Moana (Live Action),מואנה,https://movieland.co.il/order/?eventID=104462&theaterId=1291,https://movieland.co.il/order/?eventID=104462&theaterId=1291,Regular,2D,English,Hebrew,2026-08-24,2026,,,,All,Haifa,MovieLand,608
22:25,End of Oak street,סוף רחוב האלון,https://movieland.co.il/order/?eventID=104472&theaterId=1291,https://movieland.co.il/order/?eventID=104472&theaterId=1291,Regular,2D,English,,2026-08-24,2026,,,,12+,Haifa,MovieLand,608
15:05,סולטיז הסרט - וולוג ה-100,סולטיז הסרט - וולוג ה-100,https://movieland.co.il/order/?eventID=104481&theaterId=1291,https://movieland.co.il/order/?eventID=104481&theaterId=1291,Upgrade,2D,Hebrew,,2026-08-24,2026,,,,All,Haifa,MovieLand,608
19:20,גבעה 338,גבעה 338,https://movieland.co.il/order/?eventID=104495&theaterId=1291,https://movieland.co.il/order/?eventID=104495&theaterId=1291,Regular,2D,Hebrew,,2026-08-24,2026,,,,9+,Haifa,MovieLand,608
21:40,גבעה 338,גבעה 338,https://movieland.co.il/order/?eventID=104496&theaterId=1291,https://movieland.co.il/order/?eventID=104496&theaterId=1291,Regular,2D,Hebrew,,2026-08-24,2026,,,,9+,Haifa,MovieLand,608
00:00,גבעה 338,גבעה 338,https://movieland.co.il/order/?eventID=104497&theaterId=1291,https://movieland.co.il/order/?eventID=104497&theaterId=1291,Regular,2D,Hebrew,,2026-08-24,2026,,,,9+,Haifa,MovieLand,608
00:15,Ice Cream Man,איש הגלידה,https://movieland.co.il/order/?eventID=104486&theaterId=1291,https://movieland.co.il/order/?eventID=104486&theaterId=1291,Upgrade,2D,English,,2026-08-24,2026,,,,18+,Haifa,MovieLand,608
16:30,The Magical Faraway Tree,המסע המופלא לעץ הקסמים,https://movieland.co.il/order/?eventID=104499&theaterId=1291,https://movieland.co.il/order/?eventID=104499&theaterId=1291,Regular,2D,English,Hebrew,2026-08-24,2026,,,,All,Haifa,MovieLand,608
11:55,Three Wishes for Cinderella,סינדרלה ושלוש המשאלות,https://movieland.co.il/order/?eventID=104485&theaterId=1291,https://movieland.co.il/order/?eventID=104485&theaterId=1291,Regular,2D,,Hebrew,2026-08-24,2026,,,,All,Haifa,MovieLand,608
10:50,GRACIE & PEDRO: PETS TO THE RESCUE,גרייסי ופדרו: חיות המחמד בפעולה,https://movieland.co.il/order/?eventID=104498&theaterId=1291,https://movieland.co.il/order/?eventID=104498&theaterId=1291,Upgrade,2D,,Hebrew,2026-08-24,,,,,All,Haifa,MovieLand,608
18:55,ОДИССЕЯ,ОДИССЕЯ,https://movieland.co.il/order/?eventID=104500&theaterId=1291,https://movieland.co.il/order/?eventID=104500&theaterId=1291,Regular,2D,английский,,2026-08-24,2026,,,,14+,Haifa,MovieLand,608
10:35,The Pout Pout Fish,דג ושמו באסה,https://movieland.co.il/order/?eventID=104600&theaterId=1291,https://movieland.co.il/order/?eventID=104600&theaterId=1291,Upgrade,2D,,Hebrew,2026-08-25,,,,,ליווי מבוגר עד גיל 8,Haifa,MovieLand,608
12:45,The Pout Pout Fish,דג ושמו באסה,https://movieland.co.il/order/?eventID=104601&theaterId=1291,https://movieland.co.il/order/?eventID=104601&theaterId=1291,Upgrade,2D,,Hebrew,2026-08-25,,,,,ליווי מבוגר עד גיל 8,Haifa,MovieLand,608
14:55,The Pout Pout Fish,דג ושמו באסה,https://movieland.co.il/order/?eventID=104602&theaterId=1291,https://movieland.co.il/order/?eventID=104602&theaterId=1291,Upgrade,2D,,Hebrew,2026-08-25,,,,,ליווי מבוגר עד גיל 8,Haifa,MovieLand,608
17:05,The Pout Pout Fish,דג ושמו באסה,https://movieland.co.il/order/?eventID=104603&theaterId=1291,https://movieland.co.il/order/?eventID=104603&theaterId=1291,Upgrade,2D,,Hebrew,2026-08-25,,,,,ליווי מבוגר עד גיל 8,Haifa,MovieLand,608
11:05,Coyote vs. ACME,לוני טונס מציגים: קיוטי נגד אקמי,https://movieland.co.il/order/?eventID=104597&theaterId=1291,https://movieland.co.il/order/?eventID=104597&theaterId=1291,Upgrade,2D,English,Hebrew,2026-08-25,2026,,,,All,Haifa,MovieLand,608
16:00,Coyote vs. ACME,לוני טונס מציגים: קיוטי נגד אקמי,https://movieland.co.il/order/?eventID=104598&theaterId=1291,https://movieland.co.il/order/?eventID=104598&theaterId=1291,Upgrade,2D,English,Hebrew,2026-08-25,2026,,,,All,Haifa,MovieLand,608
17:30,Coyote vs. ACME,לוני טונס מציגים: קיוטי נגד אקמי,https://movieland.co.il/order/?eventID=104599&theaterId=1291,https://movieland.co.il/order/?eventID=104599&theaterId=1291,Upgrade,2D,English,Hebrew,2026-08-25,2026,,,,All,Haifa,MovieLand,608
17:20,Spider-Man: Brand New Day,ספיידרמן: יום חדש,https://movieland.co.il/order/?eventID=104614&theaterId=1291,https://movieland.co.il/order/?eventID=104614&theaterId=1291,Upgrade,2D,English,,2026-08-25,2026,,,,All,Haifa,MovieLand,608
18:15,Spider-Man: Brand New Day,ספיידרמן: יום חדש,https://movieland.co.il/order/?eventID=104612&theaterId=1291,https://movieland.co.il/order/?eventID=104612&theaterId=1291,Upgrade,2D,English,,2026-08-25,2026,,,,All,Haifa,MovieLand,608
20:20,Spider-Man: Brand New Day,ספיידרמן: יום חדש,https://movieland.co.il/order/?eventID=104615&theaterId=1291,https://movieland.co.il/order/?eventID=104615&theaterId=1291,Upgrade,2D,English,,2026-08-25,2026,,,,All,Haifa,MovieLand,608
21:15,Spider-Man: Brand New Day,ספיידרמן: יום חדש,https://movieland.co.il/order/?eventID=104613&theaterId=1291,https://movieland.co.il/order/?eventID=104613&theaterId=1291,Upgrade,2D,English,,2026-08-25,2026,,,,All,Haifa,MovieLand,608
23:20,Spider-Man: Brand New Day,ספיידרמן: יום חדש,https://movieland.co.il/order/?eventID=104616&theaterId=1291,https://movieland.co.il/order/?eventID=104616&theaterId=1291,Upgrade,2D,English,,2026-08-25,2026,,,,All,Haifa,MovieLand,608
13:20,The Odyssey,האודיסאה,https://movieland.co.il/order/?eventID=104618&theaterId=1291,https://movieland.co.il/order/?eventID=104618&theaterId=1291,Regular,2D,English,,2026-08-25,2026,,,,14+,Haifa,MovieLand,608
19:15,The Odyssey,האודיסאה,https://movieland.co.il/order/?eventID=104607&theaterId=1291,https://movieland.co.il/order/?eventID=104607&theaterId=1291,Upgrade,2D,English,,2026-08-25,2026,,,,14+,Haifa,MovieLand,608
22:40,The Odyssey,האודיסאה,https://movieland.co.il/order/?eventID=104608&theaterId=1291,https://movieland.co.il/order/?eventID=104608&theaterId=1291,Upgrade,2D,English,,2026-08-25,2026,,,,14+,Haifa,MovieLand,608
11:05,Paw Patrol: The Dino Movie,מפרץ ההרפתקאות: אי הדינוזאורים,https://movieland.co.il/order/?eventID=104588&theaterId=1291,https://movieland.co.il/order/?eventID=104588&theaterId=1291,Upgrade,2D,English,Hebrew,2026-08-25,2026,,,,All,Haifa,MovieLand,608
13:10,Paw Patrol: The Dino Movie,מפרץ ההרפתקאות: אי הדינוזאורים,https://movieland.co.il/order/?eventID=104589&theaterId=1291,https://movieland.co.il/order/?eventID=104589&theaterId=1291,Upgrade,2D,English,Hebrew,2026-08-25,2026,,,,All,Haifa,MovieLand,608
15:15,Paw Patrol: The Dino Movie,מפרץ ההרפתקאות: אי הדינוזאורים,https://movieland.co.il/order/?eventID=104590&theaterId=1291,https://movieland.co.il/order/?eventID=104590&theaterId=1291,Upgrade,2D,English,Hebrew,2026-08-25,2026,,,,All,Haifa,MovieLand,608
10:30,Minions & Monsters,מיניונים ומפלצות,https://movieland.co.il/order/?eventID=104611&theaterId=1291,https://movieland.co.il/order/?eventID=104611&theaterId=1291,Regular,2D,English,Hebrew,2026-08-25,2026,,,,All,Haifa,MovieLand,608
17:00,Minions & Monsters,מיניונים ומפלצות,https://movieland.co.il/order/?eventID=104610&theaterId=1291,https://movieland.co.il/order/?eventID=104610&theaterId=1291,Regular,2D,English,Hebrew,2026-08-25,2026,,,,All,Haifa,MovieLand,608
12:35,Marsupilami,מרסופילאמי,https://movieland.co.il/order/?eventID=104609&theaterId=1291,https://movieland.co.il/order/?eventID=104609&theaterId=1291,Regular,2D,French,Hebrew,2026-08-25,2025,,,,All,Haifa,MovieLand,608
21:40,Spa Weekend,ספא וויקנד,https://movieland.co.il/order/?eventID=104594&theaterId=1291,https://movieland.co.il/order/?eventID=104594&theaterId=1291,Regular,2D,English,,2026-08-25,2026,,,,14+,Haifa,MovieLand,608
23:55,Spa Weekend,ספא וויקנד,https://movieland.co.il/order/?eventID=104595&theaterId=1291,https://movieland.co.il/order/?eventID=104595&theaterId=1291,Regular,2D,English,,2026-08-25,2026,,,,14+,Haifa,MovieLand,608
16:50,קופה ראשית: הסרט,קופה ראשית: הסרט,https://movieland.co.il/order/?eventID=104593&theaterId=1291,https://movieland.co.il/order/?eventID=104593&theaterId=1291,Regular,2D,Hebrew,,2026-08-25,2026,,,,All,Haifa,MovieLand,608
19:05,La La Land 10th Anniversary,לה לה לנד- חגיגות העשור,https://movieland.co.il/order/?eventID=104631&theaterId=1291,https://movieland.co.il/order/?eventID=104631&theaterId=1291,Regular,2D,English,,2026-08-25,2016,,,,,Haifa,MovieLand,608
11:00,Let it Rain,ויהי גשם,https://movieland.co.il/order/?eventID=104620&theaterId=1291,https://movieland.co.il/order/?eventID=104620&theaterId=1291,Regular,2D,שבדית,,2026-08-25,2025,,,,All,Haifa,MovieLand,608
13:25,Let it Rain,ויהי גשם,https://movieland.co.il/order/?eventID=104621&theaterId=1291,https://movieland.co.il/order/?eventID=104621&theaterId=1291,Regular,2D,שבדית,,2026-08-25,2025,,,,All,Haifa,MovieLand,608
20:45,Let it Rain,ויהי גשם,https://movieland.co.il/order/?eventID=104619&theaterId=1291,https://movieland.co.il/order/?eventID=104619&theaterId=1291,Regular,2D,שבדית,,2026-08-25,2025,,,,All,Haifa,MovieLand,608
22:00,One night only,לגמור את הלילה,https://movieland.co.il/order/?eventID=104591&theaterId=1291,https://movieland.co.il/order/?eventID=104591&theaterId=1291,Upgrade,2D,English,,2026-08-25,2026,,,,14+,Haifa,MovieLand,608
00:20,One night only,לגמור את הלילה,https://movieland.co.il/order/?eventID=104592&theaterId=1291,https://movieland.co.il/order/?eventID=104592&theaterId=1291,Upgrade,2D,English,,2026-08-25,2026,,,,14+,Haifa,MovieLand,608
23:10,End of Oak street,סוף רחוב האלון,https://movieland.co.il/order/?eventID=104617&theaterId=1291,https://movieland.co.il/order/?eventID=104617&theaterId=1291,Regular,2D,English,,2026-08-25,2026,,,,12+,Haifa,MovieLand,608
13:25,Valley of Shadows,בחזרה מההימלאיה,https://movieland.co.il/order/?eventID=104630&theaterId=1291,https://movieland.co.il/order/?eventID=104630&theaterId=1291,Upgrade,2D,ספרדית,,2026-08-25,2025,,,,12+,Haifa,MovieLand,608
19:00,Valley of Shadows,בחזרה מההימלאיה,https://movieland.co.il/order/?eventID=104629&theaterId=1291,https://movieland.co.il/order/?eventID=104629&theaterId=1291,Regular,2D,ספרדית,,2026-08-25,2025,,,,12+,Haifa,MovieLand,608
15:50,האחד והיחיד שלי,האחד והיחיד שלי,https://movieland.co.il/order/?eventID=104625&theaterId=1291,https://movieland.co.il/order/?eventID=104625&theaterId=1291,Regular,2D,Hebrew,,2026-08-25,2026,,,,All,Haifa,MovieLand,608
11:10,"Damned if you do, damned if you don’t",המשפחה האיטלקית שלי,https://movieland.co.il/order/?eventID=104626&theaterId=1291,https://movieland.co.il/order/?eventID=104626&theaterId=1291,Regular,2D,איטלקית,,2026-08-25,2025,,,,All,Haifa,MovieLand,608
14:50,"Damned if you do, damned if you don’t",המשפחה האיטלקית שלי,https://movieland.co.il/order/?eventID=104627&theaterId=1291,https://movieland.co.il/order/?eventID=104627&theaterId=1291,Regular,2D,איטלקית,,2026-08-25,2025,,,,All,Haifa,MovieLand,608
18:20,Bitter Christmas,חג מולד מר,https://movieland.co.il/order/?eventID=104628&theaterId=1291,https://movieland.co.il/order/?eventID=104628&theaterId=1291,Regular,2D,ספרדית,,2026-08-25,2026,,,,All,Haifa,MovieLand,608
15:10,גבעה 338,גבעה 338,https://movieland.co.il/order/?eventID=104604&theaterId=1291,https://movieland.co.il/order/?eventID=104604&theaterId=1291,Upgrade,2D,Hebrew,,2026-08-25,2026,,,,9+,Haifa,MovieLand,608
21:50,גבעה 338,גבעה 338,https://movieland.co.il/order/?eventID=104605&theaterId=1291,https://movieland.co.il/order/?eventID=104605&theaterId=1291,Regular,2D,Hebrew,,2026-08-25,2026,,,,9+,Haifa,MovieLand,608
00:10,גבעה 338,גבעה 338,https://movieland.co.il/order/?eventID=104606&theaterId=1291,https://movieland.co.il/order/?eventID=104606&theaterId=1291,Regular,2D,Hebrew,,2026-08-25,2026,,,,9+,Haifa,MovieLand,608
00:15,Ice Cream Man,איש הגלידה,https://movieland.co.il/order/?eventID=104596&theaterId=1291,https://movieland.co.il/order/?eventID=104596&theaterId=1291,Upgrade,2D,English,,2026-08-25,2026,,,,18+,Haifa,MovieLand,608
11:00,It takes two to tango,צריך שניים לטנגו,https://movieland.co.il/order/?eventID=104624&theaterId=1291,https://movieland.co.il/order/?eventID=104624&theaterId=1291,Upgrade,2D,French,,2026-08-25,2025,,,,All,Haifa,MovieLand,608
13:05,It takes two to tango,צריך שניים לטנגו,https://movieland.co.il/order/?eventID=104623&theaterId=1291,https://movieland.co.il/order/?eventID=104623&theaterId=1291,Upgrade,2D,French,,2026-08-25,2025,,,,All,Haifa,MovieLand,608
19:50,It takes two to tango,צריך שניים לטנגו,https://movieland.co.il/order/?eventID=104622&theaterId=1291,https://movieland.co.il/order/?eventID=104622&theaterId=1291,Upgrade,2D,French,,2026-08-25,2025,,,,All,Haifa,MovieLand,608
10:35,The Pout Pout Fish,דג ושמו באסה,https://movieland.co.il/order/?eventID=104707&theaterId=1291,https://movieland.co.il/order/?eventID=104707&theaterId=1291,Upgrade,2D,,Hebrew,2026-08-26,,,,,ליווי מבוגר עד גיל 8,Haifa,MovieLand,608
12:45,The Pout Pout Fish,דג ושמו באסה,https://movieland.co.il/order/?eventID=104708&theaterId=1291,https://movieland.co.il/order/?eventID=104708&theaterId=1291,Upgrade,2D,,Hebrew,2026-08-26,,,,,ליווי מבוגר עד גיל 8,Haifa,MovieLand,608
14:55,The Pout Pout Fish,דג ושמו באסה,https://movieland.co.il/order/?eventID=104709&theaterId=1291,https://movieland.co.il/order/?eventID=104709&theaterId=1291,Upgrade,2D,,Hebrew,2026-08-26,,,,,ליווי מבוגר עד גיל 8,Haifa,MovieLand,608
17:05,The Pout Pout Fish,דג ושמו באסה,https://movieland.co.il/order/?eventID=104710&theaterId=1291,https://movieland.co.il/order/?eventID=104710&theaterId=1291,Upgrade,2D,,Hebrew,2026-08-26,,,,,ליווי מבוגר עד גיל 8,Haifa,MovieLand,608
11:50,Coyote vs. ACME,לוני טונס מציגים: קיוטי נגד אקמי,https://movieland.co.il/order/?eventID=104702&theaterId=1291,https://movieland.co.il/order/?eventID=104702&theaterId=1291,Upgrade,2D,English,Hebrew,2026-08-26,2026,,,,All,Haifa,MovieLand,608
14:10,Coyote vs. ACME,לוני טונס מציגים: קיוטי נגד אקמי,https://movieland.co.il/order/?eventID=104703&theaterId=1291,https://movieland.co.il/order/?eventID=104703&theaterId=1291,Upgrade,2D,English,Hebrew,2026-08-26,2026,,,,All,Haifa,MovieLand,608
16:30,Coyote vs. ACME,לוני טונס מציגים: קיוטי נגד אקמי,https://movieland.co.il/order/?eventID=104704&theaterId=1291,https://movieland.co.il/order/?eventID=104704&theaterId=1291,Upgrade,2D,English,Hebrew,2026-08-26,2026,,,,All,Haifa,MovieLand,608
17:25,Coyote vs. ACME,לוני טונס מציגים: קיוטי נגד אקמי,https://movieland.co.il/order/?eventID=104705&theaterId=1291,https://movieland.co.il/order/?eventID=104705&theaterId=1291,Upgrade,2D,English,Hebrew,2026-08-26,2026,,,,All,Haifa,MovieLand,608
13:55,Spider-Man: Brand New Day,ספיידרמן: יום חדש,https://movieland.co.il/order/?eventID=104690&theaterId=1291,https://movieland.co.il/order/?eventID=104690&theaterId=1291,Regular,2D,English,,2026-08-26,2026,,,,All,Haifa,MovieLand,608
17:20,Spider-Man: Brand New Day,ספיידרמן: יום חדש,https://movieland.co.il/order/?eventID=104687&theaterId=1291,https://movieland.co.il/order/?eventID=104687&theaterId=1291,Upgrade,2D,English,,2026-08-26,2026,,,,All,Haifa,MovieLand,608
20:20,Spider-Man: Brand New Day,ספיידרמן: יום חדש,https://movieland.co.il/order/?eventID=104688&theaterId=1291,https://movieland.co.il/order/?eventID=104688&theaterId=1291,Upgrade,2D,English,,2026-08-26,2026,,,,All,Haifa,MovieLand,608
21:15,Spider-Man: Brand New Day,ספיידרמן: יום חדש,https://movieland.co.il/order/?eventID=104686&theaterId=1291,https://movieland.co.il/order/?eventID=104686&theaterId=1291,Upgrade,2D,English,,2026-08-26,2026,,,,All,Haifa,MovieLand,608
23:20,Spider-Man: Brand New Day,ספיידרמן: יום חדש,https://movieland.co.il/order/?eventID=104689&theaterId=1291,https://movieland.co.il/order/?eventID=104689&theaterId=1291,Upgrade,2D,English,,2026-08-26,2026,,,,All,Haifa,MovieLand,608
19:15,The Odyssey,האודיסאה,https://movieland.co.il/order/?eventID=104679&theaterId=1291,https://movieland.co.il/order/?eventID=104679&theaterId=1291,Upgrade,2D,English,,2026-08-26,2026,,,,14+,Haifa,MovieLand,608
22:40,The Odyssey,האודיסאה,https://movieland.co.il/order/?eventID=104680&theaterId=1291,https://movieland.co.il/order/?eventID=104680&theaterId=1291,Upgrade,2D,English,,2026-08-26,2026,,,,14+,Haifa,MovieLand,608
11:00,Paw Patrol: The Dino Movie,מפרץ ההרפתקאות: אי הדינוזאורים,https://movieland.co.il/order/?eventID=104692&theaterId=1291,https://movieland.co.il/order/?eventID=104692&theaterId=1291,Upgrade,2D,English,Hebrew,2026-08-26,2026,,,,All,Haifa,MovieLand,608
13:05,Paw Patrol: The Dino Movie,מפרץ ההרפתקאות: אי הדינוזאורים,https://movieland.co.il/order/?eventID=104693&theaterId=1291,https://movieland.co.il/order/?eventID=104693&theaterId=1291,Upgrade,2D,English,Hebrew,2026-08-26,2026,,,,All,Haifa,MovieLand,608
15:15,Paw Patrol: The Dino Movie,מפרץ ההרפתקאות: אי הדינוזאורים,https://movieland.co.il/order/?eventID=104694&theaterId=1291,https://movieland.co.il/order/?eventID=104694&theaterId=1291,Upgrade,2D,English,Hebrew,2026-08-26,2026,,,,All,Haifa,MovieLand,608
10:30,Minions & Monsters,מיניונים ומפלצות,https://movieland.co.il/order/?eventID=104684&theaterId=1291,https://movieland.co.il/order/?eventID=104684&theaterId=1291,Regular,2D,English,Hebrew,2026-08-26,2026,,,,All,Haifa,MovieLand,608
14:50,Minions & Monsters,מיניונים ומפלצות,https://movieland.co.il/order/?eventID=104685&theaterId=1291,https://movieland.co.il/order/?eventID=104685&theaterId=1291,Regular,2D,English,Hebrew,2026-08-26,2026,,,,All,Haifa,MovieLand,608
19:40,The Dog Stars,כוכבי הכלב,https://movieland.co.il/order/?eventID=104676&theaterId=1291,https://movieland.co.il/order/?eventID=104676&theaterId=1291,Upgrade,2D,English,,2026-08-26,2026,,,,,Haifa,MovieLand,608
22:15,The Dog Stars,כוכבי הכלב,https://movieland.co.il/order/?eventID=104677&theaterId=1291,https://movieland.co.il/order/?eventID=104677&theaterId=1291,Upgrade,2D,English,,2026-08-26,2026,,,,,Haifa,MovieLand,608
00:00,The Dog Stars,כוכבי הכלב,https://movieland.co.il/order/?eventID=104678&theaterId=1291,https://movieland.co.il/order/?eventID=104678&theaterId=1291,Regular,2D,English,,2026-08-26,2026,,,,,Haifa,MovieLand,608
12:35,Marsupilami,מרסופילאמי,https://movieland.co.il/order/?eventID=104683&theaterId=1291,https://movieland.co.il/order/?eventID=104683&theaterId=1291,Regular,2D,French,Hebrew,2026-08-26,2025,,,,All,Haifa,MovieLand,608
19:05,Spa Weekend,ספא וויקנד,https://movieland.co.il/order/?eventID=104699&theaterId=1291,https://movieland.co.il/order/?eventID=104699&theaterId=1291,Regular,2D,English,,2026-08-26,2026,,,,14+,Haifa,MovieLand,608
21:20,Spa Weekend,ספא וויקנד,https://movieland.co.il/order/?eventID=104700&theaterId=1291,https://movieland.co.il/order/?eventID=104700&theaterId=1291,Regular,2D,English,,2026-08-26,2026,,,,14+,Haifa,MovieLand,608
23:35,Spa Weekend,ספא וויקנד,https://movieland.co.il/order/?eventID=104701&theaterId=1291,https://movieland.co.il/order/?eventID=104701&theaterId=1291,Regular,2D,English,,2026-08-26,2026,,,,14+,Haifa,MovieLand,608
13:00,קופה ראשית: הסרט,קופה ראשית: הסרט,https://movieland.co.il/order/?eventID=104696&theaterId=1291,https://movieland.co.il/order/?eventID=104696&theaterId=1291,Upgrade,2D,Hebrew,,2026-08-26,2026,,,,All,Haifa,MovieLand,608
16:55,קופה ראשית: הסרט,קופה ראשית: הסרט,https://movieland.co.il/order/?eventID=104697&theaterId=1291,https://movieland.co.il/order/?eventID=104697&theaterId=1291,Regular,2D,Hebrew,,2026-08-26,2026,,,,All,Haifa,MovieLand,608
19:20,One night only,לגמור את הלילה,https://movieland.co.il/order/?eventID=104695&theaterId=1291,https://movieland.co.il/order/?eventID=104695&theaterId=1291,Regular,2D,English,,2026-08-26,2026,,,,14+,Haifa,MovieLand,608
11:35,Toy Story 5,צעצוע של סיפור 5,https://movieland.co.il/order/?eventID=104681&theaterId=1291,https://movieland.co.il/order/?eventID=104681&theaterId=1291,Regular,2D,English,Hebrew,2026-08-26,2026,,,,All,Haifa,MovieLand,608
14:10,Moana (Live Action),מואנה,https://movieland.co.il/order/?eventID=104682&theaterId=1291,https://movieland.co.il/order/?eventID=104682&theaterId=1291,Regular,2D,English,Hebrew,2026-08-26,2026,,,,All,Haifa,MovieLand,608
22:10,End of Oak street,סוף רחוב האלון,https://movieland.co.il/order/?eventID=104691&theaterId=1291,https://movieland.co.il/order/?eventID=104691&theaterId=1291,Regular,2D,English,,2026-08-26,2026,,,,12+,Haifa,MovieLand,608
15:10,סולטיז הסרט - וולוג ה-100,סולטיז הסרט - וולוג ה-100,https://movieland.co.il/order/?eventID=104698&theaterId=1291,https://movieland.co.il/order/?eventID=104698&theaterId=1291,Upgrade,2D,Hebrew,,2026-08-26,2026,,,,All,Haifa,MovieLand,608
16:55,גבעה 338,גבעה 338,https://movieland.co.il/order/?eventID=104711&theaterId=1291,https://movieland.co.il/order/?eventID=104711&theaterId=1291,Regular,2D,Hebrew,,2026-08-26,2026,,,,9+,Haifa,MovieLand,608
21:40,גבעה 338,גבעה 338,https://movieland.co.il/order/?eventID=104712&theaterId=1291,https://movieland.co.il/order/?eventID=104712&theaterId=1291,Regular,2D,Hebrew,,2026-08-26,2026,,,,9+,Haifa,MovieLand,608
00:15,גבעה 338,גבעה 338,https://movieland.co.il/order/?eventID=104713&theaterId=1291,https://movieland.co.il/order/?eventID=104713&theaterId=1291,Upgrade,2D,Hebrew,,2026-08-26,2026,,,,9+,Haifa,MovieLand,608
11:50,school of magical animals 3,סוד החיות הקסומות 3,https://movieland.co.il/order/?eventID=104715&theaterId=1291,https://movieland.co.il/order/?eventID=104715&theaterId=1291,Regular,2D,,Hebrew,2026-08-26,,,,,,Haifa,MovieLand,608
10:35,The Magical Faraway Tree,המסע המופלא לעץ הקסמים,https://movieland.co.il/order/?eventID=104706&theaterId=1291,https://movieland.co.il/order/?eventID=104706&theaterId=1291,Upgrade,2D,English,Hebrew,2026-08-26,2026,,,,All,Haifa,MovieLand,608
18:55,НА КРАЮ ОУК-СТРИТ,НА КРАЮ ОУК-СТРИТ,https://movieland.co.il/order/?eventID=104714&theaterId=1291,https://movieland.co.il/order/?eventID=104714&theaterId=1291,Upgrade,2D,английский,,2026-08-26,,,,,12+,Haifa,MovieLand,608
16:45,Coyote vs. ACME,לוני טונס מציגים: קיוטי נגד אקמי,https://movieland.co.il/order/?eventID=104716&theaterId=1291,https://movieland.co.il/order/?eventID=104716&theaterId=1291,Regular,2D,English,,2026-08-26,2026,,,,All,Haifa,MovieLand,608
21:00,MovieRetro- לב אמיץ,MovieRetro- לב אמיץ,https://movieland.co.il/order/?eventID=103815&theaterId=1291,https://movieland.co.il/order/?eventID=103815&theaterId=1291,Regular,2D,English,,2026-08-27,1995,,,,,Haifa,MovieLand,608
19:30,MovieRetro- הזאב מוול סטריט,MovieRetro- הזאב מוול סטריט,https://movieland.co.il/order/?eventID=98612&theaterId=1291,https://movieland.co.il/order/?eventID=98612&theaterId=1291,Regular,2D,English,,2026-09-03,2013,,,,,Haifa,MovieLand,608
17:00,MovieRetro- אמיצה (מדובב),MovieRetro- אמיצה,https://movieland.co.il/order/?eventID=104760&theaterId=1291,https://movieland.co.il/order/?eventID=104760&theaterId=1291,Regular,2D,English,Hebrew,2026-09-24,2012,,,,,Haifa,MovieLand,608
23:40,גבעה 338,גבעה 338,https://movieland.co.il/order/?eventID=109369&theaterId=1290,https://movieland.co.il/order/?eventID=109369&theaterId=1290,Regular,2D,Hebrew,,2026-08-19,2026,,,,9+,Carmiel,MovieLand,608
00:00,Ice Cream Man,איש הגלידה,https://movieland.co.il/order/?eventID=109368&theaterId=1290,https://movieland.co.il/order/?eventID=109368&theaterId=1290,Regular,2D,English,,2026-08-19,2026,,,,18+,Carmiel,MovieLand,608
11:05,The Pout Pout Fish,דג ושמו באסה,https://movieland.co.il/order/?eventID=110191&theaterId=1290,https://movieland.co.il/order/?eventID=110191&theaterId=1290,Upgrade,2D,,Hebrew,2026-08-20,,,,,ליווי מבוגר עד גיל 8,Carmiel,MovieLand,608
13:10,The Pout Pout Fish,דג ושמו באסה,https://movieland.co.il/order/?eventID=110192&theaterId=1290,https://movieland.co.il/order/?eventID=110192&theaterId=1290,Upgrade,2D,,Hebrew,2026-08-20,,,,,ליווי מבוגר עד גיל 8,Carmiel,MovieLand,608
15:15,The Pout Pout Fish,דג ושמו באסה,https://movieland.co.il/order/?eventID=110193&theaterId=1290,https://movieland.co.il/order/?eventID=110193&theaterId=1290,Upgrade,2D,,Hebrew,2026-08-20,,,,,ליווי מבוגר עד גיל 8,Carmiel,MovieLand,608
17:20,The Pout Pout Fish,דג ושמו באסה,https://movieland.co.il/order/?eventID=110194&theaterId=1290,https://movieland.co.il/order/?eventID=110194&theaterId=1290,Upgrade,2D,,Hebrew,2026-08-20,,,,,ליווי מבוגר עד גיל 8,Carmiel,MovieLand,608
11:45,Coyote vs. ACME,לוני טונס מציגים: קיוטי נגד אקמי,https://movieland.co.il/order/?eventID=110188&theaterId=1290,https://movieland.co.il/order/?eventID=110188&theaterId=1290,Upgrade,2D,English,Hebrew,2026-08-20,2026,,,,All,Carmiel,MovieLand,608
14:00,Coyote vs. ACME,לוני טונס מציגים: קיוטי נגד אקמי,https://movieland.co.il/order/?eventID=110189&theaterId=1290,https://movieland.co.il/order/?eventID=110189&theaterId=1290,Upgrade,2D,English,Hebrew,2026-08-20,2026,,,,All,Carmiel,MovieLand,608
16:15,Coyote vs. ACME,לוני טונס מציגים: קיוטי נגד אקמי,https://movieland.co.il/order/?eventID=110190&theaterId=1290,https://movieland.co.il/order/?eventID=110190&theaterId=1290,Upgrade,2D,English,Hebrew,2026-08-20,2026,,,,All,Carmiel,MovieLand,608
15:45,Spider-Man: Brand New Day,ספיידרמן: יום חדש,https://movieland.co.il/order/?eventID=110168&theaterId=1290,https://movieland.co.il/order/?eventID=110168&theaterId=1290,Upgrade,2D,English,,2026-08-20,2026,,,,All,Carmiel,MovieLand,608
17:35,Spider-Man: Brand New Day,ספיידרמן: יום חדש,https://movieland.co.il/order/?eventID=110205&theaterId=1290,https://movieland.co.il/order/?eventID=110205&theaterId=1290,Regular,2D,English,,2026-08-20,2026,,,,All,Carmiel,MovieLand,608
18:45,Spider-Man: Brand New Day,ספיידרמן: יום חדש,https://movieland.co.il/order/?eventID=110169&theaterId=1290,https://movieland.co.il/order/?eventID=110169&theaterId=1290,Upgrade,2D,English,,2026-08-20,2026,,,,All,Carmiel,MovieLand,608
20:35,Spider-Man: Brand New Day,ספיידרמן: יום חדש,https://movieland.co.il/order/?eventID=110171&theaterId=1290,https://movieland.co.il/order/?eventID=110171&theaterId=1290,Regular,2D,English,,2026-08-20,2026,,,,All,Carmiel,MovieLand,608
21:45,Spider-Man: Brand New Day,ספיידרמן: יום חדש,https://movieland.co.il/order/?eventID=110170&theaterId=1290,https://movieland.co.il/order/?eventID=110170&theaterId=1290,Upgrade,2D,English,,2026-08-20,2026,,,,All,Carmiel,MovieLand,608
23:35,Spider-Man: Brand New Day,ספיידרמן: יום חדש,https://movieland.co.il/order/?eventID=110172&theaterId=1290,https://movieland.co.il/order/?eventID=110172&theaterId=1290,Regular,2D,English,,2026-08-20,2026,,,,All,Carmiel,MovieLand,608
18:30,The Odyssey,האודיסאה,https://movieland.co.il/order/?eventID=110158&theaterId=1290,https://movieland.co.il/order/?eventID=110158&theaterId=1290,Upgrade,2D,English,,2026-08-20,2026,,,,14+,Carmiel,MovieLand,608
22:00,The Odyssey,האודיסאה,https://movieland.co.il/order/?eventID=110159&theaterId=1290,https://movieland.co.il/order/?eventID=110159&theaterId=1290,Upgrade,2D,English,,2026-08-20,2026,,,,14+,Carmiel,MovieLand,608
11:25,Paw Patrol: The Dino Movie,מפרץ ההרפתקאות: אי הדינוזאורים,https://movieland.co.il/order/?eventID=110173&theaterId=1290,https://movieland.co.il/order/?eventID=110173&theaterId=1290,Upgrade,2D,English,Hebrew,2026-08-20,2026,,,,All,Carmiel,MovieLand,608
13:15,Paw Patrol: The Dino Movie,מפרץ ההרפתקאות: אי הדינוזאורים,https://movieland.co.il/order/?eventID=110175&theaterId=1290,https://movieland.co.il/order/?eventID=110175&theaterId=1290,Regular,2D,English,Hebrew,2026-08-20,2026,,,,All,Carmiel,MovieLand,608
16:20,Paw Patrol: The Dino Movie,מפרץ ההרפתקאות: אי הדינוזאורים,https://movieland.co.il/order/?eventID=110174&theaterId=1290,https://movieland.co.il/order/?eventID=110174&theaterId=1290,Regular,2D,English,Hebrew,2026-08-20,2026,,,,All,Carmiel,MovieLand,608
12:25,Minions & Monsters,מיניונים ומפלצות,https://movieland.co.il/order/?eventID=110166&theaterId=1290,https://movieland.co.il/order/?eventID=110166&theaterId=1290,Regular,2D,English,Hebrew,2026-08-20,2026,,,,All,Carmiel,MovieLand,608
14:40,Minions & Monsters,מיניונים ומפלצות,https://movieland.co.il/order/?eventID=110165&theaterId=1290,https://movieland.co.il/order/?eventID=110165&theaterId=1290,Regular,2D,English,Hebrew,2026-08-20,2026,,,,All,Carmiel,MovieLand,608
17:30,Minions & Monsters,מיניונים ומפלצות,https://movieland.co.il/order/?eventID=110167&theaterId=1290,https://movieland.co.il/order/?eventID=110167&theaterId=1290,Regular,2D,English,Hebrew,2026-08-20,2026,,,,All,Carmiel,MovieLand,608
21:50,Insidious: Out of the further,הרוע שבפנים: מחוץ למעבר,https://movieland.co.il/order/?eventID=110176&theaterId=1290,https://movieland.co.il/order/?eventID=110176&theaterId=1290,Regular,2D,English,,2026-08-20,2026,,,,14+,Carmiel,MovieLand,608
00:10,Insidious: Out of the further,הרוע שבפנים: מחוץ למעבר,https://movieland.co.il/order/?eventID=110177&theaterId=1290,https://movieland.co.il/order/?eventID=110177&theaterId=1290,Regular,2D,English,,2026-08-20,2026,,,,14+,Carmiel,MovieLand,608
13:30,Marsupilami,מרסופילאמי,https://movieland.co.il/order/?eventID=110163&theaterId=1290,https://movieland.co.il/order/?eventID=110163&theaterId=1290,Upgrade,2D,French,Hebrew,2026-08-20,2025,,,,All,Carmiel,MovieLand,608
15:15,Marsupilami,מרסופילאמי,https://movieland.co.il/order/?eventID=110164&theaterId=1290,https://movieland.co.il/order/?eventID=110164&theaterId=1290,Regular,2D,French,Hebrew,2026-08-20,2025,,,,All,Carmiel,MovieLand,608
19:25,Mutiny,נקמה בלב ים,https://movieland.co.il/order/?eventID=110195&theaterId=1290,https://movieland.co.il/order/?eventID=110195&theaterId=1290,Upgrade,2D,English,,2026-08-20,2026,,,,14+,Carmiel,MovieLand,608
21:35,Mutiny,נקמה בלב ים,https://movieland.co.il/order/?eventID=110196&theaterId=1290,https://movieland.co.il/order/?eventID=110196&theaterId=1290,Upgrade,2D,English,,2026-08-20,2026,,,,14+,Carmiel,MovieLand,608
23:45,Mutiny,נקמה בלב ים,https://movieland.co.il/order/?eventID=110197&theaterId=1290,https://movieland.co.il/order/?eventID=110197&theaterId=1290,Upgrade,2D,English,,2026-08-20,2026,,,,14+,Carmiel,MovieLand,608
19:10,Spa Weekend,ספא וויקנד,https://movieland.co.il/order/?eventID=110183&theaterId=1290,https://movieland.co.il/order/?eventID=110183&theaterId=1290,Regular,2D,English,,2026-08-20,2026,,,,14+,Carmiel,MovieLand,608
21:25,Spa Weekend,ספא וויקנד,https://movieland.co.il/order/?eventID=110184&theaterId=1290,https://movieland.co.il/order/?eventID=110184&theaterId=1290,Regular,2D,English,,2026-08-20,2026,,,,14+,Carmiel,MovieLand,608
23:35,Spa Weekend,ספא וויקנד,https://movieland.co.il/order/?eventID=110185&theaterId=1290,https://movieland.co.il/order/?eventID=110185&theaterId=1290,Regular,2D,English,,2026-08-20,2026,,,,14+,Carmiel,MovieLand,608
14:40,קופה ראשית: הסרט,קופה ראשית: הסרט,https://movieland.co.il/order/?eventID=110179&theaterId=1290,https://movieland.co.il/order/?eventID=110179&theaterId=1290,Regular,2D,Hebrew,,2026-08-20,2026,,,,All,Carmiel,MovieLand,608
16:50,קופה ראשית: הסרט,קופה ראשית: הסרט,https://movieland.co.il/order/?eventID=110180&theaterId=1290,https://movieland.co.il/order/?eventID=110180&theaterId=1290,Regular,2D,Hebrew,,2026-08-20,2026,,,,All,Carmiel,MovieLand,608
18:55,One night only,לגמור את הלילה,https://movieland.co.il/order/?eventID=110404&theaterId=1290,https://movieland.co.il/order/?eventID=110404&theaterId=1290,Regular,2D,English,,2026-08-20,2026,,,,14+,Carmiel,MovieLand,608
21:10,One night only,לגמור את הלילה,https://movieland.co.il/order/?eventID=110178&theaterId=1290,https://movieland.co.il/order/?eventID=110178&theaterId=1290,Regular,2D,English,,2026-08-20,2026,,,,14+,Carmiel,MovieLand,608
23:25,One night only,לגמור את הלילה,https://movieland.co.il/order/?eventID=110203&theaterId=1290,https://movieland.co.il/order/?eventID=110203&theaterId=1290,Regular,2D,English,,2026-08-20,2026,,,,14+,Carmiel,MovieLand,608
11:00,Toy Story 5,צעצוע של סיפור 5,https://movieland.co.il/order/?eventID=110160&theaterId=1290,https://movieland.co.il/order/?eventID=110160&theaterId=1290,Regular,2D,English,Hebrew,2026-08-20,2026,,,,All,Carmiel,MovieLand,608
11:15,Moana (Live Action),מואנה,https://movieland.co.il/order/?eventID=110162&theaterId=1290,https://movieland.co.il/order/?eventID=110162&theaterId=1290,Regular,2D,English,Hebrew,2026-08-20,2026,,,,All,Carmiel,MovieLand,608
13:45,Moana (Live Action),מואנה,https://movieland.co.il/order/?eventID=110161&theaterId=1290,https://movieland.co.il/order/?eventID=110161&theaterId=1290,Regular,2D,English,Hebrew,2026-08-20,2026,,,,All,Carmiel,MovieLand,608
11:00,סולטיז הסרט - וולוג ה-100,סולטיז הסרט - וולוג ה-100,https://movieland.co.il/order/?eventID=110182&theaterId=1290,https://movieland.co.il/order/?eventID=110182&theaterId=1290,Regular,2D,Hebrew,,2026-08-20,2026,,,,All,Carmiel,MovieLand,608
15:20,סולטיז הסרט - וולוג ה-100,סולטיז הסרט - וולוג ה-100,https://movieland.co.il/order/?eventID=110181&theaterId=1290,https://movieland.co.il/order/?eventID=110181&theaterId=1290,Regular,2D,Hebrew,,2026-08-20,2026,,,,All,Carmiel,MovieLand,608
16:45,גבעה 338,גבעה 338,https://movieland.co.il/order/?eventID=110198&theaterId=1290,https://movieland.co.il/order/?eventID=110198&theaterId=1290,Regular,2D,Hebrew,,2026-08-20,2026,,,,9+,Carmiel,MovieLand,608
21:30,גבעה 338,גבעה 338,https://movieland.co.il/order/?eventID=110199&theaterId=1290,https://movieland.co.il/order/?eventID=110199&theaterId=1290,Regular,2D,Hebrew,,2026-08-20,2026,,,,9+,Carmiel,MovieLand,608
23:50,גבעה 338,גבעה 338,https://movieland.co.il/order/?eventID=110200&theaterId=1290,https://movieland.co.il/order/?eventID=110200&theaterId=1290,Regular,2D,Hebrew,,2026-08-20,2026,,,,9+,Carmiel,MovieLand,608
12:10,The Magical Faraway Tree,המסע המופלא לעץ הקסמים,https://movieland.co.il/order/?eventID=110204&theaterId=1290,https://movieland.co.il/order/?eventID=110204&theaterId=1290,Regular,2D,English,Hebrew,2026-08-20,2026,,,,All,Carmiel,MovieLand,608
19:35,НА КРАЮ ОУК-СТРИТ,НА КРАЮ ОУК-СТРИТ,https://movieland.co.il/order/?eventID=110201&theaterId=1290,https://movieland.co.il/order/?eventID=110201&theaterId=1290,Regular,2D,английский,,2026-08-20,,,,,12+,Carmiel,MovieLand,608
18:30,ЧЕЛОВЕК-ПАУК: НОВЫЙ ДЕНЬ,ЧЕЛОВЕК-ПАУК: НОВЫЙ ДЕНЬ,https://movieland.co.il/order/?eventID=110186&theaterId=1290,https://movieland.co.il/order/?eventID=110186&theaterId=1290,Regular,2D,английский,,2026-08-20,2026,,,,Нет возрастных ограничений,Carmiel,MovieLand,608
13:05,Coyote vs. ACME,לוני טונס מציגים: קיוטי נגד אקמי,https://movieland.co.il/order/?eventID=110187&theaterId=1290,https://movieland.co.il/order/?eventID=110187&theaterId=1290,Regular,2D,English,,2026-08-20,2026,,,,All,Carmiel,MovieLand,608
11:05,The Pout Pout Fish,דג ושמו באסה,https://movieland.co.il/order/?eventID=110382&theaterId=1290,https://movieland.co.il/order/?eventID=110382&theaterId=1290,Upgrade,2D,,Hebrew,2026-08-21,,,,,ליווי מבוגר עד גיל 8,Carmiel,MovieLand,608
13:10,The Pout Pout Fish,דג ושמו באסה,https://movieland.co.il/order/?eventID=110383&theaterId=1290,https://movieland.co.il/order/?eventID=110383&theaterId=1290,Upgrade,2D,,Hebrew,2026-08-21,,,,,ליווי מבוגר עד גיל 8,Carmiel,MovieLand,608
15:15,The Pout Pout Fish,דג ושמו באסה,https://movieland.co.il/order/?eventID=110384&theaterId=1290,https://movieland.co.il/order/?eventID=110384&theaterId=1290,Upgrade,2D,,Hebrew,2026-08-21,,,,,ליווי מבוגר עד גיל 8,Carmiel,MovieLand,608
17:20,The Pout Pout Fish,דג ושמו באסה,https://movieland.co.il/order/?eventID=110385&theaterId=1290,https://movieland.co.il/order/?eventID=110385&theaterId=1290,Upgrade,2D,,Hebrew,2026-08-21,,,,,ליווי מבוגר עד גיל 8,Carmiel,MovieLand,608
11:45,Coyote vs. ACME,לוני טונס מציגים: קיוטי נגד אקמי,https://movieland.co.il/order/?eventID=110379&theaterId=1290,https://movieland.co.il/order/?eventID=110379&theaterId=1290,Upgrade,2D,English,Hebrew,2026-08-21,2026,,,,All,Carmiel,MovieLand,608
14:00,Coyote vs. ACME,לוני טונס מציגים: קיוטי נגד אקמי,https://movieland.co.il/order/?eventID=110380&theaterId=1290,https://movieland.co.il/order/?eventID=110380&theaterId=1290,Upgrade,2D,English,Hebrew,2026-08-21,2026,,,,All,Carmiel,MovieLand,608
16:15,Coyote vs. ACME,לוני טונס מציגים: קיוטי נגד אקמי,https://movieland.co.il/order/?eventID=110381&theaterId=1290,https://movieland.co.il/order/?eventID=110381&theaterId=1290,Upgrade,2D,English,Hebrew,2026-08-21,2026,,,,All,Carmiel,MovieLand,608
15:45,Spider-Man: Brand New Day,ספיידרמן: יום חדש,https://movieland.co.il/order/?eventID=110359&theaterId=1290,https://movieland.co.il/order/?eventID=110359&theaterId=1290,Upgrade,2D,English,,2026-08-21,2026,,,,All,Carmiel,MovieLand,608
17:25,Spider-Man: Brand New Day,ספיידרמן: יום חדש,https://movieland.co.il/order/?eventID=110396&theaterId=1290,https://movieland.co.il/order/?eventID=110396&theaterId=1290,Regular,2D,English,,2026-08-21,2026,,,,All,Carmiel,MovieLand,608
18:45,Spider-Man: Brand New Day,ספיידרמן: יום חדש,https://movieland.co.il/order/?eventID=110360&theaterId=1290,https://movieland.co.il/order/?eventID=110360&theaterId=1290,Upgrade,2D,English,,2026-08-21,2026,,,,All,Carmiel,MovieLand,608
20:25,Spider-Man: Brand New Day,ספיידרמן: יום חדש,https://movieland.co.il/order/?eventID=110362&theaterId=1290,https://movieland.co.il/order/?eventID=110362&theaterId=1290,Regular,2D,English,,2026-08-21,2026,,,,All,Carmiel,MovieLand,608
21:45,Spider-Man: Brand New Day,ספיידרמן: יום חדש,https://movieland.co.il/order/?eventID=110361&theaterId=1290,https://movieland.co.il/order/?eventID=110361&theaterId=1290,Upgrade,2D,English,,2026-08-21,2026,,,,All,Carmiel,MovieLand,608
23:25,Spider-Man: Brand New Day,ספיידרמן: יום חדש,https://movieland.co.il/order/?eventID=110363&theaterId=1290,https://movieland.co.il/order/?eventID=110363&theaterId=1290,Regular,2D,English,,2026-08-21,2026,,,,All,Carmiel,MovieLand,608
13:30,The Odyssey,האודיסאה,https://movieland.co.il/order/?eventID=110351&theaterId=1290,https://movieland.co.il/order/?eventID=110351&theaterId=1290,Regular,2D,English,,2026-08-21,2026,,,,14+,Carmiel,MovieLand,608
18:30,The Odyssey,האודיסאה,https://movieland.co.il/order/?eventID=110349&theaterId=1290,https://movieland.co.il/order/?eventID=110349&theaterId=1290,Upgrade,2D,English,,2026-08-21,2026,,,,14+,Carmiel,MovieLand,608
22:00,The Odyssey,האודיסאה,https://movieland.co.il/order/?eventID=110350&theaterId=1290,https://movieland.co.il/order/?eventID=110350&theaterId=1290,Upgrade,2D,English,,2026-08-21,2026,,,,14+,Carmiel,MovieLand,608
11:25,Paw Patrol: The Dino Movie,מפרץ ההרפתקאות: אי הדינוזאורים,https://movieland.co.il/order/?eventID=110364&theaterId=1290,https://movieland.co.il/order/?eventID=110364&theaterId=1290,Upgrade,2D,English,Hebrew,2026-08-21,2026,,,,All,Carmiel,MovieLand,608
13:05,Paw Patrol: The Dino Movie,מפרץ ההרפתקאות: אי הדינוזאורים,https://movieland.co.il/order/?eventID=110365&theaterId=1290,https://movieland.co.il/order/?eventID=110365&theaterId=1290,Regular,2D,English,Hebrew,2026-08-21,2026,,,,All,Carmiel,MovieLand,608
11:00,Minions & Monsters,מיניונים ומפלצות,https://movieland.co.il/order/?eventID=110357&theaterId=1290,https://movieland.co.il/order/?eventID=110357&theaterId=1290,Regular,2D,English,Hebrew,2026-08-21,2026,,,,All,Carmiel,MovieLand,608
14:35,Minions & Monsters,מיניונים ומפלצות,https://movieland.co.il/order/?eventID=110356&theaterId=1290,https://movieland.co.il/order/?eventID=110356&theaterId=1290,Regular,2D,English,Hebrew,2026-08-21,2026,,,,All,Carmiel,MovieLand,608
17:30,Minions & Monsters,מיניונים ומפלצות,https://movieland.co.il/order/?eventID=110358&theaterId=1290,https://movieland.co.il/order/?eventID=110358&theaterId=1290,Regular,2D,English,Hebrew,2026-08-21,2026,,,,All,Carmiel,MovieLand,608
21:50,Insidious: Out of the further,הרוע שבפנים: מחוץ למעבר,https://movieland.co.il/order/?eventID=110366&theaterId=1290,https://movieland.co.il/order/?eventID=110366&theaterId=1290,Regular,2D,English,,2026-08-21,2026,,,,14+,Carmiel,MovieLand,608
00:10,Insidious: Out of the further,הרוע שבפנים: מחוץ למעבר,https://movieland.co.il/order/?eventID=110367&theaterId=1290,https://movieland.co.il/order/?eventID=110367&theaterId=1290,Regular,2D,English,,2026-08-21,2026,,,,14+,Carmiel,MovieLand,608
13:30,Marsupilami,מרסופילאמי,https://movieland.co.il/order/?eventID=110355&theaterId=1290,https://movieland.co.il/order/?eventID=110355&theaterId=1290,Upgrade,2D,French,Hebrew,2026-08-21,2025,,,,All,Carmiel,MovieLand,608
19:25,Mutiny,נקמה בלב ים,https://movieland.co.il/order/?eventID=110386&theaterId=1290,https://movieland.co.il/order/?eventID=110386&theaterId=1290,Upgrade,2D,English,,2026-08-21,2026,,,,14+,Carmiel,MovieLand,608
21:35,Mutiny,נקמה בלב ים,https://movieland.co.il/order/?eventID=110387&theaterId=1290,https://movieland.co.il/order/?eventID=110387&theaterId=1290,Upgrade,2D,English,,2026-08-21,2026,,,,14+,Carmiel,MovieLand,608
23:45,Mutiny,נקמה בלב ים,https://movieland.co.il/order/?eventID=110388&theaterId=1290,https://movieland.co.il/order/?eventID=110388&theaterId=1290,Upgrade,2D,English,,2026-08-21,2026,,,,14+,Carmiel,MovieLand,608
19:40,Spa Weekend,ספא וויקנד,https://movieland.co.il/order/?eventID=110373&theaterId=1290,https://movieland.co.il/order/?eventID=110373&theaterId=1290,Regular,2D,English,,2026-08-21,2026,,,,14+,Carmiel,MovieLand,608
22:25,Spa Weekend,ספא וויקנד,https://movieland.co.il/order/?eventID=110374&theaterId=1290,https://movieland.co.il/order/?eventID=110374&theaterId=1290,Regular,2D,English,,2026-08-21,2026,,,,14+,Carmiel,MovieLand,608
00:30,Spa Weekend,ספא וויקנד,https://movieland.co.il/order/?eventID=110375&theaterId=1290,https://movieland.co.il/order/?eventID=110375&theaterId=1290,Regular,2D,English,,2026-08-21,2026,,,,14+,Carmiel,MovieLand,608
11:20,קופה ראשית: הסרט,קופה ראשית: הסרט,https://movieland.co.il/order/?eventID=110371&theaterId=1290,https://movieland.co.il/order/?eventID=110371&theaterId=1290,Regular,2D,Hebrew,,2026-08-21,2026,,,,All,Carmiel,MovieLand,608
16:55,קופה ראשית: הסרט,קופה ראשית: הסרט,https://movieland.co.il/order/?eventID=110370&theaterId=1290,https://movieland.co.il/order/?eventID=110370&theaterId=1290,Regular,2D,Hebrew,,2026-08-21,2026,,,,All,Carmiel,MovieLand,608
19:05,One night only,לגמור את הלילה,https://movieland.co.il/order/?eventID=110369&theaterId=1290,https://movieland.co.il/order/?eventID=110369&theaterId=1290,Regular,2D,English,,2026-08-21,2026,,,,14+,Carmiel,MovieLand,608
21:20,One night only,לגמור את הלילה,https://movieland.co.il/order/?eventID=110368&theaterId=1290,https://movieland.co.il/order/?eventID=110368&theaterId=1290,Regular,2D,English,,2026-08-21,2026,,,,14+,Carmiel,MovieLand,608
10:40,Toy Story 5,צעצוע של סיפור 5,https://movieland.co.il/order/?eventID=110352&theaterId=1290,https://movieland.co.il/order/?eventID=110352&theaterId=1290,Regular,2D,English,Hebrew,2026-08-21,2026,,,,All,Carmiel,MovieLand,608
11:15,Moana (Live Action),מואנה,https://movieland.co.il/order/?eventID=110354&theaterId=1290,https://movieland.co.il/order/?eventID=110354&theaterId=1290,Regular,2D,English,Hebrew,2026-08-21,2026,,,,All,Carmiel,MovieLand,608
13:45,Moana (Live Action),מואנה,https://movieland.co.il/order/?eventID=110353&theaterId=1290,https://movieland.co.il/order/?eventID=110353&theaterId=1290,Regular,2D,English,Hebrew,2026-08-21,2026,,,,All,Carmiel,MovieLand,608
23:40,Fuze,פיוז,https://movieland.co.il/order/?eventID=110377&theaterId=1290,https://movieland.co.il/order/?eventID=110377&theaterId=1290,Regular,2D,English,,2026-08-21,2026,,,,12+,Carmiel,MovieLand,608
15:05,סולטיז הסרט - וולוג ה-100,סולטיז הסרט - וולוג ה-100,https://movieland.co.il/order/?eventID=110372&theaterId=1290,https://movieland.co.il/order/?eventID=110372&theaterId=1290,Regular,2D,Hebrew,,2026-08-21,2026,,,,All,Carmiel,MovieLand,608
16:40,גבעה 338,גבעה 338,https://movieland.co.il/order/?eventID=110389&theaterId=1290,https://movieland.co.il/order/?eventID=110389&theaterId=1290,Regular,2D,Hebrew,,2026-08-21,2026,,,,9+,Carmiel,MovieLand,608
21:30,גבעה 338,גבעה 338,https://movieland.co.il/order/?eventID=110390&theaterId=1290,https://movieland.co.il/order/?eventID=110390&theaterId=1290,Regular,2D,Hebrew,,2026-08-21,2026,,,,9+,Carmiel,MovieLand,608
23:50,גבעה 338,גבעה 338,https://movieland.co.il/order/?eventID=110391&theaterId=1290,https://movieland.co.il/order/?eventID=110391&theaterId=1290,Regular,2D,Hebrew,,2026-08-21,2026,,,,9+,Carmiel,MovieLand,608
12:55,school of magical animals 3,סוד החיות הקסומות 3,https://movieland.co.il/order/?eventID=110394&theaterId=1290,https://movieland.co.il/order/?eventID=110394&theaterId=1290,Regular,2D,,Hebrew,2026-08-21,,,,,,Carmiel,MovieLand,608
19:00,ОДИССЕЯ,ОДИССЕЯ,https://movieland.co.il/order/?eventID=110393&theaterId=1290,https://movieland.co.il/order/?eventID=110393&theaterId=1290,Regular,2D,английский,,2026-08-21,2026,,,,14+,Carmiel,MovieLand,608
18:30,ЧЕЛОВЕК-ПАУК: НОВЫЙ ДЕНЬ,ЧЕЛОВЕК-ПАУК: НОВЫЙ ДЕНЬ,https://movieland.co.il/order/?eventID=110376&theaterId=1290,https://movieland.co.il/order/?eventID=110376&theaterId=1290,Regular,2D,английский,,2026-08-21,2026,,,,Нет возрастных ограничений,Carmiel,MovieLand,608
16:25,ЩЕНЯЧИЙ ПАТРУЛЬ: ДИНОФИЛЬМ,ЩЕНЯЧИЙ ПАТРУЛЬ: ДИНОФИЛЬМ,https://movieland.co.il/order/?eventID=110392&theaterId=1290,https://movieland.co.il/order/?eventID=110392&theaterId=1290,Regular,2D,английский,,2026-08-21,2026,,,,Нет возрастных ограничений,Carmiel,MovieLand,608
15:15,Coyote vs. ACME,לוני טונס מציגים: קיוטי נגד אקמי,https://movieland.co.il/order/?eventID=110378&theaterId=1290,https://movieland.co.il/order/?eventID=110378&theaterId=1290,Regular,2D,English,,2026-08-21,2026,,,,All,Carmiel,MovieLand,608
11:05,The Pout Pout Fish,דג ושמו באסה,https://movieland.co.il/order/?eventID=110112&theaterId=1290,https://movieland.co.il/order/?eventID=110112&theaterId=1290,Upgrade,2D,,Hebrew,2026-08-22,,,,,ליווי מבוגר עד גיל 8,Carmiel,MovieLand,608
13:10,The Pout Pout Fish,דג ושמו באסה,https://movieland.co.il/order/?eventID=110113&theaterId=1290,https://movieland.co.il/order/?eventID=110113&theaterId=1290,Upgrade,2D,,Hebrew,2026-08-22,,,,,ליווי מבוגר עד גיל 8,Carmiel,MovieLand,608
15:15,The Pout Pout Fish,דג ושמו באסה,https://movieland.co.il/order/?eventID=110114&theaterId=1290,https://movieland.co.il/order/?eventID=110114&theaterId=1290,Upgrade,2D,,Hebrew,2026-08-22,,,,,ליווי מבוגר עד גיל 8,Carmiel,MovieLand,608
17:20,The Pout Pout Fish,דג ושמו באסה,https://movieland.co.il/order/?eventID=110115&theaterId=1290,https://movieland.co.il/order/?eventID=110115&theaterId=1290,Upgrade,2D,,Hebrew,2026-08-22,,,,,ליווי מבוגר עד גיל 8,Carmiel,MovieLand,608
11:45,Coyote vs. ACME,לוני טונס מציגים: קיוטי נגד אקמי,https://movieland.co.il/order/?eventID=110118&theaterId=1290,https://movieland.co.il/order/?eventID=110118&theaterId=1290,Upgrade,2D,English,Hebrew,2026-08-22,2026,,,,All,Carmiel,MovieLand,608
14:00,Coyote vs. ACME,לוני טונס מציגים: קיוטי נגד אקמי,https://movieland.co.il/order/?eventID=110119&theaterId=1290,https://movieland.co.il/order/?eventID=110119&theaterId=1290,Upgrade,2D,English,Hebrew,2026-08-22,2026,,,,All,Carmiel,MovieLand,608
16:15,Coyote vs. ACME,לוני טונס מציגים: קיוטי נגד אקמי,https://movieland.co.il/order/?eventID=110120&theaterId=1290,https://movieland.co.il/order/?eventID=110120&theaterId=1290,Upgrade,2D,English,Hebrew,2026-08-22,2026,,,,All,Carmiel,MovieLand,608
15:45,Spider-Man: Brand New Day,ספיידרמן: יום חדש,https://movieland.co.il/order/?eventID=110141&theaterId=1290,https://movieland.co.il/order/?eventID=110141&theaterId=1290,Upgrade,2D,English,,2026-08-22,2026,,,,All,Carmiel,MovieLand,608
17:25,Spider-Man: Brand New Day,ספיידרמן: יום חדש,https://movieland.co.il/order/?eventID=110111&theaterId=1290,https://movieland.co.il/order/?eventID=110111&theaterId=1290,Regular,2D,English,,2026-08-22,2026,,,,All,Carmiel,MovieLand,608
18:45,Spider-Man: Brand New Day,ספיידרמן: יום חדש,https://movieland.co.il/order/?eventID=110142&theaterId=1290,https://movieland.co.il/order/?eventID=110142&theaterId=1290,Upgrade,2D,English,,2026-08-22,2026,,,,All,Carmiel,MovieLand,608
20:25,Spider-Man: Brand New Day,ספיידרמן: יום חדש,https://movieland.co.il/order/?eventID=110144&theaterId=1290,https://movieland.co.il/order/?eventID=110144&theaterId=1290,Regular,2D,English,,2026-08-22,2026,,,,All,Carmiel,MovieLand,608
21:45,Spider-Man: Brand New Day,ספיידרמן: יום חדש,https://movieland.co.il/order/?eventID=110143&theaterId=1290,https://movieland.co.il/order/?eventID=110143&theaterId=1290,Upgrade,2D,English,,2026-08-22,2026,,,,All,Carmiel,MovieLand,608
23:25,Spider-Man: Brand New Day,ספיידרמן: יום חדש,https://movieland.co.il/order/?eventID=110145&theaterId=1290,https://movieland.co.il/order/?eventID=110145&theaterId=1290,Regular,2D,English,,2026-08-22,2026,,,,All,Carmiel,MovieLand,608
13:30,The Odyssey,האודיסאה,https://movieland.co.il/order/?eventID=110155&theaterId=1290,https://movieland.co.il/order/?eventID=110155&theaterId=1290,Regular,2D,English,,2026-08-22,2026,,,,14+,Carmiel,MovieLand,608
18:30,The Odyssey,האודיסאה,https://movieland.co.il/order/?eventID=110146&theaterId=1290,https://movieland.co.il/order/?eventID=110146&theaterId=1290,Upgrade,2D,English,,2026-08-22,2026,,,,14+,Carmiel,MovieLand,608
22:00,The Odyssey,האודיסאה,https://movieland.co.il/order/?eventID=110147&theaterId=1290,https://movieland.co.il/order/?eventID=110147&theaterId=1290,Upgrade,2D,English,,2026-08-22,2026,,,,14+,Carmiel,MovieLand,608
11:25,Paw Patrol: The Dino Movie,מפרץ ההרפתקאות: אי הדינוזאורים,https://movieland.co.il/order/?eventID=110136&theaterId=1290,https://movieland.co.il/order/?eventID=110136&theaterId=1290,Upgrade,2D,English,Hebrew,2026-08-22,2026,,,,All,Carmiel,MovieLand,608
14:50,Paw Patrol: The Dino Movie,מפרץ ההרפתקאות: אי הדינוזאורים,https://movieland.co.il/order/?eventID=110137&theaterId=1290,https://movieland.co.il/order/?eventID=110137&theaterId=1290,Regular,2D,English,Hebrew,2026-08-22,2026,,,,All,Carmiel,MovieLand,608
11:50,Minions & Monsters,מיניונים ומפלצות,https://movieland.co.il/order/?eventID=110152&theaterId=1290,https://movieland.co.il/order/?eventID=110152&theaterId=1290,Regular,2D,English,Hebrew,2026-08-22,2026,,,,All,Carmiel,MovieLand,608
13:55,Minions & Monsters,מיניונים ומפלצות,https://movieland.co.il/order/?eventID=110151&theaterId=1290,https://movieland.co.il/order/?eventID=110151&theaterId=1290,Regular,2D,English,Hebrew,2026-08-22,2026,,,,All,Carmiel,MovieLand,608
17:30,Minions & Monsters,מיניונים ומפלצות,https://movieland.co.il/order/?eventID=110153&theaterId=1290,https://movieland.co.il/order/?eventID=110153&theaterId=1290,Regular,2D,English,Hebrew,2026-08-22,2026,,,,All,Carmiel,MovieLand,608
21:50,Insidious: Out of the further,הרוע שבפנים: מחוץ למעבר,https://movieland.co.il/order/?eventID=110116&theaterId=1290,https://movieland.co.il/order/?eventID=110116&theaterId=1290,Regular,2D,English,,2026-08-22,2026,,,,14+,Carmiel,MovieLand,608
00:10,Insidious: Out of the further,הרוע שבפנים: מחוץ למעבר,https://movieland.co.il/order/?eventID=110117&theaterId=1290,https://movieland.co.il/order/?eventID=110117&theaterId=1290,Regular,2D,English,,2026-08-22,2026,,,,14+,Carmiel,MovieLand,608
13:30,Marsupilami,מרסופילאמי,https://movieland.co.il/order/?eventID=110138&theaterId=1290,https://movieland.co.il/order/?eventID=110138&theaterId=1290,Upgrade,2D,French,Hebrew,2026-08-22,2025,,,,All,Carmiel,MovieLand,608
15:15,Marsupilami,מרסופילאמי,https://movieland.co.il/order/?eventID=110139&theaterId=1290,https://movieland.co.il/order/?eventID=110139&theaterId=1290,Regular,2D,French,Hebrew,2026-08-22,2025,,,,All,Carmiel,MovieLand,608
19:25,Mutiny,נקמה בלב ים,https://movieland.co.il/order/?eventID=110123&theaterId=1290,https://movieland.co.il/order/?eventID=110123&theaterId=1290,Upgrade,2D,English,,2026-08-22,2026,,,,14+,Carmiel,MovieLand,608
21:35,Mutiny,נקמה בלב ים,https://movieland.co.il/order/?eventID=110124&theaterId=1290,https://movieland.co.il/order/?eventID=110124&theaterId=1290,Upgrade,2D,English,,2026-08-22,2026,,,,14+,Carmiel,MovieLand,608
23:45,Mutiny,נקמה בלב ים,https://movieland.co.il/order/?eventID=110125&theaterId=1290,https://movieland.co.il/order/?eventID=110125&theaterId=1290,Upgrade,2D,English,,2026-08-22,2026,,,,14+,Carmiel,MovieLand,608
19:00,Spa Weekend,ספא וויקנד,https://movieland.co.il/order/?eventID=110126&theaterId=1290,https://movieland.co.il/order/?eventID=110126&theaterId=1290,Regular,2D,English,,2026-08-22,2026,,,,14+,Carmiel,MovieLand,608
21:15,Spa Weekend,ספא וויקנד,https://movieland.co.il/order/?eventID=110127&theaterId=1290,https://movieland.co.il/order/?eventID=110127&theaterId=1290,Regular,2D,English,,2026-08-22,2026,,,,14+,Carmiel,MovieLand,608
23:30,Spa Weekend,ספא וויקנד,https://movieland.co.il/order/?eventID=110128&theaterId=1290,https://movieland.co.il/order/?eventID=110128&theaterId=1290,Regular,2D,English,,2026-08-22,2026,,,,14+,Carmiel,MovieLand,608
11:20,קופה ראשית: הסרט,קופה ראשית: הסרט,https://movieland.co.il/order/?eventID=110157&theaterId=1290,https://movieland.co.il/order/?eventID=110157&theaterId=1290,Regular,2D,Hebrew,,2026-08-22,2026,,,,All,Carmiel,MovieLand,608
16:55,קופה ראשית: הסרט,קופה ראשית: הסרט,https://movieland.co.il/order/?eventID=110156&theaterId=1290,https://movieland.co.il/order/?eventID=110156&theaterId=1290,Regular,2D,Hebrew,,2026-08-22,2026,,,,All,Carmiel,MovieLand,608
19:05,One night only,לגמור את הלילה,https://movieland.co.il/order/?eventID=110132&theaterId=1290,https://movieland.co.il/order/?eventID=110132&theaterId=1290,Regular,2D,English,,2026-08-22,2026,,,,14+,Carmiel,MovieLand,608
21:20,One night only,לגמור את הלילה,https://movieland.co.il/order/?eventID=110131&theaterId=1290,https://movieland.co.il/order/?eventID=110131&theaterId=1290,Regular,2D,English,,2026-08-22,2026,,,,14+,Carmiel,MovieLand,608
11:00,Toy Story 5,צעצוע של סיפור 5,https://movieland.co.il/order/?eventID=110154&theaterId=1290,https://movieland.co.il/order/?eventID=110154&theaterId=1290,Regular,2D,English,Hebrew,2026-08-22,2026,,,,All,Carmiel,MovieLand,608
12:15,Moana (Live Action),מואנה,https://movieland.co.il/order/?eventID=110150&theaterId=1290,https://movieland.co.il/order/?eventID=110150&theaterId=1290,Regular,2D,English,Hebrew,2026-08-22,2026,,,,All,Carmiel,MovieLand,608
19:35,End of Oak street,סוף רחוב האלון,https://movieland.co.il/order/?eventID=110129&theaterId=1290,https://movieland.co.il/order/?eventID=110129&theaterId=1290,Regular,2D,English,,2026-08-22,2026,,,,12+,Carmiel,MovieLand,608
23:40,Fuze,פיוז,https://movieland.co.il/order/?eventID=110130&theaterId=1290,https://movieland.co.il/order/?eventID=110130&theaterId=1290,Regular,2D,English,,2026-08-22,2026,,,,12+,Carmiel,MovieLand,608
10:50,סולטיז הסרט - וולוג ה-100,סולטיז הסרט - וולוג ה-100,https://movieland.co.il/order/?eventID=110149&theaterId=1290,https://movieland.co.il/order/?eventID=110149&theaterId=1290,Regular,2D,Hebrew,,2026-08-22,2026,,,,All,Carmiel,MovieLand,608
15:10,סולטיז הסרט - וולוג ה-100,סולטיז הסרט - וולוג ה-100,https://movieland.co.il/order/?eventID=110148&theaterId=1290,https://movieland.co.il/order/?eventID=110148&theaterId=1290,Regular,2D,Hebrew,,2026-08-22,2026,,,,All,Carmiel,MovieLand,608
19:10,גבעה 338,גבעה 338,https://movieland.co.il/order/?eventID=110133&theaterId=1290,https://movieland.co.il/order/?eventID=110133&theaterId=1290,Regular,2D,Hebrew,,2026-08-22,2026,,,,9+,Carmiel,MovieLand,608
21:30,גבעה 338,גבעה 338,https://movieland.co.il/order/?eventID=110134&theaterId=1290,https://movieland.co.il/order/?eventID=110134&theaterId=1290,Regular,2D,Hebrew,,2026-08-22,2026,,,,9+,Carmiel,MovieLand,608
23:50,גבעה 338,גבעה 338,https://movieland.co.il/order/?eventID=110135&theaterId=1290,https://movieland.co.il/order/?eventID=110135&theaterId=1290,Regular,2D,Hebrew,,2026-08-22,2026,,,,9+,Carmiel,MovieLand,608
16:00,ЧЕЛОВЕК-ПАУК: НОВЫЙ ДЕНЬ,ЧЕЛОВЕК-ПАУК: НОВЫЙ ДЕНЬ,https://movieland.co.il/order/?eventID=110140&theaterId=1290,https://movieland.co.il/order/?eventID=110140&theaterId=1290,Regular,2D,английский,,2026-08-22,2026,,,,Нет возрастных ограничений,Carmiel,MovieLand,608
13:15,ЩЕНЯЧИЙ ПАТРУЛЬ: ДИНОФИЛЬМ,ЩЕНЯЧИЙ ПАТРУЛЬ: ДИНОФИЛЬМ,https://movieland.co.il/order/?eventID=110122&theaterId=1290,https://movieland.co.il/order/?eventID=110122&theaterId=1290,Regular,2D,английский,,2026-08-22,2026,,,,Нет возрастных ограничений,Carmiel,MovieLand,608
16:55,Coyote vs. ACME,לוני טונס מציגים: קיוטי נגד אקמי,https://movieland.co.il/order/?eventID=110121&theaterId=1290,https://movieland.co.il/order/?eventID=110121&theaterId=1290,Regular,2D,English,,2026-08-22,2026,,,,All,Carmiel,MovieLand,608
13:05,It takes two to tango,צריך שניים לטנגו,https://movieland.co.il/order/?eventID=110110&theaterId=1290,https://movieland.co.il/order/?eventID=110110&theaterId=1290,Regular,2D,French,,2026-08-22,2025,,,,All,Carmiel,MovieLand,608
11:05,The Pout Pout Fish,דג ושמו באסה,https://movieland.co.il/order/?eventID=110286&theaterId=1290,https://movieland.co.il/order/?eventID=110286&theaterId=1290,Upgrade,2D,,Hebrew,2026-08-23,,,,,ליווי מבוגר עד גיל 8,Carmiel,MovieLand,608
13:10,The Pout Pout Fish,דג ושמו באסה,https://movieland.co.il/order/?eventID=110287&theaterId=1290,https://movieland.co.il/order/?eventID=110287&theaterId=1290,Upgrade,2D,,Hebrew,2026-08-23,,,,,ליווי מבוגר עד גיל 8,Carmiel,MovieLand,608
15:15,The Pout Pout Fish,דג ושמו באסה,https://movieland.co.il/order/?eventID=110288&theaterId=1290,https://movieland.co.il/order/?eventID=110288&theaterId=1290,Upgrade,2D,,Hebrew,2026-08-23,,,,,ליווי מבוגר עד גיל 8,Carmiel,MovieLand,608
17:20,The Pout Pout Fish,דג ושמו באסה,https://movieland.co.il/order/?eventID=110289&theaterId=1290,https://movieland.co.il/order/?eventID=110289&theaterId=1290,Upgrade,2D,,Hebrew,2026-08-23,,,,,ליווי מבוגר עד גיל 8,Carmiel,MovieLand,608
11:45,Coyote vs. ACME,לוני טונס מציגים: קיוטי נגד אקמי,https://movieland.co.il/order/?eventID=110283&theaterId=1290,https://movieland.co.il/order/?eventID=110283&theaterId=1290,Upgrade,2D,English,Hebrew,2026-08-23,2026,,,,All,Carmiel,MovieLand,608
14:00,Coyote vs. ACME,לוני טונס מציגים: קיוטי נגד אקמי,https://movieland.co.il/order/?eventID=110284&theaterId=1290,https://movieland.co.il/order/?eventID=110284&theaterId=1290,Upgrade,2D,English,Hebrew,2026-08-23,2026,,,,All,Carmiel,MovieLand,608
16:15,Coyote vs. ACME,לוני טונס מציגים: קיוטי נגד אקמי,https://movieland.co.il/order/?eventID=110285&theaterId=1290,https://movieland.co.il/order/?eventID=110285&theaterId=1290,Upgrade,2D,English,Hebrew,2026-08-23,2026,,,,All,Carmiel,MovieLand,608
13:50,Spider-Man: Brand New Day,ספיידרמן: יום חדש,https://movieland.co.il/order/?eventID=110299&theaterId=1290,https://movieland.co.il/order/?eventID=110299&theaterId=1290,Regular,2D,English,,2026-08-23,2026,,,,All,Carmiel,MovieLand,608
15:45,Spider-Man: Brand New Day,ספיידרמן: יום חדש,https://movieland.co.il/order/?eventID=110262&theaterId=1290,https://movieland.co.il/order/?eventID=110262&theaterId=1290,Upgrade,2D,English,,2026-08-23,2026,,,,All,Carmiel,MovieLand,608
18:45,Spider-Man: Brand New Day,ספיידרמן: יום חדש,https://movieland.co.il/order/?eventID=110263&theaterId=1290,https://movieland.co.il/order/?eventID=110263&theaterId=1290,Upgrade,2D,English,,2026-08-23,2026,,,,All,Carmiel,MovieLand,608
20:05,Spider-Man: Brand New Day,ספיידרמן: יום חדש,https://movieland.co.il/order/?eventID=110265&theaterId=1290,https://movieland.co.il/order/?eventID=110265&theaterId=1290,Regular,2D,English,,2026-08-23,2026,,,,All,Carmiel,MovieLand,608
21:45,Spider-Man: Brand New Day,ספיידרמן: יום חדש,https://movieland.co.il/order/?eventID=110264&theaterId=1290,https://movieland.co.il/order/?eventID=110264&theaterId=1290,Upgrade,2D,English,,2026-08-23,2026,,,,All,Carmiel,MovieLand,608
23:05,Spider-Man: Brand New Day,ספיידרמן: יום חדש,https://movieland.co.il/order/?eventID=110266&theaterId=1290,https://movieland.co.il/order/?eventID=110266&theaterId=1290,Regular,2D,English,,2026-08-23,2026,,,,All,Carmiel,MovieLand,608
18:30,The Odyssey,האודיסאה,https://movieland.co.il/order/?eventID=110253&theaterId=1290,https://movieland.co.il/order/?eventID=110253&theaterId=1290,Upgrade,2D,English,,2026-08-23,2026,,,,14+,Carmiel,MovieLand,608
22:00,The Odyssey,האודיסאה,https://movieland.co.il/order/?eventID=110254&theaterId=1290,https://movieland.co.il/order/?eventID=110254&theaterId=1290,Upgrade,2D,English,,2026-08-23,2026,,,,14+,Carmiel,MovieLand,608
11:25,Paw Patrol: The Dino Movie,מפרץ ההרפתקאות: אי הדינוזאורים,https://movieland.co.il/order/?eventID=110268&theaterId=1290,https://movieland.co.il/order/?eventID=110268&theaterId=1290,Upgrade,2D,English,Hebrew,2026-08-23,2026,,,,All,Carmiel,MovieLand,608
13:25,Paw Patrol: The Dino Movie,מפרץ ההרפתקאות: אי הדינוזאורים,https://movieland.co.il/order/?eventID=110270&theaterId=1290,https://movieland.co.il/order/?eventID=110270&theaterId=1290,Regular,2D,English,Hebrew,2026-08-23,2026,,,,All,Carmiel,MovieLand,608
17:05,Paw Patrol: The Dino Movie,מפרץ ההרפתקאות: אי הדינוזאורים,https://movieland.co.il/order/?eventID=110269&theaterId=1290,https://movieland.co.il/order/?eventID=110269&theaterId=1290,Regular,2D,English,Hebrew,2026-08-23,2026,,,,All,Carmiel,MovieLand,608
10:35,Minions & Monsters,מיניונים ומפלצות,https://movieland.co.il/order/?eventID=110297&theaterId=1290,https://movieland.co.il/order/?eventID=110297&theaterId=1290,Regular,2D,English,Hebrew,2026-08-23,2026,,,,All,Carmiel,MovieLand,608
12:40,Minions & Monsters,מיניונים ומפלצות,https://movieland.co.il/order/?eventID=110261&theaterId=1290,https://movieland.co.il/order/?eventID=110261&theaterId=1290,Regular,2D,English,Hebrew,2026-08-23,2026,,,,All,Carmiel,MovieLand,608
14:45,Minions & Monsters,מיניונים ומפלצות,https://movieland.co.il/order/?eventID=110260&theaterId=1290,https://movieland.co.il/order/?eventID=110260&theaterId=1290,Regular,2D,English,Hebrew,2026-08-23,2026,,,,All,Carmiel,MovieLand,608
21:55,Insidious: Out of the further,הרוע שבפנים: מחוץ למעבר,https://movieland.co.il/order/?eventID=110271&theaterId=1290,https://movieland.co.il/order/?eventID=110271&theaterId=1290,Regular,2D,English,,2026-08-23,2026,,,,14+,Carmiel,MovieLand,608
00:15,Insidious: Out of the further,הרוע שבפנים: מחוץ למעבר,https://movieland.co.il/order/?eventID=110272&theaterId=1290,https://movieland.co.il/order/?eventID=110272&theaterId=1290,Regular,2D,English,,2026-08-23,2026,,,,14+,Carmiel,MovieLand,608
13:30,Marsupilami,מרסופילאמי,https://movieland.co.il/order/?eventID=110258&theaterId=1290,https://movieland.co.il/order/?eventID=110258&theaterId=1290,Upgrade,2D,French,Hebrew,2026-08-23,2025,,,,All,Carmiel,MovieLand,608
15:10,Marsupilami,מרסופילאמי,https://movieland.co.il/order/?eventID=110259&theaterId=1290,https://movieland.co.il/order/?eventID=110259&theaterId=1290,Regular,2D,French,Hebrew,2026-08-23,2025,,,,All,Carmiel,MovieLand,608
19:25,Mutiny,נקמה בלב ים,https://movieland.co.il/order/?eventID=110290&theaterId=1290,https://movieland.co.il/order/?eventID=110290&theaterId=1290,Upgrade,2D,English,,2026-08-23,2026,,,,14+,Carmiel,MovieLand,608
21:35,Mutiny,נקמה בלב ים,https://movieland.co.il/order/?eventID=110291&theaterId=1290,https://movieland.co.il/order/?eventID=110291&theaterId=1290,Upgrade,2D,English,,2026-08-23,2026,,,,14+,Carmiel,MovieLand,608
23:45,Mutiny,נקמה בלב ים,https://movieland.co.il/order/?eventID=110292&theaterId=1290,https://movieland.co.il/order/?eventID=110292&theaterId=1290,Upgrade,2D,English,,2026-08-23,2026,,,,14+,Carmiel,MovieLand,608
19:10,Spa Weekend,ספא וויקנד,https://movieland.co.il/order/?eventID=110278&theaterId=1290,https://movieland.co.il/order/?eventID=110278&theaterId=1290,Regular,2D,English,,2026-08-23,2026,,,,14+,Carmiel,MovieLand,608
21:50,Spa Weekend,ספא וויקנד,https://movieland.co.il/order/?eventID=110279&theaterId=1290,https://movieland.co.il/order/?eventID=110279&theaterId=1290,Regular,2D,English,,2026-08-23,2026,,,,14+,Carmiel,MovieLand,608
00:00,Spa Weekend,ספא וויקנד,https://movieland.co.il/order/?eventID=110280&theaterId=1290,https://movieland.co.il/order/?eventID=110280&theaterId=1290,Regular,2D,English,,2026-08-23,2026,,,,14+,Carmiel,MovieLand,608
16:55,קופה ראשית: הסרט,קופה ראשית: הסרט,https://movieland.co.il/order/?eventID=110275&theaterId=1290,https://movieland.co.il/order/?eventID=110275&theaterId=1290,Regular,2D,Hebrew,,2026-08-23,2026,,,,All,Carmiel,MovieLand,608
19:05,One night only,לגמור את הלילה,https://movieland.co.il/order/?eventID=110274&theaterId=1290,https://movieland.co.il/order/?eventID=110274&theaterId=1290,Regular,2D,English,,2026-08-23,2026,,,,14+,Carmiel,MovieLand,608
21:20,One night only,לגמור את הלילה,https://movieland.co.il/order/?eventID=110273&theaterId=1290,https://movieland.co.il/order/?eventID=110273&theaterId=1290,Regular,2D,English,,2026-08-23,2026,,,,14+,Carmiel,MovieLand,608
17:25,Toy Story 5,צעצוע של סיפור 5,https://movieland.co.il/order/?eventID=110255&theaterId=1290,https://movieland.co.il/order/?eventID=110255&theaterId=1290,Regular,2D,English,Hebrew,2026-08-23,2026,,,,All,Carmiel,MovieLand,608
11:55,Moana (Live Action),מואנה,https://movieland.co.il/order/?eventID=110257&theaterId=1290,https://movieland.co.il/order/?eventID=110257&theaterId=1290,Regular,2D,English,Hebrew,2026-08-23,2026,,,,All,Carmiel,MovieLand,608
14:30,Moana (Live Action),מואנה,https://movieland.co.il/order/?eventID=110256&theaterId=1290,https://movieland.co.il/order/?eventID=110256&theaterId=1290,Regular,2D,English,Hebrew,2026-08-23,2026,,,,All,Carmiel,MovieLand,608
19:40,End of Oak street,סוף רחוב האלון,https://movieland.co.il/order/?eventID=110267&theaterId=1290,https://movieland.co.il/order/?eventID=110267&theaterId=1290,Regular,2D,English,,2026-08-23,2026,,,,12+,Carmiel,MovieLand,608
23:40,Fuze,פיוז,https://movieland.co.il/order/?eventID=110281&theaterId=1290,https://movieland.co.il/order/?eventID=110281&theaterId=1290,Regular,2D,English,,2026-08-23,2026,,,,12+,Carmiel,MovieLand,608
11:10,סולטיז הסרט - וולוג ה-100,סולטיז הסרט - וולוג ה-100,https://movieland.co.il/order/?eventID=110277&theaterId=1290,https://movieland.co.il/order/?eventID=110277&theaterId=1290,Regular,2D,Hebrew,,2026-08-23,2026,,,,All,Carmiel,MovieLand,608
15:30,סולטיז הסרט - וולוג ה-100,סולטיז הסרט - וולוג ה-100,https://movieland.co.il/order/?eventID=110276&theaterId=1290,https://movieland.co.il/order/?eventID=110276&theaterId=1290,Regular,2D,Hebrew,,2026-08-23,2026,,,,All,Carmiel,MovieLand,608
17:45,גבעה 338,גבעה 338,https://movieland.co.il/order/?eventID=110293&theaterId=1290,https://movieland.co.il/order/?eventID=110293&theaterId=1290,Regular,2D,Hebrew,,2026-08-23,2026,,,,9+,Carmiel,MovieLand,608
21:25,גבעה 338,גבעה 338,https://movieland.co.il/order/?eventID=110294&theaterId=1290,https://movieland.co.il/order/?eventID=110294&theaterId=1290,Regular,2D,Hebrew,,2026-08-23,2026,,,,9+,Carmiel,MovieLand,608
23:45,גבעה 338,גבעה 338,https://movieland.co.il/order/?eventID=110295&theaterId=1290,https://movieland.co.il/order/?eventID=110295&theaterId=1290,Regular,2D,Hebrew,,2026-08-23,2026,,,,9+,Carmiel,MovieLand,608
11:50,Tafiti: Across the Desert,טפיטי: הרפתקה במדבר,https://movieland.co.il/order/?eventID=110251&theaterId=1290,https://movieland.co.il/order/?eventID=110251&theaterId=1290,Regular,2D,German,Hebrew,2026-08-23,2025,,,,ליווי מבוגר עד גיל 8,Carmiel,MovieLand,608
10:55,Three Wishes for Cinderella,סינדרלה ושלוש המשאלות,https://movieland.co.il/order/?eventID=110252&theaterId=1290,https://movieland.co.il/order/?eventID=110252&theaterId=1290,Regular,2D,,Hebrew,2026-08-23,2026,,,,All,Carmiel,MovieLand,608
18:50,ЧЕЛОВЕК-ПАУК: НОВЫЙ ДЕНЬ,ЧЕЛОВЕК-ПАУК: НОВЫЙ ДЕНЬ,https://movieland.co.il/order/?eventID=110298&theaterId=1290,https://movieland.co.il/order/?eventID=110298&theaterId=1290,Regular,2D,английский,,2026-08-23,2026,,,,Нет возрастных ограничений,Carmiel,MovieLand,608
16:50,ЩЕНЯЧИЙ ПАТРУЛЬ: ДИНОФИЛЬМ,ЩЕНЯЧИЙ ПАТРУЛЬ: ДИНОФИЛЬМ,https://movieland.co.il/order/?eventID=110296&theaterId=1290,https://movieland.co.il/order/?eventID=110296&theaterId=1290,Regular,2D,английский,,2026-08-23,2026,,,,Нет возрастных ограничений,Carmiel,MovieLand,608
12:55,Coyote vs. ACME,לוני טונס מציגים: קיוטי נגד אקמי,https://movieland.co.il/order/?eventID=110282&theaterId=1290,https://movieland.co.il/order/?eventID=110282&theaterId=1290,Regular,2D,English,,2026-08-23,2026,,,,All,Carmiel,MovieLand,608
11:05,The Pout Pout Fish,דג ושמו באסה,https://movieland.co.il/order/?eventID=110098&theaterId=1290,https://movieland.co.il/order/?eventID=110098&theaterId=1290,Upgrade,2D,,Hebrew,2026-08-24,,,,,ליווי מבוגר עד גיל 8,Carmiel,MovieLand,608
13:10,The Pout Pout Fish,דג ושמו באסה,https://movieland.co.il/order/?eventID=110099&theaterId=1290,https://movieland.co.il/order/?eventID=110099&theaterId=1290,Upgrade,2D,,Hebrew,2026-08-24,,,,,ליווי מבוגר עד גיל 8,Carmiel,MovieLand,608
15:15,The Pout Pout Fish,דג ושמו באסה,https://movieland.co.il/order/?eventID=110100&theaterId=1290,https://movieland.co.il/order/?eventID=110100&theaterId=1290,Upgrade,2D,,Hebrew,2026-08-24,,,,,ליווי מבוגר עד גיל 8,Carmiel,MovieLand,608
17:20,The Pout Pout Fish,דג ושמו באסה,https://movieland.co.il/order/?eventID=110101&theaterId=1290,https://movieland.co.il/order/?eventID=110101&theaterId=1290,Upgrade,2D,,Hebrew,2026-08-24,,,,,ליווי מבוגר עד גיל 8,Carmiel,MovieLand,608
11:45,Coyote vs. ACME,לוני טונס מציגים: קיוטי נגד אקמי,https://movieland.co.il/order/?eventID=110095&theaterId=1290,https://movieland.co.il/order/?eventID=110095&theaterId=1290,Upgrade,2D,English,Hebrew,2026-08-24,2026,,,,All,Carmiel,MovieLand,608
14:00,Coyote vs. ACME,לוני טונס מציגים: קיוטי נגד אקמי,https://movieland.co.il/order/?eventID=110096&theaterId=1290,https://movieland.co.il/order/?eventID=110096&theaterId=1290,Upgrade,2D,English,Hebrew,2026-08-24,2026,,,,All,Carmiel,MovieLand,608
16:15,Coyote vs. ACME,לוני טונס מציגים: קיוטי נגד אקמי,https://movieland.co.il/order/?eventID=110097&theaterId=1290,https://movieland.co.il/order/?eventID=110097&theaterId=1290,Upgrade,2D,English,Hebrew,2026-08-24,2026,,,,All,Carmiel,MovieLand,608
13:50,Spider-Man: Brand New Day,ספיידרמן: יום חדש,https://movieland.co.il/order/?eventID=110078&theaterId=1290,https://movieland.co.il/order/?eventID=110078&theaterId=1290,Regular,2D,English,,2026-08-24,2026,,,,All,Carmiel,MovieLand,608
15:45,Spider-Man: Brand New Day,ספיידרמן: יום חדש,https://movieland.co.il/order/?eventID=110074&theaterId=1290,https://movieland.co.il/order/?eventID=110074&theaterId=1290,Upgrade,2D,English,,2026-08-24,2026,,,,All,Carmiel,MovieLand,608
20:05,Spider-Man: Brand New Day,ספיידרמן: יום חדש,https://movieland.co.il/order/?eventID=110076&theaterId=1290,https://movieland.co.il/order/?eventID=110076&theaterId=1290,Regular,2D,English,,2026-08-24,2026,,,,All,Carmiel,MovieLand,608
21:30,Spider-Man: Brand New Day,ספיידרמן: יום חדש,https://movieland.co.il/order/?eventID=110075&theaterId=1290,https://movieland.co.il/order/?eventID=110075&theaterId=1290,Regular,2D,English,,2026-08-24,2026,,,,All,Carmiel,MovieLand,608
23:05,Spider-Man: Brand New Day,ספיידרמן: יום חדש,https://movieland.co.il/order/?eventID=110077&theaterId=1290,https://movieland.co.il/order/?eventID=110077&theaterId=1290,Regular,2D,English,,2026-08-24,2026,,,,All,Carmiel,MovieLand,608
18:30,The Odyssey,האודיסאה,https://movieland.co.il/order/?eventID=110063&theaterId=1290,https://movieland.co.il/order/?eventID=110063&theaterId=1290,Upgrade,2D,English,,2026-08-24,2026,,,,14+,Carmiel,MovieLand,608
22:00,The Odyssey,האודיסאה,https://movieland.co.il/order/?eventID=110064&theaterId=1290,https://movieland.co.il/order/?eventID=110064&theaterId=1290,Upgrade,2D,English,,2026-08-24,2026,,,,14+,Carmiel,MovieLand,608
11:25,Paw Patrol: The Dino Movie,מפרץ ההרפתקאות: אי הדינוזאורים,https://movieland.co.il/order/?eventID=110080&theaterId=1290,https://movieland.co.il/order/?eventID=110080&theaterId=1290,Upgrade,2D,English,Hebrew,2026-08-24,2026,,,,All,Carmiel,MovieLand,608
13:25,Paw Patrol: The Dino Movie,מפרץ ההרפתקאות: אי הדינוזאורים,https://movieland.co.il/order/?eventID=110082&theaterId=1290,https://movieland.co.il/order/?eventID=110082&theaterId=1290,Regular,2D,English,Hebrew,2026-08-24,2026,,,,All,Carmiel,MovieLand,608
17:05,Paw Patrol: The Dino Movie,מפרץ ההרפתקאות: אי הדינוזאורים,https://movieland.co.il/order/?eventID=110081&theaterId=1290,https://movieland.co.il/order/?eventID=110081&theaterId=1290,Regular,2D,English,Hebrew,2026-08-24,2026,,,,All,Carmiel,MovieLand,608
11:55,Minions & Monsters,מיניונים ומפלצות,https://movieland.co.il/order/?eventID=110073&theaterId=1290,https://movieland.co.il/order/?eventID=110073&theaterId=1290,Regular,2D,English,Hebrew,2026-08-24,2026,,,,All,Carmiel,MovieLand,608
14:00,Minions & Monsters,מיניונים ומפלצות,https://movieland.co.il/order/?eventID=110071&theaterId=1290,https://movieland.co.il/order/?eventID=110071&theaterId=1290,Regular,2D,English,Hebrew,2026-08-24,2026,,,,All,Carmiel,MovieLand,608
16:10,Minions & Monsters,מיניונים ומפלצות,https://movieland.co.il/order/?eventID=110070&theaterId=1290,https://movieland.co.il/order/?eventID=110070&theaterId=1290,Regular,2D,English,Hebrew,2026-08-24,2026,,,,All,Carmiel,MovieLand,608
17:35,Minions & Monsters,מיניונים ומפלצות,https://movieland.co.il/order/?eventID=110072&theaterId=1290,https://movieland.co.il/order/?eventID=110072&theaterId=1290,Regular,2D,English,Hebrew,2026-08-24,2026,,,,All,Carmiel,MovieLand,608
21:55,Insidious: Out of the further,הרוע שבפנים: מחוץ למעבר,https://movieland.co.il/order/?eventID=110083&theaterId=1290,https://movieland.co.il/order/?eventID=110083&theaterId=1290,Regular,2D,English,,2026-08-24,2026,,,,14+,Carmiel,MovieLand,608
00:15,Insidious: Out of the further,הרוע שבפנים: מחוץ למעבר,https://movieland.co.il/order/?eventID=110084&theaterId=1290,https://movieland.co.il/order/?eventID=110084&theaterId=1290,Regular,2D,English,,2026-08-24,2026,,,,14+,Carmiel,MovieLand,608
13:30,Marsupilami,מרסופילאמי,https://movieland.co.il/order/?eventID=110068&theaterId=1290,https://movieland.co.il/order/?eventID=110068&theaterId=1290,Upgrade,2D,French,Hebrew,2026-08-24,2025,,,,All,Carmiel,MovieLand,608
15:20,Marsupilami,מרסופילאמי,https://movieland.co.il/order/?eventID=110069&theaterId=1290,https://movieland.co.il/order/?eventID=110069&theaterId=1290,Regular,2D,French,Hebrew,2026-08-24,2025,,,,All,Carmiel,MovieLand,608
19:25,Mutiny,נקמה בלב ים,https://movieland.co.il/order/?eventID=110102&theaterId=1290,https://movieland.co.il/order/?eventID=110102&theaterId=1290,Upgrade,2D,English,,2026-08-24,2026,,,,14+,Carmiel,MovieLand,608
21:35,Mutiny,נקמה בלב ים,https://movieland.co.il/order/?eventID=110103&theaterId=1290,https://movieland.co.il/order/?eventID=110103&theaterId=1290,Upgrade,2D,English,,2026-08-24,2026,,,,14+,Carmiel,MovieLand,608
23:45,Mutiny,נקמה בלב ים,https://movieland.co.il/order/?eventID=110104&theaterId=1290,https://movieland.co.il/order/?eventID=110104&theaterId=1290,Upgrade,2D,English,,2026-08-24,2026,,,,14+,Carmiel,MovieLand,608
19:10,Spa Weekend,ספא וויקנד,https://movieland.co.il/order/?eventID=110091&theaterId=1290,https://movieland.co.il/order/?eventID=110091&theaterId=1290,Regular,2D,English,,2026-08-24,2026,,,,14+,Carmiel,MovieLand,608
21:50,Spa Weekend,ספא וויקנד,https://movieland.co.il/order/?eventID=110092&theaterId=1290,https://movieland.co.il/order/?eventID=110092&theaterId=1290,Regular,2D,English,,2026-08-24,2026,,,,14+,Carmiel,MovieLand,608
00:00,Spa Weekend,ספא וויקנד,https://movieland.co.il/order/?eventID=110093&theaterId=1290,https://movieland.co.il/order/?eventID=110093&theaterId=1290,Regular,2D,English,,2026-08-24,2026,,,,14+,Carmiel,MovieLand,608
11:35,קופה ראשית: הסרט,קופה ראשית: הסרט,https://movieland.co.il/order/?eventID=110088&theaterId=1290,https://movieland.co.il/order/?eventID=110088&theaterId=1290,Regular,2D,Hebrew,,2026-08-24,2026,,,,All,Carmiel,MovieLand,608
16:55,קופה ראשית: הסרט,קופה ראשית: הסרט,https://movieland.co.il/order/?eventID=110087&theaterId=1290,https://movieland.co.il/order/?eventID=110087&theaterId=1290,Regular,2D,Hebrew,,2026-08-24,2026,,,,All,Carmiel,MovieLand,608
19:05,One night only,לגמור את הלילה,https://movieland.co.il/order/?eventID=110086&theaterId=1290,https://movieland.co.il/order/?eventID=110086&theaterId=1290,Regular,2D,English,,2026-08-24,2026,,,,14+,Carmiel,MovieLand,608
22:30,One night only,לגמור את הלילה,https://movieland.co.il/order/?eventID=110109&theaterId=1290,https://movieland.co.il/order/?eventID=110109&theaterId=1290,Upgrade,2D,English,,2026-08-24,2026,,,,14+,Carmiel,MovieLand,608
10:50,Toy Story 5,צעצוע של סיפור 5,https://movieland.co.il/order/?eventID=110065&theaterId=1290,https://movieland.co.il/order/?eventID=110065&theaterId=1290,Regular,2D,English,Hebrew,2026-08-24,2026,,,,All,Carmiel,MovieLand,608
11:55,Moana (Live Action),מואנה,https://movieland.co.il/order/?eventID=110067&theaterId=1290,https://movieland.co.il/order/?eventID=110067&theaterId=1290,Regular,2D,English,Hebrew,2026-08-24,2026,,,,All,Carmiel,MovieLand,608
14:30,Moana (Live Action),מואנה,https://movieland.co.il/order/?eventID=110066&theaterId=1290,https://movieland.co.il/order/?eventID=110066&theaterId=1290,Regular,2D,English,Hebrew,2026-08-24,2026,,,,All,Carmiel,MovieLand,608
19:40,End of Oak street,סוף רחוב האלון,https://movieland.co.il/order/?eventID=110079&theaterId=1290,https://movieland.co.il/order/?eventID=110079&theaterId=1290,Regular,2D,English,,2026-08-24,2026,,,,12+,Carmiel,MovieLand,608
11:10,סולטיז הסרט - וולוג ה-100,סולטיז הסרט - וולוג ה-100,https://movieland.co.il/order/?eventID=110090&theaterId=1290,https://movieland.co.il/order/?eventID=110090&theaterId=1290,Regular,2D,Hebrew,,2026-08-24,2026,,,,All,Carmiel,MovieLand,608
15:30,סולטיז הסרט - וולוג ה-100,סולטיז הסרט - וולוג ה-100,https://movieland.co.il/order/?eventID=110089&theaterId=1290,https://movieland.co.il/order/?eventID=110089&theaterId=1290,Regular,2D,Hebrew,,2026-08-24,2026,,,,All,Carmiel,MovieLand,608
17:45,גבעה 338,גבעה 338,https://movieland.co.il/order/?eventID=110105&theaterId=1290,https://movieland.co.il/order/?eventID=110105&theaterId=1290,Regular,2D,Hebrew,,2026-08-24,2026,,,,9+,Carmiel,MovieLand,608
21:25,גבעה 338,גבעה 338,https://movieland.co.il/order/?eventID=110106&theaterId=1290,https://movieland.co.il/order/?eventID=110106&theaterId=1290,Regular,2D,Hebrew,,2026-08-24,2026,,,,9+,Carmiel,MovieLand,608
23:45,גבעה 338,גבעה 338,https://movieland.co.il/order/?eventID=110107&theaterId=1290,https://movieland.co.il/order/?eventID=110107&theaterId=1290,Regular,2D,Hebrew,,2026-08-24,2026,,,,9+,Carmiel,MovieLand,608
18:20,ОДИССЕЯ,ОДИССЕЯ,https://movieland.co.il/order/?eventID=110108&theaterId=1290,https://movieland.co.il/order/?eventID=110108&theaterId=1290,Regular,2D,английский,,2026-08-24,2026,,,,14+,Carmiel,MovieLand,608
13:05,Coyote vs. ACME,לוני טונס מציגים: קיוטי נגד אקמי,https://movieland.co.il/order/?eventID=110094&theaterId=1290,https://movieland.co.il/order/?eventID=110094&theaterId=1290,Regular,2D,English,,2026-08-24,2026,,,,All,Carmiel,MovieLand,608
11:05,The Pout Pout Fish,דג ושמו באסה,https://movieland.co.il/order/?eventID=110215&theaterId=1290,https://movieland.co.il/order/?eventID=110215&theaterId=1290,Upgrade,2D,,Hebrew,2026-08-25,,,,,ליווי מבוגר עד גיל 8,Carmiel,MovieLand,608
13:10,The Pout Pout Fish,דג ושמו באסה,https://movieland.co.il/order/?eventID=110216&theaterId=1290,https://movieland.co.il/order/?eventID=110216&theaterId=1290,Upgrade,2D,,Hebrew,2026-08-25,,,,,ליווי מבוגר עד גיל 8,Carmiel,MovieLand,608
15:15,The Pout Pout Fish,דג ושמו באסה,https://movieland.co.il/order/?eventID=110217&theaterId=1290,https://movieland.co.il/order/?eventID=110217&theaterId=1290,Upgrade,2D,,Hebrew,2026-08-25,,,,,ליווי מבוגר עד גיל 8,Carmiel,MovieLand,608
17:20,The Pout Pout Fish,דג ושמו באסה,https://movieland.co.il/order/?eventID=110218&theaterId=1290,https://movieland.co.il/order/?eventID=110218&theaterId=1290,Upgrade,2D,,Hebrew,2026-08-25,,,,,ליווי מבוגר עד גיל 8,Carmiel,MovieLand,608
11:35,Coyote vs. ACME,לוני טונס מציגים: קיוטי נגד אקמי,https://movieland.co.il/order/?eventID=110406&theaterId=1290,https://movieland.co.il/order/?eventID=110406&theaterId=1290,Upgrade,2D,English,Hebrew,2026-08-25,2026,,,,All,Carmiel,MovieLand,608
14:00,Coyote vs. ACME,לוני טונס מציגים: קיוטי נגד אקמי,https://movieland.co.il/order/?eventID=110213&theaterId=1290,https://movieland.co.il/order/?eventID=110213&theaterId=1290,Upgrade,2D,English,Hebrew,2026-08-25,2026,,,,All,Carmiel,MovieLand,608
16:15,Coyote vs. ACME,לוני טונס מציגים: קיוטי נגד אקמי,https://movieland.co.il/order/?eventID=110214&theaterId=1290,https://movieland.co.il/order/?eventID=110214&theaterId=1290,Upgrade,2D,English,Hebrew,2026-08-25,2026,,,,All,Carmiel,MovieLand,608
19:10,Spider-Man: Brand New Day,ספיידרמן: יום חדש,https://movieland.co.il/order/?eventID=110245&theaterId=1290,https://movieland.co.il/order/?eventID=110245&theaterId=1290,Upgrade,2D,English,,2026-08-25,2026,,,,All,Carmiel,MovieLand,608
21:45,Spider-Man: Brand New Day,ספיידרמן: יום חדש,https://movieland.co.il/order/?eventID=110403&theaterId=1290,https://movieland.co.il/order/?eventID=110403&theaterId=1290,Regular,2D,English,,2026-08-25,2026,,,,All,Carmiel,MovieLand,608
22:25,Spider-Man: Brand New Day,ספיידרמן: יום חדש,https://movieland.co.il/order/?eventID=110246&theaterId=1290,https://movieland.co.il/order/?eventID=110246&theaterId=1290,Upgrade,2D,English,,2026-08-25,2026,,,,All,Carmiel,MovieLand,608
18:30,The Odyssey,האודיסאה,https://movieland.co.il/order/?eventID=110240&theaterId=1290,https://movieland.co.il/order/?eventID=110240&theaterId=1290,Upgrade,2D,English,,2026-08-25,2026,,,,14+,Carmiel,MovieLand,608
22:00,The Odyssey,האודיסאה,https://movieland.co.il/order/?eventID=110241&theaterId=1290,https://movieland.co.il/order/?eventID=110241&theaterId=1290,Upgrade,2D,English,,2026-08-25,2026,,,,14+,Carmiel,MovieLand,608
12:00,Paw Patrol: The Dino Movie,מפרץ ההרפתקאות: אי הדינוזאורים,https://movieland.co.il/order/?eventID=110248&theaterId=1290,https://movieland.co.il/order/?eventID=110248&theaterId=1290,Upgrade,2D,English,Hebrew,2026-08-25,2026,,,,All,Carmiel,MovieLand,608
16:40,Paw Patrol: The Dino Movie,מפרץ ההרפתקאות: אי הדינוזאורים,https://movieland.co.il/order/?eventID=110249&theaterId=1290,https://movieland.co.il/order/?eventID=110249&theaterId=1290,Regular,2D,English,Hebrew,2026-08-25,2026,,,,All,Carmiel,MovieLand,608
11:00,Minions & Monsters,מיניונים ומפלצות,https://movieland.co.il/order/?eventID=110244&theaterId=1290,https://movieland.co.il/order/?eventID=110244&theaterId=1290,Regular,2D,English,Hebrew,2026-08-25,2026,,,,All,Carmiel,MovieLand,608
15:10,Minions & Monsters,מיניונים ומפלצות,https://movieland.co.il/order/?eventID=110243&theaterId=1290,https://movieland.co.il/order/?eventID=110243&theaterId=1290,Regular,2D,English,Hebrew,2026-08-25,2026,,,,All,Carmiel,MovieLand,608
22:10,Insidious: Out of the further,הרוע שבפנים: מחוץ למעבר,https://movieland.co.il/order/?eventID=110250&theaterId=1290,https://movieland.co.il/order/?eventID=110250&theaterId=1290,Regular,2D,English,,2026-08-25,2026,,,,14+,Carmiel,MovieLand,608
00:30,Insidious: Out of the further,הרוע שבפנים: מחוץ למעבר,https://movieland.co.il/order/?eventID=110206&theaterId=1290,https://movieland.co.il/order/?eventID=110206&theaterId=1290,Regular,2D,English,,2026-08-25,2026,,,,14+,Carmiel,MovieLand,608
14:10,Marsupilami,מרסופילאמי,https://movieland.co.il/order/?eventID=110242&theaterId=1290,https://movieland.co.il/order/?eventID=110242&theaterId=1290,Upgrade,2D,French,Hebrew,2026-08-25,2025,,,,All,Carmiel,MovieLand,608
21:35,Mutiny,נקמה בלב ים,https://movieland.co.il/order/?eventID=110219&theaterId=1290,https://movieland.co.il/order/?eventID=110219&theaterId=1290,Upgrade,2D,English,,2026-08-25,2026,,,,14+,Carmiel,MovieLand,608
23:45,Mutiny,נקמה בלב ים,https://movieland.co.il/order/?eventID=110220&theaterId=1290,https://movieland.co.il/order/?eventID=110220&theaterId=1290,Upgrade,2D,English,,2026-08-25,2026,,,,14+,Carmiel,MovieLand,608
19:25,Spa Weekend,ספא וויקנד,https://movieland.co.il/order/?eventID=110209&theaterId=1290,https://movieland.co.il/order/?eventID=110209&theaterId=1290,Regular,2D,English,,2026-08-25,2026,,,,14+,Carmiel,MovieLand,608
21:40,Spa Weekend,ספא וויקנד,https://movieland.co.il/order/?eventID=110210&theaterId=1290,https://movieland.co.il/order/?eventID=110210&theaterId=1290,Regular,2D,English,,2026-08-25,2026,,,,14+,Carmiel,MovieLand,608
23:55,Spa Weekend,ספא וויקנד,https://movieland.co.il/order/?eventID=110211&theaterId=1290,https://movieland.co.il/order/?eventID=110211&theaterId=1290,Regular,2D,English,,2026-08-25,2026,,,,14+,Carmiel,MovieLand,608
16:55,קופה ראשית: הסרט,קופה ראשית: הסרט,https://movieland.co.il/order/?eventID=110208&theaterId=1290,https://movieland.co.il/order/?eventID=110208&theaterId=1290,Regular,2D,Hebrew,,2026-08-25,2026,,,,All,Carmiel,MovieLand,608
14:20,La La Land 10th Anniversary,לה לה לנד- חגיגות העשור,https://movieland.co.il/order/?eventID=110405&theaterId=1290,https://movieland.co.il/order/?eventID=110405&theaterId=1290,Regular,2D,English,,2026-08-25,2016,,,,,Carmiel,MovieLand,608
12:45,Let it Rain,ויהי גשם,https://movieland.co.il/order/?eventID=110225&theaterId=1290,https://movieland.co.il/order/?eventID=110225&theaterId=1290,Regular,2D,שבדית,,2026-08-25,2025,,,,All,Carmiel,MovieLand,608
15:10,Let it Rain,ויהי גשם,https://movieland.co.il/order/?eventID=110224&theaterId=1290,https://movieland.co.il/order/?eventID=110224&theaterId=1290,Regular,2D,שבדית,,2026-08-25,2025,,,,All,Carmiel,MovieLand,608
19:45,Let it Rain,ויהי גשם,https://movieland.co.il/order/?eventID=110223&theaterId=1290,https://movieland.co.il/order/?eventID=110223&theaterId=1290,Regular,2D,שבדית,,2026-08-25,2025,,,,All,Carmiel,MovieLand,608
21:20,One night only,לגמור את הלילה,https://movieland.co.il/order/?eventID=110207&theaterId=1290,https://movieland.co.il/order/?eventID=110207&theaterId=1290,Regular,2D,English,,2026-08-25,2026,,,,14+,Carmiel,MovieLand,608
23:35,One night only,לגמור את הלילה,https://movieland.co.il/order/?eventID=110236&theaterId=1290,https://movieland.co.il/order/?eventID=110236&theaterId=1290,Regular,2D,English,,2026-08-25,2026,,,,14+,Carmiel,MovieLand,608
11:20,Valley of Shadows,בחזרה מההימלאיה,https://movieland.co.il/order/?eventID=110235&theaterId=1290,https://movieland.co.il/order/?eventID=110235&theaterId=1290,Regular,2D,ספרדית,,2026-08-25,2025,,,,12+,Carmiel,MovieLand,608
14:00,Valley of Shadows,בחזרה מההימלאיה,https://movieland.co.il/order/?eventID=110234&theaterId=1290,https://movieland.co.il/order/?eventID=110234&theaterId=1290,Regular,2D,ספרדית,,2026-08-25,2025,,,,12+,Carmiel,MovieLand,608
18:55,Valley of Shadows,בחזרה מההימלאיה,https://movieland.co.il/order/?eventID=110232&theaterId=1290,https://movieland.co.il/order/?eventID=110232&theaterId=1290,Regular,2D,ספרדית,,2026-08-25,2025,,,,12+,Carmiel,MovieLand,608
12:05,האחד והיחיד שלי,האחד והיחיד שלי,https://movieland.co.il/order/?eventID=110229&theaterId=1290,https://movieland.co.il/order/?eventID=110229&theaterId=1290,Regular,2D,Hebrew,,2026-08-25,2026,,,,All,Carmiel,MovieLand,608
14:40,"Damned if you do, damned if you don’t",המשפחה האיטלקית שלי,https://movieland.co.il/order/?eventID=110237&theaterId=1290,https://movieland.co.il/order/?eventID=110237&theaterId=1290,Regular,2D,איטלקית,,2026-08-25,2025,,,,All,Carmiel,MovieLand,608
17:35,"Damned if you do, damned if you don’t",המשפחה האיטלקית שלי,https://movieland.co.il/order/?eventID=110397&theaterId=1290,https://movieland.co.il/order/?eventID=110397&theaterId=1290,Regular,2D,איטלקית,,2026-08-25,2025,,,,All,Carmiel,MovieLand,608
19:05,"Damned if you do, damned if you don’t",המשפחה האיטלקית שלי,https://movieland.co.il/order/?eventID=110230&theaterId=1290,https://movieland.co.il/order/?eventID=110230&theaterId=1290,Regular,2D,איטלקית,,2026-08-25,2025,,,,All,Carmiel,MovieLand,608
11:50,Bitter Christmas,חג מולד מר,https://movieland.co.il/order/?eventID=110407&theaterId=1290,https://movieland.co.il/order/?eventID=110407&theaterId=1290,Regular,2D,ספרדית,,2026-08-25,2026,,,,All,Carmiel,MovieLand,608
21:30,גבעה 338,גבעה 338,https://movieland.co.il/order/?eventID=110221&theaterId=1290,https://movieland.co.il/order/?eventID=110221&theaterId=1290,Regular,2D,Hebrew,,2026-08-25,2026,,,,9+,Carmiel,MovieLand,608
23:50,גבעה 338,גבעה 338,https://movieland.co.il/order/?eventID=110222&theaterId=1290,https://movieland.co.il/order/?eventID=110222&theaterId=1290,Regular,2D,Hebrew,,2026-08-25,2026,,,,9+,Carmiel,MovieLand,608
10:45,Tafiti: Across the Desert,טפיטי: הרפתקה במדבר,https://movieland.co.il/order/?eventID=110408&theaterId=1290,https://movieland.co.il/order/?eventID=110408&theaterId=1290,Regular,2D,German,Hebrew,2026-08-25,2025,,,,ליווי מבוגר עד גיל 8,Carmiel,MovieLand,608
13:05,It takes two to tango,צריך שניים לטנגו,https://movieland.co.il/order/?eventID=110228&theaterId=1290,https://movieland.co.il/order/?eventID=110228&theaterId=1290,Regular,2D,French,,2026-08-25,2025,,,,All,Carmiel,MovieLand,608
17:15,It takes two to tango,צריך שניים לטנגו,https://movieland.co.il/order/?eventID=110227&theaterId=1290,https://movieland.co.il/order/?eventID=110227&theaterId=1290,Regular,2D,French,,2026-08-25,2025,,,,All,Carmiel,MovieLand,608
19:30,It takes two to tango,צריך שניים לטנגו,https://movieland.co.il/order/?eventID=110226&theaterId=1290,https://movieland.co.il/order/?eventID=110226&theaterId=1290,Upgrade,2D,French,,2026-08-25,2025,,,,All,Carmiel,MovieLand,608
11:05,The Pout Pout Fish,דג ושמו באסה,https://movieland.co.il/order/?eventID=110332&theaterId=1290,https://movieland.co.il/order/?eventID=110332&theaterId=1290,Upgrade,2D,,Hebrew,2026-08-26,,,,,ליווי מבוגר עד גיל 8,Carmiel,MovieLand,608
13:10,The Pout Pout Fish,דג ושמו באסה,https://movieland.co.il/order/?eventID=110333&theaterId=1290,https://movieland.co.il/order/?eventID=110333&theaterId=1290,Upgrade,2D,,Hebrew,2026-08-26,,,,,ליווי מבוגר עד גיל 8,Carmiel,MovieLand,608
15:15,The Pout Pout Fish,דג ושמו באסה,https://movieland.co.il/order/?eventID=110334&theaterId=1290,https://movieland.co.il/order/?eventID=110334&theaterId=1290,Upgrade,2D,,Hebrew,2026-08-26,,,,,ליווי מבוגר עד גיל 8,Carmiel,MovieLand,608
17:20,The Pout Pout Fish,דג ושמו באסה,https://movieland.co.il/order/?eventID=110335&theaterId=1290,https://movieland.co.il/order/?eventID=110335&theaterId=1290,Upgrade,2D,,Hebrew,2026-08-26,,,,,ליווי מבוגר עד גיל 8,Carmiel,MovieLand,608
11:45,Coyote vs. ACME,לוני טונס מציגים: קיוטי נגד אקמי,https://movieland.co.il/order/?eventID=110329&theaterId=1290,https://movieland.co.il/order/?eventID=110329&theaterId=1290,Upgrade,2D,English,Hebrew,2026-08-26,2026,,,,All,Carmiel,MovieLand,608
14:00,Coyote vs. ACME,לוני טונס מציגים: קיוטי נגד אקמי,https://movieland.co.il/order/?eventID=110330&theaterId=1290,https://movieland.co.il/order/?eventID=110330&theaterId=1290,Upgrade,2D,English,Hebrew,2026-08-26,2026,,,,All,Carmiel,MovieLand,608
16:15,Coyote vs. ACME,לוני טונס מציגים: קיוטי נגד אקמי,https://movieland.co.il/order/?eventID=110331&theaterId=1290,https://movieland.co.il/order/?eventID=110331&theaterId=1290,Upgrade,2D,English,Hebrew,2026-08-26,2026,,,,All,Carmiel,MovieLand,608
13:50,Spider-Man: Brand New Day,ספיידרמן: יום חדש,https://movieland.co.il/order/?eventID=110313&theaterId=1290,https://movieland.co.il/order/?eventID=110313&theaterId=1290,Regular,2D,English,,2026-08-26,2026,,,,All,Carmiel,MovieLand,608
18:00,Spider-Man: Brand New Day,ספיידרמן: יום חדש,https://movieland.co.il/order/?eventID=110311&theaterId=1290,https://movieland.co.il/order/?eventID=110311&theaterId=1290,Upgrade,2D,English,,2026-08-26,2026,,,,All,Carmiel,MovieLand,608
21:00,Spider-Man: Brand New Day,ספיידרמן: יום חדש,https://movieland.co.il/order/?eventID=110312&theaterId=1290,https://movieland.co.il/order/?eventID=110312&theaterId=1290,Upgrade,2D,English,,2026-08-26,2026,,,,All,Carmiel,MovieLand,608
18:30,The Odyssey,האודיסאה,https://movieland.co.il/order/?eventID=110300&theaterId=1290,https://movieland.co.il/order/?eventID=110300&theaterId=1290,Upgrade,2D,English,,2026-08-26,2026,,,,14+,Carmiel,MovieLand,608
22:00,The Odyssey,האודיסאה,https://movieland.co.il/order/?eventID=110301&theaterId=1290,https://movieland.co.il/order/?eventID=110301&theaterId=1290,Upgrade,2D,English,,2026-08-26,2026,,,,14+,Carmiel,MovieLand,608
11:30,Paw Patrol: The Dino Movie,מפרץ ההרפתקאות: אי הדינוזאורים,https://movieland.co.il/order/?eventID=110314&theaterId=1290,https://movieland.co.il/order/?eventID=110314&theaterId=1290,Upgrade,2D,English,Hebrew,2026-08-26,2026,,,,All,Carmiel,MovieLand,608
13:25,Paw Patrol: The Dino Movie,מפרץ ההרפתקאות: אי הדינוזאורים,https://movieland.co.il/order/?eventID=110316&theaterId=1290,https://movieland.co.il/order/?eventID=110316&theaterId=1290,Regular,2D,English,Hebrew,2026-08-26,2026,,,,All,Carmiel,MovieLand,608
17:05,Paw Patrol: The Dino Movie,מפרץ ההרפתקאות: אי הדינוזאורים,https://movieland.co.il/order/?eventID=110315&theaterId=1290,https://movieland.co.il/order/?eventID=110315&theaterId=1290,Regular,2D,English,Hebrew,2026-08-26,2026,,,,All,Carmiel,MovieLand,608
10:35,Minions & Monsters,מיניונים ומפלצות,https://movieland.co.il/order/?eventID=110310&theaterId=1290,https://movieland.co.il/order/?eventID=110310&theaterId=1290,Regular,2D,English,Hebrew,2026-08-26,2026,,,,All,Carmiel,MovieLand,608
12:40,Minions & Monsters,מיניונים ומפלצות,https://movieland.co.il/order/?eventID=110308&theaterId=1290,https://movieland.co.il/order/?eventID=110308&theaterId=1290,Regular,2D,English,Hebrew,2026-08-26,2026,,,,All,Carmiel,MovieLand,608
14:45,Minions & Monsters,מיניונים ומפלצות,https://movieland.co.il/order/?eventID=110307&theaterId=1290,https://movieland.co.il/order/?eventID=110307&theaterId=1290,Regular,2D,English,Hebrew,2026-08-26,2026,,,,All,Carmiel,MovieLand,608
15:55,Minions & Monsters,מיניונים ומפלצות,https://movieland.co.il/order/?eventID=110309&theaterId=1290,https://movieland.co.il/order/?eventID=110309&theaterId=1290,Upgrade,2D,English,Hebrew,2026-08-26,2026,,,,All,Carmiel,MovieLand,608
20:05,The Dog Stars,כוכבי הכלב,https://movieland.co.il/order/?eventID=110344&theaterId=1290,https://movieland.co.il/order/?eventID=110344&theaterId=1290,Regular,2D,English,,2026-08-26,2026,,,,,Carmiel,MovieLand,608
22:40,The Dog Stars,כוכבי הכלב,https://movieland.co.il/order/?eventID=110345&theaterId=1290,https://movieland.co.il/order/?eventID=110345&theaterId=1290,Regular,2D,English,,2026-08-26,2026,,,,,Carmiel,MovieLand,608
23:40,The Dog Stars,כוכבי הכלב,https://movieland.co.il/order/?eventID=110346&theaterId=1290,https://movieland.co.il/order/?eventID=110346&theaterId=1290,Regular,2D,English,,2026-08-26,2026,,,,,Carmiel,MovieLand,608
21:55,Insidious: Out of the further,הרוע שבפנים: מחוץ למעבר,https://movieland.co.il/order/?eventID=110317&theaterId=1290,https://movieland.co.il/order/?eventID=110317&theaterId=1290,Regular,2D,English,,2026-08-26,2026,,,,14+,Carmiel,MovieLand,608
00:15,Insidious: Out of the further,הרוע שבפנים: מחוץ למעבר,https://movieland.co.il/order/?eventID=110318&theaterId=1290,https://movieland.co.il/order/?eventID=110318&theaterId=1290,Regular,2D,English,,2026-08-26,2026,,,,14+,Carmiel,MovieLand,608
13:35,Marsupilami,מרסופילאמי,https://movieland.co.il/order/?eventID=110305&theaterId=1290,https://movieland.co.il/order/?eventID=110305&theaterId=1290,Upgrade,2D,French,Hebrew,2026-08-26,2025,,,,All,Carmiel,MovieLand,608
15:10,Marsupilami,מרסופילאמי,https://movieland.co.il/order/?eventID=110306&theaterId=1290,https://movieland.co.il/order/?eventID=110306&theaterId=1290,Regular,2D,French,Hebrew,2026-08-26,2025,,,,All,Carmiel,MovieLand,608
19:25,Mutiny,נקמה בלב ים,https://movieland.co.il/order/?eventID=110336&theaterId=1290,https://movieland.co.il/order/?eventID=110336&theaterId=1290,Upgrade,2D,English,,2026-08-26,2026,,,,14+,Carmiel,MovieLand,608
21:35,Mutiny,נקמה בלב ים,https://movieland.co.il/order/?eventID=110337&theaterId=1290,https://movieland.co.il/order/?eventID=110337&theaterId=1290,Upgrade,2D,English,,2026-08-26,2026,,,,14+,Carmiel,MovieLand,608
23:45,Mutiny,נקמה בלב ים,https://movieland.co.il/order/?eventID=110338&theaterId=1290,https://movieland.co.il/order/?eventID=110338&theaterId=1290,Upgrade,2D,English,,2026-08-26,2026,,,,14+,Carmiel,MovieLand,608
19:05,Spa Weekend,ספא וויקנד,https://movieland.co.il/order/?eventID=110325&theaterId=1290,https://movieland.co.il/order/?eventID=110325&theaterId=1290,Regular,2D,English,,2026-08-26,2026,,,,14+,Carmiel,MovieLand,608
22:00,Spa Weekend,ספא וויקנד,https://movieland.co.il/order/?eventID=110326&theaterId=1290,https://movieland.co.il/order/?eventID=110326&theaterId=1290,Regular,2D,English,,2026-08-26,2026,,,,14+,Carmiel,MovieLand,608
00:10,Spa Weekend,ספא וויקנד,https://movieland.co.il/order/?eventID=110327&theaterId=1290,https://movieland.co.il/order/?eventID=110327&theaterId=1290,Regular,2D,English,,2026-08-26,2026,,,,14+,Carmiel,MovieLand,608
11:35,קופה ראשית: הסרט,קופה ראשית: הסרט,https://movieland.co.il/order/?eventID=110322&theaterId=1290,https://movieland.co.il/order/?eventID=110322&theaterId=1290,Regular,2D,Hebrew,,2026-08-26,2026,,,,All,Carmiel,MovieLand,608
16:55,קופה ראשית: הסרט,קופה ראשית: הסרט,https://movieland.co.il/order/?eventID=110321&theaterId=1290,https://movieland.co.il/order/?eventID=110321&theaterId=1290,Regular,2D,Hebrew,,2026-08-26,2026,,,,All,Carmiel,MovieLand,608
19:05,One night only,לגמור את הלילה,https://movieland.co.il/order/?eventID=110320&theaterId=1290,https://movieland.co.il/order/?eventID=110320&theaterId=1290,Regular,2D,English,,2026-08-26,2026,,,,14+,Carmiel,MovieLand,608
21:20,One night only,לגמור את הלילה,https://movieland.co.il/order/?eventID=110319&theaterId=1290,https://movieland.co.il/order/?eventID=110319&theaterId=1290,Regular,2D,English,,2026-08-26,2026,,,,14+,Carmiel,MovieLand,608
17:25,Toy Story 5,צעצוע של סיפור 5,https://movieland.co.il/order/?eventID=110302&theaterId=1290,https://movieland.co.il/order/?eventID=110302&theaterId=1290,Regular,2D,English,Hebrew,2026-08-26,2026,,,,All,Carmiel,MovieLand,608
11:55,Moana (Live Action),מואנה,https://movieland.co.il/order/?eventID=110304&theaterId=1290,https://movieland.co.il/order/?eventID=110304&theaterId=1290,Regular,2D,English,Hebrew,2026-08-26,2026,,,,All,Carmiel,MovieLand,608
14:30,Moana (Live Action),מואנה,https://movieland.co.il/order/?eventID=110303&theaterId=1290,https://movieland.co.il/order/?eventID=110303&theaterId=1290,Regular,2D,English,Hebrew,2026-08-26,2026,,,,All,Carmiel,MovieLand,608
11:10,סולטיז הסרט - וולוג ה-100,סולטיז הסרט - וולוג ה-100,https://movieland.co.il/order/?eventID=110324&theaterId=1290,https://movieland.co.il/order/?eventID=110324&theaterId=1290,Regular,2D,Hebrew,,2026-08-26,2026,,,,All,Carmiel,MovieLand,608
15:30,סולטיז הסרט - וולוג ה-100,סולטיז הסרט - וולוג ה-100,https://movieland.co.il/order/?eventID=110323&theaterId=1290,https://movieland.co.il/order/?eventID=110323&theaterId=1290,Regular,2D,Hebrew,,2026-08-26,2026,,,,All,Carmiel,MovieLand,608
17:45,גבעה 338,גבעה 338,https://movieland.co.il/order/?eventID=110339&theaterId=1290,https://movieland.co.il/order/?eventID=110339&theaterId=1290,Regular,2D,Hebrew,,2026-08-26,2026,,,,9+,Carmiel,MovieLand,608
21:20,גבעה 338,גבעה 338,https://movieland.co.il/order/?eventID=110340&theaterId=1290,https://movieland.co.il/order/?eventID=110340&theaterId=1290,Regular,2D,Hebrew,,2026-08-26,2026,,,,9+,Carmiel,MovieLand,608
23:40,גבעה 338,גבעה 338,https://movieland.co.il/order/?eventID=110341&theaterId=1290,https://movieland.co.il/order/?eventID=110341&theaterId=1290,Regular,2D,Hebrew,,2026-08-26,2026,,,,9+,Carmiel,MovieLand,608
00:00,Ice Cream Man,איש הגלידה,https://movieland.co.il/order/?eventID=110343&theaterId=1290,https://movieland.co.il/order/?eventID=110343&theaterId=1290,Upgrade,2D,English,,2026-08-26,2026,,,,18+,Carmiel,MovieLand,608
16:50,STICH HEAD,פרנקי והמפלצות,https://movieland.co.il/order/?eventID=110347&theaterId=1290,https://movieland.co.il/order/?eventID=110347&theaterId=1290,Regular,2D,,Hebrew,2026-08-26,,,,,All,Carmiel,MovieLand,608
10:55,GRACIE & PEDRO: PETS TO THE RESCUE,גרייסי ופדרו: חיות המחמד בפעולה,https://movieland.co.il/order/?eventID=110348&theaterId=1290,https://movieland.co.il/order/?eventID=110348&theaterId=1290,Regular,2D,,Hebrew,2026-08-26,,,,,All,Carmiel,MovieLand,608
19:40,НА КРАЮ ОУК-СТРИТ,НА КРАЮ ОУК-СТРИТ,https://movieland.co.il/order/?eventID=110342&theaterId=1290,https://movieland.co.il/order/?eventID=110342&theaterId=1290,Regular,2D,английский,,2026-08-26,,,,,12+,Carmiel,MovieLand,608
12:55,Coyote vs. ACME,לוני טונס מציגים: קיוטי נגד אקמי,https://movieland.co.il/order/?eventID=110328&theaterId=1290,https://movieland.co.il/order/?eventID=110328&theaterId=1290,Regular,2D,English,,2026-08-26,2026,,,,All,Carmiel,MovieLand,608
21:00,MovieRetro- לב אמיץ,MovieRetro- לב אמיץ,https://movieland.co.il/order/?eventID=109338&theaterId=1290,https://movieland.co.il/order/?eventID=109338&theaterId=1290,Regular,2D,English,,2026-08-27,1995,,,,,Carmiel,MovieLand,608
19:30,MovieRetro- הזאב מוול סטריט,MovieRetro- הזאב מוול סטריט,https://movieland.co.il/order/?eventID=103267&theaterId=1290,https://movieland.co.il/order/?eventID=103267&theaterId=1290,Regular,2D,English,,2026-09-03,2013,,,,,Carmiel,MovieLand,608
17:00,MovieRetro- אמיצה (מדובב),MovieRetro- אמיצה,https://movieland.co.il/order/?eventID=110399&theaterId=1290,https://movieland.co.il/order/?eventID=110399&theaterId=1290,Regular,2D,English,Hebrew,2026-09-24,2012,,,,,Carmiel,MovieLand,608
10:50,The Pout Pout Fish,דג ושמו באסה,https://movieland.co.il/order/?eventID=146469&theaterId=1292,https://movieland.co.il/order/?eventID=146469&theaterId=1292,Upgrade,2D,,Hebrew,2026-08-20,,,,,ליווי מבוגר עד גיל 8,Netanya,MovieLand,608
11:30,The Pout Pout Fish,דג ושמו באסה,https://movieland.co.il/order/?eventID=146473&theaterId=1292,https://movieland.co.il/order/?eventID=146473&theaterId=1292,Regular,2D,,Hebrew,2026-08-20,,,,,ליווי מבוגר עד גיל 8,Netanya,MovieLand,608
13:05,The Pout Pout Fish,דג ושמו באסה,https://movieland.co.il/order/?eventID=146470&theaterId=1292,https://movieland.co.il/order/?eventID=146470&theaterId=1292,Upgrade,2D,,Hebrew,2026-08-20,,,,,ליווי מבוגר עד גיל 8,Netanya,MovieLand,608
13:45,The Pout Pout Fish,דג ושמו באסה,https://movieland.co.il/order/?eventID=146474&theaterId=1292,https://movieland.co.il/order/?eventID=146474&theaterId=1292,Regular,2D,,Hebrew,2026-08-20,,,,,ליווי מבוגר עד גיל 8,Netanya,MovieLand,608
15:20,The Pout Pout Fish,דג ושמו באסה,https://movieland.co.il/order/?eventID=146471&theaterId=1292,https://movieland.co.il/order/?eventID=146471&theaterId=1292,Upgrade,2D,,Hebrew,2026-08-20,,,,,ליווי מבוגר עד גיל 8,Netanya,MovieLand,608
16:00,The Pout Pout Fish,דג ושמו באסה,https://movieland.co.il/order/?eventID=146475&theaterId=1292,https://movieland.co.il/order/?eventID=146475&theaterId=1292,Regular,2D,,Hebrew,2026-08-20,,,,,ליווי מבוגר עד גיל 8,Netanya,MovieLand,608
17:35,The Pout Pout Fish,דג ושמו באסה,https://movieland.co.il/order/?eventID=146472&theaterId=1292,https://movieland.co.il/order/?eventID=146472&theaterId=1292,Upgrade,2D,,Hebrew,2026-08-20,,,,,ליווי מבוגר עד גיל 8,Netanya,MovieLand,608
11:10,Coyote vs. ACME,לוני טונס מציגים: קיוטי נגד אקמי,https://movieland.co.il/order/?eventID=146468&theaterId=1292,https://movieland.co.il/order/?eventID=146468&theaterId=1292,Regular,2D,English,Hebrew,2026-08-20,2026,,,,All,Netanya,MovieLand,608
11:55,Coyote vs. ACME,לוני טונס מציגים: קיוטי נגד אקמי,https://movieland.co.il/order/?eventID=146465&theaterId=1292,https://movieland.co.il/order/?eventID=146465&theaterId=1292,Upgrade,2D,English,Hebrew,2026-08-20,2026,,,,All,Netanya,MovieLand,608
14:15,Coyote vs. ACME,לוני טונס מציגים: קיוטי נגד אקמי,https://movieland.co.il/order/?eventID=146466&theaterId=1292,https://movieland.co.il/order/?eventID=146466&theaterId=1292,Upgrade,2D,English,Hebrew,2026-08-20,2026,,,,All,Netanya,MovieLand,608
16:35,Coyote vs. ACME,לוני טונס מציגים: קיוטי נגד אקמי,https://movieland.co.il/order/?eventID=146467&theaterId=1292,https://movieland.co.il/order/?eventID=146467&theaterId=1292,Upgrade,2D,English,Hebrew,2026-08-20,2026,,,,All,Netanya,MovieLand,608
14:25,Spider-Man: Brand New Day,ספיידרמן: יום חדש,https://movieland.co.il/order/?eventID=146506&theaterId=1292,https://movieland.co.il/order/?eventID=146506&theaterId=1292,Regular,2D,English,,2026-08-20,2026,,,,All,Netanya,MovieLand,608
16:50,Spider-Man: Brand New Day,ספיידרמן: יום חדש,https://movieland.co.il/order/?eventID=146505&theaterId=1292,https://movieland.co.il/order/?eventID=146505&theaterId=1292,Regular,2D,English,,2026-08-20,2026,,,,All,Netanya,MovieLand,608
18:15,Spider-Man: Brand New Day,ספיידרמן: יום חדש,https://movieland.co.il/order/?eventID=146502&theaterId=1292,https://movieland.co.il/order/?eventID=146502&theaterId=1292,Regular,2D,English,,2026-08-20,2026,,,,All,Netanya,MovieLand,608
19:00,Spider-Man: Brand New Day,ספיידרמן: יום חדש,https://movieland.co.il/order/?eventID=146507&theaterId=1292,https://movieland.co.il/order/?eventID=146507&theaterId=1292,Regular,2D,English,,2026-08-20,2026,,,,All,Netanya,MovieLand,608
19:50,Spider-Man: Brand New Day,ספיידרמן: יום חדש,https://movieland.co.il/order/?eventID=146500&theaterId=1292,https://movieland.co.il/order/?eventID=146500&theaterId=1292,Upgrade,2D,English,,2026-08-20,2026,,,,All,Netanya,MovieLand,608
21:20,Spider-Man: Brand New Day,ספיידרמן: יום חדש,https://movieland.co.il/order/?eventID=146503&theaterId=1292,https://movieland.co.il/order/?eventID=146503&theaterId=1292,Regular,2D,English,,2026-08-20,2026,,,,All,Netanya,MovieLand,608
22:05,Spider-Man: Brand New Day,ספיידרמן: יום חדש,https://movieland.co.il/order/?eventID=146508&theaterId=1292,https://movieland.co.il/order/?eventID=146508&theaterId=1292,Regular,2D,English,,2026-08-20,2026,,,,All,Netanya,MovieLand,608
23:00,Spider-Man: Brand New Day,ספיידרמן: יום חדש,https://movieland.co.il/order/?eventID=146501&theaterId=1292,https://movieland.co.il/order/?eventID=146501&theaterId=1292,Upgrade,2D,English,,2026-08-20,2026,,,,All,Netanya,MovieLand,608
00:25,Spider-Man: Brand New Day,ספיידרמן: יום חדש,https://movieland.co.il/order/?eventID=146504&theaterId=1292,https://movieland.co.il/order/?eventID=146504&theaterId=1292,Regular,2D,English,,2026-08-20,2026,,,,All,Netanya,MovieLand,608
13:20,The Odyssey,האודיסאה,https://movieland.co.il/order/?eventID=146487&theaterId=1292,https://movieland.co.il/order/?eventID=146487&theaterId=1292,Regular,2D,English,,2026-08-20,2026,,,,14+,Netanya,MovieLand,608
18:40,The Odyssey,האודיסאה,https://movieland.co.il/order/?eventID=146488&theaterId=1292,https://movieland.co.il/order/?eventID=146488&theaterId=1292,Regular,2D,English,,2026-08-20,2026,,,,14+,Netanya,MovieLand,608
19:45,The Odyssey,האודיסאה,https://movieland.co.il/order/?eventID=146489&theaterId=1292,https://movieland.co.il/order/?eventID=146489&theaterId=1292,Upgrade,2D,English,,2026-08-20,2026,,,,14+,Netanya,MovieLand,608
22:15,The Odyssey,האודיסאה,https://movieland.co.il/order/?eventID=146490&theaterId=1292,https://movieland.co.il/order/?eventID=146490&theaterId=1292,Regular,2D,English,,2026-08-20,2026,,,,14+,Netanya,MovieLand,608
23:20,The Odyssey,האודיסאה,https://movieland.co.il/order/?eventID=146491&theaterId=1292,https://movieland.co.il/order/?eventID=146491&theaterId=1292,Upgrade,2D,English,,2026-08-20,2026,,,,14+,Netanya,MovieLand,608
10:50,Paw Patrol: The Dino Movie,מפרץ ההרפתקאות: אי הדינוזאורים,https://movieland.co.il/order/?eventID=146448&theaterId=1292,https://movieland.co.il/order/?eventID=146448&theaterId=1292,Regular,2D,English,Hebrew,2026-08-20,2026,,,,All,Netanya,MovieLand,608
12:15,Paw Patrol: The Dino Movie,מפרץ ההרפתקאות: אי הדינוזאורים,https://movieland.co.il/order/?eventID=146449&theaterId=1292,https://movieland.co.il/order/?eventID=146449&theaterId=1292,Regular,2D,English,Hebrew,2026-08-20,2026,,,,All,Netanya,MovieLand,608
15:10,Paw Patrol: The Dino Movie,מפרץ ההרפתקאות: אי הדינוזאורים,https://movieland.co.il/order/?eventID=146510&theaterId=1292,https://movieland.co.il/order/?eventID=146510&theaterId=1292,Regular,2D,English,Hebrew,2026-08-20,2026,,,,All,Netanya,MovieLand,608
12:15,Minions & Monsters,מיניונים ומפלצות,https://movieland.co.il/order/?eventID=146499&theaterId=1292,https://movieland.co.il/order/?eventID=146499&theaterId=1292,Upgrade,2D,English,Hebrew,2026-08-20,2026,,,,All,Netanya,MovieLand,608
14:30,Minions & Monsters,מיניונים ומפלצות,https://movieland.co.il/order/?eventID=146498&theaterId=1292,https://movieland.co.il/order/?eventID=146498&theaterId=1292,Upgrade,2D,English,Hebrew,2026-08-20,2026,,,,All,Netanya,MovieLand,608
19:35,Insidious: Out of the further,הרוע שבפנים: מחוץ למעבר,https://movieland.co.il/order/?eventID=146486&theaterId=1292,https://movieland.co.il/order/?eventID=146486&theaterId=1292,Regular,2D,English,,2026-08-20,2026,,,,14+,Netanya,MovieLand,608
22:00,Insidious: Out of the further,הרוע שבפנים: מחוץ למעבר,https://movieland.co.il/order/?eventID=146450&theaterId=1292,https://movieland.co.il/order/?eventID=146450&theaterId=1292,Regular,2D,English,,2026-08-20,2026,,,,14+,Netanya,MovieLand,608
00:25,Insidious: Out of the further,הרוע שבפנים: מחוץ למעבר,https://movieland.co.il/order/?eventID=146451&theaterId=1292,https://movieland.co.il/order/?eventID=146451&theaterId=1292,Regular,2D,English,,2026-08-20,2026,,,,14+,Netanya,MovieLand,608
14:25,Marsupilami,מרסופילאמי,https://movieland.co.il/order/?eventID=146496&theaterId=1292,https://movieland.co.il/order/?eventID=146496&theaterId=1292,Regular,2D,French,Hebrew,2026-08-20,2025,,,,All,Netanya,MovieLand,608
16:45,Marsupilami,מרסופילאמי,https://movieland.co.il/order/?eventID=146495&theaterId=1292,https://movieland.co.il/order/?eventID=146495&theaterId=1292,Regular,2D,French,Hebrew,2026-08-20,2025,,,,All,Netanya,MovieLand,608
14:30,Mutiny,נקמה בלב ים,https://movieland.co.il/order/?eventID=146479&theaterId=1292,https://movieland.co.il/order/?eventID=146479&theaterId=1292,Regular,2D,English,,2026-08-20,2026,,,,14+,Netanya,MovieLand,608
19:00,Mutiny,נקמה בלב ים,https://movieland.co.il/order/?eventID=146476&theaterId=1292,https://movieland.co.il/order/?eventID=146476&theaterId=1292,Upgrade,2D,English,,2026-08-20,2026,,,,14+,Netanya,MovieLand,608
21:15,Mutiny,נקמה בלב ים,https://movieland.co.il/order/?eventID=146477&theaterId=1292,https://movieland.co.il/order/?eventID=146477&theaterId=1292,Upgrade,2D,English,,2026-08-20,2026,,,,14+,Netanya,MovieLand,608
23:30,Mutiny,נקמה בלב ים,https://movieland.co.il/order/?eventID=146478&theaterId=1292,https://movieland.co.il/order/?eventID=146478&theaterId=1292,Upgrade,2D,English,,2026-08-20,2026,,,,14+,Netanya,MovieLand,608
19:05,Spa Weekend,ספא וויקנד,https://movieland.co.il/order/?eventID=146462&theaterId=1292,https://movieland.co.il/order/?eventID=146462&theaterId=1292,Regular,2D,English,,2026-08-20,2026,,,,14+,Netanya,MovieLand,608
21:25,Spa Weekend,ספא וויקנד,https://movieland.co.il/order/?eventID=146460&theaterId=1292,https://movieland.co.il/order/?eventID=146460&theaterId=1292,Regular,2D,English,,2026-08-20,2026,,,,14+,Netanya,MovieLand,608
23:40,Spa Weekend,ספא וויקנד,https://movieland.co.il/order/?eventID=146461&theaterId=1292,https://movieland.co.il/order/?eventID=146461&theaterId=1292,Regular,2D,English,,2026-08-20,2026,,,,14+,Netanya,MovieLand,608
12:10,קופה ראשית: הסרט,קופה ראשית: הסרט,https://movieland.co.il/order/?eventID=146457&theaterId=1292,https://movieland.co.il/order/?eventID=146457&theaterId=1292,Regular,2D,Hebrew,,2026-08-20,2026,,,,All,Netanya,MovieLand,608
14:05,קופה ראשית: הסרט,קופה ראשית: הסרט,https://movieland.co.il/order/?eventID=146455&theaterId=1292,https://movieland.co.il/order/?eventID=146455&theaterId=1292,Regular,2D,Hebrew,,2026-08-20,2026,,,,All,Netanya,MovieLand,608
17:30,קופה ראשית: הסרט,קופה ראשית: הסרט,https://movieland.co.il/order/?eventID=146456&theaterId=1292,https://movieland.co.il/order/?eventID=146456&theaterId=1292,Regular,2D,Hebrew,,2026-08-20,2026,,,,All,Netanya,MovieLand,608
19:45,One night only,לגמור את הלילה,https://movieland.co.il/order/?eventID=146454&theaterId=1292,https://movieland.co.il/order/?eventID=146454&theaterId=1292,Regular,2D,English,,2026-08-20,2026,,,,14+,Netanya,MovieLand,608
22:10,One night only,לגמור את הלילה,https://movieland.co.il/order/?eventID=146452&theaterId=1292,https://movieland.co.il/order/?eventID=146452&theaterId=1292,Regular,2D,English,,2026-08-20,2026,,,,14+,Netanya,MovieLand,608
00:35,One night only,לגמור את הלילה,https://movieland.co.il/order/?eventID=146453&theaterId=1292,https://movieland.co.il/order/?eventID=146453&theaterId=1292,Regular,2D,English,,2026-08-20,2026,,,,14+,Netanya,MovieLand,608
11:00,Toy Story 5,צעצוע של סיפור 5,https://movieland.co.il/order/?eventID=146492&theaterId=1292,https://movieland.co.il/order/?eventID=146492&theaterId=1292,Regular,2D,English,Hebrew,2026-08-20,2026,,,,All,Netanya,MovieLand,608
11:55,Moana (Live Action),מואנה,https://movieland.co.il/order/?eventID=146493&theaterId=1292,https://movieland.co.il/order/?eventID=146493&theaterId=1292,Regular,2D,English,Hebrew,2026-08-20,2026,,,,All,Netanya,MovieLand,608
13:45,Moana (Live Action),מואנה,https://movieland.co.il/order/?eventID=146494&theaterId=1292,https://movieland.co.il/order/?eventID=146494&theaterId=1292,Regular,2D,English,Hebrew,2026-08-20,2026,,,,All,Netanya,MovieLand,608
16:25,Moana (Live Action),מואנה,https://movieland.co.il/order/?eventID=146484&theaterId=1292,https://movieland.co.il/order/?eventID=146484&theaterId=1292,Regular,2D,English,Hebrew,2026-08-20,2026,,,,All,Netanya,MovieLand,608
22:45,End of Oak street,סוף רחוב האלון,https://movieland.co.il/order/?eventID=146509&theaterId=1292,https://movieland.co.il/order/?eventID=146509&theaterId=1292,Regular,2D,English,,2026-08-20,2026,,,,12+,Netanya,MovieLand,608
11:45,סולטיז הסרט - וולוג ה-100,סולטיז הסרט - וולוג ה-100,https://movieland.co.il/order/?eventID=146459&theaterId=1292,https://movieland.co.il/order/?eventID=146459&theaterId=1292,Regular,2D,Hebrew,,2026-08-20,2026,,,,All,Netanya,MovieLand,608
17:15,סולטיז הסרט - וולוג ה-100,סולטיז הסרט - וולוג ה-100,https://movieland.co.il/order/?eventID=146458&theaterId=1292,https://movieland.co.il/order/?eventID=146458&theaterId=1292,Regular,2D,Hebrew,,2026-08-20,2026,,,,All,Netanya,MovieLand,608
16:45,גבעה 338,גבעה 338,https://movieland.co.il/order/?eventID=146480&theaterId=1292,https://movieland.co.il/order/?eventID=146480&theaterId=1292,Regular,2D,Hebrew,,2026-08-20,2026,,,,9+,Netanya,MovieLand,608
22:15,גבעה 338,גבעה 338,https://movieland.co.il/order/?eventID=146481&theaterId=1292,https://movieland.co.il/order/?eventID=146481&theaterId=1292,Regular,2D,Hebrew,,2026-08-20,2026,,,,9+,Netanya,MovieLand,608
00:40,גבעה 338,גבעה 338,https://movieland.co.il/order/?eventID=146482&theaterId=1292,https://movieland.co.il/order/?eventID=146482&theaterId=1292,Regular,2D,Hebrew,,2026-08-20,2026,,,,9+,Netanya,MovieLand,608
19:10,ЧЕЛОВЕК-ПАУК: НОВЫЙ ДЕНЬ,ЧЕЛОВЕК-ПАУК: НОВЫЙ ДЕНЬ,https://movieland.co.il/order/?eventID=146463&theaterId=1292,https://movieland.co.il/order/?eventID=146463&theaterId=1292,Regular,2D,английский,,2026-08-20,2026,,,,Нет возрастных ограничений,Netanya,MovieLand,608
16:20,Coyote vs. ACME,לוני טונס מציגים: קיוטי נגד אקמי,https://movieland.co.il/order/?eventID=146464&theaterId=1292,https://movieland.co.il/order/?eventID=146464&theaterId=1292,Regular,2D,English,,2026-08-20,2026,,,,All,Netanya,MovieLand,608
13:00,It takes two to tango,צריך שניים לטנגו,https://movieland.co.il/order/?eventID=146483&theaterId=1292,https://movieland.co.il/order/?eventID=146483&theaterId=1292,Regular,2D,French,,2026-08-20,2025,,,,All,Netanya,MovieLand,608
10:50,The Pout Pout Fish,דג ושמו באסה,https://movieland.co.il/order/?eventID=146681&theaterId=1292,https://movieland.co.il/order/?eventID=146681&theaterId=1292,Upgrade,2D,,Hebrew,2026-08-21,,,,,ליווי מבוגר עד גיל 8,Netanya,MovieLand,608
11:30,The Pout Pout Fish,דג ושמו באסה,https://movieland.co.il/order/?eventID=146685&theaterId=1292,https://movieland.co.il/order/?eventID=146685&theaterId=1292,Regular,2D,,Hebrew,2026-08-21,,,,,ליווי מבוגר עד גיל 8,Netanya,MovieLand,608
13:05,The Pout Pout Fish,דג ושמו באסה,https://movieland.co.il/order/?eventID=146682&theaterId=1292,https://movieland.co.il/order/?eventID=146682&theaterId=1292,Upgrade,2D,,Hebrew,2026-08-21,,,,,ליווי מבוגר עד גיל 8,Netanya,MovieLand,608
13:45,The Pout Pout Fish,דג ושמו באסה,https://movieland.co.il/order/?eventID=146686&theaterId=1292,https://movieland.co.il/order/?eventID=146686&theaterId=1292,Regular,2D,,Hebrew,2026-08-21,,,,,ליווי מבוגר עד גיל 8,Netanya,MovieLand,608
15:20,The Pout Pout Fish,דג ושמו באסה,https://movieland.co.il/order/?eventID=146683&theaterId=1292,https://movieland.co.il/order/?eventID=146683&theaterId=1292,Upgrade,2D,,Hebrew,2026-08-21,,,,,ליווי מבוגר עד גיל 8,Netanya,MovieLand,608
16:00,The Pout Pout Fish,דג ושמו באסה,https://movieland.co.il/order/?eventID=146687&theaterId=1292,https://movieland.co.il/order/?eventID=146687&theaterId=1292,Regular,2D,,Hebrew,2026-08-21,,,,,ליווי מבוגר עד גיל 8,Netanya,MovieLand,608
17:35,The Pout Pout Fish,דג ושמו באסה,https://movieland.co.il/order/?eventID=146684&theaterId=1292,https://movieland.co.il/order/?eventID=146684&theaterId=1292,Upgrade,2D,,Hebrew,2026-08-21,,,,,ליווי מבוגר עד גיל 8,Netanya,MovieLand,608
11:05,Coyote vs. ACME,לוני טונס מציגים: קיוטי נגד אקמי,https://movieland.co.il/order/?eventID=146680&theaterId=1292,https://movieland.co.il/order/?eventID=146680&theaterId=1292,Regular,2D,English,Hebrew,2026-08-21,2026,,,,All,Netanya,MovieLand,608
11:55,Coyote vs. ACME,לוני טונס מציגים: קיוטי נגד אקמי,https://movieland.co.il/order/?eventID=146677&theaterId=1292,https://movieland.co.il/order/?eventID=146677&theaterId=1292,Upgrade,2D,English,Hebrew,2026-08-21,2026,,,,All,Netanya,MovieLand,608
14:15,Coyote vs. ACME,לוני טונס מציגים: קיוטי נגד אקמי,https://movieland.co.il/order/?eventID=146678&theaterId=1292,https://movieland.co.il/order/?eventID=146678&theaterId=1292,Upgrade,2D,English,Hebrew,2026-08-21,2026,,,,All,Netanya,MovieLand,608
16:35,Coyote vs. ACME,לוני טונס מציגים: קיוטי נגד אקמי,https://movieland.co.il/order/?eventID=146679&theaterId=1292,https://movieland.co.il/order/?eventID=146679&theaterId=1292,Upgrade,2D,English,Hebrew,2026-08-21,2026,,,,All,Netanya,MovieLand,608
14:25,Spider-Man: Brand New Day,ספיידרמן: יום חדש,https://movieland.co.il/order/?eventID=146654&theaterId=1292,https://movieland.co.il/order/?eventID=146654&theaterId=1292,Regular,2D,English,,2026-08-21,2026,,,,All,Netanya,MovieLand,608
16:50,Spider-Man: Brand New Day,ספיידרמן: יום חדש,https://movieland.co.il/order/?eventID=146653&theaterId=1292,https://movieland.co.il/order/?eventID=146653&theaterId=1292,Regular,2D,English,,2026-08-21,2026,,,,All,Netanya,MovieLand,608
18:15,Spider-Man: Brand New Day,ספיידרמן: יום חדש,https://movieland.co.il/order/?eventID=146650&theaterId=1292,https://movieland.co.il/order/?eventID=146650&theaterId=1292,Regular,2D,English,,2026-08-21,2026,,,,All,Netanya,MovieLand,608
19:00,Spider-Man: Brand New Day,ספיידרמן: יום חדש,https://movieland.co.il/order/?eventID=146655&theaterId=1292,https://movieland.co.il/order/?eventID=146655&theaterId=1292,Regular,2D,English,,2026-08-21,2026,,,,All,Netanya,MovieLand,608
19:50,Spider-Man: Brand New Day,ספיידרמן: יום חדש,https://movieland.co.il/order/?eventID=146648&theaterId=1292,https://movieland.co.il/order/?eventID=146648&theaterId=1292,Upgrade,2D,English,,2026-08-21,2026,,,,All,Netanya,MovieLand,608
21:20,Spider-Man: Brand New Day,ספיידרמן: יום חדש,https://movieland.co.il/order/?eventID=146651&theaterId=1292,https://movieland.co.il/order/?eventID=146651&theaterId=1292,Regular,2D,English,,2026-08-21,2026,,,,All,Netanya,MovieLand,608
22:05,Spider-Man: Brand New Day,ספיידרמן: יום חדש,https://movieland.co.il/order/?eventID=146656&theaterId=1292,https://movieland.co.il/order/?eventID=146656&theaterId=1292,Regular,2D,English,,2026-08-21,2026,,,,All,Netanya,MovieLand,608
23:00,Spider-Man: Brand New Day,ספיידרמן: יום חדש,https://movieland.co.il/order/?eventID=146649&theaterId=1292,https://movieland.co.il/order/?eventID=146649&theaterId=1292,Upgrade,2D,English,,2026-08-21,2026,,,,All,Netanya,MovieLand,608
00:25,Spider-Man: Brand New Day,ספיידרמן: יום חדש,https://movieland.co.il/order/?eventID=146652&theaterId=1292,https://movieland.co.il/order/?eventID=146652&theaterId=1292,Regular,2D,English,,2026-08-21,2026,,,,All,Netanya,MovieLand,608
13:20,The Odyssey,האודיסאה,https://movieland.co.il/order/?eventID=146635&theaterId=1292,https://movieland.co.il/order/?eventID=146635&theaterId=1292,Regular,2D,English,,2026-08-21,2026,,,,14+,Netanya,MovieLand,608
18:00,The Odyssey,האודיסאה,https://movieland.co.il/order/?eventID=146636&theaterId=1292,https://movieland.co.il/order/?eventID=146636&theaterId=1292,Upgrade,2D,English,,2026-08-21,2026,,,,14+,Netanya,MovieLand,608
19:55,The Odyssey,האודיסאה,https://movieland.co.il/order/?eventID=146638&theaterId=1292,https://movieland.co.il/order/?eventID=146638&theaterId=1292,Regular,2D,English,,2026-08-21,2026,,,,14+,Netanya,MovieLand,608
21:35,The Odyssey,האודיסאה,https://movieland.co.il/order/?eventID=146637&theaterId=1292,https://movieland.co.il/order/?eventID=146637&theaterId=1292,Upgrade,2D,English,,2026-08-21,2026,,,,14+,Netanya,MovieLand,608
23:30,The Odyssey,האודיסאה,https://movieland.co.il/order/?eventID=146639&theaterId=1292,https://movieland.co.il/order/?eventID=146639&theaterId=1292,Regular,2D,English,,2026-08-21,2026,,,,14+,Netanya,MovieLand,608
10:50,Paw Patrol: The Dino Movie,מפרץ ההרפתקאות: אי הדינוזאורים,https://movieland.co.il/order/?eventID=146659&theaterId=1292,https://movieland.co.il/order/?eventID=146659&theaterId=1292,Regular,2D,English,Hebrew,2026-08-21,2026,,,,All,Netanya,MovieLand,608
15:10,Paw Patrol: The Dino Movie,מפרץ ההרפתקאות: אי הדינוזאורים,https://movieland.co.il/order/?eventID=146658&theaterId=1292,https://movieland.co.il/order/?eventID=146658&theaterId=1292,Regular,2D,English,Hebrew,2026-08-21,2026,,,,All,Netanya,MovieLand,608
12:10,Minions & Monsters,מיניונים ומפלצות,https://movieland.co.il/order/?eventID=146647&theaterId=1292,https://movieland.co.il/order/?eventID=146647&theaterId=1292,Regular,2D,English,Hebrew,2026-08-21,2026,,,,All,Netanya,MovieLand,608
13:40,Minions & Monsters,מיניונים ומפלצות,https://movieland.co.il/order/?eventID=146646&theaterId=1292,https://movieland.co.il/order/?eventID=146646&theaterId=1292,Upgrade,2D,English,Hebrew,2026-08-21,2026,,,,All,Netanya,MovieLand,608
15:50,Minions & Monsters,מיניונים ומפלצות,https://movieland.co.il/order/?eventID=146645&theaterId=1292,https://movieland.co.il/order/?eventID=146645&theaterId=1292,Upgrade,2D,English,Hebrew,2026-08-21,2026,,,,All,Netanya,MovieLand,608
21:55,Insidious: Out of the further,הרוע שבפנים: מחוץ למעבר,https://movieland.co.il/order/?eventID=146660&theaterId=1292,https://movieland.co.il/order/?eventID=146660&theaterId=1292,Regular,2D,English,,2026-08-21,2026,,,,14+,Netanya,MovieLand,608
00:20,Insidious: Out of the further,הרוע שבפנים: מחוץ למעבר,https://movieland.co.il/order/?eventID=146661&theaterId=1292,https://movieland.co.il/order/?eventID=146661&theaterId=1292,Regular,2D,English,,2026-08-21,2026,,,,14+,Netanya,MovieLand,608
14:25,Marsupilami,מרסופילאמי,https://movieland.co.il/order/?eventID=146644&theaterId=1292,https://movieland.co.il/order/?eventID=146644&theaterId=1292,Regular,2D,French,Hebrew,2026-08-21,2025,,,,All,Netanya,MovieLand,608
16:45,Marsupilami,מרסופילאמי,https://movieland.co.il/order/?eventID=146643&theaterId=1292,https://movieland.co.il/order/?eventID=146643&theaterId=1292,Regular,2D,French,Hebrew,2026-08-21,2025,,,,All,Netanya,MovieLand,608
14:00,Mutiny,נקמה בלב ים,https://movieland.co.il/order/?eventID=146691&theaterId=1292,https://movieland.co.il/order/?eventID=146691&theaterId=1292,Regular,2D,English,,2026-08-21,2026,,,,14+,Netanya,MovieLand,608
19:00,Mutiny,נקמה בלב ים,https://movieland.co.il/order/?eventID=146688&theaterId=1292,https://movieland.co.il/order/?eventID=146688&theaterId=1292,Upgrade,2D,English,,2026-08-21,2026,,,,14+,Netanya,MovieLand,608
21:15,Mutiny,נקמה בלב ים,https://movieland.co.il/order/?eventID=146689&theaterId=1292,https://movieland.co.il/order/?eventID=146689&theaterId=1292,Upgrade,2D,English,,2026-08-21,2026,,,,14+,Netanya,MovieLand,608
23:30,Mutiny,נקמה בלב ים,https://movieland.co.il/order/?eventID=146690&theaterId=1292,https://movieland.co.il/order/?eventID=146690&theaterId=1292,Upgrade,2D,English,,2026-08-21,2026,,,,14+,Netanya,MovieLand,608
19:05,Spa Weekend,ספא וויקנד,https://movieland.co.il/order/?eventID=146672&theaterId=1292,https://movieland.co.il/order/?eventID=146672&theaterId=1292,Regular,2D,English,,2026-08-21,2026,,,,14+,Netanya,MovieLand,608
21:25,Spa Weekend,ספא וויקנד,https://movieland.co.il/order/?eventID=146670&theaterId=1292,https://movieland.co.il/order/?eventID=146670&theaterId=1292,Regular,2D,English,,2026-08-21,2026,,,,14+,Netanya,MovieLand,608
23:40,Spa Weekend,ספא וויקנד,https://movieland.co.il/order/?eventID=146671&theaterId=1292,https://movieland.co.il/order/?eventID=146671&theaterId=1292,Regular,2D,English,,2026-08-21,2026,,,,14+,Netanya,MovieLand,608
12:10,קופה ראשית: הסרט,קופה ראשית: הסרט,https://movieland.co.il/order/?eventID=146667&theaterId=1292,https://movieland.co.il/order/?eventID=146667&theaterId=1292,Regular,2D,Hebrew,,2026-08-21,2026,,,,All,Netanya,MovieLand,608
13:25,קופה ראשית: הסרט,קופה ראשית: הסרט,https://movieland.co.il/order/?eventID=146665&theaterId=1292,https://movieland.co.il/order/?eventID=146665&theaterId=1292,Regular,2D,Hebrew,,2026-08-21,2026,,,,All,Netanya,MovieLand,608
17:30,קופה ראשית: הסרט,קופה ראשית: הסרט,https://movieland.co.il/order/?eventID=146666&theaterId=1292,https://movieland.co.il/order/?eventID=146666&theaterId=1292,Regular,2D,Hebrew,,2026-08-21,2026,,,,All,Netanya,MovieLand,608
19:45,One night only,לגמור את הלילה,https://movieland.co.il/order/?eventID=146664&theaterId=1292,https://movieland.co.il/order/?eventID=146664&theaterId=1292,Regular,2D,English,,2026-08-21,2026,,,,14+,Netanya,MovieLand,608
22:10,One night only,לגמור את הלילה,https://movieland.co.il/order/?eventID=146662&theaterId=1292,https://movieland.co.il/order/?eventID=146662&theaterId=1292,Regular,2D,English,,2026-08-21,2026,,,,14+,Netanya,MovieLand,608
00:35,One night only,לגמור את הלילה,https://movieland.co.il/order/?eventID=146663&theaterId=1292,https://movieland.co.il/order/?eventID=146663&theaterId=1292,Regular,2D,English,,2026-08-21,2026,,,,14+,Netanya,MovieLand,608
11:00,Toy Story 5,צעצוע של סיפור 5,https://movieland.co.il/order/?eventID=146640&theaterId=1292,https://movieland.co.il/order/?eventID=146640&theaterId=1292,Regular,2D,English,Hebrew,2026-08-21,2026,,,,All,Netanya,MovieLand,608
11:25,Moana (Live Action),מואנה,https://movieland.co.il/order/?eventID=146641&theaterId=1292,https://movieland.co.il/order/?eventID=146641&theaterId=1292,Regular,2D,English,Hebrew,2026-08-21,2026,,,,All,Netanya,MovieLand,608
14:05,Moana (Live Action),מואנה,https://movieland.co.il/order/?eventID=146642&theaterId=1292,https://movieland.co.il/order/?eventID=146642&theaterId=1292,Regular,2D,English,Hebrew,2026-08-21,2026,,,,All,Netanya,MovieLand,608
21:35,End of Oak street,סוף רחוב האלון,https://movieland.co.il/order/?eventID=146657&theaterId=1292,https://movieland.co.il/order/?eventID=146657&theaterId=1292,Regular,2D,English,,2026-08-21,2026,,,,12+,Netanya,MovieLand,608
11:45,סולטיז הסרט - וולוג ה-100,סולטיז הסרט - וולוג ה-100,https://movieland.co.il/order/?eventID=146669&theaterId=1292,https://movieland.co.il/order/?eventID=146669&theaterId=1292,Regular,2D,Hebrew,,2026-08-21,2026,,,,All,Netanya,MovieLand,608
17:15,סולטיז הסרט - וולוג ה-100,סולטיז הסרט - וולוג ה-100,https://movieland.co.il/order/?eventID=146668&theaterId=1292,https://movieland.co.il/order/?eventID=146668&theaterId=1292,Regular,2D,Hebrew,,2026-08-21,2026,,,,All,Netanya,MovieLand,608
16:15,גבעה 338,גבעה 338,https://movieland.co.il/order/?eventID=146692&theaterId=1292,https://movieland.co.il/order/?eventID=146692&theaterId=1292,Regular,2D,Hebrew,,2026-08-21,2026,,,,9+,Netanya,MovieLand,608
21:45,גבעה 338,גבעה 338,https://movieland.co.il/order/?eventID=146693&theaterId=1292,https://movieland.co.il/order/?eventID=146693&theaterId=1292,Regular,2D,Hebrew,,2026-08-21,2026,,,,9+,Netanya,MovieLand,608
00:10,גבעה 338,גבעה 338,https://movieland.co.il/order/?eventID=146694&theaterId=1292,https://movieland.co.il/order/?eventID=146694&theaterId=1292,Regular,2D,Hebrew,,2026-08-21,2026,,,,9+,Netanya,MovieLand,608
23:55,Ice Cream Man,איש הגלידה,https://movieland.co.il/order/?eventID=146673&theaterId=1292,https://movieland.co.il/order/?eventID=146673&theaterId=1292,Regular,2D,English,,2026-08-21,2026,,,,18+,Netanya,MovieLand,608
19:35,НА КРАЮ ОУК-СТРИТ,НА КРАЮ ОУК-СТРИТ,https://movieland.co.il/order/?eventID=146695&theaterId=1292,https://movieland.co.il/order/?eventID=146695&theaterId=1292,Regular,2D,английский,,2026-08-21,,,,,12+,Netanya,MovieLand,608
18:00,ОДИССЕЯ,ОДИССЕЯ,https://movieland.co.il/order/?eventID=146674&theaterId=1292,https://movieland.co.il/order/?eventID=146674&theaterId=1292,Regular,2D,английский,,2026-08-21,2026,,,,14+,Netanya,MovieLand,608
18:40,ЧЕЛОВЕК-ПАУК: НОВЫЙ ДЕНЬ,ЧЕЛОВЕК-ПАУК: НОВЫЙ ДЕНЬ,https://movieland.co.il/order/?eventID=146675&theaterId=1292,https://movieland.co.il/order/?eventID=146675&theaterId=1292,Regular,2D,английский,,2026-08-21,2026,,,,Нет возрастных ограничений,Netanya,MovieLand,608
16:45,ЩЕНЯЧИЙ ПАТРУЛЬ: ДИНОФИЛЬМ,ЩЕНЯЧИЙ ПАТРУЛЬ: ДИНОФИЛЬМ,https://movieland.co.il/order/?eventID=146696&theaterId=1292,https://movieland.co.il/order/?eventID=146696&theaterId=1292,Regular,2D,английский,,2026-08-21,2026,,,,Нет возрастных ограничений,Netanya,MovieLand,608
15:40,Coyote vs. ACME,לוני טונס מציגים: קיוטי נגד אקמי,https://movieland.co.il/order/?eventID=146676&theaterId=1292,https://movieland.co.il/order/?eventID=146676&theaterId=1292,Regular,2D,English,,2026-08-21,2026,,,,All,Netanya,MovieLand,608
13:00,It takes two to tango,צריך שניים לטנגו,https://movieland.co.il/order/?eventID=146697&theaterId=1292,https://movieland.co.il/order/?eventID=146697&theaterId=1292,Regular,2D,French,,2026-08-21,2025,,,,All,Netanya,MovieLand,608
10:50,The Pout Pout Fish,דג ושמו באסה,https://movieland.co.il/order/?eventID=146321&theaterId=1292,https://movieland.co.il/order/?eventID=146321&theaterId=1292,Upgrade,2D,,Hebrew,2026-08-22,,,,,ליווי מבוגר עד גיל 8,Netanya,MovieLand,608
11:30,The Pout Pout Fish,דג ושמו באסה,https://movieland.co.il/order/?eventID=146325&theaterId=1292,https://movieland.co.il/order/?eventID=146325&theaterId=1292,Regular,2D,,Hebrew,2026-08-22,,,,,ליווי מבוגר עד גיל 8,Netanya,MovieLand,608
13:05,The Pout Pout Fish,דג ושמו באסה,https://movieland.co.il/order/?eventID=146322&theaterId=1292,https://movieland.co.il/order/?eventID=146322&theaterId=1292,Upgrade,2D,,Hebrew,2026-08-22,,,,,ליווי מבוגר עד גיל 8,Netanya,MovieLand,608
13:45,The Pout Pout Fish,דג ושמו באסה,https://movieland.co.il/order/?eventID=146326&theaterId=1292,https://movieland.co.il/order/?eventID=146326&theaterId=1292,Regular,2D,,Hebrew,2026-08-22,,,,,ליווי מבוגר עד גיל 8,Netanya,MovieLand,608
15:20,The Pout Pout Fish,דג ושמו באסה,https://movieland.co.il/order/?eventID=146323&theaterId=1292,https://movieland.co.il/order/?eventID=146323&theaterId=1292,Upgrade,2D,,Hebrew,2026-08-22,,,,,ליווי מבוגר עד גיל 8,Netanya,MovieLand,608
16:00,The Pout Pout Fish,דג ושמו באסה,https://movieland.co.il/order/?eventID=146327&theaterId=1292,https://movieland.co.il/order/?eventID=146327&theaterId=1292,Regular,2D,,Hebrew,2026-08-22,,,,,ליווי מבוגר עד גיל 8,Netanya,MovieLand,608
17:35,The Pout Pout Fish,דג ושמו באסה,https://movieland.co.il/order/?eventID=146324&theaterId=1292,https://movieland.co.il/order/?eventID=146324&theaterId=1292,Upgrade,2D,,Hebrew,2026-08-22,,,,,ליווי מבוגר עד גיל 8,Netanya,MovieLand,608
11:05,Coyote vs. ACME,לוני טונס מציגים: קיוטי נגד אקמי,https://movieland.co.il/order/?eventID=146333&theaterId=1292,https://movieland.co.il/order/?eventID=146333&theaterId=1292,Regular,2D,English,Hebrew,2026-08-22,2026,,,,All,Netanya,MovieLand,608
11:55,Coyote vs. ACME,לוני טונס מציגים: קיוטי נגד אקמי,https://movieland.co.il/order/?eventID=146330&theaterId=1292,https://movieland.co.il/order/?eventID=146330&theaterId=1292,Upgrade,2D,English,Hebrew,2026-08-22,2026,,,,All,Netanya,MovieLand,608
14:15,Coyote vs. ACME,לוני טונס מציגים: קיוטי נגד אקמי,https://movieland.co.il/order/?eventID=146331&theaterId=1292,https://movieland.co.il/order/?eventID=146331&theaterId=1292,Upgrade,2D,English,Hebrew,2026-08-22,2026,,,,All,Netanya,MovieLand,608
16:35,Coyote vs. ACME,לוני טונס מציגים: קיוטי נגד אקמי,https://movieland.co.il/order/?eventID=146332&theaterId=1292,https://movieland.co.il/order/?eventID=146332&theaterId=1292,Upgrade,2D,English,Hebrew,2026-08-22,2026,,,,All,Netanya,MovieLand,608
14:25,Spider-Man: Brand New Day,ספיידרמן: יום חדש,https://movieland.co.il/order/?eventID=146362&theaterId=1292,https://movieland.co.il/order/?eventID=146362&theaterId=1292,Regular,2D,English,,2026-08-22,2026,,,,All,Netanya,MovieLand,608
16:50,Spider-Man: Brand New Day,ספיידרמן: יום חדש,https://movieland.co.il/order/?eventID=146361&theaterId=1292,https://movieland.co.il/order/?eventID=146361&theaterId=1292,Regular,2D,English,,2026-08-22,2026,,,,All,Netanya,MovieLand,608
18:15,Spider-Man: Brand New Day,ספיידרמן: יום חדש,https://movieland.co.il/order/?eventID=146358&theaterId=1292,https://movieland.co.il/order/?eventID=146358&theaterId=1292,Regular,2D,English,,2026-08-22,2026,,,,All,Netanya,MovieLand,608
19:00,Spider-Man: Brand New Day,ספיידרמן: יום חדש,https://movieland.co.il/order/?eventID=146382&theaterId=1292,https://movieland.co.il/order/?eventID=146382&theaterId=1292,Regular,2D,English,,2026-08-22,2026,,,,All,Netanya,MovieLand,608
19:50,Spider-Man: Brand New Day,ספיידרמן: יום חדש,https://movieland.co.il/order/?eventID=146356&theaterId=1292,https://movieland.co.il/order/?eventID=146356&theaterId=1292,Upgrade,2D,English,,2026-08-22,2026,,,,All,Netanya,MovieLand,608
21:20,Spider-Man: Brand New Day,ספיידרמן: יום חדש,https://movieland.co.il/order/?eventID=146359&theaterId=1292,https://movieland.co.il/order/?eventID=146359&theaterId=1292,Regular,2D,English,,2026-08-22,2026,,,,All,Netanya,MovieLand,608
22:05,Spider-Man: Brand New Day,ספיידרמן: יום חדש,https://movieland.co.il/order/?eventID=146383&theaterId=1292,https://movieland.co.il/order/?eventID=146383&theaterId=1292,Regular,2D,English,,2026-08-22,2026,,,,All,Netanya,MovieLand,608
23:00,Spider-Man: Brand New Day,ספיידרמן: יום חדש,https://movieland.co.il/order/?eventID=146357&theaterId=1292,https://movieland.co.il/order/?eventID=146357&theaterId=1292,Upgrade,2D,English,,2026-08-22,2026,,,,All,Netanya,MovieLand,608
00:25,Spider-Man: Brand New Day,ספיידרמן: יום חדש,https://movieland.co.il/order/?eventID=146360&theaterId=1292,https://movieland.co.il/order/?eventID=146360&theaterId=1292,Regular,2D,English,,2026-08-22,2026,,,,All,Netanya,MovieLand,608
13:20,The Odyssey,האודיסאה,https://movieland.co.il/order/?eventID=146363&theaterId=1292,https://movieland.co.il/order/?eventID=146363&theaterId=1292,Regular,2D,English,,2026-08-22,2026,,,,14+,Netanya,MovieLand,608
18:00,The Odyssey,האודיסאה,https://movieland.co.il/order/?eventID=146364&theaterId=1292,https://movieland.co.il/order/?eventID=146364&theaterId=1292,Upgrade,2D,English,,2026-08-22,2026,,,,14+,Netanya,MovieLand,608
19:55,The Odyssey,האודיסאה,https://movieland.co.il/order/?eventID=146366&theaterId=1292,https://movieland.co.il/order/?eventID=146366&theaterId=1292,Regular,2D,English,,2026-08-22,2026,,,,14+,Netanya,MovieLand,608
21:35,The Odyssey,האודיסאה,https://movieland.co.il/order/?eventID=146365&theaterId=1292,https://movieland.co.il/order/?eventID=146365&theaterId=1292,Upgrade,2D,English,,2026-08-22,2026,,,,14+,Netanya,MovieLand,608
23:30,The Odyssey,האודיסאה,https://movieland.co.il/order/?eventID=146368&theaterId=1292,https://movieland.co.il/order/?eventID=146368&theaterId=1292,Regular,2D,English,,2026-08-22,2026,,,,14+,Netanya,MovieLand,608
10:50,Paw Patrol: The Dino Movie,מפרץ ההרפתקאות: אי הדינוזאורים,https://movieland.co.il/order/?eventID=146351&theaterId=1292,https://movieland.co.il/order/?eventID=146351&theaterId=1292,Regular,2D,English,Hebrew,2026-08-22,2026,,,,All,Netanya,MovieLand,608
12:15,Paw Patrol: The Dino Movie,מפרץ ההרפתקאות: אי הדינוזאורים,https://movieland.co.il/order/?eventID=146352&theaterId=1292,https://movieland.co.il/order/?eventID=146352&theaterId=1292,Regular,2D,English,Hebrew,2026-08-22,2026,,,,All,Netanya,MovieLand,608
15:10,Paw Patrol: The Dino Movie,מפרץ ההרפתקאות: אי הדינוזאורים,https://movieland.co.il/order/?eventID=146350&theaterId=1292,https://movieland.co.il/order/?eventID=146350&theaterId=1292,Regular,2D,English,Hebrew,2026-08-22,2026,,,,All,Netanya,MovieLand,608
11:30,Minions & Monsters,מיניונים ומפלצות,https://movieland.co.il/order/?eventID=146375&theaterId=1292,https://movieland.co.il/order/?eventID=146375&theaterId=1292,Upgrade,2D,English,Hebrew,2026-08-22,2026,,,,All,Netanya,MovieLand,608
13:40,Minions & Monsters,מיניונים ומפלצות,https://movieland.co.il/order/?eventID=146374&theaterId=1292,https://movieland.co.il/order/?eventID=146374&theaterId=1292,Upgrade,2D,English,Hebrew,2026-08-22,2026,,,,All,Netanya,MovieLand,608
15:50,Minions & Monsters,מיניונים ומפלצות,https://movieland.co.il/order/?eventID=146373&theaterId=1292,https://movieland.co.il/order/?eventID=146373&theaterId=1292,Upgrade,2D,English,Hebrew,2026-08-22,2026,,,,All,Netanya,MovieLand,608
21:55,Insidious: Out of the further,הרוע שבפנים: מחוץ למעבר,https://movieland.co.il/order/?eventID=146328&theaterId=1292,https://movieland.co.il/order/?eventID=146328&theaterId=1292,Regular,2D,English,,2026-08-22,2026,,,,14+,Netanya,MovieLand,608
00:20,Insidious: Out of the further,הרוע שבפנים: מחוץ למעבר,https://movieland.co.il/order/?eventID=146329&theaterId=1292,https://movieland.co.il/order/?eventID=146329&theaterId=1292,Regular,2D,English,,2026-08-22,2026,,,,14+,Netanya,MovieLand,608
14:25,Marsupilami,מרסופילאמי,https://movieland.co.il/order/?eventID=146354&theaterId=1292,https://movieland.co.il/order/?eventID=146354&theaterId=1292,Regular,2D,French,Hebrew,2026-08-22,2025,,,,All,Netanya,MovieLand,608
16:45,Marsupilami,מרסופילאמי,https://movieland.co.il/order/?eventID=146353&theaterId=1292,https://movieland.co.il/order/?eventID=146353&theaterId=1292,Regular,2D,French,Hebrew,2026-08-22,2025,,,,All,Netanya,MovieLand,608
14:00,Mutiny,נקמה בלב ים,https://movieland.co.il/order/?eventID=146343&theaterId=1292,https://movieland.co.il/order/?eventID=146343&theaterId=1292,Regular,2D,English,,2026-08-22,2026,,,,14+,Netanya,MovieLand,608
19:00,Mutiny,נקמה בלב ים,https://movieland.co.il/order/?eventID=146335&theaterId=1292,https://movieland.co.il/order/?eventID=146335&theaterId=1292,Upgrade,2D,English,,2026-08-22,2026,,,,14+,Netanya,MovieLand,608
21:15,Mutiny,נקמה בלב ים,https://movieland.co.il/order/?eventID=146336&theaterId=1292,https://movieland.co.il/order/?eventID=146336&theaterId=1292,Upgrade,2D,English,,2026-08-22,2026,,,,14+,Netanya,MovieLand,608
23:30,Mutiny,נקמה בלב ים,https://movieland.co.il/order/?eventID=146337&theaterId=1292,https://movieland.co.il/order/?eventID=146337&theaterId=1292,Upgrade,2D,English,,2026-08-22,2026,,,,14+,Netanya,MovieLand,608
19:05,Spa Weekend,ספא וויקנד,https://movieland.co.il/order/?eventID=146380&theaterId=1292,https://movieland.co.il/order/?eventID=146380&theaterId=1292,Regular,2D,English,,2026-08-22,2026,,,,14+,Netanya,MovieLand,608
21:25,Spa Weekend,ספא וויקנד,https://movieland.co.il/order/?eventID=146338&theaterId=1292,https://movieland.co.il/order/?eventID=146338&theaterId=1292,Regular,2D,English,,2026-08-22,2026,,,,14+,Netanya,MovieLand,608
23:40,Spa Weekend,ספא וויקנד,https://movieland.co.il/order/?eventID=146339&theaterId=1292,https://movieland.co.il/order/?eventID=146339&theaterId=1292,Regular,2D,English,,2026-08-22,2026,,,,14+,Netanya,MovieLand,608
12:10,קופה ראשית: הסרט,קופה ראשית: הסרט,https://movieland.co.il/order/?eventID=146381&theaterId=1292,https://movieland.co.il/order/?eventID=146381&theaterId=1292,Regular,2D,Hebrew,,2026-08-22,2026,,,,All,Netanya,MovieLand,608
13:25,קופה ראשית: הסרט,קופה ראשית: הסרט,https://movieland.co.il/order/?eventID=146377&theaterId=1292,https://movieland.co.il/order/?eventID=146377&theaterId=1292,Regular,2D,Hebrew,,2026-08-22,2026,,,,All,Netanya,MovieLand,608
17:30,קופה ראשית: הסרט,קופה ראשית: הסרט,https://movieland.co.il/order/?eventID=146378&theaterId=1292,https://movieland.co.il/order/?eventID=146378&theaterId=1292,Regular,2D,Hebrew,,2026-08-22,2026,,,,All,Netanya,MovieLand,608
19:45,One night only,לגמור את הלילה,https://movieland.co.il/order/?eventID=146384&theaterId=1292,https://movieland.co.il/order/?eventID=146384&theaterId=1292,Regular,2D,English,,2026-08-22,2026,,,,14+,Netanya,MovieLand,608
22:10,One night only,לגמור את הלילה,https://movieland.co.il/order/?eventID=146344&theaterId=1292,https://movieland.co.il/order/?eventID=146344&theaterId=1292,Regular,2D,English,,2026-08-22,2026,,,,14+,Netanya,MovieLand,608
00:35,One night only,לגמור את הלילה,https://movieland.co.il/order/?eventID=146345&theaterId=1292,https://movieland.co.il/order/?eventID=146345&theaterId=1292,Regular,2D,English,,2026-08-22,2026,,,,14+,Netanya,MovieLand,608
11:00,Toy Story 5,צעצוע של סיפור 5,https://movieland.co.il/order/?eventID=146376&theaterId=1292,https://movieland.co.il/order/?eventID=146376&theaterId=1292,Regular,2D,English,Hebrew,2026-08-22,2026,,,,All,Netanya,MovieLand,608
11:25,Moana (Live Action),מואנה,https://movieland.co.il/order/?eventID=146371&theaterId=1292,https://movieland.co.il/order/?eventID=146371&theaterId=1292,Regular,2D,English,Hebrew,2026-08-22,2026,,,,All,Netanya,MovieLand,608
16:15,Moana (Live Action),מואנה,https://movieland.co.il/order/?eventID=146372&theaterId=1292,https://movieland.co.il/order/?eventID=146372&theaterId=1292,Regular,2D,English,Hebrew,2026-08-22,2026,,,,All,Netanya,MovieLand,608
21:35,End of Oak street,סוף רחוב האלון,https://movieland.co.il/order/?eventID=146342&theaterId=1292,https://movieland.co.il/order/?eventID=146342&theaterId=1292,Regular,2D,English,,2026-08-22,2026,,,,12+,Netanya,MovieLand,608
11:45,סולטיז הסרט - וולוג ה-100,סולטיז הסרט - וולוג ה-100,https://movieland.co.il/order/?eventID=146370&theaterId=1292,https://movieland.co.il/order/?eventID=146370&theaterId=1292,Regular,2D,Hebrew,,2026-08-22,2026,,,,All,Netanya,MovieLand,608
17:15,סולטיז הסרט - וולוג ה-100,סולטיז הסרט - וולוג ה-100,https://movieland.co.il/order/?eventID=146369&theaterId=1292,https://movieland.co.il/order/?eventID=146369&theaterId=1292,Regular,2D,Hebrew,,2026-08-22,2026,,,,All,Netanya,MovieLand,608
19:20,גבעה 338,גבעה 338,https://movieland.co.il/order/?eventID=146347&theaterId=1292,https://movieland.co.il/order/?eventID=146347&theaterId=1292,Regular,2D,Hebrew,,2026-08-22,2026,,,,9+,Netanya,MovieLand,608
21:45,גבעה 338,גבעה 338,https://movieland.co.il/order/?eventID=146348&theaterId=1292,https://movieland.co.il/order/?eventID=146348&theaterId=1292,Regular,2D,Hebrew,,2026-08-22,2026,,,,9+,Netanya,MovieLand,608
00:10,גבעה 338,גבעה 338,https://movieland.co.il/order/?eventID=146349&theaterId=1292,https://movieland.co.il/order/?eventID=146349&theaterId=1292,Regular,2D,Hebrew,,2026-08-22,2026,,,,9+,Netanya,MovieLand,608
23:55,Ice Cream Man,איש הגלידה,https://movieland.co.il/order/?eventID=146346&theaterId=1292,https://movieland.co.il/order/?eventID=146346&theaterId=1292,Regular,2D,English,,2026-08-22,2026,,,,18+,Netanya,MovieLand,608
19:35,НА КРАЮ ОУК-СТРИТ,НА КРАЮ ОУК-СТРИТ,https://movieland.co.il/order/?eventID=146341&theaterId=1292,https://movieland.co.il/order/?eventID=146341&theaterId=1292,Regular,2D,английский,,2026-08-22,,,,,12+,Netanya,MovieLand,608
18:00,ОДИССЕЯ,ОДИССЕЯ,https://movieland.co.il/order/?eventID=146367&theaterId=1292,https://movieland.co.il/order/?eventID=146367&theaterId=1292,Regular,2D,английский,,2026-08-22,2026,,,,14+,Netanya,MovieLand,608
16:15,ЧЕЛОВЕК-ПАУК: НОВЫЙ ДЕНЬ,ЧЕЛОВЕК-ПАУК: НОВЫЙ ДЕНЬ,https://movieland.co.il/order/?eventID=146355&theaterId=1292,https://movieland.co.il/order/?eventID=146355&theaterId=1292,Regular,2D,английский,,2026-08-22,2026,,,,Нет возрастных ограничений,Netanya,MovieLand,608
14:05,ЩЕНЯЧИЙ ПАТРУЛЬ: ДИНОФИЛЬМ,ЩЕНЯЧИЙ ПАТРУЛЬ: ДИНОФИЛЬМ,https://movieland.co.il/order/?eventID=146334&theaterId=1292,https://movieland.co.il/order/?eventID=146334&theaterId=1292,Regular,2D,английский,,2026-08-22,2026,,,,Нет возрастных ограничений,Netanya,MovieLand,608
15:40,Coyote vs. ACME,לוני טונס מציגים: קיוטי נגד אקמי,https://movieland.co.il/order/?eventID=146379&theaterId=1292,https://movieland.co.il/order/?eventID=146379&theaterId=1292,Regular,2D,English,,2026-08-22,2026,,,,All,Netanya,MovieLand,608
13:00,It takes two to tango,צריך שניים לטנגו,https://movieland.co.il/order/?eventID=146340&theaterId=1292,https://movieland.co.il/order/?eventID=146340&theaterId=1292,Regular,2D,French,,2026-08-22,2025,,,,All,Netanya,MovieLand,608
10:50,The Pout Pout Fish,דג ושמו באסה,https://movieland.co.il/order/?eventID=146550&theaterId=1292,https://movieland.co.il/order/?eventID=146550&theaterId=1292,Upgrade,2D,,Hebrew,2026-08-23,,,,,ליווי מבוגר עד גיל 8,Netanya,MovieLand,608
11:30,The Pout Pout Fish,דג ושמו באסה,https://movieland.co.il/order/?eventID=146554&theaterId=1292,https://movieland.co.il/order/?eventID=146554&theaterId=1292,Regular,2D,,Hebrew,2026-08-23,,,,,ליווי מבוגר עד גיל 8,Netanya,MovieLand,608
13:05,The Pout Pout Fish,דג ושמו באסה,https://movieland.co.il/order/?eventID=146551&theaterId=1292,https://movieland.co.il/order/?eventID=146551&theaterId=1292,Upgrade,2D,,Hebrew,2026-08-23,,,,,ליווי מבוגר עד גיל 8,Netanya,MovieLand,608
13:45,The Pout Pout Fish,דג ושמו באסה,https://movieland.co.il/order/?eventID=146555&theaterId=1292,https://movieland.co.il/order/?eventID=146555&theaterId=1292,Regular,2D,,Hebrew,2026-08-23,,,,,ליווי מבוגר עד גיל 8,Netanya,MovieLand,608
15:20,The Pout Pout Fish,דג ושמו באסה,https://movieland.co.il/order/?eventID=146552&theaterId=1292,https://movieland.co.il/order/?eventID=146552&theaterId=1292,Upgrade,2D,,Hebrew,2026-08-23,,,,,ליווי מבוגר עד גיל 8,Netanya,MovieLand,608
16:00,The Pout Pout Fish,דג ושמו באסה,https://movieland.co.il/order/?eventID=146556&theaterId=1292,https://movieland.co.il/order/?eventID=146556&theaterId=1292,Regular,2D,,Hebrew,2026-08-23,,,,,ליווי מבוגר עד גיל 8,Netanya,MovieLand,608
17:35,The Pout Pout Fish,דג ושמו באסה,https://movieland.co.il/order/?eventID=146553&theaterId=1292,https://movieland.co.il/order/?eventID=146553&theaterId=1292,Upgrade,2D,,Hebrew,2026-08-23,,,,,ליווי מבוגר עד גיל 8,Netanya,MovieLand,608
11:05,Coyote vs. ACME,לוני טונס מציגים: קיוטי נגד אקמי,https://movieland.co.il/order/?eventID=146549&theaterId=1292,https://movieland.co.il/order/?eventID=146549&theaterId=1292,Regular,2D,English,Hebrew,2026-08-23,2026,,,,All,Netanya,MovieLand,608
14:15,Coyote vs. ACME,לוני טונס מציגים: קיוטי נגד אקמי,https://movieland.co.il/order/?eventID=146547&theaterId=1292,https://movieland.co.il/order/?eventID=146547&theaterId=1292,Upgrade,2D,English,Hebrew,2026-08-23,2026,,,,All,Netanya,MovieLand,608
16:35,Coyote vs. ACME,לוני טונס מציגים: קיוטי נגד אקמי,https://movieland.co.il/order/?eventID=146548&theaterId=1292,https://movieland.co.il/order/?eventID=146548&theaterId=1292,Upgrade,2D,English,Hebrew,2026-08-23,2026,,,,All,Netanya,MovieLand,608
13:45,Spider-Man: Brand New Day,ספיידרמן: יום חדש,https://movieland.co.il/order/?eventID=146532&theaterId=1292,https://movieland.co.il/order/?eventID=146532&theaterId=1292,Regular,2D,English,,2026-08-23,2026,,,,All,Netanya,MovieLand,608
16:50,Spider-Man: Brand New Day,ספיידרמן: יום חדש,https://movieland.co.il/order/?eventID=146531&theaterId=1292,https://movieland.co.il/order/?eventID=146531&theaterId=1292,Regular,2D,English,,2026-08-23,2026,,,,All,Netanya,MovieLand,608
18:15,Spider-Man: Brand New Day,ספיידרמן: יום חדש,https://movieland.co.il/order/?eventID=146529&theaterId=1292,https://movieland.co.il/order/?eventID=146529&theaterId=1292,Regular,2D,English,,2026-08-23,2026,,,,All,Netanya,MovieLand,608
19:00,Spider-Man: Brand New Day,ספיידרמן: יום חדש,https://movieland.co.il/order/?eventID=146703&theaterId=1292,https://movieland.co.il/order/?eventID=146703&theaterId=1292,Regular,2D,English,,2026-08-23,2026,,,,All,Netanya,MovieLand,608
19:50,Spider-Man: Brand New Day,ספיידרמן: יום חדש,https://movieland.co.il/order/?eventID=146528&theaterId=1292,https://movieland.co.il/order/?eventID=146528&theaterId=1292,Upgrade,2D,English,,2026-08-23,2026,,,,All,Netanya,MovieLand,608
21:20,Spider-Man: Brand New Day,ספיידרמן: יום חדש,https://movieland.co.il/order/?eventID=146530&theaterId=1292,https://movieland.co.il/order/?eventID=146530&theaterId=1292,Regular,2D,English,,2026-08-23,2026,,,,All,Netanya,MovieLand,608
23:00,Spider-Man: Brand New Day,ספיידרמן: יום חדש,https://movieland.co.il/order/?eventID=146562&theaterId=1292,https://movieland.co.il/order/?eventID=146562&theaterId=1292,Upgrade,2D,English,,2026-08-23,2026,,,,All,Netanya,MovieLand,608
18:00,The Odyssey,האודיסאה,https://movieland.co.il/order/?eventID=146517&theaterId=1292,https://movieland.co.il/order/?eventID=146517&theaterId=1292,Upgrade,2D,English,,2026-08-23,2026,,,,14+,Netanya,MovieLand,608
19:55,The Odyssey,האודיסאה,https://movieland.co.il/order/?eventID=146519&theaterId=1292,https://movieland.co.il/order/?eventID=146519&theaterId=1292,Regular,2D,English,,2026-08-23,2026,,,,14+,Netanya,MovieLand,608
21:35,The Odyssey,האודיסאה,https://movieland.co.il/order/?eventID=146518&theaterId=1292,https://movieland.co.il/order/?eventID=146518&theaterId=1292,Upgrade,2D,English,,2026-08-23,2026,,,,14+,Netanya,MovieLand,608
11:50,Paw Patrol: The Dino Movie,מפרץ ההרפתקאות: אי הדינוזאורים,https://movieland.co.il/order/?eventID=146535&theaterId=1292,https://movieland.co.il/order/?eventID=146535&theaterId=1292,Regular,2D,English,Hebrew,2026-08-23,2026,,,,All,Netanya,MovieLand,608
14:15,Paw Patrol: The Dino Movie,מפרץ ההרפתקאות: אי הדינוזאורים,https://movieland.co.il/order/?eventID=146534&theaterId=1292,https://movieland.co.il/order/?eventID=146534&theaterId=1292,Regular,2D,English,Hebrew,2026-08-23,2026,,,,All,Netanya,MovieLand,608
16:45,Paw Patrol: The Dino Movie,מפרץ ההרפתקאות: אי הדינוזאורים,https://movieland.co.il/order/?eventID=146572&theaterId=1292,https://movieland.co.il/order/?eventID=146572&theaterId=1292,Regular,2D,English,Hebrew,2026-08-23,2026,,,,All,Netanya,MovieLand,608
11:30,Minions & Monsters,מיניונים ומפלצות,https://movieland.co.il/order/?eventID=146527&theaterId=1292,https://movieland.co.il/order/?eventID=146527&theaterId=1292,Upgrade,2D,English,Hebrew,2026-08-23,2026,,,,All,Netanya,MovieLand,608
13:40,Minions & Monsters,מיניונים ומפלצות,https://movieland.co.il/order/?eventID=146526&theaterId=1292,https://movieland.co.il/order/?eventID=146526&theaterId=1292,Upgrade,2D,English,Hebrew,2026-08-23,2026,,,,All,Netanya,MovieLand,608
15:50,Minions & Monsters,מיניונים ומפלצות,https://movieland.co.il/order/?eventID=146525&theaterId=1292,https://movieland.co.il/order/?eventID=146525&theaterId=1292,Upgrade,2D,English,Hebrew,2026-08-23,2026,,,,All,Netanya,MovieLand,608
18:50,Insidious: Out of the further,הרוע שבפנים: מחוץ למעבר,https://movieland.co.il/order/?eventID=146571&theaterId=1292,https://movieland.co.il/order/?eventID=146571&theaterId=1292,Regular,2D,English,,2026-08-23,2026,,,,14+,Netanya,MovieLand,608
21:15,Insidious: Out of the further,הרוע שבפנים: מחוץ למעבר,https://movieland.co.il/order/?eventID=146536&theaterId=1292,https://movieland.co.il/order/?eventID=146536&theaterId=1292,Regular,2D,English,,2026-08-23,2026,,,,14+,Netanya,MovieLand,608
23:40,Insidious: Out of the further,הרוע שבפנים: מחוץ למעבר,https://movieland.co.il/order/?eventID=146563&theaterId=1292,https://movieland.co.il/order/?eventID=146563&theaterId=1292,Regular,2D,English,,2026-08-23,2026,,,,14+,Netanya,MovieLand,608
14:00,Marsupilami,מרסופילאמי,https://movieland.co.il/order/?eventID=146524&theaterId=1292,https://movieland.co.il/order/?eventID=146524&theaterId=1292,Regular,2D,French,Hebrew,2026-08-23,2025,,,,All,Netanya,MovieLand,608
16:20,Marsupilami,מרסופילאמי,https://movieland.co.il/order/?eventID=146523&theaterId=1292,https://movieland.co.il/order/?eventID=146523&theaterId=1292,Regular,2D,French,Hebrew,2026-08-23,2025,,,,All,Netanya,MovieLand,608
13:50,Mutiny,נקמה בלב ים,https://movieland.co.il/order/?eventID=146559&theaterId=1292,https://movieland.co.il/order/?eventID=146559&theaterId=1292,Regular,2D,English,,2026-08-23,2026,,,,14+,Netanya,MovieLand,608
19:00,Mutiny,נקמה בלב ים,https://movieland.co.il/order/?eventID=146557&theaterId=1292,https://movieland.co.il/order/?eventID=146557&theaterId=1292,Upgrade,2D,English,,2026-08-23,2026,,,,14+,Netanya,MovieLand,608
21:15,Mutiny,נקמה בלב ים,https://movieland.co.il/order/?eventID=146558&theaterId=1292,https://movieland.co.il/order/?eventID=146558&theaterId=1292,Upgrade,2D,English,,2026-08-23,2026,,,,14+,Netanya,MovieLand,608
23:30,Mutiny,נקמה בלב ים,https://movieland.co.il/order/?eventID=146566&theaterId=1292,https://movieland.co.il/order/?eventID=146566&theaterId=1292,Upgrade,2D,English,,2026-08-23,2026,,,,14+,Netanya,MovieLand,608
18:45,Spa Weekend,ספא וויקנד,https://movieland.co.il/order/?eventID=146544&theaterId=1292,https://movieland.co.il/order/?eventID=146544&theaterId=1292,Regular,2D,English,,2026-08-23,2026,,,,14+,Netanya,MovieLand,608
21:00,Spa Weekend,ספא וויקנד,https://movieland.co.il/order/?eventID=146543&theaterId=1292,https://movieland.co.il/order/?eventID=146543&theaterId=1292,Regular,2D,English,,2026-08-23,2026,,,,14+,Netanya,MovieLand,608
23:20,Spa Weekend,ספא וויקנד,https://movieland.co.il/order/?eventID=146564&theaterId=1292,https://movieland.co.il/order/?eventID=146564&theaterId=1292,Regular,2D,English,,2026-08-23,2026,,,,14+,Netanya,MovieLand,608
13:25,קופה ראשית: הסרט,קופה ראשית: הסרט,https://movieland.co.il/order/?eventID=146539&theaterId=1292,https://movieland.co.il/order/?eventID=146539&theaterId=1292,Regular,2D,Hebrew,,2026-08-23,2026,,,,All,Netanya,MovieLand,608
17:00,קופה ראשית: הסרט,קופה ראשית: הסרט,https://movieland.co.il/order/?eventID=146540&theaterId=1292,https://movieland.co.il/order/?eventID=146540&theaterId=1292,Regular,2D,Hebrew,,2026-08-23,2026,,,,All,Netanya,MovieLand,608
19:15,One night only,לגמור את הלילה,https://movieland.co.il/order/?eventID=146538&theaterId=1292,https://movieland.co.il/order/?eventID=146538&theaterId=1292,Regular,2D,English,,2026-08-23,2026,,,,14+,Netanya,MovieLand,608
21:40,One night only,לגמור את הלילה,https://movieland.co.il/order/?eventID=146537&theaterId=1292,https://movieland.co.il/order/?eventID=146537&theaterId=1292,Regular,2D,English,,2026-08-23,2026,,,,14+,Netanya,MovieLand,608
11:20,Toy Story 5,צעצוע של סיפור 5,https://movieland.co.il/order/?eventID=146520&theaterId=1292,https://movieland.co.il/order/?eventID=146520&theaterId=1292,Regular,2D,English,Hebrew,2026-08-23,2026,,,,All,Netanya,MovieLand,608
14:35,Toy Story 5,צעצוע של סיפור 5,https://movieland.co.il/order/?eventID=146568&theaterId=1292,https://movieland.co.il/order/?eventID=146568&theaterId=1292,Regular,2D,English,Hebrew,2026-08-23,2026,,,,All,Netanya,MovieLand,608
22:05,Obsession,אובססיה,https://movieland.co.il/order/?eventID=146516&theaterId=1292,https://movieland.co.il/order/?eventID=146516&theaterId=1292,Regular,2D,English,,2026-08-23,2026,,,,14+,Netanya,MovieLand,608
23:30,Obsession,אובססיה,https://movieland.co.il/order/?eventID=146569&theaterId=1292,https://movieland.co.il/order/?eventID=146569&theaterId=1292,Regular,2D,English,,2026-08-23,2026,,,,14+,Netanya,MovieLand,608
11:15,Moana (Live Action),מואנה,https://movieland.co.il/order/?eventID=146521&theaterId=1292,https://movieland.co.il/order/?eventID=146521&theaterId=1292,Regular,2D,English,Hebrew,2026-08-23,2026,,,,All,Netanya,MovieLand,608
14:05,Moana (Live Action),מואנה,https://movieland.co.il/order/?eventID=146522&theaterId=1292,https://movieland.co.il/order/?eventID=146522&theaterId=1292,Regular,2D,English,Hebrew,2026-08-23,2026,,,,All,Netanya,MovieLand,608
21:35,End of Oak street,סוף רחוב האלון,https://movieland.co.il/order/?eventID=146533&theaterId=1292,https://movieland.co.il/order/?eventID=146533&theaterId=1292,Regular,2D,English,,2026-08-23,2026,,,,12+,Netanya,MovieLand,608
00:00,Fuze,פיוז,https://movieland.co.il/order/?eventID=146570&theaterId=1292,https://movieland.co.il/order/?eventID=146570&theaterId=1292,Regular,2D,English,,2026-08-23,2026,,,,12+,Netanya,MovieLand,608
11:45,סולטיז הסרט - וולוג ה-100,סולטיז הסרט - וולוג ה-100,https://movieland.co.il/order/?eventID=146542&theaterId=1292,https://movieland.co.il/order/?eventID=146542&theaterId=1292,Regular,2D,Hebrew,,2026-08-23,2026,,,,All,Netanya,MovieLand,608
16:30,סולטיז הסרט - וולוג ה-100,סולטיז הסרט - וולוג ה-100,https://movieland.co.il/order/?eventID=146541&theaterId=1292,https://movieland.co.il/order/?eventID=146541&theaterId=1292,Regular,2D,Hebrew,,2026-08-23,2026,,,,All,Netanya,MovieLand,608
16:05,גבעה 338,גבעה 338,https://movieland.co.il/order/?eventID=146560&theaterId=1292,https://movieland.co.il/order/?eventID=146560&theaterId=1292,Regular,2D,Hebrew,,2026-08-23,2026,,,,9+,Netanya,MovieLand,608
21:35,גבעה 338,גבעה 338,https://movieland.co.il/order/?eventID=146561&theaterId=1292,https://movieland.co.il/order/?eventID=146561&theaterId=1292,Regular,2D,Hebrew,,2026-08-23,2026,,,,9+,Netanya,MovieLand,608
00:00,גבעה 338,גבעה 338,https://movieland.co.il/order/?eventID=146567&theaterId=1292,https://movieland.co.il/order/?eventID=146567&theaterId=1292,Regular,2D,Hebrew,,2026-08-23,2026,,,,9+,Netanya,MovieLand,608
23:55,Ice Cream Man,איש הגלידה,https://movieland.co.il/order/?eventID=146565&theaterId=1292,https://movieland.co.il/order/?eventID=146565&theaterId=1292,Regular,2D,English,,2026-08-23,2026,,,,18+,Netanya,MovieLand,608
12:00,STICH HEAD,פרנקי והמפלצות,https://movieland.co.il/order/?eventID=146511&theaterId=1292,https://movieland.co.il/order/?eventID=146511&theaterId=1292,Regular,2D,,Hebrew,2026-08-23,,,,,All,Netanya,MovieLand,608
10:35,Tafiti: Across the Desert,טפיטי: הרפתקה במדבר,https://movieland.co.il/order/?eventID=146513&theaterId=1292,https://movieland.co.il/order/?eventID=146513&theaterId=1292,Regular,2D,German,Hebrew,2026-08-23,2025,,,,ליווי מבוגר עד גיל 8,Netanya,MovieLand,608
12:35,Tafiti: Across the Desert,טפיטי: הרפתקה במדבר,https://movieland.co.il/order/?eventID=146512&theaterId=1292,https://movieland.co.il/order/?eventID=146512&theaterId=1292,Regular,2D,German,Hebrew,2026-08-23,2025,,,,ליווי מבוגר עד גיל 8,Netanya,MovieLand,608
18:00,ОДИССЕЯ,ОДИССЕЯ,https://movieland.co.il/order/?eventID=146545&theaterId=1292,https://movieland.co.il/order/?eventID=146545&theaterId=1292,Regular,2D,английский,,2026-08-23,2026,,,,14+,Netanya,MovieLand,608
18:30,ЧЕЛОВЕК-ПАУК: НОВЫЙ ДЕНЬ,ЧЕЛОВЕК-ПАУК: НОВЫЙ ДЕНЬ,https://movieland.co.il/order/?eventID=146573&theaterId=1292,https://movieland.co.il/order/?eventID=146573&theaterId=1292,Regular,2D,английский,,2026-08-23,2026,,,,Нет возрастных ограничений,Netanya,MovieLand,608
15:40,Coyote vs. ACME,לוני טונס מציגים: קיוטי נגד אקמי,https://movieland.co.il/order/?eventID=146546&theaterId=1292,https://movieland.co.il/order/?eventID=146546&theaterId=1292,Regular,2D,English,,2026-08-23,2026,,,,All,Netanya,MovieLand,608
10:50,The Pout Pout Fish,דג ושמו באסה,https://movieland.co.il/order/?eventID=146305&theaterId=1292,https://movieland.co.il/order/?eventID=146305&theaterId=1292,Upgrade,2D,,Hebrew,2026-08-24,,,,,ליווי מבוגר עד גיל 8,Netanya,MovieLand,608
11:30,The Pout Pout Fish,דג ושמו באסה,https://movieland.co.il/order/?eventID=146309&theaterId=1292,https://movieland.co.il/order/?eventID=146309&theaterId=1292,Regular,2D,,Hebrew,2026-08-24,,,,,ליווי מבוגר עד גיל 8,Netanya,MovieLand,608
13:05,The Pout Pout Fish,דג ושמו באסה,https://movieland.co.il/order/?eventID=146306&theaterId=1292,https://movieland.co.il/order/?eventID=146306&theaterId=1292,Upgrade,2D,,Hebrew,2026-08-24,,,,,ליווי מבוגר עד גיל 8,Netanya,MovieLand,608
13:45,The Pout Pout Fish,דג ושמו באסה,https://movieland.co.il/order/?eventID=146310&theaterId=1292,https://movieland.co.il/order/?eventID=146310&theaterId=1292,Regular,2D,,Hebrew,2026-08-24,,,,,ליווי מבוגר עד גיל 8,Netanya,MovieLand,608
15:20,The Pout Pout Fish,דג ושמו באסה,https://movieland.co.il/order/?eventID=146307&theaterId=1292,https://movieland.co.il/order/?eventID=146307&theaterId=1292,Upgrade,2D,,Hebrew,2026-08-24,,,,,ליווי מבוגר עד גיל 8,Netanya,MovieLand,608
16:00,The Pout Pout Fish,דג ושמו באסה,https://movieland.co.il/order/?eventID=146311&theaterId=1292,https://movieland.co.il/order/?eventID=146311&theaterId=1292,Regular,2D,,Hebrew,2026-08-24,,,,,ליווי מבוגר עד גיל 8,Netanya,MovieLand,608
17:35,The Pout Pout Fish,דג ושמו באסה,https://movieland.co.il/order/?eventID=146308&theaterId=1292,https://movieland.co.il/order/?eventID=146308&theaterId=1292,Upgrade,2D,,Hebrew,2026-08-24,,,,,ליווי מבוגר עד גיל 8,Netanya,MovieLand,608
11:55,Coyote vs. ACME,לוני טונס מציגים: קיוטי נגד אקמי,https://movieland.co.il/order/?eventID=146302&theaterId=1292,https://movieland.co.il/order/?eventID=146302&theaterId=1292,Upgrade,2D,English,Hebrew,2026-08-24,2026,,,,All,Netanya,MovieLand,608
14:15,Coyote vs. ACME,לוני טונס מציגים: קיוטי נגד אקמי,https://movieland.co.il/order/?eventID=146303&theaterId=1292,https://movieland.co.il/order/?eventID=146303&theaterId=1292,Upgrade,2D,English,Hebrew,2026-08-24,2026,,,,All,Netanya,MovieLand,608
16:35,Coyote vs. ACME,לוני טונס מציגים: קיוטי נגד אקמי,https://movieland.co.il/order/?eventID=146304&theaterId=1292,https://movieland.co.il/order/?eventID=146304&theaterId=1292,Upgrade,2D,English,Hebrew,2026-08-24,2026,,,,All,Netanya,MovieLand,608
13:45,Spider-Man: Brand New Day,ספיידרמן: יום חדש,https://movieland.co.il/order/?eventID=146279&theaterId=1292,https://movieland.co.il/order/?eventID=146279&theaterId=1292,Regular,2D,English,,2026-08-24,2026,,,,All,Netanya,MovieLand,608
16:50,Spider-Man: Brand New Day,ספיידרמן: יום חדש,https://movieland.co.il/order/?eventID=146278&theaterId=1292,https://movieland.co.il/order/?eventID=146278&theaterId=1292,Regular,2D,English,,2026-08-24,2026,,,,All,Netanya,MovieLand,608
18:15,Spider-Man: Brand New Day,ספיידרמן: יום חדש,https://movieland.co.il/order/?eventID=146276&theaterId=1292,https://movieland.co.il/order/?eventID=146276&theaterId=1292,Regular,2D,English,,2026-08-24,2026,,,,All,Netanya,MovieLand,608
19:50,Spider-Man: Brand New Day,ספיידרמן: יום חדש,https://movieland.co.il/order/?eventID=146275&theaterId=1292,https://movieland.co.il/order/?eventID=146275&theaterId=1292,Upgrade,2D,English,,2026-08-24,2026,,,,All,Netanya,MovieLand,608
21:20,Spider-Man: Brand New Day,ספיידרמן: יום חדש,https://movieland.co.il/order/?eventID=146277&theaterId=1292,https://movieland.co.il/order/?eventID=146277&theaterId=1292,Regular,2D,English,,2026-08-24,2026,,,,All,Netanya,MovieLand,608
23:00,Spider-Man: Brand New Day,ספיידרמן: יום חדש,https://movieland.co.il/order/?eventID=146280&theaterId=1292,https://movieland.co.il/order/?eventID=146280&theaterId=1292,Upgrade,2D,English,,2026-08-24,2026,,,,All,Netanya,MovieLand,608
18:00,The Odyssey,האודיסאה,https://movieland.co.il/order/?eventID=146263&theaterId=1292,https://movieland.co.il/order/?eventID=146263&theaterId=1292,Upgrade,2D,English,,2026-08-24,2026,,,,14+,Netanya,MovieLand,608
19:55,The Odyssey,האודיסאה,https://movieland.co.il/order/?eventID=146265&theaterId=1292,https://movieland.co.il/order/?eventID=146265&theaterId=1292,Regular,2D,English,,2026-08-24,2026,,,,14+,Netanya,MovieLand,608
21:35,The Odyssey,האודיסאה,https://movieland.co.il/order/?eventID=146264&theaterId=1292,https://movieland.co.il/order/?eventID=146264&theaterId=1292,Upgrade,2D,English,,2026-08-24,2026,,,,14+,Netanya,MovieLand,608
11:50,Paw Patrol: The Dino Movie,מפרץ ההרפתקאות: אי הדינוזאורים,https://movieland.co.il/order/?eventID=146283&theaterId=1292,https://movieland.co.il/order/?eventID=146283&theaterId=1292,Regular,2D,English,Hebrew,2026-08-24,2026,,,,All,Netanya,MovieLand,608
14:15,Paw Patrol: The Dino Movie,מפרץ ההרפתקאות: אי הדינוזאורים,https://movieland.co.il/order/?eventID=146282&theaterId=1292,https://movieland.co.il/order/?eventID=146282&theaterId=1292,Regular,2D,English,Hebrew,2026-08-24,2026,,,,All,Netanya,MovieLand,608
17:00,Paw Patrol: The Dino Movie,מפרץ ההרפתקאות: אי הדינוזאורים,https://movieland.co.il/order/?eventID=146284&theaterId=1292,https://movieland.co.il/order/?eventID=146284&theaterId=1292,Regular,2D,English,Hebrew,2026-08-24,2026,,,,All,Netanya,MovieLand,608
11:10,Minions & Monsters,מיניונים ומפלצות,https://movieland.co.il/order/?eventID=146259&theaterId=1292,https://movieland.co.il/order/?eventID=146259&theaterId=1292,Regular,2D,English,Hebrew,2026-08-24,2026,,,,All,Netanya,MovieLand,608
13:40,Minions & Monsters,מיניונים ומפלצות,https://movieland.co.il/order/?eventID=146272&theaterId=1292,https://movieland.co.il/order/?eventID=146272&theaterId=1292,Upgrade,2D,English,Hebrew,2026-08-24,2026,,,,All,Netanya,MovieLand,608
15:50,Minions & Monsters,מיניונים ומפלצות,https://movieland.co.il/order/?eventID=146271&theaterId=1292,https://movieland.co.il/order/?eventID=146271&theaterId=1292,Upgrade,2D,English,Hebrew,2026-08-24,2026,,,,All,Netanya,MovieLand,608
18:50,Insidious: Out of the further,הרוע שבפנים: מחוץ למעבר,https://movieland.co.il/order/?eventID=146287&theaterId=1292,https://movieland.co.il/order/?eventID=146287&theaterId=1292,Regular,2D,English,,2026-08-24,2026,,,,14+,Netanya,MovieLand,608
21:15,Insidious: Out of the further,הרוע שבפנים: מחוץ למעבר,https://movieland.co.il/order/?eventID=146285&theaterId=1292,https://movieland.co.il/order/?eventID=146285&theaterId=1292,Regular,2D,English,,2026-08-24,2026,,,,14+,Netanya,MovieLand,608
23:40,Insidious: Out of the further,הרוע שבפנים: מחוץ למעבר,https://movieland.co.il/order/?eventID=146286&theaterId=1292,https://movieland.co.il/order/?eventID=146286&theaterId=1292,Regular,2D,English,,2026-08-24,2026,,,,14+,Netanya,MovieLand,608
14:00,Marsupilami,מרסופילאמי,https://movieland.co.il/order/?eventID=146270&theaterId=1292,https://movieland.co.il/order/?eventID=146270&theaterId=1292,Regular,2D,French,Hebrew,2026-08-24,2025,,,,All,Netanya,MovieLand,608
16:20,Marsupilami,מרסופילאמי,https://movieland.co.il/order/?eventID=146269&theaterId=1292,https://movieland.co.il/order/?eventID=146269&theaterId=1292,Regular,2D,French,Hebrew,2026-08-24,2025,,,,All,Netanya,MovieLand,608
14:05,Mutiny,נקמה בלב ים,https://movieland.co.il/order/?eventID=146314&theaterId=1292,https://movieland.co.il/order/?eventID=146314&theaterId=1292,Regular,2D,English,,2026-08-24,2026,,,,14+,Netanya,MovieLand,608
19:00,Mutiny,נקמה בלב ים,https://movieland.co.il/order/?eventID=146312&theaterId=1292,https://movieland.co.il/order/?eventID=146312&theaterId=1292,Upgrade,2D,English,,2026-08-24,2026,,,,14+,Netanya,MovieLand,608
21:15,Mutiny,נקמה בלב ים,https://movieland.co.il/order/?eventID=146313&theaterId=1292,https://movieland.co.il/order/?eventID=146313&theaterId=1292,Upgrade,2D,English,,2026-08-24,2026,,,,14+,Netanya,MovieLand,608
23:30,Mutiny,נקמה בלב ים,https://movieland.co.il/order/?eventID=146315&theaterId=1292,https://movieland.co.il/order/?eventID=146315&theaterId=1292,Upgrade,2D,English,,2026-08-24,2026,,,,14+,Netanya,MovieLand,608
18:45,Spa Weekend,ספא וויקנד,https://movieland.co.il/order/?eventID=146296&theaterId=1292,https://movieland.co.il/order/?eventID=146296&theaterId=1292,Regular,2D,English,,2026-08-24,2026,,,,14+,Netanya,MovieLand,608
21:00,Spa Weekend,ספא וויקנד,https://movieland.co.il/order/?eventID=146295&theaterId=1292,https://movieland.co.il/order/?eventID=146295&theaterId=1292,Regular,2D,English,,2026-08-24,2026,,,,14+,Netanya,MovieLand,608
23:20,Spa Weekend,ספא וויקנד,https://movieland.co.il/order/?eventID=146297&theaterId=1292,https://movieland.co.il/order/?eventID=146297&theaterId=1292,Regular,2D,English,,2026-08-24,2026,,,,14+,Netanya,MovieLand,608
12:20,קופה ראשית: הסרט,קופה ראשית: הסרט,https://movieland.co.il/order/?eventID=146292&theaterId=1292,https://movieland.co.il/order/?eventID=146292&theaterId=1292,Regular,2D,Hebrew,,2026-08-24,2026,,,,All,Netanya,MovieLand,608
13:25,קופה ראשית: הסרט,קופה ראשית: הסרט,https://movieland.co.il/order/?eventID=146290&theaterId=1292,https://movieland.co.il/order/?eventID=146290&theaterId=1292,Regular,2D,Hebrew,,2026-08-24,2026,,,,All,Netanya,MovieLand,608
17:00,קופה ראשית: הסרט,קופה ראשית: הסרט,https://movieland.co.il/order/?eventID=146291&theaterId=1292,https://movieland.co.il/order/?eventID=146291&theaterId=1292,Regular,2D,Hebrew,,2026-08-24,2026,,,,All,Netanya,MovieLand,608
19:15,One night only,לגמור את הלילה,https://movieland.co.il/order/?eventID=146289&theaterId=1292,https://movieland.co.il/order/?eventID=146289&theaterId=1292,Regular,2D,English,,2026-08-24,2026,,,,14+,Netanya,MovieLand,608
21:40,One night only,לגמור את הלילה,https://movieland.co.il/order/?eventID=146288&theaterId=1292,https://movieland.co.il/order/?eventID=146288&theaterId=1292,Regular,2D,English,,2026-08-24,2026,,,,14+,Netanya,MovieLand,608
11:25,Toy Story 5,צעצוע של סיפור 5,https://movieland.co.il/order/?eventID=146266&theaterId=1292,https://movieland.co.il/order/?eventID=146266&theaterId=1292,Regular,2D,English,Hebrew,2026-08-24,2026,,,,All,Netanya,MovieLand,608
14:35,Toy Story 5,צעצוע של סיפור 5,https://movieland.co.il/order/?eventID=146261&theaterId=1292,https://movieland.co.il/order/?eventID=146261&theaterId=1292,Regular,2D,English,Hebrew,2026-08-24,2026,,,,All,Netanya,MovieLand,608
23:30,Obsession,אובססיה,https://movieland.co.il/order/?eventID=146274&theaterId=1292,https://movieland.co.il/order/?eventID=146274&theaterId=1292,Regular,2D,English,,2026-08-24,2026,,,,14+,Netanya,MovieLand,608
11:30,Moana (Live Action),מואנה,https://movieland.co.il/order/?eventID=146267&theaterId=1292,https://movieland.co.il/order/?eventID=146267&theaterId=1292,Regular,2D,English,Hebrew,2026-08-24,2026,,,,All,Netanya,MovieLand,608
14:20,Moana (Live Action),מואנה,https://movieland.co.il/order/?eventID=146268&theaterId=1292,https://movieland.co.il/order/?eventID=146268&theaterId=1292,Regular,2D,English,Hebrew,2026-08-24,2026,,,,All,Netanya,MovieLand,608
21:30,End of Oak street,סוף רחוב האלון,https://movieland.co.il/order/?eventID=146281&theaterId=1292,https://movieland.co.il/order/?eventID=146281&theaterId=1292,Regular,2D,English,,2026-08-24,2026,,,,12+,Netanya,MovieLand,608
00:00,Fuze,פיוז,https://movieland.co.il/order/?eventID=146300&theaterId=1292,https://movieland.co.il/order/?eventID=146300&theaterId=1292,Regular,2D,English,,2026-08-24,2026,,,,12+,Netanya,MovieLand,608
11:50,סולטיז הסרט - וולוג ה-100,סולטיז הסרט - וולוג ה-100,https://movieland.co.il/order/?eventID=146294&theaterId=1292,https://movieland.co.il/order/?eventID=146294&theaterId=1292,Regular,2D,Hebrew,,2026-08-24,2026,,,,All,Netanya,MovieLand,608
16:30,סולטיז הסרט - וולוג ה-100,סולטיז הסרט - וולוג ה-100,https://movieland.co.il/order/?eventID=146293&theaterId=1292,https://movieland.co.il/order/?eventID=146293&theaterId=1292,Regular,2D,Hebrew,,2026-08-24,2026,,,,All,Netanya,MovieLand,608
16:25,גבעה 338,גבעה 338,https://movieland.co.il/order/?eventID=146320&theaterId=1292,https://movieland.co.il/order/?eventID=146320&theaterId=1292,Regular,2D,Hebrew,,2026-08-24,2026,,,,9+,Netanya,MovieLand,608
18:55,גבעה 338,גבעה 338,https://movieland.co.il/order/?eventID=146316&theaterId=1292,https://movieland.co.il/order/?eventID=146316&theaterId=1292,Regular,2D,Hebrew,,2026-08-24,2026,,,,9+,Netanya,MovieLand,608
21:25,גבעה 338,גבעה 338,https://movieland.co.il/order/?eventID=146317&theaterId=1292,https://movieland.co.il/order/?eventID=146317&theaterId=1292,Regular,2D,Hebrew,,2026-08-24,2026,,,,9+,Netanya,MovieLand,608
23:50,גבעה 338,גבעה 338,https://movieland.co.il/order/?eventID=146318&theaterId=1292,https://movieland.co.il/order/?eventID=146318&theaterId=1292,Regular,2D,Hebrew,,2026-08-24,2026,,,,9+,Netanya,MovieLand,608
23:50,Ice Cream Man,איש הגלידה,https://movieland.co.il/order/?eventID=146298&theaterId=1292,https://movieland.co.il/order/?eventID=146298&theaterId=1292,Regular,2D,English,,2026-08-24,2026,,,,18+,Netanya,MovieLand,608
11:40,The Magical Faraway Tree,המסע המופלא לעץ הקסמים,https://movieland.co.il/order/?eventID=146260&theaterId=1292,https://movieland.co.il/order/?eventID=146260&theaterId=1292,Regular,2D,English,Hebrew,2026-08-24,2026,,,,All,Netanya,MovieLand,608
19:20,НА КРАЮ ОУК-СТРИТ,НА КРАЮ ОУК-СТРИТ,https://movieland.co.il/order/?eventID=146319&theaterId=1292,https://movieland.co.il/order/?eventID=146319&theaterId=1292,Regular,2D,английский,,2026-08-24,,,,,12+,Netanya,MovieLand,608
18:00,ОДИССЕЯ,ОДИССЕЯ,https://movieland.co.il/order/?eventID=146299&theaterId=1292,https://movieland.co.il/order/?eventID=146299&theaterId=1292,Regular,2D,английский,,2026-08-24,2026,,,,14+,Netanya,MovieLand,608
15:40,Coyote vs. ACME,לוני טונס מציגים: קיוטי נגד אקמי,https://movieland.co.il/order/?eventID=146301&theaterId=1292,https://movieland.co.il/order/?eventID=146301&theaterId=1292,Regular,2D,English,,2026-08-24,2026,,,,All,Netanya,MovieLand,608
10:30,The Pout Pout Fish,דג ושמו באסה,https://movieland.co.il/order/?eventID=146417&theaterId=1292,https://movieland.co.il/order/?eventID=146417&theaterId=1292,Upgrade,2D,,Hebrew,2026-08-25,,,,,ליווי מבוגר עד גיל 8,Netanya,MovieLand,608
12:45,The Pout Pout Fish,דג ושמו באסה,https://movieland.co.il/order/?eventID=146418&theaterId=1292,https://movieland.co.il/order/?eventID=146418&theaterId=1292,Upgrade,2D,,Hebrew,2026-08-25,,,,,ליווי מבוגר עד גיל 8,Netanya,MovieLand,608
15:00,The Pout Pout Fish,דג ושמו באסה,https://movieland.co.il/order/?eventID=146419&theaterId=1292,https://movieland.co.il/order/?eventID=146419&theaterId=1292,Upgrade,2D,,Hebrew,2026-08-25,,,,,ליווי מבוגר עד גיל 8,Netanya,MovieLand,608
11:55,Coyote vs. ACME,לוני טונס מציגים: קיוטי נגד אקמי,https://movieland.co.il/order/?eventID=146414&theaterId=1292,https://movieland.co.il/order/?eventID=146414&theaterId=1292,Upgrade,2D,English,Hebrew,2026-08-25,2026,,,,All,Netanya,MovieLand,608
14:15,Coyote vs. ACME,לוני טונס מציגים: קיוטי נגד אקמי,https://movieland.co.il/order/?eventID=146415&theaterId=1292,https://movieland.co.il/order/?eventID=146415&theaterId=1292,Upgrade,2D,English,Hebrew,2026-08-25,2026,,,,All,Netanya,MovieLand,608
16:35,Coyote vs. ACME,לוני טונס מציגים: קיוטי נגד אקמי,https://movieland.co.il/order/?eventID=146416&theaterId=1292,https://movieland.co.il/order/?eventID=146416&theaterId=1292,Upgrade,2D,English,Hebrew,2026-08-25,2026,,,,All,Netanya,MovieLand,608
13:55,Spider-Man: Brand New Day,ספיידרמן: יום חדש,https://movieland.co.il/order/?eventID=146398&theaterId=1292,https://movieland.co.il/order/?eventID=146398&theaterId=1292,Regular,2D,English,,2026-08-25,2026,,,,All,Netanya,MovieLand,608
16:50,Spider-Man: Brand New Day,ספיידרמן: יום חדש,https://movieland.co.il/order/?eventID=146397&theaterId=1292,https://movieland.co.il/order/?eventID=146397&theaterId=1292,Regular,2D,English,,2026-08-25,2026,,,,All,Netanya,MovieLand,608
18:15,Spider-Man: Brand New Day,ספיידרמן: יום חדש,https://movieland.co.il/order/?eventID=146435&theaterId=1292,https://movieland.co.il/order/?eventID=146435&theaterId=1292,Regular,2D,English,,2026-08-25,2026,,,,All,Netanya,MovieLand,608
19:50,Spider-Man: Brand New Day,ספיידרמן: יום חדש,https://movieland.co.il/order/?eventID=146395&theaterId=1292,https://movieland.co.il/order/?eventID=146395&theaterId=1292,Upgrade,2D,English,,2026-08-25,2026,,,,All,Netanya,MovieLand,608
21:20,Spider-Man: Brand New Day,ספיידרמן: יום חדש,https://movieland.co.il/order/?eventID=146447&theaterId=1292,https://movieland.co.il/order/?eventID=146447&theaterId=1292,Regular,2D,English,,2026-08-25,2026,,,,All,Netanya,MovieLand,608
22:15,Spider-Man: Brand New Day,ספיידרמן: יום חדש,https://movieland.co.il/order/?eventID=146396&theaterId=1292,https://movieland.co.il/order/?eventID=146396&theaterId=1292,Regular,2D,English,,2026-08-25,2026,,,,All,Netanya,MovieLand,608
23:00,Spider-Man: Brand New Day,ספיידרמן: יום חדש,https://movieland.co.il/order/?eventID=146399&theaterId=1292,https://movieland.co.il/order/?eventID=146399&theaterId=1292,Upgrade,2D,English,,2026-08-25,2026,,,,All,Netanya,MovieLand,608
13:20,The Odyssey,האודיסאה,https://movieland.co.il/order/?eventID=146388&theaterId=1292,https://movieland.co.il/order/?eventID=146388&theaterId=1292,Regular,2D,English,,2026-08-25,2026,,,,14+,Netanya,MovieLand,608
20:10,The Odyssey,האודיסאה,https://movieland.co.il/order/?eventID=146389&theaterId=1292,https://movieland.co.il/order/?eventID=146389&theaterId=1292,Upgrade,2D,English,,2026-08-25,2026,,,,14+,Netanya,MovieLand,608
10:40,Paw Patrol: The Dino Movie,מפרץ ההרפתקאות: אי הדינוזאורים,https://movieland.co.il/order/?eventID=146402&theaterId=1292,https://movieland.co.il/order/?eventID=146402&theaterId=1292,Regular,2D,English,Hebrew,2026-08-25,2026,,,,All,Netanya,MovieLand,608
14:15,Paw Patrol: The Dino Movie,מפרץ ההרפתקאות: אי הדינוזאורים,https://movieland.co.il/order/?eventID=146401&theaterId=1292,https://movieland.co.il/order/?eventID=146401&theaterId=1292,Regular,2D,English,Hebrew,2026-08-25,2026,,,,All,Netanya,MovieLand,608
16:45,Paw Patrol: The Dino Movie,מפרץ ההרפתקאות: אי הדינוזאורים,https://movieland.co.il/order/?eventID=146403&theaterId=1292,https://movieland.co.il/order/?eventID=146403&theaterId=1292,Regular,2D,English,Hebrew,2026-08-25,2026,,,,All,Netanya,MovieLand,608
12:10,Minions & Monsters,מיניונים ומפלצות,https://movieland.co.il/order/?eventID=146393&theaterId=1292,https://movieland.co.il/order/?eventID=146393&theaterId=1292,Upgrade,2D,English,Hebrew,2026-08-25,2026,,,,All,Netanya,MovieLand,608
14:25,Minions & Monsters,מיניונים ומפלצות,https://movieland.co.il/order/?eventID=146392&theaterId=1292,https://movieland.co.il/order/?eventID=146392&theaterId=1292,Upgrade,2D,English,Hebrew,2026-08-25,2026,,,,All,Netanya,MovieLand,608
21:20,Insidious: Out of the further,הרוע שבפנים: מחוץ למעבר,https://movieland.co.il/order/?eventID=146404&theaterId=1292,https://movieland.co.il/order/?eventID=146404&theaterId=1292,Regular,2D,English,,2026-08-25,2026,,,,14+,Netanya,MovieLand,608
23:45,Insidious: Out of the further,הרוע שבפנים: מחוץ למעבר,https://movieland.co.il/order/?eventID=146405&theaterId=1292,https://movieland.co.il/order/?eventID=146405&theaterId=1292,Regular,2D,English,,2026-08-25,2026,,,,14+,Netanya,MovieLand,608
16:20,Marsupilami,מרסופילאמי,https://movieland.co.il/order/?eventID=146391&theaterId=1292,https://movieland.co.il/order/?eventID=146391&theaterId=1292,Regular,2D,French,Hebrew,2026-08-25,2025,,,,All,Netanya,MovieLand,608
19:00,Mutiny,נקמה בלב ים,https://movieland.co.il/order/?eventID=146420&theaterId=1292,https://movieland.co.il/order/?eventID=146420&theaterId=1292,Upgrade,2D,English,,2026-08-25,2026,,,,14+,Netanya,MovieLand,608
21:15,Mutiny,נקמה בלב ים,https://movieland.co.il/order/?eventID=146421&theaterId=1292,https://movieland.co.il/order/?eventID=146421&theaterId=1292,Upgrade,2D,English,,2026-08-25,2026,,,,14+,Netanya,MovieLand,608
23:30,Mutiny,נקמה בלב ים,https://movieland.co.il/order/?eventID=146422&theaterId=1292,https://movieland.co.il/order/?eventID=146422&theaterId=1292,Upgrade,2D,English,,2026-08-25,2026,,,,14+,Netanya,MovieLand,608
21:30,Spa Weekend,ספא וויקנד,https://movieland.co.il/order/?eventID=146410&theaterId=1292,https://movieland.co.il/order/?eventID=146410&theaterId=1292,Regular,2D,English,,2026-08-25,2026,,,,14+,Netanya,MovieLand,608
23:50,Spa Weekend,ספא וויקנד,https://movieland.co.il/order/?eventID=146411&theaterId=1292,https://movieland.co.il/order/?eventID=146411&theaterId=1292,Regular,2D,English,,2026-08-25,2026,,,,14+,Netanya,MovieLand,608
15:00,קופה ראשית: הסרט,קופה ראשית: הסרט,https://movieland.co.il/order/?eventID=146407&theaterId=1292,https://movieland.co.il/order/?eventID=146407&theaterId=1292,Regular,2D,Hebrew,,2026-08-25,2026,,,,All,Netanya,MovieLand,608
17:00,קופה ראשית: הסרט,קופה ראשית: הסרט,https://movieland.co.il/order/?eventID=146408&theaterId=1292,https://movieland.co.il/order/?eventID=146408&theaterId=1292,Regular,2D,Hebrew,,2026-08-25,2026,,,,All,Netanya,MovieLand,608
18:40,La La Land 10th Anniversary,לה לה לנד- חגיגות העשור,https://movieland.co.il/order/?eventID=146426&theaterId=1292,https://movieland.co.il/order/?eventID=146426&theaterId=1292,Regular,2D,English,,2026-08-25,2016,,,,,Netanya,MovieLand,608
11:30,Let it Rain,ויהי גשם,https://movieland.co.il/order/?eventID=146428&theaterId=1292,https://movieland.co.il/order/?eventID=146428&theaterId=1292,Regular,2D,שבדית,,2026-08-25,2025,,,,All,Netanya,MovieLand,608
14:00,Let it Rain,ויהי גשם,https://movieland.co.il/order/?eventID=146427&theaterId=1292,https://movieland.co.il/order/?eventID=146427&theaterId=1292,Regular,2D,שבדית,,2026-08-25,2025,,,,All,Netanya,MovieLand,608
18:50,Let it Rain,ויהי גשם,https://movieland.co.il/order/?eventID=146429&theaterId=1292,https://movieland.co.il/order/?eventID=146429&theaterId=1292,Regular,2D,שבדית,,2026-08-25,2025,,,,All,Netanya,MovieLand,608
21:55,One night only,לגמור את הלילה,https://movieland.co.il/order/?eventID=146406&theaterId=1292,https://movieland.co.il/order/?eventID=146406&theaterId=1292,Regular,2D,English,,2026-08-25,2026,,,,14+,Netanya,MovieLand,608
11:00,Toy Story 5,צעצוע של סיפור 5,https://movieland.co.il/order/?eventID=146390&theaterId=1292,https://movieland.co.il/order/?eventID=146390&theaterId=1292,Regular,2D,English,Hebrew,2026-08-25,2026,,,,All,Netanya,MovieLand,608
21:30,Obsession,אובססיה,https://movieland.co.il/order/?eventID=146394&theaterId=1292,https://movieland.co.il/order/?eventID=146394&theaterId=1292,Regular,2D,English,,2026-08-25,2026,,,,14+,Netanya,MovieLand,608
21:35,End of Oak street,סוף רחוב האלון,https://movieland.co.il/order/?eventID=146400&theaterId=1292,https://movieland.co.il/order/?eventID=146400&theaterId=1292,Regular,2D,English,,2026-08-25,2026,,,,12+,Netanya,MovieLand,608
23:55,End of Oak street,סוף רחוב האלון,https://movieland.co.il/order/?eventID=146385&theaterId=1292,https://movieland.co.il/order/?eventID=146385&theaterId=1292,Regular,2D,English,,2026-08-25,2026,,,,12+,Netanya,MovieLand,608
00:00,Fuze,פיוז,https://movieland.co.il/order/?eventID=146413&theaterId=1292,https://movieland.co.il/order/?eventID=146413&theaterId=1292,Regular,2D,English,,2026-08-25,2026,,,,12+,Netanya,MovieLand,608
11:15,Valley of Shadows,בחזרה מההימלאיה,https://movieland.co.il/order/?eventID=146443&theaterId=1292,https://movieland.co.il/order/?eventID=146443&theaterId=1292,Regular,2D,ספרדית,,2026-08-25,2025,,,,12+,Netanya,MovieLand,608
13:35,Valley of Shadows,בחזרה מההימלאיה,https://movieland.co.il/order/?eventID=146444&theaterId=1292,https://movieland.co.il/order/?eventID=146444&theaterId=1292,Regular,2D,ספרדית,,2026-08-25,2025,,,,12+,Netanya,MovieLand,608
19:15,Valley of Shadows,בחזרה מההימלאיה,https://movieland.co.il/order/?eventID=146442&theaterId=1292,https://movieland.co.il/order/?eventID=146442&theaterId=1292,Regular,2D,ספרדית,,2026-08-25,2025,,,,12+,Netanya,MovieLand,608
11:00,האחד והיחיד שלי,האחד והיחיד שלי,https://movieland.co.il/order/?eventID=146433&theaterId=1292,https://movieland.co.il/order/?eventID=146433&theaterId=1292,Regular,2D,Hebrew,,2026-08-25,2026,,,,All,Netanya,MovieLand,608
16:30,האחד והיחיד שלי,האחד והיחיד שלי,https://movieland.co.il/order/?eventID=146434&theaterId=1292,https://movieland.co.il/order/?eventID=146434&theaterId=1292,Regular,2D,Hebrew,,2026-08-25,2026,,,,All,Netanya,MovieLand,608
11:35,"Damned if you do, damned if you don’t",המשפחה האיטלקית שלי,https://movieland.co.il/order/?eventID=146698&theaterId=1292,https://movieland.co.il/order/?eventID=146698&theaterId=1292,Regular,2D,איטלקית,,2026-08-25,2025,,,,All,Netanya,MovieLand,608
13:40,"Damned if you do, damned if you don’t",המשפחה האיטלקית שלי,https://movieland.co.il/order/?eventID=146438&theaterId=1292,https://movieland.co.il/order/?eventID=146438&theaterId=1292,Regular,2D,איטלקית,,2026-08-25,2025,,,,All,Netanya,MovieLand,608
16:00,"Damned if you do, damned if you don’t",המשפחה האיטלקית שלי,https://movieland.co.il/order/?eventID=146437&theaterId=1292,https://movieland.co.il/order/?eventID=146437&theaterId=1292,Regular,2D,איטלקית,,2026-08-25,2025,,,,All,Netanya,MovieLand,608
19:55,"Damned if you do, damned if you don’t",המשפחה האיטלקית שלי,https://movieland.co.il/order/?eventID=146436&theaterId=1292,https://movieland.co.il/order/?eventID=146436&theaterId=1292,Regular,2D,איטלקית,,2026-08-25,2025,,,,All,Netanya,MovieLand,608
14:10,Bitter Christmas,חג מולד מר,https://movieland.co.il/order/?eventID=146440&theaterId=1292,https://movieland.co.il/order/?eventID=146440&theaterId=1292,Regular,2D,ספרדית,,2026-08-25,2026,,,,All,Netanya,MovieLand,608
18:55,Bitter Christmas,חג מולד מר,https://movieland.co.il/order/?eventID=146439&theaterId=1292,https://movieland.co.il/order/?eventID=146439&theaterId=1292,Regular,2D,ספרדית,,2026-08-25,2026,,,,All,Netanya,MovieLand,608
16:30,סולטיז הסרט - וולוג ה-100,סולטיז הסרט - וולוג ה-100,https://movieland.co.il/order/?eventID=146409&theaterId=1292,https://movieland.co.il/order/?eventID=146409&theaterId=1292,Regular,2D,Hebrew,,2026-08-25,2026,,,,All,Netanya,MovieLand,608
19:10,גבעה 338,גבעה 338,https://movieland.co.il/order/?eventID=146423&theaterId=1292,https://movieland.co.il/order/?eventID=146423&theaterId=1292,Regular,2D,Hebrew,,2026-08-25,2026,,,,9+,Netanya,MovieLand,608
21:35,גבעה 338,גבעה 338,https://movieland.co.il/order/?eventID=146424&theaterId=1292,https://movieland.co.il/order/?eventID=146424&theaterId=1292,Regular,2D,Hebrew,,2026-08-25,2026,,,,9+,Netanya,MovieLand,608
00:00,גבעה 338,גבעה 338,https://movieland.co.il/order/?eventID=146425&theaterId=1292,https://movieland.co.il/order/?eventID=146425&theaterId=1292,Regular,2D,Hebrew,,2026-08-25,2026,,,,9+,Netanya,MovieLand,608
23:45,Ice Cream Man,איש הגלידה,https://movieland.co.il/order/?eventID=146412&theaterId=1292,https://movieland.co.il/order/?eventID=146412&theaterId=1292,Upgrade,2D,English,,2026-08-25,2026,,,,18+,Netanya,MovieLand,608
12:05,GRACIE & PEDRO: PETS TO THE RESCUE,גרייסי ופדרו: חיות המחמד בפעולה,https://movieland.co.il/order/?eventID=146386&theaterId=1292,https://movieland.co.il/order/?eventID=146386&theaterId=1292,Regular,2D,,Hebrew,2026-08-25,,,,,All,Netanya,MovieLand,608
17:15,Just an Illusion,אשליות מתוקות,https://movieland.co.il/order/?eventID=146446&theaterId=1292,https://movieland.co.il/order/?eventID=146446&theaterId=1292,Upgrade,2D,French,,2026-08-25,2026,,,,All,Netanya,MovieLand,608
11:15,A Missing Part,החלק החסר,https://movieland.co.il/order/?eventID=146445&theaterId=1292,https://movieland.co.il/order/?eventID=146445&theaterId=1292,Regular,2D,French,,2026-08-25,2024,,,,All,Netanya,MovieLand,608
12:50,It takes two to tango,צריך שניים לטנגו,https://movieland.co.il/order/?eventID=146432&theaterId=1292,https://movieland.co.il/order/?eventID=146432&theaterId=1292,Regular,2D,French,,2026-08-25,2025,,,,All,Netanya,MovieLand,608
17:15,It takes two to tango,צריך שניים לטנגו,https://movieland.co.il/order/?eventID=146431&theaterId=1292,https://movieland.co.il/order/?eventID=146431&theaterId=1292,Regular,2D,French,,2026-08-25,2025,,,,All,Netanya,MovieLand,608
19:25,It takes two to tango,צריך שניים לטנגו,https://movieland.co.il/order/?eventID=146430&theaterId=1292,https://movieland.co.il/order/?eventID=146430&theaterId=1292,Regular,2D,French,,2026-08-25,2025,,,,All,Netanya,MovieLand,608
10:50,The Pout Pout Fish,דג ושמו באסה,https://movieland.co.il/order/?eventID=146615&theaterId=1292,https://movieland.co.il/order/?eventID=146615&theaterId=1292,Upgrade,2D,,Hebrew,2026-08-26,,,,,ליווי מבוגר עד גיל 8,Netanya,MovieLand,608
11:30,The Pout Pout Fish,דג ושמו באסה,https://movieland.co.il/order/?eventID=146619&theaterId=1292,https://movieland.co.il/order/?eventID=146619&theaterId=1292,Regular,2D,,Hebrew,2026-08-26,,,,,ליווי מבוגר עד גיל 8,Netanya,MovieLand,608
13:05,The Pout Pout Fish,דג ושמו באסה,https://movieland.co.il/order/?eventID=146616&theaterId=1292,https://movieland.co.il/order/?eventID=146616&theaterId=1292,Upgrade,2D,,Hebrew,2026-08-26,,,,,ליווי מבוגר עד גיל 8,Netanya,MovieLand,608
13:45,The Pout Pout Fish,דג ושמו באסה,https://movieland.co.il/order/?eventID=146620&theaterId=1292,https://movieland.co.il/order/?eventID=146620&theaterId=1292,Regular,2D,,Hebrew,2026-08-26,,,,,ליווי מבוגר עד גיל 8,Netanya,MovieLand,608
15:20,The Pout Pout Fish,דג ושמו באסה,https://movieland.co.il/order/?eventID=146617&theaterId=1292,https://movieland.co.il/order/?eventID=146617&theaterId=1292,Upgrade,2D,,Hebrew,2026-08-26,,,,,ליווי מבוגר עד גיל 8,Netanya,MovieLand,608
16:00,The Pout Pout Fish,דג ושמו באסה,https://movieland.co.il/order/?eventID=146621&theaterId=1292,https://movieland.co.il/order/?eventID=146621&theaterId=1292,Regular,2D,,Hebrew,2026-08-26,,,,,ליווי מבוגר עד גיל 8,Netanya,MovieLand,608
17:35,The Pout Pout Fish,דג ושמו באסה,https://movieland.co.il/order/?eventID=146618&theaterId=1292,https://movieland.co.il/order/?eventID=146618&theaterId=1292,Upgrade,2D,,Hebrew,2026-08-26,,,,,ליווי מבוגר עד גיל 8,Netanya,MovieLand,608
11:05,Coyote vs. ACME,לוני טונס מציגים: קיוטי נגד אקמי,https://movieland.co.il/order/?eventID=146614&theaterId=1292,https://movieland.co.il/order/?eventID=146614&theaterId=1292,Regular,2D,English,Hebrew,2026-08-26,2026,,,,All,Netanya,MovieLand,608
11:55,Coyote vs. ACME,לוני טונס מציגים: קיוטי נגד אקמי,https://movieland.co.il/order/?eventID=146611&theaterId=1292,https://movieland.co.il/order/?eventID=146611&theaterId=1292,Upgrade,2D,English,Hebrew,2026-08-26,2026,,,,All,Netanya,MovieLand,608
14:15,Coyote vs. ACME,לוני טונס מציגים: קיוטי נגד אקמי,https://movieland.co.il/order/?eventID=146612&theaterId=1292,https://movieland.co.il/order/?eventID=146612&theaterId=1292,Upgrade,2D,English,Hebrew,2026-08-26,2026,,,,All,Netanya,MovieLand,608
16:35,Coyote vs. ACME,לוני טונס מציגים: קיוטי נגד אקמי,https://movieland.co.il/order/?eventID=146613&theaterId=1292,https://movieland.co.il/order/?eventID=146613&theaterId=1292,Upgrade,2D,English,Hebrew,2026-08-26,2026,,,,All,Netanya,MovieLand,608
13:40,Spider-Man: Brand New Day,ספיידרמן: יום חדש,https://movieland.co.il/order/?eventID=146592&theaterId=1292,https://movieland.co.il/order/?eventID=146592&theaterId=1292,Regular,2D,English,,2026-08-26,2026,,,,All,Netanya,MovieLand,608
16:50,Spider-Man: Brand New Day,ספיידרמן: יום חדש,https://movieland.co.il/order/?eventID=146591&theaterId=1292,https://movieland.co.il/order/?eventID=146591&theaterId=1292,Regular,2D,English,,2026-08-26,2026,,,,All,Netanya,MovieLand,608
19:50,Spider-Man: Brand New Day,ספיידרמן: יום חדש,https://movieland.co.il/order/?eventID=146589&theaterId=1292,https://movieland.co.il/order/?eventID=146589&theaterId=1292,Upgrade,2D,English,,2026-08-26,2026,,,,All,Netanya,MovieLand,608
20:45,Spider-Man: Brand New Day,ספיידרמן: יום חדש,https://movieland.co.il/order/?eventID=146590&theaterId=1292,https://movieland.co.il/order/?eventID=146590&theaterId=1292,Regular,2D,English,,2026-08-26,2026,,,,All,Netanya,MovieLand,608
22:05,Spider-Man: Brand New Day,ספיידרמן: יום חדש,https://movieland.co.il/order/?eventID=146632&theaterId=1292,https://movieland.co.il/order/?eventID=146632&theaterId=1292,Regular,2D,English,,2026-08-26,2026,,,,All,Netanya,MovieLand,608
23:00,Spider-Man: Brand New Day,ספיידרמן: יום חדש,https://movieland.co.il/order/?eventID=146593&theaterId=1292,https://movieland.co.il/order/?eventID=146593&theaterId=1292,Upgrade,2D,English,,2026-08-26,2026,,,,All,Netanya,MovieLand,608
19:55,The Odyssey,האודיסאה,https://movieland.co.il/order/?eventID=146579&theaterId=1292,https://movieland.co.il/order/?eventID=146579&theaterId=1292,Regular,2D,English,,2026-08-26,2026,,,,14+,Netanya,MovieLand,608
21:00,The Odyssey,האודיסאה,https://movieland.co.il/order/?eventID=146578&theaterId=1292,https://movieland.co.il/order/?eventID=146578&theaterId=1292,Upgrade,2D,English,,2026-08-26,2026,,,,14+,Netanya,MovieLand,608
11:50,Paw Patrol: The Dino Movie,מפרץ ההרפתקאות: אי הדינוזאורים,https://movieland.co.il/order/?eventID=146595&theaterId=1292,https://movieland.co.il/order/?eventID=146595&theaterId=1292,Regular,2D,English,Hebrew,2026-08-26,2026,,,,All,Netanya,MovieLand,608
14:15,Paw Patrol: The Dino Movie,מפרץ ההרפתקאות: אי הדינוזאורים,https://movieland.co.il/order/?eventID=146594&theaterId=1292,https://movieland.co.il/order/?eventID=146594&theaterId=1292,Regular,2D,English,Hebrew,2026-08-26,2026,,,,All,Netanya,MovieLand,608
17:00,Paw Patrol: The Dino Movie,מפרץ ההרפתקאות: אי הדינוזאורים,https://movieland.co.il/order/?eventID=146596&theaterId=1292,https://movieland.co.il/order/?eventID=146596&theaterId=1292,Regular,2D,English,Hebrew,2026-08-26,2026,,,,All,Netanya,MovieLand,608
12:10,Minions & Monsters,מיניונים ומפלצות,https://movieland.co.il/order/?eventID=146587&theaterId=1292,https://movieland.co.il/order/?eventID=146587&theaterId=1292,Upgrade,2D,English,Hebrew,2026-08-26,2026,,,,All,Netanya,MovieLand,608
14:30,Minions & Monsters,מיניונים ומפלצות,https://movieland.co.il/order/?eventID=146586&theaterId=1292,https://movieland.co.il/order/?eventID=146586&theaterId=1292,Upgrade,2D,English,Hebrew,2026-08-26,2026,,,,All,Netanya,MovieLand,608
15:45,Minions & Monsters,מיניונים ומפלצות,https://movieland.co.il/order/?eventID=146585&theaterId=1292,https://movieland.co.il/order/?eventID=146585&theaterId=1292,Regular,2D,English,Hebrew,2026-08-26,2026,,,,All,Netanya,MovieLand,608
19:10,The Dog Stars,כוכבי הכלב,https://movieland.co.il/order/?eventID=146630&theaterId=1292,https://movieland.co.il/order/?eventID=146630&theaterId=1292,Regular,2D,English,,2026-08-26,2026,,,,,Netanya,MovieLand,608
21:50,The Dog Stars,כוכבי הכלב,https://movieland.co.il/order/?eventID=146631&theaterId=1292,https://movieland.co.il/order/?eventID=146631&theaterId=1292,Regular,2D,English,,2026-08-26,2026,,,,,Netanya,MovieLand,608
23:50,The Dog Stars,כוכבי הכלב,https://movieland.co.il/order/?eventID=146633&theaterId=1292,https://movieland.co.il/order/?eventID=146633&theaterId=1292,Regular,2D,English,,2026-08-26,2026,,,,,Netanya,MovieLand,608
18:50,Insidious: Out of the further,הרוע שבפנים: מחוץ למעבר,https://movieland.co.il/order/?eventID=146599&theaterId=1292,https://movieland.co.il/order/?eventID=146599&theaterId=1292,Regular,2D,English,,2026-08-26,2026,,,,14+,Netanya,MovieLand,608
21:15,Insidious: Out of the further,הרוע שבפנים: מחוץ למעבר,https://movieland.co.il/order/?eventID=146597&theaterId=1292,https://movieland.co.il/order/?eventID=146597&theaterId=1292,Regular,2D,English,,2026-08-26,2026,,,,14+,Netanya,MovieLand,608
23:40,Insidious: Out of the further,הרוע שבפנים: מחוץ למעבר,https://movieland.co.il/order/?eventID=146598&theaterId=1292,https://movieland.co.il/order/?eventID=146598&theaterId=1292,Regular,2D,English,,2026-08-26,2026,,,,14+,Netanya,MovieLand,608
14:00,Marsupilami,מרסופילאמי,https://movieland.co.il/order/?eventID=146584&theaterId=1292,https://movieland.co.il/order/?eventID=146584&theaterId=1292,Regular,2D,French,Hebrew,2026-08-26,2025,,,,All,Netanya,MovieLand,608
16:20,Marsupilami,מרסופילאמי,https://movieland.co.il/order/?eventID=146583&theaterId=1292,https://movieland.co.il/order/?eventID=146583&theaterId=1292,Regular,2D,French,Hebrew,2026-08-26,2025,,,,All,Netanya,MovieLand,608
14:30,Mutiny,נקמה בלב ים,https://movieland.co.il/order/?eventID=146629&theaterId=1292,https://movieland.co.il/order/?eventID=146629&theaterId=1292,Regular,2D,English,,2026-08-26,2026,,,,14+,Netanya,MovieLand,608
18:55,Mutiny,נקמה בלב ים,https://movieland.co.il/order/?eventID=146622&theaterId=1292,https://movieland.co.il/order/?eventID=146622&theaterId=1292,Upgrade,2D,English,,2026-08-26,2026,,,,14+,Netanya,MovieLand,608
21:10,Mutiny,נקמה בלב ים,https://movieland.co.il/order/?eventID=146623&theaterId=1292,https://movieland.co.il/order/?eventID=146623&theaterId=1292,Upgrade,2D,English,,2026-08-26,2026,,,,14+,Netanya,MovieLand,608
23:25,Mutiny,נקמה בלב ים,https://movieland.co.il/order/?eventID=146624&theaterId=1292,https://movieland.co.il/order/?eventID=146624&theaterId=1292,Upgrade,2D,English,,2026-08-26,2026,,,,14+,Netanya,MovieLand,608
18:45,Spa Weekend,ספא וויקנד,https://movieland.co.il/order/?eventID=146607&theaterId=1292,https://movieland.co.il/order/?eventID=146607&theaterId=1292,Regular,2D,English,,2026-08-26,2026,,,,14+,Netanya,MovieLand,608
21:00,Spa Weekend,ספא וויקנד,https://movieland.co.il/order/?eventID=146606&theaterId=1292,https://movieland.co.il/order/?eventID=146606&theaterId=1292,Regular,2D,English,,2026-08-26,2026,,,,14+,Netanya,MovieLand,608
23:20,Spa Weekend,ספא וויקנד,https://movieland.co.il/order/?eventID=146608&theaterId=1292,https://movieland.co.il/order/?eventID=146608&theaterId=1292,Regular,2D,English,,2026-08-26,2026,,,,14+,Netanya,MovieLand,608
13:25,קופה ראשית: הסרט,קופה ראשית: הסרט,https://movieland.co.il/order/?eventID=146602&theaterId=1292,https://movieland.co.il/order/?eventID=146602&theaterId=1292,Regular,2D,Hebrew,,2026-08-26,2026,,,,All,Netanya,MovieLand,608
17:00,קופה ראשית: הסרט,קופה ראשית: הסרט,https://movieland.co.il/order/?eventID=146603&theaterId=1292,https://movieland.co.il/order/?eventID=146603&theaterId=1292,Regular,2D,Hebrew,,2026-08-26,2026,,,,All,Netanya,MovieLand,608
19:15,One night only,לגמור את הלילה,https://movieland.co.il/order/?eventID=146601&theaterId=1292,https://movieland.co.il/order/?eventID=146601&theaterId=1292,Regular,2D,English,,2026-08-26,2026,,,,14+,Netanya,MovieLand,608
21:40,One night only,לגמור את הלילה,https://movieland.co.il/order/?eventID=146600&theaterId=1292,https://movieland.co.il/order/?eventID=146600&theaterId=1292,Regular,2D,English,,2026-08-26,2026,,,,14+,Netanya,MovieLand,608
11:20,Toy Story 5,צעצוע של סיפור 5,https://movieland.co.il/order/?eventID=146580&theaterId=1292,https://movieland.co.il/order/?eventID=146580&theaterId=1292,Regular,2D,English,Hebrew,2026-08-26,2026,,,,All,Netanya,MovieLand,608
14:35,Toy Story 5,צעצוע של סיפור 5,https://movieland.co.il/order/?eventID=146575&theaterId=1292,https://movieland.co.il/order/?eventID=146575&theaterId=1292,Regular,2D,English,Hebrew,2026-08-26,2026,,,,All,Netanya,MovieLand,608
23:30,Obsession,אובססיה,https://movieland.co.il/order/?eventID=146588&theaterId=1292,https://movieland.co.il/order/?eventID=146588&theaterId=1292,Regular,2D,English,,2026-08-26,2026,,,,14+,Netanya,MovieLand,608
11:50,Moana (Live Action),מואנה,https://movieland.co.il/order/?eventID=146581&theaterId=1292,https://movieland.co.il/order/?eventID=146581&theaterId=1292,Regular,2D,English,Hebrew,2026-08-26,2026,,,,All,Netanya,MovieLand,608
14:20,Moana (Live Action),מואנה,https://movieland.co.il/order/?eventID=146582&theaterId=1292,https://movieland.co.il/order/?eventID=146582&theaterId=1292,Regular,2D,English,Hebrew,2026-08-26,2026,,,,All,Netanya,MovieLand,608
00:00,Fuze,פיוז,https://movieland.co.il/order/?eventID=146610&theaterId=1292,https://movieland.co.il/order/?eventID=146610&theaterId=1292,Regular,2D,English,,2026-08-26,2026,,,,12+,Netanya,MovieLand,608
11:50,סולטיז הסרט - וולוג ה-100,סולטיז הסרט - וולוג ה-100,https://movieland.co.il/order/?eventID=146605&theaterId=1292,https://movieland.co.il/order/?eventID=146605&theaterId=1292,Regular,2D,Hebrew,,2026-08-26,2026,,,,All,Netanya,MovieLand,608
16:30,סולטיז הסרט - וולוג ה-100,סולטיז הסרט - וולוג ה-100,https://movieland.co.il/order/?eventID=146604&theaterId=1292,https://movieland.co.il/order/?eventID=146604&theaterId=1292,Regular,2D,Hebrew,,2026-08-26,2026,,,,All,Netanya,MovieLand,608
18:15,גבעה 338,גבעה 338,https://movieland.co.il/order/?eventID=146625&theaterId=1292,https://movieland.co.il/order/?eventID=146625&theaterId=1292,Regular,2D,Hebrew,,2026-08-26,2026,,,,9+,Netanya,MovieLand,608
21:05,גבעה 338,גבעה 338,https://movieland.co.il/order/?eventID=146626&theaterId=1292,https://movieland.co.il/order/?eventID=146626&theaterId=1292,Regular,2D,Hebrew,,2026-08-26,2026,,,,9+,Netanya,MovieLand,608
23:30,Ice Cream Man,איש הגלידה,https://movieland.co.il/order/?eventID=146609&theaterId=1292,https://movieland.co.il/order/?eventID=146609&theaterId=1292,Regular,2D,English,,2026-08-26,2026,,,,18+,Netanya,MovieLand,608
12:10,school of magical animals 3,סוד החיות הקסומות 3,https://movieland.co.il/order/?eventID=146577&theaterId=1292,https://movieland.co.il/order/?eventID=146577&theaterId=1292,Regular,2D,,Hebrew,2026-08-26,,,,,,Netanya,MovieLand,608
12:10,Three Wishes for Cinderella,סינדרלה ושלוש המשאלות,https://movieland.co.il/order/?eventID=146576&theaterId=1292,https://movieland.co.il/order/?eventID=146576&theaterId=1292,Regular,2D,,Hebrew,2026-08-26,2026,,,,All,Netanya,MovieLand,608
18:00,ЧЕЛОВЕК-ПАУК: НОВЫЙ ДЕНЬ,ЧЕЛОВЕК-ПАУК: НОВЫЙ ДЕНЬ,https://movieland.co.il/order/?eventID=146627&theaterId=1292,https://movieland.co.il/order/?eventID=146627&theaterId=1292,Regular,2D,английский,,2026-08-26,2026,,,,Нет возрастных ограничений,Netanya,MovieLand,608
16:50,ЩЕНЯЧИЙ ПАТРУЛЬ: ДИНОФИЛЬМ,ЩЕНЯЧИЙ ПАТРУЛЬ: ДИНОФИЛЬМ,https://movieland.co.il/order/?eventID=146628&theaterId=1292,https://movieland.co.il/order/?eventID=146628&theaterId=1292,Regular,2D,английский,,2026-08-26,2026,,,,Нет возрастных ограничений,Netanya,MovieLand,608
21:00,MovieRetro- לב אמיץ,MovieRetro- לב אמיץ,https://movieland.co.il/order/?eventID=145307&theaterId=1292,https://movieland.co.il/order/?eventID=145307&theaterId=1292,Regular,2D,English,,2026-08-27,1995,,,,,Netanya,MovieLand,608
19:30,MovieRetro- הזאב מוול סטריט,MovieRetro- הזאב מוול סטריט,https://movieland.co.il/order/?eventID=137635&theaterId=1292,https://movieland.co.il/order/?eventID=137635&theaterId=1292,Upgrade,2D,English,,2026-09-03,2013,,,,,Netanya,MovieLand,608
17:00,MovieRetro- אמיצה (מדובב),MovieRetro- אמיצה,https://movieland.co.il/order/?eventID=146700&theaterId=1292,https://movieland.co.il/order/?eventID=146700&theaterId=1292,Regular,2D,English,Hebrew,2026-09-24,2012,,,,,Netanya,MovieLand,608
20:30,Spider-Man: Brand New Day,ספיידרמן: יום חדש,https://movieland.co.il/order/?eventID=170&theaterId=1295,https://movieland.co.il/order/?eventID=170&theaterId=1295,Regular,2D,English,,2026-08-20,2026,,,,All,"עזריאלי ת""א- Summer Sky",MovieLand,608
20:30,ЧЕЛОВЕК-ПАУК: НОВЫЙ ДЕНЬ,ЧЕЛОВЕК-ПАУК: НОВЫЙ ДЕНЬ,https://movieland.co.il/order/?eventID=145&theaterId=1295,https://movieland.co.il/order/?eventID=145&theaterId=1295,Regular,2D,английский,,2026-08-21,2026,,,,Нет возрастных ограничений,"עזריאלי ת""א- Summer Sky",MovieLand,608
20:30,ЧЕЛОВЕК-ПАУК: НОВЫЙ ДЕНЬ,ЧЕЛОВЕК-ПАУК: НОВЫЙ ДЕНЬ,https://movieland.co.il/order/?eventID=172&theaterId=1295,https://movieland.co.il/order/?eventID=172&theaterId=1295,Regular,2D,английский,,2026-08-24,2026,,,,Нет возрастных ограничений,"עזריאלי ת""א- Summer Sky",MovieLand,608
20:30,Spider-Man: Brand New Day,ספיידרמן: יום חדש,https://movieland.co.il/order/?eventID=169&theaterId=1295,https://movieland.co.il/order/?eventID=169&theaterId=1295,Regular,2D,English,,2026-08-25,2026,,,,All,"עזריאלי ת""א- Summer Sky",MovieLand,608
20:30,End of Oak street,סוף רחוב האלון,https://movieland.co.il/order/?eventID=171&theaterId=1295,https://movieland.co.il/order/?eventID=171&theaterId=1295,Regular,2D,English,,2026-08-26,2026,,,,12+,"עזריאלי ת""א- Summer Sky",MovieLand,608
11:15,The Pout Pout Fish,דג ושמו באסה,https://movieland.co.il/order/?eventID=36469&theaterId=1294,https://movieland.co.il/order/?eventID=36469&theaterId=1294,Regular,2D,,Hebrew,2026-08-20,,,,,ליווי מבוגר עד גיל 8,Afula,MovieLand,608
12:45,The Pout Pout Fish,דג ושמו באסה,https://movieland.co.il/order/?eventID=36470&theaterId=1294,https://movieland.co.il/order/?eventID=36470&theaterId=1294,Upgrade,2D,,Hebrew,2026-08-20,,,,,ליווי מבוגר עד גיל 8,Afula,MovieLand,608
15:00,The Pout Pout Fish,דג ושמו באסה,https://movieland.co.il/order/?eventID=36471&theaterId=1294,https://movieland.co.il/order/?eventID=36471&theaterId=1294,Upgrade,2D,,Hebrew,2026-08-20,,,,,ליווי מבוגר עד גיל 8,Afula,MovieLand,608
16:55,The Pout Pout Fish,דג ושמו באסה,https://movieland.co.il/order/?eventID=36472&theaterId=1294,https://movieland.co.il/order/?eventID=36472&theaterId=1294,Regular,2D,,Hebrew,2026-08-20,,,,,ליווי מבוגר עד גיל 8,Afula,MovieLand,608
11:15,Coyote vs. ACME,לוני טונס מציגים: קיוטי נגד אקמי,https://movieland.co.il/order/?eventID=36465&theaterId=1294,https://movieland.co.il/order/?eventID=36465&theaterId=1294,Upgrade,2D,English,Hebrew,2026-08-20,2026,,,,All,Afula,MovieLand,608
13:35,Coyote vs. ACME,לוני טונס מציגים: קיוטי נגד אקמי,https://movieland.co.il/order/?eventID=36466&theaterId=1294,https://movieland.co.il/order/?eventID=36466&theaterId=1294,Upgrade,2D,English,Hebrew,2026-08-20,2026,,,,All,Afula,MovieLand,608
15:55,Coyote vs. ACME,לוני טונס מציגים: קיוטי נגד אקמי,https://movieland.co.il/order/?eventID=36467&theaterId=1294,https://movieland.co.il/order/?eventID=36467&theaterId=1294,Upgrade,2D,English,Hebrew,2026-08-20,2026,,,,All,Afula,MovieLand,608
16:55,Coyote vs. ACME,לוני טונס מציגים: קיוטי נגד אקמי,https://movieland.co.il/order/?eventID=36468&theaterId=1294,https://movieland.co.il/order/?eventID=36468&theaterId=1294,Regular,2D,English,Hebrew,2026-08-20,2026,,,,All,Afula,MovieLand,608
15:30,Spider-Man: Brand New Day,ספיידרמן: יום חדש,https://movieland.co.il/order/?eventID=36448&theaterId=1294,https://movieland.co.il/order/?eventID=36448&theaterId=1294,Regular,2D,English,,2026-08-20,2026,,,,All,Afula,MovieLand,608
17:15,Spider-Man: Brand New Day,ספיידרמן: יום חדש,https://movieland.co.il/order/?eventID=36484&theaterId=1294,https://movieland.co.il/order/?eventID=36484&theaterId=1294,Upgrade,2D,English,,2026-08-20,2026,,,,All,Afula,MovieLand,608
18:35,Spider-Man: Brand New Day,ספיידרמן: יום חדש,https://movieland.co.il/order/?eventID=36446&theaterId=1294,https://movieland.co.il/order/?eventID=36446&theaterId=1294,Regular,2D,English,,2026-08-20,2026,,,,All,Afula,MovieLand,608
20:15,Spider-Man: Brand New Day,ספיידרמן: יום חדש,https://movieland.co.il/order/?eventID=36444&theaterId=1294,https://movieland.co.il/order/?eventID=36444&theaterId=1294,Upgrade,2D,English,,2026-08-20,2026,,,,All,Afula,MovieLand,608
21:40,Spider-Man: Brand New Day,ספיידרמן: יום חדש,https://movieland.co.il/order/?eventID=36447&theaterId=1294,https://movieland.co.il/order/?eventID=36447&theaterId=1294,Regular,2D,English,,2026-08-20,2026,,,,All,Afula,MovieLand,608
23:20,Spider-Man: Brand New Day,ספיידרמן: יום חדש,https://movieland.co.il/order/?eventID=36445&theaterId=1294,https://movieland.co.il/order/?eventID=36445&theaterId=1294,Upgrade,2D,English,,2026-08-20,2026,,,,All,Afula,MovieLand,608
13:20,The Odyssey,האודיסאה,https://movieland.co.il/order/?eventID=36438&theaterId=1294,https://movieland.co.il/order/?eventID=36438&theaterId=1294,Regular,2D,English,,2026-08-20,2026,,,,14+,Afula,MovieLand,608
18:15,The Odyssey,האודיסאה,https://movieland.co.il/order/?eventID=36436&theaterId=1294,https://movieland.co.il/order/?eventID=36436&theaterId=1294,Upgrade,2D,English,,2026-08-20,2026,,,,14+,Afula,MovieLand,608
21:50,The Odyssey,האודיסאה,https://movieland.co.il/order/?eventID=36437&theaterId=1294,https://movieland.co.il/order/?eventID=36437&theaterId=1294,Upgrade,2D,English,,2026-08-20,2026,,,,14+,Afula,MovieLand,608
10:30,Paw Patrol: The Dino Movie,מפרץ ההרפתקאות: אי הדינוזאורים,https://movieland.co.il/order/?eventID=36481&theaterId=1294,https://movieland.co.il/order/?eventID=36481&theaterId=1294,Regular,2D,English,Hebrew,2026-08-20,2026,,,,All,Afula,MovieLand,608
12:40,Paw Patrol: The Dino Movie,מפרץ ההרפתקאות: אי הדינוזאורים,https://movieland.co.il/order/?eventID=36450&theaterId=1294,https://movieland.co.il/order/?eventID=36450&theaterId=1294,Regular,2D,English,Hebrew,2026-08-20,2026,,,,All,Afula,MovieLand,608
14:45,Paw Patrol: The Dino Movie,מפרץ ההרפתקאות: אי הדינוזאורים,https://movieland.co.il/order/?eventID=36449&theaterId=1294,https://movieland.co.il/order/?eventID=36449&theaterId=1294,Regular,2D,English,Hebrew,2026-08-20,2026,,,,All,Afula,MovieLand,608
11:00,Minions & Monsters,מיניונים ומפלצות,https://movieland.co.il/order/?eventID=36442&theaterId=1294,https://movieland.co.il/order/?eventID=36442&theaterId=1294,Regular,2D,English,Hebrew,2026-08-20,2026,,,,All,Afula,MovieLand,608
20:50,Insidious: Out of the further,הרוע שבפנים: מחוץ למעבר,https://movieland.co.il/order/?eventID=36451&theaterId=1294,https://movieland.co.il/order/?eventID=36451&theaterId=1294,Regular,2D,English,,2026-08-20,2026,,,,14+,Afula,MovieLand,608
23:15,Insidious: Out of the further,הרוע שבפנים: מחוץ למעבר,https://movieland.co.il/order/?eventID=36452&theaterId=1294,https://movieland.co.il/order/?eventID=36452&theaterId=1294,Regular,2D,English,,2026-08-20,2026,,,,14+,Afula,MovieLand,608
13:10,Marsupilami,מרסופילאמי,https://movieland.co.il/order/?eventID=36441&theaterId=1294,https://movieland.co.il/order/?eventID=36441&theaterId=1294,Regular,2D,French,Hebrew,2026-08-20,2025,,,,All,Afula,MovieLand,608
19:20,Mutiny,נקמה בלב ים,https://movieland.co.il/order/?eventID=36473&theaterId=1294,https://movieland.co.il/order/?eventID=36473&theaterId=1294,Regular,2D,English,,2026-08-20,2026,,,,14+,Afula,MovieLand,608
21:35,Mutiny,נקמה בלב ים,https://movieland.co.il/order/?eventID=36474&theaterId=1294,https://movieland.co.il/order/?eventID=36474&theaterId=1294,Regular,2D,English,,2026-08-20,2026,,,,14+,Afula,MovieLand,608
23:50,Mutiny,נקמה בלב ים,https://movieland.co.il/order/?eventID=36475&theaterId=1294,https://movieland.co.il/order/?eventID=36475&theaterId=1294,Regular,2D,English,,2026-08-20,2026,,,,14+,Afula,MovieLand,608
22:00,Spa Weekend,ספא וויקנד,https://movieland.co.il/order/?eventID=36460&theaterId=1294,https://movieland.co.il/order/?eventID=36460&theaterId=1294,Regular,2D,English,,2026-08-20,2026,,,,14+,Afula,MovieLand,608
00:15,Spa Weekend,ספא וויקנד,https://movieland.co.il/order/?eventID=36461&theaterId=1294,https://movieland.co.il/order/?eventID=36461&theaterId=1294,Regular,2D,English,,2026-08-20,2026,,,,14+,Afula,MovieLand,608
15:05,קופה ראשית: הסרט,קופה ראשית: הסרט,https://movieland.co.il/order/?eventID=36456&theaterId=1294,https://movieland.co.il/order/?eventID=36456&theaterId=1294,Regular,2D,Hebrew,,2026-08-20,2026,,,,All,Afula,MovieLand,608
17:20,קופה ראשית: הסרט,קופה ראשית: הסרט,https://movieland.co.il/order/?eventID=36455&theaterId=1294,https://movieland.co.il/order/?eventID=36455&theaterId=1294,Regular,2D,Hebrew,,2026-08-20,2026,,,,All,Afula,MovieLand,608
19:35,One night only,לגמור את הלילה,https://movieland.co.il/order/?eventID=36684&theaterId=1294,https://movieland.co.il/order/?eventID=36684&theaterId=1294,Regular,2D,English,,2026-08-20,2026,,,,14+,Afula,MovieLand,608
22:10,One night only,לגמור את הלילה,https://movieland.co.il/order/?eventID=36453&theaterId=1294,https://movieland.co.il/order/?eventID=36453&theaterId=1294,Regular,2D,English,,2026-08-20,2026,,,,14+,Afula,MovieLand,608
00:35,One night only,לגמור את הלילה,https://movieland.co.il/order/?eventID=36454&theaterId=1294,https://movieland.co.il/order/?eventID=36454&theaterId=1294,Regular,2D,English,,2026-08-20,2026,,,,14+,Afula,MovieLand,608
11:30,Toy Story 5,צעצוע של סיפור 5,https://movieland.co.il/order/?eventID=36439&theaterId=1294,https://movieland.co.il/order/?eventID=36439&theaterId=1294,Regular,2D,English,Hebrew,2026-08-20,2026,,,,All,Afula,MovieLand,608
00:15,Obsession,אובססיה,https://movieland.co.il/order/?eventID=36443&theaterId=1294,https://movieland.co.il/order/?eventID=36443&theaterId=1294,Regular,2D,English,,2026-08-20,2026,,,,14+,Afula,MovieLand,608
12:30,Moana (Live Action),מואנה,https://movieland.co.il/order/?eventID=36440&theaterId=1294,https://movieland.co.il/order/?eventID=36440&theaterId=1294,Regular,2D,English,Hebrew,2026-08-20,2026,,,,All,Afula,MovieLand,608
15:55,Moana (Live Action),מואנה,https://movieland.co.il/order/?eventID=36483&theaterId=1294,https://movieland.co.il/order/?eventID=36483&theaterId=1294,Regular,2D,English,Hebrew,2026-08-20,2026,,,,All,Afula,MovieLand,608
13:35,סולטיז הסרט - וולוג ה-100,סולטיז הסרט - וולוג ה-100,https://movieland.co.il/order/?eventID=36457&theaterId=1294,https://movieland.co.il/order/?eventID=36457&theaterId=1294,Regular,2D,Hebrew,,2026-08-20,2026,,,,All,Afula,MovieLand,608
19:10,גבעה 338,גבעה 338,https://movieland.co.il/order/?eventID=36476&theaterId=1294,https://movieland.co.il/order/?eventID=36476&theaterId=1294,Regular,2D,Hebrew,,2026-08-20,2026,,,,9+,Afula,MovieLand,608
21:45,גבעה 338,גבעה 338,https://movieland.co.il/order/?eventID=36477&theaterId=1294,https://movieland.co.il/order/?eventID=36477&theaterId=1294,Regular,2D,Hebrew,,2026-08-20,2026,,,,9+,Afula,MovieLand,608
00:45,Ice Cream Man,איש הגלידה,https://movieland.co.il/order/?eventID=36462&theaterId=1294,https://movieland.co.il/order/?eventID=36462&theaterId=1294,Regular,2D,English,,2026-08-20,2026,,,,18+,Afula,MovieLand,608
10:30,Tafiti: Across the Desert,טפיטי: הרפתקה במדבר,https://movieland.co.il/order/?eventID=36459&theaterId=1294,https://movieland.co.il/order/?eventID=36459&theaterId=1294,Regular,2D,German,Hebrew,2026-08-20,2025,,,,ליווי מבוגר עד גיל 8,Afula,MovieLand,608
18:30,НА КРАЮ ОУК-СТРИТ,НА КРАЮ ОУК-СТРИТ,https://movieland.co.il/order/?eventID=36478&theaterId=1294,https://movieland.co.il/order/?eventID=36478&theaterId=1294,Regular,2D,английский,,2026-08-20,,,,,12+,Afula,MovieLand,608
19:10,ЧЕЛОВЕК-ПАУК: НОВЫЙ ДЕНЬ,ЧЕЛОВЕК-ПАУК: НОВЫЙ ДЕНЬ,https://movieland.co.il/order/?eventID=36463&theaterId=1294,https://movieland.co.il/order/?eventID=36463&theaterId=1294,Regular,2D,английский,,2026-08-20,2026,,,,Нет возрастных ограничений,Afula,MovieLand,608
13:55,Coyote vs. ACME,לוני טונס מציגים: קיוטי נגד אקמי,https://movieland.co.il/order/?eventID=36464&theaterId=1294,https://movieland.co.il/order/?eventID=36464&theaterId=1294,Regular,2D,English,,2026-08-20,2026,,,,All,Afula,MovieLand,608
10:30,The Pout Pout Fish,דג ושמו באסה,https://movieland.co.il/order/?eventID=36658&theaterId=1294,https://movieland.co.il/order/?eventID=36658&theaterId=1294,Upgrade,2D,,Hebrew,2026-08-21,,,,,ליווי מבוגר עד גיל 8,Afula,MovieLand,608
12:40,The Pout Pout Fish,דג ושמו באסה,https://movieland.co.il/order/?eventID=36659&theaterId=1294,https://movieland.co.il/order/?eventID=36659&theaterId=1294,Upgrade,2D,,Hebrew,2026-08-21,,,,,ליווי מבוגר עד גיל 8,Afula,MovieLand,608
14:50,The Pout Pout Fish,דג ושמו באסה,https://movieland.co.il/order/?eventID=36660&theaterId=1294,https://movieland.co.il/order/?eventID=36660&theaterId=1294,Upgrade,2D,,Hebrew,2026-08-21,,,,,ליווי מבוגר עד גיל 8,Afula,MovieLand,608
16:30,The Pout Pout Fish,דג ושמו באסה,https://movieland.co.il/order/?eventID=36661&theaterId=1294,https://movieland.co.il/order/?eventID=36661&theaterId=1294,Regular,2D,,Hebrew,2026-08-21,,,,,ליווי מבוגר עד גיל 8,Afula,MovieLand,608
11:15,Coyote vs. ACME,לוני טונס מציגים: קיוטי נגד אקמי,https://movieland.co.il/order/?eventID=36654&theaterId=1294,https://movieland.co.il/order/?eventID=36654&theaterId=1294,Upgrade,2D,English,Hebrew,2026-08-21,2026,,,,All,Afula,MovieLand,608
13:35,Coyote vs. ACME,לוני טונס מציגים: קיוטי נגד אקמי,https://movieland.co.il/order/?eventID=36655&theaterId=1294,https://movieland.co.il/order/?eventID=36655&theaterId=1294,Upgrade,2D,English,Hebrew,2026-08-21,2026,,,,All,Afula,MovieLand,608
15:55,Coyote vs. ACME,לוני טונס מציגים: קיוטי נגד אקמי,https://movieland.co.il/order/?eventID=36656&theaterId=1294,https://movieland.co.il/order/?eventID=36656&theaterId=1294,Upgrade,2D,English,Hebrew,2026-08-21,2026,,,,All,Afula,MovieLand,608
17:20,Coyote vs. ACME,לוני טונס מציגים: קיוטי נגד אקמי,https://movieland.co.il/order/?eventID=36657&theaterId=1294,https://movieland.co.il/order/?eventID=36657&theaterId=1294,Regular,2D,English,Hebrew,2026-08-21,2026,,,,All,Afula,MovieLand,608
15:25,Spider-Man: Brand New Day,ספיידרמן: יום חדש,https://movieland.co.il/order/?eventID=36639&theaterId=1294,https://movieland.co.il/order/?eventID=36639&theaterId=1294,Regular,2D,English,,2026-08-21,2026,,,,All,Afula,MovieLand,608
17:00,Spider-Man: Brand New Day,ספיידרמן: יום חדש,https://movieland.co.il/order/?eventID=36675&theaterId=1294,https://movieland.co.il/order/?eventID=36675&theaterId=1294,Upgrade,2D,English,,2026-08-21,2026,,,,All,Afula,MovieLand,608
18:30,Spider-Man: Brand New Day,ספיידרמן: יום חדש,https://movieland.co.il/order/?eventID=36637&theaterId=1294,https://movieland.co.il/order/?eventID=36637&theaterId=1294,Regular,2D,English,,2026-08-21,2026,,,,All,Afula,MovieLand,608
20:05,Spider-Man: Brand New Day,ספיידרמן: יום חדש,https://movieland.co.il/order/?eventID=36635&theaterId=1294,https://movieland.co.il/order/?eventID=36635&theaterId=1294,Upgrade,2D,English,,2026-08-21,2026,,,,All,Afula,MovieLand,608
21:35,Spider-Man: Brand New Day,ספיידרמן: יום חדש,https://movieland.co.il/order/?eventID=36638&theaterId=1294,https://movieland.co.il/order/?eventID=36638&theaterId=1294,Regular,2D,English,,2026-08-21,2026,,,,All,Afula,MovieLand,608
23:10,Spider-Man: Brand New Day,ספיידרמן: יום חדש,https://movieland.co.il/order/?eventID=36636&theaterId=1294,https://movieland.co.il/order/?eventID=36636&theaterId=1294,Upgrade,2D,English,,2026-08-21,2026,,,,All,Afula,MovieLand,608
13:50,The Odyssey,האודיסאה,https://movieland.co.il/order/?eventID=36630&theaterId=1294,https://movieland.co.il/order/?eventID=36630&theaterId=1294,Regular,2D,English,,2026-08-21,2026,,,,14+,Afula,MovieLand,608
18:15,The Odyssey,האודיסאה,https://movieland.co.il/order/?eventID=36628&theaterId=1294,https://movieland.co.il/order/?eventID=36628&theaterId=1294,Upgrade,2D,English,,2026-08-21,2026,,,,14+,Afula,MovieLand,608
21:50,The Odyssey,האודיסאה,https://movieland.co.il/order/?eventID=36629&theaterId=1294,https://movieland.co.il/order/?eventID=36629&theaterId=1294,Upgrade,2D,English,,2026-08-21,2026,,,,14+,Afula,MovieLand,608
12:10,Paw Patrol: The Dino Movie,מפרץ ההרפתקאות: אי הדינוזאורים,https://movieland.co.il/order/?eventID=36641&theaterId=1294,https://movieland.co.il/order/?eventID=36641&theaterId=1294,Regular,2D,English,Hebrew,2026-08-21,2026,,,,All,Afula,MovieLand,608
14:20,Paw Patrol: The Dino Movie,מפרץ ההרפתקאות: אי הדינוזאורים,https://movieland.co.il/order/?eventID=36640&theaterId=1294,https://movieland.co.il/order/?eventID=36640&theaterId=1294,Regular,2D,English,Hebrew,2026-08-21,2026,,,,All,Afula,MovieLand,608
11:05,Minions & Monsters,מיניונים ומפלצות,https://movieland.co.il/order/?eventID=36634&theaterId=1294,https://movieland.co.il/order/?eventID=36634&theaterId=1294,Regular,2D,English,Hebrew,2026-08-21,2026,,,,All,Afula,MovieLand,608
22:05,Insidious: Out of the further,הרוע שבפנים: מחוץ למעבר,https://movieland.co.il/order/?eventID=36642&theaterId=1294,https://movieland.co.il/order/?eventID=36642&theaterId=1294,Regular,2D,English,,2026-08-21,2026,,,,14+,Afula,MovieLand,608
00:30,Insidious: Out of the further,הרוע שבפנים: מחוץ למעבר,https://movieland.co.il/order/?eventID=36643&theaterId=1294,https://movieland.co.il/order/?eventID=36643&theaterId=1294,Regular,2D,English,,2026-08-21,2026,,,,14+,Afula,MovieLand,608
16:00,Marsupilami,מרסופילאמי,https://movieland.co.il/order/?eventID=36633&theaterId=1294,https://movieland.co.il/order/?eventID=36633&theaterId=1294,Regular,2D,French,Hebrew,2026-08-21,2025,,,,All,Afula,MovieLand,608
19:40,Mutiny,נקמה בלב ים,https://movieland.co.il/order/?eventID=36662&theaterId=1294,https://movieland.co.il/order/?eventID=36662&theaterId=1294,Regular,2D,English,,2026-08-21,2026,,,,14+,Afula,MovieLand,608
21:55,Mutiny,נקמה בלב ים,https://movieland.co.il/order/?eventID=36663&theaterId=1294,https://movieland.co.il/order/?eventID=36663&theaterId=1294,Regular,2D,English,,2026-08-21,2026,,,,14+,Afula,MovieLand,608
00:10,Mutiny,נקמה בלב ים,https://movieland.co.il/order/?eventID=36664&theaterId=1294,https://movieland.co.il/order/?eventID=36664&theaterId=1294,Regular,2D,English,,2026-08-21,2026,,,,14+,Afula,MovieLand,608
19:40,Spa Weekend,ספא וויקנד,https://movieland.co.il/order/?eventID=36651&theaterId=1294,https://movieland.co.il/order/?eventID=36651&theaterId=1294,Regular,2D,English,,2026-08-21,2026,,,,14+,Afula,MovieLand,608
21:55,Spa Weekend,ספא וויקנד,https://movieland.co.il/order/?eventID=36652&theaterId=1294,https://movieland.co.il/order/?eventID=36652&theaterId=1294,Regular,2D,English,,2026-08-21,2026,,,,14+,Afula,MovieLand,608
00:10,Spa Weekend,ספא וויקנד,https://movieland.co.il/order/?eventID=36653&theaterId=1294,https://movieland.co.il/order/?eventID=36653&theaterId=1294,Regular,2D,English,,2026-08-21,2026,,,,14+,Afula,MovieLand,608
15:10,קופה ראשית: הסרט,קופה ראשית: הסרט,https://movieland.co.il/order/?eventID=36647&theaterId=1294,https://movieland.co.il/order/?eventID=36647&theaterId=1294,Regular,2D,Hebrew,,2026-08-21,2026,,,,All,Afula,MovieLand,608
17:25,קופה ראשית: הסרט,קופה ראשית: הסרט,https://movieland.co.il/order/?eventID=36646&theaterId=1294,https://movieland.co.il/order/?eventID=36646&theaterId=1294,Regular,2D,Hebrew,,2026-08-21,2026,,,,All,Afula,MovieLand,608
21:50,One night only,לגמור את הלילה,https://movieland.co.il/order/?eventID=36644&theaterId=1294,https://movieland.co.il/order/?eventID=36644&theaterId=1294,Regular,2D,English,,2026-08-21,2026,,,,14+,Afula,MovieLand,608
00:15,One night only,לגמור את הלילה,https://movieland.co.il/order/?eventID=36645&theaterId=1294,https://movieland.co.il/order/?eventID=36645&theaterId=1294,Regular,2D,English,,2026-08-21,2026,,,,14+,Afula,MovieLand,608
11:30,Toy Story 5,צעצוע של סיפור 5,https://movieland.co.il/order/?eventID=36631&theaterId=1294,https://movieland.co.il/order/?eventID=36631&theaterId=1294,Regular,2D,English,Hebrew,2026-08-21,2026,,,,All,Afula,MovieLand,608
23:25,Obsession,אובססיה,https://movieland.co.il/order/?eventID=36669&theaterId=1294,https://movieland.co.il/order/?eventID=36669&theaterId=1294,Regular,2D,English,,2026-08-21,2026,,,,14+,Afula,MovieLand,608
12:35,Moana (Live Action),מואנה,https://movieland.co.il/order/?eventID=36632&theaterId=1294,https://movieland.co.il/order/?eventID=36632&theaterId=1294,Regular,2D,English,Hebrew,2026-08-21,2026,,,,All,Afula,MovieLand,608
11:45,סולטיז הסרט - וולוג ה-100,סולטיז הסרט - וולוג ה-100,https://movieland.co.il/order/?eventID=36649&theaterId=1294,https://movieland.co.il/order/?eventID=36649&theaterId=1294,Regular,2D,Hebrew,,2026-08-21,2026,,,,All,Afula,MovieLand,608
14:05,סולטיז הסרט - וולוג ה-100,סולטיז הסרט - וולוג ה-100,https://movieland.co.il/order/?eventID=36648&theaterId=1294,https://movieland.co.il/order/?eventID=36648&theaterId=1294,Regular,2D,Hebrew,,2026-08-21,2026,,,,All,Afula,MovieLand,608
18:25,גבעה 338,גבעה 338,https://movieland.co.il/order/?eventID=36665&theaterId=1294,https://movieland.co.il/order/?eventID=36665&theaterId=1294,Regular,2D,Hebrew,,2026-08-21,2026,,,,9+,Afula,MovieLand,608
20:55,גבעה 338,גבעה 338,https://movieland.co.il/order/?eventID=36666&theaterId=1294,https://movieland.co.il/order/?eventID=36666&theaterId=1294,Regular,2D,Hebrew,,2026-08-21,2026,,,,9+,Afula,MovieLand,608
00:40,Ice Cream Man,איש הגלידה,https://movieland.co.il/order/?eventID=36668&theaterId=1294,https://movieland.co.il/order/?eventID=36668&theaterId=1294,Regular,2D,English,,2026-08-21,2026,,,,18+,Afula,MovieLand,608
10:50,Tafiti: Across the Desert,טפיטי: הרפתקה במדבר,https://movieland.co.il/order/?eventID=36650&theaterId=1294,https://movieland.co.il/order/?eventID=36650&theaterId=1294,Regular,2D,German,Hebrew,2026-08-21,2025,,,,ליווי מבוגר עד גיל 8,Afula,MovieLand,608
10:30,Three Wishes for Cinderella,סינדרלה ושלוש המשאלות,https://movieland.co.il/order/?eventID=36674&theaterId=1294,https://movieland.co.il/order/?eventID=36674&theaterId=1294,Regular,2D,,Hebrew,2026-08-21,2026,,,,All,Afula,MovieLand,608
13:15,GRACIE & PEDRO: PETS TO THE RESCUE,גרייסי ופדרו: חיות המחמד בפעולה,https://movieland.co.il/order/?eventID=36672&theaterId=1294,https://movieland.co.il/order/?eventID=36672&theaterId=1294,Regular,2D,,Hebrew,2026-08-21,,,,,All,Afula,MovieLand,608
18:35,ОДИССЕЯ,ОДИССЕЯ,https://movieland.co.il/order/?eventID=36670&theaterId=1294,https://movieland.co.il/order/?eventID=36670&theaterId=1294,Regular,2D,английский,,2026-08-21,2026,,,,14+,Afula,MovieLand,608
18:40,ЧЕЛОВЕК-ПАУК: НОВЫЙ ДЕНЬ,ЧЕЛОВЕК-ПАУК: НОВЫЙ ДЕНЬ,https://movieland.co.il/order/?eventID=36671&theaterId=1294,https://movieland.co.il/order/?eventID=36671&theaterId=1294,Regular,2D,английский,,2026-08-21,2026,,,,Нет возрастных ограничений,Afula,MovieLand,608
16:25,ЩЕНЯЧИЙ ПАТРУЛЬ: ДИНОФИЛЬМ,ЩЕНЯЧИЙ ПАТРУЛЬ: ДИНОФИЛЬМ,https://movieland.co.il/order/?eventID=36667&theaterId=1294,https://movieland.co.il/order/?eventID=36667&theaterId=1294,Regular,2D,английский,,2026-08-21,2026,,,,Нет возрастных ограничений,Afula,MovieLand,608
10:30,The Pout Pout Fish,דג ושמו באסה,https://movieland.co.il/order/?eventID=36387&theaterId=1294,https://movieland.co.il/order/?eventID=36387&theaterId=1294,Upgrade,2D,,Hebrew,2026-08-22,,,,,ליווי מבוגר עד גיל 8,Afula,MovieLand,608
12:40,The Pout Pout Fish,דג ושמו באסה,https://movieland.co.il/order/?eventID=36388&theaterId=1294,https://movieland.co.il/order/?eventID=36388&theaterId=1294,Upgrade,2D,,Hebrew,2026-08-22,,,,,ליווי מבוגר עד גיל 8,Afula,MovieLand,608
14:50,The Pout Pout Fish,דג ושמו באסה,https://movieland.co.il/order/?eventID=36389&theaterId=1294,https://movieland.co.il/order/?eventID=36389&theaterId=1294,Upgrade,2D,,Hebrew,2026-08-22,,,,,ליווי מבוגר עד גיל 8,Afula,MovieLand,608
17:00,The Pout Pout Fish,דג ושמו באסה,https://movieland.co.il/order/?eventID=36390&theaterId=1294,https://movieland.co.il/order/?eventID=36390&theaterId=1294,Regular,2D,,Hebrew,2026-08-22,,,,,ליווי מבוגר עד גיל 8,Afula,MovieLand,608
11:15,Coyote vs. ACME,לוני טונס מציגים: קיוטי נגד אקמי,https://movieland.co.il/order/?eventID=36393&theaterId=1294,https://movieland.co.il/order/?eventID=36393&theaterId=1294,Upgrade,2D,English,Hebrew,2026-08-22,2026,,,,All,Afula,MovieLand,608
13:35,Coyote vs. ACME,לוני טונס מציגים: קיוטי נגד אקמי,https://movieland.co.il/order/?eventID=36394&theaterId=1294,https://movieland.co.il/order/?eventID=36394&theaterId=1294,Upgrade,2D,English,Hebrew,2026-08-22,2026,,,,All,Afula,MovieLand,608
15:55,Coyote vs. ACME,לוני טונס מציגים: קיוטי נגד אקמי,https://movieland.co.il/order/?eventID=36395&theaterId=1294,https://movieland.co.il/order/?eventID=36395&theaterId=1294,Upgrade,2D,English,Hebrew,2026-08-22,2026,,,,All,Afula,MovieLand,608
17:20,Coyote vs. ACME,לוני טונס מציגים: קיוטי נגד אקמי,https://movieland.co.il/order/?eventID=36399&theaterId=1294,https://movieland.co.il/order/?eventID=36399&theaterId=1294,Regular,2D,English,Hebrew,2026-08-22,2026,,,,All,Afula,MovieLand,608
15:25,Spider-Man: Brand New Day,ספיידרמן: יום חדש,https://movieland.co.il/order/?eventID=36424&theaterId=1294,https://movieland.co.il/order/?eventID=36424&theaterId=1294,Regular,2D,English,,2026-08-22,2026,,,,All,Afula,MovieLand,608
17:05,Spider-Man: Brand New Day,ספיידרמן: יום חדש,https://movieland.co.il/order/?eventID=36409&theaterId=1294,https://movieland.co.il/order/?eventID=36409&theaterId=1294,Upgrade,2D,English,,2026-08-22,2026,,,,All,Afula,MovieLand,608
18:30,Spider-Man: Brand New Day,ספיידרמן: יום חדש,https://movieland.co.il/order/?eventID=36422&theaterId=1294,https://movieland.co.il/order/?eventID=36422&theaterId=1294,Regular,2D,English,,2026-08-22,2026,,,,All,Afula,MovieLand,608
20:10,Spider-Man: Brand New Day,ספיידרמן: יום חדש,https://movieland.co.il/order/?eventID=36420&theaterId=1294,https://movieland.co.il/order/?eventID=36420&theaterId=1294,Upgrade,2D,English,,2026-08-22,2026,,,,All,Afula,MovieLand,608
21:35,Spider-Man: Brand New Day,ספיידרמן: יום חדש,https://movieland.co.il/order/?eventID=36423&theaterId=1294,https://movieland.co.il/order/?eventID=36423&theaterId=1294,Regular,2D,English,,2026-08-22,2026,,,,All,Afula,MovieLand,608
23:15,Spider-Man: Brand New Day,ספיידרמן: יום חדש,https://movieland.co.il/order/?eventID=36421&theaterId=1294,https://movieland.co.il/order/?eventID=36421&theaterId=1294,Upgrade,2D,English,,2026-08-22,2026,,,,All,Afula,MovieLand,608
13:50,The Odyssey,האודיסאה,https://movieland.co.il/order/?eventID=36427&theaterId=1294,https://movieland.co.il/order/?eventID=36427&theaterId=1294,Regular,2D,English,,2026-08-22,2026,,,,14+,Afula,MovieLand,608
18:15,The Odyssey,האודיסאה,https://movieland.co.il/order/?eventID=36425&theaterId=1294,https://movieland.co.il/order/?eventID=36425&theaterId=1294,Upgrade,2D,English,,2026-08-22,2026,,,,14+,Afula,MovieLand,608
21:50,The Odyssey,האודיסאה,https://movieland.co.il/order/?eventID=36426&theaterId=1294,https://movieland.co.il/order/?eventID=36426&theaterId=1294,Upgrade,2D,English,,2026-08-22,2026,,,,14+,Afula,MovieLand,608
10:35,Paw Patrol: The Dino Movie,מפרץ ההרפתקאות: אי הדינוזאורים,https://movieland.co.il/order/?eventID=36416&theaterId=1294,https://movieland.co.il/order/?eventID=36416&theaterId=1294,Regular,2D,English,Hebrew,2026-08-22,2026,,,,All,Afula,MovieLand,608
12:45,Paw Patrol: The Dino Movie,מפרץ ההרפתקאות: אי הדינוזאורים,https://movieland.co.il/order/?eventID=36415&theaterId=1294,https://movieland.co.il/order/?eventID=36415&theaterId=1294,Regular,2D,English,Hebrew,2026-08-22,2026,,,,All,Afula,MovieLand,608
14:55,Paw Patrol: The Dino Movie,מפרץ ההרפתקאות: אי הדינוזאורים,https://movieland.co.il/order/?eventID=36414&theaterId=1294,https://movieland.co.il/order/?eventID=36414&theaterId=1294,Regular,2D,English,Hebrew,2026-08-22,2026,,,,All,Afula,MovieLand,608
11:05,Minions & Monsters,מיניונים ומפלצות,https://movieland.co.il/order/?eventID=36431&theaterId=1294,https://movieland.co.il/order/?eventID=36431&theaterId=1294,Regular,2D,English,Hebrew,2026-08-22,2026,,,,All,Afula,MovieLand,608
21:00,Insidious: Out of the further,הרוע שבפנים: מחוץ למעבר,https://movieland.co.il/order/?eventID=36391&theaterId=1294,https://movieland.co.il/order/?eventID=36391&theaterId=1294,Regular,2D,English,,2026-08-22,2026,,,,14+,Afula,MovieLand,608
23:25,Insidious: Out of the further,הרוע שבפנים: מחוץ למעבר,https://movieland.co.il/order/?eventID=36392&theaterId=1294,https://movieland.co.il/order/?eventID=36392&theaterId=1294,Regular,2D,English,,2026-08-22,2026,,,,14+,Afula,MovieLand,608
00:40,Insidious: Out of the further,הרוע שבפנים: מחוץ למעבר,https://movieland.co.il/order/?eventID=36408&theaterId=1294,https://movieland.co.il/order/?eventID=36408&theaterId=1294,Regular,2D,English,,2026-08-22,2026,,,,14+,Afula,MovieLand,608
12:00,Marsupilami,מרסופילאמי,https://movieland.co.il/order/?eventID=36418&theaterId=1294,https://movieland.co.il/order/?eventID=36418&theaterId=1294,Regular,2D,French,Hebrew,2026-08-22,2025,,,,All,Afula,MovieLand,608
16:40,Marsupilami,מרסופילאמי,https://movieland.co.il/order/?eventID=36417&theaterId=1294,https://movieland.co.il/order/?eventID=36417&theaterId=1294,Regular,2D,French,Hebrew,2026-08-22,2025,,,,All,Afula,MovieLand,608
19:40,Mutiny,נקמה בלב ים,https://movieland.co.il/order/?eventID=36398&theaterId=1294,https://movieland.co.il/order/?eventID=36398&theaterId=1294,Regular,2D,English,,2026-08-22,2026,,,,14+,Afula,MovieLand,608
21:55,Mutiny,נקמה בלב ים,https://movieland.co.il/order/?eventID=36400&theaterId=1294,https://movieland.co.il/order/?eventID=36400&theaterId=1294,Regular,2D,English,,2026-08-22,2026,,,,14+,Afula,MovieLand,608
00:10,Mutiny,נקמה בלב ים,https://movieland.co.il/order/?eventID=36401&theaterId=1294,https://movieland.co.il/order/?eventID=36401&theaterId=1294,Regular,2D,English,,2026-08-22,2026,,,,14+,Afula,MovieLand,608
19:40,Spa Weekend,ספא וויקנד,https://movieland.co.il/order/?eventID=36402&theaterId=1294,https://movieland.co.il/order/?eventID=36402&theaterId=1294,Regular,2D,English,,2026-08-22,2026,,,,14+,Afula,MovieLand,608
21:55,Spa Weekend,ספא וויקנד,https://movieland.co.il/order/?eventID=36403&theaterId=1294,https://movieland.co.il/order/?eventID=36403&theaterId=1294,Regular,2D,English,,2026-08-22,2026,,,,14+,Afula,MovieLand,608
00:10,Spa Weekend,ספא וויקנד,https://movieland.co.il/order/?eventID=36404&theaterId=1294,https://movieland.co.il/order/?eventID=36404&theaterId=1294,Regular,2D,English,,2026-08-22,2026,,,,14+,Afula,MovieLand,608
15:10,קופה ראשית: הסרט,קופה ראשית: הסרט,https://movieland.co.il/order/?eventID=36434&theaterId=1294,https://movieland.co.il/order/?eventID=36434&theaterId=1294,Regular,2D,Hebrew,,2026-08-22,2026,,,,All,Afula,MovieLand,608
17:25,קופה ראשית: הסרט,קופה ראשית: הסרט,https://movieland.co.il/order/?eventID=36433&theaterId=1294,https://movieland.co.il/order/?eventID=36433&theaterId=1294,Regular,2D,Hebrew,,2026-08-22,2026,,,,All,Afula,MovieLand,608
19:15,One night only,לגמור את הלילה,https://movieland.co.il/order/?eventID=36406&theaterId=1294,https://movieland.co.il/order/?eventID=36406&theaterId=1294,Regular,2D,English,,2026-08-22,2026,,,,14+,Afula,MovieLand,608
21:40,One night only,לגמור את הלילה,https://movieland.co.il/order/?eventID=36407&theaterId=1294,https://movieland.co.il/order/?eventID=36407&theaterId=1294,Regular,2D,English,,2026-08-22,2026,,,,14+,Afula,MovieLand,608
00:05,One night only,לגמור את הלילה,https://movieland.co.il/order/?eventID=36410&theaterId=1294,https://movieland.co.il/order/?eventID=36410&theaterId=1294,Regular,2D,English,,2026-08-22,2026,,,,14+,Afula,MovieLand,608
11:30,Toy Story 5,צעצוע של סיפור 5,https://movieland.co.il/order/?eventID=36432&theaterId=1294,https://movieland.co.il/order/?eventID=36432&theaterId=1294,Regular,2D,English,Hebrew,2026-08-22,2026,,,,All,Afula,MovieLand,608
12:35,Moana (Live Action),מואנה,https://movieland.co.il/order/?eventID=36430&theaterId=1294,https://movieland.co.il/order/?eventID=36430&theaterId=1294,Regular,2D,English,Hebrew,2026-08-22,2026,,,,All,Afula,MovieLand,608
18:40,End of Oak street,סוף רחוב האלון,https://movieland.co.il/order/?eventID=36405&theaterId=1294,https://movieland.co.il/order/?eventID=36405&theaterId=1294,Regular,2D,English,,2026-08-22,2026,,,,12+,Afula,MovieLand,608
11:00,סולטיז הסרט - וולוג ה-100,סולטיז הסרט - וולוג ה-100,https://movieland.co.il/order/?eventID=36429&theaterId=1294,https://movieland.co.il/order/?eventID=36429&theaterId=1294,Regular,2D,Hebrew,,2026-08-22,2026,,,,All,Afula,MovieLand,608
13:20,סולטיז הסרט - וולוג ה-100,סולטיז הסרט - וולוג ה-100,https://movieland.co.il/order/?eventID=36428&theaterId=1294,https://movieland.co.il/order/?eventID=36428&theaterId=1294,Regular,2D,Hebrew,,2026-08-22,2026,,,,All,Afula,MovieLand,608
19:00,גבעה 338,גבעה 338,https://movieland.co.il/order/?eventID=36411&theaterId=1294,https://movieland.co.il/order/?eventID=36411&theaterId=1294,Regular,2D,Hebrew,,2026-08-22,2026,,,,9+,Afula,MovieLand,608
21:30,גבעה 338,גבעה 338,https://movieland.co.il/order/?eventID=36412&theaterId=1294,https://movieland.co.il/order/?eventID=36412&theaterId=1294,Regular,2D,Hebrew,,2026-08-22,2026,,,,9+,Afula,MovieLand,608
23:55,גבעה 338,גבעה 338,https://movieland.co.il/order/?eventID=36413&theaterId=1294,https://movieland.co.il/order/?eventID=36413&theaterId=1294,Regular,2D,Hebrew,,2026-08-22,2026,,,,9+,Afula,MovieLand,608
10:30,Tafiti: Across the Desert,טפיטי: הרפתקה במדבר,https://movieland.co.il/order/?eventID=36435&theaterId=1294,https://movieland.co.il/order/?eventID=36435&theaterId=1294,Regular,2D,German,Hebrew,2026-08-22,2025,,,,ליווי מבוגר עד גיל 8,Afula,MovieLand,608
15:40,ЧЕЛОВЕК-ПАУК: НОВЫЙ ДЕНЬ,ЧЕЛОВЕК-ПАУК: НОВЫЙ ДЕНЬ,https://movieland.co.il/order/?eventID=36419&theaterId=1294,https://movieland.co.il/order/?eventID=36419&theaterId=1294,Regular,2D,английский,,2026-08-22,2026,,,,Нет возрастных ограничений,Afula,MovieLand,608
13:15,ЩЕНЯЧИЙ ПАТРУЛЬ: ДИНОФИЛЬМ,ЩЕНЯЧИЙ ПАТРУЛЬ: ДИНОФИЛЬМ,https://movieland.co.il/order/?eventID=36397&theaterId=1294,https://movieland.co.il/order/?eventID=36397&theaterId=1294,Regular,2D,английский,,2026-08-22,2026,,,,Нет возрастных ограничений,Afula,MovieLand,608
14:20,Coyote vs. ACME,לוני טונס מציגים: קיוטי נגד אקמי,https://movieland.co.il/order/?eventID=36396&theaterId=1294,https://movieland.co.il/order/?eventID=36396&theaterId=1294,Regular,2D,English,,2026-08-22,2026,,,,All,Afula,MovieLand,608
10:55,The Pout Pout Fish,דג ושמו באסה,https://movieland.co.il/order/?eventID=36566&theaterId=1294,https://movieland.co.il/order/?eventID=36566&theaterId=1294,Upgrade,2D,,Hebrew,2026-08-23,,,,,ליווי מבוגר עד גיל 8,Afula,MovieLand,608
13:10,The Pout Pout Fish,דג ושמו באסה,https://movieland.co.il/order/?eventID=36567&theaterId=1294,https://movieland.co.il/order/?eventID=36567&theaterId=1294,Upgrade,2D,,Hebrew,2026-08-23,,,,,ליווי מבוגר עד גיל 8,Afula,MovieLand,608
15:25,The Pout Pout Fish,דג ושמו באסה,https://movieland.co.il/order/?eventID=36568&theaterId=1294,https://movieland.co.il/order/?eventID=36568&theaterId=1294,Upgrade,2D,,Hebrew,2026-08-23,,,,,ליווי מבוגר עד גיל 8,Afula,MovieLand,608
17:40,The Pout Pout Fish,דג ושמו באסה,https://movieland.co.il/order/?eventID=36569&theaterId=1294,https://movieland.co.il/order/?eventID=36569&theaterId=1294,Upgrade,2D,,Hebrew,2026-08-23,,,,,ליווי מבוגר עד גיל 8,Afula,MovieLand,608
11:15,Coyote vs. ACME,לוני טונס מציגים: קיוטי נגד אקמי,https://movieland.co.il/order/?eventID=36562&theaterId=1294,https://movieland.co.il/order/?eventID=36562&theaterId=1294,Upgrade,2D,English,Hebrew,2026-08-23,2026,,,,All,Afula,MovieLand,608
13:35,Coyote vs. ACME,לוני טונס מציגים: קיוטי נגד אקמי,https://movieland.co.il/order/?eventID=36563&theaterId=1294,https://movieland.co.il/order/?eventID=36563&theaterId=1294,Upgrade,2D,English,Hebrew,2026-08-23,2026,,,,All,Afula,MovieLand,608
15:55,Coyote vs. ACME,לוני טונס מציגים: קיוטי נגד אקמי,https://movieland.co.il/order/?eventID=36564&theaterId=1294,https://movieland.co.il/order/?eventID=36564&theaterId=1294,Upgrade,2D,English,Hebrew,2026-08-23,2026,,,,All,Afula,MovieLand,608
17:20,Coyote vs. ACME,לוני טונס מציגים: קיוטי נגד אקמי,https://movieland.co.il/order/?eventID=36565&theaterId=1294,https://movieland.co.il/order/?eventID=36565&theaterId=1294,Regular,2D,English,Hebrew,2026-08-23,2026,,,,All,Afula,MovieLand,608
14:15,Spider-Man: Brand New Day,ספיידרמן: יום חדש,https://movieland.co.il/order/?eventID=36578&theaterId=1294,https://movieland.co.il/order/?eventID=36578&theaterId=1294,Regular,2D,English,,2026-08-23,2026,,,,All,Afula,MovieLand,608
15:25,Spider-Man: Brand New Day,ספיידרמן: יום חדש,https://movieland.co.il/order/?eventID=36547&theaterId=1294,https://movieland.co.il/order/?eventID=36547&theaterId=1294,Regular,2D,English,,2026-08-23,2026,,,,All,Afula,MovieLand,608
18:30,Spider-Man: Brand New Day,ספיידרמן: יום חדש,https://movieland.co.il/order/?eventID=36545&theaterId=1294,https://movieland.co.il/order/?eventID=36545&theaterId=1294,Regular,2D,English,,2026-08-23,2026,,,,All,Afula,MovieLand,608
19:55,Spider-Man: Brand New Day,ספיידרמן: יום חדש,https://movieland.co.il/order/?eventID=36543&theaterId=1294,https://movieland.co.il/order/?eventID=36543&theaterId=1294,Upgrade,2D,English,,2026-08-23,2026,,,,All,Afula,MovieLand,608
21:35,Spider-Man: Brand New Day,ספיידרמן: יום חדש,https://movieland.co.il/order/?eventID=36546&theaterId=1294,https://movieland.co.il/order/?eventID=36546&theaterId=1294,Regular,2D,English,,2026-08-23,2026,,,,All,Afula,MovieLand,608
23:00,Spider-Man: Brand New Day,ספיידרמן: יום חדש,https://movieland.co.il/order/?eventID=36544&theaterId=1294,https://movieland.co.il/order/?eventID=36544&theaterId=1294,Upgrade,2D,English,,2026-08-23,2026,,,,All,Afula,MovieLand,608
18:15,The Odyssey,האודיסאה,https://movieland.co.il/order/?eventID=36535&theaterId=1294,https://movieland.co.il/order/?eventID=36535&theaterId=1294,Upgrade,2D,English,,2026-08-23,2026,,,,14+,Afula,MovieLand,608
21:50,The Odyssey,האודיסאה,https://movieland.co.il/order/?eventID=36536&theaterId=1294,https://movieland.co.il/order/?eventID=36536&theaterId=1294,Upgrade,2D,English,,2026-08-23,2026,,,,14+,Afula,MovieLand,608
10:30,Paw Patrol: The Dino Movie,מפרץ ההרפתקאות: אי הדינוזאורים,https://movieland.co.il/order/?eventID=36550&theaterId=1294,https://movieland.co.il/order/?eventID=36550&theaterId=1294,Regular,2D,English,Hebrew,2026-08-23,2026,,,,All,Afula,MovieLand,608
12:40,Paw Patrol: The Dino Movie,מפרץ ההרפתקאות: אי הדינוזאורים,https://movieland.co.il/order/?eventID=36549&theaterId=1294,https://movieland.co.il/order/?eventID=36549&theaterId=1294,Regular,2D,English,Hebrew,2026-08-23,2026,,,,All,Afula,MovieLand,608
14:50,Paw Patrol: The Dino Movie,מפרץ ההרפתקאות: אי הדינוזאורים,https://movieland.co.il/order/?eventID=36548&theaterId=1294,https://movieland.co.il/order/?eventID=36548&theaterId=1294,Regular,2D,English,Hebrew,2026-08-23,2026,,,,All,Afula,MovieLand,608
11:05,Minions & Monsters,מיניונים ומפלצות,https://movieland.co.il/order/?eventID=36541&theaterId=1294,https://movieland.co.il/order/?eventID=36541&theaterId=1294,Regular,2D,English,Hebrew,2026-08-23,2026,,,,All,Afula,MovieLand,608
13:15,Minions & Monsters,מיניונים ומפלצות,https://movieland.co.il/order/?eventID=36579&theaterId=1294,https://movieland.co.il/order/?eventID=36579&theaterId=1294,Regular,2D,English,Hebrew,2026-08-23,2026,,,,All,Afula,MovieLand,608
16:55,Minions & Monsters,מיניונים ומפלצות,https://movieland.co.il/order/?eventID=36542&theaterId=1294,https://movieland.co.il/order/?eventID=36542&theaterId=1294,Regular,2D,English,Hebrew,2026-08-23,2026,,,,All,Afula,MovieLand,608
21:20,Insidious: Out of the further,הרוע שבפנים: מחוץ למעבר,https://movieland.co.il/order/?eventID=36551&theaterId=1294,https://movieland.co.il/order/?eventID=36551&theaterId=1294,Regular,2D,English,,2026-08-23,2026,,,,14+,Afula,MovieLand,608
23:45,Insidious: Out of the further,הרוע שבפנים: מחוץ למעבר,https://movieland.co.il/order/?eventID=36552&theaterId=1294,https://movieland.co.il/order/?eventID=36552&theaterId=1294,Regular,2D,English,,2026-08-23,2026,,,,14+,Afula,MovieLand,608
12:00,Marsupilami,מרסופילאמי,https://movieland.co.il/order/?eventID=36540&theaterId=1294,https://movieland.co.il/order/?eventID=36540&theaterId=1294,Regular,2D,French,Hebrew,2026-08-23,2025,,,,All,Afula,MovieLand,608
14:20,Marsupilami,מרסופילאמי,https://movieland.co.il/order/?eventID=36539&theaterId=1294,https://movieland.co.il/order/?eventID=36539&theaterId=1294,Regular,2D,French,Hebrew,2026-08-23,2025,,,,All,Afula,MovieLand,608
19:40,Mutiny,נקמה בלב ים,https://movieland.co.il/order/?eventID=36570&theaterId=1294,https://movieland.co.il/order/?eventID=36570&theaterId=1294,Regular,2D,English,,2026-08-23,2026,,,,14+,Afula,MovieLand,608
21:55,Mutiny,נקמה בלב ים,https://movieland.co.il/order/?eventID=36571&theaterId=1294,https://movieland.co.il/order/?eventID=36571&theaterId=1294,Regular,2D,English,,2026-08-23,2026,,,,14+,Afula,MovieLand,608
00:10,Mutiny,נקמה בלב ים,https://movieland.co.il/order/?eventID=36572&theaterId=1294,https://movieland.co.il/order/?eventID=36572&theaterId=1294,Regular,2D,English,,2026-08-23,2026,,,,14+,Afula,MovieLand,608
19:40,Spa Weekend,ספא וויקנד,https://movieland.co.il/order/?eventID=36559&theaterId=1294,https://movieland.co.il/order/?eventID=36559&theaterId=1294,Regular,2D,English,,2026-08-23,2026,,,,14+,Afula,MovieLand,608
21:55,Spa Weekend,ספא וויקנד,https://movieland.co.il/order/?eventID=36560&theaterId=1294,https://movieland.co.il/order/?eventID=36560&theaterId=1294,Regular,2D,English,,2026-08-23,2026,,,,14+,Afula,MovieLand,608
00:10,Spa Weekend,ספא וויקנד,https://movieland.co.il/order/?eventID=36561&theaterId=1294,https://movieland.co.il/order/?eventID=36561&theaterId=1294,Regular,2D,English,,2026-08-23,2026,,,,14+,Afula,MovieLand,608
15:10,קופה ראשית: הסרט,קופה ראשית: הסרט,https://movieland.co.il/order/?eventID=36556&theaterId=1294,https://movieland.co.il/order/?eventID=36556&theaterId=1294,Regular,2D,Hebrew,,2026-08-23,2026,,,,All,Afula,MovieLand,608
17:25,קופה ראשית: הסרט,קופה ראשית: הסרט,https://movieland.co.il/order/?eventID=36555&theaterId=1294,https://movieland.co.il/order/?eventID=36555&theaterId=1294,Regular,2D,Hebrew,,2026-08-23,2026,,,,All,Afula,MovieLand,608
19:05,One night only,לגמור את הלילה,https://movieland.co.il/order/?eventID=36683&theaterId=1294,https://movieland.co.il/order/?eventID=36683&theaterId=1294,Regular,2D,English,,2026-08-23,2026,,,,14+,Afula,MovieLand,608
21:30,One night only,לגמור את הלילה,https://movieland.co.il/order/?eventID=36554&theaterId=1294,https://movieland.co.il/order/?eventID=36554&theaterId=1294,Regular,2D,English,,2026-08-23,2026,,,,14+,Afula,MovieLand,608
23:50,One night only,לגמור את הלילה,https://movieland.co.il/order/?eventID=36553&theaterId=1294,https://movieland.co.il/order/?eventID=36553&theaterId=1294,Regular,2D,English,,2026-08-23,2026,,,,14+,Afula,MovieLand,608
11:50,Toy Story 5,צעצוע של סיפור 5,https://movieland.co.il/order/?eventID=36537&theaterId=1294,https://movieland.co.il/order/?eventID=36537&theaterId=1294,Regular,2D,English,Hebrew,2026-08-23,2026,,,,All,Afula,MovieLand,608
12:35,Moana (Live Action),מואנה,https://movieland.co.il/order/?eventID=36538&theaterId=1294,https://movieland.co.il/order/?eventID=36538&theaterId=1294,Regular,2D,English,Hebrew,2026-08-23,2026,,,,All,Afula,MovieLand,608
13:30,סולטיז הסרט - וולוג ה-100,סולטיז הסרט - וולוג ה-100,https://movieland.co.il/order/?eventID=36557&theaterId=1294,https://movieland.co.il/order/?eventID=36557&theaterId=1294,Regular,2D,Hebrew,,2026-08-23,2026,,,,All,Afula,MovieLand,608
15:55,סולטיז הסרט - וולוג ה-100,סולטיז הסרט - וולוג ה-100,https://movieland.co.il/order/?eventID=36577&theaterId=1294,https://movieland.co.il/order/?eventID=36577&theaterId=1294,Regular,2D,Hebrew,,2026-08-23,2026,,,,All,Afula,MovieLand,608
16:40,גבעה 338,גבעה 338,https://movieland.co.il/order/?eventID=36573&theaterId=1294,https://movieland.co.il/order/?eventID=36573&theaterId=1294,Regular,2D,Hebrew,,2026-08-23,2026,,,,9+,Afula,MovieLand,608
22:35,גבעה 338,גבעה 338,https://movieland.co.il/order/?eventID=36574&theaterId=1294,https://movieland.co.il/order/?eventID=36574&theaterId=1294,Regular,2D,Hebrew,,2026-08-23,2026,,,,9+,Afula,MovieLand,608
00:40,גבעה 338,גבעה 338,https://movieland.co.il/order/?eventID=36575&theaterId=1294,https://movieland.co.il/order/?eventID=36575&theaterId=1294,Regular,2D,Hebrew,,2026-08-23,2026,,,,9+,Afula,MovieLand,608
11:10,STICH HEAD,פרנקי והמפלצות,https://movieland.co.il/order/?eventID=36580&theaterId=1294,https://movieland.co.il/order/?eventID=36580&theaterId=1294,Regular,2D,,Hebrew,2026-08-23,,,,,All,Afula,MovieLand,608
10:30,Tafiti: Across the Desert,טפיטי: הרפתקה במדבר,https://movieland.co.il/order/?eventID=36558&theaterId=1294,https://movieland.co.il/order/?eventID=36558&theaterId=1294,Regular,2D,German,Hebrew,2026-08-23,2025,,,,ליווי מבוגר עד גיל 8,Afula,MovieLand,608
19:05,ОДИССЕЯ,ОДИССЕЯ,https://movieland.co.il/order/?eventID=36534&theaterId=1294,https://movieland.co.il/order/?eventID=36534&theaterId=1294,Regular,2D,английский,,2026-08-23,2026,,,,14+,Afula,MovieLand,608
18:15,ЧЕЛОВЕК-ПАУК: НОВЫЙ ДЕНЬ,ЧЕЛОВЕК-ПАУК: НОВЫЙ ДЕНЬ,https://movieland.co.il/order/?eventID=36576&theaterId=1294,https://movieland.co.il/order/?eventID=36576&theaterId=1294,Regular,2D,английский,,2026-08-23,2026,,,,Нет возрастных ограничений,Afula,MovieLand,608
10:45,The Pout Pout Fish,דג ושמו באסה,https://movieland.co.il/order/?eventID=36376&theaterId=1294,https://movieland.co.il/order/?eventID=36376&theaterId=1294,Upgrade,2D,,Hebrew,2026-08-24,,,,,ליווי מבוגר עד גיל 8,Afula,MovieLand,608
13:00,The Pout Pout Fish,דג ושמו באסה,https://movieland.co.il/order/?eventID=36377&theaterId=1294,https://movieland.co.il/order/?eventID=36377&theaterId=1294,Upgrade,2D,,Hebrew,2026-08-24,,,,,ליווי מבוגר עד גיל 8,Afula,MovieLand,608
15:15,The Pout Pout Fish,דג ושמו באסה,https://movieland.co.il/order/?eventID=36378&theaterId=1294,https://movieland.co.il/order/?eventID=36378&theaterId=1294,Upgrade,2D,,Hebrew,2026-08-24,,,,,ליווי מבוגר עד גיל 8,Afula,MovieLand,608
17:25,The Pout Pout Fish,דג ושמו באסה,https://movieland.co.il/order/?eventID=36379&theaterId=1294,https://movieland.co.il/order/?eventID=36379&theaterId=1294,Regular,2D,,Hebrew,2026-08-24,,,,,ליווי מבוגר עד גיל 8,Afula,MovieLand,608
11:15,Coyote vs. ACME,לוני טונס מציגים: קיוטי נגד אקמי,https://movieland.co.il/order/?eventID=36373&theaterId=1294,https://movieland.co.il/order/?eventID=36373&theaterId=1294,Upgrade,2D,English,Hebrew,2026-08-24,2026,,,,All,Afula,MovieLand,608
13:35,Coyote vs. ACME,לוני טונס מציגים: קיוטי נגד אקמי,https://movieland.co.il/order/?eventID=36374&theaterId=1294,https://movieland.co.il/order/?eventID=36374&theaterId=1294,Upgrade,2D,English,Hebrew,2026-08-24,2026,,,,All,Afula,MovieLand,608
15:55,Coyote vs. ACME,לוני טונס מציגים: קיוטי נגד אקמי,https://movieland.co.il/order/?eventID=36375&theaterId=1294,https://movieland.co.il/order/?eventID=36375&theaterId=1294,Upgrade,2D,English,Hebrew,2026-08-24,2026,,,,All,Afula,MovieLand,608
14:15,Spider-Man: Brand New Day,ספיידרמן: יום חדש,https://movieland.co.il/order/?eventID=36355&theaterId=1294,https://movieland.co.il/order/?eventID=36355&theaterId=1294,Regular,2D,English,,2026-08-24,2026,,,,All,Afula,MovieLand,608
15:25,Spider-Man: Brand New Day,ספיידרמן: יום חדש,https://movieland.co.il/order/?eventID=36354&theaterId=1294,https://movieland.co.il/order/?eventID=36354&theaterId=1294,Regular,2D,English,,2026-08-24,2026,,,,All,Afula,MovieLand,608
18:30,Spider-Man: Brand New Day,ספיידרמן: יום חדש,https://movieland.co.il/order/?eventID=36352&theaterId=1294,https://movieland.co.il/order/?eventID=36352&theaterId=1294,Regular,2D,English,,2026-08-24,2026,,,,All,Afula,MovieLand,608
20:10,Spider-Man: Brand New Day,ספיידרמן: יום חדש,https://movieland.co.il/order/?eventID=36350&theaterId=1294,https://movieland.co.il/order/?eventID=36350&theaterId=1294,Upgrade,2D,English,,2026-08-24,2026,,,,All,Afula,MovieLand,608
21:35,Spider-Man: Brand New Day,ספיידרמן: יום חדש,https://movieland.co.il/order/?eventID=36353&theaterId=1294,https://movieland.co.il/order/?eventID=36353&theaterId=1294,Regular,2D,English,,2026-08-24,2026,,,,All,Afula,MovieLand,608
23:15,Spider-Man: Brand New Day,ספיידרמן: יום חדש,https://movieland.co.il/order/?eventID=36351&theaterId=1294,https://movieland.co.il/order/?eventID=36351&theaterId=1294,Upgrade,2D,English,,2026-08-24,2026,,,,All,Afula,MovieLand,608
18:15,The Odyssey,האודיסאה,https://movieland.co.il/order/?eventID=36342&theaterId=1294,https://movieland.co.il/order/?eventID=36342&theaterId=1294,Upgrade,2D,English,,2026-08-24,2026,,,,14+,Afula,MovieLand,608
21:50,The Odyssey,האודיסאה,https://movieland.co.il/order/?eventID=36341&theaterId=1294,https://movieland.co.il/order/?eventID=36341&theaterId=1294,Upgrade,2D,English,,2026-08-24,2026,,,,14+,Afula,MovieLand,608
10:35,Paw Patrol: The Dino Movie,מפרץ ההרפתקאות: אי הדינוזאורים,https://movieland.co.il/order/?eventID=36358&theaterId=1294,https://movieland.co.il/order/?eventID=36358&theaterId=1294,Regular,2D,English,Hebrew,2026-08-24,2026,,,,All,Afula,MovieLand,608
12:45,Paw Patrol: The Dino Movie,מפרץ ההרפתקאות: אי הדינוזאורים,https://movieland.co.il/order/?eventID=36357&theaterId=1294,https://movieland.co.il/order/?eventID=36357&theaterId=1294,Regular,2D,English,Hebrew,2026-08-24,2026,,,,All,Afula,MovieLand,608
14:55,Paw Patrol: The Dino Movie,מפרץ ההרפתקאות: אי הדינוזאורים,https://movieland.co.il/order/?eventID=36356&theaterId=1294,https://movieland.co.il/order/?eventID=36356&theaterId=1294,Regular,2D,English,Hebrew,2026-08-24,2026,,,,All,Afula,MovieLand,608
11:05,Minions & Monsters,מיניונים ומפלצות,https://movieland.co.il/order/?eventID=36347&theaterId=1294,https://movieland.co.il/order/?eventID=36347&theaterId=1294,Regular,2D,English,Hebrew,2026-08-24,2026,,,,All,Afula,MovieLand,608
13:15,Minions & Monsters,מיניונים ומפלצות,https://movieland.co.il/order/?eventID=36349&theaterId=1294,https://movieland.co.il/order/?eventID=36349&theaterId=1294,Regular,2D,English,Hebrew,2026-08-24,2026,,,,All,Afula,MovieLand,608
17:05,Minions & Monsters,מיניונים ומפלצות,https://movieland.co.il/order/?eventID=36348&theaterId=1294,https://movieland.co.il/order/?eventID=36348&theaterId=1294,Regular,2D,English,Hebrew,2026-08-24,2026,,,,All,Afula,MovieLand,608
21:30,Insidious: Out of the further,הרוע שבפנים: מחוץ למעבר,https://movieland.co.il/order/?eventID=36359&theaterId=1294,https://movieland.co.il/order/?eventID=36359&theaterId=1294,Regular,2D,English,,2026-08-24,2026,,,,14+,Afula,MovieLand,608
23:55,Insidious: Out of the further,הרוע שבפנים: מחוץ למעבר,https://movieland.co.il/order/?eventID=36360&theaterId=1294,https://movieland.co.il/order/?eventID=36360&theaterId=1294,Regular,2D,English,,2026-08-24,2026,,,,14+,Afula,MovieLand,608
12:00,Marsupilami,מרסופילאמי,https://movieland.co.il/order/?eventID=36346&theaterId=1294,https://movieland.co.il/order/?eventID=36346&theaterId=1294,Regular,2D,French,Hebrew,2026-08-24,2025,,,,All,Afula,MovieLand,608
16:40,Marsupilami,מרסופילאמי,https://movieland.co.il/order/?eventID=36345&theaterId=1294,https://movieland.co.il/order/?eventID=36345&theaterId=1294,Regular,2D,French,Hebrew,2026-08-24,2025,,,,All,Afula,MovieLand,608
19:40,Mutiny,נקמה בלב ים,https://movieland.co.il/order/?eventID=36380&theaterId=1294,https://movieland.co.il/order/?eventID=36380&theaterId=1294,Regular,2D,English,,2026-08-24,2026,,,,14+,Afula,MovieLand,608
21:55,Mutiny,נקמה בלב ים,https://movieland.co.il/order/?eventID=36381&theaterId=1294,https://movieland.co.il/order/?eventID=36381&theaterId=1294,Regular,2D,English,,2026-08-24,2026,,,,14+,Afula,MovieLand,608
00:10,Mutiny,נקמה בלב ים,https://movieland.co.il/order/?eventID=36382&theaterId=1294,https://movieland.co.il/order/?eventID=36382&theaterId=1294,Regular,2D,English,,2026-08-24,2026,,,,14+,Afula,MovieLand,608
19:40,Spa Weekend,ספא וויקנד,https://movieland.co.il/order/?eventID=36368&theaterId=1294,https://movieland.co.il/order/?eventID=36368&theaterId=1294,Regular,2D,English,,2026-08-24,2026,,,,14+,Afula,MovieLand,608
21:55,Spa Weekend,ספא וויקנד,https://movieland.co.il/order/?eventID=36369&theaterId=1294,https://movieland.co.il/order/?eventID=36369&theaterId=1294,Regular,2D,English,,2026-08-24,2026,,,,14+,Afula,MovieLand,608
00:10,Spa Weekend,ספא וויקנד,https://movieland.co.il/order/?eventID=36370&theaterId=1294,https://movieland.co.il/order/?eventID=36370&theaterId=1294,Regular,2D,English,,2026-08-24,2026,,,,14+,Afula,MovieLand,608
15:10,קופה ראשית: הסרט,קופה ראשית: הסרט,https://movieland.co.il/order/?eventID=36364&theaterId=1294,https://movieland.co.il/order/?eventID=36364&theaterId=1294,Regular,2D,Hebrew,,2026-08-24,2026,,,,All,Afula,MovieLand,608
17:25,קופה ראשית: הסרט,קופה ראשית: הסרט,https://movieland.co.il/order/?eventID=36363&theaterId=1294,https://movieland.co.il/order/?eventID=36363&theaterId=1294,Regular,2D,Hebrew,,2026-08-24,2026,,,,All,Afula,MovieLand,608
19:15,One night only,לגמור את הלילה,https://movieland.co.il/order/?eventID=36361&theaterId=1294,https://movieland.co.il/order/?eventID=36361&theaterId=1294,Regular,2D,English,,2026-08-24,2026,,,,14+,Afula,MovieLand,608
21:40,One night only,לגמור את הלילה,https://movieland.co.il/order/?eventID=36362&theaterId=1294,https://movieland.co.il/order/?eventID=36362&theaterId=1294,Regular,2D,English,,2026-08-24,2026,,,,14+,Afula,MovieLand,608
11:50,Toy Story 5,צעצוע של סיפור 5,https://movieland.co.il/order/?eventID=36343&theaterId=1294,https://movieland.co.il/order/?eventID=36343&theaterId=1294,Regular,2D,English,Hebrew,2026-08-24,2026,,,,All,Afula,MovieLand,608
12:35,Moana (Live Action),מואנה,https://movieland.co.il/order/?eventID=36344&theaterId=1294,https://movieland.co.il/order/?eventID=36344&theaterId=1294,Regular,2D,English,Hebrew,2026-08-24,2026,,,,All,Afula,MovieLand,608
00:00,Fuze,פיוז,https://movieland.co.il/order/?eventID=36371&theaterId=1294,https://movieland.co.il/order/?eventID=36371&theaterId=1294,Regular,2D,English,,2026-08-24,2026,,,,12+,Afula,MovieLand,608
13:20,סולטיז הסרט - וולוג ה-100,סולטיז הסרט - וולוג ה-100,https://movieland.co.il/order/?eventID=36365&theaterId=1294,https://movieland.co.il/order/?eventID=36365&theaterId=1294,Regular,2D,Hebrew,,2026-08-24,2026,,,,All,Afula,MovieLand,608
15:40,סולטיז הסרט - וולוג ה-100,סולטיז הסרט - וולוג ה-100,https://movieland.co.il/order/?eventID=36366&theaterId=1294,https://movieland.co.il/order/?eventID=36366&theaterId=1294,Regular,2D,Hebrew,,2026-08-24,2026,,,,All,Afula,MovieLand,608
19:00,גבעה 338,גבעה 338,https://movieland.co.il/order/?eventID=36383&theaterId=1294,https://movieland.co.il/order/?eventID=36383&theaterId=1294,Regular,2D,Hebrew,,2026-08-24,2026,,,,9+,Afula,MovieLand,608
21:30,גבעה 338,גבעה 338,https://movieland.co.il/order/?eventID=36384&theaterId=1294,https://movieland.co.il/order/?eventID=36384&theaterId=1294,Regular,2D,Hebrew,,2026-08-24,2026,,,,9+,Afula,MovieLand,608
23:55,גבעה 338,גבעה 338,https://movieland.co.il/order/?eventID=36385&theaterId=1294,https://movieland.co.il/order/?eventID=36385&theaterId=1294,Regular,2D,Hebrew,,2026-08-24,2026,,,,9+,Afula,MovieLand,608
10:30,Tafiti: Across the Desert,טפיטי: הרפתקה במדבר,https://movieland.co.il/order/?eventID=36367&theaterId=1294,https://movieland.co.il/order/?eventID=36367&theaterId=1294,Regular,2D,German,Hebrew,2026-08-24,2025,,,,ליווי מבוגר עד גיל 8,Afula,MovieLand,608
11:10,GRACIE & PEDRO: PETS TO THE RESCUE,גרייסי ופדרו: חיות המחמד בפעולה,https://movieland.co.il/order/?eventID=36339&theaterId=1294,https://movieland.co.il/order/?eventID=36339&theaterId=1294,Regular,2D,,Hebrew,2026-08-24,,,,,All,Afula,MovieLand,608
18:00,ОДИССЕЯ,ОДИССЕЯ,https://movieland.co.il/order/?eventID=36386&theaterId=1294,https://movieland.co.il/order/?eventID=36386&theaterId=1294,Regular,2D,английский,,2026-08-24,2026,,,,14+,Afula,MovieLand,608
14:20,Coyote vs. ACME,לוני טונס מציגים: קיוטי נגד אקמי,https://movieland.co.il/order/?eventID=36372&theaterId=1294,https://movieland.co.il/order/?eventID=36372&theaterId=1294,Regular,2D,English,,2026-08-24,2026,,,,All,Afula,MovieLand,608
10:55,The Pout Pout Fish,דג ושמו באסה,https://movieland.co.il/order/?eventID=36491&theaterId=1294,https://movieland.co.il/order/?eventID=36491&theaterId=1294,Upgrade,2D,,Hebrew,2026-08-25,,,,,ליווי מבוגר עד גיל 8,Afula,MovieLand,608
13:10,The Pout Pout Fish,דג ושמו באסה,https://movieland.co.il/order/?eventID=36492&theaterId=1294,https://movieland.co.il/order/?eventID=36492&theaterId=1294,Upgrade,2D,,Hebrew,2026-08-25,,,,,ליווי מבוגר עד גיל 8,Afula,MovieLand,608
15:25,The Pout Pout Fish,דג ושמו באסה,https://movieland.co.il/order/?eventID=36493&theaterId=1294,https://movieland.co.il/order/?eventID=36493&theaterId=1294,Upgrade,2D,,Hebrew,2026-08-25,,,,,ליווי מבוגר עד גיל 8,Afula,MovieLand,608
17:40,The Pout Pout Fish,דג ושמו באסה,https://movieland.co.il/order/?eventID=36494&theaterId=1294,https://movieland.co.il/order/?eventID=36494&theaterId=1294,Upgrade,2D,,Hebrew,2026-08-25,,,,,ליווי מבוגר עד גיל 8,Afula,MovieLand,608
11:15,Coyote vs. ACME,לוני טונס מציגים: קיוטי נגד אקמי,https://movieland.co.il/order/?eventID=36488&theaterId=1294,https://movieland.co.il/order/?eventID=36488&theaterId=1294,Upgrade,2D,English,Hebrew,2026-08-25,2026,,,,All,Afula,MovieLand,608
13:35,Coyote vs. ACME,לוני טונס מציגים: קיוטי נגד אקמי,https://movieland.co.il/order/?eventID=36489&theaterId=1294,https://movieland.co.il/order/?eventID=36489&theaterId=1294,Upgrade,2D,English,Hebrew,2026-08-25,2026,,,,All,Afula,MovieLand,608
15:55,Coyote vs. ACME,לוני טונס מציגים: קיוטי נגד אקמי,https://movieland.co.il/order/?eventID=36490&theaterId=1294,https://movieland.co.il/order/?eventID=36490&theaterId=1294,Upgrade,2D,English,Hebrew,2026-08-25,2026,,,,All,Afula,MovieLand,608
14:05,Spider-Man: Brand New Day,ספיידרמן: יום חדש,https://movieland.co.il/order/?eventID=36526&theaterId=1294,https://movieland.co.il/order/?eventID=36526&theaterId=1294,Regular,2D,English,,2026-08-25,2026,,,,All,Afula,MovieLand,608
19:55,Spider-Man: Brand New Day,ספיידרמן: יום חדש,https://movieland.co.il/order/?eventID=36524&theaterId=1294,https://movieland.co.il/order/?eventID=36524&theaterId=1294,Upgrade,2D,English,,2026-08-25,2026,,,,All,Afula,MovieLand,608
23:00,Spider-Man: Brand New Day,ספיידרמן: יום חדש,https://movieland.co.il/order/?eventID=36525&theaterId=1294,https://movieland.co.il/order/?eventID=36525&theaterId=1294,Upgrade,2D,English,,2026-08-25,2026,,,,All,Afula,MovieLand,608
18:15,The Odyssey,האודיסאה,https://movieland.co.il/order/?eventID=36519&theaterId=1294,https://movieland.co.il/order/?eventID=36519&theaterId=1294,Upgrade,2D,English,,2026-08-25,2026,,,,14+,Afula,MovieLand,608
21:50,The Odyssey,האודיסאה,https://movieland.co.il/order/?eventID=36520&theaterId=1294,https://movieland.co.il/order/?eventID=36520&theaterId=1294,Upgrade,2D,English,,2026-08-25,2026,,,,14+,Afula,MovieLand,608
10:30,Paw Patrol: The Dino Movie,מפרץ ההרפתקאות: אי הדינוזאורים,https://movieland.co.il/order/?eventID=36528&theaterId=1294,https://movieland.co.il/order/?eventID=36528&theaterId=1294,Regular,2D,English,Hebrew,2026-08-25,2026,,,,All,Afula,MovieLand,608
14:55,Paw Patrol: The Dino Movie,מפרץ ההרפתקאות: אי הדינוזאורים,https://movieland.co.il/order/?eventID=36527&theaterId=1294,https://movieland.co.il/order/?eventID=36527&theaterId=1294,Regular,2D,English,Hebrew,2026-08-25,2026,,,,All,Afula,MovieLand,608
12:40,Minions & Monsters,מיניונים ומפלצות,https://movieland.co.il/order/?eventID=36522&theaterId=1294,https://movieland.co.il/order/?eventID=36522&theaterId=1294,Regular,2D,English,Hebrew,2026-08-25,2026,,,,All,Afula,MovieLand,608
17:05,Minions & Monsters,מיניונים ומפלצות,https://movieland.co.il/order/?eventID=36523&theaterId=1294,https://movieland.co.il/order/?eventID=36523&theaterId=1294,Regular,2D,English,Hebrew,2026-08-25,2026,,,,All,Afula,MovieLand,608
21:00,Insidious: Out of the further,הרוע שבפנים: מחוץ למעבר,https://movieland.co.il/order/?eventID=36529&theaterId=1294,https://movieland.co.il/order/?eventID=36529&theaterId=1294,Regular,2D,English,,2026-08-25,2026,,,,14+,Afula,MovieLand,608
23:30,Insidious: Out of the further,הרוע שבפנים: מחוץ למעבר,https://movieland.co.il/order/?eventID=36530&theaterId=1294,https://movieland.co.il/order/?eventID=36530&theaterId=1294,Regular,2D,English,,2026-08-25,2026,,,,14+,Afula,MovieLand,608
22:05,Mutiny,נקמה בלב ים,https://movieland.co.il/order/?eventID=36495&theaterId=1294,https://movieland.co.il/order/?eventID=36495&theaterId=1294,Regular,2D,English,,2026-08-25,2026,,,,14+,Afula,MovieLand,608
00:20,Mutiny,נקמה בלב ים,https://movieland.co.il/order/?eventID=36496&theaterId=1294,https://movieland.co.il/order/?eventID=36496&theaterId=1294,Regular,2D,English,,2026-08-25,2026,,,,14+,Afula,MovieLand,608
21:20,Spa Weekend,ספא וויקנד,https://movieland.co.il/order/?eventID=36487&theaterId=1294,https://movieland.co.il/order/?eventID=36487&theaterId=1294,Regular,2D,English,,2026-08-25,2026,,,,14+,Afula,MovieLand,608
23:00,Spa Weekend,ספא וויקנד,https://movieland.co.il/order/?eventID=36486&theaterId=1294,https://movieland.co.il/order/?eventID=36486&theaterId=1294,Regular,2D,English,,2026-08-25,2026,,,,14+,Afula,MovieLand,608
18:00,קופה ראשית: הסרט,קופה ראשית: הסרט,https://movieland.co.il/order/?eventID=36532&theaterId=1294,https://movieland.co.il/order/?eventID=36532&theaterId=1294,Regular,2D,Hebrew,,2026-08-25,2026,,,,All,Afula,MovieLand,608
11:35,Let it Rain,ויהי גשם,https://movieland.co.il/order/?eventID=36502&theaterId=1294,https://movieland.co.il/order/?eventID=36502&theaterId=1294,Regular,2D,שבדית,,2026-08-25,2025,,,,All,Afula,MovieLand,608
13:25,Let it Rain,ויהי גשם,https://movieland.co.il/order/?eventID=36503&theaterId=1294,https://movieland.co.il/order/?eventID=36503&theaterId=1294,Regular,2D,שבדית,,2026-08-25,2025,,,,All,Afula,MovieLand,608
18:30,Let it Rain,ויהי גשם,https://movieland.co.il/order/?eventID=36504&theaterId=1294,https://movieland.co.il/order/?eventID=36504&theaterId=1294,Regular,2D,שבדית,,2026-08-25,2025,,,,All,Afula,MovieLand,608
21:25,One night only,לגמור את הלילה,https://movieland.co.il/order/?eventID=36531&theaterId=1294,https://movieland.co.il/order/?eventID=36531&theaterId=1294,Regular,2D,English,,2026-08-25,2026,,,,14+,Afula,MovieLand,608
23:45,One night only,לגמור את הלילה,https://movieland.co.il/order/?eventID=36500&theaterId=1294,https://movieland.co.il/order/?eventID=36500&theaterId=1294,Regular,2D,English,,2026-08-25,2026,,,,14+,Afula,MovieLand,608
16:20,Toy Story 5,צעצוע של סיפור 5,https://movieland.co.il/order/?eventID=36521&theaterId=1294,https://movieland.co.il/order/?eventID=36521&theaterId=1294,Regular,2D,English,Hebrew,2026-08-25,2026,,,,All,Afula,MovieLand,608
17:10,Moana (Live Action),מואנה,https://movieland.co.il/order/?eventID=36508&theaterId=1294,https://movieland.co.il/order/?eventID=36508&theaterId=1294,Regular,2D,English,Hebrew,2026-08-25,2026,,,,All,Afula,MovieLand,608
11:00,Valley of Shadows,בחזרה מההימלאיה,https://movieland.co.il/order/?eventID=36517&theaterId=1294,https://movieland.co.il/order/?eventID=36517&theaterId=1294,Regular,2D,ספרדית,,2026-08-25,2025,,,,12+,Afula,MovieLand,608
13:40,Valley of Shadows,בחזרה מההימלאיה,https://movieland.co.il/order/?eventID=36516&theaterId=1294,https://movieland.co.il/order/?eventID=36516&theaterId=1294,Regular,2D,ספרדית,,2026-08-25,2025,,,,12+,Afula,MovieLand,608
18:40,Valley of Shadows,בחזרה מההימלאיה,https://movieland.co.il/order/?eventID=36512&theaterId=1294,https://movieland.co.il/order/?eventID=36512&theaterId=1294,Regular,2D,ספרדית,,2026-08-25,2025,,,,12+,Afula,MovieLand,608
20:20,האחד והיחיד שלי,האחד והיחיד שלי,https://movieland.co.il/order/?eventID=36509&theaterId=1294,https://movieland.co.il/order/?eventID=36509&theaterId=1294,Regular,2D,Hebrew,,2026-08-25,2026,,,,All,Afula,MovieLand,608
11:10,"Damned if you do, damned if you don’t",המשפחה האיטלקית שלי,https://movieland.co.il/order/?eventID=36510&theaterId=1294,https://movieland.co.il/order/?eventID=36510&theaterId=1294,Regular,2D,איטלקית,,2026-08-25,2025,,,,All,Afula,MovieLand,608
13:30,"Damned if you do, damned if you don’t",המשפחה האיטלקית שלי,https://movieland.co.il/order/?eventID=36676&theaterId=1294,https://movieland.co.il/order/?eventID=36676&theaterId=1294,Regular,2D,איטלקית,,2026-08-25,2025,,,,All,Afula,MovieLand,608
18:10,"Damned if you do, damned if you don’t",המשפחה האיטלקית שלי,https://movieland.co.il/order/?eventID=36678&theaterId=1294,https://movieland.co.il/order/?eventID=36678&theaterId=1294,Regular,2D,איטלקית,,2026-08-25,2025,,,,All,Afula,MovieLand,608
19:45,"Damned if you do, damned if you don’t",המשפחה האיטלקית שלי,https://movieland.co.il/order/?eventID=36677&theaterId=1294,https://movieland.co.il/order/?eventID=36677&theaterId=1294,Regular,2D,איטלקית,,2026-08-25,2025,,,,All,Afula,MovieLand,608
15:50,סולטיז הסרט - וולוג ה-100,סולטיז הסרט - וולוג ה-100,https://movieland.co.il/order/?eventID=36485&theaterId=1294,https://movieland.co.il/order/?eventID=36485&theaterId=1294,Regular,2D,Hebrew,,2026-08-25,2026,,,,All,Afula,MovieLand,608
20:30,גבעה 338,גבעה 338,https://movieland.co.il/order/?eventID=36497&theaterId=1294,https://movieland.co.il/order/?eventID=36497&theaterId=1294,Regular,2D,Hebrew,,2026-08-25,2026,,,,9+,Afula,MovieLand,608
23:00,גבעה 338,גבעה 338,https://movieland.co.il/order/?eventID=36498&theaterId=1294,https://movieland.co.il/order/?eventID=36498&theaterId=1294,Regular,2D,Hebrew,,2026-08-25,2026,,,,9+,Afula,MovieLand,608
23:40,גבעה 338,גבעה 338,https://movieland.co.il/order/?eventID=36499&theaterId=1294,https://movieland.co.il/order/?eventID=36499&theaterId=1294,Regular,2D,Hebrew,,2026-08-25,2026,,,,9+,Afula,MovieLand,608
15:55,Just an Illusion,אשליות מתוקות,https://movieland.co.il/order/?eventID=36515&theaterId=1294,https://movieland.co.il/order/?eventID=36515&theaterId=1294,Regular,2D,French,,2026-08-25,2026,,,,All,Afula,MovieLand,608
11:10,A Missing Part,החלק החסר,https://movieland.co.il/order/?eventID=36513&theaterId=1294,https://movieland.co.il/order/?eventID=36513&theaterId=1294,Regular,2D,French,,2026-08-25,2024,,,,All,Afula,MovieLand,608
15:45,מאמא,מאמא,https://movieland.co.il/order/?eventID=36514&theaterId=1294,https://movieland.co.il/order/?eventID=36514&theaterId=1294,Regular,2D,Hebrew,,2026-08-25,2026,,,,12+,Afula,MovieLand,608
11:25,It takes two to tango,צריך שניים לטנגו,https://movieland.co.il/order/?eventID=36507&theaterId=1294,https://movieland.co.il/order/?eventID=36507&theaterId=1294,Regular,2D,French,,2026-08-25,2025,,,,All,Afula,MovieLand,608
13:35,It takes two to tango,צריך שניים לטנגו,https://movieland.co.il/order/?eventID=36506&theaterId=1294,https://movieland.co.il/order/?eventID=36506&theaterId=1294,Regular,2D,French,,2026-08-25,2025,,,,All,Afula,MovieLand,608
19:15,It takes two to tango,צריך שניים לטנגו,https://movieland.co.il/order/?eventID=36505&theaterId=1294,https://movieland.co.il/order/?eventID=36505&theaterId=1294,Regular,2D,French,,2026-08-25,2025,,,,All,Afula,MovieLand,608
10:55,The Pout Pout Fish,דג ושמו באסה,https://movieland.co.il/order/?eventID=36612&theaterId=1294,https://movieland.co.il/order/?eventID=36612&theaterId=1294,Upgrade,2D,,Hebrew,2026-08-26,,,,,ליווי מבוגר עד גיל 8,Afula,MovieLand,608
13:10,The Pout Pout Fish,דג ושמו באסה,https://movieland.co.il/order/?eventID=36613&theaterId=1294,https://movieland.co.il/order/?eventID=36613&theaterId=1294,Upgrade,2D,,Hebrew,2026-08-26,,,,,ליווי מבוגר עד גיל 8,Afula,MovieLand,608
15:25,The Pout Pout Fish,דג ושמו באסה,https://movieland.co.il/order/?eventID=36614&theaterId=1294,https://movieland.co.il/order/?eventID=36614&theaterId=1294,Upgrade,2D,,Hebrew,2026-08-26,,,,,ליווי מבוגר עד גיל 8,Afula,MovieLand,608
17:40,The Pout Pout Fish,דג ושמו באסה,https://movieland.co.il/order/?eventID=36615&theaterId=1294,https://movieland.co.il/order/?eventID=36615&theaterId=1294,Upgrade,2D,,Hebrew,2026-08-26,,,,,ליווי מבוגר עד גיל 8,Afula,MovieLand,608
11:15,Coyote vs. ACME,לוני טונס מציגים: קיוטי נגד אקמי,https://movieland.co.il/order/?eventID=36608&theaterId=1294,https://movieland.co.il/order/?eventID=36608&theaterId=1294,Upgrade,2D,English,Hebrew,2026-08-26,2026,,,,All,Afula,MovieLand,608
13:35,Coyote vs. ACME,לוני טונס מציגים: קיוטי נגד אקמי,https://movieland.co.il/order/?eventID=36609&theaterId=1294,https://movieland.co.il/order/?eventID=36609&theaterId=1294,Upgrade,2D,English,Hebrew,2026-08-26,2026,,,,All,Afula,MovieLand,608
15:55,Coyote vs. ACME,לוני טונס מציגים: קיוטי נגד אקמי,https://movieland.co.il/order/?eventID=36610&theaterId=1294,https://movieland.co.il/order/?eventID=36610&theaterId=1294,Upgrade,2D,English,Hebrew,2026-08-26,2026,,,,All,Afula,MovieLand,608
17:20,Coyote vs. ACME,לוני טונס מציגים: קיוטי נגד אקמי,https://movieland.co.il/order/?eventID=36611&theaterId=1294,https://movieland.co.il/order/?eventID=36611&theaterId=1294,Regular,2D,English,Hebrew,2026-08-26,2026,,,,All,Afula,MovieLand,608
14:15,Spider-Man: Brand New Day,ספיידרמן: יום חדש,https://movieland.co.il/order/?eventID=36593&theaterId=1294,https://movieland.co.il/order/?eventID=36593&theaterId=1294,Regular,2D,English,,2026-08-26,2026,,,,All,Afula,MovieLand,608
16:00,Spider-Man: Brand New Day,ספיידרמן: יום חדש,https://movieland.co.il/order/?eventID=36592&theaterId=1294,https://movieland.co.il/order/?eventID=36592&theaterId=1294,Regular,2D,English,,2026-08-26,2026,,,,All,Afula,MovieLand,608
19:55,Spider-Man: Brand New Day,ספיידרמן: יום חדש,https://movieland.co.il/order/?eventID=36589&theaterId=1294,https://movieland.co.il/order/?eventID=36589&theaterId=1294,Upgrade,2D,English,,2026-08-26,2026,,,,All,Afula,MovieLand,608
21:45,Spider-Man: Brand New Day,ספיידרמן: יום חדש,https://movieland.co.il/order/?eventID=36591&theaterId=1294,https://movieland.co.il/order/?eventID=36591&theaterId=1294,Regular,2D,English,,2026-08-26,2026,,,,All,Afula,MovieLand,608
23:00,Spider-Man: Brand New Day,ספיידרמן: יום חדש,https://movieland.co.il/order/?eventID=36590&theaterId=1294,https://movieland.co.il/order/?eventID=36590&theaterId=1294,Upgrade,2D,English,,2026-08-26,2026,,,,All,Afula,MovieLand,608
18:15,The Odyssey,האודיסאה,https://movieland.co.il/order/?eventID=36582&theaterId=1294,https://movieland.co.il/order/?eventID=36582&theaterId=1294,Upgrade,2D,English,,2026-08-26,2026,,,,14+,Afula,MovieLand,608
21:50,The Odyssey,האודיסאה,https://movieland.co.il/order/?eventID=36581&theaterId=1294,https://movieland.co.il/order/?eventID=36581&theaterId=1294,Upgrade,2D,English,,2026-08-26,2026,,,,14+,Afula,MovieLand,608
10:35,Paw Patrol: The Dino Movie,מפרץ ההרפתקאות: אי הדינוזאורים,https://movieland.co.il/order/?eventID=36596&theaterId=1294,https://movieland.co.il/order/?eventID=36596&theaterId=1294,Regular,2D,English,Hebrew,2026-08-26,2026,,,,All,Afula,MovieLand,608
12:45,Paw Patrol: The Dino Movie,מפרץ ההרפתקאות: אי הדינוזאורים,https://movieland.co.il/order/?eventID=36595&theaterId=1294,https://movieland.co.il/order/?eventID=36595&theaterId=1294,Regular,2D,English,Hebrew,2026-08-26,2026,,,,All,Afula,MovieLand,608
14:55,Paw Patrol: The Dino Movie,מפרץ ההרפתקאות: אי הדינוזאורים,https://movieland.co.il/order/?eventID=36594&theaterId=1294,https://movieland.co.il/order/?eventID=36594&theaterId=1294,Regular,2D,English,Hebrew,2026-08-26,2026,,,,All,Afula,MovieLand,608
11:40,Minions & Monsters,מיניונים ומפלצות,https://movieland.co.il/order/?eventID=36586&theaterId=1294,https://movieland.co.il/order/?eventID=36586&theaterId=1294,Regular,2D,English,Hebrew,2026-08-26,2026,,,,All,Afula,MovieLand,608
13:50,Minions & Monsters,מיניונים ומפלצות,https://movieland.co.il/order/?eventID=36588&theaterId=1294,https://movieland.co.il/order/?eventID=36588&theaterId=1294,Regular,2D,English,Hebrew,2026-08-26,2026,,,,All,Afula,MovieLand,608
17:05,Minions & Monsters,מיניונים ומפלצות,https://movieland.co.il/order/?eventID=36587&theaterId=1294,https://movieland.co.il/order/?eventID=36587&theaterId=1294,Regular,2D,English,Hebrew,2026-08-26,2026,,,,All,Afula,MovieLand,608
19:05,The Dog Stars,כוכבי הכלב,https://movieland.co.il/order/?eventID=36621&theaterId=1294,https://movieland.co.il/order/?eventID=36621&theaterId=1294,Regular,2D,English,,2026-08-26,2026,,,,,Afula,MovieLand,608
21:40,The Dog Stars,כוכבי הכלב,https://movieland.co.il/order/?eventID=36622&theaterId=1294,https://movieland.co.il/order/?eventID=36622&theaterId=1294,Regular,2D,English,,2026-08-26,2026,,,,,Afula,MovieLand,608
00:20,The Dog Stars,כוכבי הכלב,https://movieland.co.il/order/?eventID=36623&theaterId=1294,https://movieland.co.il/order/?eventID=36623&theaterId=1294,Regular,2D,English,,2026-08-26,2026,,,,,Afula,MovieLand,608
22:05,Insidious: Out of the further,הרוע שבפנים: מחוץ למעבר,https://movieland.co.il/order/?eventID=36597&theaterId=1294,https://movieland.co.il/order/?eventID=36597&theaterId=1294,Regular,2D,English,,2026-08-26,2026,,,,14+,Afula,MovieLand,608
00:30,Insidious: Out of the further,הרוע שבפנים: מחוץ למעבר,https://movieland.co.il/order/?eventID=36598&theaterId=1294,https://movieland.co.il/order/?eventID=36598&theaterId=1294,Regular,2D,English,,2026-08-26,2026,,,,14+,Afula,MovieLand,608
12:00,Marsupilami,מרסופילאמי,https://movieland.co.il/order/?eventID=36585&theaterId=1294,https://movieland.co.il/order/?eventID=36585&theaterId=1294,Regular,2D,French,Hebrew,2026-08-26,2025,,,,All,Afula,MovieLand,608
19:40,Mutiny,נקמה בלב ים,https://movieland.co.il/order/?eventID=36616&theaterId=1294,https://movieland.co.il/order/?eventID=36616&theaterId=1294,Regular,2D,English,,2026-08-26,2026,,,,14+,Afula,MovieLand,608
21:55,Mutiny,נקמה בלב ים,https://movieland.co.il/order/?eventID=36617&theaterId=1294,https://movieland.co.il/order/?eventID=36617&theaterId=1294,Regular,2D,English,,2026-08-26,2026,,,,14+,Afula,MovieLand,608
00:10,Mutiny,נקמה בלב ים,https://movieland.co.il/order/?eventID=36618&theaterId=1294,https://movieland.co.il/order/?eventID=36618&theaterId=1294,Regular,2D,English,,2026-08-26,2026,,,,14+,Afula,MovieLand,608
19:40,Spa Weekend,ספא וויקנד,https://movieland.co.il/order/?eventID=36604&theaterId=1294,https://movieland.co.il/order/?eventID=36604&theaterId=1294,Regular,2D,English,,2026-08-26,2026,,,,14+,Afula,MovieLand,608
21:55,Spa Weekend,ספא וויקנד,https://movieland.co.il/order/?eventID=36605&theaterId=1294,https://movieland.co.il/order/?eventID=36605&theaterId=1294,Regular,2D,English,,2026-08-26,2026,,,,14+,Afula,MovieLand,608
00:10,Spa Weekend,ספא וויקנד,https://movieland.co.il/order/?eventID=36606&theaterId=1294,https://movieland.co.il/order/?eventID=36606&theaterId=1294,Regular,2D,English,,2026-08-26,2026,,,,14+,Afula,MovieLand,608
15:10,קופה ראשית: הסרט,קופה ראשית: הסרט,https://movieland.co.il/order/?eventID=36601&theaterId=1294,https://movieland.co.il/order/?eventID=36601&theaterId=1294,Regular,2D,Hebrew,,2026-08-26,2026,,,,All,Afula,MovieLand,608
17:25,קופה ראשית: הסרט,קופה ראשית: הסרט,https://movieland.co.il/order/?eventID=36600&theaterId=1294,https://movieland.co.il/order/?eventID=36600&theaterId=1294,Regular,2D,Hebrew,,2026-08-26,2026,,,,All,Afula,MovieLand,608
19:15,One night only,לגמור את הלילה,https://movieland.co.il/order/?eventID=36599&theaterId=1294,https://movieland.co.il/order/?eventID=36599&theaterId=1294,Regular,2D,English,,2026-08-26,2026,,,,14+,Afula,MovieLand,608
11:50,Toy Story 5,צעצוע של סיפור 5,https://movieland.co.il/order/?eventID=36583&theaterId=1294,https://movieland.co.il/order/?eventID=36583&theaterId=1294,Regular,2D,English,Hebrew,2026-08-26,2026,,,,All,Afula,MovieLand,608
12:35,Moana (Live Action),מואנה,https://movieland.co.il/order/?eventID=36584&theaterId=1294,https://movieland.co.il/order/?eventID=36584&theaterId=1294,Regular,2D,English,Hebrew,2026-08-26,2026,,,,All,Afula,MovieLand,608
14:15,סולטיז הסרט - וולוג ה-100,סולטיז הסרט - וולוג ה-100,https://movieland.co.il/order/?eventID=36602&theaterId=1294,https://movieland.co.il/order/?eventID=36602&theaterId=1294,Regular,2D,Hebrew,,2026-08-26,2026,,,,All,Afula,MovieLand,608
16:35,גבעה 338,גבעה 338,https://movieland.co.il/order/?eventID=36619&theaterId=1294,https://movieland.co.il/order/?eventID=36619&theaterId=1294,Regular,2D,Hebrew,,2026-08-26,2026,,,,9+,Afula,MovieLand,608
21:20,גבעה 338,גבעה 338,https://movieland.co.il/order/?eventID=36620&theaterId=1294,https://movieland.co.il/order/?eventID=36620&theaterId=1294,Regular,2D,Hebrew,,2026-08-26,2026,,,,9+,Afula,MovieLand,608
23:45,גבעה 338,גבעה 338,https://movieland.co.il/order/?eventID=36625&theaterId=1294,https://movieland.co.il/order/?eventID=36625&theaterId=1294,Regular,2D,Hebrew,,2026-08-26,2026,,,,9+,Afula,MovieLand,608
10:30,Tafiti: Across the Desert,טפיטי: הרפתקה במדבר,https://movieland.co.il/order/?eventID=36603&theaterId=1294,https://movieland.co.il/order/?eventID=36603&theaterId=1294,Regular,2D,German,Hebrew,2026-08-26,2025,,,,ליווי מבוגר עד גיל 8,Afula,MovieLand,608
12:05,Three Wishes for Cinderella,סינדרלה ושלוש המשאלות,https://movieland.co.il/order/?eventID=36627&theaterId=1294,https://movieland.co.il/order/?eventID=36627&theaterId=1294,Regular,2D,,Hebrew,2026-08-26,2026,,,,All,Afula,MovieLand,608
19:00,НА КРАЮ ОУК-СТРИТ,НА КРАЮ ОУК-СТРИТ,https://movieland.co.il/order/?eventID=36624&theaterId=1294,https://movieland.co.il/order/?eventID=36624&theaterId=1294,Regular,2D,английский,,2026-08-26,,,,,12+,Afula,MovieLand,608
16:45,ЩЕНЯЧИЙ ПАТРУЛЬ: ДИНОФИЛЬМ,ЩЕНЯЧИЙ ПАТРУЛЬ: ДИНОФИЛЬМ,https://movieland.co.il/order/?eventID=36626&theaterId=1294,https://movieland.co.il/order/?eventID=36626&theaterId=1294,Regular,2D,английский,,2026-08-26,2026,,,,Нет возрастных ограничений,Afula,MovieLand,608
14:20,Coyote vs. ACME,לוני טונס מציגים: קיוטי נגד אקמי,https://movieland.co.il/order/?eventID=36607&theaterId=1294,https://movieland.co.il/order/?eventID=36607&theaterId=1294,Regular,2D,English,,2026-08-26,2026,,,,All,Afula,MovieLand,608
21:00,MovieRetro- לב אמיץ,MovieRetro- לב אמיץ,https://movieland.co.il/order/?eventID=35600&theaterId=1294,https://movieland.co.il/order/?eventID=35600&theaterId=1294,Regular,2D,English,,2026-08-27,1995,,,,,Afula,MovieLand,608
19:30,MovieRetro- הזאב מוול סטריט,MovieRetro- הזאב מוול סטריט,https://movieland.co.il/order/?eventID=29713&theaterId=1294,https://movieland.co.il/order/?eventID=29713&theaterId=1294,Regular,2D,English,,2026-09-03,2013,,,,,Afula,MovieLand,608
17:00,MovieRetro- אמיצה (מדובב),MovieRetro- אמיצה,https://movieland.co.il/order/?eventID=36680&theaterId=1294,https://movieland.co.il/order/?eventID=36680&theaterId=1294,Regular,2D,English,Hebrew,2026-09-24,2012,,,,,Afula,MovieLand,608
