showtime,english_title,hebrew_title,english_href,hebrew_href,screening_type,screening_tech,original_language,dub_language,date_of_showing,release_year,release_date,directed_by,runtime,rating,screening_city,cinema,run_id
19:50,One night only,לגמור את הלילה,https://movieland.co.il/order/?eventID=22133&theaterId=1293,https://movieland.co.il/order/?eventID=22133&theaterId=1293,Upgrade,2D,English,,2026-08-14,2026,,,,14+,Glilot,MovieLand,601
16:10,Spider-Man: Brand New Day,ספיידרמן: יום חדש,https://movieland.co.il/order/?eventID=22130&theaterId=1293,https://movieland.co.il/order/?eventID=22130&theaterId=1293,Upgrade,2D,English,,2026-08-14,2026,,,,All,Glilot,MovieLand,601
17:40,Spider-Man: Brand New Day,ספיידרמן: יום חדש,https://movieland.co.il/order/?eventID=22118&theaterId=1293,https://movieland.co.il/order/?eventID=22118&theaterId=1293,Upgrade,2D,English,,2026-08-14,2026,,,,All,Glilot,MovieLand,601
20:40,Spider-Man: Brand New Day,ספיידרמן: יום חדש,https://movieland.co.il/order/?eventID=22119&theaterId=1293,https://movieland.co.il/order/?eventID=22119&theaterId=1293,Upgrade,2D,English,,2026-08-14,2026,,,,All,Glilot,MovieLand,601
22:20,Spider-Man: Brand New Day,ספיידרמן: יום חדש,https://movieland.co.il/order/?eventID=22120&theaterId=1293,https://movieland.co.il/order/?eventID=22120&theaterId=1293,Upgrade,2D,English,,2026-08-14,2026,,,,All,Glilot,MovieLand,601
23:40,Spider-Man: Brand New Day,ספיידרמן: יום חדש,https://movieland.co.il/order/?eventID=22122&theaterId=1293,https://movieland.co.il/order/?eventID=22122&theaterId=1293,Upgrade,2D,English,,2026-08-14,2026,,,,All,Glilot,MovieLand,601
22:10,The Odyssey,האודיסאה,https://movieland.co.il/order/?eventID=22121&theaterId=1293,https://movieland.co.il/order/?eventID=22121&theaterId=1293,Upgrade,2D,English,,2026-08-14,2026,,,,14+,Glilot,MovieLand,601
13:05,Paw Patrol: The Dino Movie,מפרץ ההרפתקאות: אי הדינוזאורים,https://movieland.co.il/order/?eventID=22131&theaterId=1293,https://movieland.co.il/order/?eventID=22131&theaterId=1293,Upgrade,2D,English,Hebrew,2026-08-14,2026,,,,All,Glilot,MovieLand,601
15:35,Paw Patrol: The Dino Movie,מפרץ ההרפתקאות: אי הדינוזאורים,https://movieland.co.il/order/?eventID=22127&theaterId=1293,https://movieland.co.il/order/?eventID=22127&theaterId=1293,Upgrade,2D,English,Hebrew,2026-08-14,2026,,,,All,Glilot,MovieLand,601
11:00,Minions & Monsters,מיניונים ומפלצות,https://movieland.co.il/order/?eventID=22123&theaterId=1293,https://movieland.co.il/order/?eventID=22123&theaterId=1293,Upgrade,2D,English,Hebrew,2026-08-14,2026,,,,All,Glilot,MovieLand,601
13:20,Marsupilami,מרסופילאמי,https://movieland.co.il/order/?eventID=22126&theaterId=1293,https://movieland.co.il/order/?eventID=22126&theaterId=1293,Upgrade,2D,French,Hebrew,2026-08-14,2025,,,,All,Glilot,MovieLand,601
13:55,קופה ראשית: הסרט,קופה ראשית: הסרט,https://movieland.co.il/order/?eventID=22129&theaterId=1293,https://movieland.co.il/order/?eventID=22129&theaterId=1293,Upgrade,2D,Hebrew,,2026-08-14,2026,,,,All,Glilot,MovieLand,601
15:10,גבעה 338,גבעה 338,https://movieland.co.il/order/?eventID=22140&theaterId=1293,https://movieland.co.il/order/?eventID=22140&theaterId=1293,Upgrade,2D,Hebrew,,2026-08-14,2026,,,,9+,Glilot,MovieLand,601
17:30,סולטיז הסרט - וולוג ה-100,סולטיז הסרט - וולוג ה-100,https://movieland.co.il/order/?eventID=22134&theaterId=1293,https://movieland.co.il/order/?eventID=22134&theaterId=1293,Upgrade,2D,Hebrew,,2026-08-14,2026,,,,All,Glilot,MovieLand,601
11:30,Toy Story 5,צעצוע של סיפור 5,https://movieland.co.il/order/?eventID=22125&theaterId=1293,https://movieland.co.il/order/?eventID=22125&theaterId=1293,Upgrade,2D,English,Hebrew,2026-08-14,2026,,,,All,Glilot,MovieLand,601
10:50,Moana (Live Action),מואנה,https://movieland.co.il/order/?eventID=22128&theaterId=1293,https://movieland.co.il/order/?eventID=22128&theaterId=1293,Upgrade,2D,English,Hebrew,2026-08-14,2026,,,,All,Glilot,MovieLand,601
19:15,ЧЕЛОВЕК-ПАУК: НОВЫЙ ДЕНЬ,ЧЕЛОВЕК-ПАУК: НОВЫЙ ДЕНЬ,https://movieland.co.il/order/?eventID=22132&theaterId=1293,https://movieland.co.il/order/?eventID=22132&theaterId=1293,Upgrade,2D,английский,,2026-08-14,2026,,,,Нет возрастных ограничений,Glilot,MovieLand,601
19:50,End of Oak street,סוף רחוב האלון,https://movieland.co.il/order/?eventID=22082&theaterId=1293,https://movieland.co.il/order/?eventID=22082&theaterId=1293,Upgrade,2D,English,,2026-08-15,2026,,,,12+,Glilot,MovieLand,601
17:40,Spider-Man: Brand New Day,ספיידרמן: יום חדש,https://movieland.co.il/order/?eventID=22065&theaterId=1293,https://movieland.co.il/order/?eventID=22065&theaterId=1293,Upgrade,2D,English,,2026-08-15,2026,,,,All,Glilot,MovieLand,601
19:15,Spider-Man: Brand New Day,ספיידרמן: יום חדש,https://movieland.co.il/order/?eventID=22067&theaterId=1293,https://movieland.co.il/order/?eventID=22067&theaterId=1293,Upgrade,2D,English,,2026-08-15,2026,,,,All,Glilot,MovieLand,601
20:40,Spider-Man: Brand New Day,ספיידרמן: יום חדש,https://movieland.co.il/order/?eventID=22066&theaterId=1293,https://movieland.co.il/order/?eventID=22066&theaterId=1293,Upgrade,2D,English,,2026-08-15,2026,,,,All,Glilot,MovieLand,601
22:20,Spider-Man: Brand New Day,ספיידרמן: יום חדש,https://movieland.co.il/order/?eventID=22068&theaterId=1293,https://movieland.co.il/order/?eventID=22068&theaterId=1293,Upgrade,2D,English,,2026-08-15,2026,,,,All,Glilot,MovieLand,601
23:40,Spider-Man: Brand New Day,ספיידרמן: יום חדש,https://movieland.co.il/order/?eventID=22071&theaterId=1293,https://movieland.co.il/order/?eventID=22071&theaterId=1293,Upgrade,2D,English,,2026-08-15,2026,,,,All,Glilot,MovieLand,601
22:05,The Odyssey,האודיסאה,https://movieland.co.il/order/?eventID=22069&theaterId=1293,https://movieland.co.il/order/?eventID=22069&theaterId=1293,Upgrade,2D,English,,2026-08-15,2026,,,,14+,Glilot,MovieLand,601
10:30,Paw Patrol: The Dino Movie,מפרץ ההרפתקאות: אי הדינוזאורים,https://movieland.co.il/order/?eventID=22078&theaterId=1293,https://movieland.co.il/order/?eventID=22078&theaterId=1293,Upgrade,2D,English,Hebrew,2026-08-15,2026,,,,All,Glilot,MovieLand,601
15:35,Paw Patrol: The Dino Movie,מפרץ ההרפתקאות: אי הדינוזאורים,https://movieland.co.il/order/?eventID=22077&theaterId=1293,https://movieland.co.il/order/?eventID=22077&theaterId=1293,Upgrade,2D,English,Hebrew,2026-08-15,2026,,,,All,Glilot,MovieLand,601
10:45,Minions & Monsters,מיניונים ומפלצות,https://movieland.co.il/order/?eventID=22072&theaterId=1293,https://movieland.co.il/order/?eventID=22072&theaterId=1293,Upgrade,2D,English,Hebrew,2026-08-15,2026,,,,All,Glilot,MovieLand,601
13:30,Minions & Monsters,מיניונים ומפלצות,https://movieland.co.il/order/?eventID=22073&theaterId=1293,https://movieland.co.il/order/?eventID=22073&theaterId=1293,Upgrade,2D,English,Hebrew,2026-08-15,2026,,,,All,Glilot,MovieLand,601
12:50,Marsupilami,מרסופילאמי,https://movieland.co.il/order/?eventID=22076&theaterId=1293,https://movieland.co.il/order/?eventID=22076&theaterId=1293,Upgrade,2D,French,Hebrew,2026-08-15,2025,,,,All,Glilot,MovieLand,601
15:05,Marsupilami,מרסופילאמי,https://movieland.co.il/order/?eventID=22075&theaterId=1293,https://movieland.co.il/order/?eventID=22075&theaterId=1293,Upgrade,2D,French,Hebrew,2026-08-15,2025,,,,All,Glilot,MovieLand,601
14:55,קופה ראשית: הסרט,קופה ראשית: הסרט,https://movieland.co.il/order/?eventID=22080&theaterId=1293,https://movieland.co.il/order/?eventID=22080&theaterId=1293,Upgrade,2D,Hebrew,,2026-08-15,2026,,,,All,Glilot,MovieLand,601
17:05,קופה ראשית: הסרט,קופה ראשית: הסרט,https://movieland.co.il/order/?eventID=22081&theaterId=1293,https://movieland.co.il/order/?eventID=22081&theaterId=1293,Upgrade,2D,Hebrew,,2026-08-15,2026,,,,All,Glilot,MovieLand,601
17:25,גבעה 338,גבעה 338,https://movieland.co.il/order/?eventID=22141&theaterId=1293,https://movieland.co.il/order/?eventID=22141&theaterId=1293,Upgrade,2D,Hebrew,,2026-08-15,2026,,,,9+,Glilot,MovieLand,601
12:35,Toy Story 5,צעצוע של סיפור 5,https://movieland.co.il/order/?eventID=22074&theaterId=1293,https://movieland.co.il/order/?eventID=22074&theaterId=1293,Upgrade,2D,English,Hebrew,2026-08-15,2026,,,,All,Glilot,MovieLand,601
11:00,Moana (Live Action),מואנה,https://movieland.co.il/order/?eventID=22079&theaterId=1293,https://movieland.co.il/order/?eventID=22079&theaterId=1293,Upgrade,2D,English,Hebrew,2026-08-15,2026,,,,All,Glilot,MovieLand,601
16:10,Spider-Man: Brand New Day,ספיידרמן: יום חדש,https://movieland.co.il/order/?eventID=22137&theaterId=1293,https://movieland.co.il/order/?eventID=22137&theaterId=1293,Upgrade,2D,English,,2026-08-16,2026,,,,All,Glilot,MovieLand,601
17:40,Spider-Man: Brand New Day,ספיידרמן: יום חדש,https://movieland.co.il/order/?eventID=22101&theaterId=1293,https://movieland.co.il/order/?eventID=22101&theaterId=1293,Upgrade,2D,English,,2026-08-16,2026,,,,All,Glilot,MovieLand,601
20:40,Spider-Man: Brand New Day,ספיידרמן: יום חדש,https://movieland.co.il/order/?eventID=22102&theaterId=1293,https://movieland.co.il/order/?eventID=22102&theaterId=1293,Upgrade,2D,English,,2026-08-16,2026,,,,All,Glilot,MovieLand,601
22:35,Spider-Man: Brand New Day,ספיידרמן: יום חדש,https://movieland.co.il/order/?eventID=22103&theaterId=1293,https://movieland.co.il/order/?eventID=22103&theaterId=1293,Upgrade,2D,English,,2026-08-16,2026,,,,All,Glilot,MovieLand,601
23:40,Spider-Man: Brand New Day,ספיידרמן: יום חדש,https://movieland.co.il/order/?eventID=22105&theaterId=1293,https://movieland.co.il/order/?eventID=22105&theaterId=1293,Upgrade,2D,English,,2026-08-16,2026,,,,All,Glilot,MovieLand,601
22:10,The Odyssey,האודיסאה,https://movieland.co.il/order/?eventID=22104&theaterId=1293,https://movieland.co.il/order/?eventID=22104&theaterId=1293,Upgrade,2D,English,,2026-08-16,2026,,,,14+,Glilot,MovieLand,601
13:05,Paw Patrol: The Dino Movie,מפרץ ההרפתקאות: אי הדינוזאורים,https://movieland.co.il/order/?eventID=22114&theaterId=1293,https://movieland.co.il/order/?eventID=22114&theaterId=1293,Upgrade,2D,English,Hebrew,2026-08-16,2026,,,,All,Glilot,MovieLand,601
15:35,Paw Patrol: The Dino Movie,מפרץ ההרפתקאות: אי הדינוזאורים,https://movieland.co.il/order/?eventID=22110&theaterId=1293,https://movieland.co.il/order/?eventID=22110&theaterId=1293,Upgrade,2D,English,Hebrew,2026-08-16,2026,,,,All,Glilot,MovieLand,601
11:00,Minions & Monsters,מיניונים ומפלצות,https://movieland.co.il/order/?eventID=22106&theaterId=1293,https://movieland.co.il/order/?eventID=22106&theaterId=1293,Upgrade,2D,English,Hebrew,2026-08-16,2026,,,,All,Glilot,MovieLand,601
13:25,Minions & Monsters,מיניונים ומפלצות,https://movieland.co.il/order/?eventID=22107&theaterId=1293,https://movieland.co.il/order/?eventID=22107&theaterId=1293,Upgrade,2D,English,Hebrew,2026-08-16,2026,,,,All,Glilot,MovieLand,601
15:10,Marsupilami,מרסופילאמי,https://movieland.co.il/order/?eventID=22109&theaterId=1293,https://movieland.co.il/order/?eventID=22109&theaterId=1293,Upgrade,2D,French,Hebrew,2026-08-16,2025,,,,All,Glilot,MovieLand,601
13:55,קופה ראשית: הסרט,קופה ראשית: הסרט,https://movieland.co.il/order/?eventID=22112&theaterId=1293,https://movieland.co.il/order/?eventID=22112&theaterId=1293,Upgrade,2D,Hebrew,,2026-08-16,2026,,,,All,Glilot,MovieLand,601
19:50,גבעה 338,גבעה 338,https://movieland.co.il/order/?eventID=22116&theaterId=1293,https://movieland.co.il/order/?eventID=22116&theaterId=1293,Upgrade,2D,Hebrew,,2026-08-16,2026,,,,9+,Glilot,MovieLand,601
17:30,סולטיז הסרט - וולוג ה-100,סולטיז הסרט - וולוג ה-100,https://movieland.co.il/order/?eventID=22117&theaterId=1293,https://movieland.co.il/order/?eventID=22117&theaterId=1293,Upgrade,2D,Hebrew,,2026-08-16,2026,,,,All,Glilot,MovieLand,601
11:30,Toy Story 5,צעצוע של סיפור 5,https://movieland.co.il/order/?eventID=22108&theaterId=1293,https://movieland.co.il/order/?eventID=22108&theaterId=1293,Upgrade,2D,English,Hebrew,2026-08-16,2026,,,,All,Glilot,MovieLand,601
10:50,Moana (Live Action),מואנה,https://movieland.co.il/order/?eventID=22111&theaterId=1293,https://movieland.co.il/order/?eventID=22111&theaterId=1293,Upgrade,2D,English,Hebrew,2026-08-16,2026,,,,All,Glilot,MovieLand,601
19:10,ОДИССЕЯ,ОДИССЕЯ,https://movieland.co.il/order/?eventID=22115&theaterId=1293,https://movieland.co.il/order/?eventID=22115&theaterId=1293,Upgrade,2D,английский,,2026-08-16,2026,,,,14+,Glilot,MovieLand,601
19:50,One night only,לגמור את הלילה,https://movieland.co.il/order/?eventID=22046&theaterId=1293,https://movieland.co.il/order/?eventID=22046&theaterId=1293,Upgrade,2D,English,,2026-08-17,2026,,,,14+,Glilot,MovieLand,601
18:05,Spider-Man: Brand New Day,ספיידרמן: יום חדש,https://movieland.co.il/order/?eventID=22032&theaterId=1293,https://movieland.co.il/order/?eventID=22032&theaterId=1293,Upgrade,2D,English,,2026-08-17,2026,,,,All,Glilot,MovieLand,601
21:05,Spider-Man: Brand New Day,ספיידרמן: יום חדש,https://movieland.co.il/order/?eventID=22033&theaterId=1293,https://movieland.co.il/order/?eventID=22033&theaterId=1293,Upgrade,2D,English,,2026-08-17,2026,,,,All,Glilot,MovieLand,601
22:20,Spider-Man: Brand New Day,ספיידרמן: יום חדש,https://movieland.co.il/order/?eventID=22034&theaterId=1293,https://movieland.co.il/order/?eventID=22034&theaterId=1293,Upgrade,2D,English,,2026-08-17,2026,,,,All,Glilot,MovieLand,601
00:05,Spider-Man: Brand New Day,ספיידרמן: יום חדש,https://movieland.co.il/order/?eventID=22036&theaterId=1293,https://movieland.co.il/order/?eventID=22036&theaterId=1293,Upgrade,2D,English,,2026-08-17,2026,,,,All,Glilot,MovieLand,601
22:10,The Odyssey,האודיסאה,https://movieland.co.il/order/?eventID=22035&theaterId=1293,https://movieland.co.il/order/?eventID=22035&theaterId=1293,Upgrade,2D,English,,2026-08-17,2026,,,,14+,Glilot,MovieLand,601
13:05,Paw Patrol: The Dino Movie,מפרץ ההרפתקאות: אי הדינוזאורים,https://movieland.co.il/order/?eventID=22044&theaterId=1293,https://movieland.co.il/order/?eventID=22044&theaterId=1293,Upgrade,2D,English,Hebrew,2026-08-17,2026,,,,All,Glilot,MovieLand,601
16:05,Paw Patrol: The Dino Movie,מפרץ ההרפתקאות: אי הדינוזאורים,https://movieland.co.il/order/?eventID=22040&theaterId=1293,https://movieland.co.il/order/?eventID=22040&theaterId=1293,Upgrade,2D,English,Hebrew,2026-08-17,2026,,,,All,Glilot,MovieLand,601
11:00,Minions & Monsters,מיניונים ומפלצות,https://movieland.co.il/order/?eventID=22037&theaterId=1293,https://movieland.co.il/order/?eventID=22037&theaterId=1293,Upgrade,2D,English,Hebrew,2026-08-17,2026,,,,All,Glilot,MovieLand,601
15:10,Marsupilami,מרסופילאמי,https://movieland.co.il/order/?eventID=22039&theaterId=1293,https://movieland.co.il/order/?eventID=22039&theaterId=1293,Upgrade,2D,French,Hebrew,2026-08-17,2025,,,,All,Glilot,MovieLand,601
13:55,קופה ראשית: הסרט,קופה ראשית: הסרט,https://movieland.co.il/order/?eventID=22042&theaterId=1293,https://movieland.co.il/order/?eventID=22042&theaterId=1293,Upgrade,2D,Hebrew,,2026-08-17,2026,,,,All,Glilot,MovieLand,601
16:40,גבעה 338,גבעה 338,https://movieland.co.il/order/?eventID=22138&theaterId=1293,https://movieland.co.il/order/?eventID=22138&theaterId=1293,Upgrade,2D,Hebrew,,2026-08-17,2026,,,,9+,Glilot,MovieLand,601
17:30,סולטיז הסרט - וולוג ה-100,סולטיז הסרט - וולוג ה-100,https://movieland.co.il/order/?eventID=22047&theaterId=1293,https://movieland.co.il/order/?eventID=22047&theaterId=1293,Upgrade,2D,Hebrew,,2026-08-17,2026,,,,All,Glilot,MovieLand,601
11:30,Toy Story 5,צעצוע של סיפור 5,https://movieland.co.il/order/?eventID=22038&theaterId=1293,https://movieland.co.il/order/?eventID=22038&theaterId=1293,Upgrade,2D,English,Hebrew,2026-08-17,2026,,,,All,Glilot,MovieLand,601
10:55,Moana (Live Action),מואנה,https://movieland.co.il/order/?eventID=22041&theaterId=1293,https://movieland.co.il/order/?eventID=22041&theaterId=1293,Upgrade,2D,English,Hebrew,2026-08-17,2026,,,,All,Glilot,MovieLand,601
19:15,ЧЕЛОВЕК-ПАУК: НОВЫЙ ДЕНЬ,ЧЕЛОВЕК-ПАУК: НОВЫЙ ДЕНЬ,https://movieland.co.il/order/?eventID=22045&theaterId=1293,https://movieland.co.il/order/?eventID=22045&theaterId=1293,Upgrade,2D,английский,,2026-08-17,2026,,,,Нет возрастных ограничений,Glilot,MovieLand,601
17:40,Spider-Man: Brand New Day,ספיידרמן: יום חדש,https://movieland.co.il/order/?eventID=22083&theaterId=1293,https://movieland.co.il/order/?eventID=22083&theaterId=1293,Upgrade,2D,English,,2026-08-18,2026,,,,All,Glilot,MovieLand,601
19:10,Spider-Man: Brand New Day,ספיידרמן: יום חדש,https://movieland.co.il/order/?eventID=22085&theaterId=1293,https://movieland.co.il/order/?eventID=22085&theaterId=1293,Upgrade,2D,English,,2026-08-18,2026,,,,All,Glilot,MovieLand,601
20:40,Spider-Man: Brand New Day,ספיידרמן: יום חדש,https://movieland.co.il/order/?eventID=22084&theaterId=1293,https://movieland.co.il/order/?eventID=22084&theaterId=1293,Upgrade,2D,English,,2026-08-18,2026,,,,All,Glilot,MovieLand,601
22:10,Spider-Man: Brand New Day,ספיידרמן: יום חדש,https://movieland.co.il/order/?eventID=22086&theaterId=1293,https://movieland.co.il/order/?eventID=22086&theaterId=1293,Upgrade,2D,English,,2026-08-18,2026,,,,All,Glilot,MovieLand,601
23:40,Spider-Man: Brand New Day,ספיידרמן: יום חדש,https://movieland.co.il/order/?eventID=22089&theaterId=1293,https://movieland.co.il/order/?eventID=22089&theaterId=1293,Upgrade,2D,English,,2026-08-18,2026,,,,All,Glilot,MovieLand,601
22:25,The Odyssey,האודיסאה,https://movieland.co.il/order/?eventID=22087&theaterId=1293,https://movieland.co.il/order/?eventID=22087&theaterId=1293,Upgrade,2D,English,,2026-08-18,2026,,,,14+,Glilot,MovieLand,601
10:25,Paw Patrol: The Dino Movie,מפרץ ההרפתקאות: אי הדינוזאורים,https://movieland.co.il/order/?eventID=22096&theaterId=1293,https://movieland.co.il/order/?eventID=22096&theaterId=1293,Upgrade,2D,English,Hebrew,2026-08-18,2026,,,,All,Glilot,MovieLand,601
15:35,Paw Patrol: The Dino Movie,מפרץ ההרפתקאות: אי הדינוזאורים,https://movieland.co.il/order/?eventID=22095&theaterId=1293,https://movieland.co.il/order/?eventID=22095&theaterId=1293,Upgrade,2D,English,Hebrew,2026-08-18,2026,,,,All,Glilot,MovieLand,601
10:45,Minions & Monsters,מיניונים ומפלצות,https://movieland.co.il/order/?eventID=22090&theaterId=1293,https://movieland.co.il/order/?eventID=22090&theaterId=1293,Upgrade,2D,English,Hebrew,2026-08-18,2026,,,,All,Glilot,MovieLand,601
13:30,Minions & Monsters,מיניונים ומפלצות,https://movieland.co.il/order/?eventID=22091&theaterId=1293,https://movieland.co.il/order/?eventID=22091&theaterId=1293,Upgrade,2D,English,Hebrew,2026-08-18,2026,,,,All,Glilot,MovieLand,601
12:50,Marsupilami,מרסופילאמי,https://movieland.co.il/order/?eventID=22094&theaterId=1293,https://movieland.co.il/order/?eventID=22094&theaterId=1293,Upgrade,2D,French,Hebrew,2026-08-18,2025,,,,All,Glilot,MovieLand,601
15:05,Marsupilami,מרסופילאמי,https://movieland.co.il/order/?eventID=22093&theaterId=1293,https://movieland.co.il/order/?eventID=22093&theaterId=1293,Upgrade,2D,French,Hebrew,2026-08-18,2025,,,,All,Glilot,MovieLand,601
11:00,Valley of Shadows,בחזרה מההימלאיה,https://movieland.co.il/order/?eventID=22135&theaterId=1293,https://movieland.co.il/order/?eventID=22135&theaterId=1293,Upgrade,2D,ספרדית,,2026-08-18,2025,,,,12+,Glilot,MovieLand,601
19:50,Valley of Shadows,בחזרה מההימלאיה,https://movieland.co.il/order/?eventID=22099&theaterId=1293,https://movieland.co.il/order/?eventID=22099&theaterId=1293,Upgrade,2D,ספרדית,,2026-08-18,2025,,,,12+,Glilot,MovieLand,601
17:00,קופה ראשית: הסרט,קופה ראשית: הסרט,https://movieland.co.il/order/?eventID=22098&theaterId=1293,https://movieland.co.il/order/?eventID=22098&theaterId=1293,Upgrade,2D,Hebrew,,2026-08-18,2026,,,,All,Glilot,MovieLand,601
17:25,גבעה 338,גבעה 338,https://movieland.co.il/order/?eventID=22136&theaterId=1293,https://movieland.co.il/order/?eventID=22136&theaterId=1293,Upgrade,2D,Hebrew,,2026-08-18,2026,,,,9+,Glilot,MovieLand,601
14:45,סולטיז הסרט - וולוג ה-100,סולטיז הסרט - וולוג ה-100,https://movieland.co.il/order/?eventID=22100&theaterId=1293,https://movieland.co.il/order/?eventID=22100&theaterId=1293,Upgrade,2D,Hebrew,,2026-08-18,2026,,,,All,Glilot,MovieLand,601
12:30,Toy Story 5,צעצוע של סיפור 5,https://movieland.co.il/order/?eventID=22092&theaterId=1293,https://movieland.co.il/order/?eventID=22092&theaterId=1293,Upgrade,2D,English,Hebrew,2026-08-18,2026,,,,All,Glilot,MovieLand,601
19:50,One night only,לגמור את הלילה,https://movieland.co.il/order/?eventID=22031&theaterId=1293,https://movieland.co.il/order/?eventID=22031&theaterId=1293,Upgrade,2D,English,,2026-08-19,2026,,,,14+,Glilot,MovieLand,601
20:45,End of Oak street,סוף רחוב האלון,https://movieland.co.il/order/?eventID=22030&theaterId=1293,https://movieland.co.il/order/?eventID=22030&theaterId=1293,Upgrade,2D,English,,2026-08-19,2026,,,,12+,Glilot,MovieLand,601
17:40,Spider-Man: Brand New Day,ספיידרמן: יום חדש,https://movieland.co.il/order/?eventID=22014&theaterId=1293,https://movieland.co.il/order/?eventID=22014&theaterId=1293,Upgrade,2D,English,,2026-08-19,2026,,,,All,Glilot,MovieLand,601
19:15,Spider-Man: Brand New Day,ספיידרמן: יום חדש,https://movieland.co.il/order/?eventID=22015&theaterId=1293,https://movieland.co.il/order/?eventID=22015&theaterId=1293,Upgrade,2D,English,,2026-08-19,2026,,,,All,Glilot,MovieLand,601
22:20,Spider-Man: Brand New Day,ספיידרמן: יום חדש,https://movieland.co.il/order/?eventID=22016&theaterId=1293,https://movieland.co.il/order/?eventID=22016&theaterId=1293,Upgrade,2D,English,,2026-08-19,2026,,,,All,Glilot,MovieLand,601
23:00,Spider-Man: Brand New Day,ספיידרמן: יום חדש,https://movieland.co.il/order/?eventID=22019&theaterId=1293,https://movieland.co.il/order/?eventID=22019&theaterId=1293,Upgrade,2D,English,,2026-08-19,2026,,,,All,Glilot,MovieLand,601
22:10,The Odyssey,האודיסאה,https://movieland.co.il/order/?eventID=22017&theaterId=1293,https://movieland.co.il/order/?eventID=22017&theaterId=1293,Upgrade,2D,English,,2026-08-19,2026,,,,14+,Glilot,MovieLand,601
10:30,Paw Patrol: The Dino Movie,מפרץ ההרפתקאות: אי הדינוזאורים,https://movieland.co.il/order/?eventID=22026&theaterId=1293,https://movieland.co.il/order/?eventID=22026&theaterId=1293,Upgrade,2D,English,Hebrew,2026-08-19,2026,,,,All,Glilot,MovieLand,601
15:35,Paw Patrol: The Dino Movie,מפרץ ההרפתקאות: אי הדינוזאורים,https://movieland.co.il/order/?eventID=22025&theaterId=1293,https://movieland.co.il/order/?eventID=22025&theaterId=1293,Upgrade,2D,English,Hebrew,2026-08-19,2026,,,,All,Glilot,MovieLand,601
10:45,Minions & Monsters,מיניונים ומפלצות,https://movieland.co.il/order/?eventID=22020&theaterId=1293,https://movieland.co.il/order/?eventID=22020&theaterId=1293,Upgrade,2D,English,Hebrew,2026-08-19,2026,,,,All,Glilot,MovieLand,601
13:30,Minions & Monsters,מיניונים ומפלצות,https://movieland.co.il/order/?eventID=22021&theaterId=1293,https://movieland.co.il/order/?eventID=22021&theaterId=1293,Upgrade,2D,English,Hebrew,2026-08-19,2026,,,,All,Glilot,MovieLand,601
12:50,Marsupilami,מרסופילאמי,https://movieland.co.il/order/?eventID=22024&theaterId=1293,https://movieland.co.il/order/?eventID=22024&theaterId=1293,Upgrade,2D,French,Hebrew,2026-08-19,2025,,,,All,Glilot,MovieLand,601
15:05,Marsupilami,מרסופילאמי,https://movieland.co.il/order/?eventID=22023&theaterId=1293,https://movieland.co.il/order/?eventID=22023&theaterId=1293,Upgrade,2D,French,Hebrew,2026-08-19,2025,,,,All,Glilot,MovieLand,601
14:55,קופה ראשית: הסרט,קופה ראשית: הסרט,https://movieland.co.il/order/?eventID=22028&theaterId=1293,https://movieland.co.il/order/?eventID=22028&theaterId=1293,Upgrade,2D,Hebrew,,2026-08-19,2026,,,,All,Glilot,MovieLand,601
17:05,קופה ראשית: הסרט,קופה ראשית: הסרט,https://movieland.co.il/order/?eventID=22029&theaterId=1293,https://movieland.co.il/order/?eventID=22029&theaterId=1293,Upgrade,2D,Hebrew,,2026-08-19,2026,,,,All,Glilot,MovieLand,601
17:20,גבעה 338,גבעה 338,https://movieland.co.il/order/?eventID=22139&theaterId=1293,https://movieland.co.il/order/?eventID=22139&theaterId=1293,Upgrade,2D,Hebrew,,2026-08-19,2026,,,,9+,Glilot,MovieLand,601
12:35,Toy Story 5,צעצוע של סיפור 5,https://movieland.co.il/order/?eventID=22022&theaterId=1293,https://movieland.co.il/order/?eventID=22022&theaterId=1293,Upgrade,2D,English,Hebrew,2026-08-19,2026,,,,All,Glilot,MovieLand,601
11:00,Moana (Live Action),מואנה,https://movieland.co.il/order/?eventID=22027&theaterId=1293,https://movieland.co.il/order/?eventID=22027&theaterId=1293,Upgrade,2D,English,Hebrew,2026-08-19,2026,,,,All,Glilot,MovieLand,601
21:00,MovieRetro- לב אמיץ,MovieRetro- לב אמיץ,https://movieland.co.il/order/?eventID=22012&theaterId=1293,https://movieland.co.il/order/?eventID=22012&theaterId=1293,Upgrade,2D,English,,2026-08-27,1995,,,,,Glilot,MovieLand,601
19:30,MovieRetro- הזאב מוול סטריט,MovieRetro- הזאב מוול סטריט,https://movieland.co.il/order/?eventID=19661&theaterId=1293,https://movieland.co.il/order/?eventID=19661&theaterId=1293,Upgrade,2D,English,,2026-09-03,2013,,,,,Glilot,MovieLand,601
10:45,"מועדון סרטי איכות- ""מתכון מנצח"" בטרום בכורה","מועדון סרטי איכות- ""מתכון מנצח"" בטרום בכורה",https://movieland.co.il/order/?eventID=19656&theaterId=1293,https://movieland.co.il/order/?eventID=19656&theaterId=1293,Upgrade,2D,English,,2026-09-04,2025,,,,,Glilot,MovieLand,601
12:00,"מועדון סרטי איכות- ""מתכון מנצח"" בטרום בכורה","מועדון סרטי איכות- ""מתכון מנצח"" בטרום בכורה",https://movieland.co.il/order/?eventID=19657&theaterId=1293,https://movieland.co.il/order/?eventID=19657&theaterId=1293,Upgrade,2D,English,,2026-09-04,2025,,,,,Glilot,MovieLand,601
21:30,One night only,לגמור את הלילה,https://movieland.co.il/order/?eventID=104089&theaterId=1291,https://movieland.co.il/order/?eventID=104089&theaterId=1291,Regular,2D,English,,2026-08-14,2026,,,,14+,Haifa,MovieLand,601
23:50,One night only,לגמור את הלילה,https://movieland.co.il/order/?eventID=104095&theaterId=1291,https://movieland.co.il/order/?eventID=104095&theaterId=1291,Regular,2D,English,,2026-08-14,2026,,,,14+,Haifa,MovieLand,601
22:10,End of Oak street,סוף רחוב האלון,https://movieland.co.il/order/?eventID=104097&theaterId=1291,https://movieland.co.il/order/?eventID=104097&theaterId=1291,Regular,2D,English,,2026-08-14,2026,,,,12+,Haifa,MovieLand,601
00:25,End of Oak street,סוף רחוב האלון,https://movieland.co.il/order/?eventID=104098&theaterId=1291,https://movieland.co.il/order/?eventID=104098&theaterId=1291,Regular,2D,English,,2026-08-14,2026,,,,12+,Haifa,MovieLand,601
12:00,Spider-Man: Brand New Day,ספיידרמן: יום חדש,https://movieland.co.il/order/?eventID=104079&theaterId=1291,https://movieland.co.il/order/?eventID=104079&theaterId=1291,Regular,2D,English,,2026-08-14,2026,,,,All,Haifa,MovieLand,601
15:00,Spider-Man: Brand New Day,ספיידרמן: יום חדש,https://movieland.co.il/order/?eventID=104072&theaterId=1291,https://movieland.co.il/order/?eventID=104072&theaterId=1291,Regular,2D,English,,2026-08-14,2026,,,,All,Haifa,MovieLand,601
17:10,Spider-Man: Brand New Day,ספיידרמן: יום חדש,https://movieland.co.il/order/?eventID=104076&theaterId=1291,https://movieland.co.il/order/?eventID=104076&theaterId=1291,Upgrade,2D,English,,2026-08-14,2026,,,,All,Haifa,MovieLand,601
18:00,Spider-Man: Brand New Day,ספיידרמן: יום חדש,https://movieland.co.il/order/?eventID=104073&theaterId=1291,https://movieland.co.il/order/?eventID=104073&theaterId=1291,Regular,2D,English,,2026-08-14,2026,,,,All,Haifa,MovieLand,601
19:35,Spider-Man: Brand New Day,ספיידרמן: יום חדש,https://movieland.co.il/order/?eventID=104077&theaterId=1291,https://movieland.co.il/order/?eventID=104077&theaterId=1291,Upgrade,2D,English,,2026-08-14,2026,,,,All,Haifa,MovieLand,601
20:10,Spider-Man: Brand New Day,ספיידרמן: יום חדש,https://movieland.co.il/order/?eventID=104075&theaterId=1291,https://movieland.co.il/order/?eventID=104075&theaterId=1291,Upgrade,2D,English,,2026-08-14,2026,,,,All,Haifa,MovieLand,601
21:00,Spider-Man: Brand New Day,ספיידרמן: יום חדש,https://movieland.co.il/order/?eventID=104074&theaterId=1291,https://movieland.co.il/order/?eventID=104074&theaterId=1291,Regular,2D,English,,2026-08-14,2026,,,,All,Haifa,MovieLand,601
22:35,Spider-Man: Brand New Day,ספיידרמן: יום חדש,https://movieland.co.il/order/?eventID=104078&theaterId=1291,https://movieland.co.il/order/?eventID=104078&theaterId=1291,Upgrade,2D,English,,2026-08-14,2026,,,,All,Haifa,MovieLand,601
23:10,Spider-Man: Brand New Day,ספיידרמן: יום חדש,https://movieland.co.il/order/?eventID=104081&theaterId=1291,https://movieland.co.il/order/?eventID=104081&theaterId=1291,Upgrade,2D,English,,2026-08-14,2026,,,,All,Haifa,MovieLand,601
15:00,The Odyssey,האודיסאה,https://movieland.co.il/order/?eventID=104064&theaterId=1291,https://movieland.co.il/order/?eventID=104064&theaterId=1291,Regular,2D,English,,2026-08-14,2026,,,,14+,Haifa,MovieLand,601
18:00,The Odyssey,האודיסאה,https://movieland.co.il/order/?eventID=104062&theaterId=1291,https://movieland.co.il/order/?eventID=104062&theaterId=1291,Upgrade,2D,English,,2026-08-14,2026,,,,14+,Haifa,MovieLand,601
21:30,The Odyssey,האודיסאה,https://movieland.co.il/order/?eventID=104063&theaterId=1291,https://movieland.co.il/order/?eventID=104063&theaterId=1291,Upgrade,2D,English,,2026-08-14,2026,,,,14+,Haifa,MovieLand,601
11:15,Paw Patrol: The Dino Movie,מפרץ ההרפתקאות: אי הדינוזאורים,https://movieland.co.il/order/?eventID=104088&theaterId=1291,https://movieland.co.il/order/?eventID=104088&theaterId=1291,Upgrade,2D,English,Hebrew,2026-08-14,2026,,,,All,Haifa,MovieLand,601
13:20,Paw Patrol: The Dino Movie,מפרץ ההרפתקאות: אי הדינוזאורים,https://movieland.co.il/order/?eventID=104084&theaterId=1291,https://movieland.co.il/order/?eventID=104084&theaterId=1291,Upgrade,2D,English,Hebrew,2026-08-14,2026,,,,All,Haifa,MovieLand,601
15:25,Paw Patrol: The Dino Movie,מפרץ ההרפתקאות: אי הדינוזאורים,https://movieland.co.il/order/?eventID=104083&theaterId=1291,https://movieland.co.il/order/?eventID=104083&theaterId=1291,Upgrade,2D,English,Hebrew,2026-08-14,2026,,,,All,Haifa,MovieLand,601
17:30,Paw Patrol: The Dino Movie,מפרץ ההרפתקאות: אי הדינוזאורים,https://movieland.co.il/order/?eventID=104082&theaterId=1291,https://movieland.co.il/order/?eventID=104082&theaterId=1291,Upgrade,2D,English,Hebrew,2026-08-14,2026,,,,All,Haifa,MovieLand,601
10:55,Minions & Monsters,מיניונים ומפלצות,https://movieland.co.il/order/?eventID=104071&theaterId=1291,https://movieland.co.il/order/?eventID=104071&theaterId=1291,Upgrade,2D,English,Hebrew,2026-08-14,2026,,,,All,Haifa,MovieLand,601
13:00,Minions & Monsters,מיניונים ומפלצות,https://movieland.co.il/order/?eventID=104070&theaterId=1291,https://movieland.co.il/order/?eventID=104070&theaterId=1291,Upgrade,2D,English,Hebrew,2026-08-14,2026,,,,All,Haifa,MovieLand,601
15:05,Minions & Monsters,מיניונים ומפלצות,https://movieland.co.il/order/?eventID=104069&theaterId=1291,https://movieland.co.il/order/?eventID=104069&theaterId=1291,Upgrade,2D,English,Hebrew,2026-08-14,2026,,,,All,Haifa,MovieLand,601
10:40,Marsupilami,מרסופילאמי,https://movieland.co.il/order/?eventID=104101&theaterId=1291,https://movieland.co.il/order/?eventID=104101&theaterId=1291,Upgrade,2D,French,Hebrew,2026-08-14,2025,,,,All,Haifa,MovieLand,601
12:55,Marsupilami,מרסופילאמי,https://movieland.co.il/order/?eventID=104086&theaterId=1291,https://movieland.co.il/order/?eventID=104086&theaterId=1291,Upgrade,2D,French,Hebrew,2026-08-14,2025,,,,All,Haifa,MovieLand,601
15:10,Marsupilami,מרסופילאמי,https://movieland.co.il/order/?eventID=104085&theaterId=1291,https://movieland.co.il/order/?eventID=104085&theaterId=1291,Upgrade,2D,French,Hebrew,2026-08-14,2025,,,,All,Haifa,MovieLand,601
17:25,Marsupilami,מרסופילאמי,https://movieland.co.il/order/?eventID=104091&theaterId=1291,https://movieland.co.il/order/?eventID=104091&theaterId=1291,Upgrade,2D,French,Hebrew,2026-08-14,2025,,,,All,Haifa,MovieLand,601
00:20,Ice Cream Man,איש הגלידה,https://movieland.co.il/order/?eventID=104094&theaterId=1291,https://movieland.co.il/order/?eventID=104094&theaterId=1291,Upgrade,2D,English,,2026-08-14,2026,,,,18+,Haifa,MovieLand,601
12:35,Bitter Christmas,חג מולד מר,https://movieland.co.il/order/?eventID=104096&theaterId=1291,https://movieland.co.il/order/?eventID=104096&theaterId=1291,Regular,2D,ספרדית,,2026-08-14,2026,,,,All,Haifa,MovieLand,601
16:30,קופה ראשית: הסרט,קופה ראשית: הסרט,https://movieland.co.il/order/?eventID=104092&theaterId=1291,https://movieland.co.il/order/?eventID=104092&theaterId=1291,Regular,2D,Hebrew,,2026-08-14,2026,,,,All,Haifa,MovieLand,601
21:55,גבעה 338,גבעה 338,https://movieland.co.il/order/?eventID=104093&theaterId=1291,https://movieland.co.il/order/?eventID=104093&theaterId=1291,Upgrade,2D,Hebrew,,2026-08-14,2026,,,,9+,Haifa,MovieLand,601
00:00,גבעה 338,גבעה 338,https://movieland.co.il/order/?eventID=104087&theaterId=1291,https://movieland.co.il/order/?eventID=104087&theaterId=1291,Regular,2D,Hebrew,,2026-08-14,2026,,,,9+,Haifa,MovieLand,601
11:55,סולטיז הסרט - וולוג ה-100,סולטיז הסרט - וולוג ה-100,https://movieland.co.il/order/?eventID=104080&theaterId=1291,https://movieland.co.il/order/?eventID=104080&theaterId=1291,Regular,2D,Hebrew,,2026-08-14,2026,,,,All,Haifa,MovieLand,601
14:10,Toy Story 5,צעצוע של סיפור 5,https://movieland.co.il/order/?eventID=104066&theaterId=1291,https://movieland.co.il/order/?eventID=104066&theaterId=1291,Regular,2D,English,Hebrew,2026-08-14,2026,,,,All,Haifa,MovieLand,601
15:45,Toy Story 5,צעצוע של סיפור 5,https://movieland.co.il/order/?eventID=104065&theaterId=1291,https://movieland.co.il/order/?eventID=104065&theaterId=1291,Upgrade,2D,English,Hebrew,2026-08-14,2026,,,,All,Haifa,MovieLand,601
10:45,Moana (Live Action),מואנה,https://movieland.co.il/order/?eventID=104068&theaterId=1291,https://movieland.co.il/order/?eventID=104068&theaterId=1291,Upgrade,2D,English,Hebrew,2026-08-14,2026,,,,All,Haifa,MovieLand,601
13:15,Moana (Live Action),מואנה,https://movieland.co.il/order/?eventID=104067&theaterId=1291,https://movieland.co.il/order/?eventID=104067&theaterId=1291,Upgrade,2D,English,Hebrew,2026-08-14,2026,,,,All,Haifa,MovieLand,601
10:35,Three Wishes for Cinderella,סינדרלה ושלוש המשאלות,https://movieland.co.il/order/?eventID=104100&theaterId=1291,https://movieland.co.il/order/?eventID=104100&theaterId=1291,Regular,2D,,Hebrew,2026-08-14,2026,,,,All,Haifa,MovieLand,601
19:40,НА КРАЮ ОУК-СТРИТ,НА КРАЮ ОУК-СТРИТ,https://movieland.co.il/order/?eventID=104099&theaterId=1291,https://movieland.co.il/order/?eventID=104099&theaterId=1291,Upgrade,2D,английский,,2026-08-14,,,,,12+,Haifa,MovieLand,601
18:40,ОДИССЕЯ,ОДИССЕЯ,https://movieland.co.il/order/?eventID=104090&theaterId=1291,https://movieland.co.il/order/?eventID=104090&theaterId=1291,Regular,2D,английский,,2026-08-14,2026,,,,14+,Haifa,MovieLand,601
18:30,ЧЕЛОВЕК-ПАУК: НОВЫЙ ДЕНЬ,ЧЕЛОВЕК-ПАУК: НОВЫЙ ДЕНЬ,https://movieland.co.il/order/?eventID=104061&theaterId=1291,https://movieland.co.il/order/?eventID=104061&theaterId=1291,Regular,2D,английский,,2026-08-14,2026,,,,Нет возрастных ограничений,Haifa,MovieLand,601
21:30,One night only,לגמור את הלילה,https://movieland.co.il/order/?eventID=103966&theaterId=1291,https://movieland.co.il/order/?eventID=103966&theaterId=1291,Regular,2D,English,,2026-08-15,2026,,,,14+,Haifa,MovieLand,601
23:50,One night only,לגמור את הלילה,https://movieland.co.il/order/?eventID=103972&theaterId=1291,https://movieland.co.il/order/?eventID=103972&theaterId=1291,Regular,2D,English,,2026-08-15,2026,,,,14+,Haifa,MovieLand,601
22:10,End of Oak street,סוף רחוב האלון,https://movieland.co.il/order/?eventID=103974&theaterId=1291,https://movieland.co.il/order/?eventID=103974&theaterId=1291,Regular,2D,English,,2026-08-15,2026,,,,12+,Haifa,MovieLand,601
00:25,End of Oak street,סוף רחוב האלון,https://movieland.co.il/order/?eventID=103975&theaterId=1291,https://movieland.co.il/order/?eventID=103975&theaterId=1291,Regular,2D,English,,2026-08-15,2026,,,,12+,Haifa,MovieLand,601
12:00,Spider-Man: Brand New Day,ספיידרמן: יום חדש,https://movieland.co.il/order/?eventID=103956&theaterId=1291,https://movieland.co.il/order/?eventID=103956&theaterId=1291,Regular,2D,English,,2026-08-15,2026,,,,All,Haifa,MovieLand,601
15:00,Spider-Man: Brand New Day,ספיידרמן: יום חדש,https://movieland.co.il/order/?eventID=103949&theaterId=1291,https://movieland.co.il/order/?eventID=103949&theaterId=1291,Regular,2D,English,,2026-08-15,2026,,,,All,Haifa,MovieLand,601
17:10,Spider-Man: Brand New Day,ספיידרמן: יום חדש,https://movieland.co.il/order/?eventID=103953&theaterId=1291,https://movieland.co.il/order/?eventID=103953&theaterId=1291,Upgrade,2D,English,,2026-08-15,2026,,,,All,Haifa,MovieLand,601
18:00,Spider-Man: Brand New Day,ספיידרמן: יום חדש,https://movieland.co.il/order/?eventID=103950&theaterId=1291,https://movieland.co.il/order/?eventID=103950&theaterId=1291,Regular,2D,English,,2026-08-15,2026,,,,All,Haifa,MovieLand,601
19:35,Spider-Man: Brand New Day,ספיידרמן: יום חדש,https://movieland.co.il/order/?eventID=103954&theaterId=1291,https://movieland.co.il/order/?eventID=103954&theaterId=1291,Upgrade,2D,English,,2026-08-15,2026,,,,All,Haifa,MovieLand,601
20:10,Spider-Man: Brand New Day,ספיידרמן: יום חדש,https://movieland.co.il/order/?eventID=103952&theaterId=1291,https://movieland.co.il/order/?eventID=103952&theaterId=1291,Upgrade,2D,English,,2026-08-15,2026,,,,All,Haifa,MovieLand,601
21:00,Spider-Man: Brand New Day,ספיידרמן: יום חדש,https://movieland.co.il/order/?eventID=103951&theaterId=1291,https://movieland.co.il/order/?eventID=103951&theaterId=1291,Regular,2D,English,,2026-08-15,2026,,,,All,Haifa,MovieLand,601
22:35,Spider-Man: Brand New Day,ספיידרמן: יום חדש,https://movieland.co.il/order/?eventID=103955&theaterId=1291,https://movieland.co.il/order/?eventID=103955&theaterId=1291,Upgrade,2D,English,,2026-08-15,2026,,,,All,Haifa,MovieLand,601
23:10,Spider-Man: Brand New Day,ספיידרמן: יום חדש,https://movieland.co.il/order/?eventID=103958&theaterId=1291,https://movieland.co.il/order/?eventID=103958&theaterId=1291,Upgrade,2D,English,,2026-08-15,2026,,,,All,Haifa,MovieLand,601
15:00,The Odyssey,האודיסאה,https://movieland.co.il/order/?eventID=103941&theaterId=1291,https://movieland.co.il/order/?eventID=103941&theaterId=1291,Regular,2D,English,,2026-08-15,2026,,,,14+,Haifa,MovieLand,601
18:00,The Odyssey,האודיסאה,https://movieland.co.il/order/?eventID=103939&theaterId=1291,https://movieland.co.il/order/?eventID=103939&theaterId=1291,Upgrade,2D,English,,2026-08-15,2026,,,,14+,Haifa,MovieLand,601
21:30,The Odyssey,האודיסאה,https://movieland.co.il/order/?eventID=103940&theaterId=1291,https://movieland.co.il/order/?eventID=103940&theaterId=1291,Upgrade,2D,English,,2026-08-15,2026,,,,14+,Haifa,MovieLand,601
11:15,Paw Patrol: The Dino Movie,מפרץ ההרפתקאות: אי הדינוזאורים,https://movieland.co.il/order/?eventID=103965&theaterId=1291,https://movieland.co.il/order/?eventID=103965&theaterId=1291,Upgrade,2D,English,Hebrew,2026-08-15,2026,,,,All,Haifa,MovieLand,601
13:20,Paw Patrol: The Dino Movie,מפרץ ההרפתקאות: אי הדינוזאורים,https://movieland.co.il/order/?eventID=103961&theaterId=1291,https://movieland.co.il/order/?eventID=103961&theaterId=1291,Upgrade,2D,English,Hebrew,2026-08-15,2026,,,,All,Haifa,MovieLand,601
15:25,Paw Patrol: The Dino Movie,מפרץ ההרפתקאות: אי הדינוזאורים,https://movieland.co.il/order/?eventID=103960&theaterId=1291,https://movieland.co.il/order/?eventID=103960&theaterId=1291,Upgrade,2D,English,Hebrew,2026-08-15,2026,,,,All,Haifa,MovieLand,601
17:30,Paw Patrol: The Dino Movie,מפרץ ההרפתקאות: אי הדינוזאורים,https://movieland.co.il/order/?eventID=103959&theaterId=1291,https://movieland.co.il/order/?eventID=103959&theaterId=1291,Upgrade,2D,English,Hebrew,2026-08-15,2026,,,,All,Haifa,MovieLand,601
10:55,Minions & Monsters,מיניונים ומפלצות,https://movieland.co.il/order/?eventID=103948&theaterId=1291,https://movieland.co.il/order/?eventID=103948&theaterId=1291,Upgrade,2D,English,Hebrew,2026-08-15,2026,,,,All,Haifa,MovieLand,601
13:00,Minions & Monsters,מיניונים ומפלצות,https://movieland.co.il/order/?eventID=103947&theaterId=1291,https://movieland.co.il/order/?eventID=103947&theaterId=1291,Upgrade,2D,English,Hebrew,2026-08-15,2026,,,,All,Haifa,MovieLand,601
15:05,Minions & Monsters,מיניונים ומפלצות,https://movieland.co.il/order/?eventID=103946&theaterId=1291,https://movieland.co.il/order/?eventID=103946&theaterId=1291,Upgrade,2D,English,Hebrew,2026-08-15,2026,,,,All,Haifa,MovieLand,601
10:40,Marsupilami,מרסופילאמי,https://movieland.co.il/order/?eventID=103978&theaterId=1291,https://movieland.co.il/order/?eventID=103978&theaterId=1291,Upgrade,2D,French,Hebrew,2026-08-15,2025,,,,All,Haifa,MovieLand,601
12:55,Marsupilami,מרסופילאמי,https://movieland.co.il/order/?eventID=103963&theaterId=1291,https://movieland.co.il/order/?eventID=103963&theaterId=1291,Upgrade,2D,French,Hebrew,2026-08-15,2025,,,,All,Haifa,MovieLand,601
15:10,Marsupilami,מרסופילאמי,https://movieland.co.il/order/?eventID=103962&theaterId=1291,https://movieland.co.il/order/?eventID=103962&theaterId=1291,Upgrade,2D,French,Hebrew,2026-08-15,2025,,,,All,Haifa,MovieLand,601
17:25,Marsupilami,מרסופילאמי,https://movieland.co.il/order/?eventID=103968&theaterId=1291,https://movieland.co.il/order/?eventID=103968&theaterId=1291,Upgrade,2D,French,Hebrew,2026-08-15,2025,,,,All,Haifa,MovieLand,601
00:20,Ice Cream Man,איש הגלידה,https://movieland.co.il/order/?eventID=103971&theaterId=1291,https://movieland.co.il/order/?eventID=103971&theaterId=1291,Upgrade,2D,English,,2026-08-15,2026,,,,18+,Haifa,MovieLand,601
12:35,Bitter Christmas,חג מולד מר,https://movieland.co.il/order/?eventID=103973&theaterId=1291,https://movieland.co.il/order/?eventID=103973&theaterId=1291,Regular,2D,ספרדית,,2026-08-15,2026,,,,All,Haifa,MovieLand,601
16:30,קופה ראשית: הסרט,קופה ראשית: הסרט,https://movieland.co.il/order/?eventID=103969&theaterId=1291,https://movieland.co.il/order/?eventID=103969&theaterId=1291,Regular,2D,Hebrew,,2026-08-15,2026,,,,All,Haifa,MovieLand,601
21:55,גבעה 338,גבעה 338,https://movieland.co.il/order/?eventID=103970&theaterId=1291,https://movieland.co.il/order/?eventID=103970&theaterId=1291,Upgrade,2D,Hebrew,,2026-08-15,2026,,,,9+,Haifa,MovieLand,601
00:00,גבעה 338,גבעה 338,https://movieland.co.il/order/?eventID=103964&theaterId=1291,https://movieland.co.il/order/?eventID=103964&theaterId=1291,Regular,2D,Hebrew,,2026-08-15,2026,,,,9+,Haifa,MovieLand,601
11:55,סולטיז הסרט - וולוג ה-100,סולטיז הסרט - וולוג ה-100,https://movieland.co.il/order/?eventID=103957&theaterId=1291,https://movieland.co.il/order/?eventID=103957&theaterId=1291,Regular,2D,Hebrew,,2026-08-15,2026,,,,All,Haifa,MovieLand,601
14:10,Toy Story 5,צעצוע של סיפור 5,https://movieland.co.il/order/?eventID=103943&theaterId=1291,https://movieland.co.il/order/?eventID=103943&theaterId=1291,Regular,2D,English,Hebrew,2026-08-15,2026,,,,All,Haifa,MovieLand,601
15:45,Toy Story 5,צעצוע של סיפור 5,https://movieland.co.il/order/?eventID=103942&theaterId=1291,https://movieland.co.il/order/?eventID=103942&theaterId=1291,Upgrade,2D,English,Hebrew,2026-08-15,2026,,,,All,Haifa,MovieLand,601
10:45,Moana (Live Action),מואנה,https://movieland.co.il/order/?eventID=103945&theaterId=1291,https://movieland.co.il/order/?eventID=103945&theaterId=1291,Upgrade,2D,English,Hebrew,2026-08-15,2026,,,,All,Haifa,MovieLand,601
13:15,Moana (Live Action),מואנה,https://movieland.co.il/order/?eventID=103944&theaterId=1291,https://movieland.co.il/order/?eventID=103944&theaterId=1291,Upgrade,2D,English,Hebrew,2026-08-15,2026,,,,All,Haifa,MovieLand,601
10:35,Three Wishes for Cinderella,סינדרלה ושלוש המשאלות,https://movieland.co.il/order/?eventID=103977&theaterId=1291,https://movieland.co.il/order/?eventID=103977&theaterId=1291,Regular,2D,,Hebrew,2026-08-15,2026,,,,All,Haifa,MovieLand,601
19:40,НА КРАЮ ОУК-СТРИТ,НА КРАЮ ОУК-СТРИТ,https://movieland.co.il/order/?eventID=103976&theaterId=1291,https://movieland.co.il/order/?eventID=103976&theaterId=1291,Upgrade,2D,английский,,2026-08-15,,,,,12+,Haifa,MovieLand,601
18:40,ОДИССЕЯ,ОДИССЕЯ,https://movieland.co.il/order/?eventID=103967&theaterId=1291,https://movieland.co.il/order/?eventID=103967&theaterId=1291,Regular,2D,английский,,2026-08-15,2026,,,,14+,Haifa,MovieLand,601
18:30,ЧЕЛОВЕК-ПАУК: НОВЫЙ ДЕНЬ,ЧЕЛОВЕК-ПАУК: НОВЫЙ ДЕНЬ,https://movieland.co.il/order/?eventID=103938&theaterId=1291,https://movieland.co.il/order/?eventID=103938&theaterId=1291,Regular,2D,английский,,2026-08-15,2026,,,,Нет возрастных ограничений,Haifa,MovieLand,601
21:35,One night only,לגמור את הלילה,https://movieland.co.il/order/?eventID=104045&theaterId=1291,https://movieland.co.il/order/?eventID=104045&theaterId=1291,Regular,2D,English,,2026-08-16,2026,,,,14+,Haifa,MovieLand,601
23:55,One night only,לגמור את הלילה,https://movieland.co.il/order/?eventID=104050&theaterId=1291,https://movieland.co.il/order/?eventID=104050&theaterId=1291,Regular,2D,English,,2026-08-16,2026,,,,14+,Haifa,MovieLand,601
19:20,End of Oak street,סוף רחוב האלון,https://movieland.co.il/order/?eventID=104055&theaterId=1291,https://movieland.co.il/order/?eventID=104055&theaterId=1291,Regular,2D,English,,2026-08-16,2026,,,,12+,Haifa,MovieLand,601
21:45,End of Oak street,סוף רחוב האלון,https://movieland.co.il/order/?eventID=104051&theaterId=1291,https://movieland.co.il/order/?eventID=104051&theaterId=1291,Regular,2D,English,,2026-08-16,2026,,,,12+,Haifa,MovieLand,601
00:00,End of Oak street,סוף רחוב האלון,https://movieland.co.il/order/?eventID=104052&theaterId=1291,https://movieland.co.il/order/?eventID=104052&theaterId=1291,Regular,2D,English,,2026-08-16,2026,,,,12+,Haifa,MovieLand,601
12:00,Spider-Man: Brand New Day,ספיידרמן: יום חדש,https://movieland.co.il/order/?eventID=104035&theaterId=1291,https://movieland.co.il/order/?eventID=104035&theaterId=1291,Regular,2D,English,,2026-08-16,2026,,,,All,Haifa,MovieLand,601
15:00,Spider-Man: Brand New Day,ספיידרמן: יום חדש,https://movieland.co.il/order/?eventID=104028&theaterId=1291,https://movieland.co.il/order/?eventID=104028&theaterId=1291,Regular,2D,English,,2026-08-16,2026,,,,All,Haifa,MovieLand,601
17:10,Spider-Man: Brand New Day,ספיידרמן: יום חדש,https://movieland.co.il/order/?eventID=104032&theaterId=1291,https://movieland.co.il/order/?eventID=104032&theaterId=1291,Upgrade,2D,English,,2026-08-16,2026,,,,All,Haifa,MovieLand,601
18:00,Spider-Man: Brand New Day,ספיידרמן: יום חדש,https://movieland.co.il/order/?eventID=104029&theaterId=1291,https://movieland.co.il/order/?eventID=104029&theaterId=1291,Regular,2D,English,,2026-08-16,2026,,,,All,Haifa,MovieLand,601
19:35,Spider-Man: Brand New Day,ספיידרמן: יום חדש,https://movieland.co.il/order/?eventID=104033&theaterId=1291,https://movieland.co.il/order/?eventID=104033&theaterId=1291,Upgrade,2D,English,,2026-08-16,2026,,,,All,Haifa,MovieLand,601
20:10,Spider-Man: Brand New Day,ספיידרמן: יום חדש,https://movieland.co.il/order/?eventID=104031&theaterId=1291,https://movieland.co.il/order/?eventID=104031&theaterId=1291,Upgrade,2D,English,,2026-08-16,2026,,,,All,Haifa,MovieLand,601
21:00,Spider-Man: Brand New Day,ספיידרמן: יום חדש,https://movieland.co.il/order/?eventID=104030&theaterId=1291,https://movieland.co.il/order/?eventID=104030&theaterId=1291,Regular,2D,English,,2026-08-16,2026,,,,All,Haifa,MovieLand,601
22:35,Spider-Man: Brand New Day,ספיידרמן: יום חדש,https://movieland.co.il/order/?eventID=104034&theaterId=1291,https://movieland.co.il/order/?eventID=104034&theaterId=1291,Upgrade,2D,English,,2026-08-16,2026,,,,All,Haifa,MovieLand,601
23:10,Spider-Man: Brand New Day,ספיידרמן: יום חדש,https://movieland.co.il/order/?eventID=104037&theaterId=1291,https://movieland.co.il/order/?eventID=104037&theaterId=1291,Upgrade,2D,English,,2026-08-16,2026,,,,All,Haifa,MovieLand,601
18:00,The Odyssey,האודיסאה,https://movieland.co.il/order/?eventID=104019&theaterId=1291,https://movieland.co.il/order/?eventID=104019&theaterId=1291,Upgrade,2D,English,,2026-08-16,2026,,,,14+,Haifa,MovieLand,601
21:30,The Odyssey,האודיסאה,https://movieland.co.il/order/?eventID=104020&theaterId=1291,https://movieland.co.il/order/?eventID=104020&theaterId=1291,Upgrade,2D,English,,2026-08-16,2026,,,,14+,Haifa,MovieLand,601
11:15,Paw Patrol: The Dino Movie,מפרץ ההרפתקאות: אי הדינוזאורים,https://movieland.co.il/order/?eventID=104044&theaterId=1291,https://movieland.co.il/order/?eventID=104044&theaterId=1291,Upgrade,2D,English,Hebrew,2026-08-16,2026,,,,All,Haifa,MovieLand,601
13:20,Paw Patrol: The Dino Movie,מפרץ ההרפתקאות: אי הדינוזאורים,https://movieland.co.il/order/?eventID=104040&theaterId=1291,https://movieland.co.il/order/?eventID=104040&theaterId=1291,Upgrade,2D,English,Hebrew,2026-08-16,2026,,,,All,Haifa,MovieLand,601
15:25,Paw Patrol: The Dino Movie,מפרץ ההרפתקאות: אי הדינוזאורים,https://movieland.co.il/order/?eventID=104039&theaterId=1291,https://movieland.co.il/order/?eventID=104039&theaterId=1291,Upgrade,2D,English,Hebrew,2026-08-16,2026,,,,All,Haifa,MovieLand,601
17:30,Paw Patrol: The Dino Movie,מפרץ ההרפתקאות: אי הדינוזאורים,https://movieland.co.il/order/?eventID=104038&theaterId=1291,https://movieland.co.il/order/?eventID=104038&theaterId=1291,Upgrade,2D,English,Hebrew,2026-08-16,2026,,,,All,Haifa,MovieLand,601
10:55,Minions & Monsters,מיניונים ומפלצות,https://movieland.co.il/order/?eventID=104027&theaterId=1291,https://movieland.co.il/order/?eventID=104027&theaterId=1291,Upgrade,2D,English,Hebrew,2026-08-16,2026,,,,All,Haifa,MovieLand,601
13:00,Minions & Monsters,מיניונים ומפלצות,https://movieland.co.il/order/?eventID=104026&theaterId=1291,https://movieland.co.il/order/?eventID=104026&theaterId=1291,Upgrade,2D,English,Hebrew,2026-08-16,2026,,,,All,Haifa,MovieLand,601
15:05,Minions & Monsters,מיניונים ומפלצות,https://movieland.co.il/order/?eventID=104025&theaterId=1291,https://movieland.co.il/order/?eventID=104025&theaterId=1291,Upgrade,2D,English,Hebrew,2026-08-16,2026,,,,All,Haifa,MovieLand,601
10:40,Marsupilami,מרסופילאמי,https://movieland.co.il/order/?eventID=104054&theaterId=1291,https://movieland.co.il/order/?eventID=104054&theaterId=1291,Upgrade,2D,French,Hebrew,2026-08-16,2025,,,,All,Haifa,MovieLand,601
12:55,Marsupilami,מרסופילאמי,https://movieland.co.il/order/?eventID=104042&theaterId=1291,https://movieland.co.il/order/?eventID=104042&theaterId=1291,Upgrade,2D,French,Hebrew,2026-08-16,2025,,,,All,Haifa,MovieLand,601
15:10,Marsupilami,מרסופילאמי,https://movieland.co.il/order/?eventID=104041&theaterId=1291,https://movieland.co.il/order/?eventID=104041&theaterId=1291,Upgrade,2D,French,Hebrew,2026-08-16,2025,,,,All,Haifa,MovieLand,601
17:25,Marsupilami,מרסופילאמי,https://movieland.co.il/order/?eventID=104046&theaterId=1291,https://movieland.co.il/order/?eventID=104046&theaterId=1291,Upgrade,2D,French,Hebrew,2026-08-16,2025,,,,All,Haifa,MovieLand,601
00:20,Ice Cream Man,איש הגלידה,https://movieland.co.il/order/?eventID=104049&theaterId=1291,https://movieland.co.il/order/?eventID=104049&theaterId=1291,Upgrade,2D,English,,2026-08-16,2026,,,,18+,Haifa,MovieLand,601
16:30,קופה ראשית: הסרט,קופה ראשית: הסרט,https://movieland.co.il/order/?eventID=104047&theaterId=1291,https://movieland.co.il/order/?eventID=104047&theaterId=1291,Regular,2D,Hebrew,,2026-08-16,2026,,,,All,Haifa,MovieLand,601
17:00,גבעה 338,גבעה 338,https://movieland.co.il/order/?eventID=104056&theaterId=1291,https://movieland.co.il/order/?eventID=104056&theaterId=1291,Regular,2D,Hebrew,,2026-08-16,2026,,,,9+,Haifa,MovieLand,601
21:55,גבעה 338,גבעה 338,https://movieland.co.il/order/?eventID=104048&theaterId=1291,https://movieland.co.il/order/?eventID=104048&theaterId=1291,Upgrade,2D,Hebrew,,2026-08-16,2026,,,,9+,Haifa,MovieLand,601
00:00,גבעה 338,גבעה 338,https://movieland.co.il/order/?eventID=104043&theaterId=1291,https://movieland.co.il/order/?eventID=104043&theaterId=1291,Regular,2D,Hebrew,,2026-08-16,2026,,,,9+,Haifa,MovieLand,601
11:55,סולטיז הסרט - וולוג ה-100,סולטיז הסרט - וולוג ה-100,https://movieland.co.il/order/?eventID=104036&theaterId=1291,https://movieland.co.il/order/?eventID=104036&theaterId=1291,Regular,2D,Hebrew,,2026-08-16,2026,,,,All,Haifa,MovieLand,601
14:10,Toy Story 5,צעצוע של סיפור 5,https://movieland.co.il/order/?eventID=104022&theaterId=1291,https://movieland.co.il/order/?eventID=104022&theaterId=1291,Regular,2D,English,Hebrew,2026-08-16,2026,,,,All,Haifa,MovieLand,601
15:45,Toy Story 5,צעצוע של סיפור 5,https://movieland.co.il/order/?eventID=104021&theaterId=1291,https://movieland.co.il/order/?eventID=104021&theaterId=1291,Upgrade,2D,English,Hebrew,2026-08-16,2026,,,,All,Haifa,MovieLand,601
10:45,Moana (Live Action),מואנה,https://movieland.co.il/order/?eventID=104024&theaterId=1291,https://movieland.co.il/order/?eventID=104024&theaterId=1291,Upgrade,2D,English,Hebrew,2026-08-16,2026,,,,All,Haifa,MovieLand,601
13:15,Moana (Live Action),מואנה,https://movieland.co.il/order/?eventID=104023&theaterId=1291,https://movieland.co.il/order/?eventID=104023&theaterId=1291,Upgrade,2D,English,Hebrew,2026-08-16,2026,,,,All,Haifa,MovieLand,601
14:40,school of magical animals 3,סוד החיות הקסומות 3,https://movieland.co.il/order/?eventID=104060&theaterId=1291,https://movieland.co.il/order/?eventID=104060&theaterId=1291,Regular,2D,,Hebrew,2026-08-16,,,,,,Haifa,MovieLand,601
12:40,Tafiti: Across the Desert,טפיטי: הרפתקה במדבר,https://movieland.co.il/order/?eventID=104059&theaterId=1291,https://movieland.co.il/order/?eventID=104059&theaterId=1291,Regular,2D,German,Hebrew,2026-08-16,2025,,,,ליווי מבוגר עד גיל 8,Haifa,MovieLand,601
10:40,GRACIE & PEDRO: PETS TO THE RESCUE,גרייסי ופדרו: חיות המחמד בפעולה,https://movieland.co.il/order/?eventID=104058&theaterId=1291,https://movieland.co.il/order/?eventID=104058&theaterId=1291,Regular,2D,,Hebrew,2026-08-16,,,,,All,Haifa,MovieLand,601
19:40,НА КРАЮ ОУК-СТРИТ,НА КРАЮ ОУК-СТРИТ,https://movieland.co.il/order/?eventID=104053&theaterId=1291,https://movieland.co.il/order/?eventID=104053&theaterId=1291,Upgrade,2D,английский,,2026-08-16,,,,,12+,Haifa,MovieLand,601
18:40,ЧЕЛОВЕК-ПАУК: НОВЫЙ ДЕНЬ,ЧЕЛОВЕК-ПАУК: НОВЫЙ ДЕНЬ,https://movieland.co.il/order/?eventID=104057&theaterId=1291,https://movieland.co.il/order/?eventID=104057&theaterId=1291,Regular,2D,английский,,2026-08-16,2026,,,,Нет возрастных ограничений,Haifa,MovieLand,601
21:50,One night only,לגמור את הלילה,https://movieland.co.il/order/?eventID=103882&theaterId=1291,https://movieland.co.il/order/?eventID=103882&theaterId=1291,Regular,2D,English,,2026-08-17,2026,,,,14+,Haifa,MovieLand,601
00:10,One night only,לגמור את הלילה,https://movieland.co.il/order/?eventID=103887&theaterId=1291,https://movieland.co.il/order/?eventID=103887&theaterId=1291,Regular,2D,English,,2026-08-17,2026,,,,14+,Haifa,MovieLand,601
19:30,End of Oak street,סוף רחוב האלון,https://movieland.co.il/order/?eventID=103893&theaterId=1291,https://movieland.co.il/order/?eventID=103893&theaterId=1291,Regular,2D,English,,2026-08-17,2026,,,,12+,Haifa,MovieLand,601
21:45,End of Oak street,סוף רחוב האלון,https://movieland.co.il/order/?eventID=103888&theaterId=1291,https://movieland.co.il/order/?eventID=103888&theaterId=1291,Regular,2D,English,,2026-08-17,2026,,,,12+,Haifa,MovieLand,601
00:00,End of Oak street,סוף רחוב האלון,https://movieland.co.il/order/?eventID=103889&theaterId=1291,https://movieland.co.il/order/?eventID=103889&theaterId=1291,Regular,2D,English,,2026-08-17,2026,,,,12+,Haifa,MovieLand,601
12:00,Spider-Man: Brand New Day,ספיידרמן: יום חדש,https://movieland.co.il/order/?eventID=103872&theaterId=1291,https://movieland.co.il/order/?eventID=103872&theaterId=1291,Regular,2D,English,,2026-08-17,2026,,,,All,Haifa,MovieLand,601
15:00,Spider-Man: Brand New Day,ספיידרמן: יום חדש,https://movieland.co.il/order/?eventID=103865&theaterId=1291,https://movieland.co.il/order/?eventID=103865&theaterId=1291,Regular,2D,English,,2026-08-17,2026,,,,All,Haifa,MovieLand,601
17:10,Spider-Man: Brand New Day,ספיידרמן: יום חדש,https://movieland.co.il/order/?eventID=103869&theaterId=1291,https://movieland.co.il/order/?eventID=103869&theaterId=1291,Upgrade,2D,English,,2026-08-17,2026,,,,All,Haifa,MovieLand,601
18:00,Spider-Man: Brand New Day,ספיידרמן: יום חדש,https://movieland.co.il/order/?eventID=103866&theaterId=1291,https://movieland.co.il/order/?eventID=103866&theaterId=1291,Regular,2D,English,,2026-08-17,2026,,,,All,Haifa,MovieLand,601
19:35,Spider-Man: Brand New Day,ספיידרמן: יום חדש,https://movieland.co.il/order/?eventID=103870&theaterId=1291,https://movieland.co.il/order/?eventID=103870&theaterId=1291,Upgrade,2D,English,,2026-08-17,2026,,,,All,Haifa,MovieLand,601
20:10,Spider-Man: Brand New Day,ספיידרמן: יום חדש,https://movieland.co.il/order/?eventID=103868&theaterId=1291,https://movieland.co.il/order/?eventID=103868&theaterId=1291,Upgrade,2D,English,,2026-08-17,2026,,,,All,Haifa,MovieLand,601
21:00,Spider-Man: Brand New Day,ספיידרמן: יום חדש,https://movieland.co.il/order/?eventID=103867&theaterId=1291,https://movieland.co.il/order/?eventID=103867&theaterId=1291,Regular,2D,English,,2026-08-17,2026,,,,All,Haifa,MovieLand,601
22:35,Spider-Man: Brand New Day,ספיידרמן: יום חדש,https://movieland.co.il/order/?eventID=103871&theaterId=1291,https://movieland.co.il/order/?eventID=103871&theaterId=1291,Upgrade,2D,English,,2026-08-17,2026,,,,All,Haifa,MovieLand,601
23:10,Spider-Man: Brand New Day,ספיידרמן: יום חדש,https://movieland.co.il/order/?eventID=103874&theaterId=1291,https://movieland.co.il/order/?eventID=103874&theaterId=1291,Upgrade,2D,English,,2026-08-17,2026,,,,All,Haifa,MovieLand,601
18:00,The Odyssey,האודיסאה,https://movieland.co.il/order/?eventID=103856&theaterId=1291,https://movieland.co.il/order/?eventID=103856&theaterId=1291,Upgrade,2D,English,,2026-08-17,2026,,,,14+,Haifa,MovieLand,601
21:30,The Odyssey,האודיסאה,https://movieland.co.il/order/?eventID=103857&theaterId=1291,https://movieland.co.il/order/?eventID=103857&theaterId=1291,Upgrade,2D,English,,2026-08-17,2026,,,,14+,Haifa,MovieLand,601
10:30,Paw Patrol: The Dino Movie,מפרץ ההרפתקאות: אי הדינוזאורים,https://movieland.co.il/order/?eventID=103881&theaterId=1291,https://movieland.co.il/order/?eventID=103881&theaterId=1291,Upgrade,2D,English,Hebrew,2026-08-17,2026,,,,All,Haifa,MovieLand,601
13:20,Paw Patrol: The Dino Movie,מפרץ ההרפתקאות: אי הדינוזאורים,https://movieland.co.il/order/?eventID=103877&theaterId=1291,https://movieland.co.il/order/?eventID=103877&theaterId=1291,Upgrade,2D,English,Hebrew,2026-08-17,2026,,,,All,Haifa,MovieLand,601
15:25,Paw Patrol: The Dino Movie,מפרץ ההרפתקאות: אי הדינוזאורים,https://movieland.co.il/order/?eventID=103876&theaterId=1291,https://movieland.co.il/order/?eventID=103876&theaterId=1291,Upgrade,2D,English,Hebrew,2026-08-17,2026,,,,All,Haifa,MovieLand,601
17:30,Paw Patrol: The Dino Movie,מפרץ ההרפתקאות: אי הדינוזאורים,https://movieland.co.il/order/?eventID=103875&theaterId=1291,https://movieland.co.il/order/?eventID=103875&theaterId=1291,Upgrade,2D,English,Hebrew,2026-08-17,2026,,,,All,Haifa,MovieLand,601
10:55,Minions & Monsters,מיניונים ומפלצות,https://movieland.co.il/order/?eventID=103864&theaterId=1291,https://movieland.co.il/order/?eventID=103864&theaterId=1291,Upgrade,2D,English,Hebrew,2026-08-17,2026,,,,All,Haifa,MovieLand,601
13:00,Minions & Monsters,מיניונים ומפלצות,https://movieland.co.il/order/?eventID=103863&theaterId=1291,https://movieland.co.il/order/?eventID=103863&theaterId=1291,Upgrade,2D,English,Hebrew,2026-08-17,2026,,,,All,Haifa,MovieLand,601
15:05,Minions & Monsters,מיניונים ומפלצות,https://movieland.co.il/order/?eventID=103862&theaterId=1291,https://movieland.co.il/order/?eventID=103862&theaterId=1291,Upgrade,2D,English,Hebrew,2026-08-17,2026,,,,All,Haifa,MovieLand,601
11:00,Marsupilami,מרסופילאמי,https://movieland.co.il/order/?eventID=103892&theaterId=1291,https://movieland.co.il/order/?eventID=103892&theaterId=1291,Upgrade,2D,French,Hebrew,2026-08-17,2025,,,,All,Haifa,MovieLand,601
12:35,Marsupilami,מרסופילאמי,https://movieland.co.il/order/?eventID=103879&theaterId=1291,https://movieland.co.il/order/?eventID=103879&theaterId=1291,Upgrade,2D,French,Hebrew,2026-08-17,2025,,,,All,Haifa,MovieLand,601
14:50,Marsupilami,מרסופילאמי,https://movieland.co.il/order/?eventID=103878&theaterId=1291,https://movieland.co.il/order/?eventID=103878&theaterId=1291,Upgrade,2D,French,Hebrew,2026-08-17,2025,,,,All,Haifa,MovieLand,601
16:05,קופה ראשית: הסרט,קופה ראשית: הסרט,https://movieland.co.il/order/?eventID=103885&theaterId=1291,https://movieland.co.il/order/?eventID=103885&theaterId=1291,Regular,2D,Hebrew,,2026-08-17,2026,,,,All,Haifa,MovieLand,601
22:15,גבעה 338,גבעה 338,https://movieland.co.il/order/?eventID=103886&theaterId=1291,https://movieland.co.il/order/?eventID=103886&theaterId=1291,Upgrade,2D,Hebrew,,2026-08-17,2026,,,,9+,Haifa,MovieLand,601
00:00,גבעה 338,גבעה 338,https://movieland.co.il/order/?eventID=103880&theaterId=1291,https://movieland.co.il/order/?eventID=103880&theaterId=1291,Regular,2D,Hebrew,,2026-08-17,2026,,,,9+,Haifa,MovieLand,601
11:25,סולטיז הסרט - וולוג ה-100,סולטיז הסרט - וולוג ה-100,https://movieland.co.il/order/?eventID=103873&theaterId=1291,https://movieland.co.il/order/?eventID=103873&theaterId=1291,Regular,2D,Hebrew,,2026-08-17,2026,,,,All,Haifa,MovieLand,601
14:55,STICH HEAD,פרנקי והמפלצות,https://movieland.co.il/order/?eventID=103894&theaterId=1291,https://movieland.co.il/order/?eventID=103894&theaterId=1291,Regular,2D,,Hebrew,2026-08-17,,,,,All,Haifa,MovieLand,601
13:45,Toy Story 5,צעצוע של סיפור 5,https://movieland.co.il/order/?eventID=103859&theaterId=1291,https://movieland.co.il/order/?eventID=103859&theaterId=1291,Regular,2D,English,Hebrew,2026-08-17,2026,,,,All,Haifa,MovieLand,601
15:45,Toy Story 5,צעצוע של סיפור 5,https://movieland.co.il/order/?eventID=103858&theaterId=1291,https://movieland.co.il/order/?eventID=103858&theaterId=1291,Upgrade,2D,English,Hebrew,2026-08-17,2026,,,,All,Haifa,MovieLand,601
10:45,Moana (Live Action),מואנה,https://movieland.co.il/order/?eventID=103861&theaterId=1291,https://movieland.co.il/order/?eventID=103861&theaterId=1291,Upgrade,2D,English,Hebrew,2026-08-17,2026,,,,All,Haifa,MovieLand,601
13:15,Moana (Live Action),מואנה,https://movieland.co.il/order/?eventID=103860&theaterId=1291,https://movieland.co.il/order/?eventID=103860&theaterId=1291,Upgrade,2D,English,Hebrew,2026-08-17,2026,,,,All,Haifa,MovieLand,601
10:30,Three Wishes for Cinderella,סינדרלה ושלוש המשאלות,https://movieland.co.il/order/?eventID=103891&theaterId=1291,https://movieland.co.il/order/?eventID=103891&theaterId=1291,Regular,2D,,Hebrew,2026-08-17,2026,,,,All,Haifa,MovieLand,601
20:00,НА КРАЮ ОУК-СТРИТ,НА КРАЮ ОУК-СТРИТ,https://movieland.co.il/order/?eventID=103890&theaterId=1291,https://movieland.co.il/order/?eventID=103890&theaterId=1291,Upgrade,2D,английский,,2026-08-17,,,,,12+,Haifa,MovieLand,601
18:15,ОДИССЕЯ,ОДИССЕЯ,https://movieland.co.il/order/?eventID=103883&theaterId=1291,https://movieland.co.il/order/?eventID=103883&theaterId=1291,Regular,2D,английский,,2026-08-17,2026,,,,14+,Haifa,MovieLand,601
12:30,The Magical Faraway Tree,המסע המופלא לעץ הקסמים,https://movieland.co.il/order/?eventID=103895&theaterId=1291,https://movieland.co.il/order/?eventID=103895&theaterId=1291,Regular,2D,English,Hebrew,2026-08-17,2026,,,,All,Haifa,MovieLand,601
21:35,One night only,לגמור את הלילה,https://movieland.co.il/order/?eventID=103983&theaterId=1291,https://movieland.co.il/order/?eventID=103983&theaterId=1291,Regular,2D,English,,2026-08-18,2026,,,,14+,Haifa,MovieLand,601
23:55,One night only,לגמור את הלילה,https://movieland.co.il/order/?eventID=103989&theaterId=1291,https://movieland.co.il/order/?eventID=103989&theaterId=1291,Regular,2D,English,,2026-08-18,2026,,,,14+,Haifa,MovieLand,601
21:40,End of Oak street,סוף רחוב האלון,https://movieland.co.il/order/?eventID=103986&theaterId=1291,https://movieland.co.il/order/?eventID=103986&theaterId=1291,Regular,2D,English,,2026-08-18,2026,,,,12+,Haifa,MovieLand,601
23:55,End of Oak street,סוף רחוב האלון,https://movieland.co.il/order/?eventID=103990&theaterId=1291,https://movieland.co.il/order/?eventID=103990&theaterId=1291,Regular,2D,English,,2026-08-18,2026,,,,12+,Haifa,MovieLand,601
17:10,Spider-Man: Brand New Day,ספיידרמן: יום חדש,https://movieland.co.il/order/?eventID=104016&theaterId=1291,https://movieland.co.il/order/?eventID=104016&theaterId=1291,Upgrade,2D,English,,2026-08-18,2026,,,,All,Haifa,MovieLand,601
18:50,Spider-Man: Brand New Day,ספיידרמן: יום חדש,https://movieland.co.il/order/?eventID=104002&theaterId=1291,https://movieland.co.il/order/?eventID=104002&theaterId=1291,Regular,2D,English,,2026-08-18,2026,,,,All,Haifa,MovieLand,601
19:35,Spider-Man: Brand New Day,ספיידרמן: יום חדש,https://movieland.co.il/order/?eventID=104017&theaterId=1291,https://movieland.co.il/order/?eventID=104017&theaterId=1291,Upgrade,2D,English,,2026-08-18,2026,,,,All,Haifa,MovieLand,601
20:10,Spider-Man: Brand New Day,ספיידרמן: יום חדש,https://movieland.co.il/order/?eventID=104015&theaterId=1291,https://movieland.co.il/order/?eventID=104015&theaterId=1291,Upgrade,2D,English,,2026-08-18,2026,,,,All,Haifa,MovieLand,601
21:50,Spider-Man: Brand New Day,ספיידרמן: יום חדש,https://movieland.co.il/order/?eventID=104014&theaterId=1291,https://movieland.co.il/order/?eventID=104014&theaterId=1291,Regular,2D,English,,2026-08-18,2026,,,,All,Haifa,MovieLand,601
22:35,Spider-Man: Brand New Day,ספיידרמן: יום חדש,https://movieland.co.il/order/?eventID=103987&theaterId=1291,https://movieland.co.il/order/?eventID=103987&theaterId=1291,Upgrade,2D,English,,2026-08-18,2026,,,,All,Haifa,MovieLand,601
23:10,Spider-Man: Brand New Day,ספיידרמן: יום חדש,https://movieland.co.il/order/?eventID=103988&theaterId=1291,https://movieland.co.il/order/?eventID=103988&theaterId=1291,Upgrade,2D,English,,2026-08-18,2026,,,,All,Haifa,MovieLand,601
15:20,The Odyssey,האודיסאה,https://movieland.co.il/order/?eventID=104005&theaterId=1291,https://movieland.co.il/order/?eventID=104005&theaterId=1291,Regular,2D,English,,2026-08-18,2026,,,,14+,Haifa,MovieLand,601
18:00,The Odyssey,האודיסאה,https://movieland.co.il/order/?eventID=104006&theaterId=1291,https://movieland.co.il/order/?eventID=104006&theaterId=1291,Upgrade,2D,English,,2026-08-18,2026,,,,14+,Haifa,MovieLand,601
21:30,The Odyssey,האודיסאה,https://movieland.co.il/order/?eventID=104007&theaterId=1291,https://movieland.co.il/order/?eventID=104007&theaterId=1291,Upgrade,2D,English,,2026-08-18,2026,,,,14+,Haifa,MovieLand,601
11:05,Paw Patrol: The Dino Movie,מפרץ ההרפתקאות: אי הדינוזאורים,https://movieland.co.il/order/?eventID=103982&theaterId=1291,https://movieland.co.il/order/?eventID=103982&theaterId=1291,Upgrade,2D,English,Hebrew,2026-08-18,2026,,,,All,Haifa,MovieLand,601
13:05,Paw Patrol: The Dino Movie,מפרץ ההרפתקאות: אי הדינוזאורים,https://movieland.co.il/order/?eventID=103979&theaterId=1291,https://movieland.co.il/order/?eventID=103979&theaterId=1291,Upgrade,2D,English,Hebrew,2026-08-18,2026,,,,All,Haifa,MovieLand,601
15:10,Paw Patrol: The Dino Movie,מפרץ ההרפתקאות: אי הדינוזאורים,https://movieland.co.il/order/?eventID=104018&theaterId=1291,https://movieland.co.il/order/?eventID=104018&theaterId=1291,Upgrade,2D,English,Hebrew,2026-08-18,2026,,,,All,Haifa,MovieLand,601
10:55,Minions & Monsters,מיניונים ומפלצות,https://movieland.co.il/order/?eventID=104013&theaterId=1291,https://movieland.co.il/order/?eventID=104013&theaterId=1291,Upgrade,2D,English,Hebrew,2026-08-18,2026,,,,All,Haifa,MovieLand,601
13:00,Minions & Monsters,מיניונים ומפלצות,https://movieland.co.il/order/?eventID=104012&theaterId=1291,https://movieland.co.il/order/?eventID=104012&theaterId=1291,Upgrade,2D,English,Hebrew,2026-08-18,2026,,,,All,Haifa,MovieLand,601
15:05,Minions & Monsters,מיניונים ומפלצות,https://movieland.co.il/order/?eventID=104011&theaterId=1291,https://movieland.co.il/order/?eventID=104011&theaterId=1291,Upgrade,2D,English,Hebrew,2026-08-18,2026,,,,All,Haifa,MovieLand,601
13:35,Marsupilami,מרסופילאמי,https://movieland.co.il/order/?eventID=103981&theaterId=1291,https://movieland.co.il/order/?eventID=103981&theaterId=1291,Upgrade,2D,French,Hebrew,2026-08-18,2025,,,,All,Haifa,MovieLand,601
15:55,Marsupilami,מרסופילאמי,https://movieland.co.il/order/?eventID=103980&theaterId=1291,https://movieland.co.il/order/?eventID=103980&theaterId=1291,Upgrade,2D,French,Hebrew,2026-08-18,2025,,,,All,Haifa,MovieLand,601
17:20,Marsupilami,מרסופילאמי,https://movieland.co.il/order/?eventID=103984&theaterId=1291,https://movieland.co.il/order/?eventID=103984&theaterId=1291,Upgrade,2D,French,Hebrew,2026-08-18,2025,,,,All,Haifa,MovieLand,601
11:00,Valley of Shadows,בחזרה מההימלאיה,https://movieland.co.il/order/?eventID=104000&theaterId=1291,https://movieland.co.il/order/?eventID=104000&theaterId=1291,Upgrade,2D,ספרדית,,2026-08-18,2025,,,,12+,Haifa,MovieLand,601
16:35,Valley of Shadows,בחזרה מההימלאיה,https://movieland.co.il/order/?eventID=104001&theaterId=1291,https://movieland.co.il/order/?eventID=104001&theaterId=1291,Regular,2D,ספרדית,,2026-08-18,2025,,,,12+,Haifa,MovieLand,601
18:15,Valley of Shadows,בחזרה מההימלאיה,https://movieland.co.il/order/?eventID=104003&theaterId=1291,https://movieland.co.il/order/?eventID=104003&theaterId=1291,Upgrade,2D,ספרדית,,2026-08-18,2025,,,,12+,Haifa,MovieLand,601
11:20,האחד והיחיד שלי,האחד והיחיד שלי,https://movieland.co.il/order/?eventID=103996&theaterId=1291,https://movieland.co.il/order/?eventID=103996&theaterId=1291,Regular,2D,Hebrew,,2026-08-18,2026,,,,All,Haifa,MovieLand,601
14:00,האחד והיחיד שלי,האחד והיחיד שלי,https://movieland.co.il/order/?eventID=103995&theaterId=1291,https://movieland.co.il/order/?eventID=103995&theaterId=1291,Regular,2D,Hebrew,,2026-08-18,2026,,,,All,Haifa,MovieLand,601
19:00,האחד והיחיד שלי,האחד והיחיד שלי,https://movieland.co.il/order/?eventID=103994&theaterId=1291,https://movieland.co.il/order/?eventID=103994&theaterId=1291,Regular,2D,Hebrew,,2026-08-18,2026,,,,All,Haifa,MovieLand,601
11:00,"Damned if you do, damned if you don’t",המשפחה האיטלקית שלי,https://movieland.co.il/order/?eventID=103999&theaterId=1291,https://movieland.co.il/order/?eventID=103999&theaterId=1291,Regular,2D,איטלקית,,2026-08-18,2025,,,,All,Haifa,MovieLand,601
13:10,"Damned if you do, damned if you don’t",המשפחה האיטלקית שלי,https://movieland.co.il/order/?eventID=103998&theaterId=1291,https://movieland.co.il/order/?eventID=103998&theaterId=1291,Regular,2D,איטלקית,,2026-08-18,2025,,,,All,Haifa,MovieLand,601
20:50,"Damned if you do, damned if you don’t",המשפחה האיטלקית שלי,https://movieland.co.il/order/?eventID=103997&theaterId=1291,https://movieland.co.il/order/?eventID=103997&theaterId=1291,Upgrade,2D,איטלקית,,2026-08-18,2025,,,,All,Haifa,MovieLand,601
11:35,Bitter Christmas,חג מולד מר,https://movieland.co.il/order/?eventID=103993&theaterId=1291,https://movieland.co.il/order/?eventID=103993&theaterId=1291,Regular,2D,ספרדית,,2026-08-18,2026,,,,All,Haifa,MovieLand,601
14:10,Bitter Christmas,חג מולד מר,https://movieland.co.il/order/?eventID=103992&theaterId=1291,https://movieland.co.il/order/?eventID=103992&theaterId=1291,Regular,2D,ספרדית,,2026-08-18,2026,,,,All,Haifa,MovieLand,601
19:10,Bitter Christmas,חג מולד מר,https://movieland.co.il/order/?eventID=103991&theaterId=1291,https://movieland.co.il/order/?eventID=103991&theaterId=1291,Regular,2D,ספרדית,,2026-08-18,2026,,,,All,Haifa,MovieLand,601
23:05,גבעה 338,גבעה 338,https://movieland.co.il/order/?eventID=103985&theaterId=1291,https://movieland.co.il/order/?eventID=103985&theaterId=1291,Upgrade,2D,Hebrew,,2026-08-18,2026,,,,9+,Haifa,MovieLand,601
15:45,Toy Story 5,צעצוע של סיפור 5,https://movieland.co.il/order/?eventID=104008&theaterId=1291,https://movieland.co.il/order/?eventID=104008&theaterId=1291,Upgrade,2D,English,Hebrew,2026-08-18,2026,,,,All,Haifa,MovieLand,601
10:45,Moana (Live Action),מואנה,https://movieland.co.il/order/?eventID=104010&theaterId=1291,https://movieland.co.il/order/?eventID=104010&theaterId=1291,Upgrade,2D,English,Hebrew,2026-08-18,2026,,,,All,Haifa,MovieLand,601
13:15,Moana (Live Action),מואנה,https://movieland.co.il/order/?eventID=104009&theaterId=1291,https://movieland.co.il/order/?eventID=104009&theaterId=1291,Upgrade,2D,English,Hebrew,2026-08-18,2026,,,,All,Haifa,MovieLand,601
16:45,A Missing Part,החלק החסר,https://movieland.co.il/order/?eventID=104004&theaterId=1291,https://movieland.co.il/order/?eventID=104004&theaterId=1291,Regular,2D,French,,2026-08-18,2024,,,,All,Haifa,MovieLand,601
19:40,One night only,לגמור את הלילה,https://movieland.co.il/order/?eventID=103851&theaterId=1291,https://movieland.co.il/order/?eventID=103851&theaterId=1291,Upgrade,2D,English,,2026-08-19,2026,,,,14+,Haifa,MovieLand,601
22:25,One night only,לגמור את הלילה,https://movieland.co.il/order/?eventID=103845&theaterId=1291,https://movieland.co.il/order/?eventID=103845&theaterId=1291,Regular,2D,English,,2026-08-19,2026,,,,14+,Haifa,MovieLand,601
21:45,End of Oak street,סוף רחוב האלון,https://movieland.co.il/order/?eventID=103846&theaterId=1291,https://movieland.co.il/order/?eventID=103846&theaterId=1291,Regular,2D,English,,2026-08-19,2026,,,,12+,Haifa,MovieLand,601
00:00,End of Oak street,סוף רחוב האלון,https://movieland.co.il/order/?eventID=103847&theaterId=1291,https://movieland.co.il/order/?eventID=103847&theaterId=1291,Regular,2D,English,,2026-08-19,2026,,,,12+,Haifa,MovieLand,601
12:00,Spider-Man: Brand New Day,ספיידרמן: יום חדש,https://movieland.co.il/order/?eventID=103831&theaterId=1291,https://movieland.co.il/order/?eventID=103831&theaterId=1291,Regular,2D,English,,2026-08-19,2026,,,,All,Haifa,MovieLand,601
15:00,Spider-Man: Brand New Day,ספיידרמן: יום חדש,https://movieland.co.il/order/?eventID=103824&theaterId=1291,https://movieland.co.il/order/?eventID=103824&theaterId=1291,Regular,2D,English,,2026-08-19,2026,,,,All,Haifa,MovieLand,601
17:10,Spider-Man: Brand New Day,ספיידרמן: יום חדש,https://movieland.co.il/order/?eventID=103828&theaterId=1291,https://movieland.co.il/order/?eventID=103828&theaterId=1291,Upgrade,2D,English,,2026-08-19,2026,,,,All,Haifa,MovieLand,601
18:00,Spider-Man: Brand New Day,ספיידרמן: יום חדש,https://movieland.co.il/order/?eventID=103825&theaterId=1291,https://movieland.co.il/order/?eventID=103825&theaterId=1291,Regular,2D,English,,2026-08-19,2026,,,,All,Haifa,MovieLand,601
19:35,Spider-Man: Brand New Day,ספיידרמן: יום חדש,https://movieland.co.il/order/?eventID=103829&theaterId=1291,https://movieland.co.il/order/?eventID=103829&theaterId=1291,Upgrade,2D,English,,2026-08-19,2026,,,,All,Haifa,MovieLand,601
20:10,Spider-Man: Brand New Day,ספיידרמן: יום חדש,https://movieland.co.il/order/?eventID=103827&theaterId=1291,https://movieland.co.il/order/?eventID=103827&theaterId=1291,Upgrade,2D,English,,2026-08-19,2026,,,,All,Haifa,MovieLand,601
21:00,Spider-Man: Brand New Day,ספיידרמן: יום חדש,https://movieland.co.il/order/?eventID=103826&theaterId=1291,https://movieland.co.il/order/?eventID=103826&theaterId=1291,Regular,2D,English,,2026-08-19,2026,,,,All,Haifa,MovieLand,601
22:35,Spider-Man: Brand New Day,ספיידרמן: יום חדש,https://movieland.co.il/order/?eventID=103830&theaterId=1291,https://movieland.co.il/order/?eventID=103830&theaterId=1291,Upgrade,2D,English,,2026-08-19,2026,,,,All,Haifa,MovieLand,601
23:10,Spider-Man: Brand New Day,ספיידרמן: יום חדש,https://movieland.co.il/order/?eventID=103833&theaterId=1291,https://movieland.co.il/order/?eventID=103833&theaterId=1291,Upgrade,2D,English,,2026-08-19,2026,,,,All,Haifa,MovieLand,601
22:05,The Odyssey,האודיסאה,https://movieland.co.il/order/?eventID=103817&theaterId=1291,https://movieland.co.il/order/?eventID=103817&theaterId=1291,Upgrade,2D,English,,2026-08-19,2026,,,,14+,Haifa,MovieLand,601
11:15,Paw Patrol: The Dino Movie,מפרץ ההרפתקאות: אי הדינוזאורים,https://movieland.co.il/order/?eventID=103840&theaterId=1291,https://movieland.co.il/order/?eventID=103840&theaterId=1291,Upgrade,2D,English,Hebrew,2026-08-19,2026,,,,All,Haifa,MovieLand,601
13:20,Paw Patrol: The Dino Movie,מפרץ ההרפתקאות: אי הדינוזאורים,https://movieland.co.il/order/?eventID=103836&theaterId=1291,https://movieland.co.il/order/?eventID=103836&theaterId=1291,Upgrade,2D,English,Hebrew,2026-08-19,2026,,,,All,Haifa,MovieLand,601
15:25,Paw Patrol: The Dino Movie,מפרץ ההרפתקאות: אי הדינוזאורים,https://movieland.co.il/order/?eventID=103835&theaterId=1291,https://movieland.co.il/order/?eventID=103835&theaterId=1291,Upgrade,2D,English,Hebrew,2026-08-19,2026,,,,All,Haifa,MovieLand,601
17:30,Paw Patrol: The Dino Movie,מפרץ ההרפתקאות: אי הדינוזאורים,https://movieland.co.il/order/?eventID=103834&theaterId=1291,https://movieland.co.il/order/?eventID=103834&theaterId=1291,Upgrade,2D,English,Hebrew,2026-08-19,2026,,,,All,Haifa,MovieLand,601
10:55,Minions & Monsters,מיניונים ומפלצות,https://movieland.co.il/order/?eventID=103823&theaterId=1291,https://movieland.co.il/order/?eventID=103823&theaterId=1291,Upgrade,2D,English,Hebrew,2026-08-19,2026,,,,All,Haifa,MovieLand,601
13:00,Minions & Monsters,מיניונים ומפלצות,https://movieland.co.il/order/?eventID=103822&theaterId=1291,https://movieland.co.il/order/?eventID=103822&theaterId=1291,Upgrade,2D,English,Hebrew,2026-08-19,2026,,,,All,Haifa,MovieLand,601
15:05,Minions & Monsters,מיניונים ומפלצות,https://movieland.co.il/order/?eventID=103821&theaterId=1291,https://movieland.co.il/order/?eventID=103821&theaterId=1291,Upgrade,2D,English,Hebrew,2026-08-19,2026,,,,All,Haifa,MovieLand,601
16:55,Minions & Monsters,מיניונים ומפלצות,https://movieland.co.il/order/?eventID=103854&theaterId=1291,https://movieland.co.il/order/?eventID=103854&theaterId=1291,Regular,2D,English,Hebrew,2026-08-19,2026,,,,All,Haifa,MovieLand,601
10:40,Marsupilami,מרסופילאמי,https://movieland.co.il/order/?eventID=103848&theaterId=1291,https://movieland.co.il/order/?eventID=103848&theaterId=1291,Upgrade,2D,French,Hebrew,2026-08-19,2025,,,,All,Haifa,MovieLand,601
12:55,Marsupilami,מרסופילאמי,https://movieland.co.il/order/?eventID=103838&theaterId=1291,https://movieland.co.il/order/?eventID=103838&theaterId=1291,Upgrade,2D,French,Hebrew,2026-08-19,2025,,,,All,Haifa,MovieLand,601
15:10,Marsupilami,מרסופילאמי,https://movieland.co.il/order/?eventID=103837&theaterId=1291,https://movieland.co.il/order/?eventID=103837&theaterId=1291,Upgrade,2D,French,Hebrew,2026-08-19,2025,,,,All,Haifa,MovieLand,601
17:25,Marsupilami,מרסופילאמי,https://movieland.co.il/order/?eventID=103841&theaterId=1291,https://movieland.co.il/order/?eventID=103841&theaterId=1291,Upgrade,2D,French,Hebrew,2026-08-19,2025,,,,All,Haifa,MovieLand,601
00:25,Ice Cream Man,איש הגלידה,https://movieland.co.il/order/?eventID=103844&theaterId=1291,https://movieland.co.il/order/?eventID=103844&theaterId=1291,Upgrade,2D,English,,2026-08-19,2026,,,,18+,Haifa,MovieLand,601
16:30,קופה ראשית: הסרט,קופה ראשית: הסרט,https://movieland.co.il/order/?eventID=103842&theaterId=1291,https://movieland.co.il/order/?eventID=103842&theaterId=1291,Regular,2D,Hebrew,,2026-08-19,2026,,,,All,Haifa,MovieLand,601
22:00,גבעה 338,גבעה 338,https://movieland.co.il/order/?eventID=103843&theaterId=1291,https://movieland.co.il/order/?eventID=103843&theaterId=1291,Upgrade,2D,Hebrew,,2026-08-19,2026,,,,9+,Haifa,MovieLand,601
00:00,גבעה 338,גבעה 338,https://movieland.co.il/order/?eventID=103839&theaterId=1291,https://movieland.co.il/order/?eventID=103839&theaterId=1291,Regular,2D,Hebrew,,2026-08-19,2026,,,,9+,Haifa,MovieLand,601
11:55,סולטיז הסרט - וולוג ה-100,סולטיז הסרט - וולוג ה-100,https://movieland.co.il/order/?eventID=103832&theaterId=1291,https://movieland.co.il/order/?eventID=103832&theaterId=1291,Regular,2D,Hebrew,,2026-08-19,2026,,,,All,Haifa,MovieLand,601
10:35,Toy Story 5,צעצוע של סיפור 5,https://movieland.co.il/order/?eventID=103853&theaterId=1291,https://movieland.co.il/order/?eventID=103853&theaterId=1291,Regular,2D,English,Hebrew,2026-08-19,2026,,,,All,Haifa,MovieLand,601
14:10,Toy Story 5,צעצוע של סיפור 5,https://movieland.co.il/order/?eventID=103818&theaterId=1291,https://movieland.co.il/order/?eventID=103818&theaterId=1291,Regular,2D,English,Hebrew,2026-08-19,2026,,,,All,Haifa,MovieLand,601
11:00,Moana (Live Action),מואנה,https://movieland.co.il/order/?eventID=103820&theaterId=1291,https://movieland.co.il/order/?eventID=103820&theaterId=1291,Upgrade,2D,English,Hebrew,2026-08-19,2026,,,,All,Haifa,MovieLand,601
13:30,Moana (Live Action),מואנה,https://movieland.co.il/order/?eventID=103819&theaterId=1291,https://movieland.co.il/order/?eventID=103819&theaterId=1291,Upgrade,2D,English,Hebrew,2026-08-19,2026,,,,All,Haifa,MovieLand,601
14:55,Tafiti: Across the Desert,טפיטי: הרפתקה במדבר,https://movieland.co.il/order/?eventID=103855&theaterId=1291,https://movieland.co.il/order/?eventID=103855&theaterId=1291,Regular,2D,German,Hebrew,2026-08-19,2025,,,,ליווי מבוגר עד גיל 8,Haifa,MovieLand,601
12:55,Three Wishes for Cinderella,סינדרלה ושלוש המשאלות,https://movieland.co.il/order/?eventID=103852&theaterId=1291,https://movieland.co.il/order/?eventID=103852&theaterId=1291,Regular,2D,,Hebrew,2026-08-19,2026,,,,All,Haifa,MovieLand,601
18:35,ОДИССЕЯ,ОДИССЕЯ,https://movieland.co.il/order/?eventID=103850&theaterId=1291,https://movieland.co.il/order/?eventID=103850&theaterId=1291,Upgrade,2D,английский,,2026-08-19,2026,,,,14+,Haifa,MovieLand,601
18:45,ЧЕЛОВЕК-ПАУК: НОВЫЙ ДЕНЬ,ЧЕЛОВЕК-ПАУК: НОВЫЙ ДЕНЬ,https://movieland.co.il/order/?eventID=103849&theaterId=1291,https://movieland.co.il/order/?eventID=103849&theaterId=1291,Regular,2D,английский,,2026-08-19,2026,,,,Нет возрастных ограничений,Haifa,MovieLand,601
21:00,MovieRetro- לב אמיץ,MovieRetro- לב אמיץ,https://movieland.co.il/order/?eventID=103815&theaterId=1291,https://movieland.co.il/order/?eventID=103815&theaterId=1291,Regular,2D,English,,2026-08-27,1995,,,,,Haifa,MovieLand,601
19:30,MovieRetro- הזאב מוול סטריט,MovieRetro- הזאב מוול סטריט,https://movieland.co.il/order/?eventID=98612&theaterId=1291,https://movieland.co.il/order/?eventID=98612&theaterId=1291,Regular,2D,English,,2026-09-03,2013,,,,,Haifa,MovieLand,601
00:25,One night only,לגמור את הלילה,https://movieland.co.il/order/?eventID=109411&theaterId=1290,https://movieland.co.il/order/?eventID=109411&theaterId=1290,Regular,2D,English,,2026-08-13,2026,,,,14+,Carmiel,MovieLand,601
00:00,End of Oak street,סוף רחוב האלון,https://movieland.co.il/order/?eventID=109417&theaterId=1290,https://movieland.co.il/order/?eventID=109417&theaterId=1290,Regular,2D,English,,2026-08-13,2026,,,,12+,Carmiel,MovieLand,601
00:00,Ice Cream Man,איש הגלידה,https://movieland.co.il/order/?eventID=109412&theaterId=1290,https://movieland.co.il/order/?eventID=109412&theaterId=1290,Regular,2D,English,,2026-08-13,2026,,,,18+,Carmiel,MovieLand,601
23:50,גבעה 338,גבעה 338,https://movieland.co.il/order/?eventID=109414&theaterId=1290,https://movieland.co.il/order/?eventID=109414&theaterId=1290,Regular,2D,Hebrew,,2026-08-13,2026,,,,9+,Carmiel,MovieLand,601
19:05,One night only,לגמור את הלילה,https://movieland.co.il/order/?eventID=109611&theaterId=1290,https://movieland.co.il/order/?eventID=109611&theaterId=1290,Regular,2D,English,,2026-08-14,2026,,,,14+,Carmiel,MovieLand,601
21:25,One night only,לגמור את הלילה,https://movieland.co.il/order/?eventID=109592&theaterId=1290,https://movieland.co.il/order/?eventID=109592&theaterId=1290,Regular,2D,English,,2026-08-14,2026,,,,14+,Carmiel,MovieLand,601
23:45,One night only,לגמור את הלילה,https://movieland.co.il/order/?eventID=109593&theaterId=1290,https://movieland.co.il/order/?eventID=109593&theaterId=1290,Regular,2D,English,,2026-08-14,2026,,,,14+,Carmiel,MovieLand,601
15:40,End of Oak street,סוף רחוב האלון,https://movieland.co.il/order/?eventID=109598&theaterId=1290,https://movieland.co.il/order/?eventID=109598&theaterId=1290,Regular,2D,English,,2026-08-14,2026,,,,12+,Carmiel,MovieLand,601
21:45,End of Oak street,סוף רחוב האלון,https://movieland.co.il/order/?eventID=109599&theaterId=1290,https://movieland.co.il/order/?eventID=109599&theaterId=1290,Regular,2D,English,,2026-08-14,2026,,,,12+,Carmiel,MovieLand,601
00:00,End of Oak street,סוף רחוב האלון,https://movieland.co.il/order/?eventID=109600&theaterId=1290,https://movieland.co.il/order/?eventID=109600&theaterId=1290,Regular,2D,English,,2026-08-14,2026,,,,12+,Carmiel,MovieLand,601
13:45,Spider-Man: Brand New Day,ספיידרמן: יום חדש,https://movieland.co.il/order/?eventID=109584&theaterId=1290,https://movieland.co.il/order/?eventID=109584&theaterId=1290,Upgrade,2D,English,,2026-08-14,2026,,,,All,Carmiel,MovieLand,601
16:50,Spider-Man: Brand New Day,ספיידרמן: יום חדש,https://movieland.co.il/order/?eventID=109580&theaterId=1290,https://movieland.co.il/order/?eventID=109580&theaterId=1290,Upgrade,2D,English,,2026-08-14,2026,,,,All,Carmiel,MovieLand,601
18:00,Spider-Man: Brand New Day,ספיידרמן: יום חדש,https://movieland.co.il/order/?eventID=109575&theaterId=1290,https://movieland.co.il/order/?eventID=109575&theaterId=1290,Regular,2D,English,,2026-08-14,2026,,,,All,Carmiel,MovieLand,601
19:15,Spider-Man: Brand New Day,ספיידרמן: יום חדש,https://movieland.co.il/order/?eventID=109578&theaterId=1290,https://movieland.co.il/order/?eventID=109578&theaterId=1290,Upgrade,2D,English,,2026-08-14,2026,,,,All,Carmiel,MovieLand,601
20:00,Spider-Man: Brand New Day,ספיידרמן: יום חדש,https://movieland.co.il/order/?eventID=109577&theaterId=1290,https://movieland.co.il/order/?eventID=109577&theaterId=1290,Upgrade,2D,English,,2026-08-14,2026,,,,All,Carmiel,MovieLand,601
21:00,Spider-Man: Brand New Day,ספיידרמן: יום חדש,https://movieland.co.il/order/?eventID=109576&theaterId=1290,https://movieland.co.il/order/?eventID=109576&theaterId=1290,Regular,2D,English,,2026-08-14,2026,,,,All,Carmiel,MovieLand,601
22:15,Spider-Man: Brand New Day,ספיידרמן: יום חדש,https://movieland.co.il/order/?eventID=109579&theaterId=1290,https://movieland.co.il/order/?eventID=109579&theaterId=1290,Upgrade,2D,English,,2026-08-14,2026,,,,All,Carmiel,MovieLand,601
23:00,Spider-Man: Brand New Day,ספיידרמן: יום חדש,https://movieland.co.il/order/?eventID=109585&theaterId=1290,https://movieland.co.il/order/?eventID=109585&theaterId=1290,Upgrade,2D,English,,2026-08-14,2026,,,,All,Carmiel,MovieLand,601
13:50,The Odyssey,האודיסאה,https://movieland.co.il/order/?eventID=109568&theaterId=1290,https://movieland.co.il/order/?eventID=109568&theaterId=1290,Regular,2D,English,,2026-08-14,2026,,,,14+,Carmiel,MovieLand,601
18:00,The Odyssey,האודיסאה,https://movieland.co.il/order/?eventID=109566&theaterId=1290,https://movieland.co.il/order/?eventID=109566&theaterId=1290,Upgrade,2D,English,,2026-08-14,2026,,,,14+,Carmiel,MovieLand,601
21:30,The Odyssey,האודיסאה,https://movieland.co.il/order/?eventID=109567&theaterId=1290,https://movieland.co.il/order/?eventID=109567&theaterId=1290,Upgrade,2D,English,,2026-08-14,2026,,,,14+,Carmiel,MovieLand,601
11:00,Paw Patrol: The Dino Movie,מפרץ ההרפתקאות: אי הדינוזאורים,https://movieland.co.il/order/?eventID=109588&theaterId=1290,https://movieland.co.il/order/?eventID=109588&theaterId=1290,Upgrade,2D,English,Hebrew,2026-08-14,2026,,,,All,Carmiel,MovieLand,601
12:00,Paw Patrol: The Dino Movie,מפרץ ההרפתקאות: אי הדינוזאורים,https://movieland.co.il/order/?eventID=109605&theaterId=1290,https://movieland.co.il/order/?eventID=109605&theaterId=1290,Regular,2D,English,Hebrew,2026-08-14,2026,,,,All,Carmiel,MovieLand,601
15:10,Paw Patrol: The Dino Movie,מפרץ ההרפתקאות: אי הדינוזאורים,https://movieland.co.il/order/?eventID=109587&theaterId=1290,https://movieland.co.il/order/?eventID=109587&theaterId=1290,Upgrade,2D,English,Hebrew,2026-08-14,2026,,,,All,Carmiel,MovieLand,601
17:15,Paw Patrol: The Dino Movie,מפרץ ההרפתקאות: אי הדינוזאורים,https://movieland.co.il/order/?eventID=109586&theaterId=1290,https://movieland.co.il/order/?eventID=109586&theaterId=1290,Upgrade,2D,English,Hebrew,2026-08-14,2026,,,,All,Carmiel,MovieLand,601
11:35,Minions & Monsters,מיניונים ומפלצות,https://movieland.co.il/order/?eventID=109574&theaterId=1290,https://movieland.co.il/order/?eventID=109574&theaterId=1290,Upgrade,2D,English,Hebrew,2026-08-14,2026,,,,All,Carmiel,MovieLand,601
13:05,Minions & Monsters,מיניונים ומפלצות,https://movieland.co.il/order/?eventID=109573&theaterId=1290,https://movieland.co.il/order/?eventID=109573&theaterId=1290,Upgrade,2D,English,Hebrew,2026-08-14,2026,,,,All,Carmiel,MovieLand,601
15:55,Minions & Monsters,מיניונים ומפלצות,https://movieland.co.il/order/?eventID=109572&theaterId=1290,https://movieland.co.il/order/?eventID=109572&theaterId=1290,Upgrade,2D,English,Hebrew,2026-08-14,2026,,,,All,Carmiel,MovieLand,601
22:10,Fuze,פיוז,https://movieland.co.il/order/?eventID=109601&theaterId=1290,https://movieland.co.il/order/?eventID=109601&theaterId=1290,Regular,2D,English,,2026-08-14,2026,,,,12+,Carmiel,MovieLand,601
00:25,Fuze,פיוז,https://movieland.co.il/order/?eventID=109602&theaterId=1290,https://movieland.co.il/order/?eventID=109602&theaterId=1290,Regular,2D,English,,2026-08-14,2026,,,,12+,Carmiel,MovieLand,601
11:45,Marsupilami,מרסופילאמי,https://movieland.co.il/order/?eventID=109591&theaterId=1290,https://movieland.co.il/order/?eventID=109591&theaterId=1290,Regular,2D,French,Hebrew,2026-08-14,2025,,,,All,Carmiel,MovieLand,601
13:40,Marsupilami,מרסופילאמי,https://movieland.co.il/order/?eventID=109590&theaterId=1290,https://movieland.co.il/order/?eventID=109590&theaterId=1290,Upgrade,2D,French,Hebrew,2026-08-14,2025,,,,All,Carmiel,MovieLand,601
17:15,Marsupilami,מרסופילאמי,https://movieland.co.il/order/?eventID=109589&theaterId=1290,https://movieland.co.il/order/?eventID=109589&theaterId=1290,Regular,2D,French,Hebrew,2026-08-14,2025,,,,All,Carmiel,MovieLand,601
00:00,Ice Cream Man,איש הגלידה,https://movieland.co.il/order/?eventID=109594&theaterId=1290,https://movieland.co.il/order/?eventID=109594&theaterId=1290,Regular,2D,English,,2026-08-14,2026,,,,18+,Carmiel,MovieLand,601
14:00,Valley of Shadows,בחזרה מההימלאיה,https://movieland.co.il/order/?eventID=109603&theaterId=1290,https://movieland.co.il/order/?eventID=109603&theaterId=1290,Regular,2D,ספרדית,,2026-08-14,2025,,,,12+,Carmiel,MovieLand,601
13:35,Bitter Christmas,חג מולד מר,https://movieland.co.il/order/?eventID=109597&theaterId=1290,https://movieland.co.il/order/?eventID=109597&theaterId=1290,Regular,2D,ספרדית,,2026-08-14,2026,,,,All,Carmiel,MovieLand,601
16:50,קופה ראשית: הסרט,קופה ראשית: הסרט,https://movieland.co.il/order/?eventID=109581&theaterId=1290,https://movieland.co.il/order/?eventID=109581&theaterId=1290,Regular,2D,Hebrew,,2026-08-14,2026,,,,All,Carmiel,MovieLand,601
21:30,גבעה 338,גבעה 338,https://movieland.co.il/order/?eventID=109595&theaterId=1290,https://movieland.co.il/order/?eventID=109595&theaterId=1290,Regular,2D,Hebrew,,2026-08-14,2026,,,,9+,Carmiel,MovieLand,601
23:50,גבעה 338,גבעה 338,https://movieland.co.il/order/?eventID=109596&theaterId=1290,https://movieland.co.il/order/?eventID=109596&theaterId=1290,Regular,2D,Hebrew,,2026-08-14,2026,,,,9+,Carmiel,MovieLand,601
13:20,סולטיז הסרט - וולוג ה-100,סולטיז הסרט - וולוג ה-100,https://movieland.co.il/order/?eventID=109583&theaterId=1290,https://movieland.co.il/order/?eventID=109583&theaterId=1290,Regular,2D,Hebrew,,2026-08-14,2026,,,,All,Carmiel,MovieLand,601
16:30,סולטיז הסרט - וולוג ה-100,סולטיז הסרט - וולוג ה-100,https://movieland.co.il/order/?eventID=109582&theaterId=1290,https://movieland.co.il/order/?eventID=109582&theaterId=1290,Regular,2D,Hebrew,,2026-08-14,2026,,,,All,Carmiel,MovieLand,601
11:25,Toy Story 5,צעצוע של סיפור 5,https://movieland.co.il/order/?eventID=109569&theaterId=1290,https://movieland.co.il/order/?eventID=109569&theaterId=1290,Upgrade,2D,English,Hebrew,2026-08-14,2026,,,,All,Carmiel,MovieLand,601
11:05,Moana (Live Action),מואנה,https://movieland.co.il/order/?eventID=109571&theaterId=1290,https://movieland.co.il/order/?eventID=109571&theaterId=1290,Regular,2D,English,Hebrew,2026-08-14,2026,,,,All,Carmiel,MovieLand,601
16:00,Moana (Live Action),מואנה,https://movieland.co.il/order/?eventID=109570&theaterId=1290,https://movieland.co.il/order/?eventID=109570&theaterId=1290,Regular,2D,English,Hebrew,2026-08-14,2026,,,,All,Carmiel,MovieLand,601
19:30,НА КРАЮ ОУК-СТРИТ,НА КРАЮ ОУК-СТРИТ,https://movieland.co.il/order/?eventID=109604&theaterId=1290,https://movieland.co.il/order/?eventID=109604&theaterId=1290,Regular,2D,английский,,2026-08-14,,,,,12+,Carmiel,MovieLand,601
18:45,ОДИССЕЯ,ОДИССЕЯ,https://movieland.co.il/order/?eventID=109606&theaterId=1290,https://movieland.co.il/order/?eventID=109606&theaterId=1290,Regular,2D,английский,,2026-08-14,2026,,,,14+,Carmiel,MovieLand,601
18:30,ЧЕЛОВЕК-ПАУК: НОВЫЙ ДЕНЬ,ЧЕЛОВЕК-ПАУК: НОВЫЙ ДЕНЬ,https://movieland.co.il/order/?eventID=109565&theaterId=1290,https://movieland.co.il/order/?eventID=109565&theaterId=1290,Regular,2D,английский,,2026-08-14,2026,,,,Нет возрастных ограничений,Carmiel,MovieLand,601
21:25,One night only,לגמור את הלילה,https://movieland.co.il/order/?eventID=109488&theaterId=1290,https://movieland.co.il/order/?eventID=109488&theaterId=1290,Regular,2D,English,,2026-08-15,2026,,,,14+,Carmiel,MovieLand,601
23:45,One night only,לגמור את הלילה,https://movieland.co.il/order/?eventID=109487&theaterId=1290,https://movieland.co.il/order/?eventID=109487&theaterId=1290,Regular,2D,English,,2026-08-15,2026,,,,14+,Carmiel,MovieLand,601
19:30,End of Oak street,סוף רחוב האלון,https://movieland.co.il/order/?eventID=109481&theaterId=1290,https://movieland.co.il/order/?eventID=109481&theaterId=1290,Regular,2D,English,,2026-08-15,2026,,,,12+,Carmiel,MovieLand,601
21:45,End of Oak street,סוף רחוב האלון,https://movieland.co.il/order/?eventID=109480&theaterId=1290,https://movieland.co.il/order/?eventID=109480&theaterId=1290,Regular,2D,English,,2026-08-15,2026,,,,12+,Carmiel,MovieLand,601
00:00,End of Oak street,סוף רחוב האלון,https://movieland.co.il/order/?eventID=109479&theaterId=1290,https://movieland.co.il/order/?eventID=109479&theaterId=1290,Regular,2D,English,,2026-08-15,2026,,,,12+,Carmiel,MovieLand,601
12:00,Spider-Man: Brand New Day,ספיידרמן: יום חדש,https://movieland.co.il/order/?eventID=109515&theaterId=1290,https://movieland.co.il/order/?eventID=109515&theaterId=1290,Regular,2D,English,,2026-08-15,2026,,,,All,Carmiel,MovieLand,601
13:45,Spider-Man: Brand New Day,ספיידרמן: יום חדש,https://movieland.co.il/order/?eventID=109497&theaterId=1290,https://movieland.co.il/order/?eventID=109497&theaterId=1290,Upgrade,2D,English,,2026-08-15,2026,,,,All,Carmiel,MovieLand,601
15:00,Spider-Man: Brand New Day,ספיידרמן: יום חדש,https://movieland.co.il/order/?eventID=109508&theaterId=1290,https://movieland.co.il/order/?eventID=109508&theaterId=1290,Regular,2D,English,,2026-08-15,2026,,,,All,Carmiel,MovieLand,601
16:50,Spider-Man: Brand New Day,ספיידרמן: יום חדש,https://movieland.co.il/order/?eventID=109514&theaterId=1290,https://movieland.co.il/order/?eventID=109514&theaterId=1290,Upgrade,2D,English,,2026-08-15,2026,,,,All,Carmiel,MovieLand,601
18:00,Spider-Man: Brand New Day,ספיידרמן: יום חדש,https://movieland.co.il/order/?eventID=109509&theaterId=1290,https://movieland.co.il/order/?eventID=109509&theaterId=1290,Regular,2D,English,,2026-08-15,2026,,,,All,Carmiel,MovieLand,601
19:00,Spider-Man: Brand New Day,ספיידרמן: יום חדש,https://movieland.co.il/order/?eventID=109512&theaterId=1290,https://movieland.co.il/order/?eventID=109512&theaterId=1290,Upgrade,2D,English,,2026-08-15,2026,,,,All,Carmiel,MovieLand,601
20:00,Spider-Man: Brand New Day,ספיידרמן: יום חדש,https://movieland.co.il/order/?eventID=109511&theaterId=1290,https://movieland.co.il/order/?eventID=109511&theaterId=1290,Upgrade,2D,English,,2026-08-15,2026,,,,All,Carmiel,MovieLand,601
21:00,Spider-Man: Brand New Day,ספיידרמן: יום חדש,https://movieland.co.il/order/?eventID=109510&theaterId=1290,https://movieland.co.il/order/?eventID=109510&theaterId=1290,Regular,2D,English,,2026-08-15,2026,,,,All,Carmiel,MovieLand,601
22:00,Spider-Man: Brand New Day,ספיידרמן: יום חדש,https://movieland.co.il/order/?eventID=109513&theaterId=1290,https://movieland.co.il/order/?eventID=109513&theaterId=1290,Upgrade,2D,English,,2026-08-15,2026,,,,All,Carmiel,MovieLand,601
23:00,Spider-Man: Brand New Day,ספיידרמן: יום חדש,https://movieland.co.il/order/?eventID=109495&theaterId=1290,https://movieland.co.il/order/?eventID=109495&theaterId=1290,Upgrade,2D,English,,2026-08-15,2026,,,,All,Carmiel,MovieLand,601
13:50,The Odyssey,האודיסאה,https://movieland.co.il/order/?eventID=109501&theaterId=1290,https://movieland.co.il/order/?eventID=109501&theaterId=1290,Regular,2D,English,,2026-08-15,2026,,,,14+,Carmiel,MovieLand,601
18:00,The Odyssey,האודיסאה,https://movieland.co.il/order/?eventID=109499&theaterId=1290,https://movieland.co.il/order/?eventID=109499&theaterId=1290,Upgrade,2D,English,,2026-08-15,2026,,,,14+,Carmiel,MovieLand,601
18:50,The Odyssey,האודיסאה,https://movieland.co.il/order/?eventID=109496&theaterId=1290,https://movieland.co.il/order/?eventID=109496&theaterId=1290,Regular,2D,English,,2026-08-15,2026,,,,14+,Carmiel,MovieLand,601
21:30,The Odyssey,האודיסאה,https://movieland.co.il/order/?eventID=109500&theaterId=1290,https://movieland.co.il/order/?eventID=109500&theaterId=1290,Upgrade,2D,English,,2026-08-15,2026,,,,14+,Carmiel,MovieLand,601
10:45,Paw Patrol: The Dino Movie,מפרץ ההרפתקאות: אי הדינוזאורים,https://movieland.co.il/order/?eventID=109492&theaterId=1290,https://movieland.co.il/order/?eventID=109492&theaterId=1290,Upgrade,2D,English,Hebrew,2026-08-15,2026,,,,All,Carmiel,MovieLand,601
11:40,Paw Patrol: The Dino Movie,מפרץ ההרפתקאות: אי הדינוזאורים,https://movieland.co.il/order/?eventID=109474&theaterId=1290,https://movieland.co.il/order/?eventID=109474&theaterId=1290,Upgrade,2D,English,Hebrew,2026-08-15,2026,,,,All,Carmiel,MovieLand,601
14:55,Paw Patrol: The Dino Movie,מפרץ ההרפתקאות: אי הדינוזאורים,https://movieland.co.il/order/?eventID=109493&theaterId=1290,https://movieland.co.il/order/?eventID=109493&theaterId=1290,Upgrade,2D,English,Hebrew,2026-08-15,2026,,,,All,Carmiel,MovieLand,601
17:00,Paw Patrol: The Dino Movie,מפרץ ההרפתקאות: אי הדינוזאורים,https://movieland.co.il/order/?eventID=109494&theaterId=1290,https://movieland.co.il/order/?eventID=109494&theaterId=1290,Upgrade,2D,English,Hebrew,2026-08-15,2026,,,,All,Carmiel,MovieLand,601
11:35,Minions & Monsters,מיניונים ומפלצות,https://movieland.co.il/order/?eventID=109507&theaterId=1290,https://movieland.co.il/order/?eventID=109507&theaterId=1290,Upgrade,2D,English,Hebrew,2026-08-15,2026,,,,All,Carmiel,MovieLand,601
12:50,Minions & Monsters,מיניונים ומפלצות,https://movieland.co.il/order/?eventID=109506&theaterId=1290,https://movieland.co.il/order/?eventID=109506&theaterId=1290,Upgrade,2D,English,Hebrew,2026-08-15,2026,,,,All,Carmiel,MovieLand,601
15:55,Minions & Monsters,מיניונים ומפלצות,https://movieland.co.il/order/?eventID=109505&theaterId=1290,https://movieland.co.il/order/?eventID=109505&theaterId=1290,Upgrade,2D,English,Hebrew,2026-08-15,2026,,,,All,Carmiel,MovieLand,601
22:15,Fuze,פיוז,https://movieland.co.il/order/?eventID=109478&theaterId=1290,https://movieland.co.il/order/?eventID=109478&theaterId=1290,Regular,2D,English,,2026-08-15,2026,,,,12+,Carmiel,MovieLand,601
00:30,Fuze,פיוז,https://movieland.co.il/order/?eventID=109477&theaterId=1290,https://movieland.co.il/order/?eventID=109477&theaterId=1290,Regular,2D,English,,2026-08-15,2026,,,,12+,Carmiel,MovieLand,601
11:55,Marsupilami,מרסופילאמי,https://movieland.co.il/order/?eventID=109489&theaterId=1290,https://movieland.co.il/order/?eventID=109489&theaterId=1290,Regular,2D,French,Hebrew,2026-08-15,2025,,,,All,Carmiel,MovieLand,601
13:40,Marsupilami,מרסופילאמי,https://movieland.co.il/order/?eventID=109490&theaterId=1290,https://movieland.co.il/order/?eventID=109490&theaterId=1290,Upgrade,2D,French,Hebrew,2026-08-15,2025,,,,All,Carmiel,MovieLand,601
17:15,Marsupilami,מרסופילאמי,https://movieland.co.il/order/?eventID=109491&theaterId=1290,https://movieland.co.il/order/?eventID=109491&theaterId=1290,Regular,2D,French,Hebrew,2026-08-15,2025,,,,All,Carmiel,MovieLand,601
00:00,Ice Cream Man,איש הגלידה,https://movieland.co.il/order/?eventID=109486&theaterId=1290,https://movieland.co.il/order/?eventID=109486&theaterId=1290,Regular,2D,English,,2026-08-15,2026,,,,18+,Carmiel,MovieLand,601
14:00,Valley of Shadows,בחזרה מההימלאיה,https://movieland.co.il/order/?eventID=109476&theaterId=1290,https://movieland.co.il/order/?eventID=109476&theaterId=1290,Regular,2D,ספרדית,,2026-08-15,2025,,,,12+,Carmiel,MovieLand,601
13:50,"Damned if you do, damned if you don’t",המשפחה האיטלקית שלי,https://movieland.co.il/order/?eventID=109482&theaterId=1290,https://movieland.co.il/order/?eventID=109482&theaterId=1290,Regular,2D,איטלקית,,2026-08-15,2025,,,,All,Carmiel,MovieLand,601
14:15,Bitter Christmas,חג מולד מר,https://movieland.co.il/order/?eventID=109483&theaterId=1290,https://movieland.co.il/order/?eventID=109483&theaterId=1290,Regular,2D,ספרדית,,2026-08-15,2026,,,,All,Carmiel,MovieLand,601
16:50,קופה ראשית: הסרט,קופה ראשית: הסרט,https://movieland.co.il/order/?eventID=109516&theaterId=1290,https://movieland.co.il/order/?eventID=109516&theaterId=1290,Regular,2D,Hebrew,,2026-08-15,2026,,,,All,Carmiel,MovieLand,601
21:30,גבעה 338,גבעה 338,https://movieland.co.il/order/?eventID=109485&theaterId=1290,https://movieland.co.il/order/?eventID=109485&theaterId=1290,Regular,2D,Hebrew,,2026-08-15,2026,,,,9+,Carmiel,MovieLand,601
23:50,גבעה 338,גבעה 338,https://movieland.co.il/order/?eventID=109484&theaterId=1290,https://movieland.co.il/order/?eventID=109484&theaterId=1290,Regular,2D,Hebrew,,2026-08-15,2026,,,,9+,Carmiel,MovieLand,601
11:45,סולטיז הסרט - וולוג ה-100,סולטיז הסרט - וולוג ה-100,https://movieland.co.il/order/?eventID=109518&theaterId=1290,https://movieland.co.il/order/?eventID=109518&theaterId=1290,Regular,2D,Hebrew,,2026-08-15,2026,,,,All,Carmiel,MovieLand,601
16:30,סולטיז הסרט - וולוג ה-100,סולטיז הסרט - וולוג ה-100,https://movieland.co.il/order/?eventID=109517&theaterId=1290,https://movieland.co.il/order/?eventID=109517&theaterId=1290,Regular,2D,Hebrew,,2026-08-15,2026,,,,All,Carmiel,MovieLand,601
11:35,Toy Story 5,צעצוע של סיפור 5,https://movieland.co.il/order/?eventID=109502&theaterId=1290,https://movieland.co.il/order/?eventID=109502&theaterId=1290,Regular,2D,English,Hebrew,2026-08-15,2026,,,,All,Carmiel,MovieLand,601
11:20,Moana (Live Action),מואנה,https://movieland.co.il/order/?eventID=109504&theaterId=1290,https://movieland.co.il/order/?eventID=109504&theaterId=1290,Regular,2D,English,Hebrew,2026-08-15,2026,,,,All,Carmiel,MovieLand,601
16:00,Moana (Live Action),מואנה,https://movieland.co.il/order/?eventID=109503&theaterId=1290,https://movieland.co.il/order/?eventID=109503&theaterId=1290,Regular,2D,English,Hebrew,2026-08-15,2026,,,,All,Carmiel,MovieLand,601
19:05,НА КРАЮ ОУК-СТРИТ,НА КРАЮ ОУК-СТРИТ,https://movieland.co.il/order/?eventID=109475&theaterId=1290,https://movieland.co.il/order/?eventID=109475&theaterId=1290,Regular,2D,английский,,2026-08-15,,,,,12+,Carmiel,MovieLand,601
18:30,ЧЕЛОВЕК-ПАУК: НОВЫЙ ДЕНЬ,ЧЕЛОВЕК-ПАУК: НОВЫЙ ДЕНЬ,https://movieland.co.il/order/?eventID=109498&theaterId=1290,https://movieland.co.il/order/?eventID=109498&theaterId=1290,Regular,2D,английский,,2026-08-15,2026,,,,Нет возрастных ограничений,Carmiel,MovieLand,601
18:50,One night only,לגמור את הלילה,https://movieland.co.il/order/?eventID=109637&theaterId=1290,https://movieland.co.il/order/?eventID=109637&theaterId=1290,Regular,2D,English,,2026-08-16,2026,,,,14+,Carmiel,MovieLand,601
21:45,One night only,לגמור את הלילה,https://movieland.co.il/order/?eventID=109618&theaterId=1290,https://movieland.co.il/order/?eventID=109618&theaterId=1290,Regular,2D,English,,2026-08-16,2026,,,,14+,Carmiel,MovieLand,601
00:00,One night only,לגמור את הלילה,https://movieland.co.il/order/?eventID=109628&theaterId=1290,https://movieland.co.il/order/?eventID=109628&theaterId=1290,Regular,2D,English,,2026-08-16,2026,,,,14+,Carmiel,MovieLand,601
19:00,End of Oak street,סוף רחוב האלון,https://movieland.co.il/order/?eventID=109620&theaterId=1290,https://movieland.co.il/order/?eventID=109620&theaterId=1290,Regular,2D,English,,2026-08-16,2026,,,,12+,Carmiel,MovieLand,601
21:40,End of Oak street,סוף רחוב האלון,https://movieland.co.il/order/?eventID=109621&theaterId=1290,https://movieland.co.il/order/?eventID=109621&theaterId=1290,Regular,2D,English,,2026-08-16,2026,,,,12+,Carmiel,MovieLand,601
23:50,End of Oak street,סוף רחוב האלון,https://movieland.co.il/order/?eventID=109629&theaterId=1290,https://movieland.co.il/order/?eventID=109629&theaterId=1290,Regular,2D,English,,2026-08-16,2026,,,,12+,Carmiel,MovieLand,601
12:00,Spider-Man: Brand New Day,ספיידרמן: יום חדש,https://movieland.co.il/order/?eventID=109652&theaterId=1290,https://movieland.co.il/order/?eventID=109652&theaterId=1290,Regular,2D,English,,2026-08-16,2026,,,,All,Carmiel,MovieLand,601
13:15,Spider-Man: Brand New Day,ספיידרמן: יום חדש,https://movieland.co.il/order/?eventID=109656&theaterId=1290,https://movieland.co.il/order/?eventID=109656&theaterId=1290,Upgrade,2D,English,,2026-08-16,2026,,,,All,Carmiel,MovieLand,601
15:00,Spider-Man: Brand New Day,ספיידרמן: יום חדש,https://movieland.co.il/order/?eventID=109645&theaterId=1290,https://movieland.co.il/order/?eventID=109645&theaterId=1290,Regular,2D,English,,2026-08-16,2026,,,,All,Carmiel,MovieLand,601
16:15,Spider-Man: Brand New Day,ספיידרמן: יום חדש,https://movieland.co.il/order/?eventID=109651&theaterId=1290,https://movieland.co.il/order/?eventID=109651&theaterId=1290,Upgrade,2D,English,,2026-08-16,2026,,,,All,Carmiel,MovieLand,601
18:30,Spider-Man: Brand New Day,ספיידרמן: יום חדש,https://movieland.co.il/order/?eventID=109646&theaterId=1290,https://movieland.co.il/order/?eventID=109646&theaterId=1290,Regular,2D,English,,2026-08-16,2026,,,,All,Carmiel,MovieLand,601
19:20,Spider-Man: Brand New Day,ספיידרמן: יום חדש,https://movieland.co.il/order/?eventID=109648&theaterId=1290,https://movieland.co.il/order/?eventID=109648&theaterId=1290,Upgrade,2D,English,,2026-08-16,2026,,,,All,Carmiel,MovieLand,601
20:30,Spider-Man: Brand New Day,ספיידרמן: יום חדש,https://movieland.co.il/order/?eventID=109650&theaterId=1290,https://movieland.co.il/order/?eventID=109650&theaterId=1290,Upgrade,2D,English,,2026-08-16,2026,,,,All,Carmiel,MovieLand,601
21:30,Spider-Man: Brand New Day,ספיידרמן: יום חדש,https://movieland.co.il/order/?eventID=109647&theaterId=1290,https://movieland.co.il/order/?eventID=109647&theaterId=1290,Regular,2D,English,,2026-08-16,2026,,,,All,Carmiel,MovieLand,601
22:30,Spider-Man: Brand New Day,ספיידרמן: יום חדש,https://movieland.co.il/order/?eventID=109624&theaterId=1290,https://movieland.co.il/order/?eventID=109624&theaterId=1290,Upgrade,2D,English,,2026-08-16,2026,,,,All,Carmiel,MovieLand,601
20:00,The Odyssey,האודיסאה,https://movieland.co.il/order/?eventID=109638&theaterId=1290,https://movieland.co.il/order/?eventID=109638&theaterId=1290,Upgrade,2D,English,,2026-08-16,2026,,,,14+,Carmiel,MovieLand,601
11:05,Paw Patrol: The Dino Movie,מפרץ ההרפתקאות: אי הדינוזאורים,https://movieland.co.il/order/?eventID=109614&theaterId=1290,https://movieland.co.il/order/?eventID=109614&theaterId=1290,Upgrade,2D,English,Hebrew,2026-08-16,2026,,,,All,Carmiel,MovieLand,601
13:50,Paw Patrol: The Dino Movie,מפרץ ההרפתקאות: אי הדינוזאורים,https://movieland.co.il/order/?eventID=109634&theaterId=1290,https://movieland.co.il/order/?eventID=109634&theaterId=1290,Regular,2D,English,Hebrew,2026-08-16,2026,,,,All,Carmiel,MovieLand,601
15:30,Paw Patrol: The Dino Movie,מפרץ ההרפתקאות: אי הדינוזאורים,https://movieland.co.il/order/?eventID=109613&theaterId=1290,https://movieland.co.il/order/?eventID=109613&theaterId=1290,Upgrade,2D,English,Hebrew,2026-08-16,2026,,,,All,Carmiel,MovieLand,601
11:20,Minions & Monsters,מיניונים ומפלצות,https://movieland.co.il/order/?eventID=109644&theaterId=1290,https://movieland.co.il/order/?eventID=109644&theaterId=1290,Upgrade,2D,English,Hebrew,2026-08-16,2026,,,,All,Carmiel,MovieLand,601
13:15,Minions & Monsters,מיניונים ומפלצות,https://movieland.co.il/order/?eventID=109643&theaterId=1290,https://movieland.co.il/order/?eventID=109643&theaterId=1290,Upgrade,2D,English,Hebrew,2026-08-16,2026,,,,All,Carmiel,MovieLand,601
15:40,Minions & Monsters,מיניונים ומפלצות,https://movieland.co.il/order/?eventID=109642&theaterId=1290,https://movieland.co.il/order/?eventID=109642&theaterId=1290,Upgrade,2D,English,Hebrew,2026-08-16,2026,,,,All,Carmiel,MovieLand,601
21:10,Fuze,פיוז,https://movieland.co.il/order/?eventID=109622&theaterId=1290,https://movieland.co.il/order/?eventID=109622&theaterId=1290,Regular,2D,English,,2026-08-16,2026,,,,12+,Carmiel,MovieLand,601
23:25,Fuze,פיוז,https://movieland.co.il/order/?eventID=109627&theaterId=1290,https://movieland.co.il/order/?eventID=109627&theaterId=1290,Regular,2D,English,,2026-08-16,2026,,,,12+,Carmiel,MovieLand,601
11:35,Marsupilami,מרסופילאמי,https://movieland.co.il/order/?eventID=109617&theaterId=1290,https://movieland.co.il/order/?eventID=109617&theaterId=1290,Regular,2D,French,Hebrew,2026-08-16,2025,,,,All,Carmiel,MovieLand,601
13:25,Marsupilami,מרסופילאמי,https://movieland.co.il/order/?eventID=109616&theaterId=1290,https://movieland.co.il/order/?eventID=109616&theaterId=1290,Upgrade,2D,French,Hebrew,2026-08-16,2025,,,,All,Carmiel,MovieLand,601
16:05,Marsupilami,מרסופילאמי,https://movieland.co.il/order/?eventID=109615&theaterId=1290,https://movieland.co.il/order/?eventID=109615&theaterId=1290,Regular,2D,French,Hebrew,2026-08-16,2025,,,,All,Carmiel,MovieLand,601
23:35,Ice Cream Man,איש הגלידה,https://movieland.co.il/order/?eventID=109625&theaterId=1290,https://movieland.co.il/order/?eventID=109625&theaterId=1290,Upgrade,2D,English,,2026-08-16,2026,,,,18+,Carmiel,MovieLand,601
13:50,Valley of Shadows,בחזרה מההימלאיה,https://movieland.co.il/order/?eventID=109623&theaterId=1290,https://movieland.co.il/order/?eventID=109623&theaterId=1290,Regular,2D,ספרדית,,2026-08-16,2025,,,,12+,Carmiel,MovieLand,601
16:25,קופה ראשית: הסרט,קופה ראשית: הסרט,https://movieland.co.il/order/?eventID=109653&theaterId=1290,https://movieland.co.il/order/?eventID=109653&theaterId=1290,Regular,2D,Hebrew,,2026-08-16,2026,,,,All,Carmiel,MovieLand,601
14:05,גבעה 338,גבעה 338,https://movieland.co.il/order/?eventID=109631&theaterId=1290,https://movieland.co.il/order/?eventID=109631&theaterId=1290,Regular,2D,Hebrew,,2026-08-16,2026,,,,9+,Carmiel,MovieLand,601
21:20,גבעה 338,גבעה 338,https://movieland.co.il/order/?eventID=109619&theaterId=1290,https://movieland.co.il/order/?eventID=109619&theaterId=1290,Regular,2D,Hebrew,,2026-08-16,2026,,,,9+,Carmiel,MovieLand,601
23:40,גבעה 338,גבעה 338,https://movieland.co.il/order/?eventID=109626&theaterId=1290,https://movieland.co.il/order/?eventID=109626&theaterId=1290,Regular,2D,Hebrew,,2026-08-16,2026,,,,9+,Carmiel,MovieLand,601
11:55,סולטיז הסרט - וולוג ה-100,סולטיז הסרט - וולוג ה-100,https://movieland.co.il/order/?eventID=109655&theaterId=1290,https://movieland.co.il/order/?eventID=109655&theaterId=1290,Regular,2D,Hebrew,,2026-08-16,2026,,,,All,Carmiel,MovieLand,601
16:30,סולטיז הסרט - וולוג ה-100,סולטיז הסרט - וולוג ה-100,https://movieland.co.il/order/?eventID=109654&theaterId=1290,https://movieland.co.il/order/?eventID=109654&theaterId=1290,Regular,2D,Hebrew,,2026-08-16,2026,,,,All,Carmiel,MovieLand,601
14:15,STICH HEAD,פרנקי והמפלצות,https://movieland.co.il/order/?eventID=109632&theaterId=1290,https://movieland.co.il/order/?eventID=109632&theaterId=1290,Regular,2D,,Hebrew,2026-08-16,,,,,All,Carmiel,MovieLand,601
11:00,Toy Story 5,צעצוע של סיפור 5,https://movieland.co.il/order/?eventID=109639&theaterId=1290,https://movieland.co.il/order/?eventID=109639&theaterId=1290,Upgrade,2D,English,Hebrew,2026-08-16,2026,,,,All,Carmiel,MovieLand,601
11:30,Moana (Live Action),מואנה,https://movieland.co.il/order/?eventID=109641&theaterId=1290,https://movieland.co.il/order/?eventID=109641&theaterId=1290,Regular,2D,English,Hebrew,2026-08-16,2026,,,,All,Carmiel,MovieLand,601
16:30,Moana (Live Action),מואנה,https://movieland.co.il/order/?eventID=109640&theaterId=1290,https://movieland.co.il/order/?eventID=109640&theaterId=1290,Regular,2D,English,Hebrew,2026-08-16,2026,,,,All,Carmiel,MovieLand,601
11:50,Tafiti: Across the Desert,טפיטי: הרפתקה במדבר,https://movieland.co.il/order/?eventID=109633&theaterId=1290,https://movieland.co.il/order/?eventID=109633&theaterId=1290,Regular,2D,German,Hebrew,2026-08-16,2025,,,,ליווי מבוגר עד גיל 8,Carmiel,MovieLand,601
18:20,ОДИССЕЯ,ОДИССЕЯ,https://movieland.co.il/order/?eventID=109630&theaterId=1290,https://movieland.co.il/order/?eventID=109630&theaterId=1290,Regular,2D,английский,,2026-08-16,2026,,,,14+,Carmiel,MovieLand,601
18:40,ЧЕЛОВЕК-ПАУК: НОВЫЙ ДЕНЬ,ЧЕЛОВЕК-ПАУК: НОВЫЙ ДЕНЬ,https://movieland.co.il/order/?eventID=109636&theaterId=1290,https://movieland.co.il/order/?eventID=109636&theaterId=1290,Regular,2D,английский,,2026-08-16,2026,,,,Нет возрастных ограничений,Carmiel,MovieLand,601
18:50,One night only,לגמור את הלילה,https://movieland.co.il/order/?eventID=109473&theaterId=1290,https://movieland.co.il/order/?eventID=109473&theaterId=1290,Regular,2D,English,,2026-08-17,2026,,,,14+,Carmiel,MovieLand,601
21:40,One night only,לגמור את הלילה,https://movieland.co.il/order/?eventID=109461&theaterId=1290,https://movieland.co.il/order/?eventID=109461&theaterId=1290,Regular,2D,English,,2026-08-17,2026,,,,14+,Carmiel,MovieLand,601
00:00,One night only,לגמור את הלילה,https://movieland.co.il/order/?eventID=109471&theaterId=1290,https://movieland.co.il/order/?eventID=109471&theaterId=1290,Regular,2D,English,,2026-08-17,2026,,,,14+,Carmiel,MovieLand,601
19:00,End of Oak street,סוף רחוב האלון,https://movieland.co.il/order/?eventID=109463&theaterId=1290,https://movieland.co.il/order/?eventID=109463&theaterId=1290,Regular,2D,English,,2026-08-17,2026,,,,12+,Carmiel,MovieLand,601
21:40,End of Oak street,סוף רחוב האלון,https://movieland.co.il/order/?eventID=109464&theaterId=1290,https://movieland.co.il/order/?eventID=109464&theaterId=1290,Regular,2D,English,,2026-08-17,2026,,,,12+,Carmiel,MovieLand,601
23:50,End of Oak street,סוף רחוב האלון,https://movieland.co.il/order/?eventID=109441&theaterId=1290,https://movieland.co.il/order/?eventID=109441&theaterId=1290,Regular,2D,English,,2026-08-17,2026,,,,12+,Carmiel,MovieLand,601
12:00,Spider-Man: Brand New Day,ספיידרמן: יום חדש,https://movieland.co.il/order/?eventID=109451&theaterId=1290,https://movieland.co.il/order/?eventID=109451&theaterId=1290,Regular,2D,English,,2026-08-17,2026,,,,All,Carmiel,MovieLand,601
13:45,Spider-Man: Brand New Day,ספיידרמן: יום חדש,https://movieland.co.il/order/?eventID=109454&theaterId=1290,https://movieland.co.il/order/?eventID=109454&theaterId=1290,Upgrade,2D,English,,2026-08-17,2026,,,,All,Carmiel,MovieLand,601
15:00,Spider-Man: Brand New Day,ספיידרמן: יום חדש,https://movieland.co.il/order/?eventID=109437&theaterId=1290,https://movieland.co.il/order/?eventID=109437&theaterId=1290,Regular,2D,English,,2026-08-17,2026,,,,All,Carmiel,MovieLand,601
16:50,Spider-Man: Brand New Day,ספיידרמן: יום חדש,https://movieland.co.il/order/?eventID=109450&theaterId=1290,https://movieland.co.il/order/?eventID=109450&theaterId=1290,Upgrade,2D,English,,2026-08-17,2026,,,,All,Carmiel,MovieLand,601
18:00,Spider-Man: Brand New Day,ספיידרמן: יום חדש,https://movieland.co.il/order/?eventID=109438&theaterId=1290,https://movieland.co.il/order/?eventID=109438&theaterId=1290,Regular,2D,English,,2026-08-17,2026,,,,All,Carmiel,MovieLand,601
19:00,Spider-Man: Brand New Day,ספיידרמן: יום חדש,https://movieland.co.il/order/?eventID=109448&theaterId=1290,https://movieland.co.il/order/?eventID=109448&theaterId=1290,Upgrade,2D,English,,2026-08-17,2026,,,,All,Carmiel,MovieLand,601
20:00,Spider-Man: Brand New Day,ספיידרמן: יום חדש,https://movieland.co.il/order/?eventID=109440&theaterId=1290,https://movieland.co.il/order/?eventID=109440&theaterId=1290,Upgrade,2D,English,,2026-08-17,2026,,,,All,Carmiel,MovieLand,601
21:00,Spider-Man: Brand New Day,ספיידרמן: יום חדש,https://movieland.co.il/order/?eventID=109439&theaterId=1290,https://movieland.co.il/order/?eventID=109439&theaterId=1290,Regular,2D,English,,2026-08-17,2026,,,,All,Carmiel,MovieLand,601
22:00,Spider-Man: Brand New Day,ספיידרמן: יום חדש,https://movieland.co.il/order/?eventID=109449&theaterId=1290,https://movieland.co.il/order/?eventID=109449&theaterId=1290,Upgrade,2D,English,,2026-08-17,2026,,,,All,Carmiel,MovieLand,601
23:00,Spider-Man: Brand New Day,ספיידרמן: יום חדש,https://movieland.co.il/order/?eventID=109467&theaterId=1290,https://movieland.co.il/order/?eventID=109467&theaterId=1290,Upgrade,2D,English,,2026-08-17,2026,,,,All,Carmiel,MovieLand,601
18:00,The Odyssey,האודיסאה,https://movieland.co.il/order/?eventID=109430&theaterId=1290,https://movieland.co.il/order/?eventID=109430&theaterId=1290,Upgrade,2D,English,,2026-08-17,2026,,,,14+,Carmiel,MovieLand,601
21:30,The Odyssey,האודיסאה,https://movieland.co.il/order/?eventID=109431&theaterId=1290,https://movieland.co.il/order/?eventID=109431&theaterId=1290,Upgrade,2D,English,,2026-08-17,2026,,,,14+,Carmiel,MovieLand,601
10:45,Paw Patrol: The Dino Movie,מפרץ ההרפתקאות: אי הדינוזאורים,https://movieland.co.il/order/?eventID=109457&theaterId=1290,https://movieland.co.il/order/?eventID=109457&theaterId=1290,Upgrade,2D,English,Hebrew,2026-08-17,2026,,,,All,Carmiel,MovieLand,601
14:55,Paw Patrol: The Dino Movie,מפרץ ההרפתקאות: אי הדינוזאורים,https://movieland.co.il/order/?eventID=109456&theaterId=1290,https://movieland.co.il/order/?eventID=109456&theaterId=1290,Upgrade,2D,English,Hebrew,2026-08-17,2026,,,,All,Carmiel,MovieLand,601
17:00,Paw Patrol: The Dino Movie,מפרץ ההרפתקאות: אי הדינוזאורים,https://movieland.co.il/order/?eventID=109455&theaterId=1290,https://movieland.co.il/order/?eventID=109455&theaterId=1290,Upgrade,2D,English,Hebrew,2026-08-17,2026,,,,All,Carmiel,MovieLand,601
11:35,Minions & Monsters,מיניונים ומפלצות,https://movieland.co.il/order/?eventID=109436&theaterId=1290,https://movieland.co.il/order/?eventID=109436&theaterId=1290,Upgrade,2D,English,Hebrew,2026-08-17,2026,,,,All,Carmiel,MovieLand,601
12:50,Minions & Monsters,מיניונים ומפלצות,https://movieland.co.il/order/?eventID=109435&theaterId=1290,https://movieland.co.il/order/?eventID=109435&theaterId=1290,Upgrade,2D,English,Hebrew,2026-08-17,2026,,,,All,Carmiel,MovieLand,601
15:55,Minions & Monsters,מיניונים ומפלצות,https://movieland.co.il/order/?eventID=109434&theaterId=1290,https://movieland.co.il/order/?eventID=109434&theaterId=1290,Upgrade,2D,English,Hebrew,2026-08-17,2026,,,,All,Carmiel,MovieLand,601
21:10,Fuze,פיוז,https://movieland.co.il/order/?eventID=109465&theaterId=1290,https://movieland.co.il/order/?eventID=109465&theaterId=1290,Regular,2D,English,,2026-08-17,2026,,,,12+,Carmiel,MovieLand,601
23:25,Fuze,פיוז,https://movieland.co.il/order/?eventID=109470&theaterId=1290,https://movieland.co.il/order/?eventID=109470&theaterId=1290,Regular,2D,English,,2026-08-17,2026,,,,12+,Carmiel,MovieLand,601
12:05,Marsupilami,מרסופילאמי,https://movieland.co.il/order/?eventID=109460&theaterId=1290,https://movieland.co.il/order/?eventID=109460&theaterId=1290,Regular,2D,French,Hebrew,2026-08-17,2025,,,,All,Carmiel,MovieLand,601
13:40,Marsupilami,מרסופילאמי,https://movieland.co.il/order/?eventID=109459&theaterId=1290,https://movieland.co.il/order/?eventID=109459&theaterId=1290,Upgrade,2D,French,Hebrew,2026-08-17,2025,,,,All,Carmiel,MovieLand,601
16:25,Marsupilami,מרסופילאמי,https://movieland.co.il/order/?eventID=109458&theaterId=1290,https://movieland.co.il/order/?eventID=109458&theaterId=1290,Regular,2D,French,Hebrew,2026-08-17,2025,,,,All,Carmiel,MovieLand,601
00:00,Ice Cream Man,איש הגלידה,https://movieland.co.il/order/?eventID=109468&theaterId=1290,https://movieland.co.il/order/?eventID=109468&theaterId=1290,Regular,2D,English,,2026-08-17,2026,,,,18+,Carmiel,MovieLand,601
16:45,קופה ראשית: הסרט,קופה ראשית: הסרט,https://movieland.co.il/order/?eventID=109472&theaterId=1290,https://movieland.co.il/order/?eventID=109472&theaterId=1290,Regular,2D,Hebrew,,2026-08-17,2026,,,,All,Carmiel,MovieLand,601
14:20,גבעה 338,גבעה 338,https://movieland.co.il/order/?eventID=109442&theaterId=1290,https://movieland.co.il/order/?eventID=109442&theaterId=1290,Regular,2D,Hebrew,,2026-08-17,2026,,,,9+,Carmiel,MovieLand,601
21:20,גבעה 338,גבעה 338,https://movieland.co.il/order/?eventID=109462&theaterId=1290,https://movieland.co.il/order/?eventID=109462&theaterId=1290,Regular,2D,Hebrew,,2026-08-17,2026,,,,9+,Carmiel,MovieLand,601
23:40,גבעה 338,גבעה 338,https://movieland.co.il/order/?eventID=109469&theaterId=1290,https://movieland.co.il/order/?eventID=109469&theaterId=1290,Regular,2D,Hebrew,,2026-08-17,2026,,,,9+,Carmiel,MovieLand,601
11:50,סולטיז הסרט - וולוג ה-100,סולטיז הסרט - וולוג ה-100,https://movieland.co.il/order/?eventID=109453&theaterId=1290,https://movieland.co.il/order/?eventID=109453&theaterId=1290,Regular,2D,Hebrew,,2026-08-17,2026,,,,All,Carmiel,MovieLand,601
16:30,סולטיז הסרט - וולוג ה-100,סולטיז הסרט - וולוג ה-100,https://movieland.co.il/order/?eventID=109452&theaterId=1290,https://movieland.co.il/order/?eventID=109452&theaterId=1290,Regular,2D,Hebrew,,2026-08-17,2026,,,,All,Carmiel,MovieLand,601
11:30,Toy Story 5,צעצוע של סיפור 5,https://movieland.co.il/order/?eventID=109432&theaterId=1290,https://movieland.co.il/order/?eventID=109432&theaterId=1290,Upgrade,2D,English,Hebrew,2026-08-17,2026,,,,All,Carmiel,MovieLand,601
14:05,Toy Story 5,צעצוע של סיפור 5,https://movieland.co.il/order/?eventID=109443&theaterId=1290,https://movieland.co.il/order/?eventID=109443&theaterId=1290,Regular,2D,English,Hebrew,2026-08-17,2026,,,,All,Carmiel,MovieLand,601
11:50,Moana (Live Action),מואנה,https://movieland.co.il/order/?eventID=109433&theaterId=1290,https://movieland.co.il/order/?eventID=109433&theaterId=1290,Regular,2D,English,Hebrew,2026-08-17,2026,,,,All,Carmiel,MovieLand,601
14:35,school of magical animals 3,סוד החיות הקסומות 3,https://movieland.co.il/order/?eventID=109447&theaterId=1290,https://movieland.co.il/order/?eventID=109447&theaterId=1290,Regular,2D,,Hebrew,2026-08-17,,,,,,Carmiel,MovieLand,601
12:00,GRACIE & PEDRO: PETS TO THE RESCUE,גרייסי ופדרו: חיות המחמד בפעולה,https://movieland.co.il/order/?eventID=109446&theaterId=1290,https://movieland.co.il/order/?eventID=109446&theaterId=1290,Regular,2D,,Hebrew,2026-08-17,,,,,All,Carmiel,MovieLand,601
19:30,НА КРАЮ ОУК-СТРИТ,НА КРАЮ ОУК-СТРИТ,https://movieland.co.il/order/?eventID=109466&theaterId=1290,https://movieland.co.il/order/?eventID=109466&theaterId=1290,Regular,2D,английский,,2026-08-17,,,,,12+,Carmiel,MovieLand,601
18:40,ЧЕЛОВЕК-ПАУК: НОВЫЙ ДЕНЬ,ЧЕЛОВЕК-ПАУК: НОВЫЙ ДЕНЬ,https://movieland.co.il/order/?eventID=109444&theaterId=1290,https://movieland.co.il/order/?eventID=109444&theaterId=1290,Regular,2D,английский,,2026-08-17,2026,,,,Нет возрастных ограничений,Carmiel,MovieLand,601
14:05,The Magical Faraway Tree,המסע המופלא לעץ הקסמים,https://movieland.co.il/order/?eventID=109445&theaterId=1290,https://movieland.co.il/order/?eventID=109445&theaterId=1290,Regular,2D,English,Hebrew,2026-08-17,2026,,,,All,Carmiel,MovieLand,601
21:35,One night only,לגמור את הלילה,https://movieland.co.il/order/?eventID=109540&theaterId=1290,https://movieland.co.il/order/?eventID=109540&theaterId=1290,Regular,2D,English,,2026-08-18,2026,,,,14+,Carmiel,MovieLand,601
23:50,One night only,לגמור את הלילה,https://movieland.co.il/order/?eventID=109549&theaterId=1290,https://movieland.co.il/order/?eventID=109549&theaterId=1290,Regular,2D,English,,2026-08-18,2026,,,,14+,Carmiel,MovieLand,601
21:10,End of Oak street,סוף רחוב האלון,https://movieland.co.il/order/?eventID=109542&theaterId=1290,https://movieland.co.il/order/?eventID=109542&theaterId=1290,Regular,2D,English,,2026-08-18,2026,,,,12+,Carmiel,MovieLand,601
23:25,End of Oak street,סוף רחוב האלון,https://movieland.co.il/order/?eventID=109550&theaterId=1290,https://movieland.co.il/order/?eventID=109550&theaterId=1290,Regular,2D,English,,2026-08-18,2026,,,,12+,Carmiel,MovieLand,601
16:50,Spider-Man: Brand New Day,ספיידרמן: יום חדש,https://movieland.co.il/order/?eventID=109532&theaterId=1290,https://movieland.co.il/order/?eventID=109532&theaterId=1290,Upgrade,2D,English,,2026-08-18,2026,,,,All,Carmiel,MovieLand,601
19:00,Spider-Man: Brand New Day,ספיידרמן: יום חדש,https://movieland.co.il/order/?eventID=109530&theaterId=1290,https://movieland.co.il/order/?eventID=109530&theaterId=1290,Upgrade,2D,English,,2026-08-18,2026,,,,All,Carmiel,MovieLand,601
20:00,Spider-Man: Brand New Day,ספיידרמן: יום חדש,https://movieland.co.il/order/?eventID=109529&theaterId=1290,https://movieland.co.il/order/?eventID=109529&theaterId=1290,Upgrade,2D,English,,2026-08-18,2026,,,,All,Carmiel,MovieLand,601
21:05,Spider-Man: Brand New Day,ספיידרמן: יום חדש,https://movieland.co.il/order/?eventID=109528&theaterId=1290,https://movieland.co.il/order/?eventID=109528&theaterId=1290,Regular,2D,English,,2026-08-18,2026,,,,All,Carmiel,MovieLand,601
22:00,Spider-Man: Brand New Day,ספיידרמן: יום חדש,https://movieland.co.il/order/?eventID=109531&theaterId=1290,https://movieland.co.il/order/?eventID=109531&theaterId=1290,Upgrade,2D,English,,2026-08-18,2026,,,,All,Carmiel,MovieLand,601
23:00,Spider-Man: Brand New Day,ספיידרמן: יום חדש,https://movieland.co.il/order/?eventID=109545&theaterId=1290,https://movieland.co.il/order/?eventID=109545&theaterId=1290,Upgrade,2D,English,,2026-08-18,2026,,,,All,Carmiel,MovieLand,601
13:20,The Odyssey,האודיסאה,https://movieland.co.il/order/?eventID=109564&theaterId=1290,https://movieland.co.il/order/?eventID=109564&theaterId=1290,Upgrade,2D,English,,2026-08-18,2026,,,,14+,Carmiel,MovieLand,601
18:00,The Odyssey,האודיסאה,https://movieland.co.il/order/?eventID=109519&theaterId=1290,https://movieland.co.il/order/?eventID=109519&theaterId=1290,Upgrade,2D,English,,2026-08-18,2026,,,,14+,Carmiel,MovieLand,601
21:30,The Odyssey,האודיסאה,https://movieland.co.il/order/?eventID=109520&theaterId=1290,https://movieland.co.il/order/?eventID=109520&theaterId=1290,Upgrade,2D,English,,2026-08-18,2026,,,,14+,Carmiel,MovieLand,601
10:45,Paw Patrol: The Dino Movie,מפרץ ההרפתקאות: אי הדינוזאורים,https://movieland.co.il/order/?eventID=109537&theaterId=1290,https://movieland.co.il/order/?eventID=109537&theaterId=1290,Upgrade,2D,English,Hebrew,2026-08-18,2026,,,,All,Carmiel,MovieLand,601
14:55,Paw Patrol: The Dino Movie,מפרץ ההרפתקאות: אי הדינוזאורים,https://movieland.co.il/order/?eventID=109536&theaterId=1290,https://movieland.co.il/order/?eventID=109536&theaterId=1290,Upgrade,2D,English,Hebrew,2026-08-18,2026,,,,All,Carmiel,MovieLand,601
17:00,Paw Patrol: The Dino Movie,מפרץ ההרפתקאות: אי הדינוזאורים,https://movieland.co.il/order/?eventID=109535&theaterId=1290,https://movieland.co.il/order/?eventID=109535&theaterId=1290,Upgrade,2D,English,Hebrew,2026-08-18,2026,,,,All,Carmiel,MovieLand,601
11:35,Minions & Monsters,מיניונים ומפלצות,https://movieland.co.il/order/?eventID=109525&theaterId=1290,https://movieland.co.il/order/?eventID=109525&theaterId=1290,Upgrade,2D,English,Hebrew,2026-08-18,2026,,,,All,Carmiel,MovieLand,601
12:50,Minions & Monsters,מיניונים ומפלצות,https://movieland.co.il/order/?eventID=109524&theaterId=1290,https://movieland.co.il/order/?eventID=109524&theaterId=1290,Upgrade,2D,English,Hebrew,2026-08-18,2026,,,,All,Carmiel,MovieLand,601
15:55,Minions & Monsters,מיניונים ומפלצות,https://movieland.co.il/order/?eventID=109523&theaterId=1290,https://movieland.co.il/order/?eventID=109523&theaterId=1290,Upgrade,2D,English,Hebrew,2026-08-18,2026,,,,All,Carmiel,MovieLand,601
21:20,Fuze,פיוז,https://movieland.co.il/order/?eventID=109543&theaterId=1290,https://movieland.co.il/order/?eventID=109543&theaterId=1290,Regular,2D,English,,2026-08-18,2026,,,,12+,Carmiel,MovieLand,601
23:40,Fuze,פיוז,https://movieland.co.il/order/?eventID=109548&theaterId=1290,https://movieland.co.il/order/?eventID=109548&theaterId=1290,Regular,2D,English,,2026-08-18,2026,,,,12+,Carmiel,MovieLand,601
13:40,Marsupilami,מרסופילאמי,https://movieland.co.il/order/?eventID=109539&theaterId=1290,https://movieland.co.il/order/?eventID=109539&theaterId=1290,Upgrade,2D,French,Hebrew,2026-08-18,2025,,,,All,Carmiel,MovieLand,601
16:20,Marsupilami,מרסופילאמי,https://movieland.co.il/order/?eventID=109538&theaterId=1290,https://movieland.co.il/order/?eventID=109538&theaterId=1290,Regular,2D,French,Hebrew,2026-08-18,2025,,,,All,Carmiel,MovieLand,601
00:05,Ice Cream Man,איש הגלידה,https://movieland.co.il/order/?eventID=109546&theaterId=1290,https://movieland.co.il/order/?eventID=109546&theaterId=1290,Regular,2D,English,,2026-08-18,2026,,,,18+,Carmiel,MovieLand,601
11:35,Valley of Shadows,בחזרה מההימלאיה,https://movieland.co.il/order/?eventID=109553&theaterId=1290,https://movieland.co.il/order/?eventID=109553&theaterId=1290,Regular,2D,ספרדית,,2026-08-18,2025,,,,12+,Carmiel,MovieLand,601
14:15,Valley of Shadows,בחזרה מההימלאיה,https://movieland.co.il/order/?eventID=109544&theaterId=1290,https://movieland.co.il/order/?eventID=109544&theaterId=1290,Regular,2D,ספרדית,,2026-08-18,2025,,,,12+,Carmiel,MovieLand,601
19:05,Valley of Shadows,בחזרה מההימלאיה,https://movieland.co.il/order/?eventID=109552&theaterId=1290,https://movieland.co.il/order/?eventID=109552&theaterId=1290,Regular,2D,ספרדית,,2026-08-18,2025,,,,12+,Carmiel,MovieLand,601
11:25,האחד והיחיד שלי,האחד והיחיד שלי,https://movieland.co.il/order/?eventID=109558&theaterId=1290,https://movieland.co.il/order/?eventID=109558&theaterId=1290,Regular,2D,Hebrew,,2026-08-18,2026,,,,All,Carmiel,MovieLand,601
13:55,האחד והיחיד שלי,האחד והיחיד שלי,https://movieland.co.il/order/?eventID=109557&theaterId=1290,https://movieland.co.il/order/?eventID=109557&theaterId=1290,Regular,2D,Hebrew,,2026-08-18,2026,,,,All,Carmiel,MovieLand,601
18:45,האחד והיחיד שלי,האחד והיחיד שלי,https://movieland.co.il/order/?eventID=109556&theaterId=1290,https://movieland.co.il/order/?eventID=109556&theaterId=1290,Regular,2D,Hebrew,,2026-08-18,2026,,,,All,Carmiel,MovieLand,601
12:15,"Damned if you do, damned if you don’t",המשפחה האיטלקית שלי,https://movieland.co.il/order/?eventID=109560&theaterId=1290,https://movieland.co.il/order/?eventID=109560&theaterId=1290,Regular,2D,איטלקית,,2026-08-18,2025,,,,All,Carmiel,MovieLand,601
14:25,"Damned if you do, damned if you don’t",המשפחה האיטלקית שלי,https://movieland.co.il/order/?eventID=109559&theaterId=1290,https://movieland.co.il/order/?eventID=109559&theaterId=1290,Regular,2D,איטלקית,,2026-08-18,2025,,,,All,Carmiel,MovieLand,601
19:00,"Damned if you do, damned if you don’t",המשפחה האיטלקית שלי,https://movieland.co.il/order/?eventID=109561&theaterId=1290,https://movieland.co.il/order/?eventID=109561&theaterId=1290,Regular,2D,איטלקית,,2026-08-18,2025,,,,All,Carmiel,MovieLand,601
11:25,Bitter Christmas,חג מולד מר,https://movieland.co.il/order/?eventID=109555&theaterId=1290,https://movieland.co.il/order/?eventID=109555&theaterId=1290,Regular,2D,ספרדית,,2026-08-18,2026,,,,All,Carmiel,MovieLand,601
13:50,Bitter Christmas,חג מולד מר,https://movieland.co.il/order/?eventID=109554&theaterId=1290,https://movieland.co.il/order/?eventID=109554&theaterId=1290,Regular,2D,ספרדית,,2026-08-18,2026,,,,All,Carmiel,MovieLand,601
18:40,Bitter Christmas,חג מולד מר,https://movieland.co.il/order/?eventID=109551&theaterId=1290,https://movieland.co.il/order/?eventID=109551&theaterId=1290,Regular,2D,ספרדית,,2026-08-18,2026,,,,All,Carmiel,MovieLand,601
16:55,קופה ראשית: הסרט,קופה ראשית: הסרט,https://movieland.co.il/order/?eventID=109533&theaterId=1290,https://movieland.co.il/order/?eventID=109533&theaterId=1290,Regular,2D,Hebrew,,2026-08-18,2026,,,,All,Carmiel,MovieLand,601
21:15,גבעה 338,גבעה 338,https://movieland.co.il/order/?eventID=109541&theaterId=1290,https://movieland.co.il/order/?eventID=109541&theaterId=1290,Regular,2D,Hebrew,,2026-08-18,2026,,,,9+,Carmiel,MovieLand,601
23:35,גבעה 338,גבעה 338,https://movieland.co.il/order/?eventID=109547&theaterId=1290,https://movieland.co.il/order/?eventID=109547&theaterId=1290,Regular,2D,Hebrew,,2026-08-18,2026,,,,9+,Carmiel,MovieLand,601
16:30,סולטיז הסרט - וולוג ה-100,סולטיז הסרט - וולוג ה-100,https://movieland.co.il/order/?eventID=109534&theaterId=1290,https://movieland.co.il/order/?eventID=109534&theaterId=1290,Regular,2D,Hebrew,,2026-08-18,2026,,,,All,Carmiel,MovieLand,601
11:00,Toy Story 5,צעצוע של סיפור 5,https://movieland.co.il/order/?eventID=109521&theaterId=1290,https://movieland.co.il/order/?eventID=109521&theaterId=1290,Upgrade,2D,English,Hebrew,2026-08-18,2026,,,,All,Carmiel,MovieLand,601
16:30,Moana (Live Action),מואנה,https://movieland.co.il/order/?eventID=109522&theaterId=1290,https://movieland.co.il/order/?eventID=109522&theaterId=1290,Regular,2D,English,Hebrew,2026-08-18,2026,,,,All,Carmiel,MovieLand,601
10:50,Tafiti: Across the Desert,טפיטי: הרפתקה במדבר,https://movieland.co.il/order/?eventID=109563&theaterId=1290,https://movieland.co.il/order/?eventID=109563&theaterId=1290,Regular,2D,German,Hebrew,2026-08-18,2025,,,,ליווי מבוגר עד גיל 8,Carmiel,MovieLand,601
12:40,Tafiti: Across the Desert,טפיטי: הרפתקה במדבר,https://movieland.co.il/order/?eventID=109660&theaterId=1290,https://movieland.co.il/order/?eventID=109660&theaterId=1290,Regular,2D,German,Hebrew,2026-08-18,2025,,,,ליווי מבוגר עד גיל 8,Carmiel,MovieLand,601
14:30,A Missing Part,החלק החסר,https://movieland.co.il/order/?eventID=109562&theaterId=1290,https://movieland.co.il/order/?eventID=109562&theaterId=1290,Regular,2D,French,,2026-08-18,2024,,,,All,Carmiel,MovieLand,601
18:55,A Missing Part,החלק החסר,https://movieland.co.il/order/?eventID=109658&theaterId=1290,https://movieland.co.il/order/?eventID=109658&theaterId=1290,Regular,2D,French,,2026-08-18,2024,,,,All,Carmiel,MovieLand,601
16:35,The ties that bind us,מה שמחבר בינינו,https://movieland.co.il/order/?eventID=109659&theaterId=1290,https://movieland.co.il/order/?eventID=109659&theaterId=1290,Regular,2D,French,,2026-08-18,2024,,,,All,Carmiel,MovieLand,601
19:05,One night only,לגמור את הלילה,https://movieland.co.il/order/?eventID=109379&theaterId=1290,https://movieland.co.il/order/?eventID=109379&theaterId=1290,Regular,2D,English,,2026-08-19,2026,,,,14+,Carmiel,MovieLand,601
22:30,One night only,לגמור את הלילה,https://movieland.co.il/order/?eventID=109371&theaterId=1290,https://movieland.co.il/order/?eventID=109371&theaterId=1290,Regular,2D,English,,2026-08-19,2026,,,,14+,Carmiel,MovieLand,601
20:45,End of Oak street,סוף רחוב האלון,https://movieland.co.il/order/?eventID=109365&theaterId=1290,https://movieland.co.il/order/?eventID=109365&theaterId=1290,Regular,2D,English,,2026-08-19,2026,,,,12+,Carmiel,MovieLand,601
23:05,End of Oak street,סוף רחוב האלון,https://movieland.co.il/order/?eventID=109372&theaterId=1290,https://movieland.co.il/order/?eventID=109372&theaterId=1290,Regular,2D,English,,2026-08-19,2026,,,,12+,Carmiel,MovieLand,601
12:00,Spider-Man: Brand New Day,ספיידרמן: יום חדש,https://movieland.co.il/order/?eventID=109353&theaterId=1290,https://movieland.co.il/order/?eventID=109353&theaterId=1290,Regular,2D,English,,2026-08-19,2026,,,,All,Carmiel,MovieLand,601
13:45,Spider-Man: Brand New Day,ספיידרמן: יום חדש,https://movieland.co.il/order/?eventID=109357&theaterId=1290,https://movieland.co.il/order/?eventID=109357&theaterId=1290,Upgrade,2D,English,,2026-08-19,2026,,,,All,Carmiel,MovieLand,601
15:00,Spider-Man: Brand New Day,ספיידרמן: יום חדש,https://movieland.co.il/order/?eventID=109346&theaterId=1290,https://movieland.co.il/order/?eventID=109346&theaterId=1290,Regular,2D,English,,2026-08-19,2026,,,,All,Carmiel,MovieLand,601
16:50,Spider-Man: Brand New Day,ספיידרמן: יום חדש,https://movieland.co.il/order/?eventID=109352&theaterId=1290,https://movieland.co.il/order/?eventID=109352&theaterId=1290,Upgrade,2D,English,,2026-08-19,2026,,,,All,Carmiel,MovieLand,601
18:00,Spider-Man: Brand New Day,ספיידרמן: יום חדש,https://movieland.co.il/order/?eventID=109347&theaterId=1290,https://movieland.co.il/order/?eventID=109347&theaterId=1290,Regular,2D,English,,2026-08-19,2026,,,,All,Carmiel,MovieLand,601
19:00,Spider-Man: Brand New Day,ספיידרמן: יום חדש,https://movieland.co.il/order/?eventID=109350&theaterId=1290,https://movieland.co.il/order/?eventID=109350&theaterId=1290,Upgrade,2D,English,,2026-08-19,2026,,,,All,Carmiel,MovieLand,601
20:00,Spider-Man: Brand New Day,ספיידרמן: יום חדש,https://movieland.co.il/order/?eventID=109349&theaterId=1290,https://movieland.co.il/order/?eventID=109349&theaterId=1290,Upgrade,2D,English,,2026-08-19,2026,,,,All,Carmiel,MovieLand,601
21:00,Spider-Man: Brand New Day,ספיידרמן: יום חדש,https://movieland.co.il/order/?eventID=109348&theaterId=1290,https://movieland.co.il/order/?eventID=109348&theaterId=1290,Regular,2D,English,,2026-08-19,2026,,,,All,Carmiel,MovieLand,601
22:00,Spider-Man: Brand New Day,ספיידרמן: יום חדש,https://movieland.co.il/order/?eventID=109351&theaterId=1290,https://movieland.co.il/order/?eventID=109351&theaterId=1290,Upgrade,2D,English,,2026-08-19,2026,,,,All,Carmiel,MovieLand,601
23:00,Spider-Man: Brand New Day,ספיידרמן: יום חדש,https://movieland.co.il/order/?eventID=109367&theaterId=1290,https://movieland.co.il/order/?eventID=109367&theaterId=1290,Upgrade,2D,English,,2026-08-19,2026,,,,All,Carmiel,MovieLand,601
21:30,The Odyssey,האודיסאה,https://movieland.co.il/order/?eventID=109339&theaterId=1290,https://movieland.co.il/order/?eventID=109339&theaterId=1290,Upgrade,2D,English,,2026-08-19,2026,,,,14+,Carmiel,MovieLand,601
10:45,Paw Patrol: The Dino Movie,מפרץ ההרפתקאות: אי הדינוזאורים,https://movieland.co.il/order/?eventID=109360&theaterId=1290,https://movieland.co.il/order/?eventID=109360&theaterId=1290,Upgrade,2D,English,Hebrew,2026-08-19,2026,,,,All,Carmiel,MovieLand,601
12:50,Paw Patrol: The Dino Movie,מפרץ ההרפתקאות: אי הדינוזאורים,https://movieland.co.il/order/?eventID=109381&theaterId=1290,https://movieland.co.il/order/?eventID=109381&theaterId=1290,Regular,2D,English,Hebrew,2026-08-19,2026,,,,All,Carmiel,MovieLand,601
14:55,Paw Patrol: The Dino Movie,מפרץ ההרפתקאות: אי הדינוזאורים,https://movieland.co.il/order/?eventID=109359&theaterId=1290,https://movieland.co.il/order/?eventID=109359&theaterId=1290,Upgrade,2D,English,Hebrew,2026-08-19,2026,,,,All,Carmiel,MovieLand,601
17:00,Paw Patrol: The Dino Movie,מפרץ ההרפתקאות: אי הדינוזאורים,https://movieland.co.il/order/?eventID=109358&theaterId=1290,https://movieland.co.il/order/?eventID=109358&theaterId=1290,Upgrade,2D,English,Hebrew,2026-08-19,2026,,,,All,Carmiel,MovieLand,601
11:35,Minions & Monsters,מיניונים ומפלצות,https://movieland.co.il/order/?eventID=109345&theaterId=1290,https://movieland.co.il/order/?eventID=109345&theaterId=1290,Upgrade,2D,English,Hebrew,2026-08-19,2026,,,,All,Carmiel,MovieLand,601
12:50,Minions & Monsters,מיניונים ומפלצות,https://movieland.co.il/order/?eventID=109344&theaterId=1290,https://movieland.co.il/order/?eventID=109344&theaterId=1290,Upgrade,2D,English,Hebrew,2026-08-19,2026,,,,All,Carmiel,MovieLand,601
15:55,Minions & Monsters,מיניונים ומפלצות,https://movieland.co.il/order/?eventID=109343&theaterId=1290,https://movieland.co.il/order/?eventID=109343&theaterId=1290,Upgrade,2D,English,Hebrew,2026-08-19,2026,,,,All,Carmiel,MovieLand,601
18:30,Fuze,פיוז,https://movieland.co.il/order/?eventID=109382&theaterId=1290,https://movieland.co.il/order/?eventID=109382&theaterId=1290,Regular,2D,English,,2026-08-19,2026,,,,12+,Carmiel,MovieLand,601
21:05,Fuze,פיוז,https://movieland.co.il/order/?eventID=109366&theaterId=1290,https://movieland.co.il/order/?eventID=109366&theaterId=1290,Regular,2D,English,,2026-08-19,2026,,,,12+,Carmiel,MovieLand,601
23:20,Fuze,פיוז,https://movieland.co.il/order/?eventID=109370&theaterId=1290,https://movieland.co.il/order/?eventID=109370&theaterId=1290,Regular,2D,English,,2026-08-19,2026,,,,12+,Carmiel,MovieLand,601
10:35,Marsupilami,מרסופילאמי,https://movieland.co.il/order/?eventID=109363&theaterId=1290,https://movieland.co.il/order/?eventID=109363&theaterId=1290,Regular,2D,French,Hebrew,2026-08-19,2025,,,,All,Carmiel,MovieLand,601
13:40,Marsupilami,מרסופילאמי,https://movieland.co.il/order/?eventID=109362&theaterId=1290,https://movieland.co.il/order/?eventID=109362&theaterId=1290,Upgrade,2D,French,Hebrew,2026-08-19,2025,,,,All,Carmiel,MovieLand,601
16:05,Marsupilami,מרסופילאמי,https://movieland.co.il/order/?eventID=109361&theaterId=1290,https://movieland.co.il/order/?eventID=109361&theaterId=1290,Regular,2D,French,Hebrew,2026-08-19,2025,,,,All,Carmiel,MovieLand,601
00:00,Ice Cream Man,איש הגלידה,https://movieland.co.il/order/?eventID=109368&theaterId=1290,https://movieland.co.il/order/?eventID=109368&theaterId=1290,Regular,2D,English,,2026-08-19,2026,,,,18+,Carmiel,MovieLand,601
16:50,קופה ראשית: הסרט,קופה ראשית: הסרט,https://movieland.co.il/order/?eventID=109354&theaterId=1290,https://movieland.co.il/order/?eventID=109354&theaterId=1290,Regular,2D,Hebrew,,2026-08-19,2026,,,,All,Carmiel,MovieLand,601
14:05,גבעה 338,גבעה 338,https://movieland.co.il/order/?eventID=109374&theaterId=1290,https://movieland.co.il/order/?eventID=109374&theaterId=1290,Regular,2D,Hebrew,,2026-08-19,2026,,,,9+,Carmiel,MovieLand,601
21:20,גבעה 338,גבעה 338,https://movieland.co.il/order/?eventID=109364&theaterId=1290,https://movieland.co.il/order/?eventID=109364&theaterId=1290,Regular,2D,Hebrew,,2026-08-19,2026,,,,9+,Carmiel,MovieLand,601
23:40,גבעה 338,גבעה 338,https://movieland.co.il/order/?eventID=109369&theaterId=1290,https://movieland.co.il/order/?eventID=109369&theaterId=1290,Regular,2D,Hebrew,,2026-08-19,2026,,,,9+,Carmiel,MovieLand,601
11:55,סולטיז הסרט - וולוג ה-100,סולטיז הסרט - וולוג ה-100,https://movieland.co.il/order/?eventID=109356&theaterId=1290,https://movieland.co.il/order/?eventID=109356&theaterId=1290,Regular,2D,Hebrew,,2026-08-19,2026,,,,All,Carmiel,MovieLand,601
16:30,סולטיז הסרט - וולוג ה-100,סולטיז הסרט - וולוג ה-100,https://movieland.co.il/order/?eventID=109355&theaterId=1290,https://movieland.co.il/order/?eventID=109355&theaterId=1290,Regular,2D,Hebrew,,2026-08-19,2026,,,,All,Carmiel,MovieLand,601
14:15,STICH HEAD,פרנקי והמפלצות,https://movieland.co.il/order/?eventID=109376&theaterId=1290,https://movieland.co.il/order/?eventID=109376&theaterId=1290,Regular,2D,,Hebrew,2026-08-19,,,,,All,Carmiel,MovieLand,601
11:25,Toy Story 5,צעצוע של סיפור 5,https://movieland.co.il/order/?eventID=109340&theaterId=1290,https://movieland.co.il/order/?eventID=109340&theaterId=1290,Upgrade,2D,English,Hebrew,2026-08-19,2026,,,,All,Carmiel,MovieLand,601
13:40,Toy Story 5,צעצוע של סיפור 5,https://movieland.co.il/order/?eventID=109375&theaterId=1290,https://movieland.co.il/order/?eventID=109375&theaterId=1290,Regular,2D,English,Hebrew,2026-08-19,2026,,,,All,Carmiel,MovieLand,601
11:30,Moana (Live Action),מואנה,https://movieland.co.il/order/?eventID=109342&theaterId=1290,https://movieland.co.il/order/?eventID=109342&theaterId=1290,Regular,2D,English,Hebrew,2026-08-19,2026,,,,All,Carmiel,MovieLand,601
16:30,Moana (Live Action),מואנה,https://movieland.co.il/order/?eventID=109341&theaterId=1290,https://movieland.co.il/order/?eventID=109341&theaterId=1290,Regular,2D,English,Hebrew,2026-08-19,2026,,,,All,Carmiel,MovieLand,601
11:40,Tafiti: Across the Desert,טפיטי: הרפתקה במדבר,https://movieland.co.il/order/?eventID=109377&theaterId=1290,https://movieland.co.il/order/?eventID=109377&theaterId=1290,Regular,2D,German,Hebrew,2026-08-19,2025,,,,ליווי מבוגר עד גיל 8,Carmiel,MovieLand,601
14:55,Three Wishes for Cinderella,סינדרלה ושלוש המשאלות,https://movieland.co.il/order/?eventID=109380&theaterId=1290,https://movieland.co.il/order/?eventID=109380&theaterId=1290,Regular,2D,,Hebrew,2026-08-19,2026,,,,All,Carmiel,MovieLand,601
18:50,НА КРАЮ ОУК-СТРИТ,НА КРАЮ ОУК-СТРИТ,https://movieland.co.il/order/?eventID=109378&theaterId=1290,https://movieland.co.il/order/?eventID=109378&theaterId=1290,Regular,2D,английский,,2026-08-19,,,,,12+,Carmiel,MovieLand,601
18:00,ОДИССЕЯ,ОДИССЕЯ,https://movieland.co.il/order/?eventID=109373&theaterId=1290,https://movieland.co.il/order/?eventID=109373&theaterId=1290,Upgrade,2D,английский,,2026-08-19,2026,,,,14+,Carmiel,MovieLand,601
21:00,MovieRetro- לב אמיץ,MovieRetro- לב אמיץ,https://movieland.co.il/order/?eventID=109338&theaterId=1290,https://movieland.co.il/order/?eventID=109338&theaterId=1290,Regular,2D,English,,2026-08-27,1995,,,,,Carmiel,MovieLand,601
19:30,MovieRetro- הזאב מוול סטריט,MovieRetro- הזאב מוול סטריט,https://movieland.co.il/order/?eventID=103267&theaterId=1290,https://movieland.co.il/order/?eventID=103267&theaterId=1290,Regular,2D,English,,2026-09-03,2013,,,,,Carmiel,MovieLand,601
21:40,One night only,לגמור את הלילה,https://movieland.co.il/order/?eventID=145639&theaterId=1292,https://movieland.co.il/order/?eventID=145639&theaterId=1292,Regular,2D,English,,2026-08-14,2026,,,,14+,Netanya,MovieLand,601
00:00,One night only,לגמור את הלילה,https://movieland.co.il/order/?eventID=145649&theaterId=1292,https://movieland.co.il/order/?eventID=145649&theaterId=1292,Regular,2D,English,,2026-08-14,2026,,,,14+,Netanya,MovieLand,601
19:30,End of Oak street,סוף רחוב האלון,https://movieland.co.il/order/?eventID=145651&theaterId=1292,https://movieland.co.il/order/?eventID=145651&theaterId=1292,Regular,2D,English,,2026-08-14,2026,,,,12+,Netanya,MovieLand,601
21:50,End of Oak street,סוף רחוב האלון,https://movieland.co.il/order/?eventID=145652&theaterId=1292,https://movieland.co.il/order/?eventID=145652&theaterId=1292,Regular,2D,English,,2026-08-14,2026,,,,12+,Netanya,MovieLand,601
00:10,End of Oak street,סוף רחוב האלון,https://movieland.co.il/order/?eventID=145653&theaterId=1292,https://movieland.co.il/order/?eventID=145653&theaterId=1292,Regular,2D,English,,2026-08-14,2026,,,,12+,Netanya,MovieLand,601
11:45,Spider-Man: Brand New Day,ספיידרמן: יום חדש,https://movieland.co.il/order/?eventID=145615&theaterId=1292,https://movieland.co.il/order/?eventID=145615&theaterId=1292,Regular,2D,English,,2026-08-14,2026,,,,All,Netanya,MovieLand,601
13:15,Spider-Man: Brand New Day,ספיידרמן: יום חדש,https://movieland.co.il/order/?eventID=145614&theaterId=1292,https://movieland.co.il/order/?eventID=145614&theaterId=1292,Regular,2D,English,,2026-08-14,2026,,,,All,Netanya,MovieLand,601
14:50,Spider-Man: Brand New Day,ספיידרמן: יום חדש,https://movieland.co.il/order/?eventID=145625&theaterId=1292,https://movieland.co.il/order/?eventID=145625&theaterId=1292,Regular,2D,English,,2026-08-14,2026,,,,All,Netanya,MovieLand,601
16:00,Spider-Man: Brand New Day,ספיידרמן: יום חדש,https://movieland.co.il/order/?eventID=145620&theaterId=1292,https://movieland.co.il/order/?eventID=145620&theaterId=1292,Regular,2D,English,,2026-08-14,2026,,,,All,Netanya,MovieLand,601
16:20,Spider-Man: Brand New Day,ספיידרמן: יום חדש,https://movieland.co.il/order/?eventID=145616&theaterId=1292,https://movieland.co.il/order/?eventID=145616&theaterId=1292,Regular,2D,English,,2026-08-14,2026,,,,All,Netanya,MovieLand,601
16:55,Spider-Man: Brand New Day,ספיידרמן: יום חדש,https://movieland.co.il/order/?eventID=145619&theaterId=1292,https://movieland.co.il/order/?eventID=145619&theaterId=1292,Upgrade,2D,English,,2026-08-14,2026,,,,All,Netanya,MovieLand,601
17:55,Spider-Man: Brand New Day,ספיידרמן: יום חדש,https://movieland.co.il/order/?eventID=145650&theaterId=1292,https://movieland.co.il/order/?eventID=145650&theaterId=1292,Regular,2D,English,,2026-08-14,2026,,,,All,Netanya,MovieLand,601
19:15,Spider-Man: Brand New Day,ספיידרמן: יום חדש,https://movieland.co.il/order/?eventID=145622&theaterId=1292,https://movieland.co.il/order/?eventID=145622&theaterId=1292,Upgrade,2D,English,,2026-08-14,2026,,,,All,Netanya,MovieLand,601
19:25,Spider-Man: Brand New Day,ספיידרמן: יום חדש,https://movieland.co.il/order/?eventID=145618&theaterId=1292,https://movieland.co.il/order/?eventID=145618&theaterId=1292,Regular,2D,English,,2026-08-14,2026,,,,All,Netanya,MovieLand,601
20:00,Spider-Man: Brand New Day,ספיידרמן: יום חדש,https://movieland.co.il/order/?eventID=145623&theaterId=1292,https://movieland.co.il/order/?eventID=145623&theaterId=1292,Upgrade,2D,English,,2026-08-14,2026,,,,All,Netanya,MovieLand,601
21:00,Spider-Man: Brand New Day,ספיידרמן: יום חדש,https://movieland.co.il/order/?eventID=145624&theaterId=1292,https://movieland.co.il/order/?eventID=145624&theaterId=1292,Regular,2D,English,,2026-08-14,2026,,,,All,Netanya,MovieLand,601
22:20,Spider-Man: Brand New Day,ספיידרמן: יום חדש,https://movieland.co.il/order/?eventID=145621&theaterId=1292,https://movieland.co.il/order/?eventID=145621&theaterId=1292,Upgrade,2D,English,,2026-08-14,2026,,,,All,Netanya,MovieLand,601
22:35,Spider-Man: Brand New Day,ספיידרמן: יום חדש,https://movieland.co.il/order/?eventID=145617&theaterId=1292,https://movieland.co.il/order/?eventID=145617&theaterId=1292,Regular,2D,English,,2026-08-14,2026,,,,All,Netanya,MovieLand,601
22:50,Spider-Man: Brand New Day,ספיידרמן: יום חדש,https://movieland.co.il/order/?eventID=145661&theaterId=1292,https://movieland.co.il/order/?eventID=145661&theaterId=1292,Regular,2D,English,,2026-08-14,2026,,,,All,Netanya,MovieLand,601
23:05,Spider-Man: Brand New Day,ספיידרמן: יום חדש,https://movieland.co.il/order/?eventID=145627&theaterId=1292,https://movieland.co.il/order/?eventID=145627&theaterId=1292,Upgrade,2D,English,,2026-08-14,2026,,,,All,Netanya,MovieLand,601
23:30,Spider-Man: Brand New Day,ספיידרמן: יום חדש,https://movieland.co.il/order/?eventID=145638&theaterId=1292,https://movieland.co.il/order/?eventID=145638&theaterId=1292,Regular,2D,English,,2026-08-14,2026,,,,All,Netanya,MovieLand,601
15:00,The Odyssey,האודיסאה,https://movieland.co.il/order/?eventID=145632&theaterId=1292,https://movieland.co.il/order/?eventID=145632&theaterId=1292,Regular,2D,English,,2026-08-14,2026,,,,14+,Netanya,MovieLand,601
18:10,The Odyssey,האודיסאה,https://movieland.co.il/order/?eventID=145612&theaterId=1292,https://movieland.co.il/order/?eventID=145612&theaterId=1292,Upgrade,2D,English,,2026-08-14,2026,,,,14+,Netanya,MovieLand,601
19:00,The Odyssey,האודיסאה,https://movieland.co.il/order/?eventID=145613&theaterId=1292,https://movieland.co.il/order/?eventID=145613&theaterId=1292,Regular,2D,English,,2026-08-14,2026,,,,14+,Netanya,MovieLand,601
21:40,The Odyssey,האודיסאה,https://movieland.co.il/order/?eventID=145611&theaterId=1292,https://movieland.co.il/order/?eventID=145611&theaterId=1292,Upgrade,2D,English,,2026-08-14,2026,,,,14+,Netanya,MovieLand,601
22:30,The Odyssey,האודיסאה,https://movieland.co.il/order/?eventID=145665&theaterId=1292,https://movieland.co.il/order/?eventID=145665&theaterId=1292,Regular,2D,English,,2026-08-14,2026,,,,14+,Netanya,MovieLand,601
10:35,Paw Patrol: The Dino Movie,מפרץ ההרפתקאות: אי הדינוזאורים,https://movieland.co.il/order/?eventID=145643&theaterId=1292,https://movieland.co.il/order/?eventID=145643&theaterId=1292,Upgrade,2D,English,Hebrew,2026-08-14,2026,,,,All,Netanya,MovieLand,601
11:30,Paw Patrol: The Dino Movie,מפרץ ההרפתקאות: אי הדינוזאורים,https://movieland.co.il/order/?eventID=145670&theaterId=1292,https://movieland.co.il/order/?eventID=145670&theaterId=1292,Regular,2D,English,Hebrew,2026-08-14,2026,,,,All,Netanya,MovieLand,601
12:40,Paw Patrol: The Dino Movie,מפרץ ההרפתקאות: אי הדינוזאורים,https://movieland.co.il/order/?eventID=145642&theaterId=1292,https://movieland.co.il/order/?eventID=145642&theaterId=1292,Upgrade,2D,English,Hebrew,2026-08-14,2026,,,,All,Netanya,MovieLand,601
14:50,Paw Patrol: The Dino Movie,מפרץ ההרפתקאות: אי הדינוזאורים,https://movieland.co.il/order/?eventID=145641&theaterId=1292,https://movieland.co.il/order/?eventID=145641&theaterId=1292,Upgrade,2D,English,Hebrew,2026-08-14,2026,,,,All,Netanya,MovieLand,601
10:35,Minions & Monsters,מיניונים ומפלצות,https://movieland.co.il/order/?eventID=145630&theaterId=1292,https://movieland.co.il/order/?eventID=145630&theaterId=1292,Upgrade,2D,English,Hebrew,2026-08-14,2026,,,,All,Netanya,MovieLand,601
12:45,Minions & Monsters,מיניונים ומפלצות,https://movieland.co.il/order/?eventID=145629&theaterId=1292,https://movieland.co.il/order/?eventID=145629&theaterId=1292,Upgrade,2D,English,Hebrew,2026-08-14,2026,,,,All,Netanya,MovieLand,601
14:55,Minions & Monsters,מיניונים ומפלצות,https://movieland.co.il/order/?eventID=145628&theaterId=1292,https://movieland.co.il/order/?eventID=145628&theaterId=1292,Upgrade,2D,English,Hebrew,2026-08-14,2026,,,,All,Netanya,MovieLand,601
17:05,Minions & Monsters,מיניונים ומפלצות,https://movieland.co.il/order/?eventID=145631&theaterId=1292,https://movieland.co.il/order/?eventID=145631&theaterId=1292,Upgrade,2D,English,Hebrew,2026-08-14,2026,,,,All,Netanya,MovieLand,601
14:30,Fuze,פיוז,https://movieland.co.il/order/?eventID=145660&theaterId=1292,https://movieland.co.il/order/?eventID=145660&theaterId=1292,Regular,2D,English,,2026-08-14,2026,,,,12+,Netanya,MovieLand,601
21:30,Fuze,פיוז,https://movieland.co.il/order/?eventID=145657&theaterId=1292,https://movieland.co.il/order/?eventID=145657&theaterId=1292,Regular,2D,English,,2026-08-14,2026,,,,12+,Netanya,MovieLand,601
23:50,Fuze,פיוז,https://movieland.co.il/order/?eventID=145658&theaterId=1292,https://movieland.co.il/order/?eventID=145658&theaterId=1292,Regular,2D,English,,2026-08-14,2026,,,,12+,Netanya,MovieLand,601
12:10,Marsupilami,מרסופילאמי,https://movieland.co.il/order/?eventID=145645&theaterId=1292,https://movieland.co.il/order/?eventID=145645&theaterId=1292,Regular,2D,French,Hebrew,2026-08-14,2025,,,,All,Netanya,MovieLand,601
13:40,Marsupilami,מרסופילאמי,https://movieland.co.il/order/?eventID=145671&theaterId=1292,https://movieland.co.il/order/?eventID=145671&theaterId=1292,Regular,2D,French,Hebrew,2026-08-14,2025,,,,All,Netanya,MovieLand,601
16:15,Marsupilami,מרסופילאמי,https://movieland.co.il/order/?eventID=145644&theaterId=1292,https://movieland.co.il/order/?eventID=145644&theaterId=1292,Regular,2D,French,Hebrew,2026-08-14,2025,,,,All,Netanya,MovieLand,601
00:05,Ice Cream Man,איש הגלידה,https://movieland.co.il/order/?eventID=145664&theaterId=1292,https://movieland.co.il/order/?eventID=145664&theaterId=1292,Regular,2D,English,,2026-08-14,2026,,,,18+,Netanya,MovieLand,601
13:35,Valley of Shadows,בחזרה מההימלאיה,https://movieland.co.il/order/?eventID=145656&theaterId=1292,https://movieland.co.il/order/?eventID=145656&theaterId=1292,Regular,2D,ספרדית,,2026-08-14,2025,,,,12+,Netanya,MovieLand,601
12:35,"Damned if you do, damned if you don’t",המשפחה האיטלקית שלי,https://movieland.co.il/order/?eventID=145655&theaterId=1292,https://movieland.co.il/order/?eventID=145655&theaterId=1292,Regular,2D,איטלקית,,2026-08-14,2025,,,,All,Netanya,MovieLand,601
12:30,Bitter Christmas,חג מולד מר,https://movieland.co.il/order/?eventID=145654&theaterId=1292,https://movieland.co.il/order/?eventID=145654&theaterId=1292,Regular,2D,ספרדית,,2026-08-14,2026,,,,All,Netanya,MovieLand,601
15:00,קופה ראשית: הסרט,קופה ראשית: הסרט,https://movieland.co.il/order/?eventID=145648&theaterId=1292,https://movieland.co.il/order/?eventID=145648&theaterId=1292,Regular,2D,Hebrew,,2026-08-14,2026,,,,All,Netanya,MovieLand,601
15:55,קופה ראשית: הסרט,קופה ראשית: הסרט,https://movieland.co.il/order/?eventID=145647&theaterId=1292,https://movieland.co.il/order/?eventID=145647&theaterId=1292,Upgrade,2D,Hebrew,,2026-08-14,2026,,,,All,Netanya,MovieLand,601
17:15,קופה ראשית: הסרט,קופה ראשית: הסרט,https://movieland.co.il/order/?eventID=145666&theaterId=1292,https://movieland.co.il/order/?eventID=145666&theaterId=1292,Regular,2D,Hebrew,,2026-08-14,2026,,,,All,Netanya,MovieLand,601
18:35,גבעה 338,גבעה 338,https://movieland.co.il/order/?eventID=145667&theaterId=1292,https://movieland.co.il/order/?eventID=145667&theaterId=1292,Regular,2D,Hebrew,,2026-08-14,2026,,,,9+,Netanya,MovieLand,601
21:00,גבעה 338,גבעה 338,https://movieland.co.il/order/?eventID=145646&theaterId=1292,https://movieland.co.il/order/?eventID=145646&theaterId=1292,Regular,2D,Hebrew,,2026-08-14,2026,,,,9+,Netanya,MovieLand,601
11:20,סולטיז הסרט - וולוג ה-100,סולטיז הסרט - וולוג ה-100,https://movieland.co.il/order/?eventID=145636&theaterId=1292,https://movieland.co.il/order/?eventID=145636&theaterId=1292,Regular,2D,Hebrew,,2026-08-14,2026,,,,All,Netanya,MovieLand,601
16:50,סולטיז הסרט - וולוג ה-100,סולטיז הסרט - וולוג ה-100,https://movieland.co.il/order/?eventID=145637&theaterId=1292,https://movieland.co.il/order/?eventID=145637&theaterId=1292,Regular,2D,Hebrew,,2026-08-14,2026,,,,All,Netanya,MovieLand,601
11:05,Toy Story 5,צעצוע של סיפור 5,https://movieland.co.il/order/?eventID=145635&theaterId=1292,https://movieland.co.il/order/?eventID=145635&theaterId=1292,Upgrade,2D,English,Hebrew,2026-08-14,2026,,,,All,Netanya,MovieLand,601
13:30,Toy Story 5,צעצוע של סיפור 5,https://movieland.co.il/order/?eventID=145634&theaterId=1292,https://movieland.co.il/order/?eventID=145634&theaterId=1292,Upgrade,2D,English,Hebrew,2026-08-14,2026,,,,All,Netanya,MovieLand,601
11:15,Moana (Live Action),מואנה,https://movieland.co.il/order/?eventID=145668&theaterId=1292,https://movieland.co.il/order/?eventID=145668&theaterId=1292,Regular,2D,English,Hebrew,2026-08-14,2026,,,,All,Netanya,MovieLand,601
13:50,Moana (Live Action),מואנה,https://movieland.co.il/order/?eventID=145640&theaterId=1292,https://movieland.co.il/order/?eventID=145640&theaterId=1292,Regular,2D,English,Hebrew,2026-08-14,2026,,,,All,Netanya,MovieLand,601
16:25,Moana (Live Action),מואנה,https://movieland.co.il/order/?eventID=145633&theaterId=1292,https://movieland.co.il/order/?eventID=145633&theaterId=1292,Regular,2D,English,Hebrew,2026-08-14,2026,,,,All,Netanya,MovieLand,601
10:30,Tafiti: Across the Desert,טפיטי: הרפתקה במדבר,https://movieland.co.il/order/?eventID=145662&theaterId=1292,https://movieland.co.il/order/?eventID=145662&theaterId=1292,Regular,2D,German,Hebrew,2026-08-14,2025,,,,ליווי מבוגר עד גיל 8,Netanya,MovieLand,601
11:10,Three Wishes for Cinderella,סינדרלה ושלוש המשאלות,https://movieland.co.il/order/?eventID=145663&theaterId=1292,https://movieland.co.il/order/?eventID=145663&theaterId=1292,Regular,2D,,Hebrew,2026-08-14,2026,,,,All,Netanya,MovieLand,601
10:30,GRACIE & PEDRO: PETS TO THE RESCUE,גרייסי ופדרו: חיות המחמד בפעולה,https://movieland.co.il/order/?eventID=145669&theaterId=1292,https://movieland.co.il/order/?eventID=145669&theaterId=1292,Regular,2D,,Hebrew,2026-08-14,,,,,All,Netanya,MovieLand,601
19:10,НА КРАЮ ОУК-СТРИТ,НА КРАЮ ОУК-СТРИТ,https://movieland.co.il/order/?eventID=145659&theaterId=1292,https://movieland.co.il/order/?eventID=145659&theaterId=1292,Regular,2D,английский,,2026-08-14,,,,,12+,Netanya,MovieLand,601
19:10,ОДИССЕЯ,ОДИССЕЯ,https://movieland.co.il/order/?eventID=145626&theaterId=1292,https://movieland.co.il/order/?eventID=145626&theaterId=1292,Regular,2D,английский,,2026-08-14,2026,,,,14+,Netanya,MovieLand,601
18:35,ЧЕЛОВЕК-ПАУК: НОВЫЙ ДЕНЬ,ЧЕЛОВЕК-ПАУК: НОВЫЙ ДЕНЬ,https://movieland.co.il/order/?eventID=145610&theaterId=1292,https://movieland.co.il/order/?eventID=145610&theaterId=1292,Regular,2D,английский,,2026-08-14,2026,,,,Нет возрастных ограничений,Netanya,MovieLand,601
18:35,One night only,לגמור את הלילה,https://movieland.co.il/order/?eventID=145548&theaterId=1292,https://movieland.co.il/order/?eventID=145548&theaterId=1292,Regular,2D,English,,2026-08-15,2026,,,,14+,Netanya,MovieLand,601
21:40,One night only,לגמור את הלילה,https://movieland.co.il/order/?eventID=145518&theaterId=1292,https://movieland.co.il/order/?eventID=145518&theaterId=1292,Regular,2D,English,,2026-08-15,2026,,,,14+,Netanya,MovieLand,601
00:00,One night only,לגמור את הלילה,https://movieland.co.il/order/?eventID=145528&theaterId=1292,https://movieland.co.il/order/?eventID=145528&theaterId=1292,Regular,2D,English,,2026-08-15,2026,,,,14+,Netanya,MovieLand,601
16:45,End of Oak street,סוף רחוב האלון,https://movieland.co.il/order/?eventID=145535&theaterId=1292,https://movieland.co.il/order/?eventID=145535&theaterId=1292,Regular,2D,English,,2026-08-15,2026,,,,12+,Netanya,MovieLand,601
19:30,End of Oak street,סוף רחוב האלון,https://movieland.co.il/order/?eventID=145530&theaterId=1292,https://movieland.co.il/order/?eventID=145530&theaterId=1292,Regular,2D,English,,2026-08-15,2026,,,,12+,Netanya,MovieLand,601
21:50,End of Oak street,סוף רחוב האלון,https://movieland.co.il/order/?eventID=145531&theaterId=1292,https://movieland.co.il/order/?eventID=145531&theaterId=1292,Regular,2D,English,,2026-08-15,2026,,,,12+,Netanya,MovieLand,601
00:10,End of Oak street,סוף רחוב האלון,https://movieland.co.il/order/?eventID=145532&theaterId=1292,https://movieland.co.il/order/?eventID=145532&theaterId=1292,Regular,2D,English,,2026-08-15,2026,,,,12+,Netanya,MovieLand,601
11:45,Spider-Man: Brand New Day,ספיידרמן: יום חדש,https://movieland.co.il/order/?eventID=145495&theaterId=1292,https://movieland.co.il/order/?eventID=145495&theaterId=1292,Regular,2D,English,,2026-08-15,2026,,,,All,Netanya,MovieLand,601
13:15,Spider-Man: Brand New Day,ספיידרמן: יום חדש,https://movieland.co.il/order/?eventID=145494&theaterId=1292,https://movieland.co.il/order/?eventID=145494&theaterId=1292,Regular,2D,English,,2026-08-15,2026,,,,All,Netanya,MovieLand,601
14:50,Spider-Man: Brand New Day,ספיידרמן: יום חדש,https://movieland.co.il/order/?eventID=145505&theaterId=1292,https://movieland.co.il/order/?eventID=145505&theaterId=1292,Regular,2D,English,,2026-08-15,2026,,,,All,Netanya,MovieLand,601
16:00,Spider-Man: Brand New Day,ספיידרמן: יום חדש,https://movieland.co.il/order/?eventID=145500&theaterId=1292,https://movieland.co.il/order/?eventID=145500&theaterId=1292,Regular,2D,English,,2026-08-15,2026,,,,All,Netanya,MovieLand,601
16:20,Spider-Man: Brand New Day,ספיידרמן: יום חדש,https://movieland.co.il/order/?eventID=145496&theaterId=1292,https://movieland.co.il/order/?eventID=145496&theaterId=1292,Regular,2D,English,,2026-08-15,2026,,,,All,Netanya,MovieLand,601
16:55,Spider-Man: Brand New Day,ספיידרמן: יום חדש,https://movieland.co.il/order/?eventID=145499&theaterId=1292,https://movieland.co.il/order/?eventID=145499&theaterId=1292,Upgrade,2D,English,,2026-08-15,2026,,,,All,Netanya,MovieLand,601
17:55,Spider-Man: Brand New Day,ספיידרמן: יום חדש,https://movieland.co.il/order/?eventID=145529&theaterId=1292,https://movieland.co.il/order/?eventID=145529&theaterId=1292,Regular,2D,English,,2026-08-15,2026,,,,All,Netanya,MovieLand,601
19:15,Spider-Man: Brand New Day,ספיידרמן: יום חדש,https://movieland.co.il/order/?eventID=145502&theaterId=1292,https://movieland.co.il/order/?eventID=145502&theaterId=1292,Upgrade,2D,English,,2026-08-15,2026,,,,All,Netanya,MovieLand,601
19:25,Spider-Man: Brand New Day,ספיידרמן: יום חדש,https://movieland.co.il/order/?eventID=145498&theaterId=1292,https://movieland.co.il/order/?eventID=145498&theaterId=1292,Regular,2D,English,,2026-08-15,2026,,,,All,Netanya,MovieLand,601
20:00,Spider-Man: Brand New Day,ספיידרמן: יום חדש,https://movieland.co.il/order/?eventID=145503&theaterId=1292,https://movieland.co.il/order/?eventID=145503&theaterId=1292,Upgrade,2D,English,,2026-08-15,2026,,,,All,Netanya,MovieLand,601
21:00,Spider-Man: Brand New Day,ספיידרמן: יום חדש,https://movieland.co.il/order/?eventID=145504&theaterId=1292,https://movieland.co.il/order/?eventID=145504&theaterId=1292,Regular,2D,English,,2026-08-15,2026,,,,All,Netanya,MovieLand,601
22:20,Spider-Man: Brand New Day,ספיידרמן: יום חדש,https://movieland.co.il/order/?eventID=145501&theaterId=1292,https://movieland.co.il/order/?eventID=145501&theaterId=1292,Upgrade,2D,English,,2026-08-15,2026,,,,All,Netanya,MovieLand,601
22:35,Spider-Man: Brand New Day,ספיידרמן: יום חדש,https://movieland.co.il/order/?eventID=145497&theaterId=1292,https://movieland.co.il/order/?eventID=145497&theaterId=1292,Regular,2D,English,,2026-08-15,2026,,,,All,Netanya,MovieLand,601
22:50,Spider-Man: Brand New Day,ספיידרמן: יום חדש,https://movieland.co.il/order/?eventID=145539&theaterId=1292,https://movieland.co.il/order/?eventID=145539&theaterId=1292,Regular,2D,English,,2026-08-15,2026,,,,All,Netanya,MovieLand,601
23:05,Spider-Man: Brand New Day,ספיידרמן: יום חדש,https://movieland.co.il/order/?eventID=145507&theaterId=1292,https://movieland.co.il/order/?eventID=145507&theaterId=1292,Upgrade,2D,English,,2026-08-15,2026,,,,All,Netanya,MovieLand,601
23:30,Spider-Man: Brand New Day,ספיידרמן: יום חדש,https://movieland.co.il/order/?eventID=145517&theaterId=1292,https://movieland.co.il/order/?eventID=145517&theaterId=1292,Regular,2D,English,,2026-08-15,2026,,,,All,Netanya,MovieLand,601
15:00,The Odyssey,האודיסאה,https://movieland.co.il/order/?eventID=145512&theaterId=1292,https://movieland.co.il/order/?eventID=145512&theaterId=1292,Regular,2D,English,,2026-08-15,2026,,,,14+,Netanya,MovieLand,601
18:00,The Odyssey,האודיסאה,https://movieland.co.il/order/?eventID=145492&theaterId=1292,https://movieland.co.il/order/?eventID=145492&theaterId=1292,Upgrade,2D,English,,2026-08-15,2026,,,,14+,Netanya,MovieLand,601
19:00,The Odyssey,האודיסאה,https://movieland.co.il/order/?eventID=145493&theaterId=1292,https://movieland.co.il/order/?eventID=145493&theaterId=1292,Regular,2D,English,,2026-08-15,2026,,,,14+,Netanya,MovieLand,601
21:35,The Odyssey,האודיסאה,https://movieland.co.il/order/?eventID=145491&theaterId=1292,https://movieland.co.il/order/?eventID=145491&theaterId=1292,Upgrade,2D,English,,2026-08-15,2026,,,,14+,Netanya,MovieLand,601
22:30,The Odyssey,האודיסאה,https://movieland.co.il/order/?eventID=145542&theaterId=1292,https://movieland.co.il/order/?eventID=145542&theaterId=1292,Regular,2D,English,,2026-08-15,2026,,,,14+,Netanya,MovieLand,601
10:35,Paw Patrol: The Dino Movie,מפרץ ההרפתקאות: אי הדינוזאורים,https://movieland.co.il/order/?eventID=145522&theaterId=1292,https://movieland.co.il/order/?eventID=145522&theaterId=1292,Upgrade,2D,English,Hebrew,2026-08-15,2026,,,,All,Netanya,MovieLand,601
11:30,Paw Patrol: The Dino Movie,מפרץ ההרפתקאות: אי הדינוזאורים,https://movieland.co.il/order/?eventID=145546&theaterId=1292,https://movieland.co.il/order/?eventID=145546&theaterId=1292,Regular,2D,English,Hebrew,2026-08-15,2026,,,,All,Netanya,MovieLand,601
12:40,Paw Patrol: The Dino Movie,מפרץ ההרפתקאות: אי הדינוזאורים,https://movieland.co.il/order/?eventID=145521&theaterId=1292,https://movieland.co.il/order/?eventID=145521&theaterId=1292,Upgrade,2D,English,Hebrew,2026-08-15,2026,,,,All,Netanya,MovieLand,601
14:50,Paw Patrol: The Dino Movie,מפרץ ההרפתקאות: אי הדינוזאורים,https://movieland.co.il/order/?eventID=145520&theaterId=1292,https://movieland.co.il/order/?eventID=145520&theaterId=1292,Upgrade,2D,English,Hebrew,2026-08-15,2026,,,,All,Netanya,MovieLand,601
10:35,Minions & Monsters,מיניונים ומפלצות,https://movieland.co.il/order/?eventID=145510&theaterId=1292,https://movieland.co.il/order/?eventID=145510&theaterId=1292,Upgrade,2D,English,Hebrew,2026-08-15,2026,,,,All,Netanya,MovieLand,601
12:45,Minions & Monsters,מיניונים ומפלצות,https://movieland.co.il/order/?eventID=145509&theaterId=1292,https://movieland.co.il/order/?eventID=145509&theaterId=1292,Upgrade,2D,English,Hebrew,2026-08-15,2026,,,,All,Netanya,MovieLand,601
14:55,Minions & Monsters,מיניונים ומפלצות,https://movieland.co.il/order/?eventID=145508&theaterId=1292,https://movieland.co.il/order/?eventID=145508&theaterId=1292,Upgrade,2D,English,Hebrew,2026-08-15,2026,,,,All,Netanya,MovieLand,601
17:05,Minions & Monsters,מיניונים ומפלצות,https://movieland.co.il/order/?eventID=145511&theaterId=1292,https://movieland.co.il/order/?eventID=145511&theaterId=1292,Upgrade,2D,English,Hebrew,2026-08-15,2026,,,,All,Netanya,MovieLand,601
21:30,Fuze,פיוז,https://movieland.co.il/order/?eventID=145537&theaterId=1292,https://movieland.co.il/order/?eventID=145537&theaterId=1292,Regular,2D,English,,2026-08-15,2026,,,,12+,Netanya,MovieLand,601
12:05,Marsupilami,מרסופילאמי,https://movieland.co.il/order/?eventID=145524&theaterId=1292,https://movieland.co.il/order/?eventID=145524&theaterId=1292,Regular,2D,French,Hebrew,2026-08-15,2025,,,,All,Netanya,MovieLand,601
14:25,Marsupilami,מרסופילאמי,https://movieland.co.il/order/?eventID=145547&theaterId=1292,https://movieland.co.il/order/?eventID=145547&theaterId=1292,Regular,2D,French,Hebrew,2026-08-15,2025,,,,All,Netanya,MovieLand,601
16:15,Marsupilami,מרסופילאמי,https://movieland.co.il/order/?eventID=145523&theaterId=1292,https://movieland.co.il/order/?eventID=145523&theaterId=1292,Regular,2D,French,Hebrew,2026-08-15,2025,,,,All,Netanya,MovieLand,601
00:05,Ice Cream Man,איש הגלידה,https://movieland.co.il/order/?eventID=145541&theaterId=1292,https://movieland.co.il/order/?eventID=145541&theaterId=1292,Regular,2D,English,,2026-08-15,2026,,,,18+,Netanya,MovieLand,601
13:35,Valley of Shadows,בחזרה מההימלאיה,https://movieland.co.il/order/?eventID=145536&theaterId=1292,https://movieland.co.il/order/?eventID=145536&theaterId=1292,Regular,2D,ספרדית,,2026-08-15,2025,,,,12+,Netanya,MovieLand,601
12:35,"Damned if you do, damned if you don’t",המשפחה האיטלקית שלי,https://movieland.co.il/order/?eventID=145534&theaterId=1292,https://movieland.co.il/order/?eventID=145534&theaterId=1292,Regular,2D,איטלקית,,2026-08-15,2025,,,,All,Netanya,MovieLand,601
12:30,Bitter Christmas,חג מולד מר,https://movieland.co.il/order/?eventID=145533&theaterId=1292,https://movieland.co.il/order/?eventID=145533&theaterId=1292,Regular,2D,ספרדית,,2026-08-15,2026,,,,All,Netanya,MovieLand,601
15:00,קופה ראשית: הסרט,קופה ראשית: הסרט,https://movieland.co.il/order/?eventID=145527&theaterId=1292,https://movieland.co.il/order/?eventID=145527&theaterId=1292,Regular,2D,Hebrew,,2026-08-15,2026,,,,All,Netanya,MovieLand,601
15:45,קופה ראשית: הסרט,קופה ראשית: הסרט,https://movieland.co.il/order/?eventID=145526&theaterId=1292,https://movieland.co.il/order/?eventID=145526&theaterId=1292,Upgrade,2D,Hebrew,,2026-08-15,2026,,,,All,Netanya,MovieLand,601
17:15,קופה ראשית: הסרט,קופה ראשית: הסרט,https://movieland.co.il/order/?eventID=145543&theaterId=1292,https://movieland.co.il/order/?eventID=145543&theaterId=1292,Regular,2D,Hebrew,,2026-08-15,2026,,,,All,Netanya,MovieLand,601
21:00,גבעה 338,גבעה 338,https://movieland.co.il/order/?eventID=145525&theaterId=1292,https://movieland.co.il/order/?eventID=145525&theaterId=1292,Regular,2D,Hebrew,,2026-08-15,2026,,,,9+,Netanya,MovieLand,601
23:50,גבעה 338,גבעה 338,https://movieland.co.il/order/?eventID=145549&theaterId=1292,https://movieland.co.il/order/?eventID=145549&theaterId=1292,Regular,2D,Hebrew,,2026-08-15,2026,,,,9+,Netanya,MovieLand,601
11:20,סולטיז הסרט - וולוג ה-100,סולטיז הסרט - וולוג ה-100,https://movieland.co.il/order/?eventID=145515&theaterId=1292,https://movieland.co.il/order/?eventID=145515&theaterId=1292,Regular,2D,Hebrew,,2026-08-15,2026,,,,All,Netanya,MovieLand,601
13:40,סולטיז הסרט - וולוג ה-100,סולטיז הסרט - וולוג ה-100,https://movieland.co.il/order/?eventID=145516&theaterId=1292,https://movieland.co.il/order/?eventID=145516&theaterId=1292,Regular,2D,Hebrew,,2026-08-15,2026,,,,All,Netanya,MovieLand,601
10:55,Toy Story 5,צעצוע של סיפור 5,https://movieland.co.il/order/?eventID=145514&theaterId=1292,https://movieland.co.il/order/?eventID=145514&theaterId=1292,Regular,2D,English,Hebrew,2026-08-15,2026,,,,All,Netanya,MovieLand,601
11:15,Moana (Live Action),מואנה,https://movieland.co.il/order/?eventID=145544&theaterId=1292,https://movieland.co.il/order/?eventID=145544&theaterId=1292,Regular,2D,English,Hebrew,2026-08-15,2026,,,,All,Netanya,MovieLand,601
13:50,Moana (Live Action),מואנה,https://movieland.co.il/order/?eventID=145519&theaterId=1292,https://movieland.co.il/order/?eventID=145519&theaterId=1292,Regular,2D,English,Hebrew,2026-08-15,2026,,,,All,Netanya,MovieLand,601
16:25,Moana (Live Action),מואנה,https://movieland.co.il/order/?eventID=145513&theaterId=1292,https://movieland.co.il/order/?eventID=145513&theaterId=1292,Regular,2D,English,Hebrew,2026-08-15,2026,,,,All,Netanya,MovieLand,601
10:30,Tafiti: Across the Desert,טפיטי: הרפתקה במדבר,https://movieland.co.il/order/?eventID=145540&theaterId=1292,https://movieland.co.il/order/?eventID=145540&theaterId=1292,Regular,2D,German,Hebrew,2026-08-15,2025,,,,ליווי מבוגר עד גיל 8,Netanya,MovieLand,601
10:30,GRACIE & PEDRO: PETS TO THE RESCUE,גרייסי ופדרו: חיות המחמד בפעולה,https://movieland.co.il/order/?eventID=145545&theaterId=1292,https://movieland.co.il/order/?eventID=145545&theaterId=1292,Regular,2D,,Hebrew,2026-08-15,,,,,All,Netanya,MovieLand,601
19:10,НА КРАЮ ОУК-СТРИТ,НА КРАЮ ОУК-СТРИТ,https://movieland.co.il/order/?eventID=145538&theaterId=1292,https://movieland.co.il/order/?eventID=145538&theaterId=1292,Regular,2D,английский,,2026-08-15,,,,,12+,Netanya,MovieLand,601
19:10,ОДИССЕЯ,ОДИССЕЯ,https://movieland.co.il/order/?eventID=145506&theaterId=1292,https://movieland.co.il/order/?eventID=145506&theaterId=1292,Regular,2D,английский,,2026-08-15,2026,,,,14+,Netanya,MovieLand,601
18:35,ЧЕЛОВЕК-ПАУК: НОВЫЙ ДЕНЬ,ЧЕЛОВЕК-ПАУК: НОВЫЙ ДЕНЬ,https://movieland.co.il/order/?eventID=145490&theaterId=1292,https://movieland.co.il/order/?eventID=145490&theaterId=1292,Regular,2D,английский,,2026-08-15,2026,,,,Нет возрастных ограничений,Netanya,MovieLand,601
20:10,One night only,לגמור את הלילה,https://movieland.co.il/order/?eventID=145697&theaterId=1292,https://movieland.co.il/order/?eventID=145697&theaterId=1292,Regular,2D,English,,2026-08-16,2026,,,,14+,Netanya,MovieLand,601
22:35,One night only,לגמור את הלילה,https://movieland.co.il/order/?eventID=145721&theaterId=1292,https://movieland.co.il/order/?eventID=145721&theaterId=1292,Regular,2D,English,,2026-08-16,2026,,,,14+,Netanya,MovieLand,601
23:35,One night only,לגמור את הלילה,https://movieland.co.il/order/?eventID=145717&theaterId=1292,https://movieland.co.il/order/?eventID=145717&theaterId=1292,Regular,2D,English,,2026-08-16,2026,,,,14+,Netanya,MovieLand,601
14:30,End of Oak street,סוף רחוב האלון,https://movieland.co.il/order/?eventID=145708&theaterId=1292,https://movieland.co.il/order/?eventID=145708&theaterId=1292,Regular,2D,English,,2026-08-16,2026,,,,12+,Netanya,MovieLand,601
19:15,End of Oak street,סוף רחוב האלון,https://movieland.co.il/order/?eventID=145706&theaterId=1292,https://movieland.co.il/order/?eventID=145706&theaterId=1292,Regular,2D,English,,2026-08-16,2026,,,,12+,Netanya,MovieLand,601
21:35,End of Oak street,סוף רחוב האלון,https://movieland.co.il/order/?eventID=145707&theaterId=1292,https://movieland.co.il/order/?eventID=145707&theaterId=1292,Regular,2D,English,,2026-08-16,2026,,,,12+,Netanya,MovieLand,601
23:55,End of Oak street,סוף רחוב האלון,https://movieland.co.il/order/?eventID=145718&theaterId=1292,https://movieland.co.il/order/?eventID=145718&theaterId=1292,Regular,2D,English,,2026-08-16,2026,,,,12+,Netanya,MovieLand,601
11:40,Spider-Man: Brand New Day,ספיידרמן: יום חדש,https://movieland.co.il/order/?eventID=145676&theaterId=1292,https://movieland.co.il/order/?eventID=145676&theaterId=1292,Regular,2D,English,,2026-08-16,2026,,,,All,Netanya,MovieLand,601
13:10,Spider-Man: Brand New Day,ספיידרמן: יום חדש,https://movieland.co.il/order/?eventID=145675&theaterId=1292,https://movieland.co.il/order/?eventID=145675&theaterId=1292,Regular,2D,English,,2026-08-16,2026,,,,All,Netanya,MovieLand,601
14:45,Spider-Man: Brand New Day,ספיידרמן: יום חדש,https://movieland.co.il/order/?eventID=145686&theaterId=1292,https://movieland.co.il/order/?eventID=145686&theaterId=1292,Regular,2D,English,,2026-08-16,2026,,,,All,Netanya,MovieLand,601
16:00,Spider-Man: Brand New Day,ספיידרמן: יום חדש,https://movieland.co.il/order/?eventID=145681&theaterId=1292,https://movieland.co.il/order/?eventID=145681&theaterId=1292,Regular,2D,English,,2026-08-16,2026,,,,All,Netanya,MovieLand,601
16:15,Spider-Man: Brand New Day,ספיידרמן: יום חדש,https://movieland.co.il/order/?eventID=145677&theaterId=1292,https://movieland.co.il/order/?eventID=145677&theaterId=1292,Regular,2D,English,,2026-08-16,2026,,,,All,Netanya,MovieLand,601
16:55,Spider-Man: Brand New Day,ספיידרמן: יום חדש,https://movieland.co.il/order/?eventID=145680&theaterId=1292,https://movieland.co.il/order/?eventID=145680&theaterId=1292,Upgrade,2D,English,,2026-08-16,2026,,,,All,Netanya,MovieLand,601
17:50,Spider-Man: Brand New Day,ספיידרמן: יום חדש,https://movieland.co.il/order/?eventID=145705&theaterId=1292,https://movieland.co.il/order/?eventID=145705&theaterId=1292,Regular,2D,English,,2026-08-16,2026,,,,All,Netanya,MovieLand,601
19:05,Spider-Man: Brand New Day,ספיידרמן: יום חדש,https://movieland.co.il/order/?eventID=145683&theaterId=1292,https://movieland.co.il/order/?eventID=145683&theaterId=1292,Regular,2D,English,,2026-08-16,2026,,,,All,Netanya,MovieLand,601
19:25,Spider-Man: Brand New Day,ספיידרמן: יום חדש,https://movieland.co.il/order/?eventID=145679&theaterId=1292,https://movieland.co.il/order/?eventID=145679&theaterId=1292,Regular,2D,English,,2026-08-16,2026,,,,All,Netanya,MovieLand,601
20:00,Spider-Man: Brand New Day,ספיידרמן: יום חדש,https://movieland.co.il/order/?eventID=145684&theaterId=1292,https://movieland.co.il/order/?eventID=145684&theaterId=1292,Upgrade,2D,English,,2026-08-16,2026,,,,All,Netanya,MovieLand,601
20:55,Spider-Man: Brand New Day,ספיידרמן: יום חדש,https://movieland.co.il/order/?eventID=145685&theaterId=1292,https://movieland.co.il/order/?eventID=145685&theaterId=1292,Regular,2D,English,,2026-08-16,2026,,,,All,Netanya,MovieLand,601
22:10,Spider-Man: Brand New Day,ספיידרמן: יום חדש,https://movieland.co.il/order/?eventID=145682&theaterId=1292,https://movieland.co.il/order/?eventID=145682&theaterId=1292,Regular,2D,English,,2026-08-16,2026,,,,All,Netanya,MovieLand,601
22:30,Spider-Man: Brand New Day,ספיידרמן: יום חדש,https://movieland.co.il/order/?eventID=145678&theaterId=1292,https://movieland.co.il/order/?eventID=145678&theaterId=1292,Regular,2D,English,,2026-08-16,2026,,,,All,Netanya,MovieLand,601
22:45,Spider-Man: Brand New Day,ספיידרמן: יום חדש,https://movieland.co.il/order/?eventID=145727&theaterId=1292,https://movieland.co.il/order/?eventID=145727&theaterId=1292,Upgrade,2D,English,,2026-08-16,2026,,,,All,Netanya,MovieLand,601
23:05,Spider-Man: Brand New Day,ספיידרמן: יום חדש,https://movieland.co.il/order/?eventID=145716&theaterId=1292,https://movieland.co.il/order/?eventID=145716&theaterId=1292,Upgrade,2D,English,,2026-08-16,2026,,,,All,Netanya,MovieLand,601
18:10,The Odyssey,האודיסאה,https://movieland.co.il/order/?eventID=145673&theaterId=1292,https://movieland.co.il/order/?eventID=145673&theaterId=1292,Upgrade,2D,English,,2026-08-16,2026,,,,14+,Netanya,MovieLand,601
19:10,The Odyssey,האודיסאה,https://movieland.co.il/order/?eventID=145674&theaterId=1292,https://movieland.co.il/order/?eventID=145674&theaterId=1292,Upgrade,2D,English,,2026-08-16,2026,,,,14+,Netanya,MovieLand,601
21:40,The Odyssey,האודיסאה,https://movieland.co.il/order/?eventID=145672&theaterId=1292,https://movieland.co.il/order/?eventID=145672&theaterId=1292,Upgrade,2D,English,,2026-08-16,2026,,,,14+,Netanya,MovieLand,601
22:25,The Odyssey,האודיסאה,https://movieland.co.il/order/?eventID=145712&theaterId=1292,https://movieland.co.il/order/?eventID=145712&theaterId=1292,Regular,2D,English,,2026-08-16,2026,,,,14+,Netanya,MovieLand,601
11:00,Paw Patrol: The Dino Movie,מפרץ ההרפתקאות: אי הדינוזאורים,https://movieland.co.il/order/?eventID=145731&theaterId=1292,https://movieland.co.il/order/?eventID=145731&theaterId=1292,Regular,2D,English,Hebrew,2026-08-16,2026,,,,All,Netanya,MovieLand,601
14:50,Paw Patrol: The Dino Movie,מפרץ ההרפתקאות: אי הדינוזאורים,https://movieland.co.il/order/?eventID=145699&theaterId=1292,https://movieland.co.il/order/?eventID=145699&theaterId=1292,Upgrade,2D,English,Hebrew,2026-08-16,2026,,,,All,Netanya,MovieLand,601
16:50,Paw Patrol: The Dino Movie,מפרץ ההרפתקאות: אי הדינוזאורים,https://movieland.co.il/order/?eventID=145725&theaterId=1292,https://movieland.co.il/order/?eventID=145725&theaterId=1292,Regular,2D,English,Hebrew,2026-08-16,2026,,,,All,Netanya,MovieLand,601
10:30,Minions & Monsters,מיניונים ומפלצות,https://movieland.co.il/order/?eventID=145690&theaterId=1292,https://movieland.co.il/order/?eventID=145690&theaterId=1292,Upgrade,2D,English,Hebrew,2026-08-16,2026,,,,All,Netanya,MovieLand,601
12:40,Minions & Monsters,מיניונים ומפלצות,https://movieland.co.il/order/?eventID=145689&theaterId=1292,https://movieland.co.il/order/?eventID=145689&theaterId=1292,Upgrade,2D,English,Hebrew,2026-08-16,2026,,,,All,Netanya,MovieLand,601
14:50,Minions & Monsters,מיניונים ומפלצות,https://movieland.co.il/order/?eventID=145688&theaterId=1292,https://movieland.co.il/order/?eventID=145688&theaterId=1292,Upgrade,2D,English,Hebrew,2026-08-16,2026,,,,All,Netanya,MovieLand,601
17:00,Minions & Monsters,מיניונים ומפלצות,https://movieland.co.il/order/?eventID=145691&theaterId=1292,https://movieland.co.il/order/?eventID=145691&theaterId=1292,Upgrade,2D,English,Hebrew,2026-08-16,2026,,,,All,Netanya,MovieLand,601
21:20,Fuze,פיוז,https://movieland.co.il/order/?eventID=145709&theaterId=1292,https://movieland.co.il/order/?eventID=145709&theaterId=1292,Regular,2D,English,,2026-08-16,2026,,,,12+,Netanya,MovieLand,601
23:40,Fuze,פיוז,https://movieland.co.il/order/?eventID=145719&theaterId=1292,https://movieland.co.il/order/?eventID=145719&theaterId=1292,Regular,2D,English,,2026-08-16,2026,,,,12+,Netanya,MovieLand,601
11:35,Marsupilami,מרסופילאמי,https://movieland.co.il/order/?eventID=145729&theaterId=1292,https://movieland.co.il/order/?eventID=145729&theaterId=1292,Regular,2D,French,Hebrew,2026-08-16,2025,,,,All,Netanya,MovieLand,601
13:55,Marsupilami,מרסופילאמי,https://movieland.co.il/order/?eventID=145701&theaterId=1292,https://movieland.co.il/order/?eventID=145701&theaterId=1292,Regular,2D,French,Hebrew,2026-08-16,2025,,,,All,Netanya,MovieLand,601
16:15,Marsupilami,מרסופילאמי,https://movieland.co.il/order/?eventID=145700&theaterId=1292,https://movieland.co.il/order/?eventID=145700&theaterId=1292,Regular,2D,French,Hebrew,2026-08-16,2025,,,,All,Netanya,MovieLand,601
00:00,Ice Cream Man,איש הגלידה,https://movieland.co.il/order/?eventID=145720&theaterId=1292,https://movieland.co.il/order/?eventID=145720&theaterId=1292,Regular,2D,English,,2026-08-16,2026,,,,18+,Netanya,MovieLand,601
12:45,Valley of Shadows,בחזרה מההימלאיה,https://movieland.co.il/order/?eventID=145723&theaterId=1292,https://movieland.co.il/order/?eventID=145723&theaterId=1292,Regular,2D,ספרדית,,2026-08-16,2025,,,,12+,Netanya,MovieLand,601
18:35,האחד והיחיד שלי,האחד והיחיד שלי,https://movieland.co.il/order/?eventID=145722&theaterId=1292,https://movieland.co.il/order/?eventID=145722&theaterId=1292,Regular,2D,Hebrew,,2026-08-16,2026,,,,All,Netanya,MovieLand,601
14:45,קופה ראשית: הסרט,קופה ראשית: הסרט,https://movieland.co.il/order/?eventID=145704&theaterId=1292,https://movieland.co.il/order/?eventID=145704&theaterId=1292,Regular,2D,Hebrew,,2026-08-16,2026,,,,All,Netanya,MovieLand,601
15:55,קופה ראשית: הסרט,קופה ראשית: הסרט,https://movieland.co.il/order/?eventID=145703&theaterId=1292,https://movieland.co.il/order/?eventID=145703&theaterId=1292,Upgrade,2D,Hebrew,,2026-08-16,2026,,,,All,Netanya,MovieLand,601
17:00,קופה ראשית: הסרט,קופה ראשית: הסרט,https://movieland.co.il/order/?eventID=145713&theaterId=1292,https://movieland.co.il/order/?eventID=145713&theaterId=1292,Regular,2D,Hebrew,,2026-08-16,2026,,,,All,Netanya,MovieLand,601
21:10,גבעה 338,גבעה 338,https://movieland.co.il/order/?eventID=145702&theaterId=1292,https://movieland.co.il/order/?eventID=145702&theaterId=1292,Regular,2D,Hebrew,,2026-08-16,2026,,,,9+,Netanya,MovieLand,601
11:20,סולטיז הסרט - וולוג ה-100,סולטיז הסרט - וולוג ה-100,https://movieland.co.il/order/?eventID=145695&theaterId=1292,https://movieland.co.il/order/?eventID=145695&theaterId=1292,Regular,2D,Hebrew,,2026-08-16,2026,,,,All,Netanya,MovieLand,601
13:40,סולטיז הסרט - וולוג ה-100,סולטיז הסרט - וולוג ה-100,https://movieland.co.il/order/?eventID=145696&theaterId=1292,https://movieland.co.il/order/?eventID=145696&theaterId=1292,Regular,2D,Hebrew,,2026-08-16,2026,,,,All,Netanya,MovieLand,601
17:50,סולטיז הסרט - וולוג ה-100,סולטיז הסרט - וולוג ה-100,https://movieland.co.il/order/?eventID=145724&theaterId=1292,https://movieland.co.il/order/?eventID=145724&theaterId=1292,Regular,2D,Hebrew,,2026-08-16,2026,,,,All,Netanya,MovieLand,601
12:35,STICH HEAD,פרנקי והמפלצות,https://movieland.co.il/order/?eventID=145726&theaterId=1292,https://movieland.co.il/order/?eventID=145726&theaterId=1292,Regular,2D,,Hebrew,2026-08-16,,,,,All,Netanya,MovieLand,601
11:00,Toy Story 5,צעצוע של סיפור 5,https://movieland.co.il/order/?eventID=145694&theaterId=1292,https://movieland.co.il/order/?eventID=145694&theaterId=1292,Upgrade,2D,English,Hebrew,2026-08-16,2026,,,,All,Netanya,MovieLand,601
13:30,Toy Story 5,צעצוע של סיפור 5,https://movieland.co.il/order/?eventID=145693&theaterId=1292,https://movieland.co.il/order/?eventID=145693&theaterId=1292,Upgrade,2D,English,Hebrew,2026-08-16,2026,,,,All,Netanya,MovieLand,601
11:10,Moana (Live Action),מואנה,https://movieland.co.il/order/?eventID=145714&theaterId=1292,https://movieland.co.il/order/?eventID=145714&theaterId=1292,Regular,2D,English,Hebrew,2026-08-16,2026,,,,All,Netanya,MovieLand,601
13:45,Moana (Live Action),מואנה,https://movieland.co.il/order/?eventID=145698&theaterId=1292,https://movieland.co.il/order/?eventID=145698&theaterId=1292,Regular,2D,English,Hebrew,2026-08-16,2026,,,,All,Netanya,MovieLand,601
16:20,Moana (Live Action),מואנה,https://movieland.co.il/order/?eventID=145692&theaterId=1292,https://movieland.co.il/order/?eventID=145692&theaterId=1292,Regular,2D,English,Hebrew,2026-08-16,2026,,,,All,Netanya,MovieLand,601
12:00,school of magical animals 3,סוד החיות הקסומות 3,https://movieland.co.il/order/?eventID=145732&theaterId=1292,https://movieland.co.il/order/?eventID=145732&theaterId=1292,Regular,2D,,Hebrew,2026-08-16,,,,,,Netanya,MovieLand,601
10:45,Tafiti: Across the Desert,טפיטי: הרפתקה במדבר,https://movieland.co.il/order/?eventID=145711&theaterId=1292,https://movieland.co.il/order/?eventID=145711&theaterId=1292,Regular,2D,German,Hebrew,2026-08-16,2025,,,,ליווי מבוגר עד גיל 8,Netanya,MovieLand,601
10:30,GRACIE & PEDRO: PETS TO THE RESCUE,גרייסי ופדרו: חיות המחמד בפעולה,https://movieland.co.il/order/?eventID=145715&theaterId=1292,https://movieland.co.il/order/?eventID=145715&theaterId=1292,Regular,2D,,Hebrew,2026-08-16,,,,,All,Netanya,MovieLand,601
19:00,НА КРАЮ ОУК-СТРИТ,НА КРАЮ ОУК-СТРИТ,https://movieland.co.il/order/?eventID=145710&theaterId=1292,https://movieland.co.il/order/?eventID=145710&theaterId=1292,Regular,2D,английский,,2026-08-16,,,,,12+,Netanya,MovieLand,601
18:55,ОДИССЕЯ,ОДИССЕЯ,https://movieland.co.il/order/?eventID=145687&theaterId=1292,https://movieland.co.il/order/?eventID=145687&theaterId=1292,Regular,2D,английский,,2026-08-16,2026,,,,14+,Netanya,MovieLand,601
15:25,תיכון מגשימים,תיכון מגשימים,https://movieland.co.il/order/?eventID=145728&theaterId=1292,https://movieland.co.il/order/?eventID=145728&theaterId=1292,Regular,2D,Hebrew,,2026-08-16,2026,,,,12+,Netanya,MovieLand,601
19:35,One night only,לגמור את הלילה,https://movieland.co.il/order/?eventID=145455&theaterId=1292,https://movieland.co.il/order/?eventID=145455&theaterId=1292,Regular,2D,English,,2026-08-17,2026,,,,14+,Netanya,MovieLand,601
22:00,One night only,לגמור את הלילה,https://movieland.co.il/order/?eventID=145481&theaterId=1292,https://movieland.co.il/order/?eventID=145481&theaterId=1292,Regular,2D,English,,2026-08-17,2026,,,,14+,Netanya,MovieLand,601
23:35,One night only,לגמור את הלילה,https://movieland.co.il/order/?eventID=145477&theaterId=1292,https://movieland.co.il/order/?eventID=145477&theaterId=1292,Regular,2D,English,,2026-08-17,2026,,,,14+,Netanya,MovieLand,601
13:45,End of Oak street,סוף רחוב האלון,https://movieland.co.il/order/?eventID=145468&theaterId=1292,https://movieland.co.il/order/?eventID=145468&theaterId=1292,Regular,2D,English,,2026-08-17,2026,,,,12+,Netanya,MovieLand,601
19:15,End of Oak street,סוף רחוב האלון,https://movieland.co.il/order/?eventID=145466&theaterId=1292,https://movieland.co.il/order/?eventID=145466&theaterId=1292,Regular,2D,English,,2026-08-17,2026,,,,12+,Netanya,MovieLand,601
21:35,End of Oak street,סוף רחוב האלון,https://movieland.co.il/order/?eventID=145467&theaterId=1292,https://movieland.co.il/order/?eventID=145467&theaterId=1292,Regular,2D,English,,2026-08-17,2026,,,,12+,Netanya,MovieLand,601
23:55,End of Oak street,סוף רחוב האלון,https://movieland.co.il/order/?eventID=145478&theaterId=1292,https://movieland.co.il/order/?eventID=145478&theaterId=1292,Regular,2D,English,,2026-08-17,2026,,,,12+,Netanya,MovieLand,601
11:40,Spider-Man: Brand New Day,ספיידרמן: יום חדש,https://movieland.co.il/order/?eventID=145434&theaterId=1292,https://movieland.co.il/order/?eventID=145434&theaterId=1292,Regular,2D,English,,2026-08-17,2026,,,,All,Netanya,MovieLand,601
13:10,Spider-Man: Brand New Day,ספיידרמן: יום חדש,https://movieland.co.il/order/?eventID=145433&theaterId=1292,https://movieland.co.il/order/?eventID=145433&theaterId=1292,Regular,2D,English,,2026-08-17,2026,,,,All,Netanya,MovieLand,601
14:45,Spider-Man: Brand New Day,ספיידרמן: יום חדש,https://movieland.co.il/order/?eventID=145444&theaterId=1292,https://movieland.co.il/order/?eventID=145444&theaterId=1292,Regular,2D,English,,2026-08-17,2026,,,,All,Netanya,MovieLand,601
16:00,Spider-Man: Brand New Day,ספיידרמן: יום חדש,https://movieland.co.il/order/?eventID=145439&theaterId=1292,https://movieland.co.il/order/?eventID=145439&theaterId=1292,Regular,2D,English,,2026-08-17,2026,,,,All,Netanya,MovieLand,601
16:15,Spider-Man: Brand New Day,ספיידרמן: יום חדש,https://movieland.co.il/order/?eventID=145435&theaterId=1292,https://movieland.co.il/order/?eventID=145435&theaterId=1292,Regular,2D,English,,2026-08-17,2026,,,,All,Netanya,MovieLand,601
16:55,Spider-Man: Brand New Day,ספיידרמן: יום חדש,https://movieland.co.il/order/?eventID=145438&theaterId=1292,https://movieland.co.il/order/?eventID=145438&theaterId=1292,Upgrade,2D,English,,2026-08-17,2026,,,,All,Netanya,MovieLand,601
17:50,Spider-Man: Brand New Day,ספיידרמן: יום חדש,https://movieland.co.il/order/?eventID=145465&theaterId=1292,https://movieland.co.il/order/?eventID=145465&theaterId=1292,Regular,2D,English,,2026-08-17,2026,,,,All,Netanya,MovieLand,601
19:05,Spider-Man: Brand New Day,ספיידרמן: יום חדש,https://movieland.co.il/order/?eventID=145441&theaterId=1292,https://movieland.co.il/order/?eventID=145441&theaterId=1292,Regular,2D,English,,2026-08-17,2026,,,,All,Netanya,MovieLand,601
19:25,Spider-Man: Brand New Day,ספיידרמן: יום חדש,https://movieland.co.il/order/?eventID=145437&theaterId=1292,https://movieland.co.il/order/?eventID=145437&theaterId=1292,Regular,2D,English,,2026-08-17,2026,,,,All,Netanya,MovieLand,601
20:00,Spider-Man: Brand New Day,ספיידרמן: יום חדש,https://movieland.co.il/order/?eventID=145442&theaterId=1292,https://movieland.co.il/order/?eventID=145442&theaterId=1292,Upgrade,2D,English,,2026-08-17,2026,,,,All,Netanya,MovieLand,601
20:55,Spider-Man: Brand New Day,ספיידרמן: יום חדש,https://movieland.co.il/order/?eventID=145443&theaterId=1292,https://movieland.co.il/order/?eventID=145443&theaterId=1292,Regular,2D,English,,2026-08-17,2026,,,,All,Netanya,MovieLand,601
22:10,Spider-Man: Brand New Day,ספיידרמן: יום חדש,https://movieland.co.il/order/?eventID=145440&theaterId=1292,https://movieland.co.il/order/?eventID=145440&theaterId=1292,Regular,2D,English,,2026-08-17,2026,,,,All,Netanya,MovieLand,601
22:30,Spider-Man: Brand New Day,ספיידרמן: יום חדש,https://movieland.co.il/order/?eventID=145436&theaterId=1292,https://movieland.co.il/order/?eventID=145436&theaterId=1292,Regular,2D,English,,2026-08-17,2026,,,,All,Netanya,MovieLand,601
22:45,Spider-Man: Brand New Day,ספיידרמן: יום חדש,https://movieland.co.il/order/?eventID=145486&theaterId=1292,https://movieland.co.il/order/?eventID=145486&theaterId=1292,Upgrade,2D,English,,2026-08-17,2026,,,,All,Netanya,MovieLand,601
23:05,Spider-Man: Brand New Day,ספיידרמן: יום חדש,https://movieland.co.il/order/?eventID=145476&theaterId=1292,https://movieland.co.il/order/?eventID=145476&theaterId=1292,Upgrade,2D,English,,2026-08-17,2026,,,,All,Netanya,MovieLand,601
18:10,The Odyssey,האודיסאה,https://movieland.co.il/order/?eventID=145431&theaterId=1292,https://movieland.co.il/order/?eventID=145431&theaterId=1292,Upgrade,2D,English,,2026-08-17,2026,,,,14+,Netanya,MovieLand,601
19:10,The Odyssey,האודיסאה,https://movieland.co.il/order/?eventID=145432&theaterId=1292,https://movieland.co.il/order/?eventID=145432&theaterId=1292,Upgrade,2D,English,,2026-08-17,2026,,,,14+,Netanya,MovieLand,601
21:40,The Odyssey,האודיסאה,https://movieland.co.il/order/?eventID=145430&theaterId=1292,https://movieland.co.il/order/?eventID=145430&theaterId=1292,Upgrade,2D,English,,2026-08-17,2026,,,,14+,Netanya,MovieLand,601
22:25,The Odyssey,האודיסאה,https://movieland.co.il/order/?eventID=145472&theaterId=1292,https://movieland.co.il/order/?eventID=145472&theaterId=1292,Regular,2D,English,,2026-08-17,2026,,,,14+,Netanya,MovieLand,601
10:35,Paw Patrol: The Dino Movie,מפרץ ההרפתקאות: אי הדינוזאורים,https://movieland.co.il/order/?eventID=145459&theaterId=1292,https://movieland.co.il/order/?eventID=145459&theaterId=1292,Upgrade,2D,English,Hebrew,2026-08-17,2026,,,,All,Netanya,MovieLand,601
12:40,Paw Patrol: The Dino Movie,מפרץ ההרפתקאות: אי הדינוזאורים,https://movieland.co.il/order/?eventID=145458&theaterId=1292,https://movieland.co.il/order/?eventID=145458&theaterId=1292,Upgrade,2D,English,Hebrew,2026-08-17,2026,,,,All,Netanya,MovieLand,601
14:50,Paw Patrol: The Dino Movie,מפרץ ההרפתקאות: אי הדינוזאורים,https://movieland.co.il/order/?eventID=145457&theaterId=1292,https://movieland.co.il/order/?eventID=145457&theaterId=1292,Upgrade,2D,English,Hebrew,2026-08-17,2026,,,,All,Netanya,MovieLand,601
16:10,Paw Patrol: The Dino Movie,מפרץ ההרפתקאות: אי הדינוזאורים,https://movieland.co.il/order/?eventID=145483&theaterId=1292,https://movieland.co.il/order/?eventID=145483&theaterId=1292,Regular,2D,English,Hebrew,2026-08-17,2026,,,,All,Netanya,MovieLand,601
10:30,Minions & Monsters,מיניונים ומפלצות,https://movieland.co.il/order/?eventID=145448&theaterId=1292,https://movieland.co.il/order/?eventID=145448&theaterId=1292,Upgrade,2D,English,Hebrew,2026-08-17,2026,,,,All,Netanya,MovieLand,601
12:40,Minions & Monsters,מיניונים ומפלצות,https://movieland.co.il/order/?eventID=145447&theaterId=1292,https://movieland.co.il/order/?eventID=145447&theaterId=1292,Upgrade,2D,English,Hebrew,2026-08-17,2026,,,,All,Netanya,MovieLand,601
14:50,Minions & Monsters,מיניונים ומפלצות,https://movieland.co.il/order/?eventID=145446&theaterId=1292,https://movieland.co.il/order/?eventID=145446&theaterId=1292,Upgrade,2D,English,Hebrew,2026-08-17,2026,,,,All,Netanya,MovieLand,601
17:00,Minions & Monsters,מיניונים ומפלצות,https://movieland.co.il/order/?eventID=145449&theaterId=1292,https://movieland.co.il/order/?eventID=145449&theaterId=1292,Upgrade,2D,English,Hebrew,2026-08-17,2026,,,,All,Netanya,MovieLand,601
21:30,Fuze,פיוז,https://movieland.co.il/order/?eventID=145469&theaterId=1292,https://movieland.co.il/order/?eventID=145469&theaterId=1292,Regular,2D,English,,2026-08-17,2026,,,,12+,Netanya,MovieLand,601
23:50,Fuze,פיוז,https://movieland.co.il/order/?eventID=145479&theaterId=1292,https://movieland.co.il/order/?eventID=145479&theaterId=1292,Regular,2D,English,,2026-08-17,2026,,,,12+,Netanya,MovieLand,601
11:35,Marsupilami,מרסופילאמי,https://movieland.co.il/order/?eventID=145487&theaterId=1292,https://movieland.co.il/order/?eventID=145487&theaterId=1292,Regular,2D,French,Hebrew,2026-08-17,2025,,,,All,Netanya,MovieLand,601
13:55,Marsupilami,מרסופילאמי,https://movieland.co.il/order/?eventID=145461&theaterId=1292,https://movieland.co.il/order/?eventID=145461&theaterId=1292,Regular,2D,French,Hebrew,2026-08-17,2025,,,,All,Netanya,MovieLand,601
16:15,Marsupilami,מרסופילאמי,https://movieland.co.il/order/?eventID=145460&theaterId=1292,https://movieland.co.il/order/?eventID=145460&theaterId=1292,Regular,2D,French,Hebrew,2026-08-17,2025,,,,All,Netanya,MovieLand,601
00:00,Ice Cream Man,איש הגלידה,https://movieland.co.il/order/?eventID=145480&theaterId=1292,https://movieland.co.il/order/?eventID=145480&theaterId=1292,Regular,2D,English,,2026-08-17,2026,,,,18+,Netanya,MovieLand,601
14:15,Valley of Shadows,בחזרה מההימלאיה,https://movieland.co.il/order/?eventID=145482&theaterId=1292,https://movieland.co.il/order/?eventID=145482&theaterId=1292,Regular,2D,ספרדית,,2026-08-17,2025,,,,12+,Netanya,MovieLand,601
18:35,Bitter Christmas,חג מולד מר,https://movieland.co.il/order/?eventID=145489&theaterId=1292,https://movieland.co.il/order/?eventID=145489&theaterId=1292,Regular,2D,ספרדית,,2026-08-17,2026,,,,All,Netanya,MovieLand,601
14:45,קופה ראשית: הסרט,קופה ראשית: הסרט,https://movieland.co.il/order/?eventID=145464&theaterId=1292,https://movieland.co.il/order/?eventID=145464&theaterId=1292,Regular,2D,Hebrew,,2026-08-17,2026,,,,All,Netanya,MovieLand,601
15:55,קופה ראשית: הסרט,קופה ראשית: הסרט,https://movieland.co.il/order/?eventID=145463&theaterId=1292,https://movieland.co.il/order/?eventID=145463&theaterId=1292,Upgrade,2D,Hebrew,,2026-08-17,2026,,,,All,Netanya,MovieLand,601
17:00,קופה ראשית: הסרט,קופה ראשית: הסרט,https://movieland.co.il/order/?eventID=145473&theaterId=1292,https://movieland.co.il/order/?eventID=145473&theaterId=1292,Regular,2D,Hebrew,,2026-08-17,2026,,,,All,Netanya,MovieLand,601
21:10,גבעה 338,גבעה 338,https://movieland.co.il/order/?eventID=145462&theaterId=1292,https://movieland.co.il/order/?eventID=145462&theaterId=1292,Regular,2D,Hebrew,,2026-08-17,2026,,,,9+,Netanya,MovieLand,601
11:20,סולטיז הסרט - וולוג ה-100,סולטיז הסרט - וולוג ה-100,https://movieland.co.il/order/?eventID=145453&theaterId=1292,https://movieland.co.il/order/?eventID=145453&theaterId=1292,Regular,2D,Hebrew,,2026-08-17,2026,,,,All,Netanya,MovieLand,601
13:40,סולטיז הסרט - וולוג ה-100,סולטיז הסרט - וולוג ה-100,https://movieland.co.il/order/?eventID=145454&theaterId=1292,https://movieland.co.il/order/?eventID=145454&theaterId=1292,Regular,2D,Hebrew,,2026-08-17,2026,,,,All,Netanya,MovieLand,601
12:35,STICH HEAD,פרנקי והמפלצות,https://movieland.co.il/order/?eventID=145484&theaterId=1292,https://movieland.co.il/order/?eventID=145484&theaterId=1292,Regular,2D,,Hebrew,2026-08-17,,,,,All,Netanya,MovieLand,601
11:00,Toy Story 5,צעצוע של סיפור 5,https://movieland.co.il/order/?eventID=145452&theaterId=1292,https://movieland.co.il/order/?eventID=145452&theaterId=1292,Upgrade,2D,English,Hebrew,2026-08-17,2026,,,,All,Netanya,MovieLand,601
13:30,Toy Story 5,צעצוע של סיפור 5,https://movieland.co.il/order/?eventID=145451&theaterId=1292,https://movieland.co.il/order/?eventID=145451&theaterId=1292,Upgrade,2D,English,Hebrew,2026-08-17,2026,,,,All,Netanya,MovieLand,601
11:10,Moana (Live Action),מואנה,https://movieland.co.il/order/?eventID=145474&theaterId=1292,https://movieland.co.il/order/?eventID=145474&theaterId=1292,Regular,2D,English,Hebrew,2026-08-17,2026,,,,All,Netanya,MovieLand,601
13:45,Moana (Live Action),מואנה,https://movieland.co.il/order/?eventID=145456&theaterId=1292,https://movieland.co.il/order/?eventID=145456&theaterId=1292,Regular,2D,English,Hebrew,2026-08-17,2026,,,,All,Netanya,MovieLand,601
16:20,Moana (Live Action),מואנה,https://movieland.co.il/order/?eventID=145450&theaterId=1292,https://movieland.co.il/order/?eventID=145450&theaterId=1292,Regular,2D,English,Hebrew,2026-08-17,2026,,,,All,Netanya,MovieLand,601
12:10,Tafiti: Across the Desert,טפיטי: הרפתקה במדבר,https://movieland.co.il/order/?eventID=145470&theaterId=1292,https://movieland.co.il/order/?eventID=145470&theaterId=1292,Regular,2D,German,Hebrew,2026-08-17,2025,,,,ליווי מבוגר עד גיל 8,Netanya,MovieLand,601
11:05,Three Wishes for Cinderella,סינדרלה ושלוש המשאלות,https://movieland.co.il/order/?eventID=145471&theaterId=1292,https://movieland.co.il/order/?eventID=145471&theaterId=1292,Regular,2D,,Hebrew,2026-08-17,2026,,,,All,Netanya,MovieLand,601
10:30,GRACIE & PEDRO: PETS TO THE RESCUE,גרייסי ופדרו: חיות המחמד בפעולה,https://movieland.co.il/order/?eventID=145475&theaterId=1292,https://movieland.co.il/order/?eventID=145475&theaterId=1292,Regular,2D,,Hebrew,2026-08-17,,,,,All,Netanya,MovieLand,601
18:55,ОДИССЕЯ,ОДИССЕЯ,https://movieland.co.il/order/?eventID=145445&theaterId=1292,https://movieland.co.il/order/?eventID=145445&theaterId=1292,Regular,2D,английский,,2026-08-17,2026,,,,14+,Netanya,MovieLand,601
18:20,ЧЕЛОВЕК-ПАУК: НОВЫЙ ДЕНЬ,ЧЕЛОВЕК-ПАУК: НОВЫЙ ДЕНЬ,https://movieland.co.il/order/?eventID=145488&theaterId=1292,https://movieland.co.il/order/?eventID=145488&theaterId=1292,Regular,2D,английский,,2026-08-17,2026,,,,Нет возрастных ограничений,Netanya,MovieLand,601
11:15,The Magical Faraway Tree,המסע המופלא לעץ הקסמים,https://movieland.co.il/order/?eventID=145485&theaterId=1292,https://movieland.co.il/order/?eventID=145485&theaterId=1292,Regular,2D,English,Hebrew,2026-08-17,2026,,,,All,Netanya,MovieLand,601
20:25,One night only,לגמור את הלילה,https://movieland.co.il/order/?eventID=145571&theaterId=1292,https://movieland.co.il/order/?eventID=145571&theaterId=1292,Regular,2D,English,,2026-08-18,2026,,,,14+,Netanya,MovieLand,601
22:45,One night only,לגמור את הלילה,https://movieland.co.il/order/?eventID=145589&theaterId=1292,https://movieland.co.il/order/?eventID=145589&theaterId=1292,Regular,2D,English,,2026-08-18,2026,,,,14+,Netanya,MovieLand,601
23:35,One night only,לגמור את הלילה,https://movieland.co.il/order/?eventID=145585&theaterId=1292,https://movieland.co.il/order/?eventID=145585&theaterId=1292,Regular,2D,English,,2026-08-18,2026,,,,14+,Netanya,MovieLand,601
19:15,End of Oak street,סוף רחוב האלון,https://movieland.co.il/order/?eventID=145580&theaterId=1292,https://movieland.co.il/order/?eventID=145580&theaterId=1292,Regular,2D,English,,2026-08-18,2026,,,,12+,Netanya,MovieLand,601
21:35,End of Oak street,סוף רחוב האלון,https://movieland.co.il/order/?eventID=145581&theaterId=1292,https://movieland.co.il/order/?eventID=145581&theaterId=1292,Regular,2D,English,,2026-08-18,2026,,,,12+,Netanya,MovieLand,601
23:55,End of Oak street,סוף רחוב האלון,https://movieland.co.il/order/?eventID=145586&theaterId=1292,https://movieland.co.il/order/?eventID=145586&theaterId=1292,Regular,2D,English,,2026-08-18,2026,,,,12+,Netanya,MovieLand,601
11:40,Spider-Man: Brand New Day,ספיידרמן: יום חדש,https://movieland.co.il/order/?eventID=145554&theaterId=1292,https://movieland.co.il/order/?eventID=145554&theaterId=1292,Regular,2D,English,,2026-08-18,2026,,,,All,Netanya,MovieLand,601
13:15,Spider-Man: Brand New Day,ספיידרמן: יום חדש,https://movieland.co.il/order/?eventID=145553&theaterId=1292,https://movieland.co.il/order/?eventID=145553&theaterId=1292,Regular,2D,English,,2026-08-18,2026,,,,All,Netanya,MovieLand,601
14:45,Spider-Man: Brand New Day,ספיידרמן: יום חדש,https://movieland.co.il/order/?eventID=145562&theaterId=1292,https://movieland.co.il/order/?eventID=145562&theaterId=1292,Regular,2D,English,,2026-08-18,2026,,,,All,Netanya,MovieLand,601
16:00,Spider-Man: Brand New Day,ספיידרמן: יום חדש,https://movieland.co.il/order/?eventID=145558&theaterId=1292,https://movieland.co.il/order/?eventID=145558&theaterId=1292,Regular,2D,English,,2026-08-18,2026,,,,All,Netanya,MovieLand,601
16:20,Spider-Man: Brand New Day,ספיידרמן: יום חדש,https://movieland.co.il/order/?eventID=145555&theaterId=1292,https://movieland.co.il/order/?eventID=145555&theaterId=1292,Regular,2D,English,,2026-08-18,2026,,,,All,Netanya,MovieLand,601
16:55,Spider-Man: Brand New Day,ספיידרמן: יום חדש,https://movieland.co.il/order/?eventID=145557&theaterId=1292,https://movieland.co.il/order/?eventID=145557&theaterId=1292,Upgrade,2D,English,,2026-08-18,2026,,,,All,Netanya,MovieLand,601
17:50,Spider-Man: Brand New Day,ספיידרמן: יום חדש,https://movieland.co.il/order/?eventID=145579&theaterId=1292,https://movieland.co.il/order/?eventID=145579&theaterId=1292,Regular,2D,English,,2026-08-18,2026,,,,All,Netanya,MovieLand,601
19:05,Spider-Man: Brand New Day,ספיידרמן: יום חדש,https://movieland.co.il/order/?eventID=145559&theaterId=1292,https://movieland.co.il/order/?eventID=145559&theaterId=1292,Regular,2D,English,,2026-08-18,2026,,,,All,Netanya,MovieLand,601
20:00,Spider-Man: Brand New Day,ספיידרמן: יום חדש,https://movieland.co.il/order/?eventID=145560&theaterId=1292,https://movieland.co.il/order/?eventID=145560&theaterId=1292,Upgrade,2D,English,,2026-08-18,2026,,,,All,Netanya,MovieLand,601
20:55,Spider-Man: Brand New Day,ספיידרמן: יום חדש,https://movieland.co.il/order/?eventID=145561&theaterId=1292,https://movieland.co.il/order/?eventID=145561&theaterId=1292,Regular,2D,English,,2026-08-18,2026,,,,All,Netanya,MovieLand,601
22:10,Spider-Man: Brand New Day,ספיידרמן: יום חדש,https://movieland.co.il/order/?eventID=145556&theaterId=1292,https://movieland.co.il/order/?eventID=145556&theaterId=1292,Regular,2D,English,,2026-08-18,2026,,,,All,Netanya,MovieLand,601
22:45,Spider-Man: Brand New Day,ספיידרמן: יום חדש,https://movieland.co.il/order/?eventID=145594&theaterId=1292,https://movieland.co.il/order/?eventID=145594&theaterId=1292,Upgrade,2D,English,,2026-08-18,2026,,,,All,Netanya,MovieLand,601
23:05,Spider-Man: Brand New Day,ספיידרמן: יום חדש,https://movieland.co.il/order/?eventID=145584&theaterId=1292,https://movieland.co.il/order/?eventID=145584&theaterId=1292,Upgrade,2D,English,,2026-08-18,2026,,,,All,Netanya,MovieLand,601
14:35,The Odyssey,האודיסאה,https://movieland.co.il/order/?eventID=145607&theaterId=1292,https://movieland.co.il/order/?eventID=145607&theaterId=1292,Regular,2D,English,,2026-08-18,2026,,,,14+,Netanya,MovieLand,601
18:10,The Odyssey,האודיסאה,https://movieland.co.il/order/?eventID=145551&theaterId=1292,https://movieland.co.il/order/?eventID=145551&theaterId=1292,Upgrade,2D,English,,2026-08-18,2026,,,,14+,Netanya,MovieLand,601
19:10,The Odyssey,האודיסאה,https://movieland.co.il/order/?eventID=145552&theaterId=1292,https://movieland.co.il/order/?eventID=145552&theaterId=1292,Upgrade,2D,English,,2026-08-18,2026,,,,14+,Netanya,MovieLand,601
21:40,The Odyssey,האודיסאה,https://movieland.co.il/order/?eventID=145550&theaterId=1292,https://movieland.co.il/order/?eventID=145550&theaterId=1292,Upgrade,2D,English,,2026-08-18,2026,,,,14+,Netanya,MovieLand,601
22:10,The Odyssey,האודיסאה,https://movieland.co.il/order/?eventID=145603&theaterId=1292,https://movieland.co.il/order/?eventID=145603&theaterId=1292,Regular,2D,English,,2026-08-18,2026,,,,14+,Netanya,MovieLand,601
10:35,Paw Patrol: The Dino Movie,מפרץ ההרפתקאות: אי הדינוזאורים,https://movieland.co.il/order/?eventID=145574&theaterId=1292,https://movieland.co.il/order/?eventID=145574&theaterId=1292,Upgrade,2D,English,Hebrew,2026-08-18,2026,,,,All,Netanya,MovieLand,601
12:40,Paw Patrol: The Dino Movie,מפרץ ההרפתקאות: אי הדינוזאורים,https://movieland.co.il/order/?eventID=145573&theaterId=1292,https://movieland.co.il/order/?eventID=145573&theaterId=1292,Upgrade,2D,English,Hebrew,2026-08-18,2026,,,,All,Netanya,MovieLand,601
14:50,Paw Patrol: The Dino Movie,מפרץ ההרפתקאות: אי הדינוזאורים,https://movieland.co.il/order/?eventID=145572&theaterId=1292,https://movieland.co.il/order/?eventID=145572&theaterId=1292,Upgrade,2D,English,Hebrew,2026-08-18,2026,,,,All,Netanya,MovieLand,601
10:30,Minions & Monsters,מיניונים ומפלצות,https://movieland.co.il/order/?eventID=145565&theaterId=1292,https://movieland.co.il/order/?eventID=145565&theaterId=1292,Upgrade,2D,English,Hebrew,2026-08-18,2026,,,,All,Netanya,MovieLand,601
12:40,Minions & Monsters,מיניונים ומפלצות,https://movieland.co.il/order/?eventID=145564&theaterId=1292,https://movieland.co.il/order/?eventID=145564&theaterId=1292,Upgrade,2D,English,Hebrew,2026-08-18,2026,,,,All,Netanya,MovieLand,601
14:50,Minions & Monsters,מיניונים ומפלצות,https://movieland.co.il/order/?eventID=145563&theaterId=1292,https://movieland.co.il/order/?eventID=145563&theaterId=1292,Upgrade,2D,English,Hebrew,2026-08-18,2026,,,,All,Netanya,MovieLand,601
17:00,Minions & Monsters,מיניונים ומפלצות,https://movieland.co.il/order/?eventID=145566&theaterId=1292,https://movieland.co.il/order/?eventID=145566&theaterId=1292,Upgrade,2D,English,Hebrew,2026-08-18,2026,,,,All,Netanya,MovieLand,601
21:20,Fuze,פיוז,https://movieland.co.il/order/?eventID=145582&theaterId=1292,https://movieland.co.il/order/?eventID=145582&theaterId=1292,Regular,2D,English,,2026-08-18,2026,,,,12+,Netanya,MovieLand,601
23:40,Fuze,פיוז,https://movieland.co.il/order/?eventID=145587&theaterId=1292,https://movieland.co.il/order/?eventID=145587&theaterId=1292,Regular,2D,English,,2026-08-18,2026,,,,12+,Netanya,MovieLand,601
13:50,Marsupilami,מרסופילאמי,https://movieland.co.il/order/?eventID=145576&theaterId=1292,https://movieland.co.il/order/?eventID=145576&theaterId=1292,Regular,2D,French,Hebrew,2026-08-18,2025,,,,All,Netanya,MovieLand,601
00:00,Ice Cream Man,איש הגלידה,https://movieland.co.il/order/?eventID=145588&theaterId=1292,https://movieland.co.il/order/?eventID=145588&theaterId=1292,Regular,2D,English,,2026-08-18,2026,,,,18+,Netanya,MovieLand,601
11:35,Valley of Shadows,בחזרה מההימלאיה,https://movieland.co.il/order/?eventID=145601&theaterId=1292,https://movieland.co.il/order/?eventID=145601&theaterId=1292,Regular,2D,ספרדית,,2026-08-18,2025,,,,12+,Netanya,MovieLand,601
14:15,Valley of Shadows,בחזרה מההימלאיה,https://movieland.co.il/order/?eventID=145591&theaterId=1292,https://movieland.co.il/order/?eventID=145591&theaterId=1292,Regular,2D,ספרדית,,2026-08-18,2025,,,,12+,Netanya,MovieLand,601
19:25,Valley of Shadows,בחזרה מההימלאיה,https://movieland.co.il/order/?eventID=145602&theaterId=1292,https://movieland.co.il/order/?eventID=145602&theaterId=1292,Regular,2D,ספרדית,,2026-08-18,2025,,,,12+,Netanya,MovieLand,601
11:15,האחד והיחיד שלי,האחד והיחיד שלי,https://movieland.co.il/order/?eventID=145598&theaterId=1292,https://movieland.co.il/order/?eventID=145598&theaterId=1292,Regular,2D,Hebrew,,2026-08-18,2026,,,,All,Netanya,MovieLand,601
18:35,האחד והיחיד שלי,האחד והיחיד שלי,https://movieland.co.il/order/?eventID=145590&theaterId=1292,https://movieland.co.il/order/?eventID=145590&theaterId=1292,Regular,2D,Hebrew,,2026-08-18,2026,,,,All,Netanya,MovieLand,601
11:00,"Damned if you do, damned if you don’t",המשפחה האיטלקית שלי,https://movieland.co.il/order/?eventID=145600&theaterId=1292,https://movieland.co.il/order/?eventID=145600&theaterId=1292,Regular,2D,איטלקית,,2026-08-18,2025,,,,All,Netanya,MovieLand,601
14:00,"Damned if you do, damned if you don’t",המשפחה האיטלקית שלי,https://movieland.co.il/order/?eventID=145608&theaterId=1292,https://movieland.co.il/order/?eventID=145608&theaterId=1292,Regular,2D,איטלקית,,2026-08-18,2025,,,,All,Netanya,MovieLand,601
19:00,"Damned if you do, damned if you don’t",המשפחה האיטלקית שלי,https://movieland.co.il/order/?eventID=145599&theaterId=1292,https://movieland.co.il/order/?eventID=145599&theaterId=1292,Regular,2D,איטלקית,,2026-08-18,2025,,,,All,Netanya,MovieLand,601
11:10,Bitter Christmas,חג מולד מר,https://movieland.co.il/order/?eventID=145597&theaterId=1292,https://movieland.co.il/order/?eventID=145597&theaterId=1292,Regular,2D,ספרדית,,2026-08-18,2026,,,,All,Netanya,MovieLand,601
13:45,Bitter Christmas,חג מולד מר,https://movieland.co.il/order/?eventID=145596&theaterId=1292,https://movieland.co.il/order/?eventID=145596&theaterId=1292,Regular,2D,ספרדית,,2026-08-18,2026,,,,All,Netanya,MovieLand,601
19:00,Bitter Christmas,חג מולד מר,https://movieland.co.il/order/?eventID=145595&theaterId=1292,https://movieland.co.il/order/?eventID=145595&theaterId=1292,Regular,2D,ספרדית,,2026-08-18,2026,,,,All,Netanya,MovieLand,601
15:55,קופה ראשית: הסרט,קופה ראשית: הסרט,https://movieland.co.il/order/?eventID=145578&theaterId=1292,https://movieland.co.il/order/?eventID=145578&theaterId=1292,Upgrade,2D,Hebrew,,2026-08-18,2026,,,,All,Netanya,MovieLand,601
21:10,גבעה 338,גבעה 338,https://movieland.co.il/order/?eventID=145577&theaterId=1292,https://movieland.co.il/order/?eventID=145577&theaterId=1292,Regular,2D,Hebrew,,2026-08-18,2026,,,,9+,Netanya,MovieLand,601
13:40,סולטיז הסרט - וולוג ה-100,סולטיז הסרט - וולוג ה-100,https://movieland.co.il/order/?eventID=145570&theaterId=1292,https://movieland.co.il/order/?eventID=145570&theaterId=1292,Regular,2D,Hebrew,,2026-08-18,2026,,,,All,Netanya,MovieLand,601
18:05,סולטיז הסרט - וולוג ה-100,סולטיז הסרט - וולוג ה-100,https://movieland.co.il/order/?eventID=145592&theaterId=1292,https://movieland.co.il/order/?eventID=145592&theaterId=1292,Regular,2D,Hebrew,,2026-08-18,2026,,,,All,Netanya,MovieLand,601
11:00,Toy Story 5,צעצוע של סיפור 5,https://movieland.co.il/order/?eventID=145569&theaterId=1292,https://movieland.co.il/order/?eventID=145569&theaterId=1292,Upgrade,2D,English,Hebrew,2026-08-18,2026,,,,All,Netanya,MovieLand,601
13:30,Toy Story 5,צעצוע של סיפור 5,https://movieland.co.il/order/?eventID=145568&theaterId=1292,https://movieland.co.il/order/?eventID=145568&theaterId=1292,Upgrade,2D,English,Hebrew,2026-08-18,2026,,,,All,Netanya,MovieLand,601
21:20,Obsession,אובססיה,https://movieland.co.il/order/?eventID=145609&theaterId=1292,https://movieland.co.il/order/?eventID=145609&theaterId=1292,Regular,2D,English,,2026-08-18,2026,,,,14+,Netanya,MovieLand,601
11:20,Moana (Live Action),מואנה,https://movieland.co.il/order/?eventID=145583&theaterId=1292,https://movieland.co.il/order/?eventID=145583&theaterId=1292,Regular,2D,English,Hebrew,2026-08-18,2026,,,,All,Netanya,MovieLand,601
16:20,Moana (Live Action),מואנה,https://movieland.co.il/order/?eventID=145567&theaterId=1292,https://movieland.co.il/order/?eventID=145567&theaterId=1292,Regular,2D,English,Hebrew,2026-08-18,2026,,,,All,Netanya,MovieLand,601
11:55,Just an Illusion,אשליות מתוקות,https://movieland.co.il/order/?eventID=145606&theaterId=1292,https://movieland.co.il/order/?eventID=145606&theaterId=1292,Regular,2D,French,,2026-08-18,2026,,,,All,Netanya,MovieLand,601
11:20,A Missing Part,החלק החסר,https://movieland.co.il/order/?eventID=145604&theaterId=1292,https://movieland.co.il/order/?eventID=145604&theaterId=1292,Regular,2D,French,,2026-08-18,2024,,,,All,Netanya,MovieLand,601
16:55,A Missing Part,החלק החסר,https://movieland.co.il/order/?eventID=145605&theaterId=1292,https://movieland.co.il/order/?eventID=145605&theaterId=1292,Regular,2D,French,,2026-08-18,2024,,,,All,Netanya,MovieLand,601
16:20,For the Love of a Woman,כימים אחדים,https://movieland.co.il/order/?eventID=145734&theaterId=1292,https://movieland.co.il/order/?eventID=145734&theaterId=1292,Regular,2D,English,,2026-08-18,2025,,,,9+,Netanya,MovieLand,601
16:10,The ties that bind us,מה שמחבר בינינו,https://movieland.co.il/order/?eventID=145733&theaterId=1292,https://movieland.co.il/order/?eventID=145733&theaterId=1292,Regular,2D,French,,2026-08-18,2024,,,,All,Netanya,MovieLand,601
19:05,One night only,לגמור את הלילה,https://movieland.co.il/order/?eventID=145367&theaterId=1292,https://movieland.co.il/order/?eventID=145367&theaterId=1292,Regular,2D,English,,2026-08-19,2026,,,,14+,Netanya,MovieLand,601
22:35,One night only,לגמור את הלילה,https://movieland.co.il/order/?eventID=145356&theaterId=1292,https://movieland.co.il/order/?eventID=145356&theaterId=1292,Regular,2D,English,,2026-08-19,2026,,,,14+,Netanya,MovieLand,601
23:35,One night only,לגמור את הלילה,https://movieland.co.il/order/?eventID=145352&theaterId=1292,https://movieland.co.il/order/?eventID=145352&theaterId=1292,Regular,2D,English,,2026-08-19,2026,,,,14+,Netanya,MovieLand,601
14:30,End of Oak street,סוף רחוב האלון,https://movieland.co.il/order/?eventID=145343&theaterId=1292,https://movieland.co.il/order/?eventID=145343&theaterId=1292,Regular,2D,English,,2026-08-19,2026,,,,12+,Netanya,MovieLand,601
19:15,End of Oak street,סוף רחוב האלון,https://movieland.co.il/order/?eventID=145341&theaterId=1292,https://movieland.co.il/order/?eventID=145341&theaterId=1292,Regular,2D,English,,2026-08-19,2026,,,,12+,Netanya,MovieLand,601
21:35,End of Oak street,סוף רחוב האלון,https://movieland.co.il/order/?eventID=145342&theaterId=1292,https://movieland.co.il/order/?eventID=145342&theaterId=1292,Regular,2D,English,,2026-08-19,2026,,,,12+,Netanya,MovieLand,601
23:55,End of Oak street,סוף רחוב האלון,https://movieland.co.il/order/?eventID=145353&theaterId=1292,https://movieland.co.il/order/?eventID=145353&theaterId=1292,Regular,2D,English,,2026-08-19,2026,,,,12+,Netanya,MovieLand,601
11:40,Spider-Man: Brand New Day,ספיידרמן: יום חדש,https://movieland.co.il/order/?eventID=145311&theaterId=1292,https://movieland.co.il/order/?eventID=145311&theaterId=1292,Regular,2D,English,,2026-08-19,2026,,,,All,Netanya,MovieLand,601
13:10,Spider-Man: Brand New Day,ספיידרמן: יום חדש,https://movieland.co.il/order/?eventID=145310&theaterId=1292,https://movieland.co.il/order/?eventID=145310&theaterId=1292,Regular,2D,English,,2026-08-19,2026,,,,All,Netanya,MovieLand,601
14:45,Spider-Man: Brand New Day,ספיידרמן: יום חדש,https://movieland.co.il/order/?eventID=145321&theaterId=1292,https://movieland.co.il/order/?eventID=145321&theaterId=1292,Regular,2D,English,,2026-08-19,2026,,,,All,Netanya,MovieLand,601
16:00,Spider-Man: Brand New Day,ספיידרמן: יום חדש,https://movieland.co.il/order/?eventID=145316&theaterId=1292,https://movieland.co.il/order/?eventID=145316&theaterId=1292,Regular,2D,English,,2026-08-19,2026,,,,All,Netanya,MovieLand,601
16:15,Spider-Man: Brand New Day,ספיידרמן: יום חדש,https://movieland.co.il/order/?eventID=145312&theaterId=1292,https://movieland.co.il/order/?eventID=145312&theaterId=1292,Regular,2D,English,,2026-08-19,2026,,,,All,Netanya,MovieLand,601
16:55,Spider-Man: Brand New Day,ספיידרמן: יום חדש,https://movieland.co.il/order/?eventID=145315&theaterId=1292,https://movieland.co.il/order/?eventID=145315&theaterId=1292,Upgrade,2D,English,,2026-08-19,2026,,,,All,Netanya,MovieLand,601
17:50,Spider-Man: Brand New Day,ספיידרמן: יום חדש,https://movieland.co.il/order/?eventID=145340&theaterId=1292,https://movieland.co.il/order/?eventID=145340&theaterId=1292,Regular,2D,English,,2026-08-19,2026,,,,All,Netanya,MovieLand,601
19:10,Spider-Man: Brand New Day,ספיידרמן: יום חדש,https://movieland.co.il/order/?eventID=145318&theaterId=1292,https://movieland.co.il/order/?eventID=145318&theaterId=1292,Upgrade,2D,English,,2026-08-19,2026,,,,All,Netanya,MovieLand,601
19:25,Spider-Man: Brand New Day,ספיידרמן: יום חדש,https://movieland.co.il/order/?eventID=145314&theaterId=1292,https://movieland.co.il/order/?eventID=145314&theaterId=1292,Regular,2D,English,,2026-08-19,2026,,,,All,Netanya,MovieLand,601
20:00,Spider-Man: Brand New Day,ספיידרמן: יום חדש,https://movieland.co.il/order/?eventID=145319&theaterId=1292,https://movieland.co.il/order/?eventID=145319&theaterId=1292,Upgrade,2D,English,,2026-08-19,2026,,,,All,Netanya,MovieLand,601
20:55,Spider-Man: Brand New Day,ספיידרמן: יום חדש,https://movieland.co.il/order/?eventID=145320&theaterId=1292,https://movieland.co.il/order/?eventID=145320&theaterId=1292,Regular,2D,English,,2026-08-19,2026,,,,All,Netanya,MovieLand,601
21:30,Spider-Man: Brand New Day,ספיידרמן: יום חדש,https://movieland.co.il/order/?eventID=145317&theaterId=1292,https://movieland.co.il/order/?eventID=145317&theaterId=1292,Regular,2D,English,,2026-08-19,2026,,,,All,Netanya,MovieLand,601
22:15,Spider-Man: Brand New Day,ספיידרמן: יום חדש,https://movieland.co.il/order/?eventID=145362&theaterId=1292,https://movieland.co.il/order/?eventID=145362&theaterId=1292,Upgrade,2D,English,,2026-08-19,2026,,,,All,Netanya,MovieLand,601
22:30,Spider-Man: Brand New Day,ספיידרמן: יום חדש,https://movieland.co.il/order/?eventID=145313&theaterId=1292,https://movieland.co.il/order/?eventID=145313&theaterId=1292,Regular,2D,English,,2026-08-19,2026,,,,All,Netanya,MovieLand,601
23:05,Spider-Man: Brand New Day,ספיידרמן: יום חדש,https://movieland.co.il/order/?eventID=145351&theaterId=1292,https://movieland.co.il/order/?eventID=145351&theaterId=1292,Upgrade,2D,English,,2026-08-19,2026,,,,All,Netanya,MovieLand,601
18:10,The Odyssey,האודיסאה,https://movieland.co.il/order/?eventID=145309&theaterId=1292,https://movieland.co.il/order/?eventID=145309&theaterId=1292,Upgrade,2D,English,,2026-08-19,2026,,,,14+,Netanya,MovieLand,601
21:40,The Odyssey,האודיסאה,https://movieland.co.il/order/?eventID=145308&theaterId=1292,https://movieland.co.il/order/?eventID=145308&theaterId=1292,Upgrade,2D,English,,2026-08-19,2026,,,,14+,Netanya,MovieLand,601
10:35,Paw Patrol: The Dino Movie,מפרץ ההרפתקאות: אי הדינוזאורים,https://movieland.co.il/order/?eventID=145334&theaterId=1292,https://movieland.co.il/order/?eventID=145334&theaterId=1292,Upgrade,2D,English,Hebrew,2026-08-19,2026,,,,All,Netanya,MovieLand,601
12:40,Paw Patrol: The Dino Movie,מפרץ ההרפתקאות: אי הדינוזאורים,https://movieland.co.il/order/?eventID=145333&theaterId=1292,https://movieland.co.il/order/?eventID=145333&theaterId=1292,Upgrade,2D,English,Hebrew,2026-08-19,2026,,,,All,Netanya,MovieLand,601
14:50,Paw Patrol: The Dino Movie,מפרץ ההרפתקאות: אי הדינוזאורים,https://movieland.co.il/order/?eventID=145332&theaterId=1292,https://movieland.co.il/order/?eventID=145332&theaterId=1292,Upgrade,2D,English,Hebrew,2026-08-19,2026,,,,All,Netanya,MovieLand,601
16:50,Paw Patrol: The Dino Movie,מפרץ ההרפתקאות: אי הדינוזאורים,https://movieland.co.il/order/?eventID=145359&theaterId=1292,https://movieland.co.il/order/?eventID=145359&theaterId=1292,Regular,2D,English,Hebrew,2026-08-19,2026,,,,All,Netanya,MovieLand,601
10:30,Minions & Monsters,מיניונים ומפלצות,https://movieland.co.il/order/?eventID=145324&theaterId=1292,https://movieland.co.il/order/?eventID=145324&theaterId=1292,Upgrade,2D,English,Hebrew,2026-08-19,2026,,,,All,Netanya,MovieLand,601
12:40,Minions & Monsters,מיניונים ומפלצות,https://movieland.co.il/order/?eventID=145323&theaterId=1292,https://movieland.co.il/order/?eventID=145323&theaterId=1292,Upgrade,2D,English,Hebrew,2026-08-19,2026,,,,All,Netanya,MovieLand,601
14:50,Minions & Monsters,מיניונים ומפלצות,https://movieland.co.il/order/?eventID=145322&theaterId=1292,https://movieland.co.il/order/?eventID=145322&theaterId=1292,Upgrade,2D,English,Hebrew,2026-08-19,2026,,,,All,Netanya,MovieLand,601
17:00,Minions & Monsters,מיניונים ומפלצות,https://movieland.co.il/order/?eventID=145325&theaterId=1292,https://movieland.co.il/order/?eventID=145325&theaterId=1292,Upgrade,2D,English,Hebrew,2026-08-19,2026,,,,All,Netanya,MovieLand,601
21:20,Fuze,פיוז,https://movieland.co.il/order/?eventID=145344&theaterId=1292,https://movieland.co.il/order/?eventID=145344&theaterId=1292,Regular,2D,English,,2026-08-19,2026,,,,12+,Netanya,MovieLand,601
23:40,Fuze,פיוז,https://movieland.co.il/order/?eventID=145354&theaterId=1292,https://movieland.co.il/order/?eventID=145354&theaterId=1292,Regular,2D,English,,2026-08-19,2026,,,,12+,Netanya,MovieLand,601
11:35,Marsupilami,מרסופילאמי,https://movieland.co.il/order/?eventID=145364&theaterId=1292,https://movieland.co.il/order/?eventID=145364&theaterId=1292,Regular,2D,French,Hebrew,2026-08-19,2025,,,,All,Netanya,MovieLand,601
13:55,Marsupilami,מרסופילאמי,https://movieland.co.il/order/?eventID=145336&theaterId=1292,https://movieland.co.il/order/?eventID=145336&theaterId=1292,Regular,2D,French,Hebrew,2026-08-19,2025,,,,All,Netanya,MovieLand,601
16:15,Marsupilami,מרסופילאמי,https://movieland.co.il/order/?eventID=145335&theaterId=1292,https://movieland.co.il/order/?eventID=145335&theaterId=1292,Regular,2D,French,Hebrew,2026-08-19,2025,,,,All,Netanya,MovieLand,601
00:00,Ice Cream Man,איש הגלידה,https://movieland.co.il/order/?eventID=145355&theaterId=1292,https://movieland.co.il/order/?eventID=145355&theaterId=1292,Regular,2D,English,,2026-08-19,2026,,,,18+,Netanya,MovieLand,601
13:50,Valley of Shadows,בחזרה מההימלאיה,https://movieland.co.il/order/?eventID=145358&theaterId=1292,https://movieland.co.il/order/?eventID=145358&theaterId=1292,Regular,2D,ספרדית,,2026-08-19,2025,,,,12+,Netanya,MovieLand,601
22:00,האחד והיחיד שלי,האחד והיחיד שלי,https://movieland.co.il/order/?eventID=145357&theaterId=1292,https://movieland.co.il/order/?eventID=145357&theaterId=1292,Regular,2D,Hebrew,,2026-08-19,2026,,,,All,Netanya,MovieLand,601
18:35,Bitter Christmas,חג מולד מר,https://movieland.co.il/order/?eventID=145366&theaterId=1292,https://movieland.co.il/order/?eventID=145366&theaterId=1292,Regular,2D,ספרדית,,2026-08-19,2026,,,,All,Netanya,MovieLand,601
14:45,קופה ראשית: הסרט,קופה ראשית: הסרט,https://movieland.co.il/order/?eventID=145339&theaterId=1292,https://movieland.co.il/order/?eventID=145339&theaterId=1292,Regular,2D,Hebrew,,2026-08-19,2026,,,,All,Netanya,MovieLand,601
15:55,קופה ראשית: הסרט,קופה ראשית: הסרט,https://movieland.co.il/order/?eventID=145338&theaterId=1292,https://movieland.co.il/order/?eventID=145338&theaterId=1292,Upgrade,2D,Hebrew,,2026-08-19,2026,,,,All,Netanya,MovieLand,601
17:00,קופה ראשית: הסרט,קופה ראשית: הסרט,https://movieland.co.il/order/?eventID=145348&theaterId=1292,https://movieland.co.il/order/?eventID=145348&theaterId=1292,Regular,2D,Hebrew,,2026-08-19,2026,,,,All,Netanya,MovieLand,601
21:10,גבעה 338,גבעה 338,https://movieland.co.il/order/?eventID=145337&theaterId=1292,https://movieland.co.il/order/?eventID=145337&theaterId=1292,Regular,2D,Hebrew,,2026-08-19,2026,,,,9+,Netanya,MovieLand,601
11:20,סולטיז הסרט - וולוג ה-100,סולטיז הסרט - וולוג ה-100,https://movieland.co.il/order/?eventID=145329&theaterId=1292,https://movieland.co.il/order/?eventID=145329&theaterId=1292,Regular,2D,Hebrew,,2026-08-19,2026,,,,All,Netanya,MovieLand,601
13:40,סולטיז הסרט - וולוג ה-100,סולטיז הסרט - וולוג ה-100,https://movieland.co.il/order/?eventID=145330&theaterId=1292,https://movieland.co.il/order/?eventID=145330&theaterId=1292,Regular,2D,Hebrew,,2026-08-19,2026,,,,All,Netanya,MovieLand,601
12:35,STICH HEAD,פרנקי והמפלצות,https://movieland.co.il/order/?eventID=145360&theaterId=1292,https://movieland.co.il/order/?eventID=145360&theaterId=1292,Regular,2D,,Hebrew,2026-08-19,,,,,All,Netanya,MovieLand,601
11:00,Toy Story 5,צעצוע של סיפור 5,https://movieland.co.il/order/?eventID=145328&theaterId=1292,https://movieland.co.il/order/?eventID=145328&theaterId=1292,Upgrade,2D,English,Hebrew,2026-08-19,2026,,,,All,Netanya,MovieLand,601
13:30,Toy Story 5,צעצוע של סיפור 5,https://movieland.co.il/order/?eventID=145327&theaterId=1292,https://movieland.co.il/order/?eventID=145327&theaterId=1292,Upgrade,2D,English,Hebrew,2026-08-19,2026,,,,All,Netanya,MovieLand,601
11:10,Moana (Live Action),מואנה,https://movieland.co.il/order/?eventID=145349&theaterId=1292,https://movieland.co.il/order/?eventID=145349&theaterId=1292,Regular,2D,English,Hebrew,2026-08-19,2026,,,,All,Netanya,MovieLand,601
13:45,Moana (Live Action),מואנה,https://movieland.co.il/order/?eventID=145331&theaterId=1292,https://movieland.co.il/order/?eventID=145331&theaterId=1292,Regular,2D,English,Hebrew,2026-08-19,2026,,,,All,Netanya,MovieLand,601
16:20,Moana (Live Action),מואנה,https://movieland.co.il/order/?eventID=145326&theaterId=1292,https://movieland.co.il/order/?eventID=145326&theaterId=1292,Regular,2D,English,Hebrew,2026-08-19,2026,,,,All,Netanya,MovieLand,601
11:50,Tafiti: Across the Desert,טפיטי: הרפתקה במדבר,https://movieland.co.il/order/?eventID=145346&theaterId=1292,https://movieland.co.il/order/?eventID=145346&theaterId=1292,Regular,2D,German,Hebrew,2026-08-19,2025,,,,ליווי מבוגר עד גיל 8,Netanya,MovieLand,601
11:05,Three Wishes for Cinderella,סינדרלה ושלוש המשאלות,https://movieland.co.il/order/?eventID=145347&theaterId=1292,https://movieland.co.il/order/?eventID=145347&theaterId=1292,Regular,2D,,Hebrew,2026-08-19,2026,,,,All,Netanya,MovieLand,601
10:30,GRACIE & PEDRO: PETS TO THE RESCUE,גרייסי ופדרו: חיות המחמד בפעולה,https://movieland.co.il/order/?eventID=145350&theaterId=1292,https://movieland.co.il/order/?eventID=145350&theaterId=1292,Regular,2D,,Hebrew,2026-08-19,,,,,All,Netanya,MovieLand,601
19:00,НА КРАЮ ОУК-СТРИТ,НА КРАЮ ОУК-СТРИТ,https://movieland.co.il/order/?eventID=145345&theaterId=1292,https://movieland.co.il/order/?eventID=145345&theaterId=1292,Regular,2D,английский,,2026-08-19,,,,,12+,Netanya,MovieLand,601
18:55,ЧЕЛОВЕК-ПАУК: НОВЫЙ ДЕНЬ,ЧЕЛОВЕК-ПАУК: НОВЫЙ ДЕНЬ,https://movieland.co.il/order/?eventID=145365&theaterId=1292,https://movieland.co.il/order/?eventID=145365&theaterId=1292,Regular,2D,английский,,2026-08-19,2026,,,,Нет возрастных ограничений,Netanya,MovieLand,601
12:00,The Magical Faraway Tree,המסע המופלא לעץ הקסמים,https://movieland.co.il/order/?eventID=145361&theaterId=1292,https://movieland.co.il/order/?eventID=145361&theaterId=1292,Regular,2D,English,Hebrew,2026-08-19,2026,,,,All,Netanya,MovieLand,601
16:35,תיכון מגשימים,תיכון מגשימים,https://movieland.co.il/order/?eventID=145363&theaterId=1292,https://movieland.co.il/order/?eventID=145363&theaterId=1292,Regular,2D,Hebrew,,2026-08-19,2026,,,,12+,Netanya,MovieLand,601
21:00,MovieRetro- לב אמיץ,MovieRetro- לב אמיץ,https://movieland.co.il/order/?eventID=145307&theaterId=1292,https://movieland.co.il/order/?eventID=145307&theaterId=1292,Regular,2D,English,,2026-08-27,1995,,,,,Netanya,MovieLand,601
19:30,MovieRetro- הזאב מוול סטריט,MovieRetro- הזאב מוול סטריט,https://movieland.co.il/order/?eventID=137635&theaterId=1292,https://movieland.co.il/order/?eventID=137635&theaterId=1292,Upgrade,2D,English,,2026-09-03,2013,,,,,Netanya,MovieLand,601
20:30,НА КРАЮ ОУК-СТРИТ,НА КРАЮ ОУК-СТРИТ,https://movieland.co.il/order/?eventID=143&theaterId=1295,https://movieland.co.il/order/?eventID=143&theaterId=1295,Regular,2D,английский,,2026-08-14,,,,,12+,"עזריאלי ת""א- Summer Sky",MovieLand,601
20:30,End of Oak street,סוף רחוב האלון,https://movieland.co.il/order/?eventID=165&theaterId=1295,https://movieland.co.il/order/?eventID=165&theaterId=1295,Regular,2D,English,,2026-08-16,2026,,,,12+,"עזריאלי ת""א- Summer Sky",MovieLand,601
20:30,Valley of Shadows,בחזרה מההימלאיה,https://movieland.co.il/order/?eventID=160&theaterId=1295,https://movieland.co.il/order/?eventID=160&theaterId=1295,Regular,2D,ספרדית,,2026-08-17,2025,,,,12+,"עזריאלי ת""א- Summer Sky",MovieLand,601
20:30,Spider-Man: Brand New Day,ספיידרמן: יום חדש,https://movieland.co.il/order/?eventID=164&theaterId=1295,https://movieland.co.il/order/?eventID=164&theaterId=1295,Regular,2D,English,,2026-08-18,2026,,,,All,"עזריאלי ת""א- Summer Sky",MovieLand,601
20:30,ЧЕЛОВЕК-ПАУК: НОВЫЙ ДЕНЬ,ЧЕЛОВЕК-ПАУК: НОВЫЙ ДЕНЬ,https://movieland.co.il/order/?eventID=163&theaterId=1295,https://movieland.co.il/order/?eventID=163&theaterId=1295,Regular,2D,английский,,2026-08-19,2026,,,,Нет возрастных ограничений,"עזריאלי ת""א- Summer Sky",MovieLand,601
20:30,ЧЕЛОВЕК-ПАУК: НОВЫЙ ДЕНЬ,ЧЕЛОВЕК-ПАУК: НОВЫЙ ДЕНЬ,https://movieland.co.il/order/?eventID=145&theaterId=1295,https://movieland.co.il/order/?eventID=145&theaterId=1295,Regular,2D,английский,,2026-08-21,2026,,,,Нет возрастных ограничений,"עזריאלי ת""א- Summer Sky",MovieLand,601
23:45,One night only,לגמור את הלילה,https://movieland.co.il/order/?eventID=35670&theaterId=1294,https://movieland.co.il/order/?eventID=35670&theaterId=1294,Regular,2D,English,,2026-08-13,2026,,,,14+,Afula,MovieLand,601
00:10,End of Oak street,סוף רחוב האלון,https://movieland.co.il/order/?eventID=35680&theaterId=1294,https://movieland.co.il/order/?eventID=35680&theaterId=1294,Regular,2D,English,,2026-08-13,2026,,,,12+,Afula,MovieLand,601
23:55,Fuze,פיוז,https://movieland.co.il/order/?eventID=35682&theaterId=1294,https://movieland.co.il/order/?eventID=35682&theaterId=1294,Regular,2D,English,,2026-08-13,2026,,,,12+,Afula,MovieLand,601
00:20,Ice Cream Man,איש הגלידה,https://movieland.co.il/order/?eventID=35693&theaterId=1294,https://movieland.co.il/order/?eventID=35693&theaterId=1294,Regular,2D,English,,2026-08-13,2026,,,,18+,Afula,MovieLand,601
00:40,גבעה 338,גבעה 338,https://movieland.co.il/order/?eventID=35677&theaterId=1294,https://movieland.co.il/order/?eventID=35677&theaterId=1294,Regular,2D,Hebrew,,2026-08-13,2026,,,,9+,Afula,MovieLand,601
21:25,One night only,לגמור את הלילה,https://movieland.co.il/order/?eventID=35856&theaterId=1294,https://movieland.co.il/order/?eventID=35856&theaterId=1294,Regular,2D,English,,2026-08-14,2026,,,,14+,Afula,MovieLand,601
23:45,One night only,לגמור את הלילה,https://movieland.co.il/order/?eventID=35857&theaterId=1294,https://movieland.co.il/order/?eventID=35857&theaterId=1294,Regular,2D,English,,2026-08-14,2026,,,,14+,Afula,MovieLand,601
19:30,End of Oak street,סוף רחוב האלון,https://movieland.co.il/order/?eventID=35865&theaterId=1294,https://movieland.co.il/order/?eventID=35865&theaterId=1294,Regular,2D,English,,2026-08-14,2026,,,,12+,Afula,MovieLand,601
21:50,End of Oak street,סוף רחוב האלון,https://movieland.co.il/order/?eventID=35866&theaterId=1294,https://movieland.co.il/order/?eventID=35866&theaterId=1294,Regular,2D,English,,2026-08-14,2026,,,,12+,Afula,MovieLand,601
00:10,End of Oak street,סוף רחוב האלון,https://movieland.co.il/order/?eventID=35867&theaterId=1294,https://movieland.co.il/order/?eventID=35867&theaterId=1294,Regular,2D,English,,2026-08-14,2026,,,,12+,Afula,MovieLand,601
12:00,Spider-Man: Brand New Day,ספיידרמן: יום חדש,https://movieland.co.il/order/?eventID=35851&theaterId=1294,https://movieland.co.il/order/?eventID=35851&theaterId=1294,Regular,2D,English,,2026-08-14,2026,,,,All,Afula,MovieLand,601
15:05,Spider-Man: Brand New Day,ספיידרמן: יום חדש,https://movieland.co.il/order/?eventID=35842&theaterId=1294,https://movieland.co.il/order/?eventID=35842&theaterId=1294,Regular,2D,English,,2026-08-14,2026,,,,All,Afula,MovieLand,601
17:05,Spider-Man: Brand New Day,ספיידרמן: יום חדש,https://movieland.co.il/order/?eventID=35845&theaterId=1294,https://movieland.co.il/order/?eventID=35845&theaterId=1294,Upgrade,2D,English,,2026-08-14,2026,,,,All,Afula,MovieLand,601
18:10,Spider-Man: Brand New Day,ספיידרמן: יום חדש,https://movieland.co.il/order/?eventID=35843&theaterId=1294,https://movieland.co.il/order/?eventID=35843&theaterId=1294,Regular,2D,English,,2026-08-14,2026,,,,All,Afula,MovieLand,601
20:10,Spider-Man: Brand New Day,ספיידרמן: יום חדש,https://movieland.co.il/order/?eventID=35844&theaterId=1294,https://movieland.co.il/order/?eventID=35844&theaterId=1294,Upgrade,2D,English,,2026-08-14,2026,,,,All,Afula,MovieLand,601
21:15,Spider-Man: Brand New Day,ספיידרמן: יום חדש,https://movieland.co.il/order/?eventID=35852&theaterId=1294,https://movieland.co.il/order/?eventID=35852&theaterId=1294,Regular,2D,English,,2026-08-14,2026,,,,All,Afula,MovieLand,601
21:35,Spider-Man: Brand New Day,ספיידרמן: יום חדש,https://movieland.co.il/order/?eventID=35846&theaterId=1294,https://movieland.co.il/order/?eventID=35846&theaterId=1294,Regular,2D,English,,2026-08-14,2026,,,,All,Afula,MovieLand,601
23:15,Spider-Man: Brand New Day,ספיידרמן: יום חדש,https://movieland.co.il/order/?eventID=35847&theaterId=1294,https://movieland.co.il/order/?eventID=35847&theaterId=1294,Upgrade,2D,English,,2026-08-14,2026,,,,All,Afula,MovieLand,601
18:00,The Odyssey,האודיסאה,https://movieland.co.il/order/?eventID=35834&theaterId=1294,https://movieland.co.il/order/?eventID=35834&theaterId=1294,Upgrade,2D,English,,2026-08-14,2026,,,,14+,Afula,MovieLand,601
21:35,The Odyssey,האודיסאה,https://movieland.co.il/order/?eventID=35835&theaterId=1294,https://movieland.co.il/order/?eventID=35835&theaterId=1294,Upgrade,2D,English,,2026-08-14,2026,,,,14+,Afula,MovieLand,601
10:35,Paw Patrol: The Dino Movie,מפרץ ההרפתקאות: אי הדינוזאורים,https://movieland.co.il/order/?eventID=35855&theaterId=1294,https://movieland.co.il/order/?eventID=35855&theaterId=1294,Upgrade,2D,English,Hebrew,2026-08-14,2026,,,,All,Afula,MovieLand,601
12:45,Paw Patrol: The Dino Movie,מפרץ ההרפתקאות: אי הדינוזאורים,https://movieland.co.il/order/?eventID=35854&theaterId=1294,https://movieland.co.il/order/?eventID=35854&theaterId=1294,Upgrade,2D,English,Hebrew,2026-08-14,2026,,,,All,Afula,MovieLand,601
14:55,Paw Patrol: The Dino Movie,מפרץ ההרפתקאות: אי הדינוזאורים,https://movieland.co.il/order/?eventID=35853&theaterId=1294,https://movieland.co.il/order/?eventID=35853&theaterId=1294,Upgrade,2D,English,Hebrew,2026-08-14,2026,,,,All,Afula,MovieLand,601
17:05,Paw Patrol: The Dino Movie,מפרץ ההרפתקאות: אי הדינוזאורים,https://movieland.co.il/order/?eventID=35858&theaterId=1294,https://movieland.co.il/order/?eventID=35858&theaterId=1294,Regular,2D,English,Hebrew,2026-08-14,2026,,,,All,Afula,MovieLand,601
11:30,Minions & Monsters,מיניונים ומפלצות,https://movieland.co.il/order/?eventID=35839&theaterId=1294,https://movieland.co.il/order/?eventID=35839&theaterId=1294,Upgrade,2D,English,Hebrew,2026-08-14,2026,,,,All,Afula,MovieLand,601
13:40,Minions & Monsters,מיניונים ומפלצות,https://movieland.co.il/order/?eventID=35840&theaterId=1294,https://movieland.co.il/order/?eventID=35840&theaterId=1294,Upgrade,2D,English,Hebrew,2026-08-14,2026,,,,All,Afula,MovieLand,601
15:50,Minions & Monsters,מיניונים ומפלצות,https://movieland.co.il/order/?eventID=35841&theaterId=1294,https://movieland.co.il/order/?eventID=35841&theaterId=1294,Upgrade,2D,English,Hebrew,2026-08-14,2026,,,,All,Afula,MovieLand,601
13:40,Fuze,פיוז,https://movieland.co.il/order/?eventID=35879&theaterId=1294,https://movieland.co.il/order/?eventID=35879&theaterId=1294,Regular,2D,English,,2026-08-14,2026,,,,12+,Afula,MovieLand,601
22:45,Fuze,פיוז,https://movieland.co.il/order/?eventID=35868&theaterId=1294,https://movieland.co.il/order/?eventID=35868&theaterId=1294,Regular,2D,English,,2026-08-14,2026,,,,12+,Afula,MovieLand,601
00:40,Fuze,פיוז,https://movieland.co.il/order/?eventID=35869&theaterId=1294,https://movieland.co.il/order/?eventID=35869&theaterId=1294,Regular,2D,English,,2026-08-14,2026,,,,12+,Afula,MovieLand,601
10:35,Marsupilami,מרסופילאמי,https://movieland.co.il/order/?eventID=35874&theaterId=1294,https://movieland.co.il/order/?eventID=35874&theaterId=1294,Regular,2D,French,Hebrew,2026-08-14,2025,,,,All,Afula,MovieLand,601
12:55,Marsupilami,מרסופילאמי,https://movieland.co.il/order/?eventID=35862&theaterId=1294,https://movieland.co.il/order/?eventID=35862&theaterId=1294,Regular,2D,French,Hebrew,2026-08-14,2025,,,,All,Afula,MovieLand,601
14:45,Marsupilami,מרסופילאמי,https://movieland.co.il/order/?eventID=35861&theaterId=1294,https://movieland.co.il/order/?eventID=35861&theaterId=1294,Regular,2D,French,Hebrew,2026-08-14,2025,,,,All,Afula,MovieLand,601
00:20,Ice Cream Man,איש הגלידה,https://movieland.co.il/order/?eventID=35872&theaterId=1294,https://movieland.co.il/order/?eventID=35872&theaterId=1294,Regular,2D,English,,2026-08-14,2026,,,,18+,Afula,MovieLand,601
14:15,Valley of Shadows,בחזרה מההימלאיה,https://movieland.co.il/order/?eventID=35870&theaterId=1294,https://movieland.co.il/order/?eventID=35870&theaterId=1294,Regular,2D,ספרדית,,2026-08-14,2025,,,,12+,Afula,MovieLand,601
14:10,Bitter Christmas,חג מולד מר,https://movieland.co.il/order/?eventID=35877&theaterId=1294,https://movieland.co.il/order/?eventID=35877&theaterId=1294,Regular,2D,ספרדית,,2026-08-14,2026,,,,All,Afula,MovieLand,601
15:15,קופה ראשית: הסרט,קופה ראשית: הסרט,https://movieland.co.il/order/?eventID=35848&theaterId=1294,https://movieland.co.il/order/?eventID=35848&theaterId=1294,Regular,2D,Hebrew,,2026-08-14,2026,,,,All,Afula,MovieLand,601
17:30,קופה ראשית: הסרט,קופה ראשית: הסרט,https://movieland.co.il/order/?eventID=35871&theaterId=1294,https://movieland.co.il/order/?eventID=35871&theaterId=1294,Regular,2D,Hebrew,,2026-08-14,2026,,,,All,Afula,MovieLand,601
16:00,גבעה 338,גבעה 338,https://movieland.co.il/order/?eventID=35878&theaterId=1294,https://movieland.co.il/order/?eventID=35878&theaterId=1294,Regular,2D,Hebrew,,2026-08-14,2026,,,,9+,Afula,MovieLand,601
19:50,גבעה 338,גבעה 338,https://movieland.co.il/order/?eventID=35859&theaterId=1294,https://movieland.co.il/order/?eventID=35859&theaterId=1294,Regular,2D,Hebrew,,2026-08-14,2026,,,,9+,Afula,MovieLand,601
22:15,גבעה 338,גבעה 338,https://movieland.co.il/order/?eventID=35860&theaterId=1294,https://movieland.co.il/order/?eventID=35860&theaterId=1294,Regular,2D,Hebrew,,2026-08-14,2026,,,,9+,Afula,MovieLand,601
00:40,גבעה 338,גבעה 338,https://movieland.co.il/order/?eventID=35864&theaterId=1294,https://movieland.co.il/order/?eventID=35864&theaterId=1294,Regular,2D,Hebrew,,2026-08-14,2026,,,,9+,Afula,MovieLand,601
11:45,סולטיז הסרט - וולוג ה-100,סולטיז הסרט - וולוג ה-100,https://movieland.co.il/order/?eventID=35849&theaterId=1294,https://movieland.co.il/order/?eventID=35849&theaterId=1294,Regular,2D,Hebrew,,2026-08-14,2026,,,,All,Afula,MovieLand,601
16:40,סולטיז הסרט - וולוג ה-100,סולטיז הסרט - וולוג ה-100,https://movieland.co.il/order/?eventID=35850&theaterId=1294,https://movieland.co.il/order/?eventID=35850&theaterId=1294,Regular,2D,Hebrew,,2026-08-14,2026,,,,All,Afula,MovieLand,601
12:25,Toy Story 5,צעצוע של סיפור 5,https://movieland.co.il/order/?eventID=35836&theaterId=1294,https://movieland.co.il/order/?eventID=35836&theaterId=1294,Regular,2D,English,Hebrew,2026-08-14,2026,,,,All,Afula,MovieLand,601
11:40,Moana (Live Action),מואנה,https://movieland.co.il/order/?eventID=35838&theaterId=1294,https://movieland.co.il/order/?eventID=35838&theaterId=1294,Regular,2D,English,Hebrew,2026-08-14,2026,,,,All,Afula,MovieLand,601
16:55,Moana (Live Action),מואנה,https://movieland.co.il/order/?eventID=35837&theaterId=1294,https://movieland.co.il/order/?eventID=35837&theaterId=1294,Regular,2D,English,Hebrew,2026-08-14,2026,,,,All,Afula,MovieLand,601
10:30,Tafiti: Across the Desert,טפיטי: הרפתקה במדבר,https://movieland.co.il/order/?eventID=35875&theaterId=1294,https://movieland.co.il/order/?eventID=35875&theaterId=1294,Regular,2D,German,Hebrew,2026-08-14,2025,,,,ליווי מבוגר עד גיל 8,Afula,MovieLand,601
11:35,Three Wishes for Cinderella,סינדרלה ושלוש המשאלות,https://movieland.co.il/order/?eventID=35876&theaterId=1294,https://movieland.co.il/order/?eventID=35876&theaterId=1294,Regular,2D,,Hebrew,2026-08-14,2026,,,,All,Afula,MovieLand,601
19:00,НА КРАЮ ОУК-СТРИТ,НА КРАЮ ОУК-СТРИТ,https://movieland.co.il/order/?eventID=35873&theaterId=1294,https://movieland.co.il/order/?eventID=35873&theaterId=1294,Regular,2D,английский,,2026-08-14,,,,,12+,Afula,MovieLand,601
19:15,ОДИССЕЯ,ОДИССЕЯ,https://movieland.co.il/order/?eventID=35880&theaterId=1294,https://movieland.co.il/order/?eventID=35880&theaterId=1294,Regular,2D,английский,,2026-08-14,2026,,,,14+,Afula,MovieLand,601
18:30,ЧЕЛОВЕК-ПАУК: НОВЫЙ ДЕНЬ,ЧЕЛОВЕК-ПАУК: НОВЫЙ ДЕНЬ,https://movieland.co.il/order/?eventID=35833&theaterId=1294,https://movieland.co.il/order/?eventID=35833&theaterId=1294,Regular,2D,английский,,2026-08-14,2026,,,,Нет возрастных ограничений,Afula,MovieLand,601
21:25,One night only,לגמור את הלילה,https://movieland.co.il/order/?eventID=35740&theaterId=1294,https://movieland.co.il/order/?eventID=35740&theaterId=1294,Regular,2D,English,,2026-08-15,2026,,,,14+,Afula,MovieLand,601
23:45,One night only,לגמור את הלילה,https://movieland.co.il/order/?eventID=35741&theaterId=1294,https://movieland.co.il/order/?eventID=35741&theaterId=1294,Regular,2D,English,,2026-08-15,2026,,,,14+,Afula,MovieLand,601
19:30,End of Oak street,סוף רחוב האלון,https://movieland.co.il/order/?eventID=35750&theaterId=1294,https://movieland.co.il/order/?eventID=35750&theaterId=1294,Regular,2D,English,,2026-08-15,2026,,,,12+,Afula,MovieLand,601
21:50,End of Oak street,סוף רחוב האלון,https://movieland.co.il/order/?eventID=35751&theaterId=1294,https://movieland.co.il/order/?eventID=35751&theaterId=1294,Regular,2D,English,,2026-08-15,2026,,,,12+,Afula,MovieLand,601
00:10,End of Oak street,סוף רחוב האלון,https://movieland.co.il/order/?eventID=35752&theaterId=1294,https://movieland.co.il/order/?eventID=35752&theaterId=1294,Regular,2D,English,,2026-08-15,2026,,,,12+,Afula,MovieLand,601
12:00,Spider-Man: Brand New Day,ספיידרמן: יום חדש,https://movieland.co.il/order/?eventID=35765&theaterId=1294,https://movieland.co.il/order/?eventID=35765&theaterId=1294,Regular,2D,English,,2026-08-15,2026,,,,All,Afula,MovieLand,601
15:05,Spider-Man: Brand New Day,ספיידרמן: יום חדש,https://movieland.co.il/order/?eventID=35775&theaterId=1294,https://movieland.co.il/order/?eventID=35775&theaterId=1294,Regular,2D,English,,2026-08-15,2026,,,,All,Afula,MovieLand,601
17:05,Spider-Man: Brand New Day,ספיידרמן: יום חדש,https://movieland.co.il/order/?eventID=35772&theaterId=1294,https://movieland.co.il/order/?eventID=35772&theaterId=1294,Upgrade,2D,English,,2026-08-15,2026,,,,All,Afula,MovieLand,601
18:10,Spider-Man: Brand New Day,ספיידרמן: יום חדש,https://movieland.co.il/order/?eventID=35774&theaterId=1294,https://movieland.co.il/order/?eventID=35774&theaterId=1294,Regular,2D,English,,2026-08-15,2026,,,,All,Afula,MovieLand,601
19:15,Spider-Man: Brand New Day,ספיידרמן: יום חדש,https://movieland.co.il/order/?eventID=35771&theaterId=1294,https://movieland.co.il/order/?eventID=35771&theaterId=1294,Regular,2D,English,,2026-08-15,2026,,,,All,Afula,MovieLand,601
20:10,Spider-Man: Brand New Day,ספיידרמן: יום חדש,https://movieland.co.il/order/?eventID=35773&theaterId=1294,https://movieland.co.il/order/?eventID=35773&theaterId=1294,Upgrade,2D,English,,2026-08-15,2026,,,,All,Afula,MovieLand,601
21:15,Spider-Man: Brand New Day,ספיידרמן: יום חדש,https://movieland.co.il/order/?eventID=35764&theaterId=1294,https://movieland.co.il/order/?eventID=35764&theaterId=1294,Regular,2D,English,,2026-08-15,2026,,,,All,Afula,MovieLand,601
22:20,Spider-Man: Brand New Day,ספיידרמן: יום חדש,https://movieland.co.il/order/?eventID=35770&theaterId=1294,https://movieland.co.il/order/?eventID=35770&theaterId=1294,Regular,2D,English,,2026-08-15,2026,,,,All,Afula,MovieLand,601
23:15,Spider-Man: Brand New Day,ספיידרמן: יום חדש,https://movieland.co.il/order/?eventID=35769&theaterId=1294,https://movieland.co.il/order/?eventID=35769&theaterId=1294,Upgrade,2D,English,,2026-08-15,2026,,,,All,Afula,MovieLand,601
15:00,The Odyssey,האודיסאה,https://movieland.co.il/order/?eventID=35782&theaterId=1294,https://movieland.co.il/order/?eventID=35782&theaterId=1294,Regular,2D,English,,2026-08-15,2026,,,,14+,Afula,MovieLand,601
18:00,The Odyssey,האודיסאה,https://movieland.co.il/order/?eventID=35784&theaterId=1294,https://movieland.co.il/order/?eventID=35784&theaterId=1294,Upgrade,2D,English,,2026-08-15,2026,,,,14+,Afula,MovieLand,601
21:35,The Odyssey,האודיסאה,https://movieland.co.il/order/?eventID=35783&theaterId=1294,https://movieland.co.il/order/?eventID=35783&theaterId=1294,Upgrade,2D,English,,2026-08-15,2026,,,,14+,Afula,MovieLand,601
10:35,Paw Patrol: The Dino Movie,מפרץ ההרפתקאות: אי הדינוזאורים,https://movieland.co.il/order/?eventID=35739&theaterId=1294,https://movieland.co.il/order/?eventID=35739&theaterId=1294,Upgrade,2D,English,Hebrew,2026-08-15,2026,,,,All,Afula,MovieLand,601
12:45,Paw Patrol: The Dino Movie,מפרץ ההרפתקאות: אי הדינוזאורים,https://movieland.co.il/order/?eventID=35762&theaterId=1294,https://movieland.co.il/order/?eventID=35762&theaterId=1294,Upgrade,2D,English,Hebrew,2026-08-15,2026,,,,All,Afula,MovieLand,601
14:55,Paw Patrol: The Dino Movie,מפרץ ההרפתקאות: אי הדינוזאורים,https://movieland.co.il/order/?eventID=35763&theaterId=1294,https://movieland.co.il/order/?eventID=35763&theaterId=1294,Upgrade,2D,English,Hebrew,2026-08-15,2026,,,,All,Afula,MovieLand,601
17:05,Paw Patrol: The Dino Movie,מפרץ ההרפתקאות: אי הדינוזאורים,https://movieland.co.il/order/?eventID=35742&theaterId=1294,https://movieland.co.il/order/?eventID=35742&theaterId=1294,Regular,2D,English,Hebrew,2026-08-15,2026,,,,All,Afula,MovieLand,601
11:30,Minions & Monsters,מיניונים ומפלצות,https://movieland.co.il/order/?eventID=35778&theaterId=1294,https://movieland.co.il/order/?eventID=35778&theaterId=1294,Upgrade,2D,English,Hebrew,2026-08-15,2026,,,,All,Afula,MovieLand,601
13:40,Minions & Monsters,מיניונים ומפלצות,https://movieland.co.il/order/?eventID=35777&theaterId=1294,https://movieland.co.il/order/?eventID=35777&theaterId=1294,Upgrade,2D,English,Hebrew,2026-08-15,2026,,,,All,Afula,MovieLand,601
15:50,Minions & Monsters,מיניונים ומפלצות,https://movieland.co.il/order/?eventID=35776&theaterId=1294,https://movieland.co.il/order/?eventID=35776&theaterId=1294,Upgrade,2D,English,Hebrew,2026-08-15,2026,,,,All,Afula,MovieLand,601
21:35,Fuze,פיוז,https://movieland.co.il/order/?eventID=35753&theaterId=1294,https://movieland.co.il/order/?eventID=35753&theaterId=1294,Regular,2D,English,,2026-08-15,2026,,,,12+,Afula,MovieLand,601
23:55,Fuze,פיוז,https://movieland.co.il/order/?eventID=35754&theaterId=1294,https://movieland.co.il/order/?eventID=35754&theaterId=1294,Regular,2D,English,,2026-08-15,2026,,,,12+,Afula,MovieLand,601
10:35,Marsupilami,מרסופילאמי,https://movieland.co.il/order/?eventID=35759&theaterId=1294,https://movieland.co.il/order/?eventID=35759&theaterId=1294,Regular,2D,French,Hebrew,2026-08-15,2025,,,,All,Afula,MovieLand,601
12:55,Marsupilami,מרסופילאמי,https://movieland.co.il/order/?eventID=35746&theaterId=1294,https://movieland.co.il/order/?eventID=35746&theaterId=1294,Regular,2D,French,Hebrew,2026-08-15,2025,,,,All,Afula,MovieLand,601
14:45,Marsupilami,מרסופילאמי,https://movieland.co.il/order/?eventID=35745&theaterId=1294,https://movieland.co.il/order/?eventID=35745&theaterId=1294,Regular,2D,French,Hebrew,2026-08-15,2025,,,,All,Afula,MovieLand,601
00:20,Ice Cream Man,איש הגלידה,https://movieland.co.il/order/?eventID=35757&theaterId=1294,https://movieland.co.il/order/?eventID=35757&theaterId=1294,Regular,2D,English,,2026-08-15,2026,,,,18+,Afula,MovieLand,601
14:15,Valley of Shadows,בחזרה מההימלאיה,https://movieland.co.il/order/?eventID=35755&theaterId=1294,https://movieland.co.il/order/?eventID=35755&theaterId=1294,Regular,2D,ספרדית,,2026-08-15,2025,,,,12+,Afula,MovieLand,601
12:45,"Damned if you do, damned if you don’t",המשפחה האיטלקית שלי,https://movieland.co.il/order/?eventID=35749&theaterId=1294,https://movieland.co.il/order/?eventID=35749&theaterId=1294,Regular,2D,איטלקית,,2026-08-15,2025,,,,All,Afula,MovieLand,601
14:05,Bitter Christmas,חג מולד מר,https://movieland.co.il/order/?eventID=35786&theaterId=1294,https://movieland.co.il/order/?eventID=35786&theaterId=1294,Regular,2D,ספרדית,,2026-08-15,2026,,,,All,Afula,MovieLand,601
15:15,קופה ראשית: הסרט,קופה ראשית: הסרט,https://movieland.co.il/order/?eventID=35768&theaterId=1294,https://movieland.co.il/order/?eventID=35768&theaterId=1294,Regular,2D,Hebrew,,2026-08-15,2026,,,,All,Afula,MovieLand,601
17:30,קופה ראשית: הסרט,קופה ראשית: הסרט,https://movieland.co.il/order/?eventID=35756&theaterId=1294,https://movieland.co.il/order/?eventID=35756&theaterId=1294,Regular,2D,Hebrew,,2026-08-15,2026,,,,All,Afula,MovieLand,601
19:50,גבעה 338,גבעה 338,https://movieland.co.il/order/?eventID=35743&theaterId=1294,https://movieland.co.il/order/?eventID=35743&theaterId=1294,Regular,2D,Hebrew,,2026-08-15,2026,,,,9+,Afula,MovieLand,601
22:15,גבעה 338,גבעה 338,https://movieland.co.il/order/?eventID=35744&theaterId=1294,https://movieland.co.il/order/?eventID=35744&theaterId=1294,Regular,2D,Hebrew,,2026-08-15,2026,,,,9+,Afula,MovieLand,601
00:40,גבעה 338,גבעה 338,https://movieland.co.il/order/?eventID=35748&theaterId=1294,https://movieland.co.il/order/?eventID=35748&theaterId=1294,Regular,2D,Hebrew,,2026-08-15,2026,,,,9+,Afula,MovieLand,601
11:45,סולטיז הסרט - וולוג ה-100,סולטיז הסרט - וולוג ה-100,https://movieland.co.il/order/?eventID=35767&theaterId=1294,https://movieland.co.il/order/?eventID=35767&theaterId=1294,Regular,2D,Hebrew,,2026-08-15,2026,,,,All,Afula,MovieLand,601
16:40,סולטיז הסרט - וולוג ה-100,סולטיז הסרט - וולוג ה-100,https://movieland.co.il/order/?eventID=35766&theaterId=1294,https://movieland.co.il/order/?eventID=35766&theaterId=1294,Regular,2D,Hebrew,,2026-08-15,2026,,,,All,Afula,MovieLand,601
12:25,Toy Story 5,צעצוע של סיפור 5,https://movieland.co.il/order/?eventID=35781&theaterId=1294,https://movieland.co.il/order/?eventID=35781&theaterId=1294,Regular,2D,English,Hebrew,2026-08-15,2026,,,,All,Afula,MovieLand,601
11:40,Moana (Live Action),מואנה,https://movieland.co.il/order/?eventID=35779&theaterId=1294,https://movieland.co.il/order/?eventID=35779&theaterId=1294,Regular,2D,English,Hebrew,2026-08-15,2026,,,,All,Afula,MovieLand,601
16:55,Moana (Live Action),מואנה,https://movieland.co.il/order/?eventID=35780&theaterId=1294,https://movieland.co.il/order/?eventID=35780&theaterId=1294,Regular,2D,English,Hebrew,2026-08-15,2026,,,,All,Afula,MovieLand,601
10:30,Tafiti: Across the Desert,טפיטי: הרפתקה במדבר,https://movieland.co.il/order/?eventID=35760&theaterId=1294,https://movieland.co.il/order/?eventID=35760&theaterId=1294,Regular,2D,German,Hebrew,2026-08-15,2025,,,,ליווי מבוגר עד גיל 8,Afula,MovieLand,601
10:40,Three Wishes for Cinderella,סינדרלה ושלוש המשאלות,https://movieland.co.il/order/?eventID=35761&theaterId=1294,https://movieland.co.il/order/?eventID=35761&theaterId=1294,Regular,2D,,Hebrew,2026-08-15,2026,,,,All,Afula,MovieLand,601
19:00,НА КРАЮ ОУК-СТРИТ,НА КРАЮ ОУК-СТРИТ,https://movieland.co.il/order/?eventID=35758&theaterId=1294,https://movieland.co.il/order/?eventID=35758&theaterId=1294,Regular,2D,английский,,2026-08-15,,,,,12+,Afula,MovieLand,601
18:30,ЧЕЛОВЕК-ПАУК: НОВЫЙ ДЕНЬ,ЧЕЛОВЕК-ПАУК: НОВЫЙ ДЕНЬ,https://movieland.co.il/order/?eventID=35785&theaterId=1294,https://movieland.co.il/order/?eventID=35785&theaterId=1294,Regular,2D,английский,,2026-08-15,2026,,,,Нет возрастных ограничений,Afula,MovieLand,601
21:25,One night only,לגמור את הלילה,https://movieland.co.il/order/?eventID=35916&theaterId=1294,https://movieland.co.il/order/?eventID=35916&theaterId=1294,Regular,2D,English,,2026-08-16,2026,,,,14+,Afula,MovieLand,601
23:45,One night only,לגמור את הלילה,https://movieland.co.il/order/?eventID=35917&theaterId=1294,https://movieland.co.il/order/?eventID=35917&theaterId=1294,Regular,2D,English,,2026-08-16,2026,,,,14+,Afula,MovieLand,601
21:00,End of Oak street,סוף רחוב האלון,https://movieland.co.il/order/?eventID=35886&theaterId=1294,https://movieland.co.il/order/?eventID=35886&theaterId=1294,Regular,2D,English,,2026-08-16,2026,,,,12+,Afula,MovieLand,601
23:20,End of Oak street,סוף רחוב האלון,https://movieland.co.il/order/?eventID=35887&theaterId=1294,https://movieland.co.il/order/?eventID=35887&theaterId=1294,Regular,2D,English,,2026-08-16,2026,,,,12+,Afula,MovieLand,601
12:45,Spider-Man: Brand New Day,ספיידרמן: יום חדש,https://movieland.co.il/order/?eventID=35911&theaterId=1294,https://movieland.co.il/order/?eventID=35911&theaterId=1294,Regular,2D,English,,2026-08-16,2026,,,,All,Afula,MovieLand,601
15:50,Spider-Man: Brand New Day,ספיידרמן: יום חדש,https://movieland.co.il/order/?eventID=35903&theaterId=1294,https://movieland.co.il/order/?eventID=35903&theaterId=1294,Regular,2D,English,,2026-08-16,2026,,,,All,Afula,MovieLand,601
17:05,Spider-Man: Brand New Day,ספיידרמן: יום חדש,https://movieland.co.il/order/?eventID=35905&theaterId=1294,https://movieland.co.il/order/?eventID=35905&theaterId=1294,Upgrade,2D,English,,2026-08-16,2026,,,,All,Afula,MovieLand,601
19:15,Spider-Man: Brand New Day,ספיידרמן: יום חדש,https://movieland.co.il/order/?eventID=35906&theaterId=1294,https://movieland.co.il/order/?eventID=35906&theaterId=1294,Regular,2D,English,,2026-08-16,2026,,,,All,Afula,MovieLand,601
20:10,Spider-Man: Brand New Day,ספיידרמן: יום חדש,https://movieland.co.il/order/?eventID=35904&theaterId=1294,https://movieland.co.il/order/?eventID=35904&theaterId=1294,Upgrade,2D,English,,2026-08-16,2026,,,,All,Afula,MovieLand,601
21:10,Spider-Man: Brand New Day,ספיידרמן: יום חדש,https://movieland.co.il/order/?eventID=35912&theaterId=1294,https://movieland.co.il/order/?eventID=35912&theaterId=1294,Regular,2D,English,,2026-08-16,2026,,,,All,Afula,MovieLand,601
22:20,Spider-Man: Brand New Day,ספיידרמן: יום חדש,https://movieland.co.il/order/?eventID=35907&theaterId=1294,https://movieland.co.il/order/?eventID=35907&theaterId=1294,Regular,2D,English,,2026-08-16,2026,,,,All,Afula,MovieLand,601
23:15,Spider-Man: Brand New Day,ספיידרמן: יום חדש,https://movieland.co.il/order/?eventID=35908&theaterId=1294,https://movieland.co.il/order/?eventID=35908&theaterId=1294,Upgrade,2D,English,,2026-08-16,2026,,,,All,Afula,MovieLand,601
18:00,The Odyssey,האודיסאה,https://movieland.co.il/order/?eventID=35881&theaterId=1294,https://movieland.co.il/order/?eventID=35881&theaterId=1294,Upgrade,2D,English,,2026-08-16,2026,,,,14+,Afula,MovieLand,601
21:35,The Odyssey,האודיסאה,https://movieland.co.il/order/?eventID=35882&theaterId=1294,https://movieland.co.il/order/?eventID=35882&theaterId=1294,Upgrade,2D,English,,2026-08-16,2026,,,,14+,Afula,MovieLand,601
10:35,Paw Patrol: The Dino Movie,מפרץ ההרפתקאות: אי הדינוזאורים,https://movieland.co.il/order/?eventID=35915&theaterId=1294,https://movieland.co.il/order/?eventID=35915&theaterId=1294,Upgrade,2D,English,Hebrew,2026-08-16,2026,,,,All,Afula,MovieLand,601
12:45,Paw Patrol: The Dino Movie,מפרץ ההרפתקאות: אי הדינוזאורים,https://movieland.co.il/order/?eventID=35914&theaterId=1294,https://movieland.co.il/order/?eventID=35914&theaterId=1294,Upgrade,2D,English,Hebrew,2026-08-16,2026,,,,All,Afula,MovieLand,601
14:55,Paw Patrol: The Dino Movie,מפרץ ההרפתקאות: אי הדינוזאורים,https://movieland.co.il/order/?eventID=35913&theaterId=1294,https://movieland.co.il/order/?eventID=35913&theaterId=1294,Upgrade,2D,English,Hebrew,2026-08-16,2026,,,,All,Afula,MovieLand,601
17:05,Paw Patrol: The Dino Movie,מפרץ ההרפתקאות: אי הדינוזאורים,https://movieland.co.il/order/?eventID=35918&theaterId=1294,https://movieland.co.il/order/?eventID=35918&theaterId=1294,Regular,2D,English,Hebrew,2026-08-16,2026,,,,All,Afula,MovieLand,601
10:35,Minions & Monsters,מיניונים ומפלצות,https://movieland.co.il/order/?eventID=35926&theaterId=1294,https://movieland.co.il/order/?eventID=35926&theaterId=1294,Regular,2D,English,Hebrew,2026-08-16,2026,,,,All,Afula,MovieLand,601
11:30,Minions & Monsters,מיניונים ומפלצות,https://movieland.co.il/order/?eventID=35900&theaterId=1294,https://movieland.co.il/order/?eventID=35900&theaterId=1294,Upgrade,2D,English,Hebrew,2026-08-16,2026,,,,All,Afula,MovieLand,601
13:40,Minions & Monsters,מיניונים ומפלצות,https://movieland.co.il/order/?eventID=35901&theaterId=1294,https://movieland.co.il/order/?eventID=35901&theaterId=1294,Upgrade,2D,English,Hebrew,2026-08-16,2026,,,,All,Afula,MovieLand,601
15:50,Minions & Monsters,מיניונים ומפלצות,https://movieland.co.il/order/?eventID=35902&theaterId=1294,https://movieland.co.il/order/?eventID=35902&theaterId=1294,Upgrade,2D,English,Hebrew,2026-08-16,2026,,,,All,Afula,MovieLand,601
18:55,Fuze,פיוז,https://movieland.co.il/order/?eventID=35925&theaterId=1294,https://movieland.co.il/order/?eventID=35925&theaterId=1294,Regular,2D,English,,2026-08-16,2026,,,,12+,Afula,MovieLand,601
21:45,Fuze,פיוז,https://movieland.co.il/order/?eventID=35888&theaterId=1294,https://movieland.co.il/order/?eventID=35888&theaterId=1294,Regular,2D,English,,2026-08-16,2026,,,,12+,Afula,MovieLand,601
00:05,Fuze,פיוז,https://movieland.co.il/order/?eventID=35889&theaterId=1294,https://movieland.co.il/order/?eventID=35889&theaterId=1294,Regular,2D,English,,2026-08-16,2026,,,,12+,Afula,MovieLand,601
10:30,Marsupilami,מרסופילאמי,https://movieland.co.il/order/?eventID=35892&theaterId=1294,https://movieland.co.il/order/?eventID=35892&theaterId=1294,Regular,2D,French,Hebrew,2026-08-16,2025,,,,All,Afula,MovieLand,601
12:50,Marsupilami,מרסופילאמי,https://movieland.co.il/order/?eventID=35922&theaterId=1294,https://movieland.co.il/order/?eventID=35922&theaterId=1294,Regular,2D,French,Hebrew,2026-08-16,2025,,,,All,Afula,MovieLand,601
14:45,Marsupilami,מרסופילאמי,https://movieland.co.il/order/?eventID=35921&theaterId=1294,https://movieland.co.il/order/?eventID=35921&theaterId=1294,Regular,2D,French,Hebrew,2026-08-16,2025,,,,All,Afula,MovieLand,601
15:15,קופה ראשית: הסרט,קופה ראשית: הסרט,https://movieland.co.il/order/?eventID=35909&theaterId=1294,https://movieland.co.il/order/?eventID=35909&theaterId=1294,Regular,2D,Hebrew,,2026-08-16,2026,,,,All,Afula,MovieLand,601
17:30,קופה ראשית: הסרט,קופה ראשית: הסרט,https://movieland.co.il/order/?eventID=35890&theaterId=1294,https://movieland.co.il/order/?eventID=35890&theaterId=1294,Regular,2D,Hebrew,,2026-08-16,2026,,,,All,Afula,MovieLand,601
19:50,גבעה 338,גבעה 338,https://movieland.co.il/order/?eventID=35919&theaterId=1294,https://movieland.co.il/order/?eventID=35919&theaterId=1294,Regular,2D,Hebrew,,2026-08-16,2026,,,,9+,Afula,MovieLand,601
22:15,גבעה 338,גבעה 338,https://movieland.co.il/order/?eventID=35920&theaterId=1294,https://movieland.co.il/order/?eventID=35920&theaterId=1294,Regular,2D,Hebrew,,2026-08-16,2026,,,,9+,Afula,MovieLand,601
14:20,סולטיז הסרט - וולוג ה-100,סולטיז הסרט - וולוג ה-100,https://movieland.co.il/order/?eventID=35898&theaterId=1294,https://movieland.co.il/order/?eventID=35898&theaterId=1294,Regular,2D,Hebrew,,2026-08-16,2026,,,,All,Afula,MovieLand,601
16:40,סולטיז הסרט - וולוג ה-100,סולטיז הסרט - וולוג ה-100,https://movieland.co.il/order/?eventID=35910&theaterId=1294,https://movieland.co.il/order/?eventID=35910&theaterId=1294,Regular,2D,Hebrew,,2026-08-16,2026,,,,All,Afula,MovieLand,601
13:45,STICH HEAD,פרנקי והמפלצות,https://movieland.co.il/order/?eventID=35896&theaterId=1294,https://movieland.co.il/order/?eventID=35896&theaterId=1294,Regular,2D,,Hebrew,2026-08-16,,,,,All,Afula,MovieLand,601
12:25,Toy Story 5,צעצוע של סיפור 5,https://movieland.co.il/order/?eventID=35883&theaterId=1294,https://movieland.co.il/order/?eventID=35883&theaterId=1294,Regular,2D,English,Hebrew,2026-08-16,2026,,,,All,Afula,MovieLand,601
11:55,Moana (Live Action),מואנה,https://movieland.co.il/order/?eventID=35885&theaterId=1294,https://movieland.co.il/order/?eventID=35885&theaterId=1294,Regular,2D,English,Hebrew,2026-08-16,2026,,,,All,Afula,MovieLand,601
14:35,Moana (Live Action),מואנה,https://movieland.co.il/order/?eventID=35884&theaterId=1294,https://movieland.co.il/order/?eventID=35884&theaterId=1294,Regular,2D,English,Hebrew,2026-08-16,2026,,,,All,Afula,MovieLand,601
10:30,Tafiti: Across the Desert,טפיטי: הרפתקה במדבר,https://movieland.co.il/order/?eventID=35893&theaterId=1294,https://movieland.co.il/order/?eventID=35893&theaterId=1294,Regular,2D,German,Hebrew,2026-08-16,2025,,,,ליווי מבוגר עד גיל 8,Afula,MovieLand,601
11:35,Three Wishes for Cinderella,סינדרלה ושלוש המשאלות,https://movieland.co.il/order/?eventID=35894&theaterId=1294,https://movieland.co.il/order/?eventID=35894&theaterId=1294,Regular,2D,,Hebrew,2026-08-16,2026,,,,All,Afula,MovieLand,601
16:00,GRACIE & PEDRO: PETS TO THE RESCUE,גרייסי ופדרו: חיות המחמד בפעולה,https://movieland.co.il/order/?eventID=35897&theaterId=1294,https://movieland.co.il/order/?eventID=35897&theaterId=1294,Regular,2D,,Hebrew,2026-08-16,,,,,All,Afula,MovieLand,601
19:00,НА КРАЮ ОУК-СТРИТ,НА КРАЮ ОУК-СТРИТ,https://movieland.co.il/order/?eventID=35891&theaterId=1294,https://movieland.co.il/order/?eventID=35891&theaterId=1294,Regular,2D,английский,,2026-08-16,,,,,12+,Afula,MovieLand,601
18:15,ОДИССЕЯ,ОДИССЕЯ,https://movieland.co.il/order/?eventID=35895&theaterId=1294,https://movieland.co.il/order/?eventID=35895&theaterId=1294,Regular,2D,английский,,2026-08-16,2026,,,,14+,Afula,MovieLand,601
11:45,The Magical Faraway Tree,המסע המופלא לעץ הקסמים,https://movieland.co.il/order/?eventID=35899&theaterId=1294,https://movieland.co.il/order/?eventID=35899&theaterId=1294,Regular,2D,English,Hebrew,2026-08-16,2026,,,,All,Afula,MovieLand,601
00:15,חינה אמריקאית,חינה אמריקאית,https://movieland.co.il/order/?eventID=35924&theaterId=1294,https://movieland.co.il/order/?eventID=35924&theaterId=1294,Regular,2D,Hebrew,,2026-08-16,2026,,,,All,Afula,MovieLand,601
21:35,One night only,לגמור את הלילה,https://movieland.co.il/order/?eventID=35715&theaterId=1294,https://movieland.co.il/order/?eventID=35715&theaterId=1294,Regular,2D,English,,2026-08-17,2026,,,,14+,Afula,MovieLand,601
00:00,One night only,לגמור את הלילה,https://movieland.co.il/order/?eventID=35716&theaterId=1294,https://movieland.co.il/order/?eventID=35716&theaterId=1294,Regular,2D,English,,2026-08-17,2026,,,,14+,Afula,MovieLand,601
19:20,End of Oak street,סוף רחוב האלון,https://movieland.co.il/order/?eventID=35722&theaterId=1294,https://movieland.co.il/order/?eventID=35722&theaterId=1294,Regular,2D,English,,2026-08-17,2026,,,,12+,Afula,MovieLand,601
21:40,End of Oak street,סוף רחוב האלון,https://movieland.co.il/order/?eventID=35723&theaterId=1294,https://movieland.co.il/order/?eventID=35723&theaterId=1294,Regular,2D,English,,2026-08-17,2026,,,,12+,Afula,MovieLand,601
00:00,End of Oak street,סוף רחוב האלון,https://movieland.co.il/order/?eventID=35724&theaterId=1294,https://movieland.co.il/order/?eventID=35724&theaterId=1294,Regular,2D,English,,2026-08-17,2026,,,,12+,Afula,MovieLand,601
11:50,Spider-Man: Brand New Day,ספיידרמן: יום חדש,https://movieland.co.il/order/?eventID=35710&theaterId=1294,https://movieland.co.il/order/?eventID=35710&theaterId=1294,Regular,2D,English,,2026-08-17,2026,,,,All,Afula,MovieLand,601
14:55,Spider-Man: Brand New Day,ספיידרמן: יום חדש,https://movieland.co.il/order/?eventID=35701&theaterId=1294,https://movieland.co.il/order/?eventID=35701&theaterId=1294,Regular,2D,English,,2026-08-17,2026,,,,All,Afula,MovieLand,601
17:05,Spider-Man: Brand New Day,ספיידרמן: יום חדש,https://movieland.co.il/order/?eventID=35704&theaterId=1294,https://movieland.co.il/order/?eventID=35704&theaterId=1294,Upgrade,2D,English,,2026-08-17,2026,,,,All,Afula,MovieLand,601
18:00,Spider-Man: Brand New Day,ספיידרמן: יום חדש,https://movieland.co.il/order/?eventID=35702&theaterId=1294,https://movieland.co.il/order/?eventID=35702&theaterId=1294,Regular,2D,English,,2026-08-17,2026,,,,All,Afula,MovieLand,601
19:15,Spider-Man: Brand New Day,ספיידרמן: יום חדש,https://movieland.co.il/order/?eventID=35705&theaterId=1294,https://movieland.co.il/order/?eventID=35705&theaterId=1294,Regular,2D,English,,2026-08-17,2026,,,,All,Afula,MovieLand,601
20:10,Spider-Man: Brand New Day,ספיידרמן: יום חדש,https://movieland.co.il/order/?eventID=35703&theaterId=1294,https://movieland.co.il/order/?eventID=35703&theaterId=1294,Upgrade,2D,English,,2026-08-17,2026,,,,All,Afula,MovieLand,601
21:05,Spider-Man: Brand New Day,ספיידרמן: יום חדש,https://movieland.co.il/order/?eventID=35711&theaterId=1294,https://movieland.co.il/order/?eventID=35711&theaterId=1294,Regular,2D,English,,2026-08-17,2026,,,,All,Afula,MovieLand,601
22:20,Spider-Man: Brand New Day,ספיידרמן: יום חדש,https://movieland.co.il/order/?eventID=35706&theaterId=1294,https://movieland.co.il/order/?eventID=35706&theaterId=1294,Regular,2D,English,,2026-08-17,2026,,,,All,Afula,MovieLand,601
23:15,Spider-Man: Brand New Day,ספיידרמן: יום חדש,https://movieland.co.il/order/?eventID=35707&theaterId=1294,https://movieland.co.il/order/?eventID=35707&theaterId=1294,Upgrade,2D,English,,2026-08-17,2026,,,,All,Afula,MovieLand,601
18:00,The Odyssey,האודיסאה,https://movieland.co.il/order/?eventID=35694&theaterId=1294,https://movieland.co.il/order/?eventID=35694&theaterId=1294,Upgrade,2D,English,,2026-08-17,2026,,,,14+,Afula,MovieLand,601
21:35,The Odyssey,האודיסאה,https://movieland.co.il/order/?eventID=35695&theaterId=1294,https://movieland.co.il/order/?eventID=35695&theaterId=1294,Upgrade,2D,English,,2026-08-17,2026,,,,14+,Afula,MovieLand,601
10:35,Paw Patrol: The Dino Movie,מפרץ ההרפתקאות: אי הדינוזאורים,https://movieland.co.il/order/?eventID=35714&theaterId=1294,https://movieland.co.il/order/?eventID=35714&theaterId=1294,Upgrade,2D,English,Hebrew,2026-08-17,2026,,,,All,Afula,MovieLand,601
12:45,Paw Patrol: The Dino Movie,מפרץ ההרפתקאות: אי הדינוזאורים,https://movieland.co.il/order/?eventID=35713&theaterId=1294,https://movieland.co.il/order/?eventID=35713&theaterId=1294,Upgrade,2D,English,Hebrew,2026-08-17,2026,,,,All,Afula,MovieLand,601
14:55,Paw Patrol: The Dino Movie,מפרץ ההרפתקאות: אי הדינוזאורים,https://movieland.co.il/order/?eventID=35712&theaterId=1294,https://movieland.co.il/order/?eventID=35712&theaterId=1294,Upgrade,2D,English,Hebrew,2026-08-17,2026,,,,All,Afula,MovieLand,601
17:05,Paw Patrol: The Dino Movie,מפרץ ההרפתקאות: אי הדינוזאורים,https://movieland.co.il/order/?eventID=35717&theaterId=1294,https://movieland.co.il/order/?eventID=35717&theaterId=1294,Regular,2D,English,Hebrew,2026-08-17,2026,,,,All,Afula,MovieLand,601
11:30,Minions & Monsters,מיניונים ומפלצות,https://movieland.co.il/order/?eventID=35698&theaterId=1294,https://movieland.co.il/order/?eventID=35698&theaterId=1294,Regular,2D,English,Hebrew,2026-08-17,2026,,,,All,Afula,MovieLand,601
13:40,Minions & Monsters,מיניונים ומפלצות,https://movieland.co.il/order/?eventID=35699&theaterId=1294,https://movieland.co.il/order/?eventID=35699&theaterId=1294,Upgrade,2D,English,Hebrew,2026-08-17,2026,,,,All,Afula,MovieLand,601
15:50,Minions & Monsters,מיניונים ומפלצות,https://movieland.co.il/order/?eventID=35700&theaterId=1294,https://movieland.co.il/order/?eventID=35700&theaterId=1294,Upgrade,2D,English,Hebrew,2026-08-17,2026,,,,All,Afula,MovieLand,601
19:35,Fuze,פיוז,https://movieland.co.il/order/?eventID=35737&theaterId=1294,https://movieland.co.il/order/?eventID=35737&theaterId=1294,Regular,2D,English,,2026-08-17,2026,,,,12+,Afula,MovieLand,601
21:45,Fuze,פיוז,https://movieland.co.il/order/?eventID=35725&theaterId=1294,https://movieland.co.il/order/?eventID=35725&theaterId=1294,Regular,2D,English,,2026-08-17,2026,,,,12+,Afula,MovieLand,601
00:05,Fuze,פיוז,https://movieland.co.il/order/?eventID=35726&theaterId=1294,https://movieland.co.il/order/?eventID=35726&theaterId=1294,Regular,2D,English,,2026-08-17,2026,,,,12+,Afula,MovieLand,601
12:20,Marsupilami,מרסופילאמי,https://movieland.co.il/order/?eventID=35720&theaterId=1294,https://movieland.co.il/order/?eventID=35720&theaterId=1294,Regular,2D,French,Hebrew,2026-08-17,2025,,,,All,Afula,MovieLand,601
14:45,Marsupilami,מרסופילאמי,https://movieland.co.il/order/?eventID=35719&theaterId=1294,https://movieland.co.il/order/?eventID=35719&theaterId=1294,Regular,2D,French,Hebrew,2026-08-17,2025,,,,All,Afula,MovieLand,601
17:00,Marsupilami,מרסופילאמי,https://movieland.co.il/order/?eventID=35733&theaterId=1294,https://movieland.co.il/order/?eventID=35733&theaterId=1294,Regular,2D,French,Hebrew,2026-08-17,2025,,,,All,Afula,MovieLand,601
14:15,Valley of Shadows,בחזרה מההימלאיה,https://movieland.co.il/order/?eventID=35727&theaterId=1294,https://movieland.co.il/order/?eventID=35727&theaterId=1294,Regular,2D,ספרדית,,2026-08-17,2025,,,,12+,Afula,MovieLand,601
14:45,קופה ראשית: הסרט,קופה ראשית: הסרט,https://movieland.co.il/order/?eventID=35708&theaterId=1294,https://movieland.co.il/order/?eventID=35708&theaterId=1294,Regular,2D,Hebrew,,2026-08-17,2026,,,,All,Afula,MovieLand,601
21:55,גבעה 338,גבעה 338,https://movieland.co.il/order/?eventID=35718&theaterId=1294,https://movieland.co.il/order/?eventID=35718&theaterId=1294,Regular,2D,Hebrew,,2026-08-17,2026,,,,9+,Afula,MovieLand,601
00:20,גבעה 338,גבעה 338,https://movieland.co.il/order/?eventID=35738&theaterId=1294,https://movieland.co.il/order/?eventID=35738&theaterId=1294,Regular,2D,Hebrew,,2026-08-17,2026,,,,9+,Afula,MovieLand,601
13:50,סולטיז הסרט - וולוג ה-100,סולטיז הסרט - וולוג ה-100,https://movieland.co.il/order/?eventID=35732&theaterId=1294,https://movieland.co.il/order/?eventID=35732&theaterId=1294,Regular,2D,Hebrew,,2026-08-17,2026,,,,All,Afula,MovieLand,601
16:10,סולטיז הסרט - וולוג ה-100,סולטיז הסרט - וולוג ה-100,https://movieland.co.il/order/?eventID=35709&theaterId=1294,https://movieland.co.il/order/?eventID=35709&theaterId=1294,Regular,2D,Hebrew,,2026-08-17,2026,,,,All,Afula,MovieLand,601
13:45,STICH HEAD,פרנקי והמפלצות,https://movieland.co.il/order/?eventID=35730&theaterId=1294,https://movieland.co.il/order/?eventID=35730&theaterId=1294,Regular,2D,,Hebrew,2026-08-17,,,,,All,Afula,MovieLand,601
12:25,Toy Story 5,צעצוע של סיפור 5,https://movieland.co.il/order/?eventID=35696&theaterId=1294,https://movieland.co.il/order/?eventID=35696&theaterId=1294,Regular,2D,English,Hebrew,2026-08-17,2026,,,,All,Afula,MovieLand,601
00:10,Obsession,אובססיה,https://movieland.co.il/order/?eventID=35736&theaterId=1294,https://movieland.co.il/order/?eventID=35736&theaterId=1294,Regular,2D,English,,2026-08-17,2026,,,,14+,Afula,MovieLand,601
11:40,Moana (Live Action),מואנה,https://movieland.co.il/order/?eventID=35697&theaterId=1294,https://movieland.co.il/order/?eventID=35697&theaterId=1294,Regular,2D,English,Hebrew,2026-08-17,2026,,,,All,Afula,MovieLand,601
11:25,school of magical animals 3,סוד החיות הקסומות 3,https://movieland.co.il/order/?eventID=35735&theaterId=1294,https://movieland.co.il/order/?eventID=35735&theaterId=1294,Regular,2D,,Hebrew,2026-08-17,,,,,,Afula,MovieLand,601
10:30,Tafiti: Across the Desert,טפיטי: הרפתקה במדבר,https://movieland.co.il/order/?eventID=35728&theaterId=1294,https://movieland.co.il/order/?eventID=35728&theaterId=1294,Regular,2D,German,Hebrew,2026-08-17,2025,,,,ליווי מבוגר עד גיל 8,Afula,MovieLand,601
16:00,GRACIE & PEDRO: PETS TO THE RESCUE,גרייסי ופדרו: חיות המחמד בפעולה,https://movieland.co.il/order/?eventID=35731&theaterId=1294,https://movieland.co.il/order/?eventID=35731&theaterId=1294,Regular,2D,,Hebrew,2026-08-17,,,,,All,Afula,MovieLand,601
18:15,ОДИССЕЯ,ОДИССЕЯ,https://movieland.co.il/order/?eventID=35729&theaterId=1294,https://movieland.co.il/order/?eventID=35729&theaterId=1294,Regular,2D,английский,,2026-08-17,2026,,,,14+,Afula,MovieLand,601
18:30,ЧЕЛОВЕК-ПАУК: НОВЫЙ ДЕНЬ,ЧЕЛОВЕК-ПАУК: НОВЫЙ ДЕНЬ,https://movieland.co.il/order/?eventID=35734&theaterId=1294,https://movieland.co.il/order/?eventID=35734&theaterId=1294,Regular,2D,английский,,2026-08-17,2026,,,,Нет возрастных ограничений,Afula,MovieLand,601
21:25,One night only,לגמור את הלילה,https://movieland.co.il/order/?eventID=35803&theaterId=1294,https://movieland.co.il/order/?eventID=35803&theaterId=1294,Regular,2D,English,,2026-08-18,2026,,,,14+,Afula,MovieLand,601
23:45,One night only,לגמור את הלילה,https://movieland.co.il/order/?eventID=35804&theaterId=1294,https://movieland.co.il/order/?eventID=35804&theaterId=1294,Regular,2D,English,,2026-08-18,2026,,,,14+,Afula,MovieLand,601
22:05,End of Oak street,סוף רחוב האלון,https://movieland.co.il/order/?eventID=35810&theaterId=1294,https://movieland.co.il/order/?eventID=35810&theaterId=1294,Regular,2D,English,,2026-08-18,2026,,,,12+,Afula,MovieLand,601
14:55,Spider-Man: Brand New Day,ספיידרמן: יום חדש,https://movieland.co.il/order/?eventID=35793&theaterId=1294,https://movieland.co.il/order/?eventID=35793&theaterId=1294,Regular,2D,English,,2026-08-18,2026,,,,All,Afula,MovieLand,601
17:05,Spider-Man: Brand New Day,ספיידרמן: יום חדש,https://movieland.co.il/order/?eventID=35796&theaterId=1294,https://movieland.co.il/order/?eventID=35796&theaterId=1294,Upgrade,2D,English,,2026-08-18,2026,,,,All,Afula,MovieLand,601
18:00,Spider-Man: Brand New Day,ספיידרמן: יום חדש,https://movieland.co.il/order/?eventID=35794&theaterId=1294,https://movieland.co.il/order/?eventID=35794&theaterId=1294,Regular,2D,English,,2026-08-18,2026,,,,All,Afula,MovieLand,601
20:10,Spider-Man: Brand New Day,ספיידרמן: יום חדש,https://movieland.co.il/order/?eventID=35795&theaterId=1294,https://movieland.co.il/order/?eventID=35795&theaterId=1294,Upgrade,2D,English,,2026-08-18,2026,,,,All,Afula,MovieLand,601
21:05,Spider-Man: Brand New Day,ספיידרמן: יום חדש,https://movieland.co.il/order/?eventID=35799&theaterId=1294,https://movieland.co.il/order/?eventID=35799&theaterId=1294,Regular,2D,English,,2026-08-18,2026,,,,All,Afula,MovieLand,601
23:15,Spider-Man: Brand New Day,ספיידרמן: יום חדש,https://movieland.co.il/order/?eventID=35797&theaterId=1294,https://movieland.co.il/order/?eventID=35797&theaterId=1294,Upgrade,2D,English,,2026-08-18,2026,,,,All,Afula,MovieLand,601
13:35,The Odyssey,האודיסאה,https://movieland.co.il/order/?eventID=35827&theaterId=1294,https://movieland.co.il/order/?eventID=35827&theaterId=1294,Regular,2D,English,,2026-08-18,2026,,,,14+,Afula,MovieLand,601
18:00,The Odyssey,האודיסאה,https://movieland.co.il/order/?eventID=35787&theaterId=1294,https://movieland.co.il/order/?eventID=35787&theaterId=1294,Upgrade,2D,English,,2026-08-18,2026,,,,14+,Afula,MovieLand,601
21:35,The Odyssey,האודיסאה,https://movieland.co.il/order/?eventID=35788&theaterId=1294,https://movieland.co.il/order/?eventID=35788&theaterId=1294,Upgrade,2D,English,,2026-08-18,2026,,,,14+,Afula,MovieLand,601
10:40,Paw Patrol: The Dino Movie,מפרץ ההרפתקאות: אי הדינוזאורים,https://movieland.co.il/order/?eventID=35802&theaterId=1294,https://movieland.co.il/order/?eventID=35802&theaterId=1294,Upgrade,2D,English,Hebrew,2026-08-18,2026,,,,All,Afula,MovieLand,601
12:50,Paw Patrol: The Dino Movie,מפרץ ההרפתקאות: אי הדינוזאורים,https://movieland.co.il/order/?eventID=35801&theaterId=1294,https://movieland.co.il/order/?eventID=35801&theaterId=1294,Upgrade,2D,English,Hebrew,2026-08-18,2026,,,,All,Afula,MovieLand,601
15:00,Paw Patrol: The Dino Movie,מפרץ ההרפתקאות: אי הדינוזאורים,https://movieland.co.il/order/?eventID=35800&theaterId=1294,https://movieland.co.il/order/?eventID=35800&theaterId=1294,Upgrade,2D,English,Hebrew,2026-08-18,2026,,,,All,Afula,MovieLand,601
12:30,Minions & Monsters,מיניונים ומפלצות,https://movieland.co.il/order/?eventID=35790&theaterId=1294,https://movieland.co.il/order/?eventID=35790&theaterId=1294,Regular,2D,English,Hebrew,2026-08-18,2026,,,,All,Afula,MovieLand,601
13:40,Minions & Monsters,מיניונים ומפלצות,https://movieland.co.il/order/?eventID=35791&theaterId=1294,https://movieland.co.il/order/?eventID=35791&theaterId=1294,Upgrade,2D,English,Hebrew,2026-08-18,2026,,,,All,Afula,MovieLand,601
15:50,Minions & Monsters,מיניונים ומפלצות,https://movieland.co.il/order/?eventID=35792&theaterId=1294,https://movieland.co.il/order/?eventID=35792&theaterId=1294,Upgrade,2D,English,Hebrew,2026-08-18,2026,,,,All,Afula,MovieLand,601
22:15,Fuze,פיוז,https://movieland.co.il/order/?eventID=35812&theaterId=1294,https://movieland.co.il/order/?eventID=35812&theaterId=1294,Regular,2D,English,,2026-08-18,2026,,,,12+,Afula,MovieLand,601
00:10,Fuze,פיוז,https://movieland.co.il/order/?eventID=35813&theaterId=1294,https://movieland.co.il/order/?eventID=35813&theaterId=1294,Regular,2D,English,,2026-08-18,2026,,,,12+,Afula,MovieLand,601
13:10,Marsupilami,מרסופילאמי,https://movieland.co.il/order/?eventID=35808&theaterId=1294,https://movieland.co.il/order/?eventID=35808&theaterId=1294,Regular,2D,French,Hebrew,2026-08-18,2025,,,,All,Afula,MovieLand,601
11:20,Valley of Shadows,בחזרה מההימלאיה,https://movieland.co.il/order/?eventID=35823&theaterId=1294,https://movieland.co.il/order/?eventID=35823&theaterId=1294,Regular,2D,ספרדית,,2026-08-18,2025,,,,12+,Afula,MovieLand,601
14:00,Valley of Shadows,בחזרה מההימלאיה,https://movieland.co.il/order/?eventID=35814&theaterId=1294,https://movieland.co.il/order/?eventID=35814&theaterId=1294,Regular,2D,ספרדית,,2026-08-18,2025,,,,12+,Afula,MovieLand,601
20:40,Valley of Shadows,בחזרה מההימלאיה,https://movieland.co.il/order/?eventID=35822&theaterId=1294,https://movieland.co.il/order/?eventID=35822&theaterId=1294,Regular,2D,ספרדית,,2026-08-18,2025,,,,12+,Afula,MovieLand,601
11:00,האחד והיחיד שלי,האחד והיחיד שלי,https://movieland.co.il/order/?eventID=35821&theaterId=1294,https://movieland.co.il/order/?eventID=35821&theaterId=1294,Regular,2D,Hebrew,,2026-08-18,2026,,,,All,Afula,MovieLand,601
17:05,האחד והיחיד שלי,האחד והיחיד שלי,https://movieland.co.il/order/?eventID=35820&theaterId=1294,https://movieland.co.il/order/?eventID=35820&theaterId=1294,Regular,2D,Hebrew,,2026-08-18,2026,,,,All,Afula,MovieLand,601
19:40,האחד והיחיד שלי,האחד והיחיד שלי,https://movieland.co.il/order/?eventID=35819&theaterId=1294,https://movieland.co.il/order/?eventID=35819&theaterId=1294,Regular,2D,Hebrew,,2026-08-18,2026,,,,All,Afula,MovieLand,601
11:00,"Damned if you do, damned if you don’t",המשפחה האיטלקית שלי,https://movieland.co.il/order/?eventID=35826&theaterId=1294,https://movieland.co.il/order/?eventID=35826&theaterId=1294,Regular,2D,איטלקית,,2026-08-18,2025,,,,All,Afula,MovieLand,601
15:30,"Damned if you do, damned if you don’t",המשפחה האיטלקית שלי,https://movieland.co.il/order/?eventID=35825&theaterId=1294,https://movieland.co.il/order/?eventID=35825&theaterId=1294,Regular,2D,איטלקית,,2026-08-18,2025,,,,All,Afula,MovieLand,601
19:50,"Damned if you do, damned if you don’t",המשפחה האיטלקית שלי,https://movieland.co.il/order/?eventID=35824&theaterId=1294,https://movieland.co.il/order/?eventID=35824&theaterId=1294,Regular,2D,איטלקית,,2026-08-18,2025,,,,All,Afula,MovieLand,601
11:35,Bitter Christmas,חג מולד מר,https://movieland.co.il/order/?eventID=35818&theaterId=1294,https://movieland.co.il/order/?eventID=35818&theaterId=1294,Regular,2D,ספרדית,,2026-08-18,2026,,,,All,Afula,MovieLand,601
14:05,Bitter Christmas,חג מולד מר,https://movieland.co.il/order/?eventID=35817&theaterId=1294,https://movieland.co.il/order/?eventID=35817&theaterId=1294,Regular,2D,ספרדית,,2026-08-18,2026,,,,All,Afula,MovieLand,601
18:55,Bitter Christmas,חג מולד מר,https://movieland.co.il/order/?eventID=35816&theaterId=1294,https://movieland.co.il/order/?eventID=35816&theaterId=1294,Regular,2D,ספרדית,,2026-08-18,2026,,,,All,Afula,MovieLand,601
17:45,קופה ראשית: הסרט,קופה ראשית: הסרט,https://movieland.co.il/order/?eventID=35815&theaterId=1294,https://movieland.co.il/order/?eventID=35815&theaterId=1294,Regular,2D,Hebrew,,2026-08-18,2026,,,,All,Afula,MovieLand,601
23:20,קופה ראשית: הסרט,קופה ראשית: הסרט,https://movieland.co.il/order/?eventID=35831&theaterId=1294,https://movieland.co.il/order/?eventID=35831&theaterId=1294,Regular,2D,Hebrew,,2026-08-18,2026,,,,All,Afula,MovieLand,601
20:00,גבעה 338,גבעה 338,https://movieland.co.il/order/?eventID=35805&theaterId=1294,https://movieland.co.il/order/?eventID=35805&theaterId=1294,Regular,2D,Hebrew,,2026-08-18,2026,,,,9+,Afula,MovieLand,601
22:25,גבעה 338,גבעה 338,https://movieland.co.il/order/?eventID=35806&theaterId=1294,https://movieland.co.il/order/?eventID=35806&theaterId=1294,Regular,2D,Hebrew,,2026-08-18,2026,,,,9+,Afula,MovieLand,601
16:40,סולטיז הסרט - וולוג ה-100,סולטיז הסרט - וולוג ה-100,https://movieland.co.il/order/?eventID=35798&theaterId=1294,https://movieland.co.il/order/?eventID=35798&theaterId=1294,Regular,2D,Hebrew,,2026-08-18,2026,,,,All,Afula,MovieLand,601
18:05,Just an Illusion,אשליות מתוקות,https://movieland.co.il/order/?eventID=35830&theaterId=1294,https://movieland.co.il/order/?eventID=35830&theaterId=1294,Regular,2D,French,,2026-08-18,2026,,,,All,Afula,MovieLand,601
15:35,The Invite,ההזמנה,https://movieland.co.il/order/?eventID=35932&theaterId=1294,https://movieland.co.il/order/?eventID=35932&theaterId=1294,Regular,2D,English,,2026-08-18,2026,,,,14+,Afula,MovieLand,601
13:15,A Missing Part,החלק החסר,https://movieland.co.il/order/?eventID=35829&theaterId=1294,https://movieland.co.il/order/?eventID=35829&theaterId=1294,Regular,2D,French,,2026-08-18,2024,,,,All,Afula,MovieLand,601
11:00,מאמא,מאמא,https://movieland.co.il/order/?eventID=35828&theaterId=1294,https://movieland.co.il/order/?eventID=35828&theaterId=1294,Regular,2D,Hebrew,,2026-08-18,2026,,,,12+,Afula,MovieLand,601
20:55,One night only,לגמור את הלילה,https://movieland.co.il/order/?eventID=35621&theaterId=1294,https://movieland.co.il/order/?eventID=35621&theaterId=1294,Regular,2D,English,,2026-08-19,2026,,,,14+,Afula,MovieLand,601
23:20,One night only,לגמור את הלילה,https://movieland.co.il/order/?eventID=35622&theaterId=1294,https://movieland.co.il/order/?eventID=35622&theaterId=1294,Regular,2D,English,,2026-08-19,2026,,,,14+,Afula,MovieLand,601
19:30,End of Oak street,סוף רחוב האלון,https://movieland.co.il/order/?eventID=35628&theaterId=1294,https://movieland.co.il/order/?eventID=35628&theaterId=1294,Regular,2D,English,,2026-08-19,2026,,,,12+,Afula,MovieLand,601
21:50,End of Oak street,סוף רחוב האלון,https://movieland.co.il/order/?eventID=35629&theaterId=1294,https://movieland.co.il/order/?eventID=35629&theaterId=1294,Regular,2D,English,,2026-08-19,2026,,,,12+,Afula,MovieLand,601
00:10,End of Oak street,סוף רחוב האלון,https://movieland.co.il/order/?eventID=35630&theaterId=1294,https://movieland.co.il/order/?eventID=35630&theaterId=1294,Regular,2D,English,,2026-08-19,2026,,,,12+,Afula,MovieLand,601
11:50,Spider-Man: Brand New Day,ספיידרמן: יום חדש,https://movieland.co.il/order/?eventID=35616&theaterId=1294,https://movieland.co.il/order/?eventID=35616&theaterId=1294,Regular,2D,English,,2026-08-19,2026,,,,All,Afula,MovieLand,601
14:55,Spider-Man: Brand New Day,ספיידרמן: יום חדש,https://movieland.co.il/order/?eventID=35607&theaterId=1294,https://movieland.co.il/order/?eventID=35607&theaterId=1294,Regular,2D,English,,2026-08-19,2026,,,,All,Afula,MovieLand,601
17:05,Spider-Man: Brand New Day,ספיידרמן: יום חדש,https://movieland.co.il/order/?eventID=35610&theaterId=1294,https://movieland.co.il/order/?eventID=35610&theaterId=1294,Upgrade,2D,English,,2026-08-19,2026,,,,All,Afula,MovieLand,601
18:00,Spider-Man: Brand New Day,ספיידרמן: יום חדש,https://movieland.co.il/order/?eventID=35608&theaterId=1294,https://movieland.co.il/order/?eventID=35608&theaterId=1294,Regular,2D,English,,2026-08-19,2026,,,,All,Afula,MovieLand,601
19:15,Spider-Man: Brand New Day,ספיידרמן: יום חדש,https://movieland.co.il/order/?eventID=35611&theaterId=1294,https://movieland.co.il/order/?eventID=35611&theaterId=1294,Regular,2D,English,,2026-08-19,2026,,,,All,Afula,MovieLand,601
20:10,Spider-Man: Brand New Day,ספיידרמן: יום חדש,https://movieland.co.il/order/?eventID=35609&theaterId=1294,https://movieland.co.il/order/?eventID=35609&theaterId=1294,Upgrade,2D,English,,2026-08-19,2026,,,,All,Afula,MovieLand,601
21:05,Spider-Man: Brand New Day,ספיידרמן: יום חדש,https://movieland.co.il/order/?eventID=35617&theaterId=1294,https://movieland.co.il/order/?eventID=35617&theaterId=1294,Regular,2D,English,,2026-08-19,2026,,,,All,Afula,MovieLand,601
22:20,Spider-Man: Brand New Day,ספיידרמן: יום חדש,https://movieland.co.il/order/?eventID=35612&theaterId=1294,https://movieland.co.il/order/?eventID=35612&theaterId=1294,Regular,2D,English,,2026-08-19,2026,,,,All,Afula,MovieLand,601
23:15,Spider-Man: Brand New Day,ספיידרמן: יום חדש,https://movieland.co.il/order/?eventID=35613&theaterId=1294,https://movieland.co.il/order/?eventID=35613&theaterId=1294,Upgrade,2D,English,,2026-08-19,2026,,,,All,Afula,MovieLand,601
22:35,The Odyssey,האודיסאה,https://movieland.co.il/order/?eventID=35601&theaterId=1294,https://movieland.co.il/order/?eventID=35601&theaterId=1294,Regular,2D,English,,2026-08-19,2026,,,,14+,Afula,MovieLand,601
10:35,Paw Patrol: The Dino Movie,מפרץ ההרפתקאות: אי הדינוזאורים,https://movieland.co.il/order/?eventID=35620&theaterId=1294,https://movieland.co.il/order/?eventID=35620&theaterId=1294,Upgrade,2D,English,Hebrew,2026-08-19,2026,,,,All,Afula,MovieLand,601
12:45,Paw Patrol: The Dino Movie,מפרץ ההרפתקאות: אי הדינוזאורים,https://movieland.co.il/order/?eventID=35619&theaterId=1294,https://movieland.co.il/order/?eventID=35619&theaterId=1294,Upgrade,2D,English,Hebrew,2026-08-19,2026,,,,All,Afula,MovieLand,601
14:55,Paw Patrol: The Dino Movie,מפרץ ההרפתקאות: אי הדינוזאורים,https://movieland.co.il/order/?eventID=35618&theaterId=1294,https://movieland.co.il/order/?eventID=35618&theaterId=1294,Upgrade,2D,English,Hebrew,2026-08-19,2026,,,,All,Afula,MovieLand,601
17:05,Paw Patrol: The Dino Movie,מפרץ ההרפתקאות: אי הדינוזאורים,https://movieland.co.il/order/?eventID=35623&theaterId=1294,https://movieland.co.il/order/?eventID=35623&theaterId=1294,Regular,2D,English,Hebrew,2026-08-19,2026,,,,All,Afula,MovieLand,601
11:40,Minions & Monsters,מיניונים ומפלצות,https://movieland.co.il/order/?eventID=35604&theaterId=1294,https://movieland.co.il/order/?eventID=35604&theaterId=1294,Regular,2D,English,Hebrew,2026-08-19,2026,,,,All,Afula,MovieLand,601
13:45,Minions & Monsters,מיניונים ומפלצות,https://movieland.co.il/order/?eventID=35605&theaterId=1294,https://movieland.co.il/order/?eventID=35605&theaterId=1294,Upgrade,2D,English,Hebrew,2026-08-19,2026,,,,All,Afula,MovieLand,601
15:55,Minions & Monsters,מיניונים ומפלצות,https://movieland.co.il/order/?eventID=35606&theaterId=1294,https://movieland.co.il/order/?eventID=35606&theaterId=1294,Upgrade,2D,English,Hebrew,2026-08-19,2026,,,,All,Afula,MovieLand,601
21:20,Fuze,פיוז,https://movieland.co.il/order/?eventID=35631&theaterId=1294,https://movieland.co.il/order/?eventID=35631&theaterId=1294,Regular,2D,English,,2026-08-19,2026,,,,12+,Afula,MovieLand,601
23:40,Fuze,פיוז,https://movieland.co.il/order/?eventID=35632&theaterId=1294,https://movieland.co.il/order/?eventID=35632&theaterId=1294,Regular,2D,English,,2026-08-19,2026,,,,12+,Afula,MovieLand,601
12:05,Marsupilami,מרסופילאמי,https://movieland.co.il/order/?eventID=35626&theaterId=1294,https://movieland.co.il/order/?eventID=35626&theaterId=1294,Regular,2D,French,Hebrew,2026-08-19,2025,,,,All,Afula,MovieLand,601
14:45,Marsupilami,מרסופילאמי,https://movieland.co.il/order/?eventID=35625&theaterId=1294,https://movieland.co.il/order/?eventID=35625&theaterId=1294,Regular,2D,French,Hebrew,2026-08-19,2025,,,,All,Afula,MovieLand,601
00:10,Ice Cream Man,איש הגלידה,https://movieland.co.il/order/?eventID=35634&theaterId=1294,https://movieland.co.il/order/?eventID=35634&theaterId=1294,Regular,2D,English,,2026-08-19,2026,,,,18+,Afula,MovieLand,601
13:30,Valley of Shadows,בחזרה מההימלאיה,https://movieland.co.il/order/?eventID=35633&theaterId=1294,https://movieland.co.il/order/?eventID=35633&theaterId=1294,Regular,2D,ספרדית,,2026-08-19,2025,,,,12+,Afula,MovieLand,601
14:25,קופה ראשית: הסרט,קופה ראשית: הסרט,https://movieland.co.il/order/?eventID=35614&theaterId=1294,https://movieland.co.il/order/?eventID=35614&theaterId=1294,Regular,2D,Hebrew,,2026-08-19,2026,,,,All,Afula,MovieLand,601
18:05,גבעה 338,גבעה 338,https://movieland.co.il/order/?eventID=35642&theaterId=1294,https://movieland.co.il/order/?eventID=35642&theaterId=1294,Upgrade,2D,Hebrew,,2026-08-19,2026,,,,9+,Afula,MovieLand,601
20:30,גבעה 338,גבעה 338,https://movieland.co.il/order/?eventID=35643&theaterId=1294,https://movieland.co.il/order/?eventID=35643&theaterId=1294,Upgrade,2D,Hebrew,,2026-08-19,2026,,,,9+,Afula,MovieLand,601
23:00,גבעה 338,גבעה 338,https://movieland.co.il/order/?eventID=35624&theaterId=1294,https://movieland.co.il/order/?eventID=35624&theaterId=1294,Upgrade,2D,Hebrew,,2026-08-19,2026,,,,9+,Afula,MovieLand,601
13:50,סולטיז הסרט - וולוג ה-100,סולטיז הסרט - וולוג ה-100,https://movieland.co.il/order/?eventID=35639&theaterId=1294,https://movieland.co.il/order/?eventID=35639&theaterId=1294,Regular,2D,Hebrew,,2026-08-19,2026,,,,All,Afula,MovieLand,601
16:10,סולטיז הסרט - וולוג ה-100,סולטיז הסרט - וולוג ה-100,https://movieland.co.il/order/?eventID=35615&theaterId=1294,https://movieland.co.il/order/?eventID=35615&theaterId=1294,Regular,2D,Hebrew,,2026-08-19,2026,,,,All,Afula,MovieLand,601
13:45,STICH HEAD,פרנקי והמפלצות,https://movieland.co.il/order/?eventID=35637&theaterId=1294,https://movieland.co.il/order/?eventID=35637&theaterId=1294,Regular,2D,,Hebrew,2026-08-19,,,,,All,Afula,MovieLand,601
12:25,Toy Story 5,צעצוע של סיפור 5,https://movieland.co.il/order/?eventID=35602&theaterId=1294,https://movieland.co.il/order/?eventID=35602&theaterId=1294,Regular,2D,English,Hebrew,2026-08-19,2026,,,,All,Afula,MovieLand,601
10:55,Moana (Live Action),מואנה,https://movieland.co.il/order/?eventID=35603&theaterId=1294,https://movieland.co.il/order/?eventID=35603&theaterId=1294,Regular,2D,English,Hebrew,2026-08-19,2026,,,,All,Afula,MovieLand,601
10:30,Tafiti: Across the Desert,טפיטי: הרפתקה במדבר,https://movieland.co.il/order/?eventID=35635&theaterId=1294,https://movieland.co.il/order/?eventID=35635&theaterId=1294,Regular,2D,German,Hebrew,2026-08-19,2025,,,,ליווי מבוגר עד גיל 8,Afula,MovieLand,601
11:35,Three Wishes for Cinderella,סינדרלה ושלוש המשאלות,https://movieland.co.il/order/?eventID=35636&theaterId=1294,https://movieland.co.il/order/?eventID=35636&theaterId=1294,Regular,2D,,Hebrew,2026-08-19,2026,,,,All,Afula,MovieLand,601
16:00,GRACIE & PEDRO: PETS TO THE RESCUE,גרייסי ופדרו: חיות המחמד בפעולה,https://movieland.co.il/order/?eventID=35638&theaterId=1294,https://movieland.co.il/order/?eventID=35638&theaterId=1294,Regular,2D,,Hebrew,2026-08-19,,,,,All,Afula,MovieLand,601
18:30,НА КРАЮ ОУК-СТРИТ,НА КРАЮ ОУК-СТРИТ,https://movieland.co.il/order/?eventID=35644&theaterId=1294,https://movieland.co.il/order/?eventID=35644&theaterId=1294,Regular,2D,английский,,2026-08-19,,,,,12+,Afula,MovieLand,601
18:10,ЧЕЛОВЕК-ПАУК: НОВЫЙ ДЕНЬ,ЧЕЛОВЕК-ПАУК: НОВЫЙ ДЕНЬ,https://movieland.co.il/order/?eventID=35640&theaterId=1294,https://movieland.co.il/order/?eventID=35640&theaterId=1294,Regular,2D,английский,,2026-08-19,2026,,,,Нет возрастных ограничений,Afula,MovieLand,601
21:00,MovieRetro- לב אמיץ,MovieRetro- לב אמיץ,https://movieland.co.il/order/?eventID=35600&theaterId=1294,https://movieland.co.il/order/?eventID=35600&theaterId=1294,Regular,2D,English,,2026-08-27,1995,,,,,Afula,MovieLand,601
19:30,MovieRetro- הזאב מוול סטריט,MovieRetro- הזאב מוול סטריט,https://movieland.co.il/order/?eventID=29713&theaterId=1294,https://movieland.co.il/order/?eventID=29713&theaterId=1294,Regular,2D,English,,2026-09-03,2013,,,,,Afula,MovieLand,601
