showtime,english_title,hebrew_title,english_href,hebrew_href,screening_type,screening_tech,original_language,dub_language,date_of_showing,release_year,release_date,directed_by,runtime,rating,screening_city,cinema,run_id
18:20,גבעה 338,גבעה 338,https://tickets.cinema-city.co.il/order/849608?lang=en,https://tickets.cinema-city.co.il/order/849608?lang=he,Regular,2D,,,2026-08-24,,,,106,9+,Glilot,Cinema City,610
19:45,גבעה 338,גבעה 338,https://tickets.cinema-city.co.il/order/849521?lang=en,https://tickets.cinema-city.co.il/order/849521?lang=he,Regular,2D,,,2026-08-24,,,,106,9+,Glilot,Cinema City,610
20:50,גבעה 338,גבעה 338,https://tickets.cinema-city.co.il/order/849563?lang=en,https://tickets.cinema-city.co.il/order/849563?lang=he,Regular,2D,,,2026-08-24,,,,106,9+,Glilot,Cinema City,610
22:20,גבעה 338,גבעה 338,https://tickets.cinema-city.co.il/order/849522?lang=en,https://tickets.cinema-city.co.il/order/849522?lang=he,Regular,2D,,,2026-08-24,,,,106,9+,Glilot,Cinema City,610
13:30,גבעה 338,גבעה 338,https://tickets.cinema-city.co.il/order/849729?lang=en,https://tickets.cinema-city.co.il/order/849729?lang=he,Regular,2D,,,2026-08-25,,,,106,9+,Glilot,Cinema City,610
16:10,גבעה 338,גבעה 338,https://tickets.cinema-city.co.il/order/849728?lang=en,https://tickets.cinema-city.co.il/order/849728?lang=he,Regular,2D,,,2026-08-25,,,,106,9+,Glilot,Cinema City,610
18:20,גבעה 338,גבעה 338,https://tickets.cinema-city.co.il/order/849706?lang=en,https://tickets.cinema-city.co.il/order/849706?lang=he,Regular,2D,,,2026-08-25,,,,106,9+,Glilot,Cinema City,610
19:00,גבעה 338,גבעה 338,https://tickets.cinema-city.co.il/order/849634?lang=en,https://tickets.cinema-city.co.il/order/849634?lang=he,Regular,2D,,,2026-08-25,,,,106,9+,Glilot,Cinema City,610
20:50,גבעה 338,גבעה 338,https://tickets.cinema-city.co.il/order/849670?lang=en,https://tickets.cinema-city.co.il/order/849670?lang=he,Regular,2D,,,2026-08-25,,,,106,9+,Glilot,Cinema City,610
21:40,גבעה 338,גבעה 338,https://tickets.cinema-city.co.il/order/849635?lang=en,https://tickets.cinema-city.co.il/order/849635?lang=he,Regular,2D,,,2026-08-25,,,,106,9+,Glilot,Cinema City,610
13:20,גבעה 338,גבעה 338,https://tickets.cinema-city.co.il/order/849835?lang=en,https://tickets.cinema-city.co.il/order/849835?lang=he,Regular,2D,,,2026-08-26,,,,106,9+,Glilot,Cinema City,610
20:20,גבעה 338,גבעה 338,https://tickets.cinema-city.co.il/order/849774?lang=en,https://tickets.cinema-city.co.il/order/849774?lang=he,Regular,2D,,,2026-08-26,,,,106,9+,Glilot,Cinema City,610
21:00,גבעה 338,גבעה 338,https://tickets.cinema-city.co.il/order/849743?lang=en,https://tickets.cinema-city.co.il/order/849743?lang=he,Regular,2D,,,2026-08-26,,,,106,9+,Glilot,Cinema City,610
23:00,גבעה 338,גבעה 338,https://tickets.cinema-city.co.il/order/849791?lang=en,https://tickets.cinema-city.co.il/order/849791?lang=he,Regular,2D,,,2026-08-26,,,,106,9+,Glilot,Cinema City,610
11:15,THE POUT POUT FISH,דג ושמו באסה,https://tickets.cinema-city.co.il/order/849530?lang=en,https://tickets.cinema-city.co.il/order/849530?lang=he,Regular,2D,,Hebrew,2026-08-24,,,,93,,Glilot,Cinema City,610
13:40,THE POUT POUT FISH,דג ושמו באסה,https://tickets.cinema-city.co.il/order/849529?lang=en,https://tickets.cinema-city.co.il/order/849529?lang=he,Regular,2D,,Hebrew,2026-08-24,,,,93,,Glilot,Cinema City,610
16:10,THE POUT POUT FISH,דג ושמו באסה,https://tickets.cinema-city.co.il/order/849531?lang=en,https://tickets.cinema-city.co.il/order/849531?lang=he,Regular,2D,,Hebrew,2026-08-24,,,,93,,Glilot,Cinema City,610
11:15,THE POUT POUT FISH,דג ושמו באסה,https://tickets.cinema-city.co.il/order/849640?lang=en,https://tickets.cinema-city.co.il/order/849640?lang=he,Regular,2D,,Hebrew,2026-08-25,,,,93,,Glilot,Cinema City,610
13:40,THE POUT POUT FISH,דג ושמו באסה,https://tickets.cinema-city.co.il/order/849639?lang=en,https://tickets.cinema-city.co.il/order/849639?lang=he,Regular,2D,,Hebrew,2026-08-25,,,,93,,Glilot,Cinema City,610
16:10,THE POUT POUT FISH,דג ושמו באסה,https://tickets.cinema-city.co.il/order/849641?lang=en,https://tickets.cinema-city.co.il/order/849641?lang=he,Regular,2D,,Hebrew,2026-08-25,,,,93,,Glilot,Cinema City,610
11:15,THE POUT POUT FISH,דג ושמו באסה,https://tickets.cinema-city.co.il/order/849750?lang=en,https://tickets.cinema-city.co.il/order/849750?lang=he,Regular,2D,,Hebrew,2026-08-26,,,,93,,Glilot,Cinema City,610
13:40,THE POUT POUT FISH,דג ושמו באסה,https://tickets.cinema-city.co.il/order/849749?lang=en,https://tickets.cinema-city.co.il/order/849749?lang=he,Regular,2D,,Hebrew,2026-08-26,,,,93,,Glilot,Cinema City,610
15:15,THE POUT POUT FISH,דג ושמו באסה,https://tickets.cinema-city.co.il/order/849751?lang=en,https://tickets.cinema-city.co.il/order/849751?lang=he,Regular,2D,,Hebrew,2026-08-26,,,,93,,Glilot,Cinema City,610
18:30,Insidious: Out of the Further,הרוע שבפנים: מחוץ למעבר,https://tickets.cinema-city.co.il/order/849538?lang=en,https://tickets.cinema-city.co.il/order/849538?lang=he,Regular,2D,,,2026-08-24,,,,106,14+,Glilot,Cinema City,610
21:00,Insidious: Out of the Further,הרוע שבפנים: מחוץ למעבר,https://tickets.cinema-city.co.il/order/849537?lang=en,https://tickets.cinema-city.co.il/order/849537?lang=he,Regular,2D,,,2026-08-24,,,,106,14+,Glilot,Cinema City,610
23:30,Insidious: Out of the Further,הרוע שבפנים: מחוץ למעבר,https://tickets.cinema-city.co.il/order/849534?lang=en,https://tickets.cinema-city.co.il/order/849534?lang=he,Regular,2D,,,2026-08-24,,,,106,14+,Glilot,Cinema City,610
18:30,Insidious: Out of the Further,הרוע שבפנים: מחוץ למעבר,https://tickets.cinema-city.co.il/order/849649?lang=en,https://tickets.cinema-city.co.il/order/849649?lang=he,Regular,2D,,,2026-08-25,,,,106,14+,Glilot,Cinema City,610
22:30,Insidious: Out of the Further,הרוע שבפנים: מחוץ למעבר,https://tickets.cinema-city.co.il/order/849648?lang=en,https://tickets.cinema-city.co.il/order/849648?lang=he,Regular,2D,,,2026-08-25,,,,106,14+,Glilot,Cinema City,610
23:20,Insidious: Out of the Further,הרוע שבפנים: מחוץ למעבר,https://tickets.cinema-city.co.il/order/849644?lang=en,https://tickets.cinema-city.co.il/order/849644?lang=he,Regular,2D,,,2026-08-25,,,,106,14+,Glilot,Cinema City,610
18:20,Insidious: Out of the Further,הרוע שבפנים: מחוץ למעבר,https://tickets.cinema-city.co.il/order/849757?lang=en,https://tickets.cinema-city.co.il/order/849757?lang=he,Regular,2D,,,2026-08-26,,,,106,14+,Glilot,Cinema City,610
21:00,Insidious: Out of the Further,הרוע שבפנים: מחוץ למעבר,https://tickets.cinema-city.co.il/order/849756?lang=en,https://tickets.cinema-city.co.il/order/849756?lang=he,Regular,2D,,,2026-08-26,,,,106,14+,Glilot,Cinema City,610
23:30,Insidious: Out of the Further,הרוע שבפנים: מחוץ למעבר,https://tickets.cinema-city.co.il/order/849754?lang=en,https://tickets.cinema-city.co.il/order/849754?lang=he,Regular,2D,,,2026-08-26,,,,106,14+,Glilot,Cinema City,610
14:10,Dog Stars,כוכבי הכלב,https://tickets.cinema-city.co.il/order/849842?lang=en,https://tickets.cinema-city.co.il/order/849842?lang=he,Regular,2D,,,2026-08-26,,,,118,,Glilot,Cinema City,610
19:50,Dog Stars,כוכבי הכלב,https://tickets.cinema-city.co.il/order/849838?lang=en,https://tickets.cinema-city.co.il/order/849838?lang=he,Regular,2D,,,2026-08-26,,,,118,,Glilot,Cinema City,610
18:30,One Night Only,לגמור את הלילה,https://tickets.cinema-city.co.il/order/849555?lang=en,https://tickets.cinema-city.co.il/order/849555?lang=he,Regular,2D,,,2026-08-24,,,,102,14+,Glilot,Cinema City,610
21:00,One Night Only,לגמור את הלילה,https://tickets.cinema-city.co.il/order/849612?lang=en,https://tickets.cinema-city.co.il/order/849612?lang=he,Regular,2D,,,2026-08-24,,,,102,14+,Glilot,Cinema City,610
23:30,One Night Only,לגמור את הלילה,https://tickets.cinema-city.co.il/order/849554?lang=en,https://tickets.cinema-city.co.il/order/849554?lang=he,Regular,2D,,,2026-08-24,,,,102,14+,Glilot,Cinema City,610
18:30,One Night Only,לגמור את הלילה,https://tickets.cinema-city.co.il/order/849664?lang=en,https://tickets.cinema-city.co.il/order/849664?lang=he,Regular,2D,,,2026-08-25,,,,102,14+,Glilot,Cinema City,610
21:00,One Night Only,לגמור את הלילה,https://tickets.cinema-city.co.il/order/849710?lang=en,https://tickets.cinema-city.co.il/order/849710?lang=he,Regular,2D,,,2026-08-25,,,,102,14+,Glilot,Cinema City,610
23:25,One Night Only,לגמור את הלילה,https://tickets.cinema-city.co.il/order/849663?lang=en,https://tickets.cinema-city.co.il/order/849663?lang=he,Regular,2D,,,2026-08-25,,,,102,14+,Glilot,Cinema City,610
21:00,One Night Only,לגמור את הלילה,https://tickets.cinema-city.co.il/order/849812?lang=en,https://tickets.cinema-city.co.il/order/849812?lang=he,Regular,2D,,,2026-08-26,,,,102,14+,Glilot,Cinema City,610
18:45,La La Land 10th Anniversary,לה לה לנד-חגיגות העשור,https://tickets.cinema-city.co.il/order/849737?lang=en,https://tickets.cinema-city.co.il/order/849737?lang=he,Regular,2D,,,2026-08-25,,,,128,All,Glilot,Cinema City,610
21:45,La La Land 10th Anniversary,לה לה לנד-חגיגות העשור,https://tickets.cinema-city.co.il/order/849738?lang=en,https://tickets.cinema-city.co.il/order/849738?lang=he,Regular,2D,,,2026-08-25,,,,128,All,Glilot,Cinema City,610
19:00,La La Land 10th Anniversary,לה לה לנד-חגיגות העשור,https://tickets.cinema-city.co.il/order/849836?lang=en,https://tickets.cinema-city.co.il/order/849836?lang=he,Regular,2D,,,2026-08-26,,,,128,All,Glilot,Cinema City,610
21:55,La La Land 10th Anniversary,לה לה לנד-חגיגות העשור,https://tickets.cinema-city.co.il/order/849837?lang=en,https://tickets.cinema-city.co.il/order/849837?lang=he,Regular,2D,,,2026-08-26,,,,128,All,Glilot,Cinema City,610
20:45,La La Land 10th Anniversary,לה לה לנד-חגיגות העשור,https://tickets.cinema-city.co.il/order/852330?lang=en,https://tickets.cinema-city.co.il/order/852330?lang=he,Regular,2D,,,2026-08-27,,,,128,All,Glilot,Cinema City,610
21:30,La La Land 10th Anniversary,לה לה לנד-חגיגות העשור,https://tickets.cinema-city.co.il/order/852331?lang=en,https://tickets.cinema-city.co.il/order/852331?lang=he,Regular,2D,,,2026-08-28,,,,128,All,Glilot,Cinema City,610
21:00,La La Land 10th Anniversary,לה לה לנד-חגיגות העשור,https://tickets.cinema-city.co.il/order/852332?lang=en,https://tickets.cinema-city.co.il/order/852332?lang=he,Regular,2D,,,2026-08-29,,,,128,All,Glilot,Cinema City,610
18:50,Coyote vs. Acme,לוני טונס מציגים: קיוטי נגד אקמי,https://tickets.cinema-city.co.il/order/849535?lang=en,https://tickets.cinema-city.co.il/order/849535?lang=he,Regular,2D,,,2026-08-24,,,,101,All,Glilot,Cinema City,610
21:10,Coyote vs. Acme,לוני טונס מציגים: קיוטי נגד אקמי,https://tickets.cinema-city.co.il/order/852687?lang=en,https://tickets.cinema-city.co.il/order/852687?lang=he,Regular,2D,,,2026-08-24,,,,101,All,Glilot,Cinema City,610
16:00,Coyote vs. Acme,לוני טונס מציגים: קיוטי נגד אקמי,https://tickets.cinema-city.co.il/order/849645?lang=en,https://tickets.cinema-city.co.il/order/849645?lang=he,Regular,2D,,,2026-08-25,,,,101,All,Glilot,Cinema City,610
21:00,Coyote vs. Acme,לוני טונס מציגים: קיוטי נגד אקמי,https://tickets.cinema-city.co.il/order/852688?lang=en,https://tickets.cinema-city.co.il/order/852688?lang=he,Regular,2D,,,2026-08-25,,,,101,All,Glilot,Cinema City,610
16:30,Coyote vs. Acme,לוני טונס מציגים: קיוטי נגד אקמי,https://tickets.cinema-city.co.il/order/849755?lang=en,https://tickets.cinema-city.co.il/order/849755?lang=he,Regular,2D,,,2026-08-26,,,,101,All,Glilot,Cinema City,610
10:50,Coyote vs. Acme,לוני טונס מציגים: קיוטי נגד אקמי,https://tickets.cinema-city.co.il/order/849594?lang=en,https://tickets.cinema-city.co.il/order/849594?lang=he,Regular,2D,,Hebrew,2026-08-24,,,,101,All,Glilot,Cinema City,610
11:20,Coyote vs. Acme,לוני טונס מציגים: קיוטי נגד אקמי,https://tickets.cinema-city.co.il/order/849582?lang=en,https://tickets.cinema-city.co.il/order/849582?lang=he,Regular,2D,,Hebrew,2026-08-24,,,,101,All,Glilot,Cinema City,610
13:50,Coyote vs. Acme,לוני טונס מציגים: קיוטי נגד אקמי,https://tickets.cinema-city.co.il/order/849533?lang=en,https://tickets.cinema-city.co.il/order/849533?lang=he,Regular,2D,,Hebrew,2026-08-24,,,,101,All,Glilot,Cinema City,610
15:45,Coyote vs. Acme,לוני טונס מציגים: קיוטי נגד אקמי,https://tickets.cinema-city.co.il/order/849632?lang=en,https://tickets.cinema-city.co.il/order/849632?lang=he,Regular,2D,,Hebrew,2026-08-24,,,,101,All,Glilot,Cinema City,610
18:05,Coyote vs. Acme,לוני טונס מציגים: קיוטי נגד אקמי,https://tickets.cinema-city.co.il/order/849536?lang=en,https://tickets.cinema-city.co.il/order/849536?lang=he,Regular,2D,,Hebrew,2026-08-24,,,,101,All,Glilot,Cinema City,610
11:00,Coyote vs. Acme,לוני טונס מציגים: קיוטי נגד אקמי,https://tickets.cinema-city.co.il/order/849736?lang=en,https://tickets.cinema-city.co.il/order/849736?lang=he,Regular,2D,,Hebrew,2026-08-25,,,,101,All,Glilot,Cinema City,610
13:30,Coyote vs. Acme,לוני טונס מציגים: קיוטי נגד אקמי,https://tickets.cinema-city.co.il/order/849643?lang=en,https://tickets.cinema-city.co.il/order/849643?lang=he,Regular,2D,,Hebrew,2026-08-25,,,,101,All,Glilot,Cinema City,610
15:00,Coyote vs. Acme,לוני טונס מציגים: קיוטי נגד אקמי,https://tickets.cinema-city.co.il/order/849647?lang=en,https://tickets.cinema-city.co.il/order/849647?lang=he,Regular,2D,,Hebrew,2026-08-25,,,,101,All,Glilot,Cinema City,610
17:40,Coyote vs. Acme,לוני טונס מציגים: קיוטי נגד אקמי,https://tickets.cinema-city.co.il/order/849646?lang=en,https://tickets.cinema-city.co.il/order/849646?lang=he,Regular,2D,,Hebrew,2026-08-25,,,,101,All,Glilot,Cinema City,610
11:20,Coyote vs. Acme,לוני טונס מציגים: קיוטי נגד אקמי,https://tickets.cinema-city.co.il/order/849789?lang=en,https://tickets.cinema-city.co.il/order/849789?lang=he,Regular,2D,,Hebrew,2026-08-26,,,,101,All,Glilot,Cinema City,610
13:50,Coyote vs. Acme,לוני טונס מציגים: קיוטי נגד אקמי,https://tickets.cinema-city.co.il/order/849753?lang=en,https://tickets.cinema-city.co.il/order/849753?lang=he,Regular,2D,,Hebrew,2026-08-26,,,,101,All,Glilot,Cinema City,610
16:40,Coyote vs. Acme,לוני טונס מציגים: קיוטי נגד אקמי,https://tickets.cinema-city.co.il/order/849829?lang=en,https://tickets.cinema-city.co.il/order/849829?lang=he,Regular,2D,,Hebrew,2026-08-26,,,,101,All,Glilot,Cinema City,610
11:00,MUTINY,נקמה בלב ים,https://tickets.cinema-city.co.il/order/849622?lang=en,https://tickets.cinema-city.co.il/order/849622?lang=he,Regular,2D,,,2026-08-24,,,,95,14+,Glilot,Cinema City,610
13:30,MUTINY,נקמה בלב ים,https://tickets.cinema-city.co.il/order/849613?lang=en,https://tickets.cinema-city.co.il/order/849613?lang=he,Regular,2D,,,2026-08-24,,,,95,14+,Glilot,Cinema City,610
16:00,MUTINY,נקמה בלב ים,https://tickets.cinema-city.co.il/order/849542?lang=en,https://tickets.cinema-city.co.il/order/849542?lang=he,Regular,2D,,,2026-08-24,,,,95,14+,Glilot,Cinema City,610
18:30,MUTINY,נקמה בלב ים,https://tickets.cinema-city.co.il/order/849621?lang=en,https://tickets.cinema-city.co.il/order/849621?lang=he,Regular,2D,,,2026-08-24,,,,95,14+,Glilot,Cinema City,610
20:25,MUTINY,נקמה בלב ים,https://tickets.cinema-city.co.il/order/849544?lang=en,https://tickets.cinema-city.co.il/order/849544?lang=he,Regular,2D,,,2026-08-24,,,,95,14+,Glilot,Cinema City,610
21:00,MUTINY,נקמה בלב ים,https://tickets.cinema-city.co.il/order/849541?lang=en,https://tickets.cinema-city.co.il/order/849541?lang=he,Regular,2D,,,2026-08-24,,,,95,14+,Glilot,Cinema City,610
22:40,MUTINY,נקמה בלב ים,https://tickets.cinema-city.co.il/order/849543?lang=en,https://tickets.cinema-city.co.il/order/849543?lang=he,Regular,2D,,,2026-08-24,,,,95,14+,Glilot,Cinema City,610
23:30,MUTINY,נקמה בלב ים,https://tickets.cinema-city.co.il/order/849540?lang=en,https://tickets.cinema-city.co.il/order/849540?lang=he,Regular,2D,,,2026-08-24,,,,95,14+,Glilot,Cinema City,610
12:10,MUTINY,נקמה בלב ים,https://tickets.cinema-city.co.il/order/849719?lang=en,https://tickets.cinema-city.co.il/order/849719?lang=he,Regular,2D,,,2026-08-25,,,,95,14+,Glilot,Cinema City,610
14:35,MUTINY,נקמה בלב ים,https://tickets.cinema-city.co.il/order/849711?lang=en,https://tickets.cinema-city.co.il/order/849711?lang=he,Regular,2D,,,2026-08-25,,,,95,14+,Glilot,Cinema City,610
17:00,MUTINY,נקמה בלב ים,https://tickets.cinema-city.co.il/order/849652?lang=en,https://tickets.cinema-city.co.il/order/849652?lang=he,Regular,2D,,,2026-08-25,,,,95,14+,Glilot,Cinema City,610
20:30,MUTINY,נקמה בלב ים,https://tickets.cinema-city.co.il/order/849654?lang=en,https://tickets.cinema-city.co.il/order/849654?lang=he,Regular,2D,,,2026-08-25,,,,95,14+,Glilot,Cinema City,610
22:00,MUTINY,נקמה בלב ים,https://tickets.cinema-city.co.il/order/849651?lang=en,https://tickets.cinema-city.co.il/order/849651?lang=he,Regular,2D,,,2026-08-25,,,,95,14+,Glilot,Cinema City,610
23:00,MUTINY,נקמה בלב ים,https://tickets.cinema-city.co.il/order/849653?lang=en,https://tickets.cinema-city.co.il/order/849653?lang=he,Regular,2D,,,2026-08-25,,,,95,14+,Glilot,Cinema City,610
12:30,MUTINY,נקמה בלב ים,https://tickets.cinema-city.co.il/order/849819?lang=en,https://tickets.cinema-city.co.il/order/849819?lang=he,Regular,2D,,,2026-08-26,,,,95,14+,Glilot,Cinema City,610
15:00,MUTINY,נקמה בלב ים,https://tickets.cinema-city.co.il/order/849813?lang=en,https://tickets.cinema-city.co.il/order/849813?lang=he,Regular,2D,,,2026-08-26,,,,95,14+,Glilot,Cinema City,610
18:30,MUTINY,נקמה בלב ים,https://tickets.cinema-city.co.il/order/849839?lang=en,https://tickets.cinema-city.co.il/order/849839?lang=he,Regular,2D,,,2026-08-26,,,,95,14+,Glilot,Cinema City,610
19:15,MUTINY,נקמה בלב ים,https://tickets.cinema-city.co.il/order/849761?lang=en,https://tickets.cinema-city.co.il/order/849761?lang=he,Regular,2D,,,2026-08-26,,,,95,14+,Glilot,Cinema City,610
20:00,MUTINY,נקמה בלב ים,https://tickets.cinema-city.co.il/order/849759?lang=en,https://tickets.cinema-city.co.il/order/849759?lang=he,Regular,2D,,,2026-08-26,,,,95,14+,Glilot,Cinema City,610
21:40,MUTINY,נקמה בלב ים,https://tickets.cinema-city.co.il/order/849760?lang=en,https://tickets.cinema-city.co.il/order/849760?lang=he,Regular,2D,,,2026-08-26,,,,95,14+,Glilot,Cinema City,610
22:30,MUTINY,נקמה בלב ים,https://tickets.cinema-city.co.il/order/849758?lang=en,https://tickets.cinema-city.co.il/order/849758?lang=he,Regular,2D,,,2026-08-26,,,,95,14+,Glilot,Cinema City,610
13:30,End of Oak Street,סוף רחוב האלון,https://tickets.cinema-city.co.il/order/849598?lang=en,https://tickets.cinema-city.co.il/order/849598?lang=he,Regular,2D,,,2026-08-24,,,,100,12+,Glilot,Cinema City,610
16:00,End of Oak Street,סוף רחוב האלון,https://tickets.cinema-city.co.il/order/849553?lang=en,https://tickets.cinema-city.co.il/order/849553?lang=he,Regular,2D,,,2026-08-24,,,,100,12+,Glilot,Cinema City,610
20:30,End of Oak Street,סוף רחוב האלון,https://tickets.cinema-city.co.il/order/849552?lang=en,https://tickets.cinema-city.co.il/order/849552?lang=he,Regular,2D,,,2026-08-24,,,,100,12+,Glilot,Cinema City,610
13:30,End of Oak Street,סוף רחוב האלון,https://tickets.cinema-city.co.il/order/849698?lang=en,https://tickets.cinema-city.co.il/order/849698?lang=he,Regular,2D,,,2026-08-25,,,,100,12+,Glilot,Cinema City,610
20:30,End of Oak Street,סוף רחוב האלון,https://tickets.cinema-city.co.il/order/849662?lang=en,https://tickets.cinema-city.co.il/order/849662?lang=he,Regular,2D,,,2026-08-25,,,,100,12+,Glilot,Cinema City,610
16:00,End of Oak Street,סוף רחוב האלון,https://tickets.cinema-city.co.il/order/849767?lang=en,https://tickets.cinema-city.co.il/order/849767?lang=he,Regular,2D,,,2026-08-26,,,,100,12+,Glilot,Cinema City,610
10:40,SPA WEEKEND,ספא וויקנד,https://tickets.cinema-city.co.il/order/849528?lang=en,https://tickets.cinema-city.co.il/order/849528?lang=he,Regular,2D,,,2026-08-24,,,,97,14+,Glilot,Cinema City,610
11:50,SPA WEEKEND,ספא וויקנד,https://tickets.cinema-city.co.il/order/849617?lang=en,https://tickets.cinema-city.co.il/order/849617?lang=he,Regular,2D,,,2026-08-24,,,,97,14+,Glilot,Cinema City,610
13:00,SPA WEEKEND,ספא וויקנד,https://tickets.cinema-city.co.il/order/849527?lang=en,https://tickets.cinema-city.co.il/order/849527?lang=he,Regular,2D,,,2026-08-24,,,,97,14+,Glilot,Cinema City,610
15:20,SPA WEEKEND,ספא וויקנד,https://tickets.cinema-city.co.il/order/849526?lang=en,https://tickets.cinema-city.co.il/order/849526?lang=he,Regular,2D,,,2026-08-24,,,,97,14+,Glilot,Cinema City,610
17:40,SPA WEEKEND,ספא וויקנד,https://tickets.cinema-city.co.il/order/849523?lang=en,https://tickets.cinema-city.co.il/order/849523?lang=he,Regular,2D,,,2026-08-24,,,,97,14+,Glilot,Cinema City,610
18:40,SPA WEEKEND,ספא וויקנד,https://tickets.cinema-city.co.il/order/849539?lang=en,https://tickets.cinema-city.co.il/order/849539?lang=he,Regular,2D,,,2026-08-24,,,,97,14+,Glilot,Cinema City,610
20:00,SPA WEEKEND,ספא וויקנד,https://tickets.cinema-city.co.il/order/849524?lang=en,https://tickets.cinema-city.co.il/order/849524?lang=he,Regular,2D,,,2026-08-24,,,,97,14+,Glilot,Cinema City,610
21:10,SPA WEEKEND,ספא וויקנד,https://tickets.cinema-city.co.il/order/849532?lang=en,https://tickets.cinema-city.co.il/order/849532?lang=he,Regular,2D,,,2026-08-24,,,,97,14+,Glilot,Cinema City,610
22:20,SPA WEEKEND,ספא וויקנד,https://tickets.cinema-city.co.il/order/849525?lang=en,https://tickets.cinema-city.co.il/order/849525?lang=he,Regular,2D,,,2026-08-24,,,,97,14+,Glilot,Cinema City,610
11:50,SPA WEEKEND,ספא וויקנד,https://tickets.cinema-city.co.il/order/849714?lang=en,https://tickets.cinema-city.co.il/order/849714?lang=he,Regular,2D,,,2026-08-25,,,,97,14+,Glilot,Cinema City,610
13:40,SPA WEEKEND,ספא וויקנד,https://tickets.cinema-city.co.il/order/849733?lang=en,https://tickets.cinema-city.co.il/order/849733?lang=he,Regular,2D,,,2026-08-25,,,,97,14+,Glilot,Cinema City,610
16:10,SPA WEEKEND,ספא וויקנד,https://tickets.cinema-city.co.il/order/849739?lang=en,https://tickets.cinema-city.co.il/order/849739?lang=he,Regular,2D,,,2026-08-25,,,,97,14+,Glilot,Cinema City,610
17:00,SPA WEEKEND,ספא וויקנד,https://tickets.cinema-city.co.il/order/849636?lang=en,https://tickets.cinema-city.co.il/order/849636?lang=he,Regular,2D,,,2026-08-25,,,,97,14+,Glilot,Cinema City,610
18:40,SPA WEEKEND,ספא וויקנד,https://tickets.cinema-city.co.il/order/849650?lang=en,https://tickets.cinema-city.co.il/order/849650?lang=he,Regular,2D,,,2026-08-25,,,,97,14+,Glilot,Cinema City,610
19:30,SPA WEEKEND,ספא וויקנד,https://tickets.cinema-city.co.il/order/849637?lang=en,https://tickets.cinema-city.co.il/order/849637?lang=he,Regular,2D,,,2026-08-25,,,,97,14+,Glilot,Cinema City,610
21:10,SPA WEEKEND,ספא וויקנד,https://tickets.cinema-city.co.il/order/849642?lang=en,https://tickets.cinema-city.co.il/order/849642?lang=he,Regular,2D,,,2026-08-25,,,,97,14+,Glilot,Cinema City,610
22:00,SPA WEEKEND,ספא וויקנד,https://tickets.cinema-city.co.il/order/849638?lang=en,https://tickets.cinema-city.co.il/order/849638?lang=he,Regular,2D,,,2026-08-25,,,,97,14+,Glilot,Cinema City,610
23:30,SPA WEEKEND,ספא וויקנד,https://tickets.cinema-city.co.il/order/849727?lang=en,https://tickets.cinema-city.co.il/order/849727?lang=he,Regular,2D,,,2026-08-25,,,,97,14+,Glilot,Cinema City,610
11:40,SPA WEEKEND,ספא וויקנד,https://tickets.cinema-city.co.il/order/849748?lang=en,https://tickets.cinema-city.co.il/order/849748?lang=he,Regular,2D,,,2026-08-26,,,,97,14+,Glilot,Cinema City,610
14:10,SPA WEEKEND,ספא וויקנד,https://tickets.cinema-city.co.il/order/849747?lang=en,https://tickets.cinema-city.co.il/order/849747?lang=he,Regular,2D,,,2026-08-26,,,,97,14+,Glilot,Cinema City,610
16:40,SPA WEEKEND,ספא וויקנד,https://tickets.cinema-city.co.il/order/849744?lang=en,https://tickets.cinema-city.co.il/order/849744?lang=he,Regular,2D,,,2026-08-26,,,,97,14+,Glilot,Cinema City,610
19:10,SPA WEEKEND,ספא וויקנד,https://tickets.cinema-city.co.il/order/849745?lang=en,https://tickets.cinema-city.co.il/order/849745?lang=he,Regular,2D,,,2026-08-26,,,,97,14+,Glilot,Cinema City,610
20:50,SPA WEEKEND,ספא וויקנד,https://tickets.cinema-city.co.il/order/849841?lang=en,https://tickets.cinema-city.co.il/order/849841?lang=he,Regular,2D,,,2026-08-26,,,,97,14+,Glilot,Cinema City,610
21:40,SPA WEEKEND,ספא וויקנד,https://tickets.cinema-city.co.il/order/849746?lang=en,https://tickets.cinema-city.co.il/order/849746?lang=he,Regular,2D,,,2026-08-26,,,,97,14+,Glilot,Cinema City,610
22:40,SPA WEEKEND,ספא וויקנד,https://tickets.cinema-city.co.il/order/849752?lang=en,https://tickets.cinema-city.co.il/order/849752?lang=he,Regular,2D,,,2026-08-26,,,,97,14+,Glilot,Cinema City,610
11:20,SPIDERMAN: BRAND NEW DAY,ספיידרמן: יום חדש,https://tickets.cinema-city.co.il/order/849572?lang=en,https://tickets.cinema-city.co.il/order/849572?lang=he,Regular,2D,,,2026-08-24,,,,150,All,Glilot,Cinema City,610
11:30,SPIDERMAN: BRAND NEW DAY,ספיידרמן: יום חדש,https://tickets.cinema-city.co.il/order/849604?lang=en,https://tickets.cinema-city.co.il/order/849604?lang=he,Regular,2D,,,2026-08-24,,,,150,All,Glilot,Cinema City,610
14:40,SPIDERMAN: BRAND NEW DAY,ספיידרמן: יום חדש,https://tickets.cinema-city.co.il/order/849569?lang=en,https://tickets.cinema-city.co.il/order/849569?lang=he,Regular,2D,,,2026-08-24,,,,150,All,Glilot,Cinema City,610
14:40,SPIDERMAN: BRAND NEW DAY,ספיידרמן: יום חדש,https://tickets.cinema-city.co.il/order/849599?lang=en,https://tickets.cinema-city.co.il/order/849599?lang=he,Regular,2D,,,2026-08-24,,,,150,All,Glilot,Cinema City,610
16:00,SPIDERMAN: BRAND NEW DAY,ספיידרמן: יום חדש,https://tickets.cinema-city.co.il/order/849605?lang=en,https://tickets.cinema-city.co.il/order/849605?lang=he,Regular,2D,,,2026-08-24,,,,150,All,Glilot,Cinema City,610
17:50,SPIDERMAN: BRAND NEW DAY,ספיידרמן: יום חדש,https://tickets.cinema-city.co.il/order/849577?lang=en,https://tickets.cinema-city.co.il/order/849577?lang=he,Regular,2D,,,2026-08-24,,,,150,All,Glilot,Cinema City,610
18:00,SPIDERMAN: BRAND NEW DAY,ספיידרמן: יום חדש,https://tickets.cinema-city.co.il/order/849570?lang=en,https://tickets.cinema-city.co.il/order/849570?lang=he,Regular,2D,,,2026-08-24,,,,150,All,Glilot,Cinema City,610
19:20,SPIDERMAN: BRAND NEW DAY,ספיידרמן: יום חדש,https://tickets.cinema-city.co.il/order/849606?lang=en,https://tickets.cinema-city.co.il/order/849606?lang=he,Regular,2D,,,2026-08-24,,,,150,All,Glilot,Cinema City,610
21:20,SPIDERMAN: BRAND NEW DAY,ספיידרמן: יום חדש,https://tickets.cinema-city.co.il/order/849571?lang=en,https://tickets.cinema-city.co.il/order/849571?lang=he,Regular,2D,,,2026-08-24,,,,150,All,Glilot,Cinema City,610
22:40,SPIDERMAN: BRAND NEW DAY,ספיידרמן: יום חדש,https://tickets.cinema-city.co.il/order/849607?lang=en,https://tickets.cinema-city.co.il/order/849607?lang=he,Regular,2D,,,2026-08-24,,,,150,All,Glilot,Cinema City,610
11:20,SPIDERMAN: BRAND NEW DAY,ספיידרמן: יום חדש,https://tickets.cinema-city.co.il/order/849678?lang=en,https://tickets.cinema-city.co.il/order/849678?lang=he,Regular,2D,,,2026-08-25,,,,150,All,Glilot,Cinema City,610
11:50,SPIDERMAN: BRAND NEW DAY,ספיידרמן: יום חדש,https://tickets.cinema-city.co.il/order/849702?lang=en,https://tickets.cinema-city.co.il/order/849702?lang=he,Regular,2D,,,2026-08-25,,,,150,All,Glilot,Cinema City,610
13:40,SPIDERMAN: BRAND NEW DAY,ספיידרמן: יום חדש,https://tickets.cinema-city.co.il/order/849725?lang=en,https://tickets.cinema-city.co.il/order/849725?lang=he,Regular,2D,,,2026-08-25,,,,150,All,Glilot,Cinema City,610
14:40,SPIDERMAN: BRAND NEW DAY,ספיידרמן: יום חדש,https://tickets.cinema-city.co.il/order/849675?lang=en,https://tickets.cinema-city.co.il/order/849675?lang=he,Regular,2D,,,2026-08-25,,,,150,All,Glilot,Cinema City,610
15:00,SPIDERMAN: BRAND NEW DAY,ספיידרמן: יום חדש,https://tickets.cinema-city.co.il/order/849699?lang=en,https://tickets.cinema-city.co.il/order/849699?lang=he,Regular,2D,,,2026-08-25,,,,150,All,Glilot,Cinema City,610
16:00,SPIDERMAN: BRAND NEW DAY,ספיידרמן: יום חדש,https://tickets.cinema-city.co.il/order/849703?lang=en,https://tickets.cinema-city.co.il/order/849703?lang=he,Regular,2D,,,2026-08-25,,,,150,All,Glilot,Cinema City,610
17:00,SPIDERMAN: BRAND NEW DAY,ספיידרמן: יום חדש,https://tickets.cinema-city.co.il/order/849726?lang=en,https://tickets.cinema-city.co.il/order/849726?lang=he,Regular,2D,,,2026-08-25,,,,150,All,Glilot,Cinema City,610
18:00,SPIDERMAN: BRAND NEW DAY,ספיידרמן: יום חדש,https://tickets.cinema-city.co.il/order/849676?lang=en,https://tickets.cinema-city.co.il/order/849676?lang=he,Regular,2D,,,2026-08-25,,,,150,All,Glilot,Cinema City,610
18:05,SPIDERMAN: BRAND NEW DAY,ספיידרמן: יום חדש,https://tickets.cinema-city.co.il/order/849683?lang=en,https://tickets.cinema-city.co.il/order/849683?lang=he,Regular,2D,,,2026-08-25,,,,150,All,Glilot,Cinema City,610
19:20,SPIDERMAN: BRAND NEW DAY,ספיידרמן: יום חדש,https://tickets.cinema-city.co.il/order/849704?lang=en,https://tickets.cinema-city.co.il/order/849704?lang=he,Regular,2D,,,2026-08-25,,,,150,All,Glilot,Cinema City,610
21:15,SPIDERMAN: BRAND NEW DAY,ספיידרמן: יום חדש,https://tickets.cinema-city.co.il/order/849684?lang=en,https://tickets.cinema-city.co.il/order/849684?lang=he,Regular,2D,,,2026-08-25,,,,150,All,Glilot,Cinema City,610
21:20,SPIDERMAN: BRAND NEW DAY,ספיידרמן: יום חדש,https://tickets.cinema-city.co.il/order/849677?lang=en,https://tickets.cinema-city.co.il/order/849677?lang=he,Regular,2D,,,2026-08-25,,,,150,All,Glilot,Cinema City,610
22:40,SPIDERMAN: BRAND NEW DAY,ספיידרמן: יום חדש,https://tickets.cinema-city.co.il/order/849705?lang=en,https://tickets.cinema-city.co.il/order/849705?lang=he,Regular,2D,,,2026-08-25,,,,150,All,Glilot,Cinema City,610
11:50,SPIDERMAN: BRAND NEW DAY,ספיידרמן: יום חדש,https://tickets.cinema-city.co.il/order/849805?lang=en,https://tickets.cinema-city.co.il/order/849805?lang=he,Regular,2D,,,2026-08-26,,,,150,All,Glilot,Cinema City,610
12:10,SPIDERMAN: BRAND NEW DAY,ספיידרמן: יום חדש,https://tickets.cinema-city.co.il/order/849779?lang=en,https://tickets.cinema-city.co.il/order/849779?lang=he,Regular,2D,,,2026-08-26,,,,150,All,Glilot,Cinema City,610
14:30,SPIDERMAN: BRAND NEW DAY,ספיידרמן: יום חדש,https://tickets.cinema-city.co.il/order/849806?lang=en,https://tickets.cinema-city.co.il/order/849806?lang=he,Regular,2D,,,2026-08-26,,,,150,All,Glilot,Cinema City,610
15:00,SPIDERMAN: BRAND NEW DAY,ספיידרמן: יום חדש,https://tickets.cinema-city.co.il/order/849800?lang=en,https://tickets.cinema-city.co.il/order/849800?lang=he,Regular,2D,,,2026-08-26,,,,150,All,Glilot,Cinema City,610
17:50,SPIDERMAN: BRAND NEW DAY,ספיידרמן: יום חדש,https://tickets.cinema-city.co.il/order/849807?lang=en,https://tickets.cinema-city.co.il/order/849807?lang=he,Regular,2D,,,2026-08-26,,,,150,All,Glilot,Cinema City,610
18:05,SPIDERMAN: BRAND NEW DAY,ספיידרמן: יום חדש,https://tickets.cinema-city.co.il/order/849783?lang=en,https://tickets.cinema-city.co.il/order/849783?lang=he,Regular,2D,,,2026-08-26,,,,150,All,Glilot,Cinema City,610
19:40,SPIDERMAN: BRAND NEW DAY,ספיידרמן: יום חדש,https://tickets.cinema-city.co.il/order/849778?lang=en,https://tickets.cinema-city.co.il/order/849778?lang=he,Regular,2D,,,2026-08-26,,,,150,All,Glilot,Cinema City,610
21:10,SPIDERMAN: BRAND NEW DAY,ספיידרמן: יום חדש,https://tickets.cinema-city.co.il/order/849808?lang=en,https://tickets.cinema-city.co.il/order/849808?lang=he,Regular,2D,,,2026-08-26,,,,150,All,Glilot,Cinema City,610
21:15,SPIDERMAN: BRAND NEW DAY,ספיידרמן: יום חדש,https://tickets.cinema-city.co.il/order/849784?lang=en,https://tickets.cinema-city.co.il/order/849784?lang=he,Regular,2D,,,2026-08-26,,,,150,All,Glilot,Cinema City,610
22:10,SPIDERMAN: BRAND NEW DAY,ספיידרמן: יום חדש,https://tickets.cinema-city.co.il/order/849830?lang=en,https://tickets.cinema-city.co.il/order/849830?lang=he,Regular,2D,,,2026-08-26,,,,150,All,Glilot,Cinema City,610
23:00,SPIDERMAN: BRAND NEW DAY,ספיידרמן: יום חדש,https://tickets.cinema-city.co.il/order/849832?lang=en,https://tickets.cinema-city.co.il/order/849832?lang=he,Regular,2D,,,2026-08-26,,,,150,All,Glilot,Cinema City,610
21:45,גבעה 338,גבעה 338,https://tickets.cinema-city.co.il/order/852526?lang=en,https://tickets.cinema-city.co.il/order/852526?lang=he,VIP,2D,,,2026-08-24,,,,106,9+,Glilot,Cinema City,610
22:00,גבעה 338,גבעה 338,https://tickets.cinema-city.co.il/order/852458?lang=en,https://tickets.cinema-city.co.il/order/852458?lang=he,VIP,2D,,,2026-08-26,,,,106,9+,Glilot,Cinema City,610
18:30,SPIDERMAN: BRAND NEW DAY,ספיידרמן: יום חדש,https://tickets.cinema-city.co.il/order/852529?lang=en,https://tickets.cinema-city.co.il/order/852529?lang=he,VIP,2D,,,2026-08-24,,,,150,All,Glilot,Cinema City,610
20:45,SPIDERMAN: BRAND NEW DAY,ספיידרמן: יום חדש,https://tickets.cinema-city.co.il/order/852457?lang=en,https://tickets.cinema-city.co.il/order/852457?lang=he,VIP,2D,,,2026-08-26,,,,150,All,Glilot,Cinema City,610
11:30,SPIDERMAN: BRAND NEW DAY,ספיידרמן: יום חדש,https://tickets.cinema-city.co.il/order/849604?lang=en,https://tickets.cinema-city.co.il/order/849604?lang=he,Lounge,2D,,,2026-08-24,,,,150,All,Glilot,Cinema City,610
14:40,SPIDERMAN: BRAND NEW DAY,ספיידרמן: יום חדש,https://tickets.cinema-city.co.il/order/849599?lang=en,https://tickets.cinema-city.co.il/order/849599?lang=he,Lounge,2D,,,2026-08-24,,,,150,All,Glilot,Cinema City,610
17:50,SPIDERMAN: BRAND NEW DAY,ספיידרמן: יום חדש,https://tickets.cinema-city.co.il/order/849577?lang=en,https://tickets.cinema-city.co.il/order/849577?lang=he,Lounge,2D,,,2026-08-24,,,,150,All,Glilot,Cinema City,610
11:50,SPIDERMAN: BRAND NEW DAY,ספיידרמן: יום חדש,https://tickets.cinema-city.co.il/order/849702?lang=en,https://tickets.cinema-city.co.il/order/849702?lang=he,Lounge,2D,,,2026-08-25,,,,150,All,Glilot,Cinema City,610
15:00,SPIDERMAN: BRAND NEW DAY,ספיידרמן: יום חדש,https://tickets.cinema-city.co.il/order/849699?lang=en,https://tickets.cinema-city.co.il/order/849699?lang=he,Lounge,2D,,,2026-08-25,,,,150,All,Glilot,Cinema City,610
18:05,SPIDERMAN: BRAND NEW DAY,ספיידרמן: יום חדש,https://tickets.cinema-city.co.il/order/849683?lang=en,https://tickets.cinema-city.co.il/order/849683?lang=he,Lounge,2D,,,2026-08-25,,,,150,All,Glilot,Cinema City,610
21:15,SPIDERMAN: BRAND NEW DAY,ספיידרמן: יום חדש,https://tickets.cinema-city.co.il/order/849684?lang=en,https://tickets.cinema-city.co.il/order/849684?lang=he,Lounge,2D,,,2026-08-25,,,,150,All,Glilot,Cinema City,610
11:50,SPIDERMAN: BRAND NEW DAY,ספיידרמן: יום חדש,https://tickets.cinema-city.co.il/order/849805?lang=en,https://tickets.cinema-city.co.il/order/849805?lang=he,Lounge,2D,,,2026-08-26,,,,150,All,Glilot,Cinema City,610
15:00,SPIDERMAN: BRAND NEW DAY,ספיידרמן: יום חדש,https://tickets.cinema-city.co.il/order/849800?lang=en,https://tickets.cinema-city.co.il/order/849800?lang=he,Lounge,2D,,,2026-08-26,,,,150,All,Glilot,Cinema City,610
18:05,SPIDERMAN: BRAND NEW DAY,ספיידרמן: יום חדש,https://tickets.cinema-city.co.il/order/849783?lang=en,https://tickets.cinema-city.co.il/order/849783?lang=he,Lounge,2D,,,2026-08-26,,,,150,All,Glilot,Cinema City,610
21:15,SPIDERMAN: BRAND NEW DAY,ספיידרמן: יום חדש,https://tickets.cinema-city.co.il/order/849784?lang=en,https://tickets.cinema-city.co.il/order/849784?lang=he,Lounge,2D,,,2026-08-26,,,,150,All,Glilot,Cinema City,610
13:30,גבעה 338,גבעה 338,https://tickets.cinema-city.co.il/order/848786?lang=en,https://tickets.cinema-city.co.il/order/848786?lang=he,Regular,2D,,,2026-08-24,,,,106,9+,Rishon Letzion,Cinema City,610
16:20,גבעה 338,גבעה 338,https://tickets.cinema-city.co.il/order/848784?lang=en,https://tickets.cinema-city.co.il/order/848784?lang=he,Regular,2D,,,2026-08-24,,,,106,9+,Rishon Letzion,Cinema City,610
18:15,גבעה 338,גבעה 338,https://tickets.cinema-city.co.il/order/848806?lang=en,https://tickets.cinema-city.co.il/order/848806?lang=he,Regular,2D,,,2026-08-24,,,,106,9+,Rishon Letzion,Cinema City,610
19:10,גבעה 338,גבעה 338,https://tickets.cinema-city.co.il/order/848783?lang=en,https://tickets.cinema-city.co.il/order/848783?lang=he,Regular,2D,,,2026-08-24,,,,106,9+,Rishon Letzion,Cinema City,610
21:00,גבעה 338,גבעה 338,https://tickets.cinema-city.co.il/order/848864?lang=en,https://tickets.cinema-city.co.il/order/848864?lang=he,Regular,2D,,,2026-08-24,,,,106,9+,Rishon Letzion,Cinema City,610
21:50,גבעה 338,גבעה 338,https://tickets.cinema-city.co.il/order/848785?lang=en,https://tickets.cinema-city.co.il/order/848785?lang=he,Regular,2D,,,2026-08-24,,,,106,9+,Rishon Letzion,Cinema City,610
23:40,גבעה 338,גבעה 338,https://tickets.cinema-city.co.il/order/848867?lang=en,https://tickets.cinema-city.co.il/order/848867?lang=he,Regular,2D,,,2026-08-24,,,,106,9+,Rishon Letzion,Cinema City,610
11:50,גבעה 338,גבעה 338,https://tickets.cinema-city.co.il/order/848931?lang=en,https://tickets.cinema-city.co.il/order/848931?lang=he,Regular,2D,,,2026-08-25,,,,106,9+,Rishon Letzion,Cinema City,610
12:45,גבעה 338,גבעה 338,https://tickets.cinema-city.co.il/order/848958?lang=en,https://tickets.cinema-city.co.il/order/848958?lang=he,Regular,2D,,,2026-08-25,,,,106,9+,Rishon Letzion,Cinema City,610
14:40,גבעה 338,גבעה 338,https://tickets.cinema-city.co.il/order/848932?lang=en,https://tickets.cinema-city.co.il/order/848932?lang=he,Regular,2D,,,2026-08-25,,,,106,9+,Rishon Letzion,Cinema City,610
15:30,גבעה 338,גבעה 338,https://tickets.cinema-city.co.il/order/848957?lang=en,https://tickets.cinema-city.co.il/order/848957?lang=he,Regular,2D,,,2026-08-25,,,,106,9+,Rishon Letzion,Cinema City,610
17:40,גבעה 338,גבעה 338,https://tickets.cinema-city.co.il/order/848934?lang=en,https://tickets.cinema-city.co.il/order/848934?lang=he,Regular,2D,,,2026-08-25,,,,106,9+,Rishon Letzion,Cinema City,610
18:15,גבעה 338,גבעה 338,https://tickets.cinema-city.co.il/order/848956?lang=en,https://tickets.cinema-city.co.il/order/848956?lang=he,Regular,2D,,,2026-08-25,,,,106,9+,Rishon Letzion,Cinema City,610
20:30,גבעה 338,גבעה 338,https://tickets.cinema-city.co.il/order/848946?lang=en,https://tickets.cinema-city.co.il/order/848946?lang=he,Regular,2D,,,2026-08-25,,,,106,9+,Rishon Letzion,Cinema City,610
21:00,גבעה 338,גבעה 338,https://tickets.cinema-city.co.il/order/848903?lang=en,https://tickets.cinema-city.co.il/order/848903?lang=he,Regular,2D,,,2026-08-25,,,,106,9+,Rishon Letzion,Cinema City,610
23:15,גבעה 338,גבעה 338,https://tickets.cinema-city.co.il/order/848933?lang=en,https://tickets.cinema-city.co.il/order/848933?lang=he,Regular,2D,,,2026-08-25,,,,106,9+,Rishon Letzion,Cinema City,610
23:40,גבעה 338,גבעה 338,https://tickets.cinema-city.co.il/order/848900?lang=en,https://tickets.cinema-city.co.il/order/848900?lang=he,Regular,2D,,,2026-08-25,,,,106,9+,Rishon Letzion,Cinema City,610
11:50,גבעה 338,גבעה 338,https://tickets.cinema-city.co.il/order/848988?lang=en,https://tickets.cinema-city.co.il/order/848988?lang=he,Regular,2D,,,2026-08-26,,,,106,9+,Rishon Letzion,Cinema City,610
14:40,גבעה 338,גבעה 338,https://tickets.cinema-city.co.il/order/848987?lang=en,https://tickets.cinema-city.co.il/order/848987?lang=he,Regular,2D,,,2026-08-26,,,,106,9+,Rishon Letzion,Cinema City,610
16:10,גבעה 338,גבעה 338,https://tickets.cinema-city.co.il/order/849002?lang=en,https://tickets.cinema-city.co.il/order/849002?lang=he,Regular,2D,,,2026-08-26,,,,106,9+,Rishon Letzion,Cinema City,610
17:40,גבעה 338,גבעה 338,https://tickets.cinema-city.co.il/order/848975?lang=en,https://tickets.cinema-city.co.il/order/848975?lang=he,Regular,2D,,,2026-08-26,,,,106,9+,Rishon Letzion,Cinema City,610
18:45,גבעה 338,גבעה 338,https://tickets.cinema-city.co.il/order/849003?lang=en,https://tickets.cinema-city.co.il/order/849003?lang=he,Regular,2D,,,2026-08-26,,,,106,9+,Rishon Letzion,Cinema City,610
20:30,גבעה 338,גבעה 338,https://tickets.cinema-city.co.il/order/848976?lang=en,https://tickets.cinema-city.co.il/order/848976?lang=he,Regular,2D,,,2026-08-26,,,,106,9+,Rishon Letzion,Cinema City,610
21:20,גבעה 338,גבעה 338,https://tickets.cinema-city.co.il/order/849047?lang=en,https://tickets.cinema-city.co.il/order/849047?lang=he,Regular,2D,,,2026-08-26,,,,106,9+,Rishon Letzion,Cinema City,610
23:45,גבעה 338,גבעה 338,https://tickets.cinema-city.co.il/order/852242?lang=en,https://tickets.cinema-city.co.il/order/852242?lang=he,Regular,2D,,,2026-08-26,,,,106,9+,Rishon Letzion,Cinema City,610
23:55,גבעה 338,גבעה 338,https://tickets.cinema-city.co.il/order/849049?lang=en,https://tickets.cinema-city.co.il/order/849049?lang=he,Regular,2D,,,2026-08-26,,,,106,9+,Rishon Letzion,Cinema City,610
20:00,גבעה 338,גבעה 338,https://tickets.cinema-city.co.il/order/852486?lang=en,https://tickets.cinema-city.co.il/order/852486?lang=he,Regular,2D,,,2026-08-28,,,,106,9+,Rishon Letzion,Cinema City,610
22:40,גבעה 338,גבעה 338,https://tickets.cinema-city.co.il/order/852482?lang=en,https://tickets.cinema-city.co.il/order/852482?lang=he,Regular,2D,,,2026-08-28,,,,106,9+,Rishon Letzion,Cinema City,610
17:20,גבעה 338,גבעה 338,https://tickets.cinema-city.co.il/order/852479?lang=en,https://tickets.cinema-city.co.il/order/852479?lang=he,Regular,2D,,,2026-08-29,,,,106,9+,Rishon Letzion,Cinema City,610
20:00,גבעה 338,גבעה 338,https://tickets.cinema-city.co.il/order/852472?lang=en,https://tickets.cinema-city.co.il/order/852472?lang=he,Regular,2D,,,2026-08-29,,,,106,9+,Rishon Letzion,Cinema City,610
22:40,גבעה 338,גבעה 338,https://tickets.cinema-city.co.il/order/852468?lang=en,https://tickets.cinema-city.co.il/order/852468?lang=he,Regular,2D,,,2026-08-29,,,,106,9+,Rishon Letzion,Cinema City,610
11:25,THE POUT POUT FISH,דג ושמו באסה,https://tickets.cinema-city.co.il/order/848850?lang=en,https://tickets.cinema-city.co.il/order/848850?lang=he,Regular,2D,,Hebrew,2026-08-24,,,,93,,Rishon Letzion,Cinema City,610
13:30,THE POUT POUT FISH,דג ושמו באסה,https://tickets.cinema-city.co.il/order/848830?lang=en,https://tickets.cinema-city.co.il/order/848830?lang=he,Regular,2D,,Hebrew,2026-08-24,,,,93,,Rishon Letzion,Cinema City,610
16:00,THE POUT POUT FISH,דג ושמו באסה,https://tickets.cinema-city.co.il/order/848829?lang=en,https://tickets.cinema-city.co.il/order/848829?lang=he,Regular,2D,,Hebrew,2026-08-24,,,,93,,Rishon Letzion,Cinema City,610
11:15,THE POUT POUT FISH,דג ושמו באסה,https://tickets.cinema-city.co.il/order/848888?lang=en,https://tickets.cinema-city.co.il/order/848888?lang=he,Regular,2D,,Hebrew,2026-08-25,,,,93,,Rishon Letzion,Cinema City,610
13:30,THE POUT POUT FISH,דג ושמו באסה,https://tickets.cinema-city.co.il/order/848974?lang=en,https://tickets.cinema-city.co.il/order/848974?lang=he,Regular,2D,,Hebrew,2026-08-25,,,,93,,Rishon Letzion,Cinema City,610
16:00,THE POUT POUT FISH,דג ושמו באסה,https://tickets.cinema-city.co.il/order/848894?lang=en,https://tickets.cinema-city.co.il/order/848894?lang=he,Regular,2D,,Hebrew,2026-08-25,,,,93,,Rishon Letzion,Cinema City,610
10:10,THE POUT POUT FISH,דג ושמו באסה,https://tickets.cinema-city.co.il/order/849020?lang=en,https://tickets.cinema-city.co.il/order/849020?lang=he,Regular,2D,,Hebrew,2026-08-26,,,,93,,Rishon Letzion,Cinema City,610
13:30,THE POUT POUT FISH,דג ושמו באסה,https://tickets.cinema-city.co.il/order/849013?lang=en,https://tickets.cinema-city.co.il/order/849013?lang=he,Regular,2D,,Hebrew,2026-08-26,,,,93,,Rishon Letzion,Cinema City,610
16:00,THE POUT POUT FISH,דג ושמו באסה,https://tickets.cinema-city.co.il/order/849012?lang=en,https://tickets.cinema-city.co.il/order/849012?lang=he,Regular,2D,,Hebrew,2026-08-26,,,,93,,Rishon Letzion,Cinema City,610
20:00,Insidious: Out of the Further,הרוע שבפנים: מחוץ למעבר,https://tickets.cinema-city.co.il/order/848840?lang=en,https://tickets.cinema-city.co.il/order/848840?lang=he,Regular,2D,,,2026-08-24,,,,106,14+,Rishon Letzion,Cinema City,610
22:45,Insidious: Out of the Further,הרוע שבפנים: מחוץ למעבר,https://tickets.cinema-city.co.il/order/848828?lang=en,https://tickets.cinema-city.co.il/order/848828?lang=he,Regular,2D,,,2026-08-24,,,,106,14+,Rishon Letzion,Cinema City,610
23:40,Insidious: Out of the Further,הרוע שבפנים: מחוץ למעבר,https://tickets.cinema-city.co.il/order/848856?lang=en,https://tickets.cinema-city.co.il/order/848856?lang=he,Regular,2D,,,2026-08-24,,,,106,14+,Rishon Letzion,Cinema City,610
20:50,Insidious: Out of the Further,הרוע שבפנים: מחוץ למעבר,https://tickets.cinema-city.co.il/order/848886?lang=en,https://tickets.cinema-city.co.il/order/848886?lang=he,Regular,2D,,,2026-08-25,,,,106,14+,Rishon Letzion,Cinema City,610
23:30,Insidious: Out of the Further,הרוע שבפנים: מחוץ למעבר,https://tickets.cinema-city.co.il/order/848895?lang=en,https://tickets.cinema-city.co.il/order/848895?lang=he,Regular,2D,,,2026-08-25,,,,106,14+,Rishon Letzion,Cinema City,610
00:00,Insidious: Out of the Further,הרוע שבפנים: מחוץ למעבר,https://tickets.cinema-city.co.il/order/848907?lang=en,https://tickets.cinema-city.co.il/order/848907?lang=he,Regular,2D,,,2026-08-25,,,,106,14+,Rishon Letzion,Cinema City,610
20:50,Insidious: Out of the Further,הרוע שבפנים: מחוץ למעבר,https://tickets.cinema-city.co.il/order/849022?lang=en,https://tickets.cinema-city.co.il/order/849022?lang=he,Regular,2D,,,2026-08-26,,,,106,14+,Rishon Letzion,Cinema City,610
23:30,Insidious: Out of the Further,הרוע שבפנים: מחוץ למעבר,https://tickets.cinema-city.co.il/order/849011?lang=en,https://tickets.cinema-city.co.il/order/849011?lang=he,Regular,2D,,,2026-08-26,,,,106,14+,Rishon Letzion,Cinema City,610
00:00,Insidious: Out of the Further,הרוע שבפנים: מחוץ למעבר,https://tickets.cinema-city.co.il/order/849041?lang=en,https://tickets.cinema-city.co.il/order/849041?lang=he,Regular,2D,,,2026-08-26,,,,106,14+,Rishon Letzion,Cinema City,610
20:50,Insidious: Out of the Further,הרוע שבפנים: מחוץ למעבר,https://tickets.cinema-city.co.il/order/849022?lang=en,https://tickets.cinema-city.co.il/order/849022?lang=he,Regular,2D,,,2026-08-27,,,,106,14+,Rishon Letzion,Cinema City,610
23:30,Insidious: Out of the Further,הרוע שבפנים: מחוץ למעבר,https://tickets.cinema-city.co.il/order/849011?lang=en,https://tickets.cinema-city.co.il/order/849011?lang=he,Regular,2D,,,2026-08-27,,,,106,14+,Rishon Letzion,Cinema City,610
00:00,Insidious: Out of the Further,הרוע שבפנים: מחוץ למעבר,https://tickets.cinema-city.co.il/order/849041?lang=en,https://tickets.cinema-city.co.il/order/849041?lang=he,Regular,2D,,,2026-08-27,,,,106,14+,Rishon Letzion,Cinema City,610
12:50,Dog Stars,כוכבי הכלב,https://tickets.cinema-city.co.il/order/849063?lang=en,https://tickets.cinema-city.co.il/order/849063?lang=he,Regular,2D,,,2026-08-26,,,,118,,Rishon Letzion,Cinema City,610
20:50,Dog Stars,כוכבי הכלב,https://tickets.cinema-city.co.il/order/849061?lang=en,https://tickets.cinema-city.co.il/order/849061?lang=he,Regular,2D,,,2026-08-26,,,,118,,Rishon Letzion,Cinema City,610
18:30,Dog Stars,כוכבי הכלב,https://tickets.cinema-city.co.il/order/852481?lang=en,https://tickets.cinema-city.co.il/order/852481?lang=he,Regular,2D,,,2026-08-28,,,,118,,Rishon Letzion,Cinema City,610
21:20,Dog Stars,כוכבי הכלב,https://tickets.cinema-city.co.il/order/852480?lang=en,https://tickets.cinema-city.co.il/order/852480?lang=he,Regular,2D,,,2026-08-28,,,,118,,Rishon Letzion,Cinema City,610
17:00,Dog Stars,כוכבי הכלב,https://tickets.cinema-city.co.il/order/852467?lang=en,https://tickets.cinema-city.co.il/order/852467?lang=he,Regular,2D,,,2026-08-29,,,,118,,Rishon Letzion,Cinema City,610
19:50,Dog Stars,כוכבי הכלב,https://tickets.cinema-city.co.il/order/852466?lang=en,https://tickets.cinema-city.co.il/order/852466?lang=he,Regular,2D,,,2026-08-29,,,,118,,Rishon Letzion,Cinema City,610
22:40,Dog Stars,כוכבי הכלב,https://tickets.cinema-city.co.il/order/852465?lang=en,https://tickets.cinema-city.co.il/order/852465?lang=he,Regular,2D,,,2026-08-29,,,,118,,Rishon Letzion,Cinema City,610
19:50,One Night Only,לגמור את הלילה,https://tickets.cinema-city.co.il/order/848795?lang=en,https://tickets.cinema-city.co.il/order/848795?lang=he,Regular,2D,,,2026-08-24,,,,102,14+,Rishon Letzion,Cinema City,610
22:30,One Night Only,לגמור את הלילה,https://tickets.cinema-city.co.il/order/848794?lang=en,https://tickets.cinema-city.co.il/order/848794?lang=he,Regular,2D,,,2026-08-24,,,,102,14+,Rishon Letzion,Cinema City,610
00:00,One Night Only,לגמור את הלילה,https://tickets.cinema-city.co.il/order/848793?lang=en,https://tickets.cinema-city.co.il/order/848793?lang=he,Regular,2D,,,2026-08-24,,,,102,14+,Rishon Letzion,Cinema City,610
11:00,One Night Only,לגמור את הלילה,https://tickets.cinema-city.co.il/order/852303?lang=en,https://tickets.cinema-city.co.il/order/852303?lang=he,Regular,2D,,,2026-08-25,,,,102,14+,Rishon Letzion,Cinema City,610
19:50,One Night Only,לגמור את הלילה,https://tickets.cinema-city.co.il/order/848923?lang=en,https://tickets.cinema-city.co.il/order/848923?lang=he,Regular,2D,,,2026-08-25,,,,102,14+,Rishon Letzion,Cinema City,610
22:30,One Night Only,לגמור את הלילה,https://tickets.cinema-city.co.il/order/848913?lang=en,https://tickets.cinema-city.co.il/order/848913?lang=he,Regular,2D,,,2026-08-25,,,,102,14+,Rishon Letzion,Cinema City,610
23:20,One Night Only,לגמור את הלילה,https://tickets.cinema-city.co.il/order/848925?lang=en,https://tickets.cinema-city.co.il/order/848925?lang=he,Regular,2D,,,2026-08-25,,,,102,14+,Rishon Letzion,Cinema City,610
19:50,One Night Only,לגמור את הלילה,https://tickets.cinema-city.co.il/order/848994?lang=en,https://tickets.cinema-city.co.il/order/848994?lang=he,Regular,2D,,,2026-08-26,,,,102,14+,Rishon Letzion,Cinema City,610
22:30,One Night Only,לגמור את הלילה,https://tickets.cinema-city.co.il/order/849035?lang=en,https://tickets.cinema-city.co.il/order/849035?lang=he,Regular,2D,,,2026-08-26,,,,102,14+,Rishon Letzion,Cinema City,610
23:50,One Night Only,לגמור את הלילה,https://tickets.cinema-city.co.il/order/848992?lang=en,https://tickets.cinema-city.co.il/order/848992?lang=he,Regular,2D,,,2026-08-26,,,,102,14+,Rishon Letzion,Cinema City,610
10:45,La La Land 10th Anniversary,לה לה לנד-חגיגות העשור,https://tickets.cinema-city.co.il/order/848970?lang=en,https://tickets.cinema-city.co.il/order/848970?lang=he,Regular,2D,,,2026-08-25,,,,128,All,Rishon Letzion,Cinema City,610
19:20,La La Land 10th Anniversary,לה לה לנד-חגיגות העשור,https://tickets.cinema-city.co.il/order/848968?lang=en,https://tickets.cinema-city.co.il/order/848968?lang=he,Regular,2D,,,2026-08-25,,,,128,All,Rishon Letzion,Cinema City,610
22:20,La La Land 10th Anniversary,לה לה לנד-חגיגות העשור,https://tickets.cinema-city.co.il/order/848969?lang=en,https://tickets.cinema-city.co.il/order/848969?lang=he,Regular,2D,,,2026-08-25,,,,128,All,Rishon Letzion,Cinema City,610
10:00,La La Land 10th Anniversary,לה לה לנד-חגיגות העשור,https://tickets.cinema-city.co.il/order/848996?lang=en,https://tickets.cinema-city.co.il/order/848996?lang=he,Regular,2D,,,2026-08-26,,,,128,All,Rishon Letzion,Cinema City,610
18:50,La La Land 10th Anniversary,לה לה לנד-חגיגות העשור,https://tickets.cinema-city.co.il/order/848998?lang=en,https://tickets.cinema-city.co.il/order/848998?lang=he,Regular,2D,,,2026-08-26,,,,128,All,Rishon Letzion,Cinema City,610
21:50,La La Land 10th Anniversary,לה לה לנד-חגיגות העשור,https://tickets.cinema-city.co.il/order/848997?lang=en,https://tickets.cinema-city.co.il/order/848997?lang=he,Regular,2D,,,2026-08-26,,,,128,All,Rishon Letzion,Cinema City,610
20:45,La La Land 10th Anniversary,לה לה לנד-חגיגות העשור,https://tickets.cinema-city.co.il/order/852323?lang=en,https://tickets.cinema-city.co.il/order/852323?lang=he,Regular,2D,,,2026-08-27,,,,128,All,Rishon Letzion,Cinema City,610
21:30,La La Land 10th Anniversary,לה לה לנד-חגיגות העשור,https://tickets.cinema-city.co.il/order/852324?lang=en,https://tickets.cinema-city.co.il/order/852324?lang=he,Regular,2D,,,2026-08-28,,,,128,All,Rishon Letzion,Cinema City,610
20:45,La La Land 10th Anniversary,לה לה לנד-חגיגות העשור,https://tickets.cinema-city.co.il/order/852325?lang=en,https://tickets.cinema-city.co.il/order/852325?lang=he,Regular,2D,,,2026-08-29,,,,128,All,Rishon Letzion,Cinema City,610
18:20,Coyote vs. Acme,לוני טונס מציגים: קיוטי נגד אקמי,https://tickets.cinema-city.co.il/order/848837?lang=en,https://tickets.cinema-city.co.il/order/848837?lang=he,Regular,2D,,,2026-08-24,,,,101,All,Rishon Letzion,Cinema City,610
18:20,Coyote vs. Acme,לוני טונס מציגים: קיוטי נגד אקמי,https://tickets.cinema-city.co.il/order/848889?lang=en,https://tickets.cinema-city.co.il/order/848889?lang=he,Regular,2D,,,2026-08-25,,,,101,All,Rishon Letzion,Cinema City,610
18:20,Coyote vs. Acme,לוני טונס מציגים: קיוטי נגד אקמי,https://tickets.cinema-city.co.il/order/849019?lang=en,https://tickets.cinema-city.co.il/order/849019?lang=he,Regular,2D,,,2026-08-26,,,,101,All,Rishon Letzion,Cinema City,610
11:15,Coyote vs. Acme,לוני טונס מציגים: קיוטי נגד אקמי,https://tickets.cinema-city.co.il/order/848831?lang=en,https://tickets.cinema-city.co.il/order/848831?lang=he,Regular,2D,,Hebrew,2026-08-24,,,,101,All,Rishon Letzion,Cinema City,610
13:40,Coyote vs. Acme,לוני טונס מציגים: קיוטי נגד אקמי,https://tickets.cinema-city.co.il/order/848868?lang=en,https://tickets.cinema-city.co.il/order/848868?lang=he,Regular,2D,,Hebrew,2026-08-24,,,,101,All,Rishon Letzion,Cinema City,610
14:00,Coyote vs. Acme,לוני טונס מציגים: קיוטי נגד אקמי,https://tickets.cinema-city.co.il/order/848820?lang=en,https://tickets.cinema-city.co.il/order/848820?lang=he,Regular,2D,,Hebrew,2026-08-24,,,,101,All,Rishon Letzion,Cinema City,610
16:20,Coyote vs. Acme,לוני טונס מציגים: קיוטי נגד אקמי,https://tickets.cinema-city.co.il/order/848832?lang=en,https://tickets.cinema-city.co.il/order/848832?lang=he,Regular,2D,,Hebrew,2026-08-24,,,,101,All,Rishon Letzion,Cinema City,610
17:15,Coyote vs. Acme,לוני טונס מציגים: קיוטי נגד אקמי,https://tickets.cinema-city.co.il/order/848838?lang=en,https://tickets.cinema-city.co.il/order/848838?lang=he,Regular,2D,,Hebrew,2026-08-24,,,,101,All,Rishon Letzion,Cinema City,610
10:30,Coyote vs. Acme,לוני טונס מציגים: קיוטי נגד אקמי,https://tickets.cinema-city.co.il/order/848893?lang=en,https://tickets.cinema-city.co.il/order/848893?lang=he,Regular,2D,,Hebrew,2026-08-25,,,,101,All,Rishon Letzion,Cinema City,610
11:50,Coyote vs. Acme,לוני טונס מציגים: קיוטי נגד אקמי,https://tickets.cinema-city.co.il/order/848961?lang=en,https://tickets.cinema-city.co.il/order/848961?lang=he,Regular,2D,,Hebrew,2026-08-25,,,,101,All,Rishon Letzion,Cinema City,610
13:50,Coyote vs. Acme,לוני טונס מציגים: קיוטי נגד אקמי,https://tickets.cinema-city.co.il/order/848942?lang=en,https://tickets.cinema-city.co.il/order/848942?lang=he,Regular,2D,,Hebrew,2026-08-25,,,,101,All,Rishon Letzion,Cinema City,610
14:30,Coyote vs. Acme,לוני טונס מציגים: קיוטי נגד אקמי,https://tickets.cinema-city.co.il/order/848899?lang=en,https://tickets.cinema-city.co.il/order/848899?lang=he,Regular,2D,,Hebrew,2026-08-25,,,,101,All,Rishon Letzion,Cinema City,610
17:15,Coyote vs. Acme,לוני טונס מציגים: קיוטי נגד אקמי,https://tickets.cinema-city.co.il/order/848878?lang=en,https://tickets.cinema-city.co.il/order/848878?lang=he,Regular,2D,,Hebrew,2026-08-25,,,,101,All,Rishon Letzion,Cinema City,610
10:00,Coyote vs. Acme,לוני טונס מציגים: קיוטי נגד אקמי,https://tickets.cinema-city.co.il/order/849062?lang=en,https://tickets.cinema-city.co.il/order/849062?lang=he,Regular,2D,,Hebrew,2026-08-26,,,,101,All,Rishon Letzion,Cinema City,610
12:10,Coyote vs. Acme,לוני טונס מציגים: קיוטי נגד אקמי,https://tickets.cinema-city.co.il/order/849018?lang=en,https://tickets.cinema-city.co.il/order/849018?lang=he,Regular,2D,,Hebrew,2026-08-26,,,,101,All,Rishon Letzion,Cinema City,610
14:40,Coyote vs. Acme,לוני טונס מציגים: קיוטי נגד אקמי,https://tickets.cinema-city.co.il/order/849014?lang=en,https://tickets.cinema-city.co.il/order/849014?lang=he,Regular,2D,,Hebrew,2026-08-26,,,,101,All,Rishon Letzion,Cinema City,610
17:15,Coyote vs. Acme,לוני טונס מציגים: קיוטי נגד אקמי,https://tickets.cinema-city.co.il/order/849039?lang=en,https://tickets.cinema-city.co.il/order/849039?lang=he,Regular,2D,,Hebrew,2026-08-26,,,,101,All,Rishon Letzion,Cinema City,610
12:20,MUTINY,נקמה בלב ים,https://tickets.cinema-city.co.il/order/848822?lang=en,https://tickets.cinema-city.co.il/order/848822?lang=he,Regular,2D,,,2026-08-24,,,,95,14+,Rishon Letzion,Cinema City,610
14:50,MUTINY,נקמה בלב ים,https://tickets.cinema-city.co.il/order/848823?lang=en,https://tickets.cinema-city.co.il/order/848823?lang=he,Regular,2D,,,2026-08-24,,,,95,14+,Rishon Letzion,Cinema City,610
17:30,MUTINY,נקמה בלב ים,https://tickets.cinema-city.co.il/order/848824?lang=en,https://tickets.cinema-city.co.il/order/848824?lang=he,Regular,2D,,,2026-08-24,,,,95,14+,Rishon Letzion,Cinema City,610
19:00,MUTINY,נקמה בלב ים,https://tickets.cinema-city.co.il/order/848869?lang=en,https://tickets.cinema-city.co.il/order/848869?lang=he,Regular,2D,,,2026-08-24,,,,95,14+,Rishon Letzion,Cinema City,610
20:00,MUTINY,נקמה בלב ים,https://tickets.cinema-city.co.il/order/848825?lang=en,https://tickets.cinema-city.co.il/order/848825?lang=he,Regular,2D,,,2026-08-24,,,,95,14+,Rishon Letzion,Cinema City,610
21:30,MUTINY,נקמה בלב ים,https://tickets.cinema-city.co.il/order/848836?lang=en,https://tickets.cinema-city.co.il/order/848836?lang=he,Regular,2D,,,2026-08-24,,,,95,14+,Rishon Letzion,Cinema City,610
22:30,MUTINY,נקמה בלב ים,https://tickets.cinema-city.co.il/order/848826?lang=en,https://tickets.cinema-city.co.il/order/848826?lang=he,Regular,2D,,,2026-08-24,,,,95,14+,Rishon Letzion,Cinema City,610
23:55,MUTINY,נקמה בלב ים,https://tickets.cinema-city.co.il/order/848827?lang=en,https://tickets.cinema-city.co.il/order/848827?lang=he,Regular,2D,,,2026-08-24,,,,95,14+,Rishon Letzion,Cinema City,610
13:40,MUTINY,נקמה בלב ים,https://tickets.cinema-city.co.il/order/848973?lang=en,https://tickets.cinema-city.co.il/order/848973?lang=he,Regular,2D,,,2026-08-25,,,,95,14+,Rishon Letzion,Cinema City,610
16:10,MUTINY,נקמה בלב ים,https://tickets.cinema-city.co.il/order/848940?lang=en,https://tickets.cinema-city.co.il/order/848940?lang=he,Regular,2D,,,2026-08-25,,,,95,14+,Rishon Letzion,Cinema City,610
18:40,MUTINY,נקמה בלב ים,https://tickets.cinema-city.co.il/order/848972?lang=en,https://tickets.cinema-city.co.il/order/848972?lang=he,Regular,2D,,,2026-08-25,,,,95,14+,Rishon Letzion,Cinema City,610
20:40,MUTINY,נקמה בלב ים,https://tickets.cinema-city.co.il/order/848937?lang=en,https://tickets.cinema-city.co.il/order/848937?lang=he,Regular,2D,,,2026-08-25,,,,95,14+,Rishon Letzion,Cinema City,610
21:10,MUTINY,נקמה בלב ים,https://tickets.cinema-city.co.il/order/848939?lang=en,https://tickets.cinema-city.co.il/order/848939?lang=he,Regular,2D,,,2026-08-25,,,,95,14+,Rishon Letzion,Cinema City,610
23:15,MUTINY,נקמה בלב ים,https://tickets.cinema-city.co.il/order/848936?lang=en,https://tickets.cinema-city.co.il/order/848936?lang=he,Regular,2D,,,2026-08-25,,,,95,14+,Rishon Letzion,Cinema City,610
23:40,MUTINY,נקמה בלב ים,https://tickets.cinema-city.co.il/order/848938?lang=en,https://tickets.cinema-city.co.il/order/848938?lang=he,Regular,2D,,,2026-08-25,,,,95,14+,Rishon Letzion,Cinema City,610
12:35,MUTINY,נקמה בלב ים,https://tickets.cinema-city.co.il/order/848980?lang=en,https://tickets.cinema-city.co.il/order/848980?lang=he,Regular,2D,,,2026-08-26,,,,95,14+,Rishon Letzion,Cinema City,610
15:00,MUTINY,נקמה בלב ים,https://tickets.cinema-city.co.il/order/848981?lang=en,https://tickets.cinema-city.co.il/order/848981?lang=he,Regular,2D,,,2026-08-26,,,,95,14+,Rishon Letzion,Cinema City,610
17:30,MUTINY,נקמה בלב ים,https://tickets.cinema-city.co.il/order/848982?lang=en,https://tickets.cinema-city.co.il/order/848982?lang=he,Regular,2D,,,2026-08-26,,,,95,14+,Rishon Letzion,Cinema City,610
19:50,MUTINY,נקמה בלב ים,https://tickets.cinema-city.co.il/order/848983?lang=en,https://tickets.cinema-city.co.il/order/848983?lang=he,Regular,2D,,,2026-08-26,,,,95,14+,Rishon Letzion,Cinema City,610
20:30,MUTINY,נקמה בלב ים,https://tickets.cinema-city.co.il/order/849009?lang=en,https://tickets.cinema-city.co.il/order/849009?lang=he,Regular,2D,,,2026-08-26,,,,95,14+,Rishon Letzion,Cinema City,610
22:30,MUTINY,נקמה בלב ים,https://tickets.cinema-city.co.il/order/848984?lang=en,https://tickets.cinema-city.co.il/order/848984?lang=he,Regular,2D,,,2026-08-26,,,,95,14+,Rishon Letzion,Cinema City,610
23:00,MUTINY,נקמה בלב ים,https://tickets.cinema-city.co.il/order/849044?lang=en,https://tickets.cinema-city.co.il/order/849044?lang=he,Regular,2D,,,2026-08-26,,,,95,14+,Rishon Letzion,Cinema City,610
19:15,MUTINY,נקמה בלב ים,https://tickets.cinema-city.co.il/order/852490?lang=en,https://tickets.cinema-city.co.il/order/852490?lang=he,Regular,2D,,,2026-08-28,,,,95,14+,Rishon Letzion,Cinema City,610
21:45,MUTINY,נקמה בלב ים,https://tickets.cinema-city.co.il/order/852489?lang=en,https://tickets.cinema-city.co.il/order/852489?lang=he,Regular,2D,,,2026-08-28,,,,95,14+,Rishon Letzion,Cinema City,610
00:15,MUTINY,נקמה בלב ים,https://tickets.cinema-city.co.il/order/852488?lang=en,https://tickets.cinema-city.co.il/order/852488?lang=he,Regular,2D,,,2026-08-28,,,,95,14+,Rishon Letzion,Cinema City,610
18:30,MUTINY,נקמה בלב ים,https://tickets.cinema-city.co.il/order/852478?lang=en,https://tickets.cinema-city.co.il/order/852478?lang=he,Regular,2D,,,2026-08-29,,,,95,14+,Rishon Letzion,Cinema City,610
21:00,MUTINY,נקמה בלב ים,https://tickets.cinema-city.co.il/order/852477?lang=en,https://tickets.cinema-city.co.il/order/852477?lang=he,Regular,2D,,,2026-08-29,,,,95,14+,Rishon Letzion,Cinema City,610
23:30,MUTINY,נקמה בלב ים,https://tickets.cinema-city.co.il/order/852476?lang=en,https://tickets.cinema-city.co.il/order/852476?lang=he,Regular,2D,,,2026-08-29,,,,95,14+,Rishon Letzion,Cinema City,610
13:55,End of Oak Street,סוף רחוב האלון,https://tickets.cinema-city.co.il/order/848858?lang=en,https://tickets.cinema-city.co.il/order/848858?lang=he,Regular,2D,,,2026-08-24,,,,100,12+,Rishon Letzion,Cinema City,610
19:00,End of Oak Street,סוף רחוב האלון,https://tickets.cinema-city.co.il/order/848851?lang=en,https://tickets.cinema-city.co.il/order/848851?lang=he,Regular,2D,,,2026-08-24,,,,100,12+,Rishon Letzion,Cinema City,610
19:00,End of Oak Street,סוף רחוב האלון,https://tickets.cinema-city.co.il/order/848912?lang=en,https://tickets.cinema-city.co.il/order/848912?lang=he,Regular,2D,,,2026-08-25,,,,100,12+,Rishon Letzion,Cinema City,610
13:40,End of Oak Street,סוף רחוב האלון,https://tickets.cinema-city.co.il/order/849042?lang=en,https://tickets.cinema-city.co.il/order/849042?lang=he,Regular,2D,,,2026-08-26,,,,100,12+,Rishon Letzion,Cinema City,610
19:00,End of Oak Street,סוף רחוב האלון,https://tickets.cinema-city.co.il/order/849036?lang=en,https://tickets.cinema-city.co.il/order/849036?lang=he,Regular,2D,,,2026-08-26,,,,100,12+,Rishon Letzion,Cinema City,610
14:40,SPA WEEKEND,ספא וויקנד,https://tickets.cinema-city.co.il/order/848791?lang=en,https://tickets.cinema-city.co.il/order/848791?lang=he,Regular,2D,,,2026-08-24,,,,97,14+,Rishon Letzion,Cinema City,610
16:40,SPA WEEKEND,ספא וויקנד,https://tickets.cinema-city.co.il/order/848821?lang=en,https://tickets.cinema-city.co.il/order/848821?lang=he,Regular,2D,,,2026-08-24,,,,97,14+,Rishon Letzion,Cinema City,610
17:20,SPA WEEKEND,ספא וויקנד,https://tickets.cinema-city.co.il/order/848790?lang=en,https://tickets.cinema-city.co.il/order/848790?lang=he,Regular,2D,,,2026-08-24,,,,97,14+,Rishon Letzion,Cinema City,610
19:00,SPA WEEKEND,ספא וויקנד,https://tickets.cinema-city.co.il/order/848835?lang=en,https://tickets.cinema-city.co.il/order/848835?lang=he,Regular,2D,,,2026-08-24,,,,97,14+,Rishon Letzion,Cinema City,610
20:00,SPA WEEKEND,ספא וויקנד,https://tickets.cinema-city.co.il/order/848789?lang=en,https://tickets.cinema-city.co.il/order/848789?lang=he,Regular,2D,,,2026-08-24,,,,97,14+,Rishon Letzion,Cinema City,610
21:25,SPA WEEKEND,ספא וויקנד,https://tickets.cinema-city.co.il/order/848834?lang=en,https://tickets.cinema-city.co.il/order/848834?lang=he,Regular,2D,,,2026-08-24,,,,97,14+,Rishon Letzion,Cinema City,610
22:40,SPA WEEKEND,ספא וויקנד,https://tickets.cinema-city.co.il/order/848788?lang=en,https://tickets.cinema-city.co.il/order/848788?lang=he,Regular,2D,,,2026-08-24,,,,97,14+,Rishon Letzion,Cinema City,610
23:50,SPA WEEKEND,ספא וויקנד,https://tickets.cinema-city.co.il/order/848833?lang=en,https://tickets.cinema-city.co.il/order/848833?lang=he,Regular,2D,,,2026-08-24,,,,97,14+,Rishon Letzion,Cinema City,610
10:10,SPA WEEKEND,ספא וויקנד,https://tickets.cinema-city.co.il/order/852298?lang=en,https://tickets.cinema-city.co.il/order/852298?lang=he,Regular,2D,,,2026-08-25,,,,97,14+,Rishon Letzion,Cinema City,610
12:40,SPA WEEKEND,ספא וויקנד,https://tickets.cinema-city.co.il/order/848926?lang=en,https://tickets.cinema-city.co.il/order/848926?lang=he,Regular,2D,,,2026-08-25,,,,97,14+,Rishon Letzion,Cinema City,610
15:10,SPA WEEKEND,ספא וויקנד,https://tickets.cinema-city.co.il/order/848927?lang=en,https://tickets.cinema-city.co.il/order/848927?lang=he,Regular,2D,,,2026-08-25,,,,97,14+,Rishon Letzion,Cinema City,610
16:30,SPA WEEKEND,ספא וויקנד,https://tickets.cinema-city.co.il/order/848941?lang=en,https://tickets.cinema-city.co.il/order/848941?lang=he,Regular,2D,,,2026-08-25,,,,97,14+,Rishon Letzion,Cinema City,610
17:40,SPA WEEKEND,ספא וויקנד,https://tickets.cinema-city.co.il/order/848928?lang=en,https://tickets.cinema-city.co.il/order/848928?lang=he,Regular,2D,,,2026-08-25,,,,97,14+,Rishon Letzion,Cinema City,610
19:00,SPA WEEKEND,ספא וויקנד,https://tickets.cinema-city.co.il/order/848890?lang=en,https://tickets.cinema-city.co.il/order/848890?lang=he,Regular,2D,,,2026-08-25,,,,97,14+,Rishon Letzion,Cinema City,610
20:10,SPA WEEKEND,ספא וויקנד,https://tickets.cinema-city.co.il/order/848929?lang=en,https://tickets.cinema-city.co.il/order/848929?lang=he,Regular,2D,,,2026-08-25,,,,97,14+,Rishon Letzion,Cinema City,610
21:30,SPA WEEKEND,ספא וויקנד,https://tickets.cinema-city.co.il/order/848891?lang=en,https://tickets.cinema-city.co.il/order/848891?lang=he,Regular,2D,,,2026-08-25,,,,97,14+,Rishon Letzion,Cinema City,610
22:40,SPA WEEKEND,ספא וויקנד,https://tickets.cinema-city.co.il/order/848930?lang=en,https://tickets.cinema-city.co.il/order/848930?lang=he,Regular,2D,,,2026-08-25,,,,97,14+,Rishon Letzion,Cinema City,610
00:00,SPA WEEKEND,ספא וויקנד,https://tickets.cinema-city.co.il/order/848892?lang=en,https://tickets.cinema-city.co.il/order/848892?lang=he,Regular,2D,,,2026-08-25,,,,97,14+,Rishon Letzion,Cinema City,610
10:20,SPA WEEKEND,ספא וויקנד,https://tickets.cinema-city.co.il/order/849060?lang=en,https://tickets.cinema-city.co.il/order/849060?lang=he,Regular,2D,,,2026-08-26,,,,97,14+,Rishon Letzion,Cinema City,610
13:40,SPA WEEKEND,ספא וויקנד,https://tickets.cinema-city.co.il/order/849059?lang=en,https://tickets.cinema-city.co.il/order/849059?lang=he,Regular,2D,,,2026-08-26,,,,97,14+,Rishon Letzion,Cinema City,610
16:30,SPA WEEKEND,ספא וויקנד,https://tickets.cinema-city.co.il/order/848979?lang=en,https://tickets.cinema-city.co.il/order/848979?lang=he,Regular,2D,,,2026-08-26,,,,97,14+,Rishon Letzion,Cinema City,610
17:20,SPA WEEKEND,ספא וויקנד,https://tickets.cinema-city.co.il/order/848991?lang=en,https://tickets.cinema-city.co.il/order/848991?lang=he,Regular,2D,,,2026-08-26,,,,97,14+,Rishon Letzion,Cinema City,610
19:00,SPA WEEKEND,ספא וויקנד,https://tickets.cinema-city.co.il/order/849017?lang=en,https://tickets.cinema-city.co.il/order/849017?lang=he,Regular,2D,,,2026-08-26,,,,97,14+,Rishon Letzion,Cinema City,610
20:00,SPA WEEKEND,ספא וויקנד,https://tickets.cinema-city.co.il/order/848990?lang=en,https://tickets.cinema-city.co.il/order/848990?lang=he,Regular,2D,,,2026-08-26,,,,97,14+,Rishon Letzion,Cinema City,610
21:30,SPA WEEKEND,ספא וויקנד,https://tickets.cinema-city.co.il/order/849016?lang=en,https://tickets.cinema-city.co.il/order/849016?lang=he,Regular,2D,,,2026-08-26,,,,97,14+,Rishon Letzion,Cinema City,610
22:40,SPA WEEKEND,ספא וויקנד,https://tickets.cinema-city.co.il/order/848989?lang=en,https://tickets.cinema-city.co.il/order/848989?lang=he,Regular,2D,,,2026-08-26,,,,97,14+,Rishon Letzion,Cinema City,610
00:00,SPA WEEKEND,ספא וויקנד,https://tickets.cinema-city.co.il/order/849015?lang=en,https://tickets.cinema-city.co.il/order/849015?lang=he,Regular,2D,,,2026-08-26,,,,97,14+,Rishon Letzion,Cinema City,610
10:20,SPA WEEKEND,ספא וויקנד,https://tickets.cinema-city.co.il/order/849060?lang=en,https://tickets.cinema-city.co.il/order/849060?lang=he,Regular,2D,,,2026-08-27,,,,97,14+,Rishon Letzion,Cinema City,610
13:40,SPA WEEKEND,ספא וויקנד,https://tickets.cinema-city.co.il/order/849059?lang=en,https://tickets.cinema-city.co.il/order/849059?lang=he,Regular,2D,,,2026-08-27,,,,97,14+,Rishon Letzion,Cinema City,610
16:30,SPA WEEKEND,ספא וויקנד,https://tickets.cinema-city.co.il/order/848979?lang=en,https://tickets.cinema-city.co.il/order/848979?lang=he,Regular,2D,,,2026-08-27,,,,97,14+,Rishon Letzion,Cinema City,610
17:20,SPA WEEKEND,ספא וויקנד,https://tickets.cinema-city.co.il/order/848991?lang=en,https://tickets.cinema-city.co.il/order/848991?lang=he,Regular,2D,,,2026-08-27,,,,97,14+,Rishon Letzion,Cinema City,610
19:00,SPA WEEKEND,ספא וויקנד,https://tickets.cinema-city.co.il/order/849017?lang=en,https://tickets.cinema-city.co.il/order/849017?lang=he,Regular,2D,,,2026-08-27,,,,97,14+,Rishon Letzion,Cinema City,610
20:00,SPA WEEKEND,ספא וויקנד,https://tickets.cinema-city.co.il/order/848990?lang=en,https://tickets.cinema-city.co.il/order/848990?lang=he,Regular,2D,,,2026-08-27,,,,97,14+,Rishon Letzion,Cinema City,610
21:30,SPA WEEKEND,ספא וויקנד,https://tickets.cinema-city.co.il/order/849016?lang=en,https://tickets.cinema-city.co.il/order/849016?lang=he,Regular,2D,,,2026-08-27,,,,97,14+,Rishon Letzion,Cinema City,610
22:40,SPA WEEKEND,ספא וויקנד,https://tickets.cinema-city.co.il/order/848989?lang=en,https://tickets.cinema-city.co.il/order/848989?lang=he,Regular,2D,,,2026-08-27,,,,97,14+,Rishon Letzion,Cinema City,610
00:00,SPA WEEKEND,ספא וויקנד,https://tickets.cinema-city.co.il/order/849015?lang=en,https://tickets.cinema-city.co.il/order/849015?lang=he,Regular,2D,,,2026-08-27,,,,97,14+,Rishon Letzion,Cinema City,610
18:00,SPA WEEKEND,ספא וויקנד,https://tickets.cinema-city.co.il/order/852484?lang=en,https://tickets.cinema-city.co.il/order/852484?lang=he,Regular,2D,,,2026-08-28,,,,97,14+,Rishon Letzion,Cinema City,610
20:30,SPA WEEKEND,ספא וויקנד,https://tickets.cinema-city.co.il/order/852483?lang=en,https://tickets.cinema-city.co.il/order/852483?lang=he,Regular,2D,,,2026-08-28,,,,97,14+,Rishon Letzion,Cinema City,610
19:20,SPA WEEKEND,ספא וויקנד,https://tickets.cinema-city.co.il/order/852470?lang=en,https://tickets.cinema-city.co.il/order/852470?lang=he,Regular,2D,,,2026-08-29,,,,97,14+,Rishon Letzion,Cinema City,610
21:50,SPA WEEKEND,ספא וויקנד,https://tickets.cinema-city.co.il/order/852469?lang=en,https://tickets.cinema-city.co.il/order/852469?lang=he,Regular,2D,,,2026-08-29,,,,97,14+,Rishon Letzion,Cinema City,610
11:20,SPIDERMAN: BRAND NEW DAY,ספיידרמן: יום חדש,https://tickets.cinema-city.co.il/order/848871?lang=en,https://tickets.cinema-city.co.il/order/848871?lang=he,Regular,2D,,,2026-08-24,,,,150,All,Rishon Letzion,Cinema City,610
14:00,SPIDERMAN: BRAND NEW DAY,ספיידרמן: יום חדש,https://tickets.cinema-city.co.il/order/848870?lang=en,https://tickets.cinema-city.co.il/order/848870?lang=he,Regular,2D,,,2026-08-24,,,,150,All,Rishon Letzion,Cinema City,610
14:45,SPIDERMAN: BRAND NEW DAY,ספיידרמן: יום חדש,https://tickets.cinema-city.co.il/order/848863?lang=en,https://tickets.cinema-city.co.il/order/848863?lang=he,Regular,2D,,,2026-08-24,,,,150,All,Rishon Letzion,Cinema City,610
17:25,SPIDERMAN: BRAND NEW DAY,ספיידרמן: יום חדש,https://tickets.cinema-city.co.il/order/848816?lang=en,https://tickets.cinema-city.co.il/order/848816?lang=he,Regular,2D,,,2026-08-24,,,,150,All,Rishon Letzion,Cinema City,610
19:20,SPIDERMAN: BRAND NEW DAY,ספיידרמן: יום חדש,https://tickets.cinema-city.co.il/order/848818?lang=en,https://tickets.cinema-city.co.il/order/848818?lang=he,Regular,2D,,,2026-08-24,,,,150,All,Rishon Letzion,Cinema City,610
21:00,SPIDERMAN: BRAND NEW DAY,ספיידרמן: יום חדש,https://tickets.cinema-city.co.il/order/848815?lang=en,https://tickets.cinema-city.co.il/order/848815?lang=he,Regular,2D,,,2026-08-24,,,,150,All,Rishon Letzion,Cinema City,610
21:50,SPIDERMAN: BRAND NEW DAY,ספיידרמן: יום חדש,https://tickets.cinema-city.co.il/order/848813?lang=en,https://tickets.cinema-city.co.il/order/848813?lang=he,Regular,2D,,,2026-08-24,,,,150,All,Rishon Letzion,Cinema City,610
22:45,SPIDERMAN: BRAND NEW DAY,ספיידרמן: יום חדש,https://tickets.cinema-city.co.il/order/848817?lang=en,https://tickets.cinema-city.co.il/order/848817?lang=he,Regular,2D,,,2026-08-24,,,,150,All,Rishon Letzion,Cinema City,610
10:15,SPIDERMAN: BRAND NEW DAY,ספיידרמן: יום חדש,https://tickets.cinema-city.co.il/order/848965?lang=en,https://tickets.cinema-city.co.il/order/848965?lang=he,Regular,2D,,,2026-08-25,,,,150,All,Rishon Letzion,Cinema City,610
13:45,SPIDERMAN: BRAND NEW DAY,ספיידרמן: יום חדש,https://tickets.cinema-city.co.il/order/852381?lang=en,https://tickets.cinema-city.co.il/order/852381?lang=he,Regular,2D,,,2026-08-25,,,,150,All,Rishon Letzion,Cinema City,610
17:15,SPIDERMAN: BRAND NEW DAY,ספיידרמן: יום חדש,https://tickets.cinema-city.co.il/order/848935?lang=en,https://tickets.cinema-city.co.il/order/848935?lang=he,Regular,2D,,,2026-08-25,,,,150,All,Rishon Letzion,Cinema City,610
19:20,SPIDERMAN: BRAND NEW DAY,ספיידרמן: יום חדש,https://tickets.cinema-city.co.il/order/848944?lang=en,https://tickets.cinema-city.co.il/order/848944?lang=he,Regular,2D,,,2026-08-25,,,,150,All,Rishon Letzion,Cinema City,610
20:00,SPIDERMAN: BRAND NEW DAY,ספיידרמן: יום חדש,https://tickets.cinema-city.co.il/order/848949?lang=en,https://tickets.cinema-city.co.il/order/848949?lang=he,Regular,2D,,,2026-08-25,,,,150,All,Rishon Letzion,Cinema City,610
21:15,SPIDERMAN: BRAND NEW DAY,ספיידרמן: יום חדש,https://tickets.cinema-city.co.il/order/848947?lang=en,https://tickets.cinema-city.co.il/order/848947?lang=he,Regular,2D,,,2026-08-25,,,,150,All,Rishon Letzion,Cinema City,610
22:45,SPIDERMAN: BRAND NEW DAY,ספיידרמן: יום חדש,https://tickets.cinema-city.co.il/order/848945?lang=en,https://tickets.cinema-city.co.il/order/848945?lang=he,Regular,2D,,,2026-08-25,,,,150,All,Rishon Letzion,Cinema City,610
23:20,SPIDERMAN: BRAND NEW DAY,ספיידרמן: יום חדש,https://tickets.cinema-city.co.il/order/852380?lang=en,https://tickets.cinema-city.co.il/order/852380?lang=he,Regular,2D,,,2026-08-25,,,,150,All,Rishon Letzion,Cinema City,610
12:20,SPIDERMAN: BRAND NEW DAY,ספיידרמן: יום חדש,https://tickets.cinema-city.co.il/order/849046?lang=en,https://tickets.cinema-city.co.il/order/849046?lang=he,Regular,2D,,,2026-08-26,,,,150,All,Rishon Letzion,Cinema City,610
13:50,SPIDERMAN: BRAND NEW DAY,ספיידרמן: יום חדש,https://tickets.cinema-city.co.il/order/849010?lang=en,https://tickets.cinema-city.co.il/order/849010?lang=he,Regular,2D,,,2026-08-26,,,,150,All,Rishon Letzion,Cinema City,610
15:00,SPIDERMAN: BRAND NEW DAY,ספיידרמן: יום חדש,https://tickets.cinema-city.co.il/order/849054?lang=en,https://tickets.cinema-city.co.il/order/849054?lang=he,Regular,2D,,,2026-08-26,,,,150,All,Rishon Letzion,Cinema City,610
18:20,SPIDERMAN: BRAND NEW DAY,ספיידרמן: יום חדש,https://tickets.cinema-city.co.il/order/849053?lang=en,https://tickets.cinema-city.co.il/order/849053?lang=he,Regular,2D,,,2026-08-26,,,,150,All,Rishon Letzion,Cinema City,610
19:10,SPIDERMAN: BRAND NEW DAY,ספיידרמן: יום חדש,https://tickets.cinema-city.co.il/order/849007?lang=en,https://tickets.cinema-city.co.il/order/849007?lang=he,Regular,2D,,,2026-08-26,,,,150,All,Rishon Letzion,Cinema City,610
20:20,SPIDERMAN: BRAND NEW DAY,ספיידרמן: יום חדש,https://tickets.cinema-city.co.il/order/848985?lang=en,https://tickets.cinema-city.co.il/order/848985?lang=he,Regular,2D,,,2026-08-26,,,,150,All,Rishon Letzion,Cinema City,610
21:40,SPIDERMAN: BRAND NEW DAY,ספיידרמן: יום חדש,https://tickets.cinema-city.co.il/order/848978?lang=en,https://tickets.cinema-city.co.il/order/848978?lang=he,Regular,2D,,,2026-08-26,,,,150,All,Rishon Letzion,Cinema City,610
22:30,SPIDERMAN: BRAND NEW DAY,ספיידרמן: יום חדש,https://tickets.cinema-city.co.il/order/848977?lang=en,https://tickets.cinema-city.co.il/order/848977?lang=he,Regular,2D,,,2026-08-26,,,,150,All,Rishon Letzion,Cinema City,610
23:15,SPIDERMAN: BRAND NEW DAY,ספיידרמן: יום חדש,https://tickets.cinema-city.co.il/order/852295?lang=en,https://tickets.cinema-city.co.il/order/852295?lang=he,Regular,2D,,,2026-08-26,,,,150,All,Rishon Letzion,Cinema City,610
18:15,SPIDERMAN: BRAND NEW DAY,ספיידרמן: יום חדש,https://tickets.cinema-city.co.il/order/852487?lang=en,https://tickets.cinema-city.co.il/order/852487?lang=he,Regular,2D,,,2026-08-28,,,,150,All,Rishon Letzion,Cinema City,610
21:40,SPIDERMAN: BRAND NEW DAY,ספיידרמן: יום חדש,https://tickets.cinema-city.co.il/order/852491?lang=en,https://tickets.cinema-city.co.il/order/852491?lang=he,Regular,2D,,,2026-08-28,,,,150,All,Rishon Letzion,Cinema City,610
15:00,SPIDERMAN: BRAND NEW DAY,ספיידרמן: יום חדש,https://tickets.cinema-city.co.il/order/852475?lang=en,https://tickets.cinema-city.co.il/order/852475?lang=he,Regular,2D,,,2026-08-29,,,,150,All,Rishon Letzion,Cinema City,610
18:30,SPIDERMAN: BRAND NEW DAY,ספיידרמן: יום חדש,https://tickets.cinema-city.co.il/order/852474?lang=en,https://tickets.cinema-city.co.il/order/852474?lang=he,Regular,2D,,,2026-08-29,,,,150,All,Rishon Letzion,Cinema City,610
22:00,SPIDERMAN: BRAND NEW DAY,ספיידרמן: יום חדש,https://tickets.cinema-city.co.il/order/852473?lang=en,https://tickets.cinema-city.co.il/order/852473?lang=he,Regular,2D,,,2026-08-29,,,,150,All,Rishon Letzion,Cinema City,610
11:50,גבעה 338,גבעה 338,https://tickets.cinema-city.co.il/order/850417?lang=en,https://tickets.cinema-city.co.il/order/850417?lang=he,Regular,2D,,,2026-08-24,,,,106,9+,Jerusalem,Cinema City,610
16:20,גבעה 338,גבעה 338,https://tickets.cinema-city.co.il/order/850419?lang=en,https://tickets.cinema-city.co.il/order/850419?lang=he,Regular,2D,,,2026-08-24,,,,106,9+,Jerusalem,Cinema City,610
18:50,גבעה 338,גבעה 338,https://tickets.cinema-city.co.il/order/850373?lang=en,https://tickets.cinema-city.co.il/order/850373?lang=he,Regular,2D,,,2026-08-24,,,,106,9+,Jerusalem,Cinema City,610
19:40,גבעה 338,גבעה 338,https://tickets.cinema-city.co.il/order/850376?lang=en,https://tickets.cinema-city.co.il/order/850376?lang=he,Regular,2D,,,2026-08-24,,,,106,9+,Jerusalem,Cinema City,610
22:10,גבעה 338,גבעה 338,https://tickets.cinema-city.co.il/order/850362?lang=en,https://tickets.cinema-city.co.il/order/850362?lang=he,Regular,2D,,,2026-08-24,,,,106,9+,Jerusalem,Cinema City,610
14:30,גבעה 338,גבעה 338,https://tickets.cinema-city.co.il/order/850473?lang=en,https://tickets.cinema-city.co.il/order/850473?lang=he,Regular,2D,,,2026-08-25,,,,106,9+,Jerusalem,Cinema City,610
17:00,גבעה 338,גבעה 338,https://tickets.cinema-city.co.il/order/850447?lang=en,https://tickets.cinema-city.co.il/order/850447?lang=he,Regular,2D,,,2026-08-25,,,,106,9+,Jerusalem,Cinema City,610
19:30,גבעה 338,גבעה 338,https://tickets.cinema-city.co.il/order/850479?lang=en,https://tickets.cinema-city.co.il/order/850479?lang=he,Regular,2D,,,2026-08-25,,,,106,9+,Jerusalem,Cinema City,610
22:10,גבעה 338,גבעה 338,https://tickets.cinema-city.co.il/order/850459?lang=en,https://tickets.cinema-city.co.il/order/850459?lang=he,Regular,2D,,,2026-08-25,,,,106,9+,Jerusalem,Cinema City,610
11:50,גבעה 338,גבעה 338,https://tickets.cinema-city.co.il/order/850556?lang=en,https://tickets.cinema-city.co.il/order/850556?lang=he,Regular,2D,,,2026-08-26,,,,106,9+,Jerusalem,Cinema City,610
14:30,גבעה 338,גבעה 338,https://tickets.cinema-city.co.il/order/850507?lang=en,https://tickets.cinema-city.co.il/order/850507?lang=he,Regular,2D,,,2026-08-26,,,,106,9+,Jerusalem,Cinema City,610
17:00,גבעה 338,גבעה 338,https://tickets.cinema-city.co.il/order/850537?lang=en,https://tickets.cinema-city.co.il/order/850537?lang=he,Regular,2D,,,2026-08-26,,,,106,9+,Jerusalem,Cinema City,610
19:30,גבעה 338,גבעה 338,https://tickets.cinema-city.co.il/order/850513?lang=en,https://tickets.cinema-city.co.il/order/850513?lang=he,Regular,2D,,,2026-08-26,,,,106,9+,Jerusalem,Cinema City,610
22:10,גבעה 338,גבעה 338,https://tickets.cinema-city.co.il/order/850496?lang=en,https://tickets.cinema-city.co.il/order/850496?lang=he,Regular,2D,,,2026-08-26,,,,106,9+,Jerusalem,Cinema City,610
10:00,THE POUT POUT FISH,דג ושמו באסה,https://tickets.cinema-city.co.il/order/850368?lang=en,https://tickets.cinema-city.co.il/order/850368?lang=he,Regular,2D,,Hebrew,2026-08-24,,,,93,,Jerusalem,Cinema City,610
14:00,THE POUT POUT FISH,דג ושמו באסה,https://tickets.cinema-city.co.il/order/850397?lang=en,https://tickets.cinema-city.co.il/order/850397?lang=he,Regular,2D,,Hebrew,2026-08-24,,,,93,,Jerusalem,Cinema City,610
16:15,THE POUT POUT FISH,דג ושמו באסה,https://tickets.cinema-city.co.il/order/850398?lang=en,https://tickets.cinema-city.co.il/order/850398?lang=he,Regular,2D,,Hebrew,2026-08-24,,,,93,,Jerusalem,Cinema City,610
11:50,THE POUT POUT FISH,דג ושמו באסה,https://tickets.cinema-city.co.il/order/850454?lang=en,https://tickets.cinema-city.co.il/order/850454?lang=he,Regular,2D,,Hebrew,2026-08-25,,,,93,,Jerusalem,Cinema City,610
14:00,THE POUT POUT FISH,דג ושמו באסה,https://tickets.cinema-city.co.il/order/850435?lang=en,https://tickets.cinema-city.co.il/order/850435?lang=he,Regular,2D,,Hebrew,2026-08-25,,,,93,,Jerusalem,Cinema City,610
16:15,THE POUT POUT FISH,דג ושמו באסה,https://tickets.cinema-city.co.il/order/850434?lang=en,https://tickets.cinema-city.co.il/order/850434?lang=he,Regular,2D,,Hebrew,2026-08-25,,,,93,,Jerusalem,Cinema City,610
11:50,THE POUT POUT FISH,דג ושמו באסה,https://tickets.cinema-city.co.il/order/850545?lang=en,https://tickets.cinema-city.co.il/order/850545?lang=he,Regular,2D,,Hebrew,2026-08-26,,,,93,,Jerusalem,Cinema City,610
14:00,THE POUT POUT FISH,דג ושמו באסה,https://tickets.cinema-city.co.il/order/850526?lang=en,https://tickets.cinema-city.co.il/order/850526?lang=he,Regular,2D,,Hebrew,2026-08-26,,,,93,,Jerusalem,Cinema City,610
16:15,THE POUT POUT FISH,דג ושמו באסה,https://tickets.cinema-city.co.il/order/850525?lang=en,https://tickets.cinema-city.co.il/order/850525?lang=he,Regular,2D,,Hebrew,2026-08-26,,,,93,,Jerusalem,Cinema City,610
19:45,Insidious: Out of the Further,הרוע שבפנים: מחוץ למעבר,https://tickets.cinema-city.co.il/order/850371?lang=en,https://tickets.cinema-city.co.il/order/850371?lang=he,Regular,2D,,,2026-08-24,,,,106,14+,Jerusalem,Cinema City,610
22:15,Insidious: Out of the Further,הרוע שבפנים: מחוץ למעבר,https://tickets.cinema-city.co.il/order/850379?lang=en,https://tickets.cinema-city.co.il/order/850379?lang=he,Regular,2D,,,2026-08-24,,,,106,14+,Jerusalem,Cinema City,610
23:20,Insidious: Out of the Further,הרוע שבפנים: מחוץ למעבר,https://tickets.cinema-city.co.il/order/850399?lang=en,https://tickets.cinema-city.co.il/order/850399?lang=he,Regular,2D,,,2026-08-24,,,,106,14+,Jerusalem,Cinema City,610
20:25,Insidious: Out of the Further,הרוע שבפנים: מחוץ למעבר,https://tickets.cinema-city.co.il/order/850451?lang=en,https://tickets.cinema-city.co.il/order/850451?lang=he,Regular,2D,,,2026-08-25,,,,106,14+,Jerusalem,Cinema City,610
22:45,Insidious: Out of the Further,הרוע שבפנים: מחוץ למעבר,https://tickets.cinema-city.co.il/order/850475?lang=en,https://tickets.cinema-city.co.il/order/850475?lang=he,Regular,2D,,,2026-08-25,,,,106,14+,Jerusalem,Cinema City,610
23:20,Insidious: Out of the Further,הרוע שבפנים: מחוץ למעבר,https://tickets.cinema-city.co.il/order/850428?lang=en,https://tickets.cinema-city.co.il/order/850428?lang=he,Regular,2D,,,2026-08-25,,,,106,14+,Jerusalem,Cinema City,610
20:10,Insidious: Out of the Further,הרוע שבפנים: מחוץ למעבר,https://tickets.cinema-city.co.il/order/850542?lang=en,https://tickets.cinema-city.co.il/order/850542?lang=he,Regular,2D,,,2026-08-26,,,,106,14+,Jerusalem,Cinema City,610
22:30,Insidious: Out of the Further,הרוע שבפנים: מחוץ למעבר,https://tickets.cinema-city.co.il/order/850509?lang=en,https://tickets.cinema-city.co.il/order/850509?lang=he,Regular,2D,,,2026-08-26,,,,106,14+,Jerusalem,Cinema City,610
23:20,Insidious: Out of the Further,הרוע שבפנים: מחוץ למעבר,https://tickets.cinema-city.co.il/order/850532?lang=en,https://tickets.cinema-city.co.il/order/850532?lang=he,Regular,2D,,,2026-08-26,,,,106,14+,Jerusalem,Cinema City,610
14:40,Dog Stars,כוכבי הכלב,https://tickets.cinema-city.co.il/order/850559?lang=en,https://tickets.cinema-city.co.il/order/850559?lang=he,Regular,2D,,,2026-08-26,,,,118,,Jerusalem,Cinema City,610
19:40,Dog Stars,כוכבי הכלב,https://tickets.cinema-city.co.il/order/850558?lang=en,https://tickets.cinema-city.co.il/order/850558?lang=he,Regular,2D,,,2026-08-26,,,,118,,Jerusalem,Cinema City,610
21:30,One Night Only,לגמור את הלילה,https://tickets.cinema-city.co.il/order/850404?lang=en,https://tickets.cinema-city.co.il/order/850404?lang=he,Regular,2D,,,2026-08-24,,,,102,14+,Jerusalem,Cinema City,610
23:45,One Night Only,לגמור את הלילה,https://tickets.cinema-city.co.il/order/850406?lang=en,https://tickets.cinema-city.co.il/order/850406?lang=he,Regular,2D,,,2026-08-24,,,,102,14+,Jerusalem,Cinema City,610
23:00,One Night Only,לגמור את הלילה,https://tickets.cinema-city.co.il/order/850430?lang=en,https://tickets.cinema-city.co.il/order/850430?lang=he,Regular,2D,,,2026-08-25,,,,102,14+,Jerusalem,Cinema City,610
21:50,One Night Only,לגמור את הלילה,https://tickets.cinema-city.co.il/order/850521?lang=en,https://tickets.cinema-city.co.il/order/850521?lang=he,Regular,2D,,,2026-08-26,,,,102,14+,Jerusalem,Cinema City,610
18:40,La La Land 10th Anniversary,לה לה לנד-חגיגות העשור,https://tickets.cinema-city.co.il/order/850483?lang=en,https://tickets.cinema-city.co.il/order/850483?lang=he,Regular,2D,,,2026-08-25,,,,128,All,Jerusalem,Cinema City,610
21:30,La La Land 10th Anniversary,לה לה לנד-חגיגות העשור,https://tickets.cinema-city.co.il/order/850484?lang=en,https://tickets.cinema-city.co.il/order/850484?lang=he,Regular,2D,,,2026-08-25,,,,128,All,Jerusalem,Cinema City,610
19:30,La La Land 10th Anniversary,לה לה לנד-חגיגות העשור,https://tickets.cinema-city.co.il/order/850516?lang=en,https://tickets.cinema-city.co.il/order/850516?lang=he,Regular,2D,,,2026-08-26,,,,128,All,Jerusalem,Cinema City,610
22:20,La La Land 10th Anniversary,לה לה לנד-חגיגות העשור,https://tickets.cinema-city.co.il/order/850517?lang=en,https://tickets.cinema-city.co.il/order/850517?lang=he,Regular,2D,,,2026-08-26,,,,128,All,Jerusalem,Cinema City,610
20:45,La La Land 10th Anniversary,לה לה לנד-חגיגות העשור,https://tickets.cinema-city.co.il/order/852339?lang=en,https://tickets.cinema-city.co.il/order/852339?lang=he,Regular,2D,,,2026-08-27,,,,128,All,Jerusalem,Cinema City,610
15:15,La La Land 10th Anniversary,לה לה לנד-חגיגות העשור,https://tickets.cinema-city.co.il/order/852340?lang=en,https://tickets.cinema-city.co.il/order/852340?lang=he,Regular,2D,,,2026-08-28,,,,128,All,Jerusalem,Cinema City,610
16:10,Coyote vs. Acme,לוני טונס מציגים: קיוטי נגד אקמי,https://tickets.cinema-city.co.il/order/850396?lang=en,https://tickets.cinema-city.co.il/order/850396?lang=he,Regular,2D,,,2026-08-24,,,,101,All,Jerusalem,Cinema City,610
16:30,Coyote vs. Acme,לוני טונס מציגים: קיוטי נגד אקמי,https://tickets.cinema-city.co.il/order/850436?lang=en,https://tickets.cinema-city.co.il/order/850436?lang=he,Regular,2D,,,2026-08-25,,,,101,All,Jerusalem,Cinema City,610
16:30,Coyote vs. Acme,לוני טונס מציגים: קיוטי נגד אקמי,https://tickets.cinema-city.co.il/order/850527?lang=en,https://tickets.cinema-city.co.il/order/850527?lang=he,Regular,2D,,,2026-08-26,,,,101,All,Jerusalem,Cinema City,610
10:20,Coyote vs. Acme,לוני טונס מציגים: קיוטי נגד אקמי,https://tickets.cinema-city.co.il/order/850378?lang=en,https://tickets.cinema-city.co.il/order/850378?lang=he,Regular,2D,,Hebrew,2026-08-24,,,,101,All,Jerusalem,Cinema City,610
12:40,Coyote vs. Acme,לוני טונס מציגים: קיוטי נגד אקמי,https://tickets.cinema-city.co.il/order/850377?lang=en,https://tickets.cinema-city.co.il/order/850377?lang=he,Regular,2D,,Hebrew,2026-08-24,,,,101,All,Jerusalem,Cinema City,610
15:00,Coyote vs. Acme,לוני טונס מציגים: קיוטי נגד אקמי,https://tickets.cinema-city.co.il/order/850366?lang=en,https://tickets.cinema-city.co.il/order/850366?lang=he,Regular,2D,,Hebrew,2026-08-24,,,,101,All,Jerusalem,Cinema City,610
17:20,Coyote vs. Acme,לוני טונס מציגים: קיוטי נגד אקמי,https://tickets.cinema-city.co.il/order/850374?lang=en,https://tickets.cinema-city.co.il/order/850374?lang=he,Regular,2D,,Hebrew,2026-08-24,,,,101,All,Jerusalem,Cinema City,610
10:15,Coyote vs. Acme,לוני טונס מציגים: קיוטי נגד אקמי,https://tickets.cinema-city.co.il/order/850476?lang=en,https://tickets.cinema-city.co.il/order/850476?lang=he,Regular,2D,,Hebrew,2026-08-25,,,,101,All,Jerusalem,Cinema City,610
15:45,Coyote vs. Acme,לוני טונס מציגים: קיוטי נגד אקמי,https://tickets.cinema-city.co.il/order/850455?lang=en,https://tickets.cinema-city.co.il/order/850455?lang=he,Regular,2D,,Hebrew,2026-08-25,,,,101,All,Jerusalem,Cinema City,610
18:05,Coyote vs. Acme,לוני טונס מציגים: קיוטי נגד אקמי,https://tickets.cinema-city.co.il/order/850478?lang=en,https://tickets.cinema-city.co.il/order/850478?lang=he,Regular,2D,,Hebrew,2026-08-25,,,,101,All,Jerusalem,Cinema City,610
10:35,Coyote vs. Acme,לוני טונס מציגים: קיוטי נגד אקמי,https://tickets.cinema-city.co.il/order/850510?lang=en,https://tickets.cinema-city.co.il/order/850510?lang=he,Regular,2D,,Hebrew,2026-08-26,,,,101,All,Jerusalem,Cinema City,610
13:10,Coyote vs. Acme,לוני טונס מציגים: קיוטי נגד אקמי,https://tickets.cinema-city.co.il/order/850549?lang=en,https://tickets.cinema-city.co.il/order/850549?lang=he,Regular,2D,,Hebrew,2026-08-26,,,,101,All,Jerusalem,Cinema City,610
15:30,Coyote vs. Acme,לוני טונס מציגים: קיוטי נגד אקמי,https://tickets.cinema-city.co.il/order/850546?lang=en,https://tickets.cinema-city.co.il/order/850546?lang=he,Regular,2D,,Hebrew,2026-08-26,,,,101,All,Jerusalem,Cinema City,610
17:50,Coyote vs. Acme,לוני טונס מציגים: קיוטי נגד אקמי,https://tickets.cinema-city.co.il/order/850512?lang=en,https://tickets.cinema-city.co.il/order/850512?lang=he,Regular,2D,,Hebrew,2026-08-26,,,,101,All,Jerusalem,Cinema City,610
11:00,MUTINY,נקמה בלב ים,https://tickets.cinema-city.co.il/order/850416?lang=en,https://tickets.cinema-city.co.il/order/850416?lang=he,Regular,2D,,,2026-08-24,,,,95,14+,Jerusalem,Cinema City,610
13:30,MUTINY,נקמה בלב ים,https://tickets.cinema-city.co.il/order/850413?lang=en,https://tickets.cinema-city.co.il/order/850413?lang=he,Regular,2D,,,2026-08-24,,,,95,14+,Jerusalem,Cinema City,610
15:10,MUTINY,נקמה בלב ים,https://tickets.cinema-city.co.il/order/850355?lang=en,https://tickets.cinema-city.co.il/order/850355?lang=he,Regular,2D,,,2026-08-24,,,,95,14+,Jerusalem,Cinema City,610
17:10,MUTINY,נקמה בלב ים,https://tickets.cinema-city.co.il/order/850414?lang=en,https://tickets.cinema-city.co.il/order/850414?lang=he,Regular,2D,,,2026-08-24,,,,95,14+,Jerusalem,Cinema City,610
18:10,MUTINY,נקמה בלב ים,https://tickets.cinema-city.co.il/order/850415?lang=en,https://tickets.cinema-city.co.il/order/850415?lang=he,Regular,2D,,,2026-08-24,,,,95,14+,Jerusalem,Cinema City,610
19:45,MUTINY,נקמה בלב ים,https://tickets.cinema-city.co.il/order/850381?lang=en,https://tickets.cinema-city.co.il/order/850381?lang=he,Regular,2D,,,2026-08-24,,,,95,14+,Jerusalem,Cinema City,610
22:10,MUTINY,נקמה בלב ים,https://tickets.cinema-city.co.il/order/850380?lang=en,https://tickets.cinema-city.co.il/order/850380?lang=he,Regular,2D,,,2026-08-24,,,,95,14+,Jerusalem,Cinema City,610
23:15,MUTINY,נקמה בלב ים,https://tickets.cinema-city.co.il/order/850385?lang=en,https://tickets.cinema-city.co.il/order/850385?lang=he,Regular,2D,,,2026-08-24,,,,95,14+,Jerusalem,Cinema City,610
14:30,MUTINY,נקמה בלב ים,https://tickets.cinema-city.co.il/order/850465?lang=en,https://tickets.cinema-city.co.il/order/850465?lang=he,Regular,2D,,,2026-08-25,,,,95,14+,Jerusalem,Cinema City,610
17:20,MUTINY,נקמה בלב ים,https://tickets.cinema-city.co.il/order/850448?lang=en,https://tickets.cinema-city.co.il/order/850448?lang=he,Regular,2D,,,2026-08-25,,,,95,14+,Jerusalem,Cinema City,610
19:45,MUTINY,נקמה בלב ים,https://tickets.cinema-city.co.il/order/850466?lang=en,https://tickets.cinema-city.co.il/order/850466?lang=he,Regular,2D,,,2026-08-25,,,,95,14+,Jerusalem,Cinema City,610
22:10,MUTINY,נקמה בלב ים,https://tickets.cinema-city.co.il/order/850474?lang=en,https://tickets.cinema-city.co.il/order/850474?lang=he,Regular,2D,,,2026-08-25,,,,95,14+,Jerusalem,Cinema City,610
23:00,MUTINY,נקמה בלב ים,https://tickets.cinema-city.co.il/order/850470?lang=en,https://tickets.cinema-city.co.il/order/850470?lang=he,Regular,2D,,,2026-08-25,,,,95,14+,Jerusalem,Cinema City,610
12:30,MUTINY,נקמה בלב ים,https://tickets.cinema-city.co.il/order/850554?lang=en,https://tickets.cinema-city.co.il/order/850554?lang=he,Regular,2D,,,2026-08-26,,,,95,14+,Jerusalem,Cinema City,610
14:50,MUTINY,נקמה בלב ים,https://tickets.cinema-city.co.il/order/850501?lang=en,https://tickets.cinema-city.co.il/order/850501?lang=he,Regular,2D,,,2026-08-26,,,,95,14+,Jerusalem,Cinema City,610
17:20,MUTINY,נקמה בלב ים,https://tickets.cinema-city.co.il/order/850538?lang=en,https://tickets.cinema-city.co.il/order/850538?lang=he,Regular,2D,,,2026-08-26,,,,95,14+,Jerusalem,Cinema City,610
19:45,MUTINY,נקמה בלב ים,https://tickets.cinema-city.co.il/order/850502?lang=en,https://tickets.cinema-city.co.il/order/850502?lang=he,Regular,2D,,,2026-08-26,,,,95,14+,Jerusalem,Cinema City,610
22:10,MUTINY,נקמה בלב ים,https://tickets.cinema-city.co.il/order/850508?lang=en,https://tickets.cinema-city.co.il/order/850508?lang=he,Regular,2D,,,2026-08-26,,,,95,14+,Jerusalem,Cinema City,610
15:50,End of Oak Street,סוף רחוב האלון,https://tickets.cinema-city.co.il/order/850375?lang=en,https://tickets.cinema-city.co.il/order/850375?lang=he,Regular,2D,,,2026-08-24,,,,100,12+,Jerusalem,Cinema City,610
23:00,End of Oak Street,סוף רחוב האלון,https://tickets.cinema-city.co.il/order/850384?lang=en,https://tickets.cinema-city.co.il/order/850384?lang=he,Regular,2D,,,2026-08-24,,,,100,12+,Jerusalem,Cinema City,610
15:30,End of Oak Street,סוף רחוב האלון,https://tickets.cinema-city.co.il/order/850477?lang=en,https://tickets.cinema-city.co.il/order/850477?lang=he,Regular,2D,,,2026-08-25,,,,100,12+,Jerusalem,Cinema City,610
14:30,End of Oak Street,סוף רחוב האלון,https://tickets.cinema-city.co.il/order/850511?lang=en,https://tickets.cinema-city.co.il/order/850511?lang=he,Regular,2D,,,2026-08-26,,,,100,12+,Jerusalem,Cinema City,610
11:20,SPA WEEKEND,ספא וויקנד,https://tickets.cinema-city.co.il/order/850412?lang=en,https://tickets.cinema-city.co.il/order/850412?lang=he,Regular,2D,,,2026-08-24,,,,97,14+,Jerusalem,Cinema City,610
13:30,SPA WEEKEND,ספא וויקנד,https://tickets.cinema-city.co.il/order/850367?lang=en,https://tickets.cinema-city.co.il/order/850367?lang=he,Regular,2D,,,2026-08-24,,,,97,14+,Jerusalem,Cinema City,610
15:45,SPA WEEKEND,ספא וויקנד,https://tickets.cinema-city.co.il/order/850400?lang=en,https://tickets.cinema-city.co.il/order/850400?lang=he,Regular,2D,,,2026-08-24,,,,97,14+,Jerusalem,Cinema City,610
18:00,SPA WEEKEND,ספא וויקנד,https://tickets.cinema-city.co.il/order/850363?lang=en,https://tickets.cinema-city.co.il/order/850363?lang=he,Regular,2D,,,2026-08-24,,,,97,14+,Jerusalem,Cinema City,610
19:00,SPA WEEKEND,ספא וויקנד,https://tickets.cinema-city.co.il/order/850356?lang=en,https://tickets.cinema-city.co.il/order/850356?lang=he,Regular,2D,,,2026-08-24,,,,97,14+,Jerusalem,Cinema City,610
20:15,SPA WEEKEND,ספא וויקנד,https://tickets.cinema-city.co.il/order/850364?lang=en,https://tickets.cinema-city.co.il/order/850364?lang=he,Regular,2D,,,2026-08-24,,,,97,14+,Jerusalem,Cinema City,610
22:30,SPA WEEKEND,ספא וויקנד,https://tickets.cinema-city.co.il/order/850365?lang=en,https://tickets.cinema-city.co.il/order/850365?lang=he,Regular,2D,,,2026-08-24,,,,97,14+,Jerusalem,Cinema City,610
11:20,SPA WEEKEND,ספא וויקנד,https://tickets.cinema-city.co.il/order/850480?lang=en,https://tickets.cinema-city.co.il/order/850480?lang=he,Regular,2D,,,2026-08-25,,,,97,14+,Jerusalem,Cinema City,610
13:45,SPA WEEKEND,ספא וויקנד,https://tickets.cinema-city.co.il/order/850487?lang=en,https://tickets.cinema-city.co.il/order/850487?lang=he,Regular,2D,,,2026-08-25,,,,97,14+,Jerusalem,Cinema City,610
15:45,SPA WEEKEND,ספא וויקנד,https://tickets.cinema-city.co.il/order/850432?lang=en,https://tickets.cinema-city.co.il/order/850432?lang=he,Regular,2D,,,2026-08-25,,,,97,14+,Jerusalem,Cinema City,610
16:15,SPA WEEKEND,ספא וויקנד,https://tickets.cinema-city.co.il/order/850485?lang=en,https://tickets.cinema-city.co.il/order/850485?lang=he,Regular,2D,,,2026-08-25,,,,97,14+,Jerusalem,Cinema City,610
18:00,SPA WEEKEND,ספא וויקנד,https://tickets.cinema-city.co.il/order/850450?lang=en,https://tickets.cinema-city.co.il/order/850450?lang=he,Regular,2D,,,2026-08-25,,,,97,14+,Jerusalem,Cinema City,610
18:50,SPA WEEKEND,ספא וויקנד,https://tickets.cinema-city.co.il/order/850464?lang=en,https://tickets.cinema-city.co.il/order/850464?lang=he,Regular,2D,,,2026-08-25,,,,97,14+,Jerusalem,Cinema City,610
20:15,SPA WEEKEND,ספא וויקנד,https://tickets.cinema-city.co.il/order/850457?lang=en,https://tickets.cinema-city.co.il/order/850457?lang=he,Regular,2D,,,2026-08-25,,,,97,14+,Jerusalem,Cinema City,610
22:30,SPA WEEKEND,ספא וויקנד,https://tickets.cinema-city.co.il/order/850456?lang=en,https://tickets.cinema-city.co.il/order/850456?lang=he,Regular,2D,,,2026-08-25,,,,97,14+,Jerusalem,Cinema City,610
11:50,SPA WEEKEND,ספא וויקנד,https://tickets.cinema-city.co.il/order/850514?lang=en,https://tickets.cinema-city.co.il/order/850514?lang=he,Regular,2D,,,2026-08-26,,,,97,14+,Jerusalem,Cinema City,610
14:15,SPA WEEKEND,ספא וויקנד,https://tickets.cinema-city.co.il/order/850551?lang=en,https://tickets.cinema-city.co.il/order/850551?lang=he,Regular,2D,,,2026-08-26,,,,97,14+,Jerusalem,Cinema City,610
15:15,SPA WEEKEND,ספא וויקנד,https://tickets.cinema-city.co.il/order/850523?lang=en,https://tickets.cinema-city.co.il/order/850523?lang=he,Regular,2D,,,2026-08-26,,,,97,14+,Jerusalem,Cinema City,610
16:15,SPA WEEKEND,ספא וויקנד,https://tickets.cinema-city.co.il/order/850518?lang=en,https://tickets.cinema-city.co.il/order/850518?lang=he,Regular,2D,,,2026-08-26,,,,97,14+,Jerusalem,Cinema City,610
17:30,SPA WEEKEND,ספא וויקנד,https://tickets.cinema-city.co.il/order/850541?lang=en,https://tickets.cinema-city.co.il/order/850541?lang=he,Regular,2D,,,2026-08-26,,,,97,14+,Jerusalem,Cinema City,610
18:40,SPA WEEKEND,ספא וויקנד,https://tickets.cinema-city.co.il/order/850550?lang=en,https://tickets.cinema-city.co.il/order/850550?lang=he,Regular,2D,,,2026-08-26,,,,97,14+,Jerusalem,Cinema City,610
20:10,SPA WEEKEND,ספא וויקנד,https://tickets.cinema-city.co.il/order/850494?lang=en,https://tickets.cinema-city.co.il/order/850494?lang=he,Regular,2D,,,2026-08-26,,,,97,14+,Jerusalem,Cinema City,610
22:30,SPA WEEKEND,ספא וויקנד,https://tickets.cinema-city.co.il/order/850506?lang=en,https://tickets.cinema-city.co.il/order/850506?lang=he,Regular,2D,,,2026-08-26,,,,97,14+,Jerusalem,Cinema City,610
12:15,SPIDERMAN: BRAND NEW DAY,ספיידרמן: יום חדש,https://tickets.cinema-city.co.il/order/850411?lang=en,https://tickets.cinema-city.co.il/order/850411?lang=he,Regular,2D,,,2026-08-24,,,,150,All,Jerusalem,Cinema City,610
15:20,SPIDERMAN: BRAND NEW DAY,ספיידרמן: יום חדש,https://tickets.cinema-city.co.il/order/850407?lang=en,https://tickets.cinema-city.co.il/order/850407?lang=he,Regular,2D,,,2026-08-24,,,,150,All,Jerusalem,Cinema City,610
18:30,SPIDERMAN: BRAND NEW DAY,ספיידרמן: יום חדש,https://tickets.cinema-city.co.il/order/850357?lang=en,https://tickets.cinema-city.co.il/order/850357?lang=he,Regular,2D,,,2026-08-24,,,,150,All,Jerusalem,Cinema City,610
20:00,SPIDERMAN: BRAND NEW DAY,ספיידרמן: יום חדש,https://tickets.cinema-city.co.il/order/850359?lang=en,https://tickets.cinema-city.co.il/order/850359?lang=he,Regular,2D,,,2026-08-24,,,,150,All,Jerusalem,Cinema City,610
21:45,SPIDERMAN: BRAND NEW DAY,ספיידרמן: יום חדש,https://tickets.cinema-city.co.il/order/850358?lang=en,https://tickets.cinema-city.co.il/order/850358?lang=he,Regular,2D,,,2026-08-24,,,,150,All,Jerusalem,Cinema City,610
15:20,SPIDERMAN: BRAND NEW DAY,ספיידרמן: יום חדש,https://tickets.cinema-city.co.il/order/850429?lang=en,https://tickets.cinema-city.co.il/order/850429?lang=he,Regular,2D,,,2026-08-25,,,,150,All,Jerusalem,Cinema City,610
18:30,SPIDERMAN: BRAND NEW DAY,ספיידרמן: יום חדש,https://tickets.cinema-city.co.il/order/850463?lang=en,https://tickets.cinema-city.co.il/order/850463?lang=he,Regular,2D,,,2026-08-25,,,,150,All,Jerusalem,Cinema City,610
19:40,SPIDERMAN: BRAND NEW DAY,ספיידרמן: יום חדש,https://tickets.cinema-city.co.il/order/850461?lang=en,https://tickets.cinema-city.co.il/order/850461?lang=he,Regular,2D,,,2026-08-25,,,,150,All,Jerusalem,Cinema City,610
21:45,SPIDERMAN: BRAND NEW DAY,ספיידרמן: יום חדש,https://tickets.cinema-city.co.il/order/850462?lang=en,https://tickets.cinema-city.co.il/order/850462?lang=he,Regular,2D,,,2026-08-25,,,,150,All,Jerusalem,Cinema City,610
12:30,SPIDERMAN: BRAND NEW DAY,ספיידרמן: יום חדש,https://tickets.cinema-city.co.il/order/850539?lang=en,https://tickets.cinema-city.co.il/order/850539?lang=he,Regular,2D,,,2026-08-26,,,,150,All,Jerusalem,Cinema City,610
15:40,SPIDERMAN: BRAND NEW DAY,ספיידרמן: יום חדש,https://tickets.cinema-city.co.il/order/850520?lang=en,https://tickets.cinema-city.co.il/order/850520?lang=he,Regular,2D,,,2026-08-26,,,,150,All,Jerusalem,Cinema City,610
18:50,SPIDERMAN: BRAND NEW DAY,ספיידרמן: יום חדש,https://tickets.cinema-city.co.il/order/850500?lang=en,https://tickets.cinema-city.co.il/order/850500?lang=he,Regular,2D,,,2026-08-26,,,,150,All,Jerusalem,Cinema City,610
20:55,SPIDERMAN: BRAND NEW DAY,ספיידרמן: יום חדש,https://tickets.cinema-city.co.il/order/850498?lang=en,https://tickets.cinema-city.co.il/order/850498?lang=he,Regular,2D,,,2026-08-26,,,,150,All,Jerusalem,Cinema City,610
22:00,SPIDERMAN: BRAND NEW DAY,ספיידרמן: יום חדש,https://tickets.cinema-city.co.il/order/850499?lang=en,https://tickets.cinema-city.co.il/order/850499?lang=he,Regular,2D,,,2026-08-26,,,,150,All,Jerusalem,Cinema City,610
22:00,SPA WEEKEND,ספא וויקנד,https://tickets.cinema-city.co.il/order/850423?lang=en,https://tickets.cinema-city.co.il/order/850423?lang=he,VIP,2D,,,2026-08-24,,,,97,14+,Jerusalem,Cinema City,610
22:00,SPA WEEKEND,ספא וויקנד,https://tickets.cinema-city.co.il/order/850444?lang=en,https://tickets.cinema-city.co.il/order/850444?lang=he,VIP,2D,,,2026-08-25,,,,97,14+,Jerusalem,Cinema City,610
22:00,SPA WEEKEND,ספא וויקנד,https://tickets.cinema-city.co.il/order/850534?lang=en,https://tickets.cinema-city.co.il/order/850534?lang=he,VIP,2D,,,2026-08-26,,,,97,14+,Jerusalem,Cinema City,610
17:00,גבעה 338,גבעה 338,https://tickets.cinema-city.co.il/order/852125?lang=en,https://tickets.cinema-city.co.il/order/852125?lang=he,Regular,2D,,,2026-08-24,,,,106,9+,Kfar Saba,Cinema City,610
19:50,גבעה 338,גבעה 338,https://tickets.cinema-city.co.il/order/852126?lang=en,https://tickets.cinema-city.co.il/order/852126?lang=he,Regular,2D,,,2026-08-24,,,,106,9+,Kfar Saba,Cinema City,610
22:30,גבעה 338,גבעה 338,https://tickets.cinema-city.co.il/order/852090?lang=en,https://tickets.cinema-city.co.il/order/852090?lang=he,Regular,2D,,,2026-08-24,,,,106,9+,Kfar Saba,Cinema City,610
13:10,גבעה 338,גבעה 338,https://tickets.cinema-city.co.il/order/852143?lang=en,https://tickets.cinema-city.co.il/order/852143?lang=he,Regular,2D,,,2026-08-25,,,,106,9+,Kfar Saba,Cinema City,610
17:30,גבעה 338,גבעה 338,https://tickets.cinema-city.co.il/order/852158?lang=en,https://tickets.cinema-city.co.il/order/852158?lang=he,Regular,2D,,,2026-08-25,,,,106,9+,Kfar Saba,Cinema City,610
20:10,גבעה 338,גבעה 338,https://tickets.cinema-city.co.il/order/852159?lang=en,https://tickets.cinema-city.co.il/order/852159?lang=he,Regular,2D,,,2026-08-25,,,,106,9+,Kfar Saba,Cinema City,610
22:45,גבעה 338,גבעה 338,https://tickets.cinema-city.co.il/order/852160?lang=en,https://tickets.cinema-city.co.il/order/852160?lang=he,Regular,2D,,,2026-08-25,,,,106,9+,Kfar Saba,Cinema City,610
13:10,גבעה 338,גבעה 338,https://tickets.cinema-city.co.il/order/852220?lang=en,https://tickets.cinema-city.co.il/order/852220?lang=he,Regular,2D,,,2026-08-26,,,,106,9+,Kfar Saba,Cinema City,610
17:30,גבעה 338,גבעה 338,https://tickets.cinema-city.co.il/order/852187?lang=en,https://tickets.cinema-city.co.il/order/852187?lang=he,Regular,2D,,,2026-08-26,,,,106,9+,Kfar Saba,Cinema City,610
20:10,גבעה 338,גבעה 338,https://tickets.cinema-city.co.il/order/852188?lang=en,https://tickets.cinema-city.co.il/order/852188?lang=he,Regular,2D,,,2026-08-26,,,,106,9+,Kfar Saba,Cinema City,610
22:45,גבעה 338,גבעה 338,https://tickets.cinema-city.co.il/order/852189?lang=en,https://tickets.cinema-city.co.il/order/852189?lang=he,Regular,2D,,,2026-08-26,,,,106,9+,Kfar Saba,Cinema City,610
10:00,THE POUT POUT FISH,דג ושמו באסה,https://tickets.cinema-city.co.il/order/852119?lang=en,https://tickets.cinema-city.co.il/order/852119?lang=he,Regular,2D,,Hebrew,2026-08-24,,,,93,,Kfar Saba,Cinema City,610
16:15,THE POUT POUT FISH,דג ושמו באסה,https://tickets.cinema-city.co.il/order/852108?lang=en,https://tickets.cinema-city.co.il/order/852108?lang=he,Regular,2D,,Hebrew,2026-08-24,,,,93,,Kfar Saba,Cinema City,610
11:00,THE POUT POUT FISH,דג ושמו באסה,https://tickets.cinema-city.co.il/order/852172?lang=en,https://tickets.cinema-city.co.il/order/852172?lang=he,Regular,2D,,Hebrew,2026-08-25,,,,93,,Kfar Saba,Cinema City,610
16:15,THE POUT POUT FISH,דג ושמו באסה,https://tickets.cinema-city.co.il/order/852161?lang=en,https://tickets.cinema-city.co.il/order/852161?lang=he,Regular,2D,,Hebrew,2026-08-25,,,,93,,Kfar Saba,Cinema City,610
11:00,THE POUT POUT FISH,דג ושמו באסה,https://tickets.cinema-city.co.il/order/852202?lang=en,https://tickets.cinema-city.co.il/order/852202?lang=he,Regular,2D,,Hebrew,2026-08-26,,,,93,,Kfar Saba,Cinema City,610
16:15,THE POUT POUT FISH,דג ושמו באסה,https://tickets.cinema-city.co.il/order/852190?lang=en,https://tickets.cinema-city.co.il/order/852190?lang=he,Regular,2D,,Hebrew,2026-08-26,,,,93,,Kfar Saba,Cinema City,610
19:40,Insidious: Out of the Further,הרוע שבפנים: מחוץ למעבר,https://tickets.cinema-city.co.il/order/852087?lang=en,https://tickets.cinema-city.co.il/order/852087?lang=he,Regular,2D,,,2026-08-24,,,,106,14+,Kfar Saba,Cinema City,610
21:10,Insidious: Out of the Further,הרוע שבפנים: מחוץ למעבר,https://tickets.cinema-city.co.il/order/852107?lang=en,https://tickets.cinema-city.co.il/order/852107?lang=he,Regular,2D,,,2026-08-24,,,,106,14+,Kfar Saba,Cinema City,610
23:45,Insidious: Out of the Further,הרוע שבפנים: מחוץ למעבר,https://tickets.cinema-city.co.il/order/852109?lang=en,https://tickets.cinema-city.co.il/order/852109?lang=he,Regular,2D,,,2026-08-24,,,,106,14+,Kfar Saba,Cinema City,610
18:50,Insidious: Out of the Further,הרוע שבפנים: מחוץ למעבר,https://tickets.cinema-city.co.il/order/852141?lang=en,https://tickets.cinema-city.co.il/order/852141?lang=he,Regular,2D,,,2026-08-25,,,,106,14+,Kfar Saba,Cinema City,610
23:20,Insidious: Out of the Further,הרוע שבפנים: מחוץ למעבר,https://tickets.cinema-city.co.il/order/852162?lang=en,https://tickets.cinema-city.co.il/order/852162?lang=he,Regular,2D,,,2026-08-25,,,,106,14+,Kfar Saba,Cinema City,610
18:50,Insidious: Out of the Further,הרוע שבפנים: מחוץ למעבר,https://tickets.cinema-city.co.il/order/852218?lang=en,https://tickets.cinema-city.co.il/order/852218?lang=he,Regular,2D,,,2026-08-26,,,,106,14+,Kfar Saba,Cinema City,610
22:10,Insidious: Out of the Further,הרוע שבפנים: מחוץ למעבר,https://tickets.cinema-city.co.il/order/852230?lang=en,https://tickets.cinema-city.co.il/order/852230?lang=he,Regular,2D,,,2026-08-26,,,,106,14+,Kfar Saba,Cinema City,610
23:20,Insidious: Out of the Further,הרוע שבפנים: מחוץ למעבר,https://tickets.cinema-city.co.il/order/852191?lang=en,https://tickets.cinema-city.co.il/order/852191?lang=he,Regular,2D,,,2026-08-26,,,,106,14+,Kfar Saba,Cinema City,610
17:00,Dog Stars,כוכבי הכלב,https://tickets.cinema-city.co.il/order/852236?lang=en,https://tickets.cinema-city.co.il/order/852236?lang=he,Regular,2D,,,2026-08-26,,,,118,,Kfar Saba,Cinema City,610
23:20,One Night Only,לגמור את הלילה,https://tickets.cinema-city.co.il/order/852099?lang=en,https://tickets.cinema-city.co.il/order/852099?lang=he,Regular,2D,,,2026-08-24,,,,102,14+,Kfar Saba,Cinema City,610
21:10,One Night Only,לגמור את הלילה,https://tickets.cinema-city.co.il/order/852146?lang=en,https://tickets.cinema-city.co.il/order/852146?lang=he,Regular,2D,,,2026-08-25,,,,102,14+,Kfar Saba,Cinema City,610
20:20,One Night Only,לגמור את הלילה,https://tickets.cinema-city.co.il/order/852223?lang=en,https://tickets.cinema-city.co.il/order/852223?lang=he,Regular,2D,,,2026-08-26,,,,102,14+,Kfar Saba,Cinema City,610
12:10,La La Land 10th Anniversary,לה לה לנד-חגיגות העשור,https://tickets.cinema-city.co.il/order/852179?lang=en,https://tickets.cinema-city.co.il/order/852179?lang=he,Regular,2D,,,2026-08-25,,,,128,All,Kfar Saba,Cinema City,610
21:30,La La Land 10th Anniversary,לה לה לנד-חגיגות העשור,https://tickets.cinema-city.co.il/order/852178?lang=en,https://tickets.cinema-city.co.il/order/852178?lang=he,Regular,2D,,,2026-08-25,,,,128,All,Kfar Saba,Cinema City,610
19:45,La La Land 10th Anniversary,לה לה לנד-חגיגות העשור,https://tickets.cinema-city.co.il/order/852208?lang=en,https://tickets.cinema-city.co.il/order/852208?lang=he,Regular,2D,,,2026-08-26,,,,128,All,Kfar Saba,Cinema City,610
21:50,La La Land 10th Anniversary,לה לה לנד-חגיגות העשור,https://tickets.cinema-city.co.il/order/852329?lang=en,https://tickets.cinema-city.co.il/order/852329?lang=he,Regular,2D,,,2026-08-27,,,,128,All,Kfar Saba,Cinema City,610
21:40,La La Land 10th Anniversary,לה לה לנד-חגיגות העשור,https://tickets.cinema-city.co.il/order/852328?lang=en,https://tickets.cinema-city.co.il/order/852328?lang=he,Regular,2D,,,2026-08-28,,,,128,All,Kfar Saba,Cinema City,610
13:30,Coyote vs. Acme,לוני טונס מציגים: קיוטי נגד אקמי,https://tickets.cinema-city.co.il/order/852110?lang=en,https://tickets.cinema-city.co.il/order/852110?lang=he,Regular,2D,,,2026-08-24,,,,101,All,Kfar Saba,Cinema City,610
13:30,Coyote vs. Acme,לוני טונס מציגים: קיוטי נגד אקמי,https://tickets.cinema-city.co.il/order/852163?lang=en,https://tickets.cinema-city.co.il/order/852163?lang=he,Regular,2D,,,2026-08-25,,,,101,All,Kfar Saba,Cinema City,610
13:30,Coyote vs. Acme,לוני טונס מציגים: קיוטי נגד אקמי,https://tickets.cinema-city.co.il/order/852181?lang=en,https://tickets.cinema-city.co.il/order/852181?lang=he,Regular,2D,,,2026-08-25,,,,101,All,Kfar Saba,Cinema City,610
13:30,Coyote vs. Acme,לוני טונס מציגים: קיוטי נגד אקמי,https://tickets.cinema-city.co.il/order/852192?lang=en,https://tickets.cinema-city.co.il/order/852192?lang=he,Regular,2D,,,2026-08-26,,,,101,All,Kfar Saba,Cinema City,610
11:20,Coyote vs. Acme,לוני טונס מציגים: קיוטי נגד אקמי,https://tickets.cinema-city.co.il/order/852118?lang=en,https://tickets.cinema-city.co.il/order/852118?lang=he,Regular,2D,,Hebrew,2026-08-24,,,,101,All,Kfar Saba,Cinema City,610
13:50,Coyote vs. Acme,לוני טונס מציגים: קיוטי נגד אקמי,https://tickets.cinema-city.co.il/order/852105?lang=en,https://tickets.cinema-city.co.il/order/852105?lang=he,Regular,2D,,Hebrew,2026-08-24,,,,101,All,Kfar Saba,Cinema City,610
16:20,Coyote vs. Acme,לוני טונס מציגים: קיוטי נגד אקמי,https://tickets.cinema-city.co.il/order/852111?lang=en,https://tickets.cinema-city.co.il/order/852111?lang=he,Regular,2D,,Hebrew,2026-08-24,,,,101,All,Kfar Saba,Cinema City,610
11:00,Coyote vs. Acme,לוני טונס מציגים: קיוטי נגד אקמי,https://tickets.cinema-city.co.il/order/852171?lang=en,https://tickets.cinema-city.co.il/order/852171?lang=he,Regular,2D,,Hebrew,2026-08-25,,,,101,All,Kfar Saba,Cinema City,610
16:15,Coyote vs. Acme,לוני טונס מציגים: קיוטי נגד אקמי,https://tickets.cinema-city.co.il/order/852164?lang=en,https://tickets.cinema-city.co.il/order/852164?lang=he,Regular,2D,,Hebrew,2026-08-25,,,,101,All,Kfar Saba,Cinema City,610
11:00,Coyote vs. Acme,לוני טונס מציגים: קיוטי נגד אקמי,https://tickets.cinema-city.co.il/order/852201?lang=en,https://tickets.cinema-city.co.il/order/852201?lang=he,Regular,2D,,Hebrew,2026-08-26,,,,101,All,Kfar Saba,Cinema City,610
13:40,Coyote vs. Acme,לוני טונס מציגים: קיוטי נגד אקמי,https://tickets.cinema-city.co.il/order/852200?lang=en,https://tickets.cinema-city.co.il/order/852200?lang=he,Regular,2D,,Hebrew,2026-08-26,,,,101,All,Kfar Saba,Cinema City,610
16:15,Coyote vs. Acme,לוני טונס מציגים: קיוטי נגד אקמי,https://tickets.cinema-city.co.il/order/852193?lang=en,https://tickets.cinema-city.co.il/order/852193?lang=he,Regular,2D,,Hebrew,2026-08-26,,,,101,All,Kfar Saba,Cinema City,610
15:00,MUTINY,נקמה בלב ים,https://tickets.cinema-city.co.il/order/852401?lang=en,https://tickets.cinema-city.co.il/order/852401?lang=he,Regular,2D,,,2026-08-24,,,,95,14+,Kfar Saba,Cinema City,610
17:30,MUTINY,נקמה בלב ים,https://tickets.cinema-city.co.il/order/852402?lang=en,https://tickets.cinema-city.co.il/order/852402?lang=he,Regular,2D,,,2026-08-24,,,,95,14+,Kfar Saba,Cinema City,610
18:40,MUTINY,נקמה בלב ים,https://tickets.cinema-city.co.il/order/852095?lang=en,https://tickets.cinema-city.co.il/order/852095?lang=he,Regular,2D,,,2026-08-24,,,,95,14+,Kfar Saba,Cinema City,610
20:00,MUTINY,נקמה בלב ים,https://tickets.cinema-city.co.il/order/852403?lang=en,https://tickets.cinema-city.co.il/order/852403?lang=he,Regular,2D,,,2026-08-24,,,,95,14+,Kfar Saba,Cinema City,610
21:10,MUTINY,נקמה בלב ים,https://tickets.cinema-city.co.il/order/852116?lang=en,https://tickets.cinema-city.co.il/order/852116?lang=he,Regular,2D,,,2026-08-24,,,,95,14+,Kfar Saba,Cinema City,610
22:30,MUTINY,נקמה בלב ים,https://tickets.cinema-city.co.il/order/852404?lang=en,https://tickets.cinema-city.co.il/order/852404?lang=he,Regular,2D,,,2026-08-24,,,,95,14+,Kfar Saba,Cinema City,610
15:00,MUTINY,נקמה בלב ים,https://tickets.cinema-city.co.il/order/852409?lang=en,https://tickets.cinema-city.co.il/order/852409?lang=he,Regular,2D,,,2026-08-25,,,,95,14+,Kfar Saba,Cinema City,610
17:30,MUTINY,נקמה בלב ים,https://tickets.cinema-city.co.il/order/852410?lang=en,https://tickets.cinema-city.co.il/order/852410?lang=he,Regular,2D,,,2026-08-25,,,,95,14+,Kfar Saba,Cinema City,610
19:00,MUTINY,נקמה בלב ים,https://tickets.cinema-city.co.il/order/852148?lang=en,https://tickets.cinema-city.co.il/order/852148?lang=he,Regular,2D,,,2026-08-25,,,,95,14+,Kfar Saba,Cinema City,610
20:00,MUTINY,נקמה בלב ים,https://tickets.cinema-city.co.il/order/852411?lang=en,https://tickets.cinema-city.co.il/order/852411?lang=he,Regular,2D,,,2026-08-25,,,,95,14+,Kfar Saba,Cinema City,610
21:30,MUTINY,נקמה בלב ים,https://tickets.cinema-city.co.il/order/852170?lang=en,https://tickets.cinema-city.co.il/order/852170?lang=he,Regular,2D,,,2026-08-25,,,,95,14+,Kfar Saba,Cinema City,610
22:30,MUTINY,נקמה בלב ים,https://tickets.cinema-city.co.il/order/852412?lang=en,https://tickets.cinema-city.co.il/order/852412?lang=he,Regular,2D,,,2026-08-25,,,,95,14+,Kfar Saba,Cinema City,610
15:00,MUTINY,נקמה בלב ים,https://tickets.cinema-city.co.il/order/852405?lang=en,https://tickets.cinema-city.co.il/order/852405?lang=he,Regular,2D,,,2026-08-26,,,,95,14+,Kfar Saba,Cinema City,610
17:30,MUTINY,נקמה בלב ים,https://tickets.cinema-city.co.il/order/852406?lang=en,https://tickets.cinema-city.co.il/order/852406?lang=he,Regular,2D,,,2026-08-26,,,,95,14+,Kfar Saba,Cinema City,610
19:00,MUTINY,נקמה בלב ים,https://tickets.cinema-city.co.il/order/852225?lang=en,https://tickets.cinema-city.co.il/order/852225?lang=he,Regular,2D,,,2026-08-26,,,,95,14+,Kfar Saba,Cinema City,610
20:00,MUTINY,נקמה בלב ים,https://tickets.cinema-city.co.il/order/852407?lang=en,https://tickets.cinema-city.co.il/order/852407?lang=he,Regular,2D,,,2026-08-26,,,,95,14+,Kfar Saba,Cinema City,610
21:30,MUTINY,נקמה בלב ים,https://tickets.cinema-city.co.il/order/852199?lang=en,https://tickets.cinema-city.co.il/order/852199?lang=he,Regular,2D,,,2026-08-26,,,,95,14+,Kfar Saba,Cinema City,610
22:30,MUTINY,נקמה בלב ים,https://tickets.cinema-city.co.il/order/852408?lang=en,https://tickets.cinema-city.co.il/order/852408?lang=he,Regular,2D,,,2026-08-26,,,,95,14+,Kfar Saba,Cinema City,610
17:00,End of Oak Street,סוף רחוב האלון,https://tickets.cinema-city.co.il/order/852079?lang=en,https://tickets.cinema-city.co.il/order/852079?lang=he,Regular,2D,,,2026-08-24,,,,100,12+,Kfar Saba,Cinema City,610
12:30,SPA WEEKEND,ספא וויקנד,https://tickets.cinema-city.co.il/order/852114?lang=en,https://tickets.cinema-city.co.il/order/852114?lang=he,Regular,2D,,,2026-08-24,,,,97,14+,Kfar Saba,Cinema City,610
15:00,SPA WEEKEND,ספא וויקנד,https://tickets.cinema-city.co.il/order/852101?lang=en,https://tickets.cinema-city.co.il/order/852101?lang=he,Regular,2D,,,2026-08-24,,,,97,14+,Kfar Saba,Cinema City,610
17:30,SPA WEEKEND,ספא וויקנד,https://tickets.cinema-city.co.il/order/852102?lang=en,https://tickets.cinema-city.co.il/order/852102?lang=he,Regular,2D,,,2026-08-24,,,,97,14+,Kfar Saba,Cinema City,610
18:05,SPA WEEKEND,ספא וויקנד,https://tickets.cinema-city.co.il/order/852128?lang=en,https://tickets.cinema-city.co.il/order/852128?lang=he,Regular,2D,,,2026-08-24,,,,97,14+,Kfar Saba,Cinema City,610
20:00,SPA WEEKEND,ספא וויקנד,https://tickets.cinema-city.co.il/order/852103?lang=en,https://tickets.cinema-city.co.il/order/852103?lang=he,Regular,2D,,,2026-08-24,,,,97,14+,Kfar Saba,Cinema City,610
22:30,SPA WEEKEND,ספא וויקנד,https://tickets.cinema-city.co.il/order/852104?lang=en,https://tickets.cinema-city.co.il/order/852104?lang=he,Regular,2D,,,2026-08-24,,,,97,14+,Kfar Saba,Cinema City,610
11:00,SPA WEEKEND,ספא וויקנד,https://tickets.cinema-city.co.il/order/852166?lang=en,https://tickets.cinema-city.co.il/order/852166?lang=he,Regular,2D,,,2026-08-25,,,,97,14+,Kfar Saba,Cinema City,610
13:30,SPA WEEKEND,ספא וויקנד,https://tickets.cinema-city.co.il/order/852153?lang=en,https://tickets.cinema-city.co.il/order/852153?lang=he,Regular,2D,,,2026-08-25,,,,97,14+,Kfar Saba,Cinema City,610
16:00,SPA WEEKEND,ספא וויקנד,https://tickets.cinema-city.co.il/order/852154?lang=en,https://tickets.cinema-city.co.il/order/852154?lang=he,Regular,2D,,,2026-08-25,,,,97,14+,Kfar Saba,Cinema City,610
18:30,SPA WEEKEND,ספא וויקנד,https://tickets.cinema-city.co.il/order/852155?lang=en,https://tickets.cinema-city.co.il/order/852155?lang=he,Regular,2D,,,2026-08-25,,,,97,14+,Kfar Saba,Cinema City,610
21:00,SPA WEEKEND,ספא וויקנד,https://tickets.cinema-city.co.il/order/852156?lang=en,https://tickets.cinema-city.co.il/order/852156?lang=he,Regular,2D,,,2026-08-25,,,,97,14+,Kfar Saba,Cinema City,610
23:30,SPA WEEKEND,ספא וויקנד,https://tickets.cinema-city.co.il/order/852157?lang=en,https://tickets.cinema-city.co.il/order/852157?lang=he,Regular,2D,,,2026-08-25,,,,97,14+,Kfar Saba,Cinema City,610
11:00,SPA WEEKEND,ספא וויקנד,https://tickets.cinema-city.co.il/order/852195?lang=en,https://tickets.cinema-city.co.il/order/852195?lang=he,Regular,2D,,,2026-08-26,,,,97,14+,Kfar Saba,Cinema City,610
13:30,SPA WEEKEND,ספא וויקנד,https://tickets.cinema-city.co.il/order/852231?lang=en,https://tickets.cinema-city.co.il/order/852231?lang=he,Regular,2D,,,2026-08-26,,,,97,14+,Kfar Saba,Cinema City,610
16:00,SPA WEEKEND,ספא וויקנד,https://tickets.cinema-city.co.il/order/852197?lang=en,https://tickets.cinema-city.co.il/order/852197?lang=he,Regular,2D,,,2026-08-26,,,,97,14+,Kfar Saba,Cinema City,610
18:30,SPA WEEKEND,ספא וויקנד,https://tickets.cinema-city.co.il/order/852184?lang=en,https://tickets.cinema-city.co.il/order/852184?lang=he,Regular,2D,,,2026-08-26,,,,97,14+,Kfar Saba,Cinema City,610
21:00,SPA WEEKEND,ספא וויקנד,https://tickets.cinema-city.co.il/order/852185?lang=en,https://tickets.cinema-city.co.il/order/852185?lang=he,Regular,2D,,,2026-08-26,,,,97,14+,Kfar Saba,Cinema City,610
23:30,SPA WEEKEND,ספא וויקנד,https://tickets.cinema-city.co.il/order/852186?lang=en,https://tickets.cinema-city.co.il/order/852186?lang=he,Regular,2D,,,2026-08-26,,,,97,14+,Kfar Saba,Cinema City,610
11:25,SPIDERMAN: BRAND NEW DAY,ספיידרמן: יום חדש,https://tickets.cinema-city.co.il/order/852123?lang=en,https://tickets.cinema-city.co.il/order/852123?lang=he,Regular,2D,,,2026-08-24,,,,150,All,Kfar Saba,Cinema City,610
12:20,SPIDERMAN: BRAND NEW DAY,ספיידרמן: יום חדש,https://tickets.cinema-city.co.il/order/852084?lang=en,https://tickets.cinema-city.co.il/order/852084?lang=he,Regular,2D,,,2026-08-24,,,,150,All,Kfar Saba,Cinema City,610
13:10,SPIDERMAN: BRAND NEW DAY,ספיידרמן: יום חדש,https://tickets.cinema-city.co.il/order/852120?lang=en,https://tickets.cinema-city.co.il/order/852120?lang=he,Regular,2D,,,2026-08-24,,,,150,All,Kfar Saba,Cinema City,610
15:30,SPIDERMAN: BRAND NEW DAY,ספיידרמן: יום חדש,https://tickets.cinema-city.co.il/order/852081?lang=en,https://tickets.cinema-city.co.il/order/852081?lang=he,Regular,2D,,,2026-08-24,,,,150,All,Kfar Saba,Cinema City,610
16:30,SPIDERMAN: BRAND NEW DAY,ספיידרמן: יום חדש,https://tickets.cinema-city.co.il/order/852121?lang=en,https://tickets.cinema-city.co.il/order/852121?lang=he,Regular,2D,,,2026-08-24,,,,150,All,Kfar Saba,Cinema City,610
18:40,SPIDERMAN: BRAND NEW DAY,ספיידרמן: יום חדש,https://tickets.cinema-city.co.il/order/852082?lang=en,https://tickets.cinema-city.co.il/order/852082?lang=he,Regular,2D,,,2026-08-24,,,,150,All,Kfar Saba,Cinema City,610
20:00,SPIDERMAN: BRAND NEW DAY,ספיידרמן: יום חדש,https://tickets.cinema-city.co.il/order/852122?lang=en,https://tickets.cinema-city.co.il/order/852122?lang=he,Regular,2D,,,2026-08-24,,,,150,All,Kfar Saba,Cinema City,610
22:00,SPIDERMAN: BRAND NEW DAY,ספיידרמן: יום חדש,https://tickets.cinema-city.co.il/order/852083?lang=en,https://tickets.cinema-city.co.il/order/852083?lang=he,Regular,2D,,,2026-08-24,,,,150,All,Kfar Saba,Cinema City,610
12:20,SPIDERMAN: BRAND NEW DAY,ספיידרמן: יום חדש,https://tickets.cinema-city.co.il/order/852137?lang=en,https://tickets.cinema-city.co.il/order/852137?lang=he,Regular,2D,,,2026-08-25,,,,150,All,Kfar Saba,Cinema City,610
13:10,SPIDERMAN: BRAND NEW DAY,ספיידרמן: יום חדש,https://tickets.cinema-city.co.il/order/852173?lang=en,https://tickets.cinema-city.co.il/order/852173?lang=he,Regular,2D,,,2026-08-25,,,,150,All,Kfar Saba,Cinema City,610
15:30,SPIDERMAN: BRAND NEW DAY,ספיידרמן: יום חדש,https://tickets.cinema-city.co.il/order/852134?lang=en,https://tickets.cinema-city.co.il/order/852134?lang=he,Regular,2D,,,2026-08-25,,,,150,All,Kfar Saba,Cinema City,610
16:30,SPIDERMAN: BRAND NEW DAY,ספיידרמן: יום חדש,https://tickets.cinema-city.co.il/order/852174?lang=en,https://tickets.cinema-city.co.il/order/852174?lang=he,Regular,2D,,,2026-08-25,,,,150,All,Kfar Saba,Cinema City,610
20:00,SPIDERMAN: BRAND NEW DAY,ספיידרמן: יום חדש,https://tickets.cinema-city.co.il/order/852175?lang=en,https://tickets.cinema-city.co.il/order/852175?lang=he,Regular,2D,,,2026-08-25,,,,150,All,Kfar Saba,Cinema City,610
22:30,SPIDERMAN: BRAND NEW DAY,ספיידרמן: יום חדש,https://tickets.cinema-city.co.il/order/852136?lang=en,https://tickets.cinema-city.co.il/order/852136?lang=he,Regular,2D,,,2026-08-25,,,,150,All,Kfar Saba,Cinema City,610
12:20,SPIDERMAN: BRAND NEW DAY,ספיידרמן: יום חדש,https://tickets.cinema-city.co.il/order/852214?lang=en,https://tickets.cinema-city.co.il/order/852214?lang=he,Regular,2D,,,2026-08-26,,,,150,All,Kfar Saba,Cinema City,610
13:10,SPIDERMAN: BRAND NEW DAY,ספיידרמן: יום חדש,https://tickets.cinema-city.co.il/order/852203?lang=en,https://tickets.cinema-city.co.il/order/852203?lang=he,Regular,2D,,,2026-08-26,,,,150,All,Kfar Saba,Cinema City,610
15:30,SPIDERMAN: BRAND NEW DAY,ספיידרמן: יום חדש,https://tickets.cinema-city.co.il/order/852211?lang=en,https://tickets.cinema-city.co.il/order/852211?lang=he,Regular,2D,,,2026-08-26,,,,150,All,Kfar Saba,Cinema City,610
16:30,SPIDERMAN: BRAND NEW DAY,ספיידרמן: יום חדש,https://tickets.cinema-city.co.il/order/852204?lang=en,https://tickets.cinema-city.co.il/order/852204?lang=he,Regular,2D,,,2026-08-26,,,,150,All,Kfar Saba,Cinema City,610
18:40,SPIDERMAN: BRAND NEW DAY,ספיידרמן: יום חדש,https://tickets.cinema-city.co.il/order/852212?lang=en,https://tickets.cinema-city.co.il/order/852212?lang=he,Regular,2D,,,2026-08-26,,,,150,All,Kfar Saba,Cinema City,610
20:00,SPIDERMAN: BRAND NEW DAY,ספיידרמן: יום חדש,https://tickets.cinema-city.co.il/order/852205?lang=en,https://tickets.cinema-city.co.il/order/852205?lang=he,Regular,2D,,,2026-08-26,,,,150,All,Kfar Saba,Cinema City,610
22:00,SPIDERMAN: BRAND NEW DAY,ספיידרמן: יום חדש,https://tickets.cinema-city.co.il/order/852213?lang=en,https://tickets.cinema-city.co.il/order/852213?lang=he,Regular,2D,,,2026-08-26,,,,150,All,Kfar Saba,Cinema City,610
21:10,One Night Only,לגמור את הלילה,https://tickets.cinema-city.co.il/order/852146?lang=en,https://tickets.cinema-city.co.il/order/852146?lang=he,Prime,2D,,,2026-08-25,,,,102,14+,Kfar Saba,Cinema City,610
20:20,One Night Only,לגמור את הלילה,https://tickets.cinema-city.co.il/order/852223?lang=en,https://tickets.cinema-city.co.il/order/852223?lang=he,Prime,2D,,,2026-08-26,,,,102,14+,Kfar Saba,Cinema City,610
18:05,SPA WEEKEND,ספא וויקנד,https://tickets.cinema-city.co.il/order/852128?lang=en,https://tickets.cinema-city.co.il/order/852128?lang=he,Prime,2D,,,2026-08-24,,,,97,14+,Kfar Saba,Cinema City,610
12:20,SPIDERMAN: BRAND NEW DAY,ספיידרמן: יום חדש,https://tickets.cinema-city.co.il/order/852084?lang=en,https://tickets.cinema-city.co.il/order/852084?lang=he,Prime,2D,,,2026-08-24,,,,150,All,Kfar Saba,Cinema City,610
15:30,SPIDERMAN: BRAND NEW DAY,ספיידרמן: יום חדש,https://tickets.cinema-city.co.il/order/852081?lang=en,https://tickets.cinema-city.co.il/order/852081?lang=he,Prime,2D,,,2026-08-24,,,,150,All,Kfar Saba,Cinema City,610
18:40,SPIDERMAN: BRAND NEW DAY,ספיידרמן: יום חדש,https://tickets.cinema-city.co.il/order/852082?lang=en,https://tickets.cinema-city.co.il/order/852082?lang=he,Prime,2D,,,2026-08-24,,,,150,All,Kfar Saba,Cinema City,610
22:00,SPIDERMAN: BRAND NEW DAY,ספיידרמן: יום חדש,https://tickets.cinema-city.co.il/order/852083?lang=en,https://tickets.cinema-city.co.il/order/852083?lang=he,Prime,2D,,,2026-08-24,,,,150,All,Kfar Saba,Cinema City,610
12:20,SPIDERMAN: BRAND NEW DAY,ספיידרמן: יום חדש,https://tickets.cinema-city.co.il/order/852137?lang=en,https://tickets.cinema-city.co.il/order/852137?lang=he,Prime,2D,,,2026-08-25,,,,150,All,Kfar Saba,Cinema City,610
15:30,SPIDERMAN: BRAND NEW DAY,ספיידרמן: יום חדש,https://tickets.cinema-city.co.il/order/852134?lang=en,https://tickets.cinema-city.co.il/order/852134?lang=he,Prime,2D,,,2026-08-25,,,,150,All,Kfar Saba,Cinema City,610
22:30,SPIDERMAN: BRAND NEW DAY,ספיידרמן: יום חדש,https://tickets.cinema-city.co.il/order/852136?lang=en,https://tickets.cinema-city.co.il/order/852136?lang=he,Prime,2D,,,2026-08-25,,,,150,All,Kfar Saba,Cinema City,610
12:20,SPIDERMAN: BRAND NEW DAY,ספיידרמן: יום חדש,https://tickets.cinema-city.co.il/order/852214?lang=en,https://tickets.cinema-city.co.il/order/852214?lang=he,Prime,2D,,,2026-08-26,,,,150,All,Kfar Saba,Cinema City,610
15:30,SPIDERMAN: BRAND NEW DAY,ספיידרמן: יום חדש,https://tickets.cinema-city.co.il/order/852211?lang=en,https://tickets.cinema-city.co.il/order/852211?lang=he,Prime,2D,,,2026-08-26,,,,150,All,Kfar Saba,Cinema City,610
18:40,SPIDERMAN: BRAND NEW DAY,ספיידרמן: יום חדש,https://tickets.cinema-city.co.il/order/852212?lang=en,https://tickets.cinema-city.co.il/order/852212?lang=he,Prime,2D,,,2026-08-26,,,,150,All,Kfar Saba,Cinema City,610
22:00,SPIDERMAN: BRAND NEW DAY,ספיידרמן: יום חדש,https://tickets.cinema-city.co.il/order/852213?lang=en,https://tickets.cinema-city.co.il/order/852213?lang=he,Prime,2D,,,2026-08-26,,,,150,All,Kfar Saba,Cinema City,610
12:50,גבעה 338,גבעה 338,https://tickets.cinema-city.co.il/order/850032?lang=en,https://tickets.cinema-city.co.il/order/850032?lang=he,Regular,2D,,,2026-08-24,,,,106,9+,Netanya,Cinema City,610
15:15,גבעה 338,גבעה 338,https://tickets.cinema-city.co.il/order/850031?lang=en,https://tickets.cinema-city.co.il/order/850031?lang=he,Regular,2D,,,2026-08-24,,,,106,9+,Netanya,Cinema City,610
17:45,גבעה 338,גבעה 338,https://tickets.cinema-city.co.il/order/850039?lang=en,https://tickets.cinema-city.co.il/order/850039?lang=he,Regular,2D,,,2026-08-24,,,,106,9+,Netanya,Cinema City,610
20:10,גבעה 338,גבעה 338,https://tickets.cinema-city.co.il/order/850025?lang=en,https://tickets.cinema-city.co.il/order/850025?lang=he,Regular,2D,,,2026-08-24,,,,106,9+,Netanya,Cinema City,610
22:40,גבעה 338,גבעה 338,https://tickets.cinema-city.co.il/order/850024?lang=en,https://tickets.cinema-city.co.il/order/850024?lang=he,Regular,2D,,,2026-08-24,,,,106,9+,Netanya,Cinema City,610
23:50,גבעה 338,גבעה 338,https://tickets.cinema-city.co.il/order/850042?lang=en,https://tickets.cinema-city.co.il/order/850042?lang=he,Regular,2D,,,2026-08-24,,,,106,9+,Netanya,Cinema City,610
13:20,גבעה 338,גבעה 338,https://tickets.cinema-city.co.il/order/850109?lang=en,https://tickets.cinema-city.co.il/order/850109?lang=he,Regular,2D,,,2026-08-25,,,,106,9+,Netanya,Cinema City,610
15:45,גבעה 338,גבעה 338,https://tickets.cinema-city.co.il/order/850110?lang=en,https://tickets.cinema-city.co.il/order/850110?lang=he,Regular,2D,,,2026-08-25,,,,106,9+,Netanya,Cinema City,610
18:45,גבעה 338,גבעה 338,https://tickets.cinema-city.co.il/order/850104?lang=en,https://tickets.cinema-city.co.il/order/850104?lang=he,Regular,2D,,,2026-08-25,,,,106,9+,Netanya,Cinema City,610
20:10,גבעה 338,גבעה 338,https://tickets.cinema-city.co.il/order/850096?lang=en,https://tickets.cinema-city.co.il/order/850096?lang=he,Regular,2D,,,2026-08-25,,,,106,9+,Netanya,Cinema City,610
22:40,גבעה 338,גבעה 338,https://tickets.cinema-city.co.il/order/850095?lang=en,https://tickets.cinema-city.co.il/order/850095?lang=he,Regular,2D,,,2026-08-25,,,,106,9+,Netanya,Cinema City,610
15:15,גבעה 338,גבעה 338,https://tickets.cinema-city.co.il/order/850114?lang=en,https://tickets.cinema-city.co.il/order/850114?lang=he,Regular,2D,,,2026-08-26,,,,106,9+,Netanya,Cinema City,610
17:45,גבעה 338,גבעה 338,https://tickets.cinema-city.co.il/order/850120?lang=en,https://tickets.cinema-city.co.il/order/850120?lang=he,Regular,2D,,,2026-08-26,,,,106,9+,Netanya,Cinema City,610
20:10,גבעה 338,גבעה 338,https://tickets.cinema-city.co.il/order/850157?lang=en,https://tickets.cinema-city.co.il/order/850157?lang=he,Regular,2D,,,2026-08-26,,,,106,9+,Netanya,Cinema City,610
22:40,גבעה 338,גבעה 338,https://tickets.cinema-city.co.il/order/850156?lang=en,https://tickets.cinema-city.co.il/order/850156?lang=he,Regular,2D,,,2026-08-26,,,,106,9+,Netanya,Cinema City,610
00:10,גבעה 338,גבעה 338,https://tickets.cinema-city.co.il/order/850122?lang=en,https://tickets.cinema-city.co.il/order/850122?lang=he,Regular,2D,,,2026-08-26,,,,106,9+,Netanya,Cinema City,610
15:15,גבעה 338,גבעה 338,https://tickets.cinema-city.co.il/order/850114?lang=en,https://tickets.cinema-city.co.il/order/850114?lang=he,Regular,2D,,,2026-08-27,,,,106,9+,Netanya,Cinema City,610
17:45,גבעה 338,גבעה 338,https://tickets.cinema-city.co.il/order/850120?lang=en,https://tickets.cinema-city.co.il/order/850120?lang=he,Regular,2D,,,2026-08-27,,,,106,9+,Netanya,Cinema City,610
20:10,גבעה 338,גבעה 338,https://tickets.cinema-city.co.il/order/850157?lang=en,https://tickets.cinema-city.co.il/order/850157?lang=he,Regular,2D,,,2026-08-27,,,,106,9+,Netanya,Cinema City,610
22:40,גבעה 338,גבעה 338,https://tickets.cinema-city.co.il/order/850156?lang=en,https://tickets.cinema-city.co.il/order/850156?lang=he,Regular,2D,,,2026-08-27,,,,106,9+,Netanya,Cinema City,610
00:10,גבעה 338,גבעה 338,https://tickets.cinema-city.co.il/order/850122?lang=en,https://tickets.cinema-city.co.il/order/850122?lang=he,Regular,2D,,,2026-08-27,,,,106,9+,Netanya,Cinema City,610
11:40,THE POUT POUT FISH,דג ושמו באסה,https://tickets.cinema-city.co.il/order/850003?lang=en,https://tickets.cinema-city.co.il/order/850003?lang=he,Regular,2D,,Hebrew,2026-08-24,,,,93,,Netanya,Cinema City,610
16:30,THE POUT POUT FISH,דג ושמו באסה,https://tickets.cinema-city.co.il/order/850017?lang=en,https://tickets.cinema-city.co.il/order/850017?lang=he,Regular,2D,,Hebrew,2026-08-24,,,,93,,Netanya,Cinema City,610
10:50,THE POUT POUT FISH,דג ושמו באסה,https://tickets.cinema-city.co.il/order/850078?lang=en,https://tickets.cinema-city.co.il/order/850078?lang=he,Regular,2D,,Hebrew,2026-08-25,,,,93,,Netanya,Cinema City,610
16:30,THE POUT POUT FISH,דג ושמו באסה,https://tickets.cinema-city.co.il/order/850089?lang=en,https://tickets.cinema-city.co.il/order/850089?lang=he,Regular,2D,,Hebrew,2026-08-25,,,,93,,Netanya,Cinema City,610
12:00,THE POUT POUT FISH,דג ושמו באסה,https://tickets.cinema-city.co.il/order/850136?lang=en,https://tickets.cinema-city.co.il/order/850136?lang=he,Regular,2D,,Hebrew,2026-08-26,,,,93,,Netanya,Cinema City,610
16:40,THE POUT POUT FISH,דג ושמו באסה,https://tickets.cinema-city.co.il/order/850149?lang=en,https://tickets.cinema-city.co.il/order/850149?lang=he,Regular,2D,,Hebrew,2026-08-26,,,,93,,Netanya,Cinema City,610
21:40,Insidious: Out of the Further,הרוע שבפנים: מחוץ למעבר,https://tickets.cinema-city.co.il/order/850004?lang=en,https://tickets.cinema-city.co.il/order/850004?lang=he,Regular,2D,,,2026-08-24,,,,106,14+,Netanya,Cinema City,610
22:50,Insidious: Out of the Further,הרוע שבפנים: מחוץ למעבר,https://tickets.cinema-city.co.il/order/850014?lang=en,https://tickets.cinema-city.co.il/order/850014?lang=he,Regular,2D,,,2026-08-24,,,,106,14+,Netanya,Cinema City,610
00:10,Insidious: Out of the Further,הרוע שבפנים: מחוץ למעבר,https://tickets.cinema-city.co.il/order/850028?lang=en,https://tickets.cinema-city.co.il/order/850028?lang=he,Regular,2D,,,2026-08-24,,,,106,14+,Netanya,Cinema City,610
21:20,Insidious: Out of the Further,הרוע שבפנים: מחוץ למעבר,https://tickets.cinema-city.co.il/order/850101?lang=en,https://tickets.cinema-city.co.il/order/850101?lang=he,Regular,2D,,,2026-08-25,,,,106,14+,Netanya,Cinema City,610
23:30,Insidious: Out of the Further,הרוע שבפנים: מחוץ למעבר,https://tickets.cinema-city.co.il/order/850086?lang=en,https://tickets.cinema-city.co.il/order/850086?lang=he,Regular,2D,,,2026-08-25,,,,106,14+,Netanya,Cinema City,610
22:50,Insidious: Out of the Further,הרוע שבפנים: מחוץ למעבר,https://tickets.cinema-city.co.il/order/850146?lang=en,https://tickets.cinema-city.co.il/order/850146?lang=he,Regular,2D,,,2026-08-26,,,,106,14+,Netanya,Cinema City,610
23:30,Insidious: Out of the Further,הרוע שבפנים: מחוץ למעבר,https://tickets.cinema-city.co.il/order/850163?lang=en,https://tickets.cinema-city.co.il/order/850163?lang=he,Regular,2D,,,2026-08-26,,,,106,14+,Netanya,Cinema City,610
12:50,Dog Stars,כוכבי הכלב,https://tickets.cinema-city.co.il/order/850165?lang=en,https://tickets.cinema-city.co.il/order/850165?lang=he,Regular,2D,,,2026-08-26,,,,118,,Netanya,Cinema City,610
21:30,Dog Stars,כוכבי הכלב,https://tickets.cinema-city.co.il/order/850164?lang=en,https://tickets.cinema-city.co.il/order/850164?lang=he,Regular,2D,,,2026-08-26,,,,118,,Netanya,Cinema City,610
23:50,One Night Only,לגמור את הלילה,https://tickets.cinema-city.co.il/order/850033?lang=en,https://tickets.cinema-city.co.il/order/850033?lang=he,Regular,2D,,,2026-08-24,,,,102,14+,Netanya,Cinema City,610
21:15,One Night Only,לגמור את הלילה,https://tickets.cinema-city.co.il/order/850061?lang=en,https://tickets.cinema-city.co.il/order/850061?lang=he,Regular,2D,,,2026-08-25,,,,102,14+,Netanya,Cinema City,610
23:45,One Night Only,לגמור את הלילה,https://tickets.cinema-city.co.il/order/850115?lang=en,https://tickets.cinema-city.co.il/order/850115?lang=he,Regular,2D,,,2026-08-26,,,,102,14+,Netanya,Cinema City,610
19:30,La La Land 10th Anniversary,לה לה לנד-חגיגות העשור,https://tickets.cinema-city.co.il/order/850099?lang=en,https://tickets.cinema-city.co.il/order/850099?lang=he,Regular,2D,,,2026-08-25,,,,128,All,Netanya,Cinema City,610
20:30,La La Land 10th Anniversary,לה לה לנד-חגיגות העשור,https://tickets.cinema-city.co.il/order/850162?lang=en,https://tickets.cinema-city.co.il/order/850162?lang=he,Regular,2D,,,2026-08-26,,,,128,All,Netanya,Cinema City,610
21:30,La La Land 10th Anniversary,לה לה לנד-חגיגות העשור,https://tickets.cinema-city.co.il/order/852327?lang=en,https://tickets.cinema-city.co.il/order/852327?lang=he,Regular,2D,,,2026-08-27,,,,128,All,Netanya,Cinema City,610
21:30,La La Land 10th Anniversary,לה לה לנד-חגיגות העשור,https://tickets.cinema-city.co.il/order/852326?lang=en,https://tickets.cinema-city.co.il/order/852326?lang=he,Regular,2D,,,2026-08-29,,,,128,All,Netanya,Cinema City,610
18:50,Coyote vs. Acme,לוני טונס מציגים: קיוטי נגד אקמי,https://tickets.cinema-city.co.il/order/850005?lang=en,https://tickets.cinema-city.co.il/order/850005?lang=he,Regular,2D,,,2026-08-24,,,,101,All,Netanya,Cinema City,610
19:00,Coyote vs. Acme,לוני טונס מציגים: קיוטי נגד אקמי,https://tickets.cinema-city.co.il/order/850137?lang=en,https://tickets.cinema-city.co.il/order/850137?lang=he,Regular,2D,,,2026-08-26,,,,101,All,Netanya,Cinema City,610
10:50,Coyote vs. Acme,לוני טונס מציגים: קיוטי נגד אקמי,https://tickets.cinema-city.co.il/order/850049?lang=en,https://tickets.cinema-city.co.il/order/850049?lang=he,Regular,2D,,Hebrew,2026-08-24,,,,101,All,Netanya,Cinema City,610
13:20,Coyote vs. Acme,לוני טונס מציגים: קיוטי נגד אקמי,https://tickets.cinema-city.co.il/order/850011?lang=en,https://tickets.cinema-city.co.il/order/850011?lang=he,Regular,2D,,Hebrew,2026-08-24,,,,101,All,Netanya,Cinema City,610
15:00,Coyote vs. Acme,לוני טונס מציגים: קיוטי נגד אקמי,https://tickets.cinema-city.co.il/order/850010?lang=en,https://tickets.cinema-city.co.il/order/850010?lang=he,Regular,2D,,Hebrew,2026-08-24,,,,101,All,Netanya,Cinema City,610
17:20,Coyote vs. Acme,לוני טונס מציגים: קיוטי נגד אקמי,https://tickets.cinema-city.co.il/order/850006?lang=en,https://tickets.cinema-city.co.il/order/850006?lang=he,Regular,2D,,Hebrew,2026-08-24,,,,101,All,Netanya,Cinema City,610
10:40,Coyote vs. Acme,לוני טונס מציגים: קיוטי נגד אקמי,https://tickets.cinema-city.co.il/order/850072?lang=en,https://tickets.cinema-city.co.il/order/850072?lang=he,Regular,2D,,Hebrew,2026-08-25,,,,101,All,Netanya,Cinema City,610
13:20,Coyote vs. Acme,לוני טונס מציגים: קיוטי נגד אקמי,https://tickets.cinema-city.co.il/order/850083?lang=en,https://tickets.cinema-city.co.il/order/850083?lang=he,Regular,2D,,Hebrew,2026-08-25,,,,101,All,Netanya,Cinema City,610
14:20,Coyote vs. Acme,לוני טונס מציגים: קיוטי נגד אקמי,https://tickets.cinema-city.co.il/order/850082?lang=en,https://tickets.cinema-city.co.il/order/850082?lang=he,Regular,2D,,Hebrew,2026-08-25,,,,101,All,Netanya,Cinema City,610
16:40,Coyote vs. Acme,לוני טונס מציגים: קיוטי נגד אקמי,https://tickets.cinema-city.co.il/order/850079?lang=en,https://tickets.cinema-city.co.il/order/850079?lang=he,Regular,2D,,Hebrew,2026-08-25,,,,101,All,Netanya,Cinema City,610
10:20,Coyote vs. Acme,לוני טונס מציגים: קיוטי נגד אקמי,https://tickets.cinema-city.co.il/order/850129?lang=en,https://tickets.cinema-city.co.il/order/850129?lang=he,Regular,2D,,Hebrew,2026-08-26,,,,101,All,Netanya,Cinema City,610
13:00,Coyote vs. Acme,לוני טונס מציגים: קיוטי נגד אקמי,https://tickets.cinema-city.co.il/order/850143?lang=en,https://tickets.cinema-city.co.il/order/850143?lang=he,Regular,2D,,Hebrew,2026-08-26,,,,101,All,Netanya,Cinema City,610
14:50,Coyote vs. Acme,לוני טונס מציגים: קיוטי נגד אקמי,https://tickets.cinema-city.co.il/order/850142?lang=en,https://tickets.cinema-city.co.il/order/850142?lang=he,Regular,2D,,Hebrew,2026-08-26,,,,101,All,Netanya,Cinema City,610
17:10,Coyote vs. Acme,לוני טונס מציגים: קיוטי נגד אקמי,https://tickets.cinema-city.co.il/order/850138?lang=en,https://tickets.cinema-city.co.il/order/850138?lang=he,Regular,2D,,Hebrew,2026-08-26,,,,101,All,Netanya,Cinema City,610
13:50,MUTINY,נקמה בלב ים,https://tickets.cinema-city.co.il/order/850002?lang=en,https://tickets.cinema-city.co.il/order/850002?lang=he,Regular,2D,,,2026-08-24,,,,95,14+,Netanya,Cinema City,610
16:10,MUTINY,נקמה בלב ים,https://tickets.cinema-city.co.il/order/850015?lang=en,https://tickets.cinema-city.co.il/order/850015?lang=he,Regular,2D,,,2026-08-24,,,,95,14+,Netanya,Cinema City,610
18:30,MUTINY,נקמה בלב ים,https://tickets.cinema-city.co.il/order/850013?lang=en,https://tickets.cinema-city.co.il/order/850013?lang=he,Regular,2D,,,2026-08-24,,,,95,14+,Netanya,Cinema City,610
19:40,MUTINY,נקמה בלב ים,https://tickets.cinema-city.co.il/order/850008?lang=en,https://tickets.cinema-city.co.il/order/850008?lang=he,Regular,2D,,,2026-08-24,,,,95,14+,Netanya,Cinema City,610
20:50,MUTINY,נקמה בלב ים,https://tickets.cinema-city.co.il/order/850009?lang=en,https://tickets.cinema-city.co.il/order/850009?lang=he,Regular,2D,,,2026-08-24,,,,95,14+,Netanya,Cinema City,610
23:10,MUTINY,נקמה בלב ים,https://tickets.cinema-city.co.il/order/850007?lang=en,https://tickets.cinema-city.co.il/order/850007?lang=he,Regular,2D,,,2026-08-24,,,,95,14+,Netanya,Cinema City,610
13:50,MUTINY,נקמה בלב ים,https://tickets.cinema-city.co.il/order/850088?lang=en,https://tickets.cinema-city.co.il/order/850088?lang=he,Regular,2D,,,2026-08-25,,,,95,14+,Netanya,Cinema City,610
16:10,MUTINY,נקמה בלב ים,https://tickets.cinema-city.co.il/order/850087?lang=en,https://tickets.cinema-city.co.il/order/850087?lang=he,Regular,2D,,,2026-08-25,,,,95,14+,Netanya,Cinema City,610
18:30,MUTINY,נקמה בלב ים,https://tickets.cinema-city.co.il/order/850085?lang=en,https://tickets.cinema-city.co.il/order/850085?lang=he,Regular,2D,,,2026-08-25,,,,95,14+,Netanya,Cinema City,610
20:50,MUTINY,נקמה בלב ים,https://tickets.cinema-city.co.il/order/850081?lang=en,https://tickets.cinema-city.co.il/order/850081?lang=he,Regular,2D,,,2026-08-25,,,,95,14+,Netanya,Cinema City,610
23:10,MUTINY,נקמה בלב ים,https://tickets.cinema-city.co.il/order/850080?lang=en,https://tickets.cinema-city.co.il/order/850080?lang=he,Regular,2D,,,2026-08-25,,,,95,14+,Netanya,Cinema City,610
13:50,MUTINY,נקמה בלב ים,https://tickets.cinema-city.co.il/order/850148?lang=en,https://tickets.cinema-city.co.il/order/850148?lang=he,Regular,2D,,,2026-08-26,,,,95,14+,Netanya,Cinema City,610
16:10,MUTINY,נקמה בלב ים,https://tickets.cinema-city.co.il/order/850147?lang=en,https://tickets.cinema-city.co.il/order/850147?lang=he,Regular,2D,,,2026-08-26,,,,95,14+,Netanya,Cinema City,610
18:30,MUTINY,נקמה בלב ים,https://tickets.cinema-city.co.il/order/850145?lang=en,https://tickets.cinema-city.co.il/order/850145?lang=he,Regular,2D,,,2026-08-26,,,,95,14+,Netanya,Cinema City,610
19:35,MUTINY,נקמה בלב ים,https://tickets.cinema-city.co.il/order/850140?lang=en,https://tickets.cinema-city.co.il/order/850140?lang=he,Regular,2D,,,2026-08-26,,,,95,14+,Netanya,Cinema City,610
20:50,MUTINY,נקמה בלב ים,https://tickets.cinema-city.co.il/order/850141?lang=en,https://tickets.cinema-city.co.il/order/850141?lang=he,Regular,2D,,,2026-08-26,,,,95,14+,Netanya,Cinema City,610
23:10,MUTINY,נקמה בלב ים,https://tickets.cinema-city.co.il/order/850139?lang=en,https://tickets.cinema-city.co.il/order/850139?lang=he,Regular,2D,,,2026-08-26,,,,95,14+,Netanya,Cinema City,610
17:10,End of Oak Street,סוף רחוב האלון,https://tickets.cinema-city.co.il/order/850029?lang=en,https://tickets.cinema-city.co.il/order/850029?lang=he,Regular,2D,,,2026-08-24,,,,100,12+,Netanya,Cinema City,610
23:40,End of Oak Street,סוף רחוב האלון,https://tickets.cinema-city.co.il/order/850098?lang=en,https://tickets.cinema-city.co.il/order/850098?lang=he,Regular,2D,,,2026-08-25,,,,100,12+,Netanya,Cinema City,610
18:00,End of Oak Street,סוף רחוב האלון,https://tickets.cinema-city.co.il/order/850159?lang=en,https://tickets.cinema-city.co.il/order/850159?lang=he,Regular,2D,,,2026-08-26,,,,100,12+,Netanya,Cinema City,610
11:00,SPA WEEKEND,ספא וויקנד,https://tickets.cinema-city.co.il/order/850012?lang=en,https://tickets.cinema-city.co.il/order/850012?lang=he,Regular,2D,,,2026-08-24,,,,97,14+,Netanya,Cinema City,610
13:15,SPA WEEKEND,ספא וויקנד,https://tickets.cinema-city.co.il/order/850050?lang=en,https://tickets.cinema-city.co.il/order/850050?lang=he,Regular,2D,,,2026-08-24,,,,97,14+,Netanya,Cinema City,610
15:30,SPA WEEKEND,ספא וויקנד,https://tickets.cinema-city.co.il/order/850051?lang=en,https://tickets.cinema-city.co.il/order/850051?lang=he,Regular,2D,,,2026-08-24,,,,97,14+,Netanya,Cinema City,610
17:45,SPA WEEKEND,ספא וויקנד,https://tickets.cinema-city.co.il/order/850052?lang=en,https://tickets.cinema-city.co.il/order/850052?lang=he,Regular,2D,,,2026-08-24,,,,97,14+,Netanya,Cinema City,610
20:00,SPA WEEKEND,ספא וויקנד,https://tickets.cinema-city.co.il/order/850053?lang=en,https://tickets.cinema-city.co.il/order/850053?lang=he,Regular,2D,,,2026-08-24,,,,97,14+,Netanya,Cinema City,610
22:15,SPA WEEKEND,ספא וויקנד,https://tickets.cinema-city.co.il/order/850016?lang=en,https://tickets.cinema-city.co.il/order/850016?lang=he,Regular,2D,,,2026-08-24,,,,97,14+,Netanya,Cinema City,610
00:30,SPA WEEKEND,ספא וויקנד,https://tickets.cinema-city.co.il/order/850057?lang=en,https://tickets.cinema-city.co.il/order/850057?lang=he,Regular,2D,,,2026-08-24,,,,97,14+,Netanya,Cinema City,610
11:00,SPA WEEKEND,ספא וויקנד,https://tickets.cinema-city.co.il/order/850084?lang=en,https://tickets.cinema-city.co.il/order/850084?lang=he,Regular,2D,,,2026-08-25,,,,97,14+,Netanya,Cinema City,610
12:00,SPA WEEKEND,ספא וויקנד,https://tickets.cinema-city.co.il/order/850106?lang=en,https://tickets.cinema-city.co.il/order/850106?lang=he,Regular,2D,,,2026-08-25,,,,97,14+,Netanya,Cinema City,610
14:15,SPA WEEKEND,ספא וויקנד,https://tickets.cinema-city.co.il/order/850105?lang=en,https://tickets.cinema-city.co.il/order/850105?lang=he,Regular,2D,,,2026-08-25,,,,97,14+,Netanya,Cinema City,610
18:10,SPA WEEKEND,ספא וויקנד,https://tickets.cinema-city.co.il/order/850073?lang=en,https://tickets.cinema-city.co.il/order/850073?lang=he,Regular,2D,,,2026-08-25,,,,97,14+,Netanya,Cinema City,610
20:30,SPA WEEKEND,ספא וויקנד,https://tickets.cinema-city.co.il/order/850074?lang=en,https://tickets.cinema-city.co.il/order/850074?lang=he,Regular,2D,,,2026-08-25,,,,97,14+,Netanya,Cinema City,610
22:45,SPA WEEKEND,ספא וויקנד,https://tickets.cinema-city.co.il/order/850077?lang=en,https://tickets.cinema-city.co.il/order/850077?lang=he,Regular,2D,,,2026-08-25,,,,97,14+,Netanya,Cinema City,610
11:00,SPA WEEKEND,ספא וויקנד,https://tickets.cinema-city.co.il/order/850144?lang=en,https://tickets.cinema-city.co.il/order/850144?lang=he,Regular,2D,,,2026-08-26,,,,97,14+,Netanya,Cinema City,610
13:15,SPA WEEKEND,ספא וויקנד,https://tickets.cinema-city.co.il/order/850130?lang=en,https://tickets.cinema-city.co.il/order/850130?lang=he,Regular,2D,,,2026-08-26,,,,97,14+,Netanya,Cinema City,610
15:30,SPA WEEKEND,ספא וויקנד,https://tickets.cinema-city.co.il/order/850131?lang=en,https://tickets.cinema-city.co.il/order/850131?lang=he,Regular,2D,,,2026-08-26,,,,97,14+,Netanya,Cinema City,610
17:45,SPA WEEKEND,ספא וויקנד,https://tickets.cinema-city.co.il/order/850132?lang=en,https://tickets.cinema-city.co.il/order/850132?lang=he,Regular,2D,,,2026-08-26,,,,97,14+,Netanya,Cinema City,610
20:00,SPA WEEKEND,ספא וויקנד,https://tickets.cinema-city.co.il/order/850133?lang=en,https://tickets.cinema-city.co.il/order/850133?lang=he,Regular,2D,,,2026-08-26,,,,97,14+,Netanya,Cinema City,610
22:15,SPA WEEKEND,ספא וויקנד,https://tickets.cinema-city.co.il/order/850135?lang=en,https://tickets.cinema-city.co.il/order/850135?lang=he,Regular,2D,,,2026-08-26,,,,97,14+,Netanya,Cinema City,610
00:30,SPA WEEKEND,ספא וויקנד,https://tickets.cinema-city.co.il/order/850167?lang=en,https://tickets.cinema-city.co.il/order/850167?lang=he,Regular,2D,,,2026-08-26,,,,97,14+,Netanya,Cinema City,610
11:00,SPA WEEKEND,ספא וויקנד,https://tickets.cinema-city.co.il/order/850144?lang=en,https://tickets.cinema-city.co.il/order/850144?lang=he,Regular,2D,,,2026-08-27,,,,97,14+,Netanya,Cinema City,610
13:15,SPA WEEKEND,ספא וויקנד,https://tickets.cinema-city.co.il/order/850130?lang=en,https://tickets.cinema-city.co.il/order/850130?lang=he,Regular,2D,,,2026-08-27,,,,97,14+,Netanya,Cinema City,610
15:30,SPA WEEKEND,ספא וויקנד,https://tickets.cinema-city.co.il/order/850131?lang=en,https://tickets.cinema-city.co.il/order/850131?lang=he,Regular,2D,,,2026-08-27,,,,97,14+,Netanya,Cinema City,610
17:45,SPA WEEKEND,ספא וויקנד,https://tickets.cinema-city.co.il/order/850132?lang=en,https://tickets.cinema-city.co.il/order/850132?lang=he,Regular,2D,,,2026-08-27,,,,97,14+,Netanya,Cinema City,610
20:00,SPA WEEKEND,ספא וויקנד,https://tickets.cinema-city.co.il/order/850133?lang=en,https://tickets.cinema-city.co.il/order/850133?lang=he,Regular,2D,,,2026-08-27,,,,97,14+,Netanya,Cinema City,610
22:15,SPA WEEKEND,ספא וויקנד,https://tickets.cinema-city.co.il/order/850135?lang=en,https://tickets.cinema-city.co.il/order/850135?lang=he,Regular,2D,,,2026-08-27,,,,97,14+,Netanya,Cinema City,610
00:30,SPA WEEKEND,ספא וויקנד,https://tickets.cinema-city.co.il/order/850167?lang=en,https://tickets.cinema-city.co.il/order/850167?lang=he,Regular,2D,,,2026-08-27,,,,97,14+,Netanya,Cinema City,610
10:40,SPIDERMAN: BRAND NEW DAY,ספיידרמן: יום חדש,https://tickets.cinema-city.co.il/order/850055?lang=en,https://tickets.cinema-city.co.il/order/850055?lang=he,Regular,2D,,,2026-08-24,,,,150,All,Netanya,Cinema City,610
13:20,SPIDERMAN: BRAND NEW DAY,ספיידרמן: יום חדש,https://tickets.cinema-city.co.il/order/850021?lang=en,https://tickets.cinema-city.co.il/order/850021?lang=he,Regular,2D,,,2026-08-24,,,,150,All,Netanya,Cinema City,610
15:50,SPIDERMAN: BRAND NEW DAY,ספיידרמן: יום חדש,https://tickets.cinema-city.co.il/order/850020?lang=en,https://tickets.cinema-city.co.il/order/850020?lang=he,Regular,2D,,,2026-08-24,,,,150,All,Netanya,Cinema City,610
19:00,SPIDERMAN: BRAND NEW DAY,ספיידרמן: יום חדש,https://tickets.cinema-city.co.il/order/850018?lang=en,https://tickets.cinema-city.co.il/order/850018?lang=he,Regular,2D,,,2026-08-24,,,,150,All,Netanya,Cinema City,610
20:40,SPIDERMAN: BRAND NEW DAY,ספיידרמן: יום חדש,https://tickets.cinema-city.co.il/order/850038?lang=en,https://tickets.cinema-city.co.il/order/850038?lang=he,Regular,2D,,,2026-08-24,,,,150,All,Netanya,Cinema City,610
22:15,SPIDERMAN: BRAND NEW DAY,ספיידרמן: יום חדש,https://tickets.cinema-city.co.il/order/850019?lang=en,https://tickets.cinema-city.co.il/order/850019?lang=he,Regular,2D,,,2026-08-24,,,,150,All,Netanya,Cinema City,610
23:10,SPIDERMAN: BRAND NEW DAY,ספיידרמן: יום חדש,https://tickets.cinema-city.co.il/order/850037?lang=en,https://tickets.cinema-city.co.il/order/850037?lang=he,Regular,2D,,,2026-08-24,,,,150,All,Netanya,Cinema City,610
13:15,SPIDERMAN: BRAND NEW DAY,ספיידרמן: יום חדש,https://tickets.cinema-city.co.il/order/850076?lang=en,https://tickets.cinema-city.co.il/order/850076?lang=he,Regular,2D,,,2026-08-25,,,,150,All,Netanya,Cinema City,610
15:50,SPIDERMAN: BRAND NEW DAY,ספיידרמן: יום חדש,https://tickets.cinema-city.co.il/order/850092?lang=en,https://tickets.cinema-city.co.il/order/850092?lang=he,Regular,2D,,,2026-08-25,,,,150,All,Netanya,Cinema City,610
17:40,SPIDERMAN: BRAND NEW DAY,ספיידרמן: יום חדש,https://tickets.cinema-city.co.il/order/850093?lang=en,https://tickets.cinema-city.co.il/order/850093?lang=he,Regular,2D,,,2026-08-25,,,,150,All,Netanya,Cinema City,610
19:00,SPIDERMAN: BRAND NEW DAY,ספיידרמן: יום חדש,https://tickets.cinema-city.co.il/order/850090?lang=en,https://tickets.cinema-city.co.il/order/850090?lang=he,Regular,2D,,,2026-08-25,,,,150,All,Netanya,Cinema City,610
20:50,SPIDERMAN: BRAND NEW DAY,ספיידרמן: יום חדש,https://tickets.cinema-city.co.il/order/850066?lang=en,https://tickets.cinema-city.co.il/order/850066?lang=he,Regular,2D,,,2026-08-25,,,,150,All,Netanya,Cinema City,610
22:15,SPIDERMAN: BRAND NEW DAY,ספיידרמן: יום חדש,https://tickets.cinema-city.co.il/order/850091?lang=en,https://tickets.cinema-city.co.il/order/850091?lang=he,Regular,2D,,,2026-08-25,,,,150,All,Netanya,Cinema City,610
23:10,SPIDERMAN: BRAND NEW DAY,ספיידרמן: יום חדש,https://tickets.cinema-city.co.il/order/850065?lang=en,https://tickets.cinema-city.co.il/order/850065?lang=he,Regular,2D,,,2026-08-25,,,,150,All,Netanya,Cinema City,610
10:50,SPIDERMAN: BRAND NEW DAY,ספיידרמן: יום חדש,https://tickets.cinema-city.co.il/order/850134?lang=en,https://tickets.cinema-city.co.il/order/850134?lang=he,Regular,2D,,,2026-08-26,,,,150,All,Netanya,Cinema City,610
14:10,SPIDERMAN: BRAND NEW DAY,ספיידרמן: יום חדש,https://tickets.cinema-city.co.il/order/850153?lang=en,https://tickets.cinema-city.co.il/order/850153?lang=he,Regular,2D,,,2026-08-26,,,,150,All,Netanya,Cinema City,610
15:40,SPIDERMAN: BRAND NEW DAY,ספיידרמן: יום חדש,https://tickets.cinema-city.co.il/order/850152?lang=en,https://tickets.cinema-city.co.il/order/850152?lang=he,Regular,2D,,,2026-08-26,,,,150,All,Netanya,Cinema City,610
17:30,SPIDERMAN: BRAND NEW DAY,ספיידרמן: יום חדש,https://tickets.cinema-city.co.il/order/850160?lang=en,https://tickets.cinema-city.co.il/order/850160?lang=he,Regular,2D,,,2026-08-26,,,,150,All,Netanya,Cinema City,610
19:00,SPIDERMAN: BRAND NEW DAY,ספיידרמן: יום חדש,https://tickets.cinema-city.co.il/order/850150?lang=en,https://tickets.cinema-city.co.il/order/850150?lang=he,Regular,2D,,,2026-08-26,,,,150,All,Netanya,Cinema City,610
20:40,SPIDERMAN: BRAND NEW DAY,ספיידרמן: יום חדש,https://tickets.cinema-city.co.il/order/850119?lang=en,https://tickets.cinema-city.co.il/order/850119?lang=he,Regular,2D,,,2026-08-26,,,,150,All,Netanya,Cinema City,610
22:15,SPIDERMAN: BRAND NEW DAY,ספיידרמן: יום חדש,https://tickets.cinema-city.co.il/order/850151?lang=en,https://tickets.cinema-city.co.il/order/850151?lang=he,Regular,2D,,,2026-08-26,,,,150,All,Netanya,Cinema City,610
23:10,SPIDERMAN: BRAND NEW DAY,ספיידרמן: יום חדש,https://tickets.cinema-city.co.il/order/850118?lang=en,https://tickets.cinema-city.co.il/order/850118?lang=he,Regular,2D,,,2026-08-26,,,,150,All,Netanya,Cinema City,610
23:45,One Night Only,לגמור את הלילה,https://tickets.cinema-city.co.il/order/850115?lang=en,https://tickets.cinema-city.co.il/order/850115?lang=he,Prime,2D,,,2026-08-26,,,,102,14+,Netanya,Cinema City,610
13:20,SPIDERMAN: BRAND NEW DAY,ספיידרמן: יום חדש,https://tickets.cinema-city.co.il/order/850021?lang=en,https://tickets.cinema-city.co.il/order/850021?lang=he,Prime,2D,,,2026-08-24,,,,150,All,Netanya,Cinema City,610
20:40,SPIDERMAN: BRAND NEW DAY,ספיידרמן: יום חדש,https://tickets.cinema-city.co.il/order/850038?lang=en,https://tickets.cinema-city.co.il/order/850038?lang=he,Prime,2D,,,2026-08-24,,,,150,All,Netanya,Cinema City,610
23:10,SPIDERMAN: BRAND NEW DAY,ספיידרמן: יום חדש,https://tickets.cinema-city.co.il/order/850037?lang=en,https://tickets.cinema-city.co.il/order/850037?lang=he,Prime,2D,,,2026-08-24,,,,150,All,Netanya,Cinema City,610
17:40,SPIDERMAN: BRAND NEW DAY,ספיידרמן: יום חדש,https://tickets.cinema-city.co.il/order/850093?lang=en,https://tickets.cinema-city.co.il/order/850093?lang=he,Prime,2D,,,2026-08-25,,,,150,All,Netanya,Cinema City,610
20:50,SPIDERMAN: BRAND NEW DAY,ספיידרמן: יום חדש,https://tickets.cinema-city.co.il/order/850066?lang=en,https://tickets.cinema-city.co.il/order/850066?lang=he,Prime,2D,,,2026-08-25,,,,150,All,Netanya,Cinema City,610
23:10,SPIDERMAN: BRAND NEW DAY,ספיידרמן: יום חדש,https://tickets.cinema-city.co.il/order/850065?lang=en,https://tickets.cinema-city.co.il/order/850065?lang=he,Prime,2D,,,2026-08-25,,,,150,All,Netanya,Cinema City,610
14:10,SPIDERMAN: BRAND NEW DAY,ספיידרמן: יום חדש,https://tickets.cinema-city.co.il/order/850153?lang=en,https://tickets.cinema-city.co.il/order/850153?lang=he,Prime,2D,,,2026-08-26,,,,150,All,Netanya,Cinema City,610
17:30,SPIDERMAN: BRAND NEW DAY,ספיידרמן: יום חדש,https://tickets.cinema-city.co.il/order/850160?lang=en,https://tickets.cinema-city.co.il/order/850160?lang=he,Prime,2D,,,2026-08-26,,,,150,All,Netanya,Cinema City,610
20:40,SPIDERMAN: BRAND NEW DAY,ספיידרמן: יום חדש,https://tickets.cinema-city.co.il/order/850119?lang=en,https://tickets.cinema-city.co.il/order/850119?lang=he,Prime,2D,,,2026-08-26,,,,150,All,Netanya,Cinema City,610
23:10,SPIDERMAN: BRAND NEW DAY,ספיידרמן: יום חדש,https://tickets.cinema-city.co.il/order/850118?lang=en,https://tickets.cinema-city.co.il/order/850118?lang=he,Prime,2D,,,2026-08-26,,,,150,All,Netanya,Cinema City,610
14:35,גבעה 338,גבעה 338,https://tickets.cinema-city.co.il/order/851303?lang=en,https://tickets.cinema-city.co.il/order/851303?lang=he,Regular,2D,,,2026-08-24,,,,106,9+,Beer Sheva,Cinema City,610
16:30,גבעה 338,גבעה 338,https://tickets.cinema-city.co.il/order/851292?lang=en,https://tickets.cinema-city.co.il/order/851292?lang=he,Regular,2D,,,2026-08-24,,,,106,9+,Beer Sheva,Cinema City,610
19:00,גבעה 338,גבעה 338,https://tickets.cinema-city.co.il/order/851293?lang=en,https://tickets.cinema-city.co.il/order/851293?lang=he,Regular,2D,,,2026-08-24,,,,106,9+,Beer Sheva,Cinema City,610
19:40,גבעה 338,גבעה 338,https://tickets.cinema-city.co.il/order/851344?lang=en,https://tickets.cinema-city.co.il/order/851344?lang=he,Regular,2D,,,2026-08-24,,,,106,9+,Beer Sheva,Cinema City,610
22:20,גבעה 338,גבעה 338,https://tickets.cinema-city.co.il/order/851290?lang=en,https://tickets.cinema-city.co.il/order/851290?lang=he,Regular,2D,,,2026-08-24,,,,106,9+,Beer Sheva,Cinema City,610
14:00,גבעה 338,גבעה 338,https://tickets.cinema-city.co.il/order/851355?lang=en,https://tickets.cinema-city.co.il/order/851355?lang=he,Regular,2D,,,2026-08-25,,,,106,9+,Beer Sheva,Cinema City,610
16:50,גבעה 338,גבעה 338,https://tickets.cinema-city.co.il/order/851395?lang=en,https://tickets.cinema-city.co.il/order/851395?lang=he,Regular,2D,,,2026-08-25,,,,106,9+,Beer Sheva,Cinema City,610
19:40,גבעה 338,גבעה 338,https://tickets.cinema-city.co.il/order/851394?lang=en,https://tickets.cinema-city.co.il/order/851394?lang=he,Regular,2D,,,2026-08-25,,,,106,9+,Beer Sheva,Cinema City,610
22:30,גבעה 338,גבעה 338,https://tickets.cinema-city.co.il/order/851346?lang=en,https://tickets.cinema-city.co.il/order/851346?lang=he,Regular,2D,,,2026-08-25,,,,106,9+,Beer Sheva,Cinema City,610
14:45,גבעה 338,גבעה 338,https://tickets.cinema-city.co.il/order/851413?lang=en,https://tickets.cinema-city.co.il/order/851413?lang=he,Regular,2D,,,2026-08-26,,,,106,9+,Beer Sheva,Cinema City,610
16:00,גבעה 338,גבעה 338,https://tickets.cinema-city.co.il/order/851404?lang=en,https://tickets.cinema-city.co.il/order/851404?lang=he,Regular,2D,,,2026-08-26,,,,106,9+,Beer Sheva,Cinema City,610
18:30,גבעה 338,גבעה 338,https://tickets.cinema-city.co.il/order/851405?lang=en,https://tickets.cinema-city.co.il/order/851405?lang=he,Regular,2D,,,2026-08-26,,,,106,9+,Beer Sheva,Cinema City,610
19:10,גבעה 338,גבעה 338,https://tickets.cinema-city.co.il/order/851450?lang=en,https://tickets.cinema-city.co.il/order/851450?lang=he,Regular,2D,,,2026-08-26,,,,106,9+,Beer Sheva,Cinema City,610
22:05,גבעה 338,גבעה 338,https://tickets.cinema-city.co.il/order/851402?lang=en,https://tickets.cinema-city.co.il/order/851402?lang=he,Regular,2D,,,2026-08-26,,,,106,9+,Beer Sheva,Cinema City,610
11:00,THE POUT POUT FISH,דג ושמו באסה,https://tickets.cinema-city.co.il/order/851322?lang=en,https://tickets.cinema-city.co.il/order/851322?lang=he,Regular,2D,,Hebrew,2026-08-24,,,,93,,Beer Sheva,Cinema City,610
13:30,THE POUT POUT FISH,דג ושמו באסה,https://tickets.cinema-city.co.il/order/851317?lang=en,https://tickets.cinema-city.co.il/order/851317?lang=he,Regular,2D,,Hebrew,2026-08-24,,,,93,,Beer Sheva,Cinema City,610
16:00,THE POUT POUT FISH,דג ושמו באסה,https://tickets.cinema-city.co.il/order/851332?lang=en,https://tickets.cinema-city.co.il/order/851332?lang=he,Regular,2D,,Hebrew,2026-08-24,,,,93,,Beer Sheva,Cinema City,610
11:00,THE POUT POUT FISH,דג ושמו באסה,https://tickets.cinema-city.co.il/order/851372?lang=en,https://tickets.cinema-city.co.il/order/851372?lang=he,Regular,2D,,Hebrew,2026-08-25,,,,93,,Beer Sheva,Cinema City,610
13:30,THE POUT POUT FISH,דג ושמו באסה,https://tickets.cinema-city.co.il/order/851367?lang=en,https://tickets.cinema-city.co.il/order/851367?lang=he,Regular,2D,,Hebrew,2026-08-25,,,,93,,Beer Sheva,Cinema City,610
16:00,THE POUT POUT FISH,דג ושמו באסה,https://tickets.cinema-city.co.il/order/851382?lang=en,https://tickets.cinema-city.co.il/order/851382?lang=he,Regular,2D,,Hebrew,2026-08-25,,,,93,,Beer Sheva,Cinema City,610
10:00,THE POUT POUT FISH,דג ושמו באסה,https://tickets.cinema-city.co.il/order/851451?lang=en,https://tickets.cinema-city.co.il/order/851451?lang=he,Regular,2D,,Hebrew,2026-08-26,,,,93,,Beer Sheva,Cinema City,610
12:30,THE POUT POUT FISH,דג ושמו באסה,https://tickets.cinema-city.co.il/order/851430?lang=en,https://tickets.cinema-city.co.il/order/851430?lang=he,Regular,2D,,Hebrew,2026-08-26,,,,93,,Beer Sheva,Cinema City,610
15:00,THE POUT POUT FISH,דג ושמו באסה,https://tickets.cinema-city.co.il/order/851425?lang=en,https://tickets.cinema-city.co.il/order/851425?lang=he,Regular,2D,,Hebrew,2026-08-26,,,,93,,Beer Sheva,Cinema City,610
19:30,Insidious: Out of the Further,הרוע שבפנים: מחוץ למעבר,https://tickets.cinema-city.co.il/order/851323?lang=en,https://tickets.cinema-city.co.il/order/851323?lang=he,Regular,2D,,,2026-08-24,,,,106,14+,Beer Sheva,Cinema City,610
21:10,Insidious: Out of the Further,הרוע שבפנים: מחוץ למעבר,https://tickets.cinema-city.co.il/order/851333?lang=en,https://tickets.cinema-city.co.il/order/851333?lang=he,Regular,2D,,,2026-08-24,,,,106,14+,Beer Sheva,Cinema City,610
22:15,Insidious: Out of the Further,הרוע שבפנים: מחוץ למעבר,https://tickets.cinema-city.co.il/order/851334?lang=en,https://tickets.cinema-city.co.il/order/851334?lang=he,Regular,2D,,,2026-08-24,,,,106,14+,Beer Sheva,Cinema City,610
19:30,Insidious: Out of the Further,הרוע שבפנים: מחוץ למעבר,https://tickets.cinema-city.co.il/order/851373?lang=en,https://tickets.cinema-city.co.il/order/851373?lang=he,Regular,2D,,,2026-08-25,,,,106,14+,Beer Sheva,Cinema City,610
21:10,Insidious: Out of the Further,הרוע שבפנים: מחוץ למעבר,https://tickets.cinema-city.co.il/order/851383?lang=en,https://tickets.cinema-city.co.il/order/851383?lang=he,Regular,2D,,,2026-08-25,,,,106,14+,Beer Sheva,Cinema City,610
22:15,Insidious: Out of the Further,הרוע שבפנים: מחוץ למעבר,https://tickets.cinema-city.co.il/order/851384?lang=en,https://tickets.cinema-city.co.il/order/851384?lang=he,Regular,2D,,,2026-08-25,,,,106,14+,Beer Sheva,Cinema City,610
19:40,Insidious: Out of the Further,הרוע שבפנים: מחוץ למעבר,https://tickets.cinema-city.co.il/order/851431?lang=en,https://tickets.cinema-city.co.il/order/851431?lang=he,Regular,2D,,,2026-08-26,,,,106,14+,Beer Sheva,Cinema City,610
22:20,Insidious: Out of the Further,הרוע שבפנים: מחוץ למעבר,https://tickets.cinema-city.co.il/order/851440?lang=en,https://tickets.cinema-city.co.il/order/851440?lang=he,Regular,2D,,,2026-08-26,,,,106,14+,Beer Sheva,Cinema City,610
19:35,Dog Stars,כוכבי הכלב,https://tickets.cinema-city.co.il/order/851453?lang=en,https://tickets.cinema-city.co.il/order/851453?lang=he,Regular,2D,,,2026-08-26,,,,118,,Beer Sheva,Cinema City,610
21:50,One Night Only,לגמור את הלילה,https://tickets.cinema-city.co.il/order/851341?lang=en,https://tickets.cinema-city.co.il/order/851341?lang=he,Regular,2D,,,2026-08-24,,,,102,14+,Beer Sheva,Cinema City,610
21:50,One Night Only,לגמור את הלילה,https://tickets.cinema-city.co.il/order/851391?lang=en,https://tickets.cinema-city.co.il/order/851391?lang=he,Regular,2D,,,2026-08-25,,,,102,14+,Beer Sheva,Cinema City,610
22:20,One Night Only,לגמור את הלילה,https://tickets.cinema-city.co.il/order/851447?lang=en,https://tickets.cinema-city.co.il/order/851447?lang=he,Regular,2D,,,2026-08-26,,,,102,14+,Beer Sheva,Cinema City,610
19:00,La La Land 10th Anniversary,לה לה לנד-חגיגות העשור,https://tickets.cinema-city.co.il/order/851398?lang=en,https://tickets.cinema-city.co.il/order/851398?lang=he,Regular,2D,,,2026-08-25,,,,128,All,Beer Sheva,Cinema City,610
20:30,La La Land 10th Anniversary,לה לה לנד-חגיגות העשור,https://tickets.cinema-city.co.il/order/851452?lang=en,https://tickets.cinema-city.co.il/order/851452?lang=he,Regular,2D,,,2026-08-26,,,,128,All,Beer Sheva,Cinema City,610
21:45,La La Land 10th Anniversary,לה לה לנד-חגיגות העשור,https://tickets.cinema-city.co.il/order/852336?lang=en,https://tickets.cinema-city.co.il/order/852336?lang=he,Regular,2D,,,2026-08-27,,,,128,All,Beer Sheva,Cinema City,610
21:30,La La Land 10th Anniversary,לה לה לנד-חגיגות העשור,https://tickets.cinema-city.co.il/order/852335?lang=en,https://tickets.cinema-city.co.il/order/852335?lang=he,Regular,2D,,,2026-08-28,,,,128,All,Beer Sheva,Cinema City,610
18:30,Coyote vs. Acme,לוני טונס מציגים: קיוטי נגד אקמי,https://tickets.cinema-city.co.il/order/851335?lang=en,https://tickets.cinema-city.co.il/order/851335?lang=he,Regular,2D,,,2026-08-24,,,,101,All,Beer Sheva,Cinema City,610
18:30,Coyote vs. Acme,לוני טונס מציגים: קיוטי נגד אקמי,https://tickets.cinema-city.co.il/order/851385?lang=en,https://tickets.cinema-city.co.il/order/851385?lang=he,Regular,2D,,,2026-08-25,,,,101,All,Beer Sheva,Cinema City,610
15:00,Coyote vs. Acme,לוני טונס מציגים: קיוטי נגד אקמי,https://tickets.cinema-city.co.il/order/851441?lang=en,https://tickets.cinema-city.co.il/order/851441?lang=he,Regular,2D,,,2026-08-26,,,,101,All,Beer Sheva,Cinema City,610
11:40,Coyote vs. Acme,לוני טונס מציגים: קיוטי נגד אקמי,https://tickets.cinema-city.co.il/order/851324?lang=en,https://tickets.cinema-city.co.il/order/851324?lang=he,Regular,2D,,Hebrew,2026-08-24,,,,101,All,Beer Sheva,Cinema City,610
14:20,Coyote vs. Acme,לוני טונס מציגים: קיוטי נגד אקמי,https://tickets.cinema-city.co.il/order/851329?lang=en,https://tickets.cinema-city.co.il/order/851329?lang=he,Regular,2D,,Hebrew,2026-08-24,,,,101,All,Beer Sheva,Cinema City,610
17:00,Coyote vs. Acme,לוני טונס מציגים: קיוטי נגד אקמי,https://tickets.cinema-city.co.il/order/851330?lang=en,https://tickets.cinema-city.co.il/order/851330?lang=he,Regular,2D,,Hebrew,2026-08-24,,,,101,All,Beer Sheva,Cinema City,610
11:40,Coyote vs. Acme,לוני טונס מציגים: קיוטי נגד אקמי,https://tickets.cinema-city.co.il/order/851374?lang=en,https://tickets.cinema-city.co.il/order/851374?lang=he,Regular,2D,,Hebrew,2026-08-25,,,,101,All,Beer Sheva,Cinema City,610
14:20,Coyote vs. Acme,לוני טונס מציגים: קיוטי נגד אקמי,https://tickets.cinema-city.co.il/order/851379?lang=en,https://tickets.cinema-city.co.il/order/851379?lang=he,Regular,2D,,Hebrew,2026-08-25,,,,101,All,Beer Sheva,Cinema City,610
17:00,Coyote vs. Acme,לוני טונס מציגים: קיוטי נגד אקמי,https://tickets.cinema-city.co.il/order/851380?lang=en,https://tickets.cinema-city.co.il/order/851380?lang=he,Regular,2D,,Hebrew,2026-08-25,,,,101,All,Beer Sheva,Cinema City,610
11:00,Coyote vs. Acme,לוני טונס מציגים: קיוטי נגד אקמי,https://tickets.cinema-city.co.il/order/851432?lang=en,https://tickets.cinema-city.co.il/order/851432?lang=he,Regular,2D,,Hebrew,2026-08-26,,,,101,All,Beer Sheva,Cinema City,610
13:40,Coyote vs. Acme,לוני טונס מציגים: קיוטי נגד אקמי,https://tickets.cinema-city.co.il/order/851437?lang=en,https://tickets.cinema-city.co.il/order/851437?lang=he,Regular,2D,,Hebrew,2026-08-26,,,,101,All,Beer Sheva,Cinema City,610
16:20,Coyote vs. Acme,לוני טונס מציגים: קיוטי נגד אקמי,https://tickets.cinema-city.co.il/order/851438?lang=en,https://tickets.cinema-city.co.il/order/851438?lang=he,Regular,2D,,Hebrew,2026-08-26,,,,101,All,Beer Sheva,Cinema City,610
11:30,MUTINY,נקמה בלב ים,https://tickets.cinema-city.co.il/order/851291?lang=en,https://tickets.cinema-city.co.il/order/851291?lang=he,Regular,2D,,,2026-08-24,,,,95,14+,Beer Sheva,Cinema City,610
14:00,MUTINY,נקמה בלב ים,https://tickets.cinema-city.co.il/order/851328?lang=en,https://tickets.cinema-city.co.il/order/851328?lang=he,Regular,2D,,,2026-08-24,,,,95,14+,Beer Sheva,Cinema City,610
16:30,MUTINY,נקמה בלב ים,https://tickets.cinema-city.co.il/order/851327?lang=en,https://tickets.cinema-city.co.il/order/851327?lang=he,Regular,2D,,,2026-08-24,,,,95,14+,Beer Sheva,Cinema City,610
19:00,MUTINY,נקמה בלב ים,https://tickets.cinema-city.co.il/order/851326?lang=en,https://tickets.cinema-city.co.il/order/851326?lang=he,Regular,2D,,,2026-08-24,,,,95,14+,Beer Sheva,Cinema City,610
20:10,MUTINY,נקמה בלב ים,https://tickets.cinema-city.co.il/order/851336?lang=en,https://tickets.cinema-city.co.il/order/851336?lang=he,Regular,2D,,,2026-08-24,,,,95,14+,Beer Sheva,Cinema City,610
21:30,MUTINY,נקמה בלב ים,https://tickets.cinema-city.co.il/order/851325?lang=en,https://tickets.cinema-city.co.il/order/851325?lang=he,Regular,2D,,,2026-08-24,,,,95,14+,Beer Sheva,Cinema City,610
22:30,MUTINY,נקמה בלב ים,https://tickets.cinema-city.co.il/order/851337?lang=en,https://tickets.cinema-city.co.il/order/851337?lang=he,Regular,2D,,,2026-08-24,,,,95,14+,Beer Sheva,Cinema City,610
11:30,MUTINY,נקמה בלב ים,https://tickets.cinema-city.co.il/order/851347?lang=en,https://tickets.cinema-city.co.il/order/851347?lang=he,Regular,2D,,,2026-08-25,,,,95,14+,Beer Sheva,Cinema City,610
14:00,MUTINY,נקמה בלב ים,https://tickets.cinema-city.co.il/order/851378?lang=en,https://tickets.cinema-city.co.il/order/851378?lang=he,Regular,2D,,,2026-08-25,,,,95,14+,Beer Sheva,Cinema City,610
16:30,MUTINY,נקמה בלב ים,https://tickets.cinema-city.co.il/order/851377?lang=en,https://tickets.cinema-city.co.il/order/851377?lang=he,Regular,2D,,,2026-08-25,,,,95,14+,Beer Sheva,Cinema City,610
19:00,MUTINY,נקמה בלב ים,https://tickets.cinema-city.co.il/order/851376?lang=en,https://tickets.cinema-city.co.il/order/851376?lang=he,Regular,2D,,,2026-08-25,,,,95,14+,Beer Sheva,Cinema City,610
20:10,MUTINY,נקמה בלב ים,https://tickets.cinema-city.co.il/order/851386?lang=en,https://tickets.cinema-city.co.il/order/851386?lang=he,Regular,2D,,,2026-08-25,,,,95,14+,Beer Sheva,Cinema City,610
21:30,MUTINY,נקמה בלב ים,https://tickets.cinema-city.co.il/order/851375?lang=en,https://tickets.cinema-city.co.il/order/851375?lang=he,Regular,2D,,,2026-08-25,,,,95,14+,Beer Sheva,Cinema City,610
22:30,MUTINY,נקמה בלב ים,https://tickets.cinema-city.co.il/order/851387?lang=en,https://tickets.cinema-city.co.il/order/851387?lang=he,Regular,2D,,,2026-08-25,,,,95,14+,Beer Sheva,Cinema City,610
11:30,MUTINY,נקמה בלב ים,https://tickets.cinema-city.co.il/order/851403?lang=en,https://tickets.cinema-city.co.il/order/851403?lang=he,Regular,2D,,,2026-08-26,,,,95,14+,Beer Sheva,Cinema City,610
14:00,MUTINY,נקמה בלב ים,https://tickets.cinema-city.co.il/order/851436?lang=en,https://tickets.cinema-city.co.il/order/851436?lang=he,Regular,2D,,,2026-08-26,,,,95,14+,Beer Sheva,Cinema City,610
16:30,MUTINY,נקמה בלב ים,https://tickets.cinema-city.co.il/order/851435?lang=en,https://tickets.cinema-city.co.il/order/851435?lang=he,Regular,2D,,,2026-08-26,,,,95,14+,Beer Sheva,Cinema City,610
19:00,MUTINY,נקמה בלב ים,https://tickets.cinema-city.co.il/order/851434?lang=en,https://tickets.cinema-city.co.il/order/851434?lang=he,Regular,2D,,,2026-08-26,,,,95,14+,Beer Sheva,Cinema City,610
19:50,MUTINY,נקמה בלב ים,https://tickets.cinema-city.co.il/order/851442?lang=en,https://tickets.cinema-city.co.il/order/851442?lang=he,Regular,2D,,,2026-08-26,,,,95,14+,Beer Sheva,Cinema City,610
21:30,MUTINY,נקמה בלב ים,https://tickets.cinema-city.co.il/order/851433?lang=en,https://tickets.cinema-city.co.il/order/851433?lang=he,Regular,2D,,,2026-08-26,,,,95,14+,Beer Sheva,Cinema City,610
22:10,MUTINY,נקמה בלב ים,https://tickets.cinema-city.co.il/order/851443?lang=en,https://tickets.cinema-city.co.il/order/851443?lang=he,Regular,2D,,,2026-08-26,,,,95,14+,Beer Sheva,Cinema City,610
14:00,End of Oak Street,סוף רחוב האלון,https://tickets.cinema-city.co.il/order/851304?lang=en,https://tickets.cinema-city.co.il/order/851304?lang=he,Regular,2D,,,2026-08-24,,,,100,12+,Beer Sheva,Cinema City,610
14:20,End of Oak Street,סוף רחוב האלון,https://tickets.cinema-city.co.il/order/851356?lang=en,https://tickets.cinema-city.co.il/order/851356?lang=he,Regular,2D,,,2026-08-25,,,,100,12+,Beer Sheva,Cinema City,610
14:00,End of Oak Street,סוף רחוב האלון,https://tickets.cinema-city.co.il/order/851414?lang=en,https://tickets.cinema-city.co.il/order/851414?lang=he,Regular,2D,,,2026-08-26,,,,100,12+,Beer Sheva,Cinema City,610
12:30,SPA WEEKEND,ספא וויקנד,https://tickets.cinema-city.co.il/order/851321?lang=en,https://tickets.cinema-city.co.il/order/851321?lang=he,Regular,2D,,,2026-08-24,,,,97,14+,Beer Sheva,Cinema City,610
15:00,SPA WEEKEND,ספא וויקנד,https://tickets.cinema-city.co.il/order/851320?lang=en,https://tickets.cinema-city.co.il/order/851320?lang=he,Regular,2D,,,2026-08-24,,,,97,14+,Beer Sheva,Cinema City,610
17:30,SPA WEEKEND,ספא וויקנד,https://tickets.cinema-city.co.il/order/851319?lang=en,https://tickets.cinema-city.co.il/order/851319?lang=he,Regular,2D,,,2026-08-24,,,,97,14+,Beer Sheva,Cinema City,610
20:00,SPA WEEKEND,ספא וויקנד,https://tickets.cinema-city.co.il/order/851331?lang=en,https://tickets.cinema-city.co.il/order/851331?lang=he,Regular,2D,,,2026-08-24,,,,97,14+,Beer Sheva,Cinema City,610
22:30,SPA WEEKEND,ספא וויקנד,https://tickets.cinema-city.co.il/order/851318?lang=en,https://tickets.cinema-city.co.il/order/851318?lang=he,Regular,2D,,,2026-08-24,,,,97,14+,Beer Sheva,Cinema City,610
10:00,SPA WEEKEND,ספא וויקנד,https://tickets.cinema-city.co.il/order/851399?lang=en,https://tickets.cinema-city.co.il/order/851399?lang=he,Regular,2D,,,2026-08-25,,,,97,14+,Beer Sheva,Cinema City,610
12:30,SPA WEEKEND,ספא וויקנד,https://tickets.cinema-city.co.il/order/851371?lang=en,https://tickets.cinema-city.co.il/order/851371?lang=he,Regular,2D,,,2026-08-25,,,,97,14+,Beer Sheva,Cinema City,610
15:00,SPA WEEKEND,ספא וויקנד,https://tickets.cinema-city.co.il/order/851370?lang=en,https://tickets.cinema-city.co.il/order/851370?lang=he,Regular,2D,,,2026-08-25,,,,97,14+,Beer Sheva,Cinema City,610
17:30,SPA WEEKEND,ספא וויקנד,https://tickets.cinema-city.co.il/order/851369?lang=en,https://tickets.cinema-city.co.il/order/851369?lang=he,Regular,2D,,,2026-08-25,,,,97,14+,Beer Sheva,Cinema City,610
20:00,SPA WEEKEND,ספא וויקנד,https://tickets.cinema-city.co.il/order/851381?lang=en,https://tickets.cinema-city.co.il/order/851381?lang=he,Regular,2D,,,2026-08-25,,,,97,14+,Beer Sheva,Cinema City,610
22:30,SPA WEEKEND,ספא וויקנד,https://tickets.cinema-city.co.il/order/851368?lang=en,https://tickets.cinema-city.co.il/order/851368?lang=he,Regular,2D,,,2026-08-25,,,,97,14+,Beer Sheva,Cinema City,610
12:30,SPA WEEKEND,ספא וויקנד,https://tickets.cinema-city.co.il/order/851429?lang=en,https://tickets.cinema-city.co.il/order/851429?lang=he,Regular,2D,,,2026-08-26,,,,97,14+,Beer Sheva,Cinema City,610
15:00,SPA WEEKEND,ספא וויקנד,https://tickets.cinema-city.co.il/order/851428?lang=en,https://tickets.cinema-city.co.il/order/851428?lang=he,Regular,2D,,,2026-08-26,,,,97,14+,Beer Sheva,Cinema City,610
17:30,SPA WEEKEND,ספא וויקנד,https://tickets.cinema-city.co.il/order/851427?lang=en,https://tickets.cinema-city.co.il/order/851427?lang=he,Regular,2D,,,2026-08-26,,,,97,14+,Beer Sheva,Cinema City,610
20:00,SPA WEEKEND,ספא וויקנד,https://tickets.cinema-city.co.il/order/851439?lang=en,https://tickets.cinema-city.co.il/order/851439?lang=he,Regular,2D,,,2026-08-26,,,,97,14+,Beer Sheva,Cinema City,610
22:30,SPA WEEKEND,ספא וויקנד,https://tickets.cinema-city.co.il/order/851426?lang=en,https://tickets.cinema-city.co.il/order/851426?lang=he,Regular,2D,,,2026-08-26,,,,97,14+,Beer Sheva,Cinema City,610
12:30,SPIDERMAN: BRAND NEW DAY,ספיידרמן: יום חדש,https://tickets.cinema-city.co.il/order/851339?lang=en,https://tickets.cinema-city.co.il/order/851339?lang=he,Regular,2D,,,2026-08-24,,,,150,All,Beer Sheva,Cinema City,610
13:40,SPIDERMAN: BRAND NEW DAY,ספיידרמן: יום חדש,https://tickets.cinema-city.co.il/order/851308?lang=en,https://tickets.cinema-city.co.il/order/851308?lang=he,Regular,2D,,,2026-08-24,,,,150,All,Beer Sheva,Cinema City,610
15:50,SPIDERMAN: BRAND NEW DAY,ספיידרמן: יום חדש,https://tickets.cinema-city.co.il/order/851338?lang=en,https://tickets.cinema-city.co.il/order/851338?lang=he,Regular,2D,,,2026-08-24,,,,150,All,Beer Sheva,Cinema City,610
17:00,SPIDERMAN: BRAND NEW DAY,ספיידרמן: יום חדש,https://tickets.cinema-city.co.il/order/851307?lang=en,https://tickets.cinema-city.co.il/order/851307?lang=he,Regular,2D,,,2026-08-24,,,,150,All,Beer Sheva,Cinema City,610
19:10,SPIDERMAN: BRAND NEW DAY,ספיידרמן: יום חדש,https://tickets.cinema-city.co.il/order/851340?lang=en,https://tickets.cinema-city.co.il/order/851340?lang=he,Regular,2D,,,2026-08-24,,,,150,All,Beer Sheva,Cinema City,610
21:30,SPIDERMAN: BRAND NEW DAY,ספיידרמן: יום חדש,https://tickets.cinema-city.co.il/order/851306?lang=en,https://tickets.cinema-city.co.il/order/851306?lang=he,Regular,2D,,,2026-08-24,,,,150,All,Beer Sheva,Cinema City,610
22:30,SPIDERMAN: BRAND NEW DAY,ספיידרמן: יום חדש,https://tickets.cinema-city.co.il/order/852319?lang=en,https://tickets.cinema-city.co.il/order/852319?lang=he,Regular,2D,,,2026-08-24,,,,150,All,Beer Sheva,Cinema City,610
12:20,SPIDERMAN: BRAND NEW DAY,ספיידרמן: יום חדש,https://tickets.cinema-city.co.il/order/851389?lang=en,https://tickets.cinema-city.co.il/order/851389?lang=he,Regular,2D,,,2026-08-25,,,,150,All,Beer Sheva,Cinema City,610
13:40,SPIDERMAN: BRAND NEW DAY,ספיידרמן: יום חדש,https://tickets.cinema-city.co.il/order/851360?lang=en,https://tickets.cinema-city.co.il/order/851360?lang=he,Regular,2D,,,2026-08-25,,,,150,All,Beer Sheva,Cinema City,610
15:40,SPIDERMAN: BRAND NEW DAY,ספיידרמן: יום חדש,https://tickets.cinema-city.co.il/order/851388?lang=en,https://tickets.cinema-city.co.il/order/851388?lang=he,Regular,2D,,,2026-08-25,,,,150,All,Beer Sheva,Cinema City,610
17:00,SPIDERMAN: BRAND NEW DAY,ספיידרמן: יום חדש,https://tickets.cinema-city.co.il/order/851359?lang=en,https://tickets.cinema-city.co.il/order/851359?lang=he,Regular,2D,,,2026-08-25,,,,150,All,Beer Sheva,Cinema City,610
19:00,SPIDERMAN: BRAND NEW DAY,ספיידרמן: יום חדש,https://tickets.cinema-city.co.il/order/851390?lang=en,https://tickets.cinema-city.co.il/order/851390?lang=he,Regular,2D,,,2026-08-25,,,,150,All,Beer Sheva,Cinema City,610
22:00,SPIDERMAN: BRAND NEW DAY,ספיידרמן: יום חדש,https://tickets.cinema-city.co.il/order/851358?lang=en,https://tickets.cinema-city.co.il/order/851358?lang=he,Regular,2D,,,2026-08-25,,,,150,All,Beer Sheva,Cinema City,610
22:20,SPIDERMAN: BRAND NEW DAY,ספיידרמן: יום חדש,https://tickets.cinema-city.co.il/order/852322?lang=en,https://tickets.cinema-city.co.il/order/852322?lang=he,Regular,2D,,,2026-08-25,,,,150,All,Beer Sheva,Cinema City,610
12:30,SPIDERMAN: BRAND NEW DAY,ספיידרמן: יום חדש,https://tickets.cinema-city.co.il/order/851445?lang=en,https://tickets.cinema-city.co.il/order/851445?lang=he,Regular,2D,,,2026-08-26,,,,150,All,Beer Sheva,Cinema City,610
13:30,SPIDERMAN: BRAND NEW DAY,ספיידרמן: יום חדש,https://tickets.cinema-city.co.il/order/851418?lang=en,https://tickets.cinema-city.co.il/order/851418?lang=he,Regular,2D,,,2026-08-26,,,,150,All,Beer Sheva,Cinema City,610
15:55,SPIDERMAN: BRAND NEW DAY,ספיידרמן: יום חדש,https://tickets.cinema-city.co.il/order/851444?lang=en,https://tickets.cinema-city.co.il/order/851444?lang=he,Regular,2D,,,2026-08-26,,,,150,All,Beer Sheva,Cinema City,610
16:40,SPIDERMAN: BRAND NEW DAY,ספיידרמן: יום חדש,https://tickets.cinema-city.co.il/order/851417?lang=en,https://tickets.cinema-city.co.il/order/851417?lang=he,Regular,2D,,,2026-08-26,,,,150,All,Beer Sheva,Cinema City,610
19:15,SPIDERMAN: BRAND NEW DAY,ספיידרמן: יום חדש,https://tickets.cinema-city.co.il/order/851446?lang=en,https://tickets.cinema-city.co.il/order/851446?lang=he,Regular,2D,,,2026-08-26,,,,150,All,Beer Sheva,Cinema City,610
21:30,SPIDERMAN: BRAND NEW DAY,ספיידרמן: יום חדש,https://tickets.cinema-city.co.il/order/851416?lang=en,https://tickets.cinema-city.co.il/order/851416?lang=he,Regular,2D,,,2026-08-26,,,,150,All,Beer Sheva,Cinema City,610
12:10,גבעה 338,גבעה 338,https://tickets.cinema-city.co.il/order/851701?lang=en,https://tickets.cinema-city.co.il/order/851701?lang=he,Regular,2D,,,2026-08-24,,,,106,9+,Chadera,Cinema City,610
14:30,גבעה 338,גבעה 338,https://tickets.cinema-city.co.il/order/851702?lang=en,https://tickets.cinema-city.co.il/order/851702?lang=he,Regular,2D,,,2026-08-24,,,,106,9+,Chadera,Cinema City,610
17:00,גבעה 338,גבעה 338,https://tickets.cinema-city.co.il/order/851703?lang=en,https://tickets.cinema-city.co.il/order/851703?lang=he,Regular,2D,,,2026-08-24,,,,106,9+,Chadera,Cinema City,610
19:30,גבעה 338,גבעה 338,https://tickets.cinema-city.co.il/order/851704?lang=en,https://tickets.cinema-city.co.il/order/851704?lang=he,Regular,2D,,,2026-08-24,,,,106,9+,Chadera,Cinema City,610
22:00,גבעה 338,גבעה 338,https://tickets.cinema-city.co.il/order/851705?lang=en,https://tickets.cinema-city.co.il/order/851705?lang=he,Regular,2D,,,2026-08-24,,,,106,9+,Chadera,Cinema City,610
23:20,גבעה 338,גבעה 338,https://tickets.cinema-city.co.il/order/851751?lang=en,https://tickets.cinema-city.co.il/order/851751?lang=he,Regular,2D,,,2026-08-24,,,,106,9+,Chadera,Cinema City,610
12:10,גבעה 338,גבעה 338,https://tickets.cinema-city.co.il/order/851762?lang=en,https://tickets.cinema-city.co.il/order/851762?lang=he,Regular,2D,,,2026-08-25,,,,106,9+,Chadera,Cinema City,610
14:30,גבעה 338,גבעה 338,https://tickets.cinema-city.co.il/order/851763?lang=en,https://tickets.cinema-city.co.il/order/851763?lang=he,Regular,2D,,,2026-08-25,,,,106,9+,Chadera,Cinema City,610
17:00,גבעה 338,גבעה 338,https://tickets.cinema-city.co.il/order/851764?lang=en,https://tickets.cinema-city.co.il/order/851764?lang=he,Regular,2D,,,2026-08-25,,,,106,9+,Chadera,Cinema City,610
19:30,גבעה 338,גבעה 338,https://tickets.cinema-city.co.il/order/851765?lang=en,https://tickets.cinema-city.co.il/order/851765?lang=he,Regular,2D,,,2026-08-25,,,,106,9+,Chadera,Cinema City,610
22:00,גבעה 338,גבעה 338,https://tickets.cinema-city.co.il/order/851766?lang=en,https://tickets.cinema-city.co.il/order/851766?lang=he,Regular,2D,,,2026-08-25,,,,106,9+,Chadera,Cinema City,610
12:10,גבעה 338,גבעה 338,https://tickets.cinema-city.co.il/order/851824?lang=en,https://tickets.cinema-city.co.il/order/851824?lang=he,Regular,2D,,,2026-08-26,,,,106,9+,Chadera,Cinema City,610
14:30,גבעה 338,גבעה 338,https://tickets.cinema-city.co.il/order/851825?lang=en,https://tickets.cinema-city.co.il/order/851825?lang=he,Regular,2D,,,2026-08-26,,,,106,9+,Chadera,Cinema City,610
17:00,גבעה 338,גבעה 338,https://tickets.cinema-city.co.il/order/851826?lang=en,https://tickets.cinema-city.co.il/order/851826?lang=he,Regular,2D,,,2026-08-26,,,,106,9+,Chadera,Cinema City,610
19:30,גבעה 338,גבעה 338,https://tickets.cinema-city.co.il/order/851827?lang=en,https://tickets.cinema-city.co.il/order/851827?lang=he,Regular,2D,,,2026-08-26,,,,106,9+,Chadera,Cinema City,610
22:00,גבעה 338,גבעה 338,https://tickets.cinema-city.co.il/order/851828?lang=en,https://tickets.cinema-city.co.il/order/851828?lang=he,Regular,2D,,,2026-08-26,,,,106,9+,Chadera,Cinema City,610
11:50,THE POUT POUT FISH,דג ושמו באסה,https://tickets.cinema-city.co.il/order/851740?lang=en,https://tickets.cinema-city.co.il/order/851740?lang=he,Regular,2D,,Hebrew,2026-08-24,,,,93,,Chadera,Cinema City,610
14:00,THE POUT POUT FISH,דג ושמו באסה,https://tickets.cinema-city.co.il/order/851739?lang=en,https://tickets.cinema-city.co.il/order/851739?lang=he,Regular,2D,,Hebrew,2026-08-24,,,,93,,Chadera,Cinema City,610
16:10,THE POUT POUT FISH,דג ושמו באסה,https://tickets.cinema-city.co.il/order/851729?lang=en,https://tickets.cinema-city.co.il/order/851729?lang=he,Regular,2D,,Hebrew,2026-08-24,,,,93,,Chadera,Cinema City,610
11:50,THE POUT POUT FISH,דג ושמו באסה,https://tickets.cinema-city.co.il/order/851799?lang=en,https://tickets.cinema-city.co.il/order/851799?lang=he,Regular,2D,,Hebrew,2026-08-25,,,,93,,Chadera,Cinema City,610
14:00,THE POUT POUT FISH,דג ושמו באסה,https://tickets.cinema-city.co.il/order/851798?lang=en,https://tickets.cinema-city.co.il/order/851798?lang=he,Regular,2D,,Hebrew,2026-08-25,,,,93,,Chadera,Cinema City,610
16:10,THE POUT POUT FISH,דג ושמו באסה,https://tickets.cinema-city.co.il/order/851788?lang=en,https://tickets.cinema-city.co.il/order/851788?lang=he,Regular,2D,,Hebrew,2026-08-25,,,,93,,Chadera,Cinema City,610
11:50,THE POUT POUT FISH,דג ושמו באסה,https://tickets.cinema-city.co.il/order/851864?lang=en,https://tickets.cinema-city.co.il/order/851864?lang=he,Regular,2D,,Hebrew,2026-08-26,,,,93,,Chadera,Cinema City,610
14:00,THE POUT POUT FISH,דג ושמו באסה,https://tickets.cinema-city.co.il/order/851863?lang=en,https://tickets.cinema-city.co.il/order/851863?lang=he,Regular,2D,,Hebrew,2026-08-26,,,,93,,Chadera,Cinema City,610
16:10,THE POUT POUT FISH,דג ושמו באסה,https://tickets.cinema-city.co.il/order/851853?lang=en,https://tickets.cinema-city.co.il/order/851853?lang=he,Regular,2D,,Hebrew,2026-08-26,,,,93,,Chadera,Cinema City,610
20:40,Insidious: Out of the Further,הרוע שבפנים: מחוץ למעבר,https://tickets.cinema-city.co.il/order/851730?lang=en,https://tickets.cinema-city.co.il/order/851730?lang=he,Regular,2D,,,2026-08-24,,,,106,14+,Chadera,Cinema City,610
22:20,Insidious: Out of the Further,הרוע שבפנים: מחוץ למעבר,https://tickets.cinema-city.co.il/order/851717?lang=en,https://tickets.cinema-city.co.il/order/851717?lang=he,Regular,2D,,,2026-08-24,,,,106,14+,Chadera,Cinema City,610
23:00,Insidious: Out of the Further,הרוע שבפנים: מחוץ למעבר,https://tickets.cinema-city.co.il/order/851741?lang=en,https://tickets.cinema-city.co.il/order/851741?lang=he,Regular,2D,,,2026-08-24,,,,106,14+,Chadera,Cinema City,610
20:40,Insidious: Out of the Further,הרוע שבפנים: מחוץ למעבר,https://tickets.cinema-city.co.il/order/851789?lang=en,https://tickets.cinema-city.co.il/order/851789?lang=he,Regular,2D,,,2026-08-25,,,,106,14+,Chadera,Cinema City,610
22:20,Insidious: Out of the Further,הרוע שבפנים: מחוץ למעבר,https://tickets.cinema-city.co.il/order/851778?lang=en,https://tickets.cinema-city.co.il/order/851778?lang=he,Regular,2D,,,2026-08-25,,,,106,14+,Chadera,Cinema City,610
23:00,Insidious: Out of the Further,הרוע שבפנים: מחוץ למעבר,https://tickets.cinema-city.co.il/order/851800?lang=en,https://tickets.cinema-city.co.il/order/851800?lang=he,Regular,2D,,,2026-08-25,,,,106,14+,Chadera,Cinema City,610
20:40,Insidious: Out of the Further,הרוע שבפנים: מחוץ למעבר,https://tickets.cinema-city.co.il/order/851854?lang=en,https://tickets.cinema-city.co.il/order/851854?lang=he,Regular,2D,,,2026-08-26,,,,106,14+,Chadera,Cinema City,610
22:20,Insidious: Out of the Further,הרוע שבפנים: מחוץ למעבר,https://tickets.cinema-city.co.il/order/851841?lang=en,https://tickets.cinema-city.co.il/order/851841?lang=he,Regular,2D,,,2026-08-26,,,,106,14+,Chadera,Cinema City,610
23:00,Insidious: Out of the Further,הרוע שבפנים: מחוץ למעבר,https://tickets.cinema-city.co.il/order/851865?lang=en,https://tickets.cinema-city.co.il/order/851865?lang=he,Regular,2D,,,2026-08-26,,,,106,14+,Chadera,Cinema City,610
17:20,Dog Stars,כוכבי הכלב,https://tickets.cinema-city.co.il/order/851876?lang=en,https://tickets.cinema-city.co.il/order/851876?lang=he,Regular,2D,,,2026-08-26,,,,118,,Chadera,Cinema City,610
22:30,Dog Stars,כוכבי הכלב,https://tickets.cinema-city.co.il/order/851877?lang=en,https://tickets.cinema-city.co.il/order/851877?lang=he,Regular,2D,,,2026-08-26,,,,118,,Chadera,Cinema City,610
22:30,One Night Only,לגמור את הלילה,https://tickets.cinema-city.co.il/order/851700?lang=en,https://tickets.cinema-city.co.il/order/851700?lang=he,Regular,2D,,,2026-08-24,,,,102,14+,Chadera,Cinema City,610
22:30,One Night Only,לגמור את הלילה,https://tickets.cinema-city.co.il/order/851761?lang=en,https://tickets.cinema-city.co.il/order/851761?lang=he,Regular,2D,,,2026-08-25,,,,102,14+,Chadera,Cinema City,610
22:50,One Night Only,לגמור את הלילה,https://tickets.cinema-city.co.il/order/851823?lang=en,https://tickets.cinema-city.co.il/order/851823?lang=he,Regular,2D,,,2026-08-26,,,,102,14+,Chadera,Cinema City,610
23:30,One Night Only,לגמור את הלילה,https://tickets.cinema-city.co.il/order/851835?lang=en,https://tickets.cinema-city.co.il/order/851835?lang=he,Regular,2D,,,2026-08-26,,,,102,14+,Chadera,Cinema City,610
20:20,La La Land 10th Anniversary,לה לה לנד-חגיגות העשור,https://tickets.cinema-city.co.il/order/851810?lang=en,https://tickets.cinema-city.co.il/order/851810?lang=he,Regular,2D,,,2026-08-25,,,,128,All,Chadera,Cinema City,610
20:10,La La Land 10th Anniversary,לה לה לנד-חגיגות העשור,https://tickets.cinema-city.co.il/order/851875?lang=en,https://tickets.cinema-city.co.il/order/851875?lang=he,Regular,2D,,,2026-08-26,,,,128,All,Chadera,Cinema City,610
21:30,La La Land 10th Anniversary,לה לה לנד-חגיגות העשור,https://tickets.cinema-city.co.il/order/852337?lang=en,https://tickets.cinema-city.co.il/order/852337?lang=he,Regular,2D,,,2026-08-27,,,,128,All,Chadera,Cinema City,610
21:30,La La Land 10th Anniversary,לה לה לנד-חגיגות העשור,https://tickets.cinema-city.co.il/order/852338?lang=en,https://tickets.cinema-city.co.il/order/852338?lang=he,Regular,2D,,,2026-08-28,,,,128,All,Chadera,Cinema City,610
18:20,Coyote vs. Acme,לוני טונס מציגים: קיוטי נגד אקמי,https://tickets.cinema-city.co.il/order/851728?lang=en,https://tickets.cinema-city.co.il/order/851728?lang=he,Regular,2D,,,2026-08-24,,,,101,All,Chadera,Cinema City,610
18:20,Coyote vs. Acme,לוני טונס מציגים: קיוטי נגד אקמי,https://tickets.cinema-city.co.il/order/851787?lang=en,https://tickets.cinema-city.co.il/order/851787?lang=he,Regular,2D,,,2026-08-25,,,,101,All,Chadera,Cinema City,610
18:20,Coyote vs. Acme,לוני טונס מציגים: קיוטי נגד אקמי,https://tickets.cinema-city.co.il/order/851852?lang=en,https://tickets.cinema-city.co.il/order/851852?lang=he,Regular,2D,,,2026-08-26,,,,101,All,Chadera,Cinema City,610
10:00,Coyote vs. Acme,לוני טונס מציגים: קיוטי נגד אקמי,https://tickets.cinema-city.co.il/order/851750?lang=en,https://tickets.cinema-city.co.il/order/851750?lang=he,Regular,2D,,Hebrew,2026-08-24,,,,101,All,Chadera,Cinema City,610
12:40,Coyote vs. Acme,לוני טונס מציגים: קיוטי נגד אקמי,https://tickets.cinema-city.co.il/order/851721?lang=en,https://tickets.cinema-city.co.il/order/851721?lang=he,Regular,2D,,Hebrew,2026-08-24,,,,101,All,Chadera,Cinema City,610
15:00,Coyote vs. Acme,לוני טונס מציגים: קיוטי נגד אקמי,https://tickets.cinema-city.co.il/order/851737?lang=en,https://tickets.cinema-city.co.il/order/851737?lang=he,Regular,2D,,Hebrew,2026-08-24,,,,101,All,Chadera,Cinema City,610
17:20,Coyote vs. Acme,לוני טונס מציגים: קיוטי נגד אקמי,https://tickets.cinema-city.co.il/order/851738?lang=en,https://tickets.cinema-city.co.il/order/851738?lang=he,Regular,2D,,Hebrew,2026-08-24,,,,101,All,Chadera,Cinema City,610
10:00,Coyote vs. Acme,לוני טונס מציגים: קיוטי נגד אקמי,https://tickets.cinema-city.co.il/order/851811?lang=en,https://tickets.cinema-city.co.il/order/851811?lang=he,Regular,2D,,Hebrew,2026-08-25,,,,101,All,Chadera,Cinema City,610
12:40,Coyote vs. Acme,לוני טונס מציגים: קיוטי נגד אקמי,https://tickets.cinema-city.co.il/order/851780?lang=en,https://tickets.cinema-city.co.il/order/851780?lang=he,Regular,2D,,Hebrew,2026-08-25,,,,101,All,Chadera,Cinema City,610
15:00,Coyote vs. Acme,לוני טונס מציגים: קיוטי נגד אקמי,https://tickets.cinema-city.co.il/order/851796?lang=en,https://tickets.cinema-city.co.il/order/851796?lang=he,Regular,2D,,Hebrew,2026-08-25,,,,101,All,Chadera,Cinema City,610
17:20,Coyote vs. Acme,לוני טונס מציגים: קיוטי נגד אקמי,https://tickets.cinema-city.co.il/order/851797?lang=en,https://tickets.cinema-city.co.il/order/851797?lang=he,Regular,2D,,Hebrew,2026-08-25,,,,101,All,Chadera,Cinema City,610
10:20,Coyote vs. Acme,לוני טונס מציגים: קיוטי נגד אקמי,https://tickets.cinema-city.co.il/order/851860?lang=en,https://tickets.cinema-city.co.il/order/851860?lang=he,Regular,2D,,Hebrew,2026-08-26,,,,101,All,Chadera,Cinema City,610
12:40,Coyote vs. Acme,לוני טונס מציגים: קיוטי נגד אקמי,https://tickets.cinema-city.co.il/order/851845?lang=en,https://tickets.cinema-city.co.il/order/851845?lang=he,Regular,2D,,Hebrew,2026-08-26,,,,101,All,Chadera,Cinema City,610
15:10,Coyote vs. Acme,לוני טונס מציגים: קיוטי נגד אקמי,https://tickets.cinema-city.co.il/order/851862?lang=en,https://tickets.cinema-city.co.il/order/851862?lang=he,Regular,2D,,Hebrew,2026-08-26,,,,101,All,Chadera,Cinema City,610
16:50,Coyote vs. Acme,לוני טונס מציגים: קיוטי נגד אקמי,https://tickets.cinema-city.co.il/order/851874?lang=en,https://tickets.cinema-city.co.il/order/851874?lang=he,Regular,2D,,Hebrew,2026-08-26,,,,101,All,Chadera,Cinema City,610
11:40,MUTINY,נקמה בלב ים,https://tickets.cinema-city.co.il/order/851735?lang=en,https://tickets.cinema-city.co.il/order/851735?lang=he,Regular,2D,,,2026-08-24,,,,95,14+,Chadera,Cinema City,610
14:10,MUTINY,נקמה בלב ים,https://tickets.cinema-city.co.il/order/851734?lang=en,https://tickets.cinema-city.co.il/order/851734?lang=he,Regular,2D,,,2026-08-24,,,,95,14+,Chadera,Cinema City,610
16:30,MUTINY,נקמה בלב ים,https://tickets.cinema-city.co.il/order/851733?lang=en,https://tickets.cinema-city.co.il/order/851733?lang=he,Regular,2D,,,2026-08-24,,,,95,14+,Chadera,Cinema City,610
18:50,MUTINY,נקמה בלב ים,https://tickets.cinema-city.co.il/order/851732?lang=en,https://tickets.cinema-city.co.il/order/851732?lang=he,Regular,2D,,,2026-08-24,,,,95,14+,Chadera,Cinema City,610
21:10,MUTINY,נקמה בלב ים,https://tickets.cinema-city.co.il/order/851731?lang=en,https://tickets.cinema-city.co.il/order/851731?lang=he,Regular,2D,,,2026-08-24,,,,95,14+,Chadera,Cinema City,610
22:00,MUTINY,נקמה בלב ים,https://tickets.cinema-city.co.il/order/851743?lang=en,https://tickets.cinema-city.co.il/order/851743?lang=he,Regular,2D,,,2026-08-24,,,,95,14+,Chadera,Cinema City,610
23:30,MUTINY,נקמה בלב ים,https://tickets.cinema-city.co.il/order/851727?lang=en,https://tickets.cinema-city.co.il/order/851727?lang=he,Regular,2D,,,2026-08-24,,,,95,14+,Chadera,Cinema City,610
11:40,MUTINY,נקמה בלב ים,https://tickets.cinema-city.co.il/order/851794?lang=en,https://tickets.cinema-city.co.il/order/851794?lang=he,Regular,2D,,,2026-08-25,,,,95,14+,Chadera,Cinema City,610
14:10,MUTINY,נקמה בלב ים,https://tickets.cinema-city.co.il/order/851793?lang=en,https://tickets.cinema-city.co.il/order/851793?lang=he,Regular,2D,,,2026-08-25,,,,95,14+,Chadera,Cinema City,610
16:30,MUTINY,נקמה בלב ים,https://tickets.cinema-city.co.il/order/851792?lang=en,https://tickets.cinema-city.co.il/order/851792?lang=he,Regular,2D,,,2026-08-25,,,,95,14+,Chadera,Cinema City,610
18:50,MUTINY,נקמה בלב ים,https://tickets.cinema-city.co.il/order/851791?lang=en,https://tickets.cinema-city.co.il/order/851791?lang=he,Regular,2D,,,2026-08-25,,,,95,14+,Chadera,Cinema City,610
21:10,MUTINY,נקמה בלב ים,https://tickets.cinema-city.co.il/order/851790?lang=en,https://tickets.cinema-city.co.il/order/851790?lang=he,Regular,2D,,,2026-08-25,,,,95,14+,Chadera,Cinema City,610
23:30,MUTINY,נקמה בלב ים,https://tickets.cinema-city.co.il/order/851786?lang=en,https://tickets.cinema-city.co.il/order/851786?lang=he,Regular,2D,,,2026-08-25,,,,95,14+,Chadera,Cinema City,610
11:40,MUTINY,נקמה בלב ים,https://tickets.cinema-city.co.il/order/851859?lang=en,https://tickets.cinema-city.co.il/order/851859?lang=he,Regular,2D,,,2026-08-26,,,,95,14+,Chadera,Cinema City,610
14:10,MUTINY,נקמה בלב ים,https://tickets.cinema-city.co.il/order/851858?lang=en,https://tickets.cinema-city.co.il/order/851858?lang=he,Regular,2D,,,2026-08-26,,,,95,14+,Chadera,Cinema City,610
16:30,MUTINY,נקמה בלב ים,https://tickets.cinema-city.co.il/order/851857?lang=en,https://tickets.cinema-city.co.il/order/851857?lang=he,Regular,2D,,,2026-08-26,,,,95,14+,Chadera,Cinema City,610
18:50,MUTINY,נקמה בלב ים,https://tickets.cinema-city.co.il/order/851856?lang=en,https://tickets.cinema-city.co.il/order/851856?lang=he,Regular,2D,,,2026-08-26,,,,95,14+,Chadera,Cinema City,610
21:10,MUTINY,נקמה בלב ים,https://tickets.cinema-city.co.il/order/851855?lang=en,https://tickets.cinema-city.co.il/order/851855?lang=he,Regular,2D,,,2026-08-26,,,,95,14+,Chadera,Cinema City,610
23:30,MUTINY,נקמה בלב ים,https://tickets.cinema-city.co.il/order/851851?lang=en,https://tickets.cinema-city.co.il/order/851851?lang=he,Regular,2D,,,2026-08-26,,,,95,14+,Chadera,Cinema City,610
18:50,End of Oak Street,סוף רחוב האלון,https://tickets.cinema-city.co.il/order/851690?lang=en,https://tickets.cinema-city.co.il/order/851690?lang=he,Regular,2D,,,2026-08-24,,,,100,12+,Chadera,Cinema City,610
18:00,End of Oak Street,סוף רחוב האלון,https://tickets.cinema-city.co.il/order/851752?lang=en,https://tickets.cinema-city.co.il/order/851752?lang=he,Regular,2D,,,2026-08-25,,,,100,12+,Chadera,Cinema City,610
19:20,End of Oak Street,סוף רחוב האלון,https://tickets.cinema-city.co.il/order/851814?lang=en,https://tickets.cinema-city.co.il/order/851814?lang=he,Regular,2D,,,2026-08-26,,,,100,12+,Chadera,Cinema City,610
10:50,SPA WEEKEND,ספא וויקנד,https://tickets.cinema-city.co.il/order/851736?lang=en,https://tickets.cinema-city.co.il/order/851736?lang=he,Regular,2D,,,2026-08-24,,,,97,14+,Chadera,Cinema City,610
13:10,SPA WEEKEND,ספא וויקנד,https://tickets.cinema-city.co.il/order/851722?lang=en,https://tickets.cinema-city.co.il/order/851722?lang=he,Regular,2D,,,2026-08-24,,,,97,14+,Chadera,Cinema City,610
15:30,SPA WEEKEND,ספא וויקנד,https://tickets.cinema-city.co.il/order/851723?lang=en,https://tickets.cinema-city.co.il/order/851723?lang=he,Regular,2D,,,2026-08-24,,,,97,14+,Chadera,Cinema City,610
17:50,SPA WEEKEND,ספא וויקנד,https://tickets.cinema-city.co.il/order/851724?lang=en,https://tickets.cinema-city.co.il/order/851724?lang=he,Regular,2D,,,2026-08-24,,,,97,14+,Chadera,Cinema City,610
19:40,SPA WEEKEND,ספא וויקנד,https://tickets.cinema-city.co.il/order/851742?lang=en,https://tickets.cinema-city.co.il/order/851742?lang=he,Regular,2D,,,2026-08-24,,,,97,14+,Chadera,Cinema City,610
20:10,SPA WEEKEND,ספא וויקנד,https://tickets.cinema-city.co.il/order/851725?lang=en,https://tickets.cinema-city.co.il/order/851725?lang=he,Regular,2D,,,2026-08-24,,,,97,14+,Chadera,Cinema City,610
22:30,SPA WEEKEND,ספא וויקנד,https://tickets.cinema-city.co.il/order/851726?lang=en,https://tickets.cinema-city.co.il/order/851726?lang=he,Regular,2D,,,2026-08-24,,,,97,14+,Chadera,Cinema City,610
10:50,SPA WEEKEND,ספא וויקנד,https://tickets.cinema-city.co.il/order/851795?lang=en,https://tickets.cinema-city.co.il/order/851795?lang=he,Regular,2D,,,2026-08-25,,,,97,14+,Chadera,Cinema City,610
13:10,SPA WEEKEND,ספא וויקנד,https://tickets.cinema-city.co.il/order/851781?lang=en,https://tickets.cinema-city.co.il/order/851781?lang=he,Regular,2D,,,2026-08-25,,,,97,14+,Chadera,Cinema City,610
15:30,SPA WEEKEND,ספא וויקנד,https://tickets.cinema-city.co.il/order/851782?lang=en,https://tickets.cinema-city.co.il/order/851782?lang=he,Regular,2D,,,2026-08-25,,,,97,14+,Chadera,Cinema City,610
17:50,SPA WEEKEND,ספא וויקנד,https://tickets.cinema-city.co.il/order/851783?lang=en,https://tickets.cinema-city.co.il/order/851783?lang=he,Regular,2D,,,2026-08-25,,,,97,14+,Chadera,Cinema City,610
19:40,SPA WEEKEND,ספא וויקנד,https://tickets.cinema-city.co.il/order/851801?lang=en,https://tickets.cinema-city.co.il/order/851801?lang=he,Regular,2D,,,2026-08-25,,,,97,14+,Chadera,Cinema City,610
20:10,SPA WEEKEND,ספא וויקנד,https://tickets.cinema-city.co.il/order/851784?lang=en,https://tickets.cinema-city.co.il/order/851784?lang=he,Regular,2D,,,2026-08-25,,,,97,14+,Chadera,Cinema City,610
22:30,SPA WEEKEND,ספא וויקנד,https://tickets.cinema-city.co.il/order/851785?lang=en,https://tickets.cinema-city.co.il/order/851785?lang=he,Regular,2D,,,2026-08-25,,,,97,14+,Chadera,Cinema City,610
10:50,SPA WEEKEND,ספא וויקנד,https://tickets.cinema-city.co.il/order/851861?lang=en,https://tickets.cinema-city.co.il/order/851861?lang=he,Regular,2D,,,2026-08-26,,,,97,14+,Chadera,Cinema City,610
13:10,SPA WEEKEND,ספא וויקנד,https://tickets.cinema-city.co.il/order/851846?lang=en,https://tickets.cinema-city.co.il/order/851846?lang=he,Regular,2D,,,2026-08-26,,,,97,14+,Chadera,Cinema City,610
15:30,SPA WEEKEND,ספא וויקנד,https://tickets.cinema-city.co.il/order/851847?lang=en,https://tickets.cinema-city.co.il/order/851847?lang=he,Regular,2D,,,2026-08-26,,,,97,14+,Chadera,Cinema City,610
17:50,SPA WEEKEND,ספא וויקנד,https://tickets.cinema-city.co.il/order/851848?lang=en,https://tickets.cinema-city.co.il/order/851848?lang=he,Regular,2D,,,2026-08-26,,,,97,14+,Chadera,Cinema City,610
20:10,SPA WEEKEND,ספא וויקנד,https://tickets.cinema-city.co.il/order/851849?lang=en,https://tickets.cinema-city.co.il/order/851849?lang=he,Regular,2D,,,2026-08-26,,,,97,14+,Chadera,Cinema City,610
22:30,SPA WEEKEND,ספא וויקנד,https://tickets.cinema-city.co.il/order/851850?lang=en,https://tickets.cinema-city.co.il/order/851850?lang=he,Regular,2D,,,2026-08-26,,,,97,14+,Chadera,Cinema City,610
11:10,SPIDERMAN: BRAND NEW DAY,ספיידרמן: יום חדש,https://tickets.cinema-city.co.il/order/851706?lang=en,https://tickets.cinema-city.co.il/order/851706?lang=he,Regular,2D,,,2026-08-24,,,,150,All,Chadera,Cinema City,610
14:20,SPIDERMAN: BRAND NEW DAY,ספיידרמן: יום חדש,https://tickets.cinema-city.co.il/order/851716?lang=en,https://tickets.cinema-city.co.il/order/851716?lang=he,Regular,2D,,,2026-08-24,,,,150,All,Chadera,Cinema City,610
15:45,SPIDERMAN: BRAND NEW DAY,ספיידרמן: יום חדש,https://tickets.cinema-city.co.il/order/851744?lang=en,https://tickets.cinema-city.co.il/order/851744?lang=he,Regular,2D,,,2026-08-24,,,,150,All,Chadera,Cinema City,610
17:30,SPIDERMAN: BRAND NEW DAY,ספיידרמן: יום חדש,https://tickets.cinema-city.co.il/order/851713?lang=en,https://tickets.cinema-city.co.il/order/851713?lang=he,Regular,2D,,,2026-08-24,,,,150,All,Chadera,Cinema City,610
18:10,SPIDERMAN: BRAND NEW DAY,ספיידרמן: יום חדש,https://tickets.cinema-city.co.il/order/851748?lang=en,https://tickets.cinema-city.co.il/order/851748?lang=he,Regular,2D,,,2026-08-24,,,,150,All,Chadera,Cinema City,610
19:10,SPIDERMAN: BRAND NEW DAY,ספיידרמן: יום חדש,https://tickets.cinema-city.co.il/order/851745?lang=en,https://tickets.cinema-city.co.il/order/851745?lang=he,Regular,2D,,,2026-08-24,,,,150,All,Chadera,Cinema City,610
20:40,SPIDERMAN: BRAND NEW DAY,ספיידרמן: יום חדש,https://tickets.cinema-city.co.il/order/851714?lang=en,https://tickets.cinema-city.co.il/order/851714?lang=he,Regular,2D,,,2026-08-24,,,,150,All,Chadera,Cinema City,610
21:15,SPIDERMAN: BRAND NEW DAY,ספיידרמן: יום חדש,https://tickets.cinema-city.co.il/order/851747?lang=en,https://tickets.cinema-city.co.il/order/851747?lang=he,Regular,2D,,,2026-08-24,,,,150,All,Chadera,Cinema City,610
23:50,SPIDERMAN: BRAND NEW DAY,ספיידרמן: יום חדש,https://tickets.cinema-city.co.il/order/851715?lang=en,https://tickets.cinema-city.co.il/order/851715?lang=he,Regular,2D,,,2026-08-24,,,,150,All,Chadera,Cinema City,610
11:10,SPIDERMAN: BRAND NEW DAY,ספיידרמן: יום חדש,https://tickets.cinema-city.co.il/order/851767?lang=en,https://tickets.cinema-city.co.il/order/851767?lang=he,Regular,2D,,,2026-08-25,,,,150,All,Chadera,Cinema City,610
13:30,SPIDERMAN: BRAND NEW DAY,ספיידרמן: יום חדש,https://tickets.cinema-city.co.il/order/851804?lang=en,https://tickets.cinema-city.co.il/order/851804?lang=he,Regular,2D,,,2026-08-25,,,,150,All,Chadera,Cinema City,610
14:20,SPIDERMAN: BRAND NEW DAY,ספיידרמן: יום חדש,https://tickets.cinema-city.co.il/order/851777?lang=en,https://tickets.cinema-city.co.il/order/851777?lang=he,Regular,2D,,,2026-08-25,,,,150,All,Chadera,Cinema City,610
16:40,SPIDERMAN: BRAND NEW DAY,ספיידרמן: יום חדש,https://tickets.cinema-city.co.il/order/851802?lang=en,https://tickets.cinema-city.co.il/order/851802?lang=he,Regular,2D,,,2026-08-25,,,,150,All,Chadera,Cinema City,610
17:30,SPIDERMAN: BRAND NEW DAY,ספיידרמן: יום חדש,https://tickets.cinema-city.co.il/order/851774?lang=en,https://tickets.cinema-city.co.il/order/851774?lang=he,Regular,2D,,,2026-08-25,,,,150,All,Chadera,Cinema City,610
18:10,SPIDERMAN: BRAND NEW DAY,ספיידרמן: יום חדש,https://tickets.cinema-city.co.il/order/851808?lang=en,https://tickets.cinema-city.co.il/order/851808?lang=he,Regular,2D,,,2026-08-25,,,,150,All,Chadera,Cinema City,610
19:50,SPIDERMAN: BRAND NEW DAY,ספיידרמן: יום חדש,https://tickets.cinema-city.co.il/order/851803?lang=en,https://tickets.cinema-city.co.il/order/851803?lang=he,Regular,2D,,,2026-08-25,,,,150,All,Chadera,Cinema City,610
20:40,SPIDERMAN: BRAND NEW DAY,ספיידרמן: יום חדש,https://tickets.cinema-city.co.il/order/851775?lang=en,https://tickets.cinema-city.co.il/order/851775?lang=he,Regular,2D,,,2026-08-25,,,,150,All,Chadera,Cinema City,610
21:15,SPIDERMAN: BRAND NEW DAY,ספיידרמן: יום חדש,https://tickets.cinema-city.co.il/order/851807?lang=en,https://tickets.cinema-city.co.il/order/851807?lang=he,Regular,2D,,,2026-08-25,,,,150,All,Chadera,Cinema City,610
23:50,SPIDERMAN: BRAND NEW DAY,ספיידרמן: יום חדש,https://tickets.cinema-city.co.il/order/851776?lang=en,https://tickets.cinema-city.co.il/order/851776?lang=he,Regular,2D,,,2026-08-25,,,,150,All,Chadera,Cinema City,610
11:10,SPIDERMAN: BRAND NEW DAY,ספיידרמן: יום חדש,https://tickets.cinema-city.co.il/order/851829?lang=en,https://tickets.cinema-city.co.il/order/851829?lang=he,Regular,2D,,,2026-08-26,,,,150,All,Chadera,Cinema City,610
13:30,SPIDERMAN: BRAND NEW DAY,ספיידרמן: יום חדש,https://tickets.cinema-city.co.il/order/851868?lang=en,https://tickets.cinema-city.co.il/order/851868?lang=he,Regular,2D,,,2026-08-26,,,,150,All,Chadera,Cinema City,610
14:20,SPIDERMAN: BRAND NEW DAY,ספיידרמן: יום חדש,https://tickets.cinema-city.co.il/order/851840?lang=en,https://tickets.cinema-city.co.il/order/851840?lang=he,Regular,2D,,,2026-08-26,,,,150,All,Chadera,Cinema City,610
16:40,SPIDERMAN: BRAND NEW DAY,ספיידרמן: יום חדש,https://tickets.cinema-city.co.il/order/851866?lang=en,https://tickets.cinema-city.co.il/order/851866?lang=he,Regular,2D,,,2026-08-26,,,,150,All,Chadera,Cinema City,610
17:30,SPIDERMAN: BRAND NEW DAY,ספיידרמן: יום חדש,https://tickets.cinema-city.co.il/order/851837?lang=en,https://tickets.cinema-city.co.il/order/851837?lang=he,Regular,2D,,,2026-08-26,,,,150,All,Chadera,Cinema City,610
18:10,SPIDERMAN: BRAND NEW DAY,ספיידרמן: יום חדש,https://tickets.cinema-city.co.il/order/851872?lang=en,https://tickets.cinema-city.co.il/order/851872?lang=he,Regular,2D,,,2026-08-26,,,,150,All,Chadera,Cinema City,610
19:50,SPIDERMAN: BRAND NEW DAY,ספיידרמן: יום חדש,https://tickets.cinema-city.co.il/order/851867?lang=en,https://tickets.cinema-city.co.il/order/851867?lang=he,Regular,2D,,,2026-08-26,,,,150,All,Chadera,Cinema City,610
20:40,SPIDERMAN: BRAND NEW DAY,ספיידרמן: יום חדש,https://tickets.cinema-city.co.il/order/851838?lang=en,https://tickets.cinema-city.co.il/order/851838?lang=he,Regular,2D,,,2026-08-26,,,,150,All,Chadera,Cinema City,610
21:15,SPIDERMAN: BRAND NEW DAY,ספיידרמן: יום חדש,https://tickets.cinema-city.co.il/order/851871?lang=en,https://tickets.cinema-city.co.il/order/851871?lang=he,Regular,2D,,,2026-08-26,,,,150,All,Chadera,Cinema City,610
23:50,SPIDERMAN: BRAND NEW DAY,ספיידרמן: יום חדש,https://tickets.cinema-city.co.il/order/851839?lang=en,https://tickets.cinema-city.co.il/order/851839?lang=he,Regular,2D,,,2026-08-26,,,,150,All,Chadera,Cinema City,610
21:30,La La Land 10th Anniversary,לה לה לנד-חגיגות העשור,https://tickets.cinema-city.co.il/order/852337?lang=en,https://tickets.cinema-city.co.il/order/852337?lang=he,Prime,2D,,,2026-08-27,,,,128,All,Chadera,Cinema City,610
21:30,La La Land 10th Anniversary,לה לה לנד-חגיגות העשור,https://tickets.cinema-city.co.il/order/852338?lang=en,https://tickets.cinema-city.co.il/order/852338?lang=he,Prime,2D,,,2026-08-28,,,,128,All,Chadera,Cinema City,610
10:00,Coyote vs. Acme,לוני טונס מציגים: קיוטי נגד אקמי,https://tickets.cinema-city.co.il/order/851750?lang=en,https://tickets.cinema-city.co.il/order/851750?lang=he,Prime,2D,,Hebrew,2026-08-24,,,,101,All,Chadera,Cinema City,610
14:20,SPIDERMAN: BRAND NEW DAY,ספיידרמן: יום חדש,https://tickets.cinema-city.co.il/order/851716?lang=en,https://tickets.cinema-city.co.il/order/851716?lang=he,Prime,2D,,,2026-08-24,,,,150,All,Chadera,Cinema City,610
17:30,SPIDERMAN: BRAND NEW DAY,ספיידרמן: יום חדש,https://tickets.cinema-city.co.il/order/851713?lang=en,https://tickets.cinema-city.co.il/order/851713?lang=he,Prime,2D,,,2026-08-24,,,,150,All,Chadera,Cinema City,610
20:40,SPIDERMAN: BRAND NEW DAY,ספיידרמן: יום חדש,https://tickets.cinema-city.co.il/order/851714?lang=en,https://tickets.cinema-city.co.il/order/851714?lang=he,Prime,2D,,,2026-08-24,,,,150,All,Chadera,Cinema City,610
23:50,SPIDERMAN: BRAND NEW DAY,ספיידרמן: יום חדש,https://tickets.cinema-city.co.il/order/851715?lang=en,https://tickets.cinema-city.co.il/order/851715?lang=he,Prime,2D,,,2026-08-24,,,,150,All,Chadera,Cinema City,610
14:20,SPIDERMAN: BRAND NEW DAY,ספיידרמן: יום חדש,https://tickets.cinema-city.co.il/order/851777?lang=en,https://tickets.cinema-city.co.il/order/851777?lang=he,Prime,2D,,,2026-08-25,,,,150,All,Chadera,Cinema City,610
17:30,SPIDERMAN: BRAND NEW DAY,ספיידרמן: יום חדש,https://tickets.cinema-city.co.il/order/851774?lang=en,https://tickets.cinema-city.co.il/order/851774?lang=he,Prime,2D,,,2026-08-25,,,,150,All,Chadera,Cinema City,610
20:40,SPIDERMAN: BRAND NEW DAY,ספיידרמן: יום חדש,https://tickets.cinema-city.co.il/order/851775?lang=en,https://tickets.cinema-city.co.il/order/851775?lang=he,Prime,2D,,,2026-08-25,,,,150,All,Chadera,Cinema City,610
23:50,SPIDERMAN: BRAND NEW DAY,ספיידרמן: יום חדש,https://tickets.cinema-city.co.il/order/851776?lang=en,https://tickets.cinema-city.co.il/order/851776?lang=he,Prime,2D,,,2026-08-25,,,,150,All,Chadera,Cinema City,610
14:20,SPIDERMAN: BRAND NEW DAY,ספיידרמן: יום חדש,https://tickets.cinema-city.co.il/order/851840?lang=en,https://tickets.cinema-city.co.il/order/851840?lang=he,Prime,2D,,,2026-08-26,,,,150,All,Chadera,Cinema City,610
17:30,SPIDERMAN: BRAND NEW DAY,ספיידרמן: יום חדש,https://tickets.cinema-city.co.il/order/851837?lang=en,https://tickets.cinema-city.co.il/order/851837?lang=he,Prime,2D,,,2026-08-26,,,,150,All,Chadera,Cinema City,610
20:40,SPIDERMAN: BRAND NEW DAY,ספיידרמן: יום חדש,https://tickets.cinema-city.co.il/order/851838?lang=en,https://tickets.cinema-city.co.il/order/851838?lang=he,Prime,2D,,,2026-08-26,,,,150,All,Chadera,Cinema City,610
23:50,SPIDERMAN: BRAND NEW DAY,ספיידרמן: יום חדש,https://tickets.cinema-city.co.il/order/851839?lang=en,https://tickets.cinema-city.co.il/order/851839?lang=he,Prime,2D,,,2026-08-26,,,,150,All,Chadera,Cinema City,610
11:40,גבעה 338,גבעה 338,https://tickets.cinema-city.co.il/order/850880?lang=en,https://tickets.cinema-city.co.il/order/850880?lang=he,Regular,2D,,,2026-08-24,,,,106,9+,Ashdod,Cinema City,610
14:15,גבעה 338,גבעה 338,https://tickets.cinema-city.co.il/order/850870?lang=en,https://tickets.cinema-city.co.il/order/850870?lang=he,Regular,2D,,,2026-08-24,,,,106,9+,Ashdod,Cinema City,610
16:50,גבעה 338,גבעה 338,https://tickets.cinema-city.co.il/order/850869?lang=en,https://tickets.cinema-city.co.il/order/850869?lang=he,Regular,2D,,,2026-08-24,,,,106,9+,Ashdod,Cinema City,610
19:30,גבעה 338,גבעה 338,https://tickets.cinema-city.co.il/order/850867?lang=en,https://tickets.cinema-city.co.il/order/850867?lang=he,Regular,2D,,,2026-08-24,,,,106,9+,Ashdod,Cinema City,610
20:55,גבעה 338,גבעה 338,https://tickets.cinema-city.co.il/order/850864?lang=en,https://tickets.cinema-city.co.il/order/850864?lang=he,Regular,2D,,,2026-08-24,,,,106,9+,Ashdod,Cinema City,610
22:10,גבעה 338,גבעה 338,https://tickets.cinema-city.co.il/order/850868?lang=en,https://tickets.cinema-city.co.il/order/850868?lang=he,Regular,2D,,,2026-08-24,,,,106,9+,Ashdod,Cinema City,610
23:10,גבעה 338,גבעה 338,https://tickets.cinema-city.co.il/order/850924?lang=en,https://tickets.cinema-city.co.il/order/850924?lang=he,Regular,2D,,,2026-08-24,,,,106,9+,Ashdod,Cinema City,610
11:40,גבעה 338,גבעה 338,https://tickets.cinema-city.co.il/order/850957?lang=en,https://tickets.cinema-city.co.il/order/850957?lang=he,Regular,2D,,,2026-08-25,,,,106,9+,Ashdod,Cinema City,610
14:15,גבעה 338,גבעה 338,https://tickets.cinema-city.co.il/order/850947?lang=en,https://tickets.cinema-city.co.il/order/850947?lang=he,Regular,2D,,,2026-08-25,,,,106,9+,Ashdod,Cinema City,610
16:50,גבעה 338,גבעה 338,https://tickets.cinema-city.co.il/order/850946?lang=en,https://tickets.cinema-city.co.il/order/850946?lang=he,Regular,2D,,,2026-08-25,,,,106,9+,Ashdod,Cinema City,610
19:30,גבעה 338,גבעה 338,https://tickets.cinema-city.co.il/order/850944?lang=en,https://tickets.cinema-city.co.il/order/850944?lang=he,Regular,2D,,,2026-08-25,,,,106,9+,Ashdod,Cinema City,610
22:10,גבעה 338,גבעה 338,https://tickets.cinema-city.co.il/order/850945?lang=en,https://tickets.cinema-city.co.il/order/850945?lang=he,Regular,2D,,,2026-08-25,,,,106,9+,Ashdod,Cinema City,610
23:10,גבעה 338,גבעה 338,https://tickets.cinema-city.co.il/order/851000?lang=en,https://tickets.cinema-city.co.il/order/851000?lang=he,Regular,2D,,,2026-08-25,,,,106,9+,Ashdod,Cinema City,610
11:40,גבעה 338,גבעה 338,https://tickets.cinema-city.co.il/order/851031?lang=en,https://tickets.cinema-city.co.il/order/851031?lang=he,Regular,2D,,,2026-08-26,,,,106,9+,Ashdod,Cinema City,610
14:15,גבעה 338,גבעה 338,https://tickets.cinema-city.co.il/order/851021?lang=en,https://tickets.cinema-city.co.il/order/851021?lang=he,Regular,2D,,,2026-08-26,,,,106,9+,Ashdod,Cinema City,610
16:50,גבעה 338,גבעה 338,https://tickets.cinema-city.co.il/order/851020?lang=en,https://tickets.cinema-city.co.il/order/851020?lang=he,Regular,2D,,,2026-08-26,,,,106,9+,Ashdod,Cinema City,610
19:30,גבעה 338,גבעה 338,https://tickets.cinema-city.co.il/order/851018?lang=en,https://tickets.cinema-city.co.il/order/851018?lang=he,Regular,2D,,,2026-08-26,,,,106,9+,Ashdod,Cinema City,610
22:10,גבעה 338,גבעה 338,https://tickets.cinema-city.co.il/order/851019?lang=en,https://tickets.cinema-city.co.il/order/851019?lang=he,Regular,2D,,,2026-08-26,,,,106,9+,Ashdod,Cinema City,610
23:10,גבעה 338,גבעה 338,https://tickets.cinema-city.co.il/order/851073?lang=en,https://tickets.cinema-city.co.il/order/851073?lang=he,Regular,2D,,,2026-08-26,,,,106,9+,Ashdod,Cinema City,610
11:20,THE POUT POUT FISH,דג ושמו באסה,https://tickets.cinema-city.co.il/order/850901?lang=en,https://tickets.cinema-city.co.il/order/850901?lang=he,Regular,2D,,Hebrew,2026-08-24,,,,93,,Ashdod,Cinema City,610
13:45,THE POUT POUT FISH,דג ושמו באסה,https://tickets.cinema-city.co.il/order/850900?lang=en,https://tickets.cinema-city.co.il/order/850900?lang=he,Regular,2D,,Hebrew,2026-08-24,,,,93,,Ashdod,Cinema City,610
16:10,THE POUT POUT FISH,דג ושמו באסה,https://tickets.cinema-city.co.il/order/850899?lang=en,https://tickets.cinema-city.co.il/order/850899?lang=he,Regular,2D,,Hebrew,2026-08-24,,,,93,,Ashdod,Cinema City,610
11:20,THE POUT POUT FISH,דג ושמו באסה,https://tickets.cinema-city.co.il/order/850978?lang=en,https://tickets.cinema-city.co.il/order/850978?lang=he,Regular,2D,,Hebrew,2026-08-25,,,,93,,Ashdod,Cinema City,610
13:45,THE POUT POUT FISH,דג ושמו באסה,https://tickets.cinema-city.co.il/order/850977?lang=en,https://tickets.cinema-city.co.il/order/850977?lang=he,Regular,2D,,Hebrew,2026-08-25,,,,93,,Ashdod,Cinema City,610
16:10,THE POUT POUT FISH,דג ושמו באסה,https://tickets.cinema-city.co.il/order/850976?lang=en,https://tickets.cinema-city.co.il/order/850976?lang=he,Regular,2D,,Hebrew,2026-08-25,,,,93,,Ashdod,Cinema City,610
11:20,THE POUT POUT FISH,דג ושמו באסה,https://tickets.cinema-city.co.il/order/851051?lang=en,https://tickets.cinema-city.co.il/order/851051?lang=he,Regular,2D,,Hebrew,2026-08-26,,,,93,,Ashdod,Cinema City,610
13:45,THE POUT POUT FISH,דג ושמו באסה,https://tickets.cinema-city.co.il/order/851050?lang=en,https://tickets.cinema-city.co.il/order/851050?lang=he,Regular,2D,,Hebrew,2026-08-26,,,,93,,Ashdod,Cinema City,610
16:10,THE POUT POUT FISH,דג ושמו באסה,https://tickets.cinema-city.co.il/order/851049?lang=en,https://tickets.cinema-city.co.il/order/851049?lang=he,Regular,2D,,Hebrew,2026-08-26,,,,93,,Ashdod,Cinema City,610
20:00,Insidious: Out of the Further,הרוע שבפנים: מחוץ למעבר,https://tickets.cinema-city.co.il/order/850893?lang=en,https://tickets.cinema-city.co.il/order/850893?lang=he,Regular,2D,,,2026-08-24,,,,106,14+,Ashdod,Cinema City,610
22:40,Insidious: Out of the Further,הרוע שבפנים: מחוץ למעבר,https://tickets.cinema-city.co.il/order/850892?lang=en,https://tickets.cinema-city.co.il/order/850892?lang=he,Regular,2D,,,2026-08-24,,,,106,14+,Ashdod,Cinema City,610
23:50,Insidious: Out of the Further,הרוע שבפנים: מחוץ למעבר,https://tickets.cinema-city.co.il/order/850891?lang=en,https://tickets.cinema-city.co.il/order/850891?lang=he,Regular,2D,,,2026-08-24,,,,106,14+,Ashdod,Cinema City,610
20:00,Insidious: Out of the Further,הרוע שבפנים: מחוץ למעבר,https://tickets.cinema-city.co.il/order/850970?lang=en,https://tickets.cinema-city.co.il/order/850970?lang=he,Regular,2D,,,2026-08-25,,,,106,14+,Ashdod,Cinema City,610
22:40,Insidious: Out of the Further,הרוע שבפנים: מחוץ למעבר,https://tickets.cinema-city.co.il/order/850969?lang=en,https://tickets.cinema-city.co.il/order/850969?lang=he,Regular,2D,,,2026-08-25,,,,106,14+,Ashdod,Cinema City,610
23:50,Insidious: Out of the Further,הרוע שבפנים: מחוץ למעבר,https://tickets.cinema-city.co.il/order/850968?lang=en,https://tickets.cinema-city.co.il/order/850968?lang=he,Regular,2D,,,2026-08-25,,,,106,14+,Ashdod,Cinema City,610
20:00,Insidious: Out of the Further,הרוע שבפנים: מחוץ למעבר,https://tickets.cinema-city.co.il/order/851043?lang=en,https://tickets.cinema-city.co.il/order/851043?lang=he,Regular,2D,,,2026-08-26,,,,106,14+,Ashdod,Cinema City,610
22:40,Insidious: Out of the Further,הרוע שבפנים: מחוץ למעבר,https://tickets.cinema-city.co.il/order/851042?lang=en,https://tickets.cinema-city.co.il/order/851042?lang=he,Regular,2D,,,2026-08-26,,,,106,14+,Ashdod,Cinema City,610
23:50,Insidious: Out of the Further,הרוע שבפנים: מחוץ למעבר,https://tickets.cinema-city.co.il/order/851041?lang=en,https://tickets.cinema-city.co.il/order/851041?lang=he,Regular,2D,,,2026-08-26,,,,106,14+,Ashdod,Cinema City,610
18:40,Dog Stars,כוכבי הכלב,https://tickets.cinema-city.co.il/order/851082?lang=en,https://tickets.cinema-city.co.il/order/851082?lang=he,Regular,2D,,,2026-08-26,,,,118,,Ashdod,Cinema City,610
20:50,One Night Only,לגמור את הלילה,https://tickets.cinema-city.co.il/order/850879?lang=en,https://tickets.cinema-city.co.il/order/850879?lang=he,Regular,2D,,,2026-08-24,,,,102,14+,Ashdod,Cinema City,610
20:50,One Night Only,לגמור את הלילה,https://tickets.cinema-city.co.il/order/850956?lang=en,https://tickets.cinema-city.co.il/order/850956?lang=he,Regular,2D,,,2026-08-25,,,,102,14+,Ashdod,Cinema City,610
20:50,One Night Only,לגמור את הלילה,https://tickets.cinema-city.co.il/order/851030?lang=en,https://tickets.cinema-city.co.il/order/851030?lang=he,Regular,2D,,,2026-08-26,,,,102,14+,Ashdod,Cinema City,610
20:10,La La Land 10th Anniversary,לה לה לנד-חגיגות העשור,https://tickets.cinema-city.co.il/order/851006?lang=en,https://tickets.cinema-city.co.il/order/851006?lang=he,Regular,2D,,,2026-08-25,,,,128,All,Ashdod,Cinema City,610
19:50,La La Land 10th Anniversary,לה לה לנד-חגיגות העשור,https://tickets.cinema-city.co.il/order/851079?lang=en,https://tickets.cinema-city.co.il/order/851079?lang=he,Regular,2D,,,2026-08-26,,,,128,All,Ashdod,Cinema City,610
21:30,La La Land 10th Anniversary,לה לה לנד-חגיגות העשור,https://tickets.cinema-city.co.il/order/852333?lang=en,https://tickets.cinema-city.co.il/order/852333?lang=he,Regular,2D,,,2026-08-27,,,,128,All,Ashdod,Cinema City,610
21:30,La La Land 10th Anniversary,לה לה לנד-חגיגות העשור,https://tickets.cinema-city.co.il/order/852334?lang=en,https://tickets.cinema-city.co.il/order/852334?lang=he,Regular,2D,,,2026-08-28,,,,128,All,Ashdod,Cinema City,610
18:40,Coyote vs. Acme,לוני טונס מציגים: קיוטי נגד אקמי,https://tickets.cinema-city.co.il/order/850894?lang=en,https://tickets.cinema-city.co.il/order/850894?lang=he,Regular,2D,,,2026-08-24,,,,101,All,Ashdod,Cinema City,610
18:40,Coyote vs. Acme,לוני טונס מציגים: קיוטי נגד אקמי,https://tickets.cinema-city.co.il/order/850971?lang=en,https://tickets.cinema-city.co.il/order/850971?lang=he,Regular,2D,,,2026-08-25,,,,101,All,Ashdod,Cinema City,610
18:10,Coyote vs. Acme,לוני טונס מציגים: קיוטי נגד אקמי,https://tickets.cinema-city.co.il/order/851044?lang=en,https://tickets.cinema-city.co.il/order/851044?lang=he,Regular,2D,,,2026-08-26,,,,101,All,Ashdod,Cinema City,610
10:00,Coyote vs. Acme,לוני טונס מציגים: קיוטי נגד אקמי,https://tickets.cinema-city.co.il/order/850895?lang=en,https://tickets.cinema-city.co.il/order/850895?lang=he,Regular,2D,,Hebrew,2026-08-24,,,,101,All,Ashdod,Cinema City,610
12:30,Coyote vs. Acme,לוני טונס מציגים: קיוטי נגד אקמי,https://tickets.cinema-city.co.il/order/850896?lang=en,https://tickets.cinema-city.co.il/order/850896?lang=he,Regular,2D,,Hebrew,2026-08-24,,,,101,All,Ashdod,Cinema City,610
15:00,Coyote vs. Acme,לוני טונס מציגים: קיוטי נגד אקמי,https://tickets.cinema-city.co.il/order/850897?lang=en,https://tickets.cinema-city.co.il/order/850897?lang=he,Regular,2D,,Hebrew,2026-08-24,,,,101,All,Ashdod,Cinema City,610
17:30,Coyote vs. Acme,לוני טונס מציגים: קיוטי נגד אקמי,https://tickets.cinema-city.co.il/order/850889?lang=en,https://tickets.cinema-city.co.il/order/850889?lang=he,Regular,2D,,Hebrew,2026-08-24,,,,101,All,Ashdod,Cinema City,610
10:00,Coyote vs. Acme,לוני טונס מציגים: קיוטי נגד אקמי,https://tickets.cinema-city.co.il/order/850972?lang=en,https://tickets.cinema-city.co.il/order/850972?lang=he,Regular,2D,,Hebrew,2026-08-25,,,,101,All,Ashdod,Cinema City,610
12:30,Coyote vs. Acme,לוני טונס מציגים: קיוטי נגד אקמי,https://tickets.cinema-city.co.il/order/850973?lang=en,https://tickets.cinema-city.co.il/order/850973?lang=he,Regular,2D,,Hebrew,2026-08-25,,,,101,All,Ashdod,Cinema City,610
15:00,Coyote vs. Acme,לוני טונס מציגים: קיוטי נגד אקמי,https://tickets.cinema-city.co.il/order/850974?lang=en,https://tickets.cinema-city.co.il/order/850974?lang=he,Regular,2D,,Hebrew,2026-08-25,,,,101,All,Ashdod,Cinema City,610
17:30,Coyote vs. Acme,לוני טונס מציגים: קיוטי נגד אקמי,https://tickets.cinema-city.co.il/order/850966?lang=en,https://tickets.cinema-city.co.il/order/850966?lang=he,Regular,2D,,Hebrew,2026-08-25,,,,101,All,Ashdod,Cinema City,610
10:00,Coyote vs. Acme,לוני טונס מציגים: קיוטי נגד אקמי,https://tickets.cinema-city.co.il/order/851045?lang=en,https://tickets.cinema-city.co.il/order/851045?lang=he,Regular,2D,,Hebrew,2026-08-26,,,,101,All,Ashdod,Cinema City,610
12:30,Coyote vs. Acme,לוני טונס מציגים: קיוטי נגד אקמי,https://tickets.cinema-city.co.il/order/851046?lang=en,https://tickets.cinema-city.co.il/order/851046?lang=he,Regular,2D,,Hebrew,2026-08-26,,,,101,All,Ashdod,Cinema City,610
15:00,Coyote vs. Acme,לוני טונס מציגים: קיוטי נגד אקמי,https://tickets.cinema-city.co.il/order/851047?lang=en,https://tickets.cinema-city.co.il/order/851047?lang=he,Regular,2D,,Hebrew,2026-08-26,,,,101,All,Ashdod,Cinema City,610
17:30,Coyote vs. Acme,לוני טונס מציגים: קיוטי נגד אקמי,https://tickets.cinema-city.co.il/order/851039?lang=en,https://tickets.cinema-city.co.il/order/851039?lang=he,Regular,2D,,Hebrew,2026-08-26,,,,101,All,Ashdod,Cinema City,610
11:30,MUTINY,נקמה בלב ים,https://tickets.cinema-city.co.il/order/850902?lang=en,https://tickets.cinema-city.co.il/order/850902?lang=he,Regular,2D,,,2026-08-24,,,,95,14+,Ashdod,Cinema City,610
14:00,MUTINY,נקמה בלב ים,https://tickets.cinema-city.co.il/order/850903?lang=en,https://tickets.cinema-city.co.il/order/850903?lang=he,Regular,2D,,,2026-08-24,,,,95,14+,Ashdod,Cinema City,610
16:30,MUTINY,נקמה בלב ים,https://tickets.cinema-city.co.il/order/850904?lang=en,https://tickets.cinema-city.co.il/order/850904?lang=he,Regular,2D,,,2026-08-24,,,,95,14+,Ashdod,Cinema City,610
19:00,MUTINY,נקמה בלב ים,https://tickets.cinema-city.co.il/order/850905?lang=en,https://tickets.cinema-city.co.il/order/850905?lang=he,Regular,2D,,,2026-08-24,,,,95,14+,Ashdod,Cinema City,610
20:10,MUTINY,נקמה בלב ים,https://tickets.cinema-city.co.il/order/850890?lang=en,https://tickets.cinema-city.co.il/order/850890?lang=he,Regular,2D,,,2026-08-24,,,,95,14+,Ashdod,Cinema City,610
21:30,MUTINY,נקמה בלב ים,https://tickets.cinema-city.co.il/order/850906?lang=en,https://tickets.cinema-city.co.il/order/850906?lang=he,Regular,2D,,,2026-08-24,,,,95,14+,Ashdod,Cinema City,610
22:45,MUTINY,נקמה בלב ים,https://tickets.cinema-city.co.il/order/850898?lang=en,https://tickets.cinema-city.co.il/order/850898?lang=he,Regular,2D,,,2026-08-24,,,,95,14+,Ashdod,Cinema City,610
00:00,MUTINY,נקמה בלב ים,https://tickets.cinema-city.co.il/order/850916?lang=en,https://tickets.cinema-city.co.il/order/850916?lang=he,Regular,2D,,,2026-08-24,,,,95,14+,Ashdod,Cinema City,610
11:30,MUTINY,נקמה בלב ים,https://tickets.cinema-city.co.il/order/850979?lang=en,https://tickets.cinema-city.co.il/order/850979?lang=he,Regular,2D,,,2026-08-25,,,,95,14+,Ashdod,Cinema City,610
14:00,MUTINY,נקמה בלב ים,https://tickets.cinema-city.co.il/order/850980?lang=en,https://tickets.cinema-city.co.il/order/850980?lang=he,Regular,2D,,,2026-08-25,,,,95,14+,Ashdod,Cinema City,610
16:30,MUTINY,נקמה בלב ים,https://tickets.cinema-city.co.il/order/850981?lang=en,https://tickets.cinema-city.co.il/order/850981?lang=he,Regular,2D,,,2026-08-25,,,,95,14+,Ashdod,Cinema City,610
19:00,MUTINY,נקמה בלב ים,https://tickets.cinema-city.co.il/order/850982?lang=en,https://tickets.cinema-city.co.il/order/850982?lang=he,Regular,2D,,,2026-08-25,,,,95,14+,Ashdod,Cinema City,610
20:10,MUTINY,נקמה בלב ים,https://tickets.cinema-city.co.il/order/850967?lang=en,https://tickets.cinema-city.co.il/order/850967?lang=he,Regular,2D,,,2026-08-25,,,,95,14+,Ashdod,Cinema City,610
21:30,MUTINY,נקמה בלב ים,https://tickets.cinema-city.co.il/order/850983?lang=en,https://tickets.cinema-city.co.il/order/850983?lang=he,Regular,2D,,,2026-08-25,,,,95,14+,Ashdod,Cinema City,610
22:45,MUTINY,נקמה בלב ים,https://tickets.cinema-city.co.il/order/850975?lang=en,https://tickets.cinema-city.co.il/order/850975?lang=he,Regular,2D,,,2026-08-25,,,,95,14+,Ashdod,Cinema City,610
00:00,MUTINY,נקמה בלב ים,https://tickets.cinema-city.co.il/order/850993?lang=en,https://tickets.cinema-city.co.il/order/850993?lang=he,Regular,2D,,,2026-08-25,,,,95,14+,Ashdod,Cinema City,610
11:30,MUTINY,נקמה בלב ים,https://tickets.cinema-city.co.il/order/851052?lang=en,https://tickets.cinema-city.co.il/order/851052?lang=he,Regular,2D,,,2026-08-26,,,,95,14+,Ashdod,Cinema City,610
14:00,MUTINY,נקמה בלב ים,https://tickets.cinema-city.co.il/order/851053?lang=en,https://tickets.cinema-city.co.il/order/851053?lang=he,Regular,2D,,,2026-08-26,,,,95,14+,Ashdod,Cinema City,610
16:30,MUTINY,נקמה בלב ים,https://tickets.cinema-city.co.il/order/851054?lang=en,https://tickets.cinema-city.co.il/order/851054?lang=he,Regular,2D,,,2026-08-26,,,,95,14+,Ashdod,Cinema City,610
19:00,MUTINY,נקמה בלב ים,https://tickets.cinema-city.co.il/order/851055?lang=en,https://tickets.cinema-city.co.il/order/851055?lang=he,Regular,2D,,,2026-08-26,,,,95,14+,Ashdod,Cinema City,610
20:10,MUTINY,נקמה בלב ים,https://tickets.cinema-city.co.il/order/851040?lang=en,https://tickets.cinema-city.co.il/order/851040?lang=he,Regular,2D,,,2026-08-26,,,,95,14+,Ashdod,Cinema City,610
21:30,MUTINY,נקמה בלב ים,https://tickets.cinema-city.co.il/order/851056?lang=en,https://tickets.cinema-city.co.il/order/851056?lang=he,Regular,2D,,,2026-08-26,,,,95,14+,Ashdod,Cinema City,610
22:45,MUTINY,נקמה בלב ים,https://tickets.cinema-city.co.il/order/851048?lang=en,https://tickets.cinema-city.co.il/order/851048?lang=he,Regular,2D,,,2026-08-26,,,,95,14+,Ashdod,Cinema City,610
00:00,MUTINY,נקמה בלב ים,https://tickets.cinema-city.co.il/order/851065?lang=en,https://tickets.cinema-city.co.il/order/851065?lang=he,Regular,2D,,,2026-08-26,,,,95,14+,Ashdod,Cinema City,610
11:30,MUTINY,נקמה בלב ים,https://tickets.cinema-city.co.il/order/851052?lang=en,https://tickets.cinema-city.co.il/order/851052?lang=he,Regular,2D,,,2026-08-27,,,,95,14+,Ashdod,Cinema City,610
14:00,MUTINY,נקמה בלב ים,https://tickets.cinema-city.co.il/order/851053?lang=en,https://tickets.cinema-city.co.il/order/851053?lang=he,Regular,2D,,,2026-08-27,,,,95,14+,Ashdod,Cinema City,610
16:30,MUTINY,נקמה בלב ים,https://tickets.cinema-city.co.il/order/851054?lang=en,https://tickets.cinema-city.co.il/order/851054?lang=he,Regular,2D,,,2026-08-27,,,,95,14+,Ashdod,Cinema City,610
19:00,MUTINY,נקמה בלב ים,https://tickets.cinema-city.co.il/order/851055?lang=en,https://tickets.cinema-city.co.il/order/851055?lang=he,Regular,2D,,,2026-08-27,,,,95,14+,Ashdod,Cinema City,610
20:10,MUTINY,נקמה בלב ים,https://tickets.cinema-city.co.il/order/851040?lang=en,https://tickets.cinema-city.co.il/order/851040?lang=he,Regular,2D,,,2026-08-27,,,,95,14+,Ashdod,Cinema City,610
21:30,MUTINY,נקמה בלב ים,https://tickets.cinema-city.co.il/order/851056?lang=en,https://tickets.cinema-city.co.il/order/851056?lang=he,Regular,2D,,,2026-08-27,,,,95,14+,Ashdod,Cinema City,610
22:45,MUTINY,נקמה בלב ים,https://tickets.cinema-city.co.il/order/851048?lang=en,https://tickets.cinema-city.co.il/order/851048?lang=he,Regular,2D,,,2026-08-27,,,,95,14+,Ashdod,Cinema City,610
00:00,MUTINY,נקמה בלב ים,https://tickets.cinema-city.co.il/order/851065?lang=en,https://tickets.cinema-city.co.il/order/851065?lang=he,Regular,2D,,,2026-08-27,,,,95,14+,Ashdod,Cinema City,610
18:00,End of Oak Street,סוף רחוב האלון,https://tickets.cinema-city.co.il/order/850907?lang=en,https://tickets.cinema-city.co.il/order/850907?lang=he,Regular,2D,,,2026-08-24,,,,100,12+,Ashdod,Cinema City,610
18:00,End of Oak Street,סוף רחוב האלון,https://tickets.cinema-city.co.il/order/850984?lang=en,https://tickets.cinema-city.co.il/order/850984?lang=he,Regular,2D,,,2026-08-25,,,,100,12+,Ashdod,Cinema City,610
16:50,End of Oak Street,סוף רחוב האלון,https://tickets.cinema-city.co.il/order/851057?lang=en,https://tickets.cinema-city.co.il/order/851057?lang=he,Regular,2D,,,2026-08-26,,,,100,12+,Ashdod,Cinema City,610
11:50,SPA WEEKEND,ספא וויקנד,https://tickets.cinema-city.co.il/order/850928?lang=en,https://tickets.cinema-city.co.il/order/850928?lang=he,Regular,2D,,,2026-08-24,,,,97,14+,Ashdod,Cinema City,610
14:30,SPA WEEKEND,ספא וויקנד,https://tickets.cinema-city.co.il/order/850927?lang=en,https://tickets.cinema-city.co.il/order/850927?lang=he,Regular,2D,,,2026-08-24,,,,97,14+,Ashdod,Cinema City,610
17:10,SPA WEEKEND,ספא וויקנד,https://tickets.cinema-city.co.il/order/850926?lang=en,https://tickets.cinema-city.co.il/order/850926?lang=he,Regular,2D,,,2026-08-24,,,,97,14+,Ashdod,Cinema City,610
18:30,SPA WEEKEND,ספא וויקנד,https://tickets.cinema-city.co.il/order/850925?lang=en,https://tickets.cinema-city.co.il/order/850925?lang=he,Regular,2D,,,2026-08-24,,,,97,14+,Ashdod,Cinema City,610
19:40,SPA WEEKEND,ספא וויקנד,https://tickets.cinema-city.co.il/order/850929?lang=en,https://tickets.cinema-city.co.il/order/850929?lang=he,Regular,2D,,,2026-08-24,,,,97,14+,Ashdod,Cinema City,610
22:20,SPA WEEKEND,ספא וויקנד,https://tickets.cinema-city.co.il/order/850930?lang=en,https://tickets.cinema-city.co.il/order/850930?lang=he,Regular,2D,,,2026-08-24,,,,97,14+,Ashdod,Cinema City,610
11:50,SPA WEEKEND,ספא וויקנד,https://tickets.cinema-city.co.il/order/851005?lang=en,https://tickets.cinema-city.co.il/order/851005?lang=he,Regular,2D,,,2026-08-25,,,,97,14+,Ashdod,Cinema City,610
14:30,SPA WEEKEND,ספא וויקנד,https://tickets.cinema-city.co.il/order/851004?lang=en,https://tickets.cinema-city.co.il/order/851004?lang=he,Regular,2D,,,2026-08-25,,,,97,14+,Ashdod,Cinema City,610
17:10,SPA WEEKEND,ספא וויקנד,https://tickets.cinema-city.co.il/order/851003?lang=en,https://tickets.cinema-city.co.il/order/851003?lang=he,Regular,2D,,,2026-08-25,,,,97,14+,Ashdod,Cinema City,610
19:40,SPA WEEKEND,ספא וויקנד,https://tickets.cinema-city.co.il/order/851001?lang=en,https://tickets.cinema-city.co.il/order/851001?lang=he,Regular,2D,,,2026-08-25,,,,97,14+,Ashdod,Cinema City,610
22:20,SPA WEEKEND,ספא וויקנד,https://tickets.cinema-city.co.il/order/851002?lang=en,https://tickets.cinema-city.co.il/order/851002?lang=he,Regular,2D,,,2026-08-25,,,,97,14+,Ashdod,Cinema City,610
11:50,SPA WEEKEND,ספא וויקנד,https://tickets.cinema-city.co.il/order/851078?lang=en,https://tickets.cinema-city.co.il/order/851078?lang=he,Regular,2D,,,2026-08-26,,,,97,14+,Ashdod,Cinema City,610
14:30,SPA WEEKEND,ספא וויקנד,https://tickets.cinema-city.co.il/order/851077?lang=en,https://tickets.cinema-city.co.il/order/851077?lang=he,Regular,2D,,,2026-08-26,,,,97,14+,Ashdod,Cinema City,610
17:10,SPA WEEKEND,ספא וויקנד,https://tickets.cinema-city.co.il/order/851076?lang=en,https://tickets.cinema-city.co.il/order/851076?lang=he,Regular,2D,,,2026-08-26,,,,97,14+,Ashdod,Cinema City,610
19:50,SPA WEEKEND,ספא וויקנד,https://tickets.cinema-city.co.il/order/851074?lang=en,https://tickets.cinema-city.co.il/order/851074?lang=he,Regular,2D,,,2026-08-26,,,,97,14+,Ashdod,Cinema City,610
22:20,SPA WEEKEND,ספא וויקנד,https://tickets.cinema-city.co.il/order/851075?lang=en,https://tickets.cinema-city.co.il/order/851075?lang=he,Regular,2D,,,2026-08-26,,,,97,14+,Ashdod,Cinema City,610
10:50,SPIDERMAN: BRAND NEW DAY,ספיידרמן: יום חדש,https://tickets.cinema-city.co.il/order/850856?lang=en,https://tickets.cinema-city.co.il/order/850856?lang=he,Regular,2D,,,2026-08-24,,,,150,All,Ashdod,Cinema City,610
11:50,SPIDERMAN: BRAND NEW DAY,ספיידרמן: יום חדש,https://tickets.cinema-city.co.il/order/850862?lang=en,https://tickets.cinema-city.co.il/order/850862?lang=he,Regular,2D,,,2026-08-24,,,,150,All,Ashdod,Cinema City,610
14:10,SPIDERMAN: BRAND NEW DAY,ספיידרמן: יום חדש,https://tickets.cinema-city.co.il/order/850857?lang=en,https://tickets.cinema-city.co.il/order/850857?lang=he,Regular,2D,,,2026-08-24,,,,150,All,Ashdod,Cinema City,610
15:10,SPIDERMAN: BRAND NEW DAY,ספיידרמן: יום חדש,https://tickets.cinema-city.co.il/order/850861?lang=en,https://tickets.cinema-city.co.il/order/850861?lang=he,Regular,2D,,,2026-08-24,,,,150,All,Ashdod,Cinema City,610
17:30,SPIDERMAN: BRAND NEW DAY,ספיידרמן: יום חדש,https://tickets.cinema-city.co.il/order/850855?lang=en,https://tickets.cinema-city.co.il/order/850855?lang=he,Regular,2D,,,2026-08-24,,,,150,All,Ashdod,Cinema City,610
18:30,SPIDERMAN: BRAND NEW DAY,ספיידרמן: יום חדש,https://tickets.cinema-city.co.il/order/850860?lang=en,https://tickets.cinema-city.co.il/order/850860?lang=he,Regular,2D,,,2026-08-24,,,,150,All,Ashdod,Cinema City,610
19:20,SPIDERMAN: BRAND NEW DAY,ספיידרמן: יום חדש,https://tickets.cinema-city.co.il/order/850871?lang=en,https://tickets.cinema-city.co.il/order/850871?lang=he,Regular,2D,,,2026-08-24,,,,150,All,Ashdod,Cinema City,610
20:45,SPIDERMAN: BRAND NEW DAY,ספיידרמן: יום חדש,https://tickets.cinema-city.co.il/order/850854?lang=en,https://tickets.cinema-city.co.il/order/850854?lang=he,Regular,2D,,,2026-08-24,,,,150,All,Ashdod,Cinema City,610
21:50,SPIDERMAN: BRAND NEW DAY,ספיידרמן: יום חדש,https://tickets.cinema-city.co.il/order/850859?lang=en,https://tickets.cinema-city.co.il/order/850859?lang=he,Regular,2D,,,2026-08-24,,,,150,All,Ashdod,Cinema City,610
22:40,SPIDERMAN: BRAND NEW DAY,ספיידרמן: יום חדש,https://tickets.cinema-city.co.il/order/850881?lang=en,https://tickets.cinema-city.co.il/order/850881?lang=he,Regular,2D,,,2026-08-24,,,,150,All,Ashdod,Cinema City,610
23:30,SPIDERMAN: BRAND NEW DAY,ספיידרמן: יום חדש,https://tickets.cinema-city.co.il/order/850865?lang=en,https://tickets.cinema-city.co.il/order/850865?lang=he,Regular,2D,,,2026-08-24,,,,150,All,Ashdod,Cinema City,610
10:50,SPIDERMAN: BRAND NEW DAY,ספיידרמן: יום חדש,https://tickets.cinema-city.co.il/order/850934?lang=en,https://tickets.cinema-city.co.il/order/850934?lang=he,Regular,2D,,,2026-08-25,,,,150,All,Ashdod,Cinema City,610
11:50,SPIDERMAN: BRAND NEW DAY,ספיידרמן: יום חדש,https://tickets.cinema-city.co.il/order/850940?lang=en,https://tickets.cinema-city.co.il/order/850940?lang=he,Regular,2D,,,2026-08-25,,,,150,All,Ashdod,Cinema City,610
14:10,SPIDERMAN: BRAND NEW DAY,ספיידרמן: יום חדש,https://tickets.cinema-city.co.il/order/850935?lang=en,https://tickets.cinema-city.co.il/order/850935?lang=he,Regular,2D,,,2026-08-25,,,,150,All,Ashdod,Cinema City,610
15:10,SPIDERMAN: BRAND NEW DAY,ספיידרמן: יום חדש,https://tickets.cinema-city.co.il/order/850939?lang=en,https://tickets.cinema-city.co.il/order/850939?lang=he,Regular,2D,,,2026-08-25,,,,150,All,Ashdod,Cinema City,610
17:30,SPIDERMAN: BRAND NEW DAY,ספיידרמן: יום חדש,https://tickets.cinema-city.co.il/order/850933?lang=en,https://tickets.cinema-city.co.il/order/850933?lang=he,Regular,2D,,,2026-08-25,,,,150,All,Ashdod,Cinema City,610
18:30,SPIDERMAN: BRAND NEW DAY,ספיידרמן: יום חדש,https://tickets.cinema-city.co.il/order/850938?lang=en,https://tickets.cinema-city.co.il/order/850938?lang=he,Regular,2D,,,2026-08-25,,,,150,All,Ashdod,Cinema City,610
19:20,SPIDERMAN: BRAND NEW DAY,ספיידרמן: יום חדש,https://tickets.cinema-city.co.il/order/850948?lang=en,https://tickets.cinema-city.co.il/order/850948?lang=he,Regular,2D,,,2026-08-25,,,,150,All,Ashdod,Cinema City,610
20:45,SPIDERMAN: BRAND NEW DAY,ספיידרמן: יום חדש,https://tickets.cinema-city.co.il/order/850932?lang=en,https://tickets.cinema-city.co.il/order/850932?lang=he,Regular,2D,,,2026-08-25,,,,150,All,Ashdod,Cinema City,610
21:50,SPIDERMAN: BRAND NEW DAY,ספיידרמן: יום חדש,https://tickets.cinema-city.co.il/order/850937?lang=en,https://tickets.cinema-city.co.il/order/850937?lang=he,Regular,2D,,,2026-08-25,,,,150,All,Ashdod,Cinema City,610
22:40,SPIDERMAN: BRAND NEW DAY,ספיידרמן: יום חדש,https://tickets.cinema-city.co.il/order/850958?lang=en,https://tickets.cinema-city.co.il/order/850958?lang=he,Regular,2D,,,2026-08-25,,,,150,All,Ashdod,Cinema City,610
23:10,SPIDERMAN: BRAND NEW DAY,ספיידרמן: יום חדש,https://tickets.cinema-city.co.il/order/850942?lang=en,https://tickets.cinema-city.co.il/order/850942?lang=he,Regular,2D,,,2026-08-25,,,,150,All,Ashdod,Cinema City,610
10:50,SPIDERMAN: BRAND NEW DAY,ספיידרמן: יום חדש,https://tickets.cinema-city.co.il/order/851011?lang=en,https://tickets.cinema-city.co.il/order/851011?lang=he,Regular,2D,,,2026-08-26,,,,150,All,Ashdod,Cinema City,610
14:10,SPIDERMAN: BRAND NEW DAY,ספיידרמן: יום חדש,https://tickets.cinema-city.co.il/order/851012?lang=en,https://tickets.cinema-city.co.il/order/851012?lang=he,Regular,2D,,,2026-08-26,,,,150,All,Ashdod,Cinema City,610
17:30,SPIDERMAN: BRAND NEW DAY,ספיידרמן: יום חדש,https://tickets.cinema-city.co.il/order/851010?lang=en,https://tickets.cinema-city.co.il/order/851010?lang=he,Regular,2D,,,2026-08-26,,,,150,All,Ashdod,Cinema City,610
19:20,SPIDERMAN: BRAND NEW DAY,ספיידרמן: יום חדש,https://tickets.cinema-city.co.il/order/851022?lang=en,https://tickets.cinema-city.co.il/order/851022?lang=he,Regular,2D,,,2026-08-26,,,,150,All,Ashdod,Cinema City,610
20:10,SPIDERMAN: BRAND NEW DAY,ספיידרמן: יום חדש,https://tickets.cinema-city.co.il/order/851014?lang=en,https://tickets.cinema-city.co.il/order/851014?lang=he,Regular,2D,,,2026-08-26,,,,150,All,Ashdod,Cinema City,610
20:45,SPIDERMAN: BRAND NEW DAY,ספיידרמן: יום חדש,https://tickets.cinema-city.co.il/order/851009?lang=en,https://tickets.cinema-city.co.il/order/851009?lang=he,Regular,2D,,,2026-08-26,,,,150,All,Ashdod,Cinema City,610
22:40,SPIDERMAN: BRAND NEW DAY,ספיידרמן: יום חדש,https://tickets.cinema-city.co.il/order/851032?lang=en,https://tickets.cinema-city.co.il/order/851032?lang=he,Regular,2D,,,2026-08-26,,,,150,All,Ashdod,Cinema City,610
23:10,SPIDERMAN: BRAND NEW DAY,ספיידרמן: יום חדש,https://tickets.cinema-city.co.il/order/851016?lang=en,https://tickets.cinema-city.co.il/order/851016?lang=he,Regular,2D,,,2026-08-26,,,,150,All,Ashdod,Cinema City,610
