showtime,english_title,hebrew_title,english_href,hebrew_href,screening_type,screening_tech,original_language,dub_language,date_of_showing,release_year,release_date,directed_by,runtime,rating,screening_city,cinema,run_id
19:20,Just an Illusion,אשליות מתוקות,https://tickets.cinema-city.co.il/order/831889?lang=en,https://tickets.cinema-city.co.il/order/831889?lang=he,Regular,2D,,,2026-07-27,,,,119,All,Glilot,Cinema City,575
10:50,Just an Illusion,אשליות מתוקות,https://tickets.cinema-city.co.il/order/832083?lang=en,https://tickets.cinema-city.co.il/order/832083?lang=he,Regular,2D,,,2026-07-28,,,,119,All,Glilot,Cinema City,575
14:20,Just an Illusion,אשליות מתוקות,https://tickets.cinema-city.co.il/order/832080?lang=en,https://tickets.cinema-city.co.il/order/832080?lang=he,Regular,2D,,,2026-07-28,,,,119,All,Glilot,Cinema City,575
18:50,Just an Illusion,אשליות מתוקות,https://tickets.cinema-city.co.il/order/832068?lang=en,https://tickets.cinema-city.co.il/order/832068?lang=he,Regular,2D,,,2026-07-28,,,,119,All,Glilot,Cinema City,575
18:00,Just an Illusion,אשליות מתוקות,https://tickets.cinema-city.co.il/order/832264?lang=en,https://tickets.cinema-city.co.il/order/832264?lang=he,Regular,2D,,,2026-07-29,,,,119,All,Glilot,Cinema City,575
10:10,GRACIE & PEDRO: PETS TO THE RESCUE,גרייסי ופדרו: חיות המחמד בפעולה,https://tickets.cinema-city.co.il/order/831923?lang=en,https://tickets.cinema-city.co.il/order/831923?lang=he,Regular,2D,,Hebrew,2026-07-27,,,,87,All,Glilot,Cinema City,575
12:20,GRACIE & PEDRO: PETS TO THE RESCUE,גרייסי ופדרו: חיות המחמד בפעולה,https://tickets.cinema-city.co.il/order/831934?lang=en,https://tickets.cinema-city.co.il/order/831934?lang=he,Regular,2D,,Hebrew,2026-07-27,,,,87,All,Glilot,Cinema City,575
14:30,GRACIE & PEDRO: PETS TO THE RESCUE,גרייסי ופדרו: חיות המחמד בפעולה,https://tickets.cinema-city.co.il/order/831962?lang=en,https://tickets.cinema-city.co.il/order/831962?lang=he,Regular,2D,,Hebrew,2026-07-27,,,,87,All,Glilot,Cinema City,575
16:50,GRACIE & PEDRO: PETS TO THE RESCUE,גרייסי ופדרו: חיות המחמד בפעולה,https://tickets.cinema-city.co.il/order/831961?lang=en,https://tickets.cinema-city.co.il/order/831961?lang=he,Regular,2D,,Hebrew,2026-07-27,,,,87,All,Glilot,Cinema City,575
10:00,GRACIE & PEDRO: PETS TO THE RESCUE,גרייסי ופדרו: חיות המחמד בפעולה,https://tickets.cinema-city.co.il/order/832052?lang=en,https://tickets.cinema-city.co.il/order/832052?lang=he,Regular,2D,,Hebrew,2026-07-28,,,,87,All,Glilot,Cinema City,575
12:15,GRACIE & PEDRO: PETS TO THE RESCUE,גרייסי ופדרו: חיות המחמד בפעולה,https://tickets.cinema-city.co.il/order/831992?lang=en,https://tickets.cinema-city.co.il/order/831992?lang=he,Regular,2D,,Hebrew,2026-07-28,,,,87,All,Glilot,Cinema City,575
14:30,GRACIE & PEDRO: PETS TO THE RESCUE,גרייסי ופדרו: חיות המחמד בפעולה,https://tickets.cinema-city.co.il/order/832008?lang=en,https://tickets.cinema-city.co.il/order/832008?lang=he,Regular,2D,,Hebrew,2026-07-28,,,,87,All,Glilot,Cinema City,575
16:45,GRACIE & PEDRO: PETS TO THE RESCUE,גרייסי ופדרו: חיות המחמד בפעולה,https://tickets.cinema-city.co.il/order/832010?lang=en,https://tickets.cinema-city.co.il/order/832010?lang=he,Regular,2D,,Hebrew,2026-07-28,,,,87,All,Glilot,Cinema City,575
10:45,GRACIE & PEDRO: PETS TO THE RESCUE,גרייסי ופדרו: חיות המחמד בפעולה,https://tickets.cinema-city.co.il/order/832260?lang=en,https://tickets.cinema-city.co.il/order/832260?lang=he,Regular,2D,,Hebrew,2026-07-29,,,,87,All,Glilot,Cinema City,575
13:00,GRACIE & PEDRO: PETS TO THE RESCUE,גרייסי ופדרו: חיות המחמד בפעולה,https://tickets.cinema-city.co.il/order/832271?lang=en,https://tickets.cinema-city.co.il/order/832271?lang=he,Regular,2D,,Hebrew,2026-07-29,,,,87,All,Glilot,Cinema City,575
14:30,GRACIE & PEDRO: PETS TO THE RESCUE,גרייסי ופדרו: חיות המחמד בפעולה,https://tickets.cinema-city.co.il/order/832193?lang=en,https://tickets.cinema-city.co.il/order/832193?lang=he,Regular,2D,,Hebrew,2026-07-29,,,,87,All,Glilot,Cinema City,575
16:45,GRACIE & PEDRO: PETS TO THE RESCUE,גרייסי ופדרו: חיות המחמד בפעולה,https://tickets.cinema-city.co.il/order/832205?lang=en,https://tickets.cinema-city.co.il/order/832205?lang=he,Regular,2D,,Hebrew,2026-07-29,,,,87,All,Glilot,Cinema City,575
11:50,THE ODYSSEY,האודיסאה,https://tickets.cinema-city.co.il/order/831972?lang=en,https://tickets.cinema-city.co.il/order/831972?lang=he,Regular,2D,,,2026-07-27,,,,172,14+,Glilot,Cinema City,575
15:10,THE ODYSSEY,האודיסאה,https://tickets.cinema-city.co.il/order/831907?lang=en,https://tickets.cinema-city.co.il/order/831907?lang=he,Regular,2D,,,2026-07-27,,,,172,14+,Glilot,Cinema City,575
16:30,THE ODYSSEY,האודיסאה,https://tickets.cinema-city.co.il/order/831943?lang=en,https://tickets.cinema-city.co.il/order/831943?lang=he,Regular,2D,,,2026-07-27,,,,172,14+,Glilot,Cinema City,575
17:20,THE ODYSSEY,האודיסאה,https://tickets.cinema-city.co.il/order/831946?lang=en,https://tickets.cinema-city.co.il/order/831946?lang=he,Regular,2D,,,2026-07-27,,,,172,14+,Glilot,Cinema City,575
18:20,THE ODYSSEY,האודיסאה,https://tickets.cinema-city.co.il/order/831915?lang=en,https://tickets.cinema-city.co.il/order/831915?lang=he,Regular,2D,,,2026-07-27,,,,172,14+,Glilot,Cinema City,575
19:20,THE ODYSSEY,האודיסאה,https://tickets.cinema-city.co.il/order/831964?lang=en,https://tickets.cinema-city.co.il/order/831964?lang=he,Regular,2D,,,2026-07-27,,,,172,14+,Glilot,Cinema City,575
20:10,THE ODYSSEY,האודיסאה,https://tickets.cinema-city.co.il/order/831963?lang=en,https://tickets.cinema-city.co.il/order/831963?lang=he,Regular,2D,,,2026-07-27,,,,172,14+,Glilot,Cinema City,575
21:00,THE ODYSSEY,האודיסאה,https://tickets.cinema-city.co.il/order/831945?lang=en,https://tickets.cinema-city.co.il/order/831945?lang=he,Regular,2D,,,2026-07-27,,,,172,14+,Glilot,Cinema City,575
21:20,THE ODYSSEY,האודיסאה,https://tickets.cinema-city.co.il/order/831967?lang=en,https://tickets.cinema-city.co.il/order/831967?lang=he,Regular,2D,,,2026-07-27,,,,172,14+,Glilot,Cinema City,575
22:10,THE ODYSSEY,האודיסאה,https://tickets.cinema-city.co.il/order/831955?lang=en,https://tickets.cinema-city.co.il/order/831955?lang=he,Regular,2D,,,2026-07-27,,,,172,14+,Glilot,Cinema City,575
11:20,THE ODYSSEY,האודיסאה,https://tickets.cinema-city.co.il/order/832117?lang=en,https://tickets.cinema-city.co.il/order/832117?lang=he,Regular,2D,,,2026-07-28,,,,172,14+,Glilot,Cinema City,575
13:40,THE ODYSSEY,האודיסאה,https://tickets.cinema-city.co.il/order/832101?lang=en,https://tickets.cinema-city.co.il/order/832101?lang=he,Regular,2D,,,2026-07-28,,,,172,14+,Glilot,Cinema City,575
16:00,THE ODYSSEY,האודיסאה,https://tickets.cinema-city.co.il/order/831980?lang=en,https://tickets.cinema-city.co.il/order/831980?lang=he,Regular,2D,,,2026-07-28,,,,172,14+,Glilot,Cinema City,575
17:45,THE ODYSSEY,האודיסאה,https://tickets.cinema-city.co.il/order/832115?lang=en,https://tickets.cinema-city.co.il/order/832115?lang=he,Regular,2D,,,2026-07-28,,,,172,14+,Glilot,Cinema City,575
19:10,THE ODYSSEY,האודיסאה,https://tickets.cinema-city.co.il/order/832095?lang=en,https://tickets.cinema-city.co.il/order/832095?lang=he,Regular,2D,,,2026-07-28,,,,172,14+,Glilot,Cinema City,575
20:00,THE ODYSSEY,האודיסאה,https://tickets.cinema-city.co.il/order/832006?lang=en,https://tickets.cinema-city.co.il/order/832006?lang=he,Regular,2D,,,2026-07-28,,,,172,14+,Glilot,Cinema City,575
21:10,THE ODYSSEY,האודיסאה,https://tickets.cinema-city.co.il/order/831998?lang=en,https://tickets.cinema-city.co.il/order/831998?lang=he,Regular,2D,,,2026-07-28,,,,172,14+,Glilot,Cinema City,575
22:00,THE ODYSSEY,האודיסאה,https://tickets.cinema-city.co.il/order/832014?lang=en,https://tickets.cinema-city.co.il/order/832014?lang=he,Regular,2D,,,2026-07-28,,,,172,14+,Glilot,Cinema City,575
22:45,THE ODYSSEY,האודיסאה,https://tickets.cinema-city.co.il/order/832109?lang=en,https://tickets.cinema-city.co.il/order/832109?lang=he,Regular,2D,,,2026-07-28,,,,172,14+,Glilot,Cinema City,575
10:00,THE ODYSSEY,האודיסאה,https://tickets.cinema-city.co.il/order/835095?lang=en,https://tickets.cinema-city.co.il/order/835095?lang=he,Regular,2D,,,2026-07-29,,,,172,14+,Glilot,Cinema City,575
10:50,THE ODYSSEY,האודיסאה,https://tickets.cinema-city.co.il/order/832197?lang=en,https://tickets.cinema-city.co.il/order/832197?lang=he,Regular,2D,,,2026-07-29,,,,172,14+,Glilot,Cinema City,575
13:45,THE ODYSSEY,האודיסאה,https://tickets.cinema-city.co.il/order/832228?lang=en,https://tickets.cinema-city.co.il/order/832228?lang=he,Regular,2D,,,2026-07-29,,,,172,14+,Glilot,Cinema City,575
15:20,THE ODYSSEY,האודיסאה,https://tickets.cinema-city.co.il/order/832165?lang=en,https://tickets.cinema-city.co.il/order/832165?lang=he,Regular,2D,,,2026-07-29,,,,172,14+,Glilot,Cinema City,575
17:20,THE ODYSSEY,האודיסאה,https://tickets.cinema-city.co.il/order/832174?lang=en,https://tickets.cinema-city.co.il/order/832174?lang=he,Regular,2D,,,2026-07-29,,,,172,14+,Glilot,Cinema City,575
19:10,THE ODYSSEY,האודיסאה,https://tickets.cinema-city.co.il/order/834835?lang=en,https://tickets.cinema-city.co.il/order/834835?lang=he,Regular,2D,,,2026-07-29,,,,172,14+,Glilot,Cinema City,575
20:15,THE ODYSSEY,האודיסאה,https://tickets.cinema-city.co.il/order/834836?lang=en,https://tickets.cinema-city.co.il/order/834836?lang=he,Regular,2D,,,2026-07-29,,,,172,14+,Glilot,Cinema City,575
21:20,THE ODYSSEY,האודיסאה,https://tickets.cinema-city.co.il/order/832201?lang=en,https://tickets.cinema-city.co.il/order/832201?lang=he,Regular,2D,,,2026-07-29,,,,172,14+,Glilot,Cinema City,575
22:10,THE ODYSSEY,האודיסאה,https://tickets.cinema-city.co.il/order/832279?lang=en,https://tickets.cinema-city.co.il/order/832279?lang=he,Regular,2D,,,2026-07-29,,,,172,14+,Glilot,Cinema City,575
10:00,Tafiti: Across the Desert,טפיטי: הרפתקה במדבר,https://tickets.cinema-city.co.il/order/831942?lang=en,https://tickets.cinema-city.co.il/order/831942?lang=he,Regular,2D,,Hebrew,2026-07-27,,,,81,9+,Glilot,Cinema City,575
12:10,Tafiti: Across the Desert,טפיטי: הרפתקה במדבר,https://tickets.cinema-city.co.il/order/831941?lang=en,https://tickets.cinema-city.co.il/order/831941?lang=he,Regular,2D,,Hebrew,2026-07-27,,,,81,9+,Glilot,Cinema City,575
14:30,Tafiti: Across the Desert,טפיטי: הרפתקה במדבר,https://tickets.cinema-city.co.il/order/831940?lang=en,https://tickets.cinema-city.co.il/order/831940?lang=he,Regular,2D,,Hebrew,2026-07-27,,,,81,9+,Glilot,Cinema City,575
16:40,Tafiti: Across the Desert,טפיטי: הרפתקה במדבר,https://tickets.cinema-city.co.il/order/831939?lang=en,https://tickets.cinema-city.co.il/order/831939?lang=he,Regular,2D,,Hebrew,2026-07-27,,,,81,9+,Glilot,Cinema City,575
10:20,Tafiti: Across the Desert,טפיטי: הרפתקה במדבר,https://tickets.cinema-city.co.il/order/832085?lang=en,https://tickets.cinema-city.co.il/order/832085?lang=he,Regular,2D,,Hebrew,2026-07-28,,,,81,9+,Glilot,Cinema City,575
12:30,Tafiti: Across the Desert,טפיטי: הרפתקה במדבר,https://tickets.cinema-city.co.il/order/831976?lang=en,https://tickets.cinema-city.co.il/order/831976?lang=he,Regular,2D,,Hebrew,2026-07-28,,,,81,9+,Glilot,Cinema City,575
14:30,Tafiti: Across the Desert,טפיטי: הרפתקה במדבר,https://tickets.cinema-city.co.il/order/831982?lang=en,https://tickets.cinema-city.co.il/order/831982?lang=he,Regular,2D,,Hebrew,2026-07-28,,,,81,9+,Glilot,Cinema City,575
16:40,Tafiti: Across the Desert,טפיטי: הרפתקה במדבר,https://tickets.cinema-city.co.il/order/831983?lang=en,https://tickets.cinema-city.co.il/order/831983?lang=he,Regular,2D,,Hebrew,2026-07-28,,,,81,9+,Glilot,Cinema City,575
10:30,Tafiti: Across the Desert,טפיטי: הרפתקה במדבר,https://tickets.cinema-city.co.il/order/832179?lang=en,https://tickets.cinema-city.co.il/order/832179?lang=he,Regular,2D,,Hebrew,2026-07-29,,,,81,9+,Glilot,Cinema City,575
12:40,Tafiti: Across the Desert,טפיטי: הרפתקה במדבר,https://tickets.cinema-city.co.il/order/832166?lang=en,https://tickets.cinema-city.co.il/order/832166?lang=he,Regular,2D,,Hebrew,2026-07-29,,,,81,9+,Glilot,Cinema City,575
14:30,Tafiti: Across the Desert,טפיטי: הרפתקה במדבר,https://tickets.cinema-city.co.il/order/832181?lang=en,https://tickets.cinema-city.co.il/order/832181?lang=he,Regular,2D,,Hebrew,2026-07-29,,,,81,9+,Glilot,Cinema City,575
16:40,Tafiti: Across the Desert,טפיטי: הרפתקה במדבר,https://tickets.cinema-city.co.il/order/832183?lang=en,https://tickets.cinema-city.co.il/order/832183?lang=he,Regular,2D,,Hebrew,2026-07-29,,,,81,9+,Glilot,Cinema City,575
19:30,Cuz You're Ugly,כי את מכוערת,https://tickets.cinema-city.co.il/order/831920?lang=en,https://tickets.cinema-city.co.il/order/831920?lang=he,Regular,2D,,,2026-07-27,,,,83,12+,Glilot,Cinema City,575
21:40,Cuz You're Ugly,כי את מכוערת,https://tickets.cinema-city.co.il/order/831919?lang=en,https://tickets.cinema-city.co.il/order/831919?lang=he,Regular,2D,,,2026-07-27,,,,83,12+,Glilot,Cinema City,575
19:20,Cuz You're Ugly,כי את מכוערת,https://tickets.cinema-city.co.il/order/834845?lang=en,https://tickets.cinema-city.co.il/order/834845?lang=he,Regular,2D,,,2026-07-28,,,,83,12+,Glilot,Cinema City,575
21:20,Cuz You're Ugly,כי את מכוערת,https://tickets.cinema-city.co.il/order/832039?lang=en,https://tickets.cinema-city.co.il/order/832039?lang=he,Regular,2D,,,2026-07-28,,,,83,12+,Glilot,Cinema City,575
18:50,Cuz You're Ugly,כי את מכוערת,https://tickets.cinema-city.co.il/order/832262?lang=en,https://tickets.cinema-city.co.il/order/832262?lang=he,Regular,2D,,,2026-07-29,,,,83,12+,Glilot,Cinema City,575
21:10,Cuz You're Ugly,כי את מכוערת,https://tickets.cinema-city.co.il/order/832248?lang=en,https://tickets.cinema-city.co.il/order/832248?lang=he,Regular,2D,,,2026-07-29,,,,83,12+,Glilot,Cinema City,575
19:00,One Night Only,לגמור את הלילה,https://tickets.cinema-city.co.il/order/830603?lang=en,https://tickets.cinema-city.co.il/order/830603?lang=he,Regular,2D,,,2026-07-28,,,,102,14+,Glilot,Cinema City,575
20:20,One Night Only,לגמור את הלילה,https://tickets.cinema-city.co.il/order/830611?lang=en,https://tickets.cinema-city.co.il/order/830611?lang=he,Regular,2D,,,2026-07-28,,,,102,14+,Glilot,Cinema City,575
21:30,One Night Only,לגמור את הלילה,https://tickets.cinema-city.co.il/order/830604?lang=en,https://tickets.cinema-city.co.il/order/830604?lang=he,Regular,2D,,,2026-07-28,,,,102,14+,Glilot,Cinema City,575
22:50,One Night Only,לגמור את הלילה,https://tickets.cinema-city.co.il/order/830613?lang=en,https://tickets.cinema-city.co.il/order/830613?lang=he,Regular,2D,,,2026-07-28,,,,102,14+,Glilot,Cinema City,575
22:40,One Night Only,לגמור את הלילה,https://tickets.cinema-city.co.il/order/834834?lang=en,https://tickets.cinema-city.co.il/order/834834?lang=he,Regular,2D,,,2026-07-29,,,,102,14+,Glilot,Cinema City,575
11:30,Moana (Live Action),מואנה (לייב אקשן),https://tickets.cinema-city.co.il/order/834818?lang=en,https://tickets.cinema-city.co.il/order/834818?lang=he,Regular,2D,,Hebrew,2026-07-27,,,,115,All,Glilot,Cinema City,575
13:20,Moana (Live Action),מואנה (לייב אקשן),https://tickets.cinema-city.co.il/order/831925?lang=en,https://tickets.cinema-city.co.il/order/831925?lang=he,Regular,2D,,Hebrew,2026-07-27,,,,115,All,Glilot,Cinema City,575
16:50,Moana (Live Action),מואנה (לייב אקשן),https://tickets.cinema-city.co.il/order/831924?lang=en,https://tickets.cinema-city.co.il/order/831924?lang=he,Regular,2D,,Hebrew,2026-07-27,,,,115,All,Glilot,Cinema City,575
18:15,Moana (Live Action),מואנה (לייב אקשן),https://tickets.cinema-city.co.il/order/831896?lang=en,https://tickets.cinema-city.co.il/order/831896?lang=he,Regular,2D,,Hebrew,2026-07-27,,,,115,All,Glilot,Cinema City,575
11:10,Moana (Live Action),מואנה (לייב אקשן),https://tickets.cinema-city.co.il/order/832047?lang=en,https://tickets.cinema-city.co.il/order/832047?lang=he,Regular,2D,,Hebrew,2026-07-28,,,,115,All,Glilot,Cinema City,575
13:50,Moana (Live Action),מואנה (לייב אקשן),https://tickets.cinema-city.co.il/order/832048?lang=en,https://tickets.cinema-city.co.il/order/832048?lang=he,Regular,2D,,Hebrew,2026-07-28,,,,115,All,Glilot,Cinema City,575
16:30,Moana (Live Action),מואנה (לייב אקשן),https://tickets.cinema-city.co.il/order/832050?lang=en,https://tickets.cinema-city.co.il/order/832050?lang=he,Regular,2D,,Hebrew,2026-07-28,,,,115,All,Glilot,Cinema City,575
13:20,Moana (Live Action),מואנה (לייב אקשן),https://tickets.cinema-city.co.il/order/832256?lang=en,https://tickets.cinema-city.co.il/order/832256?lang=he,Regular,2D,,Hebrew,2026-07-29,,,,115,All,Glilot,Cinema City,575
14:40,Moana (Live Action),מואנה (לייב אקשן),https://tickets.cinema-city.co.il/order/832276?lang=en,https://tickets.cinema-city.co.il/order/832276?lang=he,Regular,2D,,Hebrew,2026-07-29,,,,115,All,Glilot,Cinema City,575
16:00,Moana (Live Action),מואנה (לייב אקשן),https://tickets.cinema-city.co.il/order/832258?lang=en,https://tickets.cinema-city.co.il/order/832258?lang=he,Regular,2D,,Hebrew,2026-07-29,,,,115,All,Glilot,Cinema City,575
18:15,Moana (Live Action),מואנה (לייב אקשן),https://tickets.cinema-city.co.il/order/832238?lang=en,https://tickets.cinema-city.co.il/order/832238?lang=he,Regular,2D,,Hebrew,2026-07-29,,,,115,All,Glilot,Cinema City,575
10:00,School of Magical Animals 3,סוד החיות הקסומות 3,https://tickets.cinema-city.co.il/order/831951?lang=en,https://tickets.cinema-city.co.il/order/831951?lang=he,Regular,2D,,Hebrew,2026-07-27,,,,105,All,Glilot,Cinema City,575
12:20,School of Magical Animals 3,סוד החיות הקסומות 3,https://tickets.cinema-city.co.il/order/831950?lang=en,https://tickets.cinema-city.co.il/order/831950?lang=he,Regular,2D,,Hebrew,2026-07-27,,,,105,All,Glilot,Cinema City,575
14:40,School of Magical Animals 3,סוד החיות הקסומות 3,https://tickets.cinema-city.co.il/order/831949?lang=en,https://tickets.cinema-city.co.il/order/831949?lang=he,Regular,2D,,Hebrew,2026-07-27,,,,105,All,Glilot,Cinema City,575
10:00,School of Magical Animals 3,סוד החיות הקסומות 3,https://tickets.cinema-city.co.il/order/831977?lang=en,https://tickets.cinema-city.co.il/order/831977?lang=he,Regular,2D,,Hebrew,2026-07-28,,,,105,All,Glilot,Cinema City,575
12:20,School of Magical Animals 3,סוד החיות הקסומות 3,https://tickets.cinema-city.co.il/order/831978?lang=en,https://tickets.cinema-city.co.il/order/831978?lang=he,Regular,2D,,Hebrew,2026-07-28,,,,105,All,Glilot,Cinema City,575
14:40,School of Magical Animals 3,סוד החיות הקסומות 3,https://tickets.cinema-city.co.il/order/831979?lang=en,https://tickets.cinema-city.co.il/order/831979?lang=he,Regular,2D,,Hebrew,2026-07-28,,,,105,All,Glilot,Cinema City,575
16:00,School of Magical Animals 3,סוד החיות הקסומות 3,https://tickets.cinema-city.co.il/order/832028?lang=en,https://tickets.cinema-city.co.il/order/832028?lang=he,Regular,2D,,Hebrew,2026-07-28,,,,105,All,Glilot,Cinema City,575
11:15,School of Magical Animals 3,סוד החיות הקסומות 3,https://tickets.cinema-city.co.il/order/832168?lang=en,https://tickets.cinema-city.co.il/order/832168?lang=he,Regular,2D,,Hebrew,2026-07-29,,,,105,All,Glilot,Cinema City,575
13:45,School of Magical Animals 3,סוד החיות הקסומות 3,https://tickets.cinema-city.co.il/order/832169?lang=en,https://tickets.cinema-city.co.il/order/832169?lang=he,Regular,2D,,Hebrew,2026-07-29,,,,105,All,Glilot,Cinema City,575
15:20,סולטיז הסרט,סולטיז הסרט-וולוג ה-100,https://tickets.cinema-city.co.il/order/831909?lang=en,https://tickets.cinema-city.co.il/order/831909?lang=he,Regular,2D,,,2026-07-27,,,,100,All,Glilot,Cinema City,575
16:25,סולטיז הסרט,סולטיז הסרט-וולוג ה-100,https://tickets.cinema-city.co.il/order/835218?lang=en,https://tickets.cinema-city.co.il/order/835218?lang=he,Regular,2D,,,2026-07-27,,,,100,All,Glilot,Cinema City,575
17:00,סולטיז הסרט,סולטיז הסרט-וולוג ה-100,https://tickets.cinema-city.co.il/order/835222?lang=en,https://tickets.cinema-city.co.il/order/835222?lang=he,Regular,2D,,,2026-07-27,,,,100,All,Glilot,Cinema City,575
17:45,סולטיז הסרט,סולטיז הסרט-וולוג ה-100,https://tickets.cinema-city.co.il/order/831910?lang=en,https://tickets.cinema-city.co.il/order/831910?lang=he,Regular,2D,,,2026-07-27,,,,100,All,Glilot,Cinema City,575
13:20,סולטיז הסרט,סולטיז הסרט-וולוג ה-100,https://tickets.cinema-city.co.il/order/832091?lang=en,https://tickets.cinema-city.co.il/order/832091?lang=he,Regular,2D,,,2026-07-28,,,,100,All,Glilot,Cinema City,575
15:50,סולטיז הסרט,סולטיז הסרט-וולוג ה-100,https://tickets.cinema-city.co.il/order/832089?lang=en,https://tickets.cinema-city.co.il/order/832089?lang=he,Regular,2D,,,2026-07-28,,,,100,All,Glilot,Cinema City,575
16:30,סולטיז הסרט,סולטיז הסרט-וולוג ה-100,https://tickets.cinema-city.co.il/order/835223?lang=en,https://tickets.cinema-city.co.il/order/835223?lang=he,Regular,2D,,,2026-07-28,,,,100,All,Glilot,Cinema City,575
18:15,סולטיז הסרט,סולטיז הסרט-וולוג ה-100,https://tickets.cinema-city.co.il/order/832031?lang=en,https://tickets.cinema-city.co.il/order/832031?lang=he,Regular,2D,,,2026-07-28,,,,100,All,Glilot,Cinema City,575
11:45,סולטיז הסרט,סולטיז הסרט-וולוג ה-100,https://tickets.cinema-city.co.il/order/832272?lang=en,https://tickets.cinema-city.co.il/order/832272?lang=he,Regular,2D,,,2026-07-29,,,,100,All,Glilot,Cinema City,575
12:20,סולטיז הסרט,סולטיז הסרט-וולוג ה-100,https://tickets.cinema-city.co.il/order/832187?lang=en,https://tickets.cinema-city.co.il/order/832187?lang=he,Regular,2D,,,2026-07-29,,,,100,All,Glilot,Cinema City,575
14:10,סולטיז הסרט,סולטיז הסרט-וולוג ה-100,https://tickets.cinema-city.co.il/order/832265?lang=en,https://tickets.cinema-city.co.il/order/832265?lang=he,Regular,2D,,,2026-07-29,,,,100,All,Glilot,Cinema City,575
15:10,סולטיז הסרט,סולטיז הסרט-וולוג ה-100,https://tickets.cinema-city.co.il/order/832292?lang=en,https://tickets.cinema-city.co.il/order/832292?lang=he,Regular,2D,,,2026-07-29,,,,100,All,Glilot,Cinema City,575
16:10,סולטיז הסרט,סולטיז הסרט-וולוג ה-100,https://tickets.cinema-city.co.il/order/832230?lang=en,https://tickets.cinema-city.co.il/order/832230?lang=he,Regular,2D,,,2026-07-29,,,,100,All,Glilot,Cinema City,575
16:40,סולטיז הסרט,סולטיז הסרט-וולוג ה-100,https://tickets.cinema-city.co.il/order/832289?lang=en,https://tickets.cinema-city.co.il/order/832289?lang=he,Regular,2D,,,2026-07-29,,,,100,All,Glilot,Cinema City,575
11:00,Three Wishes for Cinderella,סינדרלה ושלוש המשאלות,https://tickets.cinema-city.co.il/order/831938?lang=en,https://tickets.cinema-city.co.il/order/831938?lang=he,Regular,2D,,Hebrew,2026-07-27,,,,85,All,Glilot,Cinema City,575
13:10,Three Wishes for Cinderella,סינדרלה ושלוש המשאלות,https://tickets.cinema-city.co.il/order/831937?lang=en,https://tickets.cinema-city.co.il/order/831937?lang=he,Regular,2D,,Hebrew,2026-07-27,,,,85,All,Glilot,Cinema City,575
14:30,Three Wishes for Cinderella,סינדרלה ושלוש המשאלות,https://tickets.cinema-city.co.il/order/831936?lang=en,https://tickets.cinema-city.co.il/order/831936?lang=he,Regular,2D,,Hebrew,2026-07-27,,,,85,All,Glilot,Cinema City,575
10:10,Three Wishes for Cinderella,סינדרלה ושלוש המשאלות,https://tickets.cinema-city.co.il/order/831984?lang=en,https://tickets.cinema-city.co.il/order/831984?lang=he,Regular,2D,,Hebrew,2026-07-28,,,,85,All,Glilot,Cinema City,575
12:20,Three Wishes for Cinderella,סינדרלה ושלוש המשאלות,https://tickets.cinema-city.co.il/order/831986?lang=en,https://tickets.cinema-city.co.il/order/831986?lang=he,Regular,2D,,Hebrew,2026-07-28,,,,85,All,Glilot,Cinema City,575
14:30,Three Wishes for Cinderella,סינדרלה ושלוש המשאלות,https://tickets.cinema-city.co.il/order/831988?lang=en,https://tickets.cinema-city.co.il/order/831988?lang=he,Regular,2D,,Hebrew,2026-07-28,,,,85,All,Glilot,Cinema City,575
10:10,Three Wishes for Cinderella,סינדרלה ושלוש המשאלות,https://tickets.cinema-city.co.il/order/832185?lang=en,https://tickets.cinema-city.co.il/order/832185?lang=he,Regular,2D,,Hebrew,2026-07-29,,,,85,All,Glilot,Cinema City,575
14:30,Three Wishes for Cinderella,סינדרלה ושלוש המשאלות,https://tickets.cinema-city.co.il/order/832189?lang=en,https://tickets.cinema-city.co.il/order/832189?lang=he,Regular,2D,,Hebrew,2026-07-29,,,,85,All,Glilot,Cinema City,575
16:40,Three Wishes for Cinderella,סינדרלה ושלוש המשאלות,https://tickets.cinema-city.co.il/order/832191?lang=en,https://tickets.cinema-city.co.il/order/832191?lang=he,Regular,2D,,Hebrew,2026-07-29,,,,85,All,Glilot,Cinema City,575
10:30,SPIDERMAN: BRAND NEW DAY,ספיידרמן: יום חדש,https://tickets.cinema-city.co.il/order/832164?lang=en,https://tickets.cinema-city.co.il/order/832164?lang=he,Regular,2D,,,2026-07-29,,,,150,,Glilot,Cinema City,575
11:30,SPIDERMAN: BRAND NEW DAY,ספיידרמן: יום חדש,https://tickets.cinema-city.co.il/order/814066?lang=en,https://tickets.cinema-city.co.il/order/814066?lang=he,Regular,2D,,,2026-07-29,,,,150,,Glilot,Cinema City,575
13:10,SPIDERMAN: BRAND NEW DAY,ספיידרמן: יום חדש,https://tickets.cinema-city.co.il/order/832274?lang=en,https://tickets.cinema-city.co.il/order/832274?lang=he,Regular,2D,,,2026-07-29,,,,150,,Glilot,Cinema City,575
14:00,SPIDERMAN: BRAND NEW DAY,ספיידרמן: יום חדש,https://tickets.cinema-city.co.il/order/814063?lang=en,https://tickets.cinema-city.co.il/order/814063?lang=he,Regular,2D,,,2026-07-29,,,,150,,Glilot,Cinema City,575
15:10,SPIDERMAN: BRAND NEW DAY,ספיידרמן: יום חדש,https://tickets.cinema-city.co.il/order/832273?lang=en,https://tickets.cinema-city.co.il/order/832273?lang=he,Regular,2D,,,2026-07-29,,,,150,,Glilot,Cinema City,575
17:30,SPIDERMAN: BRAND NEW DAY,ספיידרמן: יום חדש,https://tickets.cinema-city.co.il/order/814064?lang=en,https://tickets.cinema-city.co.il/order/814064?lang=he,Regular,2D,,,2026-07-29,,,,150,,Glilot,Cinema City,575
18:45,SPIDERMAN: BRAND NEW DAY,ספיידרמן: יום חדש,https://tickets.cinema-city.co.il/order/814226?lang=en,https://tickets.cinema-city.co.il/order/814226?lang=he,Regular,2D,,,2026-07-29,,,,150,,Glilot,Cinema City,575
19:20,SPIDERMAN: BRAND NEW DAY,ספיידרמן: יום חדש,https://tickets.cinema-city.co.il/order/834838?lang=en,https://tickets.cinema-city.co.il/order/834838?lang=he,Regular,2D,,,2026-07-29,,,,150,,Glilot,Cinema City,575
20:00,SPIDERMAN: BRAND NEW DAY,ספיידרמן: יום חדש,https://tickets.cinema-city.co.il/order/814223?lang=en,https://tickets.cinema-city.co.il/order/814223?lang=he,Regular,2D,,,2026-07-29,,,,150,,Glilot,Cinema City,575
20:30,SPIDERMAN: BRAND NEW DAY,ספיידרמן: יום חדש,https://tickets.cinema-city.co.il/order/834840?lang=en,https://tickets.cinema-city.co.il/order/834840?lang=he,Regular,2D,,,2026-07-29,,,,150,,Glilot,Cinema City,575
21:00,SPIDERMAN: BRAND NEW DAY,ספיידרמן: יום חדש,https://tickets.cinema-city.co.il/order/814065?lang=en,https://tickets.cinema-city.co.il/order/814065?lang=he,Regular,2D,,,2026-07-29,,,,150,,Glilot,Cinema City,575
22:00,SPIDERMAN: BRAND NEW DAY,ספיידרמן: יום חדש,https://tickets.cinema-city.co.il/order/814227?lang=en,https://tickets.cinema-city.co.il/order/814227?lang=he,Regular,2D,,,2026-07-29,,,,150,,Glilot,Cinema City,575
23:20,SPIDERMAN: BRAND NEW DAY,ספיידרמן: יום חדש,https://tickets.cinema-city.co.il/order/832269?lang=en,https://tickets.cinema-city.co.il/order/832269?lang=he,Regular,2D,,,2026-07-29,,,,150,,Glilot,Cinema City,575
11:30,SPIDERMAN: BRAND NEW DAY,ספיידרמן: יום חדש,https://tickets.cinema-city.co.il/order/814059?lang=en,https://tickets.cinema-city.co.il/order/814059?lang=he,Regular,2D,,,2026-07-30,,,,150,,Glilot,Cinema City,575
15:00,SPIDERMAN: BRAND NEW DAY,ספיידרמן: יום חדש,https://tickets.cinema-city.co.il/order/814060?lang=en,https://tickets.cinema-city.co.il/order/814060?lang=he,Regular,2D,,,2026-07-30,,,,150,,Glilot,Cinema City,575
18:30,SPIDERMAN: BRAND NEW DAY,ספיידרמן: יום חדש,https://tickets.cinema-city.co.il/order/814061?lang=en,https://tickets.cinema-city.co.il/order/814061?lang=he,Regular,2D,,,2026-07-30,,,,150,,Glilot,Cinema City,575
20:00,SPIDERMAN: BRAND NEW DAY,ספיידרמן: יום חדש,https://tickets.cinema-city.co.il/order/814225?lang=en,https://tickets.cinema-city.co.il/order/814225?lang=he,Regular,2D,,,2026-07-30,,,,150,,Glilot,Cinema City,575
21:00,SPIDERMAN: BRAND NEW DAY,ספיידרמן: יום חדש,https://tickets.cinema-city.co.il/order/814224?lang=en,https://tickets.cinema-city.co.il/order/814224?lang=he,Regular,2D,,,2026-07-30,,,,150,,Glilot,Cinema City,575
22:00,SPIDERMAN: BRAND NEW DAY,ספיידרמן: יום חדש,https://tickets.cinema-city.co.il/order/814062?lang=en,https://tickets.cinema-city.co.il/order/814062?lang=he,Regular,2D,,,2026-07-30,,,,150,,Glilot,Cinema City,575
11:00,SPIDERMAN: BRAND NEW DAY,ספיידרמן: יום חדש,https://tickets.cinema-city.co.il/order/835080?lang=en,https://tickets.cinema-city.co.il/order/835080?lang=he,Regular,2D,,,2026-07-31,,,,150,,Glilot,Cinema City,575
14:20,SPIDERMAN: BRAND NEW DAY,ספיידרמן: יום חדש,https://tickets.cinema-city.co.il/order/814051?lang=en,https://tickets.cinema-city.co.il/order/814051?lang=he,Regular,2D,,,2026-07-31,,,,150,,Glilot,Cinema City,575
17:20,SPIDERMAN: BRAND NEW DAY,ספיידרמן: יום חדש,https://tickets.cinema-city.co.il/order/814052?lang=en,https://tickets.cinema-city.co.il/order/814052?lang=he,Regular,2D,,,2026-07-31,,,,150,,Glilot,Cinema City,575
17:50,SPIDERMAN: BRAND NEW DAY,ספיידרמן: יום חדש,https://tickets.cinema-city.co.il/order/814056?lang=en,https://tickets.cinema-city.co.il/order/814056?lang=he,Regular,2D,,,2026-07-31,,,,150,,Glilot,Cinema City,575
19:00,SPIDERMAN: BRAND NEW DAY,ספיידרמן: יום חדש,https://tickets.cinema-city.co.il/order/814058?lang=en,https://tickets.cinema-city.co.il/order/814058?lang=he,Regular,2D,,,2026-07-31,,,,150,,Glilot,Cinema City,575
20:40,SPIDERMAN: BRAND NEW DAY,ספיידרמן: יום חדש,https://tickets.cinema-city.co.il/order/814053?lang=en,https://tickets.cinema-city.co.il/order/814053?lang=he,Regular,2D,,,2026-07-31,,,,150,,Glilot,Cinema City,575
21:20,SPIDERMAN: BRAND NEW DAY,ספיידרמן: יום חדש,https://tickets.cinema-city.co.il/order/814057?lang=en,https://tickets.cinema-city.co.il/order/814057?lang=he,Regular,2D,,,2026-07-31,,,,150,,Glilot,Cinema City,575
22:00,SPIDERMAN: BRAND NEW DAY,ספיידרמן: יום חדש,https://tickets.cinema-city.co.il/order/814050?lang=en,https://tickets.cinema-city.co.il/order/814050?lang=he,Regular,2D,,,2026-07-31,,,,150,,Glilot,Cinema City,575
10:00,SPIDERMAN: BRAND NEW DAY,ספיידרמן: יום חדש,https://tickets.cinema-city.co.il/order/814039?lang=en,https://tickets.cinema-city.co.il/order/814039?lang=he,Regular,2D,,,2026-08-01,,,,150,,Glilot,Cinema City,575
11:30,SPIDERMAN: BRAND NEW DAY,ספיידרמן: יום חדש,https://tickets.cinema-city.co.il/order/814035?lang=en,https://tickets.cinema-city.co.il/order/814035?lang=he,Regular,2D,,,2026-08-01,,,,150,,Glilot,Cinema City,575
13:30,SPIDERMAN: BRAND NEW DAY,ספיידרמן: יום חדש,https://tickets.cinema-city.co.il/order/814040?lang=en,https://tickets.cinema-city.co.il/order/814040?lang=he,Regular,2D,,,2026-08-01,,,,150,,Glilot,Cinema City,575
15:00,SPIDERMAN: BRAND NEW DAY,ספיידרמן: יום חדש,https://tickets.cinema-city.co.il/order/814036?lang=en,https://tickets.cinema-city.co.il/order/814036?lang=he,Regular,2D,,,2026-08-01,,,,150,,Glilot,Cinema City,575
17:00,SPIDERMAN: BRAND NEW DAY,ספיידרמן: יום חדש,https://tickets.cinema-city.co.il/order/814042?lang=en,https://tickets.cinema-city.co.il/order/814042?lang=he,Regular,2D,,,2026-08-01,,,,150,,Glilot,Cinema City,575
18:30,SPIDERMAN: BRAND NEW DAY,ספיידרמן: יום חדש,https://tickets.cinema-city.co.il/order/814037?lang=en,https://tickets.cinema-city.co.il/order/814037?lang=he,Regular,2D,,,2026-08-01,,,,150,,Glilot,Cinema City,575
20:30,SPIDERMAN: BRAND NEW DAY,ספיידרמן: יום חדש,https://tickets.cinema-city.co.il/order/814045?lang=en,https://tickets.cinema-city.co.il/order/814045?lang=he,Regular,2D,,,2026-08-01,,,,150,,Glilot,Cinema City,575
22:00,SPIDERMAN: BRAND NEW DAY,ספיידרמן: יום חדש,https://tickets.cinema-city.co.il/order/814038?lang=en,https://tickets.cinema-city.co.il/order/814038?lang=he,Regular,2D,,,2026-08-01,,,,150,,Glilot,Cinema City,575
10:45,קופה ראשית: הסרט,קופה ראשית: הסרט,https://tickets.cinema-city.co.il/order/831957?lang=en,https://tickets.cinema-city.co.il/order/831957?lang=he,Regular,2D,,,2026-07-27,,,,91,All,Glilot,Cinema City,575
13:00,קופה ראשית: הסרט,קופה ראשית: הסרט,https://tickets.cinema-city.co.il/order/831956?lang=en,https://tickets.cinema-city.co.il/order/831956?lang=he,Regular,2D,,,2026-07-27,,,,91,All,Glilot,Cinema City,575
15:15,קופה ראשית: הסרט,קופה ראשית: הסרט,https://tickets.cinema-city.co.il/order/831944?lang=en,https://tickets.cinema-city.co.il/order/831944?lang=he,Regular,2D,,,2026-07-27,,,,91,All,Glilot,Cinema City,575
17:30,קופה ראשית: הסרט,קופה ראשית: הסרט,https://tickets.cinema-city.co.il/order/831954?lang=en,https://tickets.cinema-city.co.il/order/831954?lang=he,Regular,2D,,,2026-07-27,,,,91,All,Glilot,Cinema City,575
19:00,קופה ראשית: הסרט,קופה ראשית: הסרט,https://tickets.cinema-city.co.il/order/831960?lang=en,https://tickets.cinema-city.co.il/order/831960?lang=he,Regular,2D,,,2026-07-27,,,,91,All,Glilot,Cinema City,575
19:45,קופה ראשית: הסרט,קופה ראשית: הסרט,https://tickets.cinema-city.co.il/order/831953?lang=en,https://tickets.cinema-city.co.il/order/831953?lang=he,Regular,2D,,,2026-07-27,,,,91,All,Glilot,Cinema City,575
20:50,קופה ראשית: הסרט,קופה ראשית: הסרט,https://tickets.cinema-city.co.il/order/831894?lang=en,https://tickets.cinema-city.co.il/order/831894?lang=he,Regular,2D,,,2026-07-27,,,,91,All,Glilot,Cinema City,575
21:30,קופה ראשית: הסרט,קופה ראשית: הסרט,https://tickets.cinema-city.co.il/order/831959?lang=en,https://tickets.cinema-city.co.il/order/831959?lang=he,Regular,2D,,,2026-07-27,,,,91,All,Glilot,Cinema City,575
22:00,קופה ראשית: הסרט,קופה ראשית: הסרט,https://tickets.cinema-city.co.il/order/831952?lang=en,https://tickets.cinema-city.co.il/order/831952?lang=he,Regular,2D,,,2026-07-27,,,,91,All,Glilot,Cinema City,575
23:00,קופה ראשית: הסרט,קופה ראשית: הסרט,https://tickets.cinema-city.co.il/order/831973?lang=en,https://tickets.cinema-city.co.il/order/831973?lang=he,Regular,2D,,,2026-07-27,,,,91,All,Glilot,Cinema City,575
11:30,קופה ראשית: הסרט,קופה ראשית: הסרט,https://tickets.cinema-city.co.il/order/832012?lang=en,https://tickets.cinema-city.co.il/order/832012?lang=he,Regular,2D,,,2026-07-28,,,,91,All,Glilot,Cinema City,575
14:40,קופה ראשית: הסרט,קופה ראשית: הסרט,https://tickets.cinema-city.co.il/order/831981?lang=en,https://tickets.cinema-city.co.il/order/831981?lang=he,Regular,2D,,,2026-07-28,,,,91,All,Glilot,Cinema City,575
18:10,קופה ראשית: הסרט,קופה ראשית: הסרט,https://tickets.cinema-city.co.il/order/834786?lang=en,https://tickets.cinema-city.co.il/order/834786?lang=he,Regular,2D,,,2026-07-28,,,,91,All,Glilot,Cinema City,575
19:45,קופה ראשית: הסרט,קופה ראשית: הסרט,https://tickets.cinema-city.co.il/order/832111?lang=en,https://tickets.cinema-city.co.il/order/832111?lang=he,Regular,2D,,,2026-07-28,,,,91,All,Glilot,Cinema City,575
21:20,קופה ראשית: הסרט,קופה ראשית: הסרט,https://tickets.cinema-city.co.il/order/832076?lang=en,https://tickets.cinema-city.co.il/order/832076?lang=he,Regular,2D,,,2026-07-28,,,,91,All,Glilot,Cinema City,575
22:10,קופה ראשית: הסרט,קופה ראשית: הסרט,https://tickets.cinema-city.co.il/order/832113?lang=en,https://tickets.cinema-city.co.il/order/832113?lang=he,Regular,2D,,,2026-07-28,,,,91,All,Glilot,Cinema City,575
23:20,קופה ראשית: הסרט,קופה ראשית: הסרט,https://tickets.cinema-city.co.il/order/832072?lang=en,https://tickets.cinema-city.co.il/order/832072?lang=he,Regular,2D,,,2026-07-28,,,,91,All,Glilot,Cinema City,575
14:20,קופה ראשית: הסרט,קופה ראשית: הסרט,https://tickets.cinema-city.co.il/order/832208?lang=en,https://tickets.cinema-city.co.il/order/832208?lang=he,Regular,2D,,,2026-07-29,,,,91,All,Glilot,Cinema City,575
16:40,קופה ראשית: הסרט,קופה ראשית: הסרט,https://tickets.cinema-city.co.il/order/832210?lang=en,https://tickets.cinema-city.co.il/order/832210?lang=he,Regular,2D,,,2026-07-29,,,,91,All,Glilot,Cinema City,575
17:50,קופה ראשית: הסרט,קופה ראשית: הסרט,https://tickets.cinema-city.co.il/order/832288?lang=en,https://tickets.cinema-city.co.il/order/832288?lang=he,Regular,2D,,,2026-07-29,,,,91,All,Glilot,Cinema City,575
19:00,קופה ראשית: הסרט,קופה ראשית: הסרט,https://tickets.cinema-city.co.il/order/832207?lang=en,https://tickets.cinema-city.co.il/order/832207?lang=he,Regular,2D,,,2026-07-29,,,,91,All,Glilot,Cinema City,575
20:20,קופה ראשית: הסרט,קופה ראשית: הסרט,https://tickets.cinema-city.co.il/order/832240?lang=en,https://tickets.cinema-city.co.il/order/832240?lang=he,Regular,2D,,,2026-07-29,,,,91,All,Glilot,Cinema City,575
22:00,קופה ראשית: הסרט,קופה ראשית: הסרט,https://tickets.cinema-city.co.il/order/832167?lang=en,https://tickets.cinema-city.co.il/order/832167?lang=he,Regular,2D,,,2026-07-29,,,,91,All,Glilot,Cinema City,575
22:40,קופה ראשית: הסרט,קופה ראשית: הסרט,https://tickets.cinema-city.co.il/order/832195?lang=en,https://tickets.cinema-city.co.il/order/832195?lang=he,Regular,2D,,,2026-07-29,,,,91,All,Glilot,Cinema City,575
19:15,THE ODYSSEY,האודיסאה,https://tickets.cinema-city.co.il/order/834842?lang=en,https://tickets.cinema-city.co.il/order/834842?lang=he,VIP,2D,,,2026-07-28,,,,172,14+,Glilot,Cinema City,575
19:30,THE ODYSSEY,האודיסאה,https://tickets.cinema-city.co.il/order/832299?lang=en,https://tickets.cinema-city.co.il/order/832299?lang=he,VIP,2D,,,2026-07-29,,,,172,14+,Glilot,Cinema City,575
18:00,One Night Only,לגמור את הלילה,https://tickets.cinema-city.co.il/order/834843?lang=en,https://tickets.cinema-city.co.il/order/834843?lang=he,VIP,2D,,,2026-07-28,,,,102,14+,Glilot,Cinema City,575
22:20,One Night Only,לגמור את הלילה,https://tickets.cinema-city.co.il/order/834841?lang=en,https://tickets.cinema-city.co.il/order/834841?lang=he,VIP,2D,,,2026-07-28,,,,102,14+,Glilot,Cinema City,575
18:00,SPIDERMAN: BRAND NEW DAY,ספיידרמן: יום חדש,https://tickets.cinema-city.co.il/order/832297?lang=en,https://tickets.cinema-city.co.il/order/832297?lang=he,VIP,2D,,,2026-07-29,,,,150,,Glilot,Cinema City,575
21:15,SPIDERMAN: BRAND NEW DAY,ספיידרמן: יום חדש,https://tickets.cinema-city.co.il/order/832298?lang=en,https://tickets.cinema-city.co.il/order/832298?lang=he,VIP,2D,,,2026-07-29,,,,150,,Glilot,Cinema City,575
18:20,THE ODYSSEY,האודיסאה,https://tickets.cinema-city.co.il/order/831915?lang=en,https://tickets.cinema-city.co.il/order/831915?lang=he,Regular,2D ONYX,,,2026-07-27,,,,172,14+,Glilot,Cinema City,575
22:10,THE ODYSSEY,האודיסאה,https://tickets.cinema-city.co.il/order/831955?lang=en,https://tickets.cinema-city.co.il/order/831955?lang=he,Regular,2D ONYX,,,2026-07-27,,,,172,14+,Glilot,Cinema City,575
20:00,THE ODYSSEY,האודיסאה,https://tickets.cinema-city.co.il/order/832006?lang=en,https://tickets.cinema-city.co.il/order/832006?lang=he,Regular,2D ONYX,,,2026-07-28,,,,172,14+,Glilot,Cinema City,575
10:30,SPIDERMAN: BRAND NEW DAY,ספיידרמן: יום חדש,https://tickets.cinema-city.co.il/order/832164?lang=en,https://tickets.cinema-city.co.il/order/832164?lang=he,Regular,2D ONYX,,,2026-07-29,,,,150,,Glilot,Cinema City,575
14:00,SPIDERMAN: BRAND NEW DAY,ספיידרמן: יום חדש,https://tickets.cinema-city.co.il/order/814063?lang=en,https://tickets.cinema-city.co.il/order/814063?lang=he,Regular,2D ONYX,,,2026-07-29,,,,150,,Glilot,Cinema City,575
17:30,SPIDERMAN: BRAND NEW DAY,ספיידרמן: יום חדש,https://tickets.cinema-city.co.il/order/814064?lang=en,https://tickets.cinema-city.co.il/order/814064?lang=he,Regular,2D ONYX,,,2026-07-29,,,,150,,Glilot,Cinema City,575
21:00,SPIDERMAN: BRAND NEW DAY,ספיידרמן: יום חדש,https://tickets.cinema-city.co.il/order/814065?lang=en,https://tickets.cinema-city.co.il/order/814065?lang=he,Regular,2D ONYX,,,2026-07-29,,,,150,,Glilot,Cinema City,575
11:30,SPIDERMAN: BRAND NEW DAY,ספיידרמן: יום חדש,https://tickets.cinema-city.co.il/order/814059?lang=en,https://tickets.cinema-city.co.il/order/814059?lang=he,Regular,2D ONYX,,,2026-07-30,,,,150,,Glilot,Cinema City,575
15:00,SPIDERMAN: BRAND NEW DAY,ספיידרמן: יום חדש,https://tickets.cinema-city.co.il/order/814060?lang=en,https://tickets.cinema-city.co.il/order/814060?lang=he,Regular,2D ONYX,,,2026-07-30,,,,150,,Glilot,Cinema City,575
18:30,SPIDERMAN: BRAND NEW DAY,ספיידרמן: יום חדש,https://tickets.cinema-city.co.il/order/814061?lang=en,https://tickets.cinema-city.co.il/order/814061?lang=he,Regular,2D ONYX,,,2026-07-30,,,,150,,Glilot,Cinema City,575
22:00,SPIDERMAN: BRAND NEW DAY,ספיידרמן: יום חדש,https://tickets.cinema-city.co.il/order/814062?lang=en,https://tickets.cinema-city.co.il/order/814062?lang=he,Regular,2D ONYX,,,2026-07-30,,,,150,,Glilot,Cinema City,575
22:00,SPIDERMAN: BRAND NEW DAY,ספיידרמן: יום חדש,https://tickets.cinema-city.co.il/order/814050?lang=en,https://tickets.cinema-city.co.il/order/814050?lang=he,Regular,2D ONYX,,,2026-07-31,,,,150,,Glilot,Cinema City,575
11:30,SPIDERMAN: BRAND NEW DAY,ספיידרמן: יום חדש,https://tickets.cinema-city.co.il/order/814035?lang=en,https://tickets.cinema-city.co.il/order/814035?lang=he,Regular,2D ONYX,,,2026-08-01,,,,150,,Glilot,Cinema City,575
15:00,SPIDERMAN: BRAND NEW DAY,ספיידרמן: יום חדש,https://tickets.cinema-city.co.il/order/814036?lang=en,https://tickets.cinema-city.co.il/order/814036?lang=he,Regular,2D ONYX,,,2026-08-01,,,,150,,Glilot,Cinema City,575
18:30,SPIDERMAN: BRAND NEW DAY,ספיידרמן: יום חדש,https://tickets.cinema-city.co.il/order/814037?lang=en,https://tickets.cinema-city.co.il/order/814037?lang=he,Regular,2D ONYX,,,2026-08-01,,,,150,,Glilot,Cinema City,575
22:00,SPIDERMAN: BRAND NEW DAY,ספיידרמן: יום חדש,https://tickets.cinema-city.co.il/order/814038?lang=en,https://tickets.cinema-city.co.il/order/814038?lang=he,Regular,2D ONYX,,,2026-08-01,,,,150,,Glilot,Cinema City,575
14:20,Just an Illusion,אשליות מתוקות,https://tickets.cinema-city.co.il/order/832080?lang=en,https://tickets.cinema-city.co.il/order/832080?lang=he,Lounge,2D,,,2026-07-28,,,,119,All,Glilot,Cinema City,575
11:50,THE ODYSSEY,האודיסאה,https://tickets.cinema-city.co.il/order/831972?lang=en,https://tickets.cinema-city.co.il/order/831972?lang=he,Lounge,2D,,,2026-07-27,,,,172,14+,Glilot,Cinema City,575
17:20,THE ODYSSEY,האודיסאה,https://tickets.cinema-city.co.il/order/831946?lang=en,https://tickets.cinema-city.co.il/order/831946?lang=he,Lounge,2D,,,2026-07-27,,,,172,14+,Glilot,Cinema City,575
21:00,THE ODYSSEY,האודיסאה,https://tickets.cinema-city.co.il/order/831945?lang=en,https://tickets.cinema-city.co.il/order/831945?lang=he,Lounge,2D,,,2026-07-27,,,,172,14+,Glilot,Cinema City,575
16:00,THE ODYSSEY,האודיסאה,https://tickets.cinema-city.co.il/order/831980?lang=en,https://tickets.cinema-city.co.il/order/831980?lang=he,Lounge,2D,,,2026-07-28,,,,172,14+,Glilot,Cinema City,575
10:50,THE ODYSSEY,האודיסאה,https://tickets.cinema-city.co.il/order/832197?lang=en,https://tickets.cinema-city.co.il/order/832197?lang=he,Lounge,2D,,,2026-07-29,,,,172,14+,Glilot,Cinema City,575
13:45,THE ODYSSEY,האודיסאה,https://tickets.cinema-city.co.il/order/832228?lang=en,https://tickets.cinema-city.co.il/order/832228?lang=he,Lounge,2D,,,2026-07-29,,,,172,14+,Glilot,Cinema City,575
17:20,THE ODYSSEY,האודיסאה,https://tickets.cinema-city.co.il/order/832174?lang=en,https://tickets.cinema-city.co.il/order/832174?lang=he,Lounge,2D,,,2026-07-29,,,,172,14+,Glilot,Cinema City,575
20:20,One Night Only,לגמור את הלילה,https://tickets.cinema-city.co.il/order/830611?lang=en,https://tickets.cinema-city.co.il/order/830611?lang=he,Lounge,2D,,,2026-07-28,,,,102,14+,Glilot,Cinema City,575
22:50,One Night Only,לגמור את הלילה,https://tickets.cinema-city.co.il/order/830613?lang=en,https://tickets.cinema-city.co.il/order/830613?lang=he,Lounge,2D,,,2026-07-28,,,,102,14+,Glilot,Cinema City,575
22:40,One Night Only,לגמור את הלילה,https://tickets.cinema-city.co.il/order/834834?lang=en,https://tickets.cinema-city.co.il/order/834834?lang=he,Lounge,2D,,,2026-07-29,,,,102,14+,Glilot,Cinema City,575
19:20,SPIDERMAN: BRAND NEW DAY,ספיידרמן: יום חדש,https://tickets.cinema-city.co.il/order/834838?lang=en,https://tickets.cinema-city.co.il/order/834838?lang=he,Lounge,2D,,,2026-07-29,,,,150,,Glilot,Cinema City,575
18:20,Just an Illusion,אשליות מתוקות,https://tickets.cinema-city.co.il/order/835210?lang=en,https://tickets.cinema-city.co.il/order/835210?lang=he,Regular,2D,,,2026-07-27,,,,119,All,Rishon Letzion,Cinema City,575
20:20,Just an Illusion,אשליות מתוקות,https://tickets.cinema-city.co.il/order/832059?lang=en,https://tickets.cinema-city.co.il/order/832059?lang=he,Regular,2D,,,2026-07-27,,,,119,All,Rishon Letzion,Cinema City,575
10:00,Just an Illusion,אשליות מתוקות,https://tickets.cinema-city.co.il/order/834791?lang=en,https://tickets.cinema-city.co.il/order/834791?lang=he,Regular,2D,,,2026-07-28,,,,119,All,Rishon Letzion,Cinema City,575
11:30,Just an Illusion,אשליות מתוקות,https://tickets.cinema-city.co.il/order/834793?lang=en,https://tickets.cinema-city.co.il/order/834793?lang=he,Regular,2D,,,2026-07-28,,,,119,All,Rishon Letzion,Cinema City,575
13:00,Just an Illusion,אשליות מתוקות,https://tickets.cinema-city.co.il/order/832261?lang=en,https://tickets.cinema-city.co.il/order/832261?lang=he,Regular,2D,,,2026-07-28,,,,119,All,Rishon Letzion,Cinema City,575
22:10,Just an Illusion,אשליות מתוקות,https://tickets.cinema-city.co.il/order/832329?lang=en,https://tickets.cinema-city.co.il/order/832329?lang=he,Regular,2D,,,2026-07-29,,,,119,All,Rishon Letzion,Cinema City,575
10:30,GRACIE & PEDRO: PETS TO THE RESCUE,גרייסי ופדרו: חיות המחמד בפעולה,https://tickets.cinema-city.co.il/order/832135?lang=en,https://tickets.cinema-city.co.il/order/832135?lang=he,Regular,2D,,Hebrew,2026-07-27,,,,87,All,Rishon Letzion,Cinema City,575
11:45,GRACIE & PEDRO: PETS TO THE RESCUE,גרייסי ופדרו: חיות המחמד בפעולה,https://tickets.cinema-city.co.il/order/832081?lang=en,https://tickets.cinema-city.co.il/order/832081?lang=he,Regular,2D,,Hebrew,2026-07-27,,,,87,All,Rishon Letzion,Cinema City,575
10:00,GRACIE & PEDRO: PETS TO THE RESCUE,גרייסי ופדרו: חיות המחמד בפעולה,https://tickets.cinema-city.co.il/order/832146?lang=en,https://tickets.cinema-city.co.il/order/832146?lang=he,Regular,2D,,Hebrew,2026-07-28,,,,87,All,Rishon Letzion,Cinema City,575
12:15,GRACIE & PEDRO: PETS TO THE RESCUE,גרייסי ופדרו: חיות המחמד בפעולה,https://tickets.cinema-city.co.il/order/834792?lang=en,https://tickets.cinema-city.co.il/order/834792?lang=he,Regular,2D,,Hebrew,2026-07-28,,,,87,All,Rishon Letzion,Cinema City,575
16:40,GRACIE & PEDRO: PETS TO THE RESCUE,גרייסי ופדרו: חיות המחמד בפעולה,https://tickets.cinema-city.co.il/order/832171?lang=en,https://tickets.cinema-city.co.il/order/832171?lang=he,Regular,2D,,Hebrew,2026-07-28,,,,87,All,Rishon Letzion,Cinema City,575
10:50,GRACIE & PEDRO: PETS TO THE RESCUE,גרייסי ופדרו: חיות המחמד בפעולה,https://tickets.cinema-city.co.il/order/832328?lang=en,https://tickets.cinema-city.co.il/order/832328?lang=he,Regular,2D,,Hebrew,2026-07-29,,,,87,All,Rishon Letzion,Cinema City,575
13:30,GRACIE & PEDRO: PETS TO THE RESCUE,גרייסי ופדרו: חיות המחמד בפעולה,https://tickets.cinema-city.co.il/order/832356?lang=en,https://tickets.cinema-city.co.il/order/832356?lang=he,Regular,2D,,Hebrew,2026-07-29,,,,87,All,Rishon Letzion,Cinema City,575
14:10,GRACIE & PEDRO: PETS TO THE RESCUE,גרייסי ופדרו: חיות המחמד בפעולה,https://tickets.cinema-city.co.il/order/832332?lang=en,https://tickets.cinema-city.co.il/order/832332?lang=he,Regular,2D,,Hebrew,2026-07-29,,,,87,All,Rishon Letzion,Cinema City,575
13:00,THE ODYSSEY,האודיסאה,https://tickets.cinema-city.co.il/order/832090?lang=en,https://tickets.cinema-city.co.il/order/832090?lang=he,Regular,2D,,,2026-07-27,,,,172,14+,Rishon Letzion,Cinema City,575
16:10,THE ODYSSEY,האודיסאה,https://tickets.cinema-city.co.il/order/832122?lang=en,https://tickets.cinema-city.co.il/order/832122?lang=he,Regular,2D,,,2026-07-27,,,,172,14+,Rishon Letzion,Cinema City,575
20:45,THE ODYSSEY,האודיסאה,https://tickets.cinema-city.co.il/order/832015?lang=en,https://tickets.cinema-city.co.il/order/832015?lang=he,Regular,2D,,,2026-07-27,,,,172,14+,Rishon Letzion,Cinema City,575
21:00,THE ODYSSEY,האודיסאה,https://tickets.cinema-city.co.il/order/832019?lang=en,https://tickets.cinema-city.co.il/order/832019?lang=he,Regular,2D,,,2026-07-27,,,,172,14+,Rishon Letzion,Cinema City,575
21:30,THE ODYSSEY,האודיסאה,https://tickets.cinema-city.co.il/order/832027?lang=en,https://tickets.cinema-city.co.il/order/832027?lang=he,Regular,2D,,,2026-07-27,,,,172,14+,Rishon Letzion,Cinema City,575
10:00,THE ODYSSEY,האודיסאה,https://tickets.cinema-city.co.il/order/832229?lang=en,https://tickets.cinema-city.co.il/order/832229?lang=he,Regular,2D,,,2026-07-28,,,,172,14+,Rishon Letzion,Cinema City,575
12:15,THE ODYSSEY,האודיסאה,https://tickets.cinema-city.co.il/order/832152?lang=en,https://tickets.cinema-city.co.il/order/832152?lang=he,Regular,2D,,,2026-07-28,,,,172,14+,Rishon Letzion,Cinema City,575
16:00,THE ODYSSEY,האודיסאה,https://tickets.cinema-city.co.il/order/832153?lang=en,https://tickets.cinema-city.co.il/order/832153?lang=he,Regular,2D,,,2026-07-28,,,,172,14+,Rishon Letzion,Cinema City,575
20:00,THE ODYSSEY,האודיסאה,https://tickets.cinema-city.co.il/order/832145?lang=en,https://tickets.cinema-city.co.il/order/832145?lang=he,Regular,2D,,,2026-07-28,,,,172,14+,Rishon Letzion,Cinema City,575
20:40,THE ODYSSEY,האודיסאה,https://tickets.cinema-city.co.il/order/832138?lang=en,https://tickets.cinema-city.co.il/order/832138?lang=he,Regular,2D,,,2026-07-28,,,,172,14+,Rishon Letzion,Cinema City,575
22:15,THE ODYSSEY,האודיסאה,https://tickets.cinema-city.co.il/order/832235?lang=en,https://tickets.cinema-city.co.il/order/832235?lang=he,Regular,2D,,,2026-07-28,,,,172,14+,Rishon Letzion,Cinema City,575
14:10,THE ODYSSEY,האודיסאה,https://tickets.cinema-city.co.il/order/832319?lang=en,https://tickets.cinema-city.co.il/order/832319?lang=he,Regular,2D,,,2026-07-29,,,,172,14+,Rishon Letzion,Cinema City,575
20:45,THE ODYSSEY,האודיסאה,https://tickets.cinema-city.co.il/order/832306?lang=en,https://tickets.cinema-city.co.il/order/832306?lang=he,Regular,2D,,,2026-07-29,,,,172,14+,Rishon Letzion,Cinema City,575
22:15,THE ODYSSEY,האודיסאה,https://tickets.cinema-city.co.il/order/832305?lang=en,https://tickets.cinema-city.co.il/order/832305?lang=he,Regular,2D,,,2026-07-29,,,,172,14+,Rishon Letzion,Cinema City,575
11:15,Tafiti: Across the Desert,טפיטי: הרפתקה במדבר,https://tickets.cinema-city.co.il/order/832079?lang=en,https://tickets.cinema-city.co.il/order/832079?lang=he,Regular,2D,,Hebrew,2026-07-27,,,,81,9+,Rishon Letzion,Cinema City,575
15:45,Tafiti: Across the Desert,טפיטי: הרפתקה במדבר,https://tickets.cinema-city.co.il/order/832065?lang=en,https://tickets.cinema-city.co.il/order/832065?lang=he,Regular,2D,,Hebrew,2026-07-27,,,,81,9+,Rishon Letzion,Cinema City,575
13:30,Tafiti: Across the Desert,טפיטי: הרפתקה במדבר,https://tickets.cinema-city.co.il/order/832163?lang=en,https://tickets.cinema-city.co.il/order/832163?lang=he,Regular,2D,,Hebrew,2026-07-28,,,,81,9+,Rishon Letzion,Cinema City,575
12:30,Tafiti: Across the Desert,טפיטי: הרפתקה במדבר,https://tickets.cinema-city.co.il/order/832335?lang=en,https://tickets.cinema-city.co.il/order/832335?lang=he,Regular,2D,,Hebrew,2026-07-29,,,,81,9+,Rishon Letzion,Cinema City,575
13:30,Tafiti: Across the Desert,טפיטי: הרפתקה במדבר,https://tickets.cinema-city.co.il/order/832323?lang=en,https://tickets.cinema-city.co.il/order/832323?lang=he,Regular,2D,,Hebrew,2026-07-29,,,,81,9+,Rishon Letzion,Cinema City,575
14:45,Tafiti: Across the Desert,טפיטי: הרפתקה במדבר,https://tickets.cinema-city.co.il/order/832331?lang=en,https://tickets.cinema-city.co.il/order/832331?lang=he,Regular,2D,,Hebrew,2026-07-29,,,,81,9+,Rishon Letzion,Cinema City,575
15:40,Tafiti: Across the Desert,טפיטי: הרפתקה במדבר,https://tickets.cinema-city.co.il/order/832325?lang=en,https://tickets.cinema-city.co.il/order/832325?lang=he,Regular,2D,,Hebrew,2026-07-29,,,,81,9+,Rishon Letzion,Cinema City,575
19:50,Cuz You're Ugly,כי את מכוערת,https://tickets.cinema-city.co.il/order/832057?lang=en,https://tickets.cinema-city.co.il/order/832057?lang=he,Regular,2D,,,2026-07-27,,,,83,12+,Rishon Letzion,Cinema City,575
21:50,Cuz You're Ugly,כי את מכוערת,https://tickets.cinema-city.co.il/order/832055?lang=en,https://tickets.cinema-city.co.il/order/832055?lang=he,Regular,2D,,,2026-07-27,,,,83,12+,Rishon Letzion,Cinema City,575
10:00,Cuz You're Ugly,כי את מכוערת,https://tickets.cinema-city.co.il/order/832231?lang=en,https://tickets.cinema-city.co.il/order/832231?lang=he,Regular,2D,,,2026-07-28,,,,83,12+,Rishon Letzion,Cinema City,575
19:45,Cuz You're Ugly,כי את מכוערת,https://tickets.cinema-city.co.il/order/832158?lang=en,https://tickets.cinema-city.co.il/order/832158?lang=he,Regular,2D,,,2026-07-28,,,,83,12+,Rishon Letzion,Cinema City,575
22:00,Cuz You're Ugly,כי את מכוערת,https://tickets.cinema-city.co.il/order/832157?lang=en,https://tickets.cinema-city.co.il/order/832157?lang=he,Regular,2D,,,2026-07-28,,,,83,12+,Rishon Letzion,Cinema City,575
22:50,Cuz You're Ugly,כי את מכוערת,https://tickets.cinema-city.co.il/order/832337?lang=en,https://tickets.cinema-city.co.il/order/832337?lang=he,Regular,2D,,,2026-07-29,,,,83,12+,Rishon Letzion,Cinema City,575
19:40,One Night Only,לגמור את הלילה,https://tickets.cinema-city.co.il/order/832237?lang=en,https://tickets.cinema-city.co.il/order/832237?lang=he,Regular,2D,,,2026-07-28,,,,102,14+,Rishon Letzion,Cinema City,575
20:00,One Night Only,לגמור את הלילה,https://tickets.cinema-city.co.il/order/830633?lang=en,https://tickets.cinema-city.co.il/order/830633?lang=he,Regular,2D,,,2026-07-28,,,,102,14+,Rishon Letzion,Cinema City,575
20:40,One Night Only,לגמור את הלילה,https://tickets.cinema-city.co.il/order/832239?lang=en,https://tickets.cinema-city.co.il/order/832239?lang=he,Regular,2D,,,2026-07-28,,,,102,14+,Rishon Letzion,Cinema City,575
22:40,One Night Only,לגמור את הלילה,https://tickets.cinema-city.co.il/order/830632?lang=en,https://tickets.cinema-city.co.il/order/830632?lang=he,Regular,2D,,,2026-07-28,,,,102,14+,Rishon Letzion,Cinema City,575
23:15,One Night Only,לגמור את הלילה,https://tickets.cinema-city.co.il/order/832241?lang=en,https://tickets.cinema-city.co.il/order/832241?lang=he,Regular,2D,,,2026-07-28,,,,102,14+,Rishon Letzion,Cinema City,575
23:30,One Night Only,לגמור את הלילה,https://tickets.cinema-city.co.il/order/832222?lang=en,https://tickets.cinema-city.co.il/order/832222?lang=he,Regular,2D,,,2026-07-28,,,,102,14+,Rishon Letzion,Cinema City,575
20:25,One Night Only,לגמור את הלילה,https://tickets.cinema-city.co.il/order/832334?lang=en,https://tickets.cinema-city.co.il/order/832334?lang=he,Regular,2D,,,2026-07-29,,,,102,14+,Rishon Letzion,Cinema City,575
23:00,One Night Only,לגמור את הלילה,https://tickets.cinema-city.co.il/order/832341?lang=en,https://tickets.cinema-city.co.il/order/832341?lang=he,Regular,2D,,,2026-07-29,,,,102,14+,Rishon Letzion,Cinema City,575
11:00,Moana (Live Action),מואנה (לייב אקשן),https://tickets.cinema-city.co.il/order/832137?lang=en,https://tickets.cinema-city.co.il/order/832137?lang=he,Regular,2D,,Hebrew,2026-07-27,,,,115,All,Rishon Letzion,Cinema City,575
14:00,Moana (Live Action),מואנה (לייב אקשן),https://tickets.cinema-city.co.il/order/834916?lang=en,https://tickets.cinema-city.co.il/order/834916?lang=he,Regular,2D,,Hebrew,2026-07-27,,,,115,All,Rishon Letzion,Cinema City,575
17:00,Moana (Live Action),מואנה (לייב אקשן),https://tickets.cinema-city.co.il/order/832098?lang=en,https://tickets.cinema-city.co.il/order/832098?lang=he,Regular,2D,,Hebrew,2026-07-27,,,,115,All,Rishon Letzion,Cinema City,575
10:10,Moana (Live Action),מואנה (לייב אקשן),https://tickets.cinema-city.co.il/order/832192?lang=en,https://tickets.cinema-city.co.il/order/832192?lang=he,Regular,2D,,Hebrew,2026-07-28,,,,115,All,Rishon Letzion,Cinema City,575
12:45,Moana (Live Action),מואנה (לייב אקשן),https://tickets.cinema-city.co.il/order/832150?lang=en,https://tickets.cinema-city.co.il/order/832150?lang=he,Regular,2D,,Hebrew,2026-07-28,,,,115,All,Rishon Letzion,Cinema City,575
14:30,Moana (Live Action),מואנה (לייב אקשן),https://tickets.cinema-city.co.il/order/832188?lang=en,https://tickets.cinema-city.co.il/order/832188?lang=he,Regular,2D,,Hebrew,2026-07-28,,,,115,All,Rishon Letzion,Cinema City,575
10:30,Moana (Live Action),מואנה (לייב אקשן),https://tickets.cinema-city.co.il/order/832359?lang=en,https://tickets.cinema-city.co.il/order/832359?lang=he,Regular,2D,,Hebrew,2026-07-29,,,,115,All,Rishon Letzion,Cinema City,575
10:50,School of Magical Animals 3,סוד החיות הקסומות 3,https://tickets.cinema-city.co.il/order/832075?lang=en,https://tickets.cinema-city.co.il/order/832075?lang=he,Regular,2D,,Hebrew,2026-07-27,,,,105,All,Rishon Letzion,Cinema City,575
13:30,School of Magical Animals 3,סוד החיות הקסומות 3,https://tickets.cinema-city.co.il/order/832053?lang=en,https://tickets.cinema-city.co.il/order/832053?lang=he,Regular,2D,,Hebrew,2026-07-27,,,,105,All,Rishon Letzion,Cinema City,575
16:20,School of Magical Animals 3,סוד החיות הקסומות 3,https://tickets.cinema-city.co.il/order/832051?lang=en,https://tickets.cinema-city.co.il/order/832051?lang=he,Regular,2D,,Hebrew,2026-07-27,,,,105,All,Rishon Letzion,Cinema City,575
14:30,School of Magical Animals 3,סוד החיות הקסומות 3,https://tickets.cinema-city.co.il/order/832156?lang=en,https://tickets.cinema-city.co.il/order/832156?lang=he,Regular,2D,,Hebrew,2026-07-28,,,,105,All,Rishon Letzion,Cinema City,575
13:15,סולטיז הסרט,סולטיז הסרט-וולוג ה-100,https://tickets.cinema-city.co.il/order/832067?lang=en,https://tickets.cinema-city.co.il/order/832067?lang=he,Regular,2D,,,2026-07-27,,,,100,All,Rishon Letzion,Cinema City,575
14:00,סולטיז הסרט,סולטיז הסרט-וולוג ה-100,https://tickets.cinema-city.co.il/order/832071?lang=en,https://tickets.cinema-city.co.il/order/832071?lang=he,Regular,2D,,,2026-07-27,,,,100,All,Rishon Letzion,Cinema City,575
14:45,סולטיז הסרט,סולטיז הסרט-וולוג ה-100,https://tickets.cinema-city.co.il/order/835227?lang=en,https://tickets.cinema-city.co.il/order/835227?lang=he,Regular,2D,,,2026-07-27,,,,100,All,Rishon Letzion,Cinema City,575
15:00,סולטיז הסרט,סולטיז הסרט-וולוג ה-100,https://tickets.cinema-city.co.il/order/832073?lang=en,https://tickets.cinema-city.co.il/order/832073?lang=he,Regular,2D,,,2026-07-27,,,,100,All,Rishon Letzion,Cinema City,575
17:30,סולטיז הסרט,סולטיז הסרט-וולוג ה-100,https://tickets.cinema-city.co.il/order/832046?lang=en,https://tickets.cinema-city.co.il/order/832046?lang=he,Regular,2D,,,2026-07-27,,,,100,All,Rishon Letzion,Cinema City,575
18:40,סולטיז הסרט,סולטיז הסרט-וולוג ה-100,https://tickets.cinema-city.co.il/order/832124?lang=en,https://tickets.cinema-city.co.il/order/832124?lang=he,Regular,2D,,,2026-07-27,,,,100,All,Rishon Letzion,Cinema City,575
12:50,סולטיז הסרט,סולטיז הסרט-וולוג ה-100,https://tickets.cinema-city.co.il/order/832255?lang=en,https://tickets.cinema-city.co.il/order/832255?lang=he,Regular,2D,,,2026-07-28,,,,100,All,Rishon Letzion,Cinema City,575
14:10,סולטיז הסרט,סולטיז הסרט-וולוג ה-100,https://tickets.cinema-city.co.il/order/832177?lang=en,https://tickets.cinema-city.co.il/order/832177?lang=he,Regular,2D,,,2026-07-28,,,,100,All,Rishon Letzion,Cinema City,575
14:50,סולטיז הסרט,סולטיז הסרט-וולוג ה-100,https://tickets.cinema-city.co.il/order/832173?lang=en,https://tickets.cinema-city.co.il/order/832173?lang=he,Regular,2D,,,2026-07-28,,,,100,All,Rishon Letzion,Cinema City,575
15:20,סולטיז הסרט,סולטיז הסרט-וולוג ה-100,https://tickets.cinema-city.co.il/order/832200?lang=en,https://tickets.cinema-city.co.il/order/832200?lang=he,Regular,2D,,,2026-07-28,,,,100,All,Rishon Letzion,Cinema City,575
16:00,סולטיז הסרט,סולטיז הסרט-וולוג ה-100,https://tickets.cinema-city.co.il/order/832162?lang=en,https://tickets.cinema-city.co.il/order/832162?lang=he,Regular,2D,,,2026-07-28,,,,100,All,Rishon Letzion,Cinema City,575
13:15,סולטיז הסרט,סולטיז הסרט-וולוג ה-100,https://tickets.cinema-city.co.il/order/832346?lang=en,https://tickets.cinema-city.co.il/order/832346?lang=he,Regular,2D,,,2026-07-29,,,,100,All,Rishon Letzion,Cinema City,575
13:50,סולטיז הסרט,סולטיז הסרט-וולוג ה-100,https://tickets.cinema-city.co.il/order/832352?lang=en,https://tickets.cinema-city.co.il/order/832352?lang=he,Regular,2D,,,2026-07-29,,,,100,All,Rishon Letzion,Cinema City,575
16:30,סולטיז הסרט,סולטיז הסרט-וולוג ה-100,https://tickets.cinema-city.co.il/order/832326?lang=en,https://tickets.cinema-city.co.il/order/832326?lang=he,Regular,2D,,,2026-07-29,,,,100,All,Rishon Letzion,Cinema City,575
10:30,Three Wishes for Cinderella,סינדרלה ושלוש המשאלות,https://tickets.cinema-city.co.il/order/832061?lang=en,https://tickets.cinema-city.co.il/order/832061?lang=he,Regular,2D,,Hebrew,2026-07-27,,,,85,All,Rishon Letzion,Cinema City,575
12:50,Three Wishes for Cinderella,סינדרלה ושלוש המשאלות,https://tickets.cinema-city.co.il/order/832043?lang=en,https://tickets.cinema-city.co.il/order/832043?lang=he,Regular,2D,,Hebrew,2026-07-27,,,,85,All,Rishon Letzion,Cinema City,575
10:30,Three Wishes for Cinderella,סינדרלה ושלוש המשאלות,https://tickets.cinema-city.co.il/order/832160?lang=en,https://tickets.cinema-city.co.il/order/832160?lang=he,Regular,2D,,Hebrew,2026-07-28,,,,85,All,Rishon Letzion,Cinema City,575
12:40,Three Wishes for Cinderella,סינדרלה ושלוש המשאלות,https://tickets.cinema-city.co.il/order/832154?lang=en,https://tickets.cinema-city.co.il/order/832154?lang=he,Regular,2D,,Hebrew,2026-07-28,,,,85,All,Rishon Letzion,Cinema City,575
10:05,SPIDERMAN: BRAND NEW DAY,ספיידרמן: יום חדש,https://tickets.cinema-city.co.il/order/813909?lang=en,https://tickets.cinema-city.co.il/order/813909?lang=he,Regular,2D,,,2026-07-29,,,,150,,Rishon Letzion,Cinema City,575
11:40,SPIDERMAN: BRAND NEW DAY,ספיידרמן: יום חדש,https://tickets.cinema-city.co.il/order/813906?lang=en,https://tickets.cinema-city.co.il/order/813906?lang=he,Regular,2D,,,2026-07-29,,,,150,,Rishon Letzion,Cinema City,575
12:30,SPIDERMAN: BRAND NEW DAY,ספיידרמן: יום חדש,https://tickets.cinema-city.co.il/order/832303?lang=en,https://tickets.cinema-city.co.il/order/832303?lang=he,Regular,2D,,,2026-07-29,,,,150,,Rishon Letzion,Cinema City,575
13:25,SPIDERMAN: BRAND NEW DAY,ספיידרמן: יום חדש,https://tickets.cinema-city.co.il/order/813908?lang=en,https://tickets.cinema-city.co.il/order/813908?lang=he,Regular,2D,,,2026-07-29,,,,150,,Rishon Letzion,Cinema City,575
14:10,SPIDERMAN: BRAND NEW DAY,ספיידרמן: יום חדש,https://tickets.cinema-city.co.il/order/832304?lang=en,https://tickets.cinema-city.co.il/order/832304?lang=he,Regular,2D,,,2026-07-29,,,,150,,Rishon Letzion,Cinema City,575
15:00,SPIDERMAN: BRAND NEW DAY,ספיידרמן: יום חדש,https://tickets.cinema-city.co.il/order/813910?lang=en,https://tickets.cinema-city.co.il/order/813910?lang=he,Regular,2D,,,2026-07-29,,,,150,,Rishon Letzion,Cinema City,575
15:15,SPIDERMAN: BRAND NEW DAY,ספיידרמן: יום חדש,https://tickets.cinema-city.co.il/order/832320?lang=en,https://tickets.cinema-city.co.il/order/832320?lang=he,Regular,2D,,,2026-07-29,,,,150,,Rishon Letzion,Cinema City,575
16:00,SPIDERMAN: BRAND NEW DAY,ספיידרמן: יום חדש,https://tickets.cinema-city.co.il/order/832302?lang=en,https://tickets.cinema-city.co.il/order/832302?lang=he,Regular,2D,,,2026-07-29,,,,150,,Rishon Letzion,Cinema City,575
16:45,SPIDERMAN: BRAND NEW DAY,ספיידרמן: יום חדש,https://tickets.cinema-city.co.il/order/813911?lang=en,https://tickets.cinema-city.co.il/order/813911?lang=he,Regular,2D,,,2026-07-29,,,,150,,Rishon Letzion,Cinema City,575
18:45,SPIDERMAN: BRAND NEW DAY,ספיידרמן: יום חדש,https://tickets.cinema-city.co.il/order/813905?lang=en,https://tickets.cinema-city.co.il/order/813905?lang=he,Regular,2D,,,2026-07-29,,,,150,,Rishon Letzion,Cinema City,575
19:30,SPIDERMAN: BRAND NEW DAY,ספיידרמן: יום חדש,https://tickets.cinema-city.co.il/order/813904?lang=en,https://tickets.cinema-city.co.il/order/813904?lang=he,Regular,2D,,,2026-07-29,,,,150,,Rishon Letzion,Cinema City,575
20:30,SPIDERMAN: BRAND NEW DAY,ספיידרמן: יום חדש,https://tickets.cinema-city.co.il/order/832300?lang=en,https://tickets.cinema-city.co.il/order/832300?lang=he,Regular,2D,,,2026-07-29,,,,150,,Rishon Letzion,Cinema City,575
21:10,SPIDERMAN: BRAND NEW DAY,ספיידרמן: יום חדש,https://tickets.cinema-city.co.il/order/832301?lang=en,https://tickets.cinema-city.co.il/order/832301?lang=he,Regular,2D,,,2026-07-29,,,,150,,Rishon Letzion,Cinema City,575
22:20,SPIDERMAN: BRAND NEW DAY,ספיידרמן: יום חדש,https://tickets.cinema-city.co.il/order/813907?lang=en,https://tickets.cinema-city.co.il/order/813907?lang=he,Regular,2D,,,2026-07-29,,,,150,,Rishon Letzion,Cinema City,575
22:50,SPIDERMAN: BRAND NEW DAY,ספיידרמן: יום חדש,https://tickets.cinema-city.co.il/order/832342?lang=en,https://tickets.cinema-city.co.il/order/832342?lang=he,Regular,2D,,,2026-07-29,,,,150,,Rishon Letzion,Cinema City,575
23:00,SPIDERMAN: BRAND NEW DAY,ספיידרמן: יום חדש,https://tickets.cinema-city.co.il/order/813903?lang=en,https://tickets.cinema-city.co.il/order/813903?lang=he,Regular,2D,,,2026-07-29,,,,150,,Rishon Letzion,Cinema City,575
10:30,SPIDERMAN: BRAND NEW DAY,ספיידרמן: יום חדש,https://tickets.cinema-city.co.il/order/813919?lang=en,https://tickets.cinema-city.co.il/order/813919?lang=he,Regular,2D,,,2026-07-30,,,,150,,Rishon Letzion,Cinema City,575
11:30,SPIDERMAN: BRAND NEW DAY,ספיידרמן: יום חדש,https://tickets.cinema-city.co.il/order/813915?lang=en,https://tickets.cinema-city.co.il/order/813915?lang=he,Regular,2D,,,2026-07-30,,,,150,,Rishon Letzion,Cinema City,575
14:00,SPIDERMAN: BRAND NEW DAY,ספיידרמן: יום חדש,https://tickets.cinema-city.co.il/order/813918?lang=en,https://tickets.cinema-city.co.il/order/813918?lang=he,Regular,2D,,,2026-07-30,,,,150,,Rishon Letzion,Cinema City,575
15:00,SPIDERMAN: BRAND NEW DAY,ספיידרמן: יום חדש,https://tickets.cinema-city.co.il/order/813914?lang=en,https://tickets.cinema-city.co.il/order/813914?lang=he,Regular,2D,,,2026-07-30,,,,150,,Rishon Letzion,Cinema City,575
17:30,SPIDERMAN: BRAND NEW DAY,ספיידרמן: יום חדש,https://tickets.cinema-city.co.il/order/813917?lang=en,https://tickets.cinema-city.co.il/order/813917?lang=he,Regular,2D,,,2026-07-30,,,,150,,Rishon Letzion,Cinema City,575
18:30,SPIDERMAN: BRAND NEW DAY,ספיידרמן: יום חדש,https://tickets.cinema-city.co.il/order/813913?lang=en,https://tickets.cinema-city.co.il/order/813913?lang=he,Regular,2D,,,2026-07-30,,,,150,,Rishon Letzion,Cinema City,575
21:00,SPIDERMAN: BRAND NEW DAY,ספיידרמן: יום חדש,https://tickets.cinema-city.co.il/order/813916?lang=en,https://tickets.cinema-city.co.il/order/813916?lang=he,Regular,2D,,,2026-07-30,,,,150,,Rishon Letzion,Cinema City,575
22:00,SPIDERMAN: BRAND NEW DAY,ספיידרמן: יום חדש,https://tickets.cinema-city.co.il/order/813912?lang=en,https://tickets.cinema-city.co.il/order/813912?lang=he,Regular,2D,,,2026-07-30,,,,150,,Rishon Letzion,Cinema City,575
12:00,SPIDERMAN: BRAND NEW DAY,ספיידרמן: יום חדש,https://tickets.cinema-city.co.il/order/834960?lang=en,https://tickets.cinema-city.co.il/order/834960?lang=he,Regular,2D,,,2026-07-31,,,,150,,Rishon Letzion,Cinema City,575
15:30,SPIDERMAN: BRAND NEW DAY,ספיידרמן: יום חדש,https://tickets.cinema-city.co.il/order/813922?lang=en,https://tickets.cinema-city.co.il/order/813922?lang=he,Regular,2D,,,2026-07-31,,,,150,,Rishon Letzion,Cinema City,575
18:00,SPIDERMAN: BRAND NEW DAY,ספיידרמן: יום חדש,https://tickets.cinema-city.co.il/order/813924?lang=en,https://tickets.cinema-city.co.il/order/813924?lang=he,Regular,2D,,,2026-07-31,,,,150,,Rishon Letzion,Cinema City,575
19:00,SPIDERMAN: BRAND NEW DAY,ספיידרמן: יום חדש,https://tickets.cinema-city.co.il/order/813921?lang=en,https://tickets.cinema-city.co.il/order/813921?lang=he,Regular,2D,,,2026-07-31,,,,150,,Rishon Letzion,Cinema City,575
21:30,SPIDERMAN: BRAND NEW DAY,ספיידרמן: יום חדש,https://tickets.cinema-city.co.il/order/813925?lang=en,https://tickets.cinema-city.co.il/order/813925?lang=he,Regular,2D,,,2026-07-31,,,,150,,Rishon Letzion,Cinema City,575
22:30,SPIDERMAN: BRAND NEW DAY,ספיידרמן: יום חדש,https://tickets.cinema-city.co.il/order/813920?lang=en,https://tickets.cinema-city.co.il/order/813920?lang=he,Regular,2D,,,2026-07-31,,,,150,,Rishon Letzion,Cinema City,575
10:00,SPIDERMAN: BRAND NEW DAY,ספיידרמן: יום חדש,https://tickets.cinema-city.co.il/order/813937?lang=en,https://tickets.cinema-city.co.il/order/813937?lang=he,Regular,2D,,,2026-08-01,,,,150,,Rishon Letzion,Cinema City,575
11:30,SPIDERMAN: BRAND NEW DAY,ספיידרמן: יום חדש,https://tickets.cinema-city.co.il/order/813931?lang=en,https://tickets.cinema-city.co.il/order/813931?lang=he,Regular,2D,,,2026-08-01,,,,150,,Rishon Letzion,Cinema City,575
13:30,SPIDERMAN: BRAND NEW DAY,ספיידרמן: יום חדש,https://tickets.cinema-city.co.il/order/813935?lang=en,https://tickets.cinema-city.co.il/order/813935?lang=he,Regular,2D,,,2026-08-01,,,,150,,Rishon Letzion,Cinema City,575
15:00,SPIDERMAN: BRAND NEW DAY,ספיידרמן: יום חדש,https://tickets.cinema-city.co.il/order/813930?lang=en,https://tickets.cinema-city.co.il/order/813930?lang=he,Regular,2D,,,2026-08-01,,,,150,,Rishon Letzion,Cinema City,575
17:00,SPIDERMAN: BRAND NEW DAY,ספיידרמן: יום חדש,https://tickets.cinema-city.co.il/order/813934?lang=en,https://tickets.cinema-city.co.il/order/813934?lang=he,Regular,2D,,,2026-08-01,,,,150,,Rishon Letzion,Cinema City,575
18:30,SPIDERMAN: BRAND NEW DAY,ספיידרמן: יום חדש,https://tickets.cinema-city.co.il/order/813929?lang=en,https://tickets.cinema-city.co.il/order/813929?lang=he,Regular,2D,,,2026-08-01,,,,150,,Rishon Letzion,Cinema City,575
20:30,SPIDERMAN: BRAND NEW DAY,ספיידרמן: יום חדש,https://tickets.cinema-city.co.il/order/813936?lang=en,https://tickets.cinema-city.co.il/order/813936?lang=he,Regular,2D,,,2026-08-01,,,,150,,Rishon Letzion,Cinema City,575
22:00,SPIDERMAN: BRAND NEW DAY,ספיידרמן: יום חדש,https://tickets.cinema-city.co.il/order/813928?lang=en,https://tickets.cinema-city.co.il/order/813928?lang=he,Regular,2D,,,2026-08-01,,,,150,,Rishon Letzion,Cinema City,575
10:00,קופה ראשית: הסרט,קופה ראשית: הסרט,https://tickets.cinema-city.co.il/order/832001?lang=en,https://tickets.cinema-city.co.il/order/832001?lang=he,Regular,2D,,,2026-07-27,,,,91,All,Rishon Letzion,Cinema City,575
12:25,קופה ראשית: הסרט,קופה ראשית: הסרט,https://tickets.cinema-city.co.il/order/832094?lang=en,https://tickets.cinema-city.co.il/order/832094?lang=he,Regular,2D,,,2026-07-27,,,,91,All,Rishon Letzion,Cinema City,575
14:50,קופה ראשית: הסרט,קופה ראשית: הסרט,https://tickets.cinema-city.co.il/order/832096?lang=en,https://tickets.cinema-city.co.il/order/832096?lang=he,Regular,2D,,,2026-07-27,,,,91,All,Rishon Letzion,Cinema City,575
17:30,קופה ראשית: הסרט,קופה ראשית: הסרט,https://tickets.cinema-city.co.il/order/832127?lang=en,https://tickets.cinema-city.co.il/order/832127?lang=he,Regular,2D,,,2026-07-27,,,,91,All,Rishon Letzion,Cinema City,575
19:15,קופה ראשית: הסרט,קופה ראשית: הסרט,https://tickets.cinema-city.co.il/order/832082?lang=en,https://tickets.cinema-city.co.il/order/832082?lang=he,Regular,2D,,,2026-07-27,,,,91,All,Rishon Letzion,Cinema City,575
20:40,קופה ראשית: הסרט,קופה ראשית: הסרט,https://tickets.cinema-city.co.il/order/832023?lang=en,https://tickets.cinema-city.co.il/order/832023?lang=he,Regular,2D,,,2026-07-27,,,,91,All,Rishon Letzion,Cinema City,575
21:45,קופה ראשית: הסרט,קופה ראשית: הסרט,https://tickets.cinema-city.co.il/order/832100?lang=en,https://tickets.cinema-city.co.il/order/832100?lang=he,Regular,2D,,,2026-07-27,,,,91,All,Rishon Letzion,Cinema City,575
23:15,קופה ראשית: הסרט,קופה ראשית: הסרט,https://tickets.cinema-city.co.il/order/832017?lang=en,https://tickets.cinema-city.co.il/order/832017?lang=he,Regular,2D,,,2026-07-27,,,,91,All,Rishon Letzion,Cinema City,575
00:00,קופה ראשית: הסרט,קופה ראשית: הסרט,https://tickets.cinema-city.co.il/order/832092?lang=en,https://tickets.cinema-city.co.il/order/832092?lang=he,Regular,2D,,,2026-07-27,,,,91,All,Rishon Letzion,Cinema City,575
10:00,קופה ראשית: הסרט,קופה ראשית: הסרט,https://tickets.cinema-city.co.il/order/832141?lang=en,https://tickets.cinema-city.co.il/order/832141?lang=he,Regular,2D,,,2026-07-28,,,,91,All,Rishon Letzion,Cinema City,575
12:30,קופה ראשית: הסרט,קופה ראשית: הסרט,https://tickets.cinema-city.co.il/order/832184?lang=en,https://tickets.cinema-city.co.il/order/832184?lang=he,Regular,2D,,,2026-07-28,,,,91,All,Rishon Letzion,Cinema City,575
13:35,קופה ראשית: הסרט,קופה ראשית: הסרט,https://tickets.cinema-city.co.il/order/832147?lang=en,https://tickets.cinema-city.co.il/order/832147?lang=he,Regular,2D,,,2026-07-28,,,,91,All,Rishon Letzion,Cinema City,575
14:50,קופה ראשית: הסרט,קופה ראשית: הסרט,https://tickets.cinema-city.co.il/order/832186?lang=en,https://tickets.cinema-city.co.il/order/832186?lang=he,Regular,2D,,,2026-07-28,,,,91,All,Rishon Letzion,Cinema City,575
17:00,קופה ראשית: הסרט,קופה ראשית: הסרט,https://tickets.cinema-city.co.il/order/832257?lang=en,https://tickets.cinema-city.co.il/order/832257?lang=he,Regular,2D,,,2026-07-28,,,,91,All,Rishon Letzion,Cinema City,575
20:15,קופה ראשית: הסרט,קופה ראשית: הסרט,https://tickets.cinema-city.co.il/order/832148?lang=en,https://tickets.cinema-city.co.il/order/832148?lang=he,Regular,2D,,,2026-07-28,,,,91,All,Rishon Letzion,Cinema City,575
20:45,קופה ראשית: הסרט,קופה ראשית: הסרט,https://tickets.cinema-city.co.il/order/832190?lang=en,https://tickets.cinema-city.co.il/order/832190?lang=he,Regular,2D,,,2026-07-28,,,,91,All,Rishon Letzion,Cinema City,575
22:50,קופה ראשית: הסרט,קופה ראשית: הסרט,https://tickets.cinema-city.co.il/order/832182?lang=en,https://tickets.cinema-city.co.il/order/832182?lang=he,Regular,2D,,,2026-07-28,,,,91,All,Rishon Letzion,Cinema City,575
23:30,קופה ראשית: הסרט,קופה ראשית: הסרט,https://tickets.cinema-city.co.il/order/832209?lang=en,https://tickets.cinema-city.co.il/order/832209?lang=he,Regular,2D,,,2026-07-28,,,,91,All,Rishon Letzion,Cinema City,575
10:10,קופה ראשית: הסרט,קופה ראשית: הסרט,https://tickets.cinema-city.co.il/order/832313?lang=en,https://tickets.cinema-city.co.il/order/832313?lang=he,Regular,2D,,,2026-07-29,,,,91,All,Rishon Letzion,Cinema City,575
11:15,קופה ראשית: הסרט,קופה ראשית: הסרט,https://tickets.cinema-city.co.il/order/832353?lang=en,https://tickets.cinema-city.co.il/order/832353?lang=he,Regular,2D,,,2026-07-29,,,,91,All,Rishon Letzion,Cinema City,575
12:40,קופה ראשית: הסרט,קופה ראשית: הסרט,https://tickets.cinema-city.co.il/order/832312?lang=en,https://tickets.cinema-city.co.il/order/832312?lang=he,Regular,2D,,,2026-07-29,,,,91,All,Rishon Letzion,Cinema City,575
15:20,קופה ראשית: הסרט,קופה ראשית: הסרט,https://tickets.cinema-city.co.il/order/832311?lang=en,https://tickets.cinema-city.co.il/order/832311?lang=he,Regular,2D,,,2026-07-29,,,,91,All,Rishon Letzion,Cinema City,575
17:50,קופה ראשית: הסרט,קופה ראשית: הסרט,https://tickets.cinema-city.co.il/order/832321?lang=en,https://tickets.cinema-city.co.il/order/832321?lang=he,Regular,2D,,,2026-07-29,,,,91,All,Rishon Letzion,Cinema City,575
20:30,קופה ראשית: הסרט,קופה ראשית: הסרט,https://tickets.cinema-city.co.il/order/832340?lang=en,https://tickets.cinema-city.co.il/order/832340?lang=he,Regular,2D,,,2026-07-29,,,,91,All,Rishon Letzion,Cinema City,575
20:45,קופה ראשית: הסרט,קופה ראשית: הסרט,https://tickets.cinema-city.co.il/order/832314?lang=en,https://tickets.cinema-city.co.il/order/832314?lang=he,Regular,2D,,,2026-07-29,,,,91,All,Rishon Letzion,Cinema City,575
22:00,קופה ראשית: הסרט,קופה ראשית: הסרט,https://tickets.cinema-city.co.il/order/832338?lang=en,https://tickets.cinema-city.co.il/order/832338?lang=he,Regular,2D,,,2026-07-29,,,,91,All,Rishon Letzion,Cinema City,575
22:30,קופה ראשית: הסרט,קופה ראשית: הסרט,https://tickets.cinema-city.co.il/order/832794?lang=en,https://tickets.cinema-city.co.il/order/832794?lang=he,Regular,2D,,,2026-07-29,,,,91,All,Rishon Letzion,Cinema City,575
23:10,קופה ראשית: הסרט,קופה ראשית: הסרט,https://tickets.cinema-city.co.il/order/832315?lang=en,https://tickets.cinema-city.co.il/order/832315?lang=he,Regular,2D,,,2026-07-29,,,,91,All,Rishon Letzion,Cinema City,575
18:45,One Night Only,לגמור את הלילה,https://tickets.cinema-city.co.il/order/832251?lang=en,https://tickets.cinema-city.co.il/order/832251?lang=he,VIP,2D,,,2026-07-28,,,,102,14+,Rishon Letzion,Cinema City,575
22:00,One Night Only,לגמור את הלילה,https://tickets.cinema-city.co.il/order/832253?lang=en,https://tickets.cinema-city.co.il/order/832253?lang=he,VIP,2D,,,2026-07-28,,,,102,14+,Rishon Letzion,Cinema City,575
18:00,SPIDERMAN: BRAND NEW DAY,ספיידרמן: יום חדש,https://tickets.cinema-city.co.il/order/813926?lang=en,https://tickets.cinema-city.co.il/order/813926?lang=he,VIP,2D,,,2026-07-31,,,,150,,Rishon Letzion,Cinema City,575
21:20,SPIDERMAN: BRAND NEW DAY,ספיידרמן: יום חדש,https://tickets.cinema-city.co.il/order/813927?lang=en,https://tickets.cinema-city.co.il/order/813927?lang=he,VIP,2D,,,2026-07-31,,,,150,,Rishon Letzion,Cinema City,575
18:00,SPIDERMAN: BRAND NEW DAY,ספיידרמן: יום חדש,https://tickets.cinema-city.co.il/order/813932?lang=en,https://tickets.cinema-city.co.il/order/813932?lang=he,VIP,2D,,,2026-08-01,,,,150,,Rishon Letzion,Cinema City,575
21:30,SPIDERMAN: BRAND NEW DAY,ספיידרמן: יום חדש,https://tickets.cinema-city.co.il/order/813933?lang=en,https://tickets.cinema-city.co.il/order/813933?lang=he,VIP,2D,,,2026-08-01,,,,150,,Rishon Letzion,Cinema City,575
19:00,Just an Illusion,אשליות מתוקות,https://tickets.cinema-city.co.il/order/834541?lang=en,https://tickets.cinema-city.co.il/order/834541?lang=he,Regular,2D,,,2026-07-27,,,,119,All,Jerusalem,Cinema City,575
10:20,Just an Illusion,אשליות מתוקות,https://tickets.cinema-city.co.il/order/834664?lang=en,https://tickets.cinema-city.co.il/order/834664?lang=he,Regular,2D,,,2026-07-28,,,,119,All,Jerusalem,Cinema City,575
18:10,Just an Illusion,אשליות מתוקות,https://tickets.cinema-city.co.il/order/834662?lang=en,https://tickets.cinema-city.co.il/order/834662?lang=he,Regular,2D,,,2026-07-28,,,,119,All,Jerusalem,Cinema City,575
11:00,GRACIE & PEDRO: PETS TO THE RESCUE,גרייסי ופדרו: חיות המחמד בפעולה,https://tickets.cinema-city.co.il/order/834481?lang=en,https://tickets.cinema-city.co.il/order/834481?lang=he,Regular,2D,,Hebrew,2026-07-27,,,,87,All,Jerusalem,Cinema City,575
13:15,GRACIE & PEDRO: PETS TO THE RESCUE,גרייסי ופדרו: חיות המחמד בפעולה,https://tickets.cinema-city.co.il/order/834480?lang=en,https://tickets.cinema-city.co.il/order/834480?lang=he,Regular,2D,,Hebrew,2026-07-27,,,,87,All,Jerusalem,Cinema City,575
15:30,GRACIE & PEDRO: PETS TO THE RESCUE,גרייסי ופדרו: חיות המחמד בפעולה,https://tickets.cinema-city.co.il/order/834485?lang=en,https://tickets.cinema-city.co.il/order/834485?lang=he,Regular,2D,,Hebrew,2026-07-27,,,,87,All,Jerusalem,Cinema City,575
17:45,GRACIE & PEDRO: PETS TO THE RESCUE,גרייסי ופדרו: חיות המחמד בפעולה,https://tickets.cinema-city.co.il/order/834479?lang=en,https://tickets.cinema-city.co.il/order/834479?lang=he,Regular,2D,,Hebrew,2026-07-27,,,,87,All,Jerusalem,Cinema City,575
10:40,GRACIE & PEDRO: PETS TO THE RESCUE,גרייסי ופדרו: חיות המחמד בפעולה,https://tickets.cinema-city.co.il/order/834621?lang=en,https://tickets.cinema-city.co.il/order/834621?lang=he,Regular,2D,,Hebrew,2026-07-28,,,,87,All,Jerusalem,Cinema City,575
12:50,GRACIE & PEDRO: PETS TO THE RESCUE,גרייסי ופדרו: חיות המחמד בפעולה,https://tickets.cinema-city.co.il/order/834623?lang=en,https://tickets.cinema-city.co.il/order/834623?lang=he,Regular,2D,,Hebrew,2026-07-28,,,,87,All,Jerusalem,Cinema City,575
15:00,GRACIE & PEDRO: PETS TO THE RESCUE,גרייסי ופדרו: חיות המחמד בפעולה,https://tickets.cinema-city.co.il/order/834619?lang=en,https://tickets.cinema-city.co.il/order/834619?lang=he,Regular,2D,,Hebrew,2026-07-28,,,,87,All,Jerusalem,Cinema City,575
17:10,GRACIE & PEDRO: PETS TO THE RESCUE,גרייסי ופדרו: חיות המחמד בפעולה,https://tickets.cinema-city.co.il/order/834625?lang=en,https://tickets.cinema-city.co.il/order/834625?lang=he,Regular,2D,,Hebrew,2026-07-28,,,,87,All,Jerusalem,Cinema City,575
10:20,GRACIE & PEDRO: PETS TO THE RESCUE,גרייסי ופדרו: חיות המחמד בפעולה,https://tickets.cinema-city.co.il/order/834713?lang=en,https://tickets.cinema-city.co.il/order/834713?lang=he,Regular,2D,,Hebrew,2026-07-29,,,,87,All,Jerusalem,Cinema City,575
13:15,GRACIE & PEDRO: PETS TO THE RESCUE,גרייסי ופדרו: חיות המחמד בפעולה,https://tickets.cinema-city.co.il/order/834714?lang=en,https://tickets.cinema-city.co.il/order/834714?lang=he,Regular,2D,,Hebrew,2026-07-29,,,,87,All,Jerusalem,Cinema City,575
15:30,GRACIE & PEDRO: PETS TO THE RESCUE,גרייסי ופדרו: חיות המחמד בפעולה,https://tickets.cinema-city.co.il/order/834708?lang=en,https://tickets.cinema-city.co.il/order/834708?lang=he,Regular,2D,,Hebrew,2026-07-29,,,,87,All,Jerusalem,Cinema City,575
17:45,GRACIE & PEDRO: PETS TO THE RESCUE,גרייסי ופדרו: חיות המחמד בפעולה,https://tickets.cinema-city.co.il/order/834715?lang=en,https://tickets.cinema-city.co.il/order/834715?lang=he,Regular,2D,,Hebrew,2026-07-29,,,,87,All,Jerusalem,Cinema City,575
12:10,THE ODYSSEY,האודיסאה,https://tickets.cinema-city.co.il/order/834502?lang=en,https://tickets.cinema-city.co.il/order/834502?lang=he,Regular,2D,,,2026-07-27,,,,172,14+,Jerusalem,Cinema City,575
17:00,THE ODYSSEY,האודיסאה,https://tickets.cinema-city.co.il/order/834498?lang=en,https://tickets.cinema-city.co.il/order/834498?lang=he,Regular,2D,,,2026-07-27,,,,172,14+,Jerusalem,Cinema City,575
18:10,THE ODYSSEY,האודיסאה,https://tickets.cinema-city.co.il/order/834557?lang=en,https://tickets.cinema-city.co.il/order/834557?lang=he,Regular,2D,,,2026-07-27,,,,172,14+,Jerusalem,Cinema City,575
19:20,THE ODYSSEY,האודיסאה,https://tickets.cinema-city.co.il/order/834549?lang=en,https://tickets.cinema-city.co.il/order/834549?lang=he,Regular,2D,,,2026-07-27,,,,172,14+,Jerusalem,Cinema City,575
20:45,THE ODYSSEY,האודיסאה,https://tickets.cinema-city.co.il/order/834500?lang=en,https://tickets.cinema-city.co.il/order/834500?lang=he,Regular,2D,,,2026-07-27,,,,172,14+,Jerusalem,Cinema City,575
21:50,THE ODYSSEY,האודיסאה,https://tickets.cinema-city.co.il/order/834551?lang=en,https://tickets.cinema-city.co.il/order/834551?lang=he,Regular,2D,,,2026-07-27,,,,172,14+,Jerusalem,Cinema City,575
23:10,THE ODYSSEY,האודיסאה,https://tickets.cinema-city.co.il/order/834518?lang=en,https://tickets.cinema-city.co.il/order/834518?lang=he,Regular,2D,,,2026-07-27,,,,172,14+,Jerusalem,Cinema City,575
10:50,THE ODYSSEY,האודיסאה,https://tickets.cinema-city.co.il/order/834658?lang=en,https://tickets.cinema-city.co.il/order/834658?lang=he,Regular,2D,,,2026-07-28,,,,172,14+,Jerusalem,Cinema City,575
13:30,THE ODYSSEY,האודיסאה,https://tickets.cinema-city.co.il/order/834679?lang=en,https://tickets.cinema-city.co.il/order/834679?lang=he,Regular,2D,,,2026-07-28,,,,172,14+,Jerusalem,Cinema City,575
14:30,THE ODYSSEY,האודיסאה,https://tickets.cinema-city.co.il/order/834660?lang=en,https://tickets.cinema-city.co.il/order/834660?lang=he,Regular,2D,,,2026-07-28,,,,172,14+,Jerusalem,Cinema City,575
17:15,THE ODYSSEY,האודיסאה,https://tickets.cinema-city.co.il/order/834648?lang=en,https://tickets.cinema-city.co.il/order/834648?lang=he,Regular,2D,,,2026-07-28,,,,172,14+,Jerusalem,Cinema City,575
19:20,THE ODYSSEY,האודיסאה,https://tickets.cinema-city.co.il/order/834646?lang=en,https://tickets.cinema-city.co.il/order/834646?lang=he,Regular,2D,,,2026-07-28,,,,172,14+,Jerusalem,Cinema City,575
21:00,THE ODYSSEY,האודיסאה,https://tickets.cinema-city.co.il/order/834617?lang=en,https://tickets.cinema-city.co.il/order/834617?lang=he,Regular,2D,,,2026-07-28,,,,172,14+,Jerusalem,Cinema City,575
23:00,THE ODYSSEY,האודיסאה,https://tickets.cinema-city.co.il/order/834654?lang=en,https://tickets.cinema-city.co.il/order/834654?lang=he,Regular,2D,,,2026-07-28,,,,172,14+,Jerusalem,Cinema City,575
14:50,THE ODYSSEY,האודיסאה,https://tickets.cinema-city.co.il/order/834700?lang=en,https://tickets.cinema-city.co.il/order/834700?lang=he,Regular,2D,,,2026-07-29,,,,172,14+,Jerusalem,Cinema City,575
19:00,THE ODYSSEY,האודיסאה,https://tickets.cinema-city.co.il/order/834705?lang=en,https://tickets.cinema-city.co.il/order/834705?lang=he,Regular,2D,,,2026-07-29,,,,172,14+,Jerusalem,Cinema City,575
20:40,THE ODYSSEY,האודיסאה,https://tickets.cinema-city.co.il/order/834724?lang=en,https://tickets.cinema-city.co.il/order/834724?lang=he,Regular,2D,,,2026-07-29,,,,172,14+,Jerusalem,Cinema City,575
22:45,THE ODYSSEY,האודיסאה,https://tickets.cinema-city.co.il/order/834706?lang=en,https://tickets.cinema-city.co.il/order/834706?lang=he,Regular,2D,,,2026-07-29,,,,172,14+,Jerusalem,Cinema City,575
11:30,Tafiti: Across the Desert,טפיטי: הרפתקה במדבר,https://tickets.cinema-city.co.il/order/834478?lang=en,https://tickets.cinema-city.co.il/order/834478?lang=he,Regular,2D,,Hebrew,2026-07-27,,,,81,9+,Jerusalem,Cinema City,575
13:45,Tafiti: Across the Desert,טפיטי: הרפתקה במדבר,https://tickets.cinema-city.co.il/order/834477?lang=en,https://tickets.cinema-city.co.il/order/834477?lang=he,Regular,2D,,Hebrew,2026-07-27,,,,81,9+,Jerusalem,Cinema City,575
16:00,Tafiti: Across the Desert,טפיטי: הרפתקה במדבר,https://tickets.cinema-city.co.il/order/834476?lang=en,https://tickets.cinema-city.co.il/order/834476?lang=he,Regular,2D,,Hebrew,2026-07-27,,,,81,9+,Jerusalem,Cinema City,575
10:30,Tafiti: Across the Desert,טפיטי: הרפתקה במדבר,https://tickets.cinema-city.co.il/order/834627?lang=en,https://tickets.cinema-city.co.il/order/834627?lang=he,Regular,2D,,Hebrew,2026-07-28,,,,81,9+,Jerusalem,Cinema City,575
12:40,Tafiti: Across the Desert,טפיטי: הרפתקה במדבר,https://tickets.cinema-city.co.il/order/834629?lang=en,https://tickets.cinema-city.co.il/order/834629?lang=he,Regular,2D,,Hebrew,2026-07-28,,,,81,9+,Jerusalem,Cinema City,575
14:50,Tafiti: Across the Desert,טפיטי: הרפתקה במדבר,https://tickets.cinema-city.co.il/order/834631?lang=en,https://tickets.cinema-city.co.il/order/834631?lang=he,Regular,2D,,Hebrew,2026-07-28,,,,81,9+,Jerusalem,Cinema City,575
10:10,Tafiti: Across the Desert,טפיטי: הרפתקה במדבר,https://tickets.cinema-city.co.il/order/834698?lang=en,https://tickets.cinema-city.co.il/order/834698?lang=he,Regular,2D,,Hebrew,2026-07-29,,,,81,9+,Jerusalem,Cinema City,575
12:15,Tafiti: Across the Desert,טפיטי: הרפתקה במדבר,https://tickets.cinema-city.co.il/order/834716?lang=en,https://tickets.cinema-city.co.il/order/834716?lang=he,Regular,2D,,Hebrew,2026-07-29,,,,81,9+,Jerusalem,Cinema City,575
14:20,Tafiti: Across the Desert,טפיטי: הרפתקה במדבר,https://tickets.cinema-city.co.il/order/834717?lang=en,https://tickets.cinema-city.co.il/order/834717?lang=he,Regular,2D,,Hebrew,2026-07-29,,,,81,9+,Jerusalem,Cinema City,575
16:30,Tafiti: Across the Desert,טפיטי: הרפתקה במדבר,https://tickets.cinema-city.co.il/order/834718?lang=en,https://tickets.cinema-city.co.il/order/834718?lang=he,Regular,2D,,Hebrew,2026-07-29,,,,81,9+,Jerusalem,Cinema City,575
15:30,Cuz You're Ugly,כי את מכוערת,https://tickets.cinema-city.co.il/order/834581?lang=en,https://tickets.cinema-city.co.il/order/834581?lang=he,Regular,2D,,,2026-07-27,,,,83,12+,Jerusalem,Cinema City,575
19:55,Cuz You're Ugly,כי את מכוערת,https://tickets.cinema-city.co.il/order/834547?lang=en,https://tickets.cinema-city.co.il/order/834547?lang=he,Regular,2D,,,2026-07-27,,,,83,12+,Jerusalem,Cinema City,575
22:00,Cuz You're Ugly,כי את מכוערת,https://tickets.cinema-city.co.il/order/834522?lang=en,https://tickets.cinema-city.co.il/order/834522?lang=he,Regular,2D,,,2026-07-27,,,,83,12+,Jerusalem,Cinema City,575
23:30,Cuz You're Ugly,כי את מכוערת,https://tickets.cinema-city.co.il/order/834506?lang=en,https://tickets.cinema-city.co.il/order/834506?lang=he,Regular,2D,,,2026-07-27,,,,83,12+,Jerusalem,Cinema City,575
20:10,Cuz You're Ugly,כי את מכוערת,https://tickets.cinema-city.co.il/order/834633?lang=en,https://tickets.cinema-city.co.il/order/834633?lang=he,Regular,2D,,,2026-07-28,,,,83,12+,Jerusalem,Cinema City,575
22:20,Cuz You're Ugly,כי את מכוערת,https://tickets.cinema-city.co.il/order/834656?lang=en,https://tickets.cinema-city.co.il/order/834656?lang=he,Regular,2D,,,2026-07-28,,,,83,12+,Jerusalem,Cinema City,575
19:15,Cuz You're Ugly,כי את מכוערת,https://tickets.cinema-city.co.il/order/834736?lang=en,https://tickets.cinema-city.co.il/order/834736?lang=he,Regular,2D,,,2026-07-29,,,,83,12+,Jerusalem,Cinema City,575
21:20,Cuz You're Ugly,כי את מכוערת,https://tickets.cinema-city.co.il/order/834733?lang=en,https://tickets.cinema-city.co.il/order/834733?lang=he,Regular,2D,,,2026-07-29,,,,83,12+,Jerusalem,Cinema City,575
19:40,One Night Only,לגמור את הלילה,https://tickets.cinema-city.co.il/order/830599?lang=en,https://tickets.cinema-city.co.il/order/830599?lang=he,Regular,2D,,,2026-07-28,,,,102,14+,Jerusalem,Cinema City,575
22:15,One Night Only,לגמור את הלילה,https://tickets.cinema-city.co.il/order/830600?lang=en,https://tickets.cinema-city.co.il/order/830600?lang=he,Regular,2D,,,2026-07-28,,,,102,14+,Jerusalem,Cinema City,575
13:00,Moana (Live Action),מואנה (לייב אקשן),https://tickets.cinema-city.co.il/order/834532?lang=en,https://tickets.cinema-city.co.il/order/834532?lang=he,Regular,2D,,Hebrew,2026-07-27,,,,115,All,Jerusalem,Cinema City,575
15:20,Moana (Live Action),מואנה (לייב אקשן),https://tickets.cinema-city.co.il/order/834504?lang=en,https://tickets.cinema-city.co.il/order/834504?lang=he,Regular,2D,,Hebrew,2026-07-27,,,,115,All,Jerusalem,Cinema City,575
17:30,Moana (Live Action),מואנה (לייב אקשן),https://tickets.cinema-city.co.il/order/834666?lang=en,https://tickets.cinema-city.co.il/order/834666?lang=he,Regular,2D,,Hebrew,2026-07-28,,,,115,All,Jerusalem,Cinema City,575
13:40,Moana (Live Action),מואנה (לייב אקשן),https://tickets.cinema-city.co.il/order/834691?lang=en,https://tickets.cinema-city.co.il/order/834691?lang=he,Regular,2D,,Hebrew,2026-07-29,,,,115,All,Jerusalem,Cinema City,575
16:20,Moana (Live Action),מואנה (לייב אקשן),https://tickets.cinema-city.co.il/order/834692?lang=en,https://tickets.cinema-city.co.il/order/834692?lang=he,Regular,2D,,Hebrew,2026-07-29,,,,115,All,Jerusalem,Cinema City,575
10:15,School of Magical Animals 3,סוד החיות הקסומות 3,https://tickets.cinema-city.co.il/order/834530?lang=en,https://tickets.cinema-city.co.il/order/834530?lang=he,Regular,2D,,Hebrew,2026-07-27,,,,105,All,Jerusalem,Cinema City,575
12:45,School of Magical Animals 3,סוד החיות הקסומות 3,https://tickets.cinema-city.co.il/order/834528?lang=en,https://tickets.cinema-city.co.il/order/834528?lang=he,Regular,2D,,Hebrew,2026-07-27,,,,105,All,Jerusalem,Cinema City,575
15:15,School of Magical Animals 3,סוד החיות הקסומות 3,https://tickets.cinema-city.co.il/order/834508?lang=en,https://tickets.cinema-city.co.il/order/834508?lang=he,Regular,2D,,Hebrew,2026-07-27,,,,105,All,Jerusalem,Cinema City,575
17:45,School of Magical Animals 3,סוד החיות הקסומות 3,https://tickets.cinema-city.co.il/order/834559?lang=en,https://tickets.cinema-city.co.il/order/834559?lang=he,Regular,2D,,Hebrew,2026-07-27,,,,105,All,Jerusalem,Cinema City,575
10:00,School of Magical Animals 3,סוד החיות הקסומות 3,https://tickets.cinema-city.co.il/order/834644?lang=en,https://tickets.cinema-city.co.il/order/834644?lang=he,Regular,2D,,Hebrew,2026-07-28,,,,105,All,Jerusalem,Cinema City,575
12:30,School of Magical Animals 3,סוד החיות הקסומות 3,https://tickets.cinema-city.co.il/order/834587?lang=en,https://tickets.cinema-city.co.il/order/834587?lang=he,Regular,2D,,Hebrew,2026-07-28,,,,105,All,Jerusalem,Cinema City,575
15:00,School of Magical Animals 3,סוד החיות הקסומות 3,https://tickets.cinema-city.co.il/order/834588?lang=en,https://tickets.cinema-city.co.il/order/834588?lang=he,Regular,2D,,Hebrew,2026-07-28,,,,105,All,Jerusalem,Cinema City,575
10:00,School of Magical Animals 3,סוד החיות הקסומות 3,https://tickets.cinema-city.co.il/order/834693?lang=en,https://tickets.cinema-city.co.il/order/834693?lang=he,Regular,2D,,Hebrew,2026-07-29,,,,105,All,Jerusalem,Cinema City,575
12:30,School of Magical Animals 3,סוד החיות הקסומות 3,https://tickets.cinema-city.co.il/order/834694?lang=en,https://tickets.cinema-city.co.il/order/834694?lang=he,Regular,2D,,Hebrew,2026-07-29,,,,105,All,Jerusalem,Cinema City,575
15:00,School of Magical Animals 3,סוד החיות הקסומות 3,https://tickets.cinema-city.co.il/order/834695?lang=en,https://tickets.cinema-city.co.il/order/834695?lang=he,Regular,2D,,Hebrew,2026-07-29,,,,105,All,Jerusalem,Cinema City,575
17:30,School of Magical Animals 3,סוד החיות הקסומות 3,https://tickets.cinema-city.co.il/order/834688?lang=en,https://tickets.cinema-city.co.il/order/834688?lang=he,Regular,2D,,Hebrew,2026-07-29,,,,105,All,Jerusalem,Cinema City,575
14:00,סולטיז הסרט,סולטיז הסרט-וולוג ה-100,https://tickets.cinema-city.co.il/order/834496?lang=en,https://tickets.cinema-city.co.il/order/834496?lang=he,Regular,2D,,,2026-07-27,,,,100,All,Jerusalem,Cinema City,575
16:30,סולטיז הסרט,סולטיז הסרט-וולוג ה-100,https://tickets.cinema-city.co.il/order/834577?lang=en,https://tickets.cinema-city.co.il/order/834577?lang=he,Regular,2D,,,2026-07-27,,,,100,All,Jerusalem,Cinema City,575
10:00,סולטיז הסרט,סולטיז הסרט-וולוג ה-100,https://tickets.cinema-city.co.il/order/834668?lang=en,https://tickets.cinema-city.co.il/order/834668?lang=he,Regular,2D,,,2026-07-28,,,,100,All,Jerusalem,Cinema City,575
15:00,סולטיז הסרט,סולטיז הסרט-וולוג ה-100,https://tickets.cinema-city.co.il/order/834592?lang=en,https://tickets.cinema-city.co.il/order/834592?lang=he,Regular,2D,,,2026-07-28,,,,100,All,Jerusalem,Cinema City,575
10:50,סולטיז הסרט,סולטיז הסרט-וולוג ה-100,https://tickets.cinema-city.co.il/order/834739?lang=en,https://tickets.cinema-city.co.il/order/834739?lang=he,Regular,2D,,,2026-07-29,,,,100,All,Jerusalem,Cinema City,575
14:40,סולטיז הסרט,סולטיז הסרט-וולוג ה-100,https://tickets.cinema-city.co.il/order/834722?lang=en,https://tickets.cinema-city.co.il/order/834722?lang=he,Regular,2D,,,2026-07-29,,,,100,All,Jerusalem,Cinema City,575
10:00,Three Wishes for Cinderella,סינדרלה ושלוש המשאלות,https://tickets.cinema-city.co.il/order/834563?lang=en,https://tickets.cinema-city.co.il/order/834563?lang=he,Regular,2D,,Hebrew,2026-07-27,,,,85,All,Jerusalem,Cinema City,575
12:05,Three Wishes for Cinderella,סינדרלה ושלוש המשאלות,https://tickets.cinema-city.co.il/order/834524?lang=en,https://tickets.cinema-city.co.il/order/834524?lang=he,Regular,2D,,Hebrew,2026-07-27,,,,85,All,Jerusalem,Cinema City,575
14:10,Three Wishes for Cinderella,סינדרלה ושלוש המשאלות,https://tickets.cinema-city.co.il/order/834539?lang=en,https://tickets.cinema-city.co.il/order/834539?lang=he,Regular,2D,,Hebrew,2026-07-27,,,,85,All,Jerusalem,Cinema City,575
16:15,Three Wishes for Cinderella,סינדרלה ושלוש המשאלות,https://tickets.cinema-city.co.il/order/834538?lang=en,https://tickets.cinema-city.co.il/order/834538?lang=he,Regular,2D,,Hebrew,2026-07-27,,,,85,All,Jerusalem,Cinema City,575
10:00,Three Wishes for Cinderella,סינדרלה ושלוש המשאלות,https://tickets.cinema-city.co.il/order/834603?lang=en,https://tickets.cinema-city.co.il/order/834603?lang=he,Regular,2D,,Hebrew,2026-07-28,,,,85,All,Jerusalem,Cinema City,575
12:30,Three Wishes for Cinderella,סינדרלה ושלוש המשאלות,https://tickets.cinema-city.co.il/order/834589?lang=en,https://tickets.cinema-city.co.il/order/834589?lang=he,Regular,2D,,Hebrew,2026-07-28,,,,85,All,Jerusalem,Cinema City,575
14:40,Three Wishes for Cinderella,סינדרלה ושלוש המשאלות,https://tickets.cinema-city.co.il/order/834585?lang=en,https://tickets.cinema-city.co.il/order/834585?lang=he,Regular,2D,,Hebrew,2026-07-28,,,,85,All,Jerusalem,Cinema City,575
16:50,Three Wishes for Cinderella,סינדרלה ושלוש המשאלות,https://tickets.cinema-city.co.il/order/834586?lang=en,https://tickets.cinema-city.co.il/order/834586?lang=he,Regular,2D,,Hebrew,2026-07-28,,,,85,All,Jerusalem,Cinema City,575
10:30,Three Wishes for Cinderella,סינדרלה ושלוש המשאלות,https://tickets.cinema-city.co.il/order/834704?lang=en,https://tickets.cinema-city.co.il/order/834704?lang=he,Regular,2D,,Hebrew,2026-07-29,,,,85,All,Jerusalem,Cinema City,575
12:40,Three Wishes for Cinderella,סינדרלה ושלוש המשאלות,https://tickets.cinema-city.co.il/order/834696?lang=en,https://tickets.cinema-city.co.il/order/834696?lang=he,Regular,2D,,Hebrew,2026-07-29,,,,85,All,Jerusalem,Cinema City,575
14:50,Three Wishes for Cinderella,סינדרלה ושלוש המשאלות,https://tickets.cinema-city.co.il/order/834689?lang=en,https://tickets.cinema-city.co.il/order/834689?lang=he,Regular,2D,,Hebrew,2026-07-29,,,,85,All,Jerusalem,Cinema City,575
17:00,Three Wishes for Cinderella,סינדרלה ושלוש המשאלות,https://tickets.cinema-city.co.il/order/834690?lang=en,https://tickets.cinema-city.co.il/order/834690?lang=he,Regular,2D,,Hebrew,2026-07-29,,,,85,All,Jerusalem,Cinema City,575
11:20,SPIDERMAN: BRAND NEW DAY,ספיידרמן: יום חדש,https://tickets.cinema-city.co.il/order/814115?lang=en,https://tickets.cinema-city.co.il/order/814115?lang=he,Regular,2D,,,2026-07-29,,,,150,,Jerusalem,Cinema City,575
12:40,SPIDERMAN: BRAND NEW DAY,ספיידרמן: יום חדש,https://tickets.cinema-city.co.il/order/814122?lang=en,https://tickets.cinema-city.co.il/order/814122?lang=he,Regular,2D,,,2026-07-29,,,,150,,Jerusalem,Cinema City,575
14:45,SPIDERMAN: BRAND NEW DAY,ספיידרמן: יום חדש,https://tickets.cinema-city.co.il/order/814116?lang=en,https://tickets.cinema-city.co.il/order/814116?lang=he,Regular,2D,,,2026-07-29,,,,150,,Jerusalem,Cinema City,575
16:00,SPIDERMAN: BRAND NEW DAY,ספיידרמן: יום חדש,https://tickets.cinema-city.co.il/order/814121?lang=en,https://tickets.cinema-city.co.il/order/814121?lang=he,Regular,2D,,,2026-07-29,,,,150,,Jerusalem,Cinema City,575
17:20,SPIDERMAN: BRAND NEW DAY,ספיידרמן: יום חדש,https://tickets.cinema-city.co.il/order/814123?lang=en,https://tickets.cinema-city.co.il/order/814123?lang=he,Regular,2D,,,2026-07-29,,,,150,,Jerusalem,Cinema City,575
18:10,SPIDERMAN: BRAND NEW DAY,ספיידרמן: יום חדש,https://tickets.cinema-city.co.il/order/814117?lang=en,https://tickets.cinema-city.co.il/order/814117?lang=he,Regular,2D,,,2026-07-29,,,,150,,Jerusalem,Cinema City,575
19:20,SPIDERMAN: BRAND NEW DAY,ספיידרמן: יום חדש,https://tickets.cinema-city.co.il/order/814119?lang=en,https://tickets.cinema-city.co.il/order/814119?lang=he,Regular,2D,,,2026-07-29,,,,150,,Jerusalem,Cinema City,575
20:40,SPIDERMAN: BRAND NEW DAY,ספיידרמן: יום חדש,https://tickets.cinema-city.co.il/order/814124?lang=en,https://tickets.cinema-city.co.il/order/814124?lang=he,Regular,2D,,,2026-07-29,,,,150,,Jerusalem,Cinema City,575
21:40,SPIDERMAN: BRAND NEW DAY,ספיידרמן: יום חדש,https://tickets.cinema-city.co.il/order/814118?lang=en,https://tickets.cinema-city.co.il/order/814118?lang=he,Regular,2D,,,2026-07-29,,,,150,,Jerusalem,Cinema City,575
22:40,SPIDERMAN: BRAND NEW DAY,ספיידרמן: יום חדש,https://tickets.cinema-city.co.il/order/814120?lang=en,https://tickets.cinema-city.co.il/order/814120?lang=he,Regular,2D,,,2026-07-29,,,,150,,Jerusalem,Cinema City,575
23:30,SPIDERMAN: BRAND NEW DAY,ספיידרמן: יום חדש,https://tickets.cinema-city.co.il/order/834729?lang=en,https://tickets.cinema-city.co.il/order/834729?lang=he,Regular,2D,,,2026-07-29,,,,150,,Jerusalem,Cinema City,575
11:30,SPIDERMAN: BRAND NEW DAY,ספיידרמן: יום חדש,https://tickets.cinema-city.co.il/order/814111?lang=en,https://tickets.cinema-city.co.il/order/814111?lang=he,Regular,2D,,,2026-07-30,,,,150,,Jerusalem,Cinema City,575
13:30,SPIDERMAN: BRAND NEW DAY,ספיידרמן: יום חדש,https://tickets.cinema-city.co.il/order/814113?lang=en,https://tickets.cinema-city.co.il/order/814113?lang=he,Regular,2D,,,2026-07-30,,,,150,,Jerusalem,Cinema City,575
14:50,SPIDERMAN: BRAND NEW DAY,ספיידרמן: יום חדש,https://tickets.cinema-city.co.il/order/814110?lang=en,https://tickets.cinema-city.co.il/order/814110?lang=he,Regular,2D,,,2026-07-30,,,,150,,Jerusalem,Cinema City,575
16:50,SPIDERMAN: BRAND NEW DAY,ספיידרמן: יום חדש,https://tickets.cinema-city.co.il/order/814112?lang=en,https://tickets.cinema-city.co.il/order/814112?lang=he,Regular,2D,,,2026-07-30,,,,150,,Jerusalem,Cinema City,575
18:10,SPIDERMAN: BRAND NEW DAY,ספיידרמן: יום חדש,https://tickets.cinema-city.co.il/order/814109?lang=en,https://tickets.cinema-city.co.il/order/814109?lang=he,Regular,2D,,,2026-07-30,,,,150,,Jerusalem,Cinema City,575
20:10,SPIDERMAN: BRAND NEW DAY,ספיידרמן: יום חדש,https://tickets.cinema-city.co.il/order/814108?lang=en,https://tickets.cinema-city.co.il/order/814108?lang=he,Regular,2D,,,2026-07-30,,,,150,,Jerusalem,Cinema City,575
21:30,SPIDERMAN: BRAND NEW DAY,ספיידרמן: יום חדש,https://tickets.cinema-city.co.il/order/814114?lang=en,https://tickets.cinema-city.co.il/order/814114?lang=he,Regular,2D,,,2026-07-30,,,,150,,Jerusalem,Cinema City,575
11:00,SPIDERMAN: BRAND NEW DAY,ספיידרמן: יום חדש,https://tickets.cinema-city.co.il/order/814105?lang=en,https://tickets.cinema-city.co.il/order/814105?lang=he,Regular,2D,,,2026-07-31,,,,150,,Jerusalem,Cinema City,575
13:00,SPIDERMAN: BRAND NEW DAY,ספיידרמן: יום חדש,https://tickets.cinema-city.co.il/order/814107?lang=en,https://tickets.cinema-city.co.il/order/814107?lang=he,Regular,2D,,,2026-07-31,,,,150,,Jerusalem,Cinema City,575
14:30,SPIDERMAN: BRAND NEW DAY,ספיידרמן: יום חדש,https://tickets.cinema-city.co.il/order/814106?lang=en,https://tickets.cinema-city.co.il/order/814106?lang=he,Regular,2D,,,2026-07-31,,,,150,,Jerusalem,Cinema City,575
21:20,SPIDERMAN: BRAND NEW DAY,ספיידרמן: יום חדש,https://tickets.cinema-city.co.il/order/814102?lang=en,https://tickets.cinema-city.co.il/order/814102?lang=he,Regular,2D,,,2026-08-01,,,,150,,Jerusalem,Cinema City,575
22:10,SPIDERMAN: BRAND NEW DAY,ספיידרמן: יום חדש,https://tickets.cinema-city.co.il/order/814103?lang=en,https://tickets.cinema-city.co.il/order/814103?lang=he,Regular,2D,,,2026-08-01,,,,150,,Jerusalem,Cinema City,575
12:20,קופה ראשית: הסרט,קופה ראשית: הסרט,https://tickets.cinema-city.co.il/order/834569?lang=en,https://tickets.cinema-city.co.il/order/834569?lang=he,Regular,2D,,,2026-07-27,,,,91,All,Jerusalem,Cinema City,575
14:40,קופה ראשית: הסרט,קופה ראשית: הסרט,https://tickets.cinema-city.co.il/order/834484?lang=en,https://tickets.cinema-city.co.il/order/834484?lang=he,Regular,2D,,,2026-07-27,,,,91,All,Jerusalem,Cinema City,575
17:40,קופה ראשית: הסרט,קופה ראשית: הסרט,https://tickets.cinema-city.co.il/order/834567?lang=en,https://tickets.cinema-city.co.il/order/834567?lang=he,Regular,2D,,,2026-07-27,,,,91,All,Jerusalem,Cinema City,575
19:00,קופה ראשית: הסרט,קופה ראשית: הסרט,https://tickets.cinema-city.co.il/order/834542?lang=en,https://tickets.cinema-city.co.il/order/834542?lang=he,Regular,2D,,,2026-07-27,,,,91,All,Jerusalem,Cinema City,575
20:10,קופה ראשית: הסרט,קופה ראשית: הסרט,https://tickets.cinema-city.co.il/order/834489?lang=en,https://tickets.cinema-city.co.il/order/834489?lang=he,Regular,2D,,,2026-07-27,,,,91,All,Jerusalem,Cinema City,575
21:20,קופה ראשית: הסרט,קופה ראשית: הסרט,https://tickets.cinema-city.co.il/order/834545?lang=en,https://tickets.cinema-city.co.il/order/834545?lang=he,Regular,2D,,,2026-07-27,,,,91,All,Jerusalem,Cinema City,575
22:30,קופה ראשית: הסרט,קופה ראשית: הסרט,https://tickets.cinema-city.co.il/order/834493?lang=en,https://tickets.cinema-city.co.il/order/834493?lang=he,Regular,2D,,,2026-07-27,,,,91,All,Jerusalem,Cinema City,575
23:40,קופה ראשית: הסרט,קופה ראשית: הסרט,https://tickets.cinema-city.co.il/order/834561?lang=en,https://tickets.cinema-city.co.il/order/834561?lang=he,Regular,2D,,,2026-07-27,,,,91,All,Jerusalem,Cinema City,575
10:10,קופה ראשית: הסרט,קופה ראשית: הסרט,https://tickets.cinema-city.co.il/order/834596?lang=en,https://tickets.cinema-city.co.il/order/834596?lang=he,Regular,2D,,,2026-07-28,,,,91,All,Jerusalem,Cinema City,575
12:30,קופה ראשית: הסרט,קופה ראשית: הסרט,https://tickets.cinema-city.co.il/order/834597?lang=en,https://tickets.cinema-city.co.il/order/834597?lang=he,Regular,2D,,,2026-07-28,,,,91,All,Jerusalem,Cinema City,575
14:50,קופה ראשית: הסרט,קופה ראשית: הסרט,https://tickets.cinema-city.co.il/order/834598?lang=en,https://tickets.cinema-city.co.il/order/834598?lang=he,Regular,2D,,,2026-07-28,,,,91,All,Jerusalem,Cinema City,575
16:40,קופה ראשית: הסרט,קופה ראשית: הסרט,https://tickets.cinema-city.co.il/order/834600?lang=en,https://tickets.cinema-city.co.il/order/834600?lang=he,Regular,2D,,,2026-07-28,,,,91,All,Jerusalem,Cinema City,575
19:00,קופה ראשית: הסרט,קופה ראשית: הסרט,https://tickets.cinema-city.co.il/order/834610?lang=en,https://tickets.cinema-city.co.il/order/834610?lang=he,Regular,2D,,,2026-07-28,,,,91,All,Jerusalem,Cinema City,575
20:10,קופה ראשית: הסרט,קופה ראשית: הסרט,https://tickets.cinema-city.co.il/order/834614?lang=en,https://tickets.cinema-city.co.il/order/834614?lang=he,Regular,2D,,,2026-07-28,,,,91,All,Jerusalem,Cinema City,575
21:20,קופה ראשית: הסרט,קופה ראשית: הסרט,https://tickets.cinema-city.co.il/order/834608?lang=en,https://tickets.cinema-city.co.il/order/834608?lang=he,Regular,2D,,,2026-07-28,,,,91,All,Jerusalem,Cinema City,575
22:30,קופה ראשית: הסרט,קופה ראשית: הסרט,https://tickets.cinema-city.co.il/order/834612?lang=en,https://tickets.cinema-city.co.il/order/834612?lang=he,Regular,2D,,,2026-07-28,,,,91,All,Jerusalem,Cinema City,575
23:20,קופה ראשית: הסרט,קופה ראשית: הסרט,https://tickets.cinema-city.co.il/order/834604?lang=en,https://tickets.cinema-city.co.il/order/834604?lang=he,Regular,2D,,,2026-07-28,,,,91,All,Jerusalem,Cinema City,575
11:20,קופה ראשית: הסרט,קופה ראשית: הסרט,https://tickets.cinema-city.co.il/order/834721?lang=en,https://tickets.cinema-city.co.il/order/834721?lang=he,Regular,2D,,,2026-07-29,,,,91,All,Jerusalem,Cinema City,575
14:30,קופה ראשית: הסרט,קופה ראשית: הסרט,https://tickets.cinema-city.co.il/order/834702?lang=en,https://tickets.cinema-city.co.il/order/834702?lang=he,Regular,2D,,,2026-07-29,,,,91,All,Jerusalem,Cinema City,575
17:00,קופה ראשית: הסרט,קופה ראשית: הסרט,https://tickets.cinema-city.co.il/order/834703?lang=en,https://tickets.cinema-city.co.il/order/834703?lang=he,Regular,2D,,,2026-07-29,,,,91,All,Jerusalem,Cinema City,575
18:40,קופה ראשית: הסרט,קופה ראשית: הסרט,https://tickets.cinema-city.co.il/order/834735?lang=en,https://tickets.cinema-city.co.il/order/834735?lang=he,Regular,2D,,,2026-07-29,,,,91,All,Jerusalem,Cinema City,575
19:20,קופה ראשית: הסרט,קופה ראשית: הסרט,https://tickets.cinema-city.co.il/order/834719?lang=en,https://tickets.cinema-city.co.il/order/834719?lang=he,Regular,2D,,,2026-07-29,,,,91,All,Jerusalem,Cinema City,575
21:40,קופה ראשית: הסרט,קופה ראשית: הסרט,https://tickets.cinema-city.co.il/order/834720?lang=en,https://tickets.cinema-city.co.il/order/834720?lang=he,Regular,2D,,,2026-07-29,,,,91,All,Jerusalem,Cinema City,575
22:15,קופה ראשית: הסרט,קופה ראשית: הסרט,https://tickets.cinema-city.co.il/order/834731?lang=en,https://tickets.cinema-city.co.il/order/834731?lang=he,Regular,2D,,,2026-07-29,,,,91,All,Jerusalem,Cinema City,575
23:30,קופה ראשית: הסרט,קופה ראשית: הסרט,https://tickets.cinema-city.co.il/order/834726?lang=en,https://tickets.cinema-city.co.il/order/834726?lang=he,Regular,2D,,,2026-07-29,,,,91,All,Jerusalem,Cinema City,575
20:30,One Night Only,לגמור את הלילה,https://tickets.cinema-city.co.il/order/834674?lang=en,https://tickets.cinema-city.co.il/order/834674?lang=he,VIP,2D,,,2026-07-28,,,,102,14+,Jerusalem,Cinema City,575
20:30,SPIDERMAN: BRAND NEW DAY,ספיידרמן: יום חדש,https://tickets.cinema-city.co.il/order/834686?lang=en,https://tickets.cinema-city.co.il/order/834686?lang=he,VIP,2D,,,2026-07-29,,,,150,,Jerusalem,Cinema City,575
22:00,קופה ראשית: הסרט,קופה ראשית: הסרט,https://tickets.cinema-city.co.il/order/834687?lang=en,https://tickets.cinema-city.co.il/order/834687?lang=he,VIP,2D,,,2026-07-29,,,,91,All,Jerusalem,Cinema City,575
18:45,Just an Illusion,אשליות מתוקות,https://tickets.cinema-city.co.il/order/834450?lang=en,https://tickets.cinema-city.co.il/order/834450?lang=he,Regular,2D,,,2026-07-27,,,,119,All,Kfar Saba,Cinema City,575
18:45,Just an Illusion,אשליות מתוקות,https://tickets.cinema-city.co.il/order/834537?lang=en,https://tickets.cinema-city.co.il/order/834537?lang=he,Regular,2D,,,2026-07-28,,,,119,All,Kfar Saba,Cinema City,575
11:20,GRACIE & PEDRO: PETS TO THE RESCUE,גרייסי ופדרו: חיות המחמד בפעולה,https://tickets.cinema-city.co.il/order/834446?lang=en,https://tickets.cinema-city.co.il/order/834446?lang=he,Regular,2D,,Hebrew,2026-07-27,,,,87,All,Kfar Saba,Cinema City,575
13:40,GRACIE & PEDRO: PETS TO THE RESCUE,גרייסי ופדרו: חיות המחמד בפעולה,https://tickets.cinema-city.co.il/order/834447?lang=en,https://tickets.cinema-city.co.il/order/834447?lang=he,Regular,2D,,Hebrew,2026-07-27,,,,87,All,Kfar Saba,Cinema City,575
16:00,GRACIE & PEDRO: PETS TO THE RESCUE,גרייסי ופדרו: חיות המחמד בפעולה,https://tickets.cinema-city.co.il/order/834448?lang=en,https://tickets.cinema-city.co.il/order/834448?lang=he,Regular,2D,,Hebrew,2026-07-27,,,,87,All,Kfar Saba,Cinema City,575
11:20,GRACIE & PEDRO: PETS TO THE RESCUE,גרייסי ופדרו: חיות המחמד בפעולה,https://tickets.cinema-city.co.il/order/834529?lang=en,https://tickets.cinema-city.co.il/order/834529?lang=he,Regular,2D,,Hebrew,2026-07-28,,,,87,All,Kfar Saba,Cinema City,575
13:40,GRACIE & PEDRO: PETS TO THE RESCUE,גרייסי ופדרו: חיות המחמד בפעולה,https://tickets.cinema-city.co.il/order/834531?lang=en,https://tickets.cinema-city.co.il/order/834531?lang=he,Regular,2D,,Hebrew,2026-07-28,,,,87,All,Kfar Saba,Cinema City,575
16:00,GRACIE & PEDRO: PETS TO THE RESCUE,גרייסי ופדרו: חיות המחמד בפעולה,https://tickets.cinema-city.co.il/order/834533?lang=en,https://tickets.cinema-city.co.il/order/834533?lang=he,Regular,2D,,Hebrew,2026-07-28,,,,87,All,Kfar Saba,Cinema City,575
10:00,GRACIE & PEDRO: PETS TO THE RESCUE,גרייסי ופדרו: חיות המחמד בפעולה,https://tickets.cinema-city.co.il/order/834673?lang=en,https://tickets.cinema-city.co.il/order/834673?lang=he,Regular,2D,,Hebrew,2026-07-29,,,,87,All,Kfar Saba,Cinema City,575
11:10,GRACIE & PEDRO: PETS TO THE RESCUE,גרייסי ופדרו: חיות המחמד בפעולה,https://tickets.cinema-city.co.il/order/834669?lang=en,https://tickets.cinema-city.co.il/order/834669?lang=he,Regular,2D,,Hebrew,2026-07-29,,,,87,All,Kfar Saba,Cinema City,575
14:15,GRACIE & PEDRO: PETS TO THE RESCUE,גרייסי ופדרו: חיות המחמד בפעולה,https://tickets.cinema-city.co.il/order/834649?lang=en,https://tickets.cinema-city.co.il/order/834649?lang=he,Regular,2D,,Hebrew,2026-07-29,,,,87,All,Kfar Saba,Cinema City,575
16:40,GRACIE & PEDRO: PETS TO THE RESCUE,גרייסי ופדרו: חיות המחמד בפעולה,https://tickets.cinema-city.co.il/order/834651?lang=en,https://tickets.cinema-city.co.il/order/834651?lang=he,Regular,2D,,Hebrew,2026-07-29,,,,87,All,Kfar Saba,Cinema City,575
12:15,THE ODYSSEY,האודיסאה,https://tickets.cinema-city.co.il/order/834459?lang=en,https://tickets.cinema-city.co.il/order/834459?lang=he,Regular,2D,,,2026-07-27,,,,172,14+,Kfar Saba,Cinema City,575
13:00,THE ODYSSEY,האודיסאה,https://tickets.cinema-city.co.il/order/834434?lang=en,https://tickets.cinema-city.co.il/order/834434?lang=he,Regular,2D,,,2026-07-27,,,,172,14+,Kfar Saba,Cinema City,575
16:00,THE ODYSSEY,האודיסאה,https://tickets.cinema-city.co.il/order/834458?lang=en,https://tickets.cinema-city.co.il/order/834458?lang=he,Regular,2D,,,2026-07-27,,,,172,14+,Kfar Saba,Cinema City,575
16:40,THE ODYSSEY,האודיסאה,https://tickets.cinema-city.co.il/order/834435?lang=en,https://tickets.cinema-city.co.il/order/834435?lang=he,Regular,2D,,,2026-07-27,,,,172,14+,Kfar Saba,Cinema City,575
19:45,THE ODYSSEY,האודיסאה,https://tickets.cinema-city.co.il/order/834422?lang=en,https://tickets.cinema-city.co.il/order/834422?lang=he,Regular,2D,,,2026-07-27,,,,172,14+,Kfar Saba,Cinema City,575
19:50,THE ODYSSEY,האודיסאה,https://tickets.cinema-city.co.il/order/834444?lang=en,https://tickets.cinema-city.co.il/order/834444?lang=he,Regular,2D,,,2026-07-27,,,,172,14+,Kfar Saba,Cinema City,575
20:00,THE ODYSSEY,האודיסאה,https://tickets.cinema-city.co.il/order/834436?lang=en,https://tickets.cinema-city.co.il/order/834436?lang=he,Regular,2D,,,2026-07-27,,,,172,14+,Kfar Saba,Cinema City,575
22:10,THE ODYSSEY,האודיסאה,https://tickets.cinema-city.co.il/order/834456?lang=en,https://tickets.cinema-city.co.il/order/834456?lang=he,Regular,2D,,,2026-07-27,,,,172,14+,Kfar Saba,Cinema City,575
12:15,THE ODYSSEY,האודיסאה,https://tickets.cinema-city.co.il/order/834552?lang=en,https://tickets.cinema-city.co.il/order/834552?lang=he,Regular,2D,,,2026-07-28,,,,172,14+,Kfar Saba,Cinema City,575
13:00,THE ODYSSEY,האודיסאה,https://tickets.cinema-city.co.il/order/834515?lang=en,https://tickets.cinema-city.co.il/order/834515?lang=he,Regular,2D,,,2026-07-28,,,,172,14+,Kfar Saba,Cinema City,575
15:20,THE ODYSSEY,האודיסאה,https://tickets.cinema-city.co.il/order/834517?lang=en,https://tickets.cinema-city.co.il/order/834517?lang=he,Regular,2D,,,2026-07-28,,,,172,14+,Kfar Saba,Cinema City,575
16:00,THE ODYSSEY,האודיסאה,https://tickets.cinema-city.co.il/order/834566?lang=en,https://tickets.cinema-city.co.il/order/834566?lang=he,Regular,2D,,,2026-07-28,,,,172,14+,Kfar Saba,Cinema City,575
19:45,THE ODYSSEY,האודיסאה,https://tickets.cinema-city.co.il/order/834495?lang=en,https://tickets.cinema-city.co.il/order/834495?lang=he,Regular,2D,,,2026-07-28,,,,172,14+,Kfar Saba,Cinema City,575
20:00,THE ODYSSEY,האודיסאה,https://tickets.cinema-city.co.il/order/834519?lang=en,https://tickets.cinema-city.co.il/order/834519?lang=he,Regular,2D,,,2026-07-28,,,,172,14+,Kfar Saba,Cinema City,575
22:10,THE ODYSSEY,האודיסאה,https://tickets.cinema-city.co.il/order/834550?lang=en,https://tickets.cinema-city.co.il/order/834550?lang=he,Regular,2D,,,2026-07-28,,,,172,14+,Kfar Saba,Cinema City,575
12:15,THE ODYSSEY,האודיסאה,https://tickets.cinema-city.co.il/order/834640?lang=en,https://tickets.cinema-city.co.il/order/834640?lang=he,Regular,2D,,,2026-07-29,,,,172,14+,Kfar Saba,Cinema City,575
16:40,THE ODYSSEY,האודיסאה,https://tickets.cinema-city.co.il/order/834622?lang=en,https://tickets.cinema-city.co.il/order/834622?lang=he,Regular,2D,,,2026-07-29,,,,172,14+,Kfar Saba,Cinema City,575
17:00,THE ODYSSEY,האודיסאה,https://tickets.cinema-city.co.il/order/834620?lang=en,https://tickets.cinema-city.co.il/order/834620?lang=he,Regular,2D,,,2026-07-29,,,,172,14+,Kfar Saba,Cinema City,575
18:00,THE ODYSSEY,האודיסאה,https://tickets.cinema-city.co.il/order/834655?lang=en,https://tickets.cinema-city.co.il/order/834655?lang=he,Regular,2D,,,2026-07-29,,,,172,14+,Kfar Saba,Cinema City,575
20:50,THE ODYSSEY,האודיסאה,https://tickets.cinema-city.co.il/order/834599?lang=en,https://tickets.cinema-city.co.il/order/834599?lang=he,Regular,2D,,,2026-07-29,,,,172,14+,Kfar Saba,Cinema City,575
21:50,THE ODYSSEY,האודיסאה,https://tickets.cinema-city.co.il/order/834657?lang=en,https://tickets.cinema-city.co.il/order/834657?lang=he,Regular,2D,,,2026-07-29,,,,172,14+,Kfar Saba,Cinema City,575
10:10,Tafiti: Across the Desert,טפיטי: הרפתקה במדבר,https://tickets.cinema-city.co.il/order/834451?lang=en,https://tickets.cinema-city.co.il/order/834451?lang=he,Regular,2D,,Hebrew,2026-07-27,,,,81,9+,Kfar Saba,Cinema City,575
15:00,Tafiti: Across the Desert,טפיטי: הרפתקה במדבר,https://tickets.cinema-city.co.il/order/834452?lang=en,https://tickets.cinema-city.co.il/order/834452?lang=he,Regular,2D,,Hebrew,2026-07-27,,,,81,9+,Kfar Saba,Cinema City,575
10:10,Tafiti: Across the Desert,טפיטי: הרפתקה במדבר,https://tickets.cinema-city.co.il/order/834540?lang=en,https://tickets.cinema-city.co.il/order/834540?lang=he,Regular,2D,,Hebrew,2026-07-28,,,,81,9+,Kfar Saba,Cinema City,575
15:00,Tafiti: Across the Desert,טפיטי: הרפתקה במדבר,https://tickets.cinema-city.co.il/order/834543?lang=en,https://tickets.cinema-city.co.il/order/834543?lang=he,Regular,2D,,Hebrew,2026-07-28,,,,81,9+,Kfar Saba,Cinema City,575
11:30,Tafiti: Across the Desert,טפיטי: הרפתקה במדבר,https://tickets.cinema-city.co.il/order/834632?lang=en,https://tickets.cinema-city.co.il/order/834632?lang=he,Regular,2D,,Hebrew,2026-07-29,,,,81,9+,Kfar Saba,Cinema City,575
16:40,Tafiti: Across the Desert,טפיטי: הרפתקה במדבר,https://tickets.cinema-city.co.il/order/834634?lang=en,https://tickets.cinema-city.co.il/order/834634?lang=he,Regular,2D,,Hebrew,2026-07-29,,,,81,9+,Kfar Saba,Cinema City,575
19:50,Cuz You're Ugly,כי את מכוערת,https://tickets.cinema-city.co.il/order/834445?lang=en,https://tickets.cinema-city.co.il/order/834445?lang=he,Regular,2D,,,2026-07-27,,,,83,12+,Kfar Saba,Cinema City,575
23:50,Cuz You're Ugly,כי את מכוערת,https://tickets.cinema-city.co.il/order/834457?lang=en,https://tickets.cinema-city.co.il/order/834457?lang=he,Regular,2D,,,2026-07-27,,,,83,12+,Kfar Saba,Cinema City,575
19:50,Cuz You're Ugly,כי את מכוערת,https://tickets.cinema-city.co.il/order/834527?lang=en,https://tickets.cinema-city.co.il/order/834527?lang=he,Regular,2D,,,2026-07-28,,,,83,12+,Kfar Saba,Cinema City,575
21:40,Cuz You're Ugly,כי את מכוערת,https://tickets.cinema-city.co.il/order/834568?lang=en,https://tickets.cinema-city.co.il/order/834568?lang=he,Regular,2D,,,2026-07-28,,,,83,12+,Kfar Saba,Cinema City,575
21:55,Cuz You're Ugly,כי את מכוערת,https://tickets.cinema-city.co.il/order/834638?lang=en,https://tickets.cinema-city.co.il/order/834638?lang=he,Regular,2D,,,2026-07-29,,,,83,12+,Kfar Saba,Cinema City,575
00:00,Cuz You're Ugly,כי את מכוערת,https://tickets.cinema-city.co.il/order/834659?lang=en,https://tickets.cinema-city.co.il/order/834659?lang=he,Regular,2D,,,2026-07-29,,,,83,12+,Kfar Saba,Cinema City,575
21:55,Cuz You're Ugly,כי את מכוערת,https://tickets.cinema-city.co.il/order/834638?lang=en,https://tickets.cinema-city.co.il/order/834638?lang=he,Regular,2D,,,2026-07-30,,,,83,12+,Kfar Saba,Cinema City,575
00:00,Cuz You're Ugly,כי את מכוערת,https://tickets.cinema-city.co.il/order/834659?lang=en,https://tickets.cinema-city.co.il/order/834659?lang=he,Regular,2D,,,2026-07-30,,,,83,12+,Kfar Saba,Cinema City,575
18:50,One Night Only,לגמור את הלילה,https://tickets.cinema-city.co.il/order/834570?lang=en,https://tickets.cinema-city.co.il/order/834570?lang=he,Regular,2D,,,2026-07-28,,,,102,14+,Kfar Saba,Cinema City,575
19:00,One Night Only,לגמור את הלילה,https://tickets.cinema-city.co.il/order/834572?lang=en,https://tickets.cinema-city.co.il/order/834572?lang=he,Regular,2D,,,2026-07-28,,,,102,14+,Kfar Saba,Cinema City,575
19:40,One Night Only,לגמור את הלילה,https://tickets.cinema-city.co.il/order/830650?lang=en,https://tickets.cinema-city.co.il/order/830650?lang=he,Regular,2D,,,2026-07-28,,,,102,14+,Kfar Saba,Cinema City,575
22:20,One Night Only,לגמור את הלילה,https://tickets.cinema-city.co.il/order/830646?lang=en,https://tickets.cinema-city.co.il/order/830646?lang=he,Regular,2D,,,2026-07-28,,,,102,14+,Kfar Saba,Cinema City,575
16:00,Moana (Live Action),מואנה (לייב אקשן),https://tickets.cinema-city.co.il/order/834430?lang=en,https://tickets.cinema-city.co.il/order/834430?lang=he,Regular,2D,,Hebrew,2026-07-27,,,,115,All,Kfar Saba,Cinema City,575
16:00,Moana (Live Action),מואנה (לייב אקשן),https://tickets.cinema-city.co.il/order/834507?lang=en,https://tickets.cinema-city.co.il/order/834507?lang=he,Regular,2D,,Hebrew,2026-07-28,,,,115,All,Kfar Saba,Cinema City,575
15:50,Moana (Live Action),מואנה (לייב אקשן),https://tickets.cinema-city.co.il/order/834615?lang=en,https://tickets.cinema-city.co.il/order/834615?lang=he,Regular,2D,,Hebrew,2026-07-29,,,,115,All,Kfar Saba,Cinema City,575
12:20,School of Magical Animals 3,סוד החיות הקסומות 3,https://tickets.cinema-city.co.il/order/834449?lang=en,https://tickets.cinema-city.co.il/order/834449?lang=he,Regular,2D,,Hebrew,2026-07-27,,,,105,All,Kfar Saba,Cinema City,575
17:10,School of Magical Animals 3,סוד החיות הקסומות 3,https://tickets.cinema-city.co.il/order/834453?lang=en,https://tickets.cinema-city.co.il/order/834453?lang=he,Regular,2D,,Hebrew,2026-07-27,,,,105,All,Kfar Saba,Cinema City,575
12:20,School of Magical Animals 3,סוד החיות הקסומות 3,https://tickets.cinema-city.co.il/order/834535?lang=en,https://tickets.cinema-city.co.il/order/834535?lang=he,Regular,2D,,Hebrew,2026-07-28,,,,105,All,Kfar Saba,Cinema City,575
17:10,School of Magical Animals 3,סוד החיות הקסומות 3,https://tickets.cinema-city.co.il/order/834544?lang=en,https://tickets.cinema-city.co.il/order/834544?lang=he,Regular,2D,,Hebrew,2026-07-28,,,,105,All,Kfar Saba,Cinema City,575
13:50,School of Magical Animals 3,סוד החיות הקסומות 3,https://tickets.cinema-city.co.il/order/834628?lang=en,https://tickets.cinema-city.co.il/order/834628?lang=he,Regular,2D,,Hebrew,2026-07-29,,,,105,All,Kfar Saba,Cinema City,575
11:10,סולטיז הסרט,סולטיז הסרט-וולוג ה-100,https://tickets.cinema-city.co.il/order/834426?lang=en,https://tickets.cinema-city.co.il/order/834426?lang=he,Regular,2D,,,2026-07-27,,,,100,All,Kfar Saba,Cinema City,575
16:30,סולטיז הסרט,סולטיז הסרט-וולוג ה-100,https://tickets.cinema-city.co.il/order/834420?lang=en,https://tickets.cinema-city.co.il/order/834420?lang=he,Regular,2D,,,2026-07-27,,,,100,All,Kfar Saba,Cinema City,575
10:30,סולטיז הסרט,סולטיז הסרט-וולוג ה-100,https://tickets.cinema-city.co.il/order/834497?lang=en,https://tickets.cinema-city.co.il/order/834497?lang=he,Regular,2D,,,2026-07-28,,,,100,All,Kfar Saba,Cinema City,575
11:50,סולטיז הסרט,סולטיז הסרט-וולוג ה-100,https://tickets.cinema-city.co.il/order/834501?lang=en,https://tickets.cinema-city.co.il/order/834501?lang=he,Regular,2D,,,2026-07-28,,,,100,All,Kfar Saba,Cinema City,575
16:30,סולטיז הסרט,סולטיז הסרט-וולוג ה-100,https://tickets.cinema-city.co.il/order/834492?lang=en,https://tickets.cinema-city.co.il/order/834492?lang=he,Regular,2D,,,2026-07-28,,,,100,All,Kfar Saba,Cinema City,575
10:50,סולטיז הסרט,סולטיז הסרט-וולוג ה-100,https://tickets.cinema-city.co.il/order/834609?lang=en,https://tickets.cinema-city.co.il/order/834609?lang=he,Regular,2D,,,2026-07-29,,,,100,All,Kfar Saba,Cinema City,575
11:40,סולטיז הסרט,סולטיז הסרט-וולוג ה-100,https://tickets.cinema-city.co.il/order/834601?lang=en,https://tickets.cinema-city.co.il/order/834601?lang=he,Regular,2D,,,2026-07-29,,,,100,All,Kfar Saba,Cinema City,575
14:00,סולטיז הסרט,סולטיז הסרט-וולוג ה-100,https://tickets.cinema-city.co.il/order/834667?lang=en,https://tickets.cinema-city.co.il/order/834667?lang=he,Regular,2D,,,2026-07-29,,,,100,All,Kfar Saba,Cinema City,575
11:40,Three Wishes for Cinderella,סינדרלה ושלוש המשאלות,https://tickets.cinema-city.co.il/order/834454?lang=en,https://tickets.cinema-city.co.il/order/834454?lang=he,Regular,2D,,Hebrew,2026-07-27,,,,85,All,Kfar Saba,Cinema City,575
14:10,Three Wishes for Cinderella,סינדרלה ושלוש המשאלות,https://tickets.cinema-city.co.il/order/834455?lang=en,https://tickets.cinema-city.co.il/order/834455?lang=he,Regular,2D,,Hebrew,2026-07-27,,,,85,All,Kfar Saba,Cinema City,575
10:30,Three Wishes for Cinderella,סינדרלה ושלוש המשאלות,https://tickets.cinema-city.co.il/order/834546?lang=en,https://tickets.cinema-city.co.il/order/834546?lang=he,Regular,2D,,Hebrew,2026-07-28,,,,85,All,Kfar Saba,Cinema City,575
13:00,Three Wishes for Cinderella,סינדרלה ושלוש המשאלות,https://tickets.cinema-city.co.il/order/834548?lang=en,https://tickets.cinema-city.co.il/order/834548?lang=he,Regular,2D,,Hebrew,2026-07-28,,,,85,All,Kfar Saba,Cinema City,575
11:00,Three Wishes for Cinderella,סינדרלה ושלוש המשאלות,https://tickets.cinema-city.co.il/order/834636?lang=en,https://tickets.cinema-city.co.il/order/834636?lang=he,Regular,2D,,Hebrew,2026-07-29,,,,85,All,Kfar Saba,Cinema City,575
11:00,SPIDERMAN: BRAND NEW DAY,ספיידרמן: יום חדש,https://tickets.cinema-city.co.il/order/813963?lang=en,https://tickets.cinema-city.co.il/order/813963?lang=he,Regular,2D,,,2026-07-29,,,,150,,Kfar Saba,Cinema City,575
12:30,SPIDERMAN: BRAND NEW DAY,ספיידרמן: יום חדש,https://tickets.cinema-city.co.il/order/834653?lang=en,https://tickets.cinema-city.co.il/order/834653?lang=he,Regular,2D,,,2026-07-29,,,,150,,Kfar Saba,Cinema City,575
14:30,SPIDERMAN: BRAND NEW DAY,ספיידרמן: יום חדש,https://tickets.cinema-city.co.il/order/813964?lang=en,https://tickets.cinema-city.co.il/order/813964?lang=he,Regular,2D,,,2026-07-29,,,,150,,Kfar Saba,Cinema City,575
16:20,SPIDERMAN: BRAND NEW DAY,ספיידרמן: יום חדש,https://tickets.cinema-city.co.il/order/813968?lang=en,https://tickets.cinema-city.co.il/order/813968?lang=he,Regular,2D,,,2026-07-29,,,,150,,Kfar Saba,Cinema City,575
16:50,SPIDERMAN: BRAND NEW DAY,ספיידרמן: יום חדש,https://tickets.cinema-city.co.il/order/834663?lang=en,https://tickets.cinema-city.co.il/order/834663?lang=he,Regular,2D,,,2026-07-29,,,,150,,Kfar Saba,Cinema City,575
18:00,SPIDERMAN: BRAND NEW DAY,ספיידרמן: יום חדש,https://tickets.cinema-city.co.il/order/813965?lang=en,https://tickets.cinema-city.co.il/order/813965?lang=he,Regular,2D,,,2026-07-29,,,,150,,Kfar Saba,Cinema City,575
18:30,SPIDERMAN: BRAND NEW DAY,ספיידרמן: יום חדש,https://tickets.cinema-city.co.il/order/834943?lang=en,https://tickets.cinema-city.co.il/order/834943?lang=he,Regular,2D,,,2026-07-29,,,,150,,Kfar Saba,Cinema City,575
19:45,SPIDERMAN: BRAND NEW DAY,ספיידרמן: יום חדש,https://tickets.cinema-city.co.il/order/813967?lang=en,https://tickets.cinema-city.co.il/order/813967?lang=he,Regular,2D,,,2026-07-29,,,,150,,Kfar Saba,Cinema City,575
20:15,SPIDERMAN: BRAND NEW DAY,ספיידרמן: יום חדש,https://tickets.cinema-city.co.il/order/835229?lang=en,https://tickets.cinema-city.co.il/order/835229?lang=he,Regular,2D,,,2026-07-29,,,,150,,Kfar Saba,Cinema City,575
20:30,SPIDERMAN: BRAND NEW DAY,ספיידרמן: יום חדש,https://tickets.cinema-city.co.il/order/834661?lang=en,https://tickets.cinema-city.co.il/order/834661?lang=he,Regular,2D,,,2026-07-29,,,,150,,Kfar Saba,Cinema City,575
21:30,SPIDERMAN: BRAND NEW DAY,ספיידרמן: יום חדש,https://tickets.cinema-city.co.il/order/813966?lang=en,https://tickets.cinema-city.co.il/order/813966?lang=he,Regular,2D,,,2026-07-29,,,,150,,Kfar Saba,Cinema City,575
23:10,SPIDERMAN: BRAND NEW DAY,ספיידרמן: יום חדש,https://tickets.cinema-city.co.il/order/813969?lang=en,https://tickets.cinema-city.co.il/order/813969?lang=he,Regular,2D,,,2026-07-29,,,,150,,Kfar Saba,Cinema City,575
11:00,SPIDERMAN: BRAND NEW DAY,ספיידרמן: יום חדש,https://tickets.cinema-city.co.il/order/813970?lang=en,https://tickets.cinema-city.co.il/order/813970?lang=he,Regular,2D,,,2026-07-30,,,,150,,Kfar Saba,Cinema City,575
14:30,SPIDERMAN: BRAND NEW DAY,ספיידרמן: יום חדש,https://tickets.cinema-city.co.il/order/813971?lang=en,https://tickets.cinema-city.co.il/order/813971?lang=he,Regular,2D,,,2026-07-30,,,,150,,Kfar Saba,Cinema City,575
16:20,SPIDERMAN: BRAND NEW DAY,ספיידרמן: יום חדש,https://tickets.cinema-city.co.il/order/813975?lang=en,https://tickets.cinema-city.co.il/order/813975?lang=he,Regular,2D,,,2026-07-30,,,,150,,Kfar Saba,Cinema City,575
18:00,SPIDERMAN: BRAND NEW DAY,ספיידרמן: יום חדש,https://tickets.cinema-city.co.il/order/813972?lang=en,https://tickets.cinema-city.co.il/order/813972?lang=he,Regular,2D,,,2026-07-30,,,,150,,Kfar Saba,Cinema City,575
19:45,SPIDERMAN: BRAND NEW DAY,ספיידרמן: יום חדש,https://tickets.cinema-city.co.il/order/813974?lang=en,https://tickets.cinema-city.co.il/order/813974?lang=he,Regular,2D,,,2026-07-30,,,,150,,Kfar Saba,Cinema City,575
21:30,SPIDERMAN: BRAND NEW DAY,ספיידרמן: יום חדש,https://tickets.cinema-city.co.il/order/813973?lang=en,https://tickets.cinema-city.co.il/order/813973?lang=he,Regular,2D,,,2026-07-30,,,,150,,Kfar Saba,Cinema City,575
23:10,SPIDERMAN: BRAND NEW DAY,ספיידרמן: יום חדש,https://tickets.cinema-city.co.il/order/813976?lang=en,https://tickets.cinema-city.co.il/order/813976?lang=he,Regular,2D,,,2026-07-30,,,,150,,Kfar Saba,Cinema City,575
11:30,SPIDERMAN: BRAND NEW DAY,ספיידרמן: יום חדש,https://tickets.cinema-city.co.il/order/813977?lang=en,https://tickets.cinema-city.co.il/order/813977?lang=he,Regular,2D,,,2026-07-31,,,,150,,Kfar Saba,Cinema City,575
15:00,SPIDERMAN: BRAND NEW DAY,ספיידרמן: יום חדש,https://tickets.cinema-city.co.il/order/813978?lang=en,https://tickets.cinema-city.co.il/order/813978?lang=he,Regular,2D,,,2026-07-31,,,,150,,Kfar Saba,Cinema City,575
16:20,SPIDERMAN: BRAND NEW DAY,ספיידרמן: יום חדש,https://tickets.cinema-city.co.il/order/813982?lang=en,https://tickets.cinema-city.co.il/order/813982?lang=he,Regular,2D,,,2026-07-31,,,,150,,Kfar Saba,Cinema City,575
18:30,SPIDERMAN: BRAND NEW DAY,ספיידרמן: יום חדש,https://tickets.cinema-city.co.il/order/813979?lang=en,https://tickets.cinema-city.co.il/order/813979?lang=he,Regular,2D,,,2026-07-31,,,,150,,Kfar Saba,Cinema City,575
19:45,SPIDERMAN: BRAND NEW DAY,ספיידרמן: יום חדש,https://tickets.cinema-city.co.il/order/813981?lang=en,https://tickets.cinema-city.co.il/order/813981?lang=he,Regular,2D,,,2026-07-31,,,,150,,Kfar Saba,Cinema City,575
22:00,SPIDERMAN: BRAND NEW DAY,ספיידרמן: יום חדש,https://tickets.cinema-city.co.il/order/813980?lang=en,https://tickets.cinema-city.co.il/order/813980?lang=he,Regular,2D,,,2026-07-31,,,,150,,Kfar Saba,Cinema City,575
23:10,SPIDERMAN: BRAND NEW DAY,ספיידרמן: יום חדש,https://tickets.cinema-city.co.il/order/813983?lang=en,https://tickets.cinema-city.co.il/order/813983?lang=he,Regular,2D,,,2026-07-31,,,,150,,Kfar Saba,Cinema City,575
11:00,SPIDERMAN: BRAND NEW DAY,ספיידרמן: יום חדש,https://tickets.cinema-city.co.il/order/813984?lang=en,https://tickets.cinema-city.co.il/order/813984?lang=he,Regular,2D,,,2026-08-01,,,,150,,Kfar Saba,Cinema City,575
14:30,SPIDERMAN: BRAND NEW DAY,ספיידרמן: יום חדש,https://tickets.cinema-city.co.il/order/813985?lang=en,https://tickets.cinema-city.co.il/order/813985?lang=he,Regular,2D,,,2026-08-01,,,,150,,Kfar Saba,Cinema City,575
16:20,SPIDERMAN: BRAND NEW DAY,ספיידרמן: יום חדש,https://tickets.cinema-city.co.il/order/813989?lang=en,https://tickets.cinema-city.co.il/order/813989?lang=he,Regular,2D,,,2026-08-01,,,,150,,Kfar Saba,Cinema City,575
18:00,SPIDERMAN: BRAND NEW DAY,ספיידרמן: יום חדש,https://tickets.cinema-city.co.il/order/813986?lang=en,https://tickets.cinema-city.co.il/order/813986?lang=he,Regular,2D,,,2026-08-01,,,,150,,Kfar Saba,Cinema City,575
19:45,SPIDERMAN: BRAND NEW DAY,ספיידרמן: יום חדש,https://tickets.cinema-city.co.il/order/813988?lang=en,https://tickets.cinema-city.co.il/order/813988?lang=he,Regular,2D,,,2026-08-01,,,,150,,Kfar Saba,Cinema City,575
21:30,SPIDERMAN: BRAND NEW DAY,ספיידרמן: יום חדש,https://tickets.cinema-city.co.il/order/813987?lang=en,https://tickets.cinema-city.co.il/order/813987?lang=he,Regular,2D,,,2026-08-01,,,,150,,Kfar Saba,Cinema City,575
23:10,SPIDERMAN: BRAND NEW DAY,ספיידרמן: יום חדש,https://tickets.cinema-city.co.il/order/813990?lang=en,https://tickets.cinema-city.co.il/order/813990?lang=he,Regular,2D,,,2026-08-01,,,,150,,Kfar Saba,Cinema City,575
11:30,קופה ראשית: הסרט,קופה ראשית: הסרט,https://tickets.cinema-city.co.il/order/834469?lang=en,https://tickets.cinema-city.co.il/order/834469?lang=he,Regular,2D,,,2026-07-27,,,,91,All,Kfar Saba,Cinema City,575
14:00,קופה ראשית: הסרט,קופה ראשית: הסרט,https://tickets.cinema-city.co.il/order/834427?lang=en,https://tickets.cinema-city.co.il/order/834427?lang=he,Regular,2D,,,2026-07-27,,,,91,All,Kfar Saba,Cinema City,575
14:00,קופה ראשית: הסרט,קופה ראשית: הסרט,https://tickets.cinema-city.co.il/order/834431?lang=en,https://tickets.cinema-city.co.il/order/834431?lang=he,Regular,2D,,,2026-07-27,,,,91,All,Kfar Saba,Cinema City,575
16:30,קופה ראשית: הסרט,קופה ראשית: הסרט,https://tickets.cinema-city.co.il/order/834424?lang=en,https://tickets.cinema-city.co.il/order/834424?lang=he,Regular,2D,,,2026-07-27,,,,91,All,Kfar Saba,Cinema City,575
18:50,קופה ראשית: הסרט,קופה ראשית: הסרט,https://tickets.cinema-city.co.il/order/834423?lang=en,https://tickets.cinema-city.co.il/order/834423?lang=he,Regular,2D,,,2026-07-27,,,,91,All,Kfar Saba,Cinema City,575
20:30,קופה ראשית: הסרט,קופה ראשית: הסרט,https://tickets.cinema-city.co.il/order/834463?lang=en,https://tickets.cinema-city.co.il/order/834463?lang=he,Regular,2D,,,2026-07-27,,,,91,All,Kfar Saba,Cinema City,575
21:20,קופה ראשית: הסרט,קופה ראשית: הסרט,https://tickets.cinema-city.co.il/order/834438?lang=en,https://tickets.cinema-city.co.il/order/834438?lang=he,Regular,2D,,,2026-07-27,,,,91,All,Kfar Saba,Cinema City,575
22:55,קופה ראשית: הסרט,קופה ראשית: הסרט,https://tickets.cinema-city.co.il/order/834464?lang=en,https://tickets.cinema-city.co.il/order/834464?lang=he,Regular,2D,,,2026-07-27,,,,91,All,Kfar Saba,Cinema City,575
23:40,קופה ראשית: הסרט,קופה ראשית: הסרט,https://tickets.cinema-city.co.il/order/834442?lang=en,https://tickets.cinema-city.co.il/order/834442?lang=he,Regular,2D,,,2026-07-27,,,,91,All,Kfar Saba,Cinema City,575
11:30,קופה ראשית: הסרט,קופה ראשית: הסרט,https://tickets.cinema-city.co.il/order/834562?lang=en,https://tickets.cinema-city.co.il/order/834562?lang=he,Regular,2D,,,2026-07-28,,,,91,All,Kfar Saba,Cinema City,575
14:00,קופה ראשית: הסרט,קופה ראשית: הסרט,https://tickets.cinema-city.co.il/order/834509?lang=en,https://tickets.cinema-city.co.il/order/834509?lang=he,Regular,2D,,,2026-07-28,,,,91,All,Kfar Saba,Cinema City,575
15:30,קופה ראשית: הסרט,קופה ראשית: הסרט,https://tickets.cinema-city.co.il/order/834564?lang=en,https://tickets.cinema-city.co.il/order/834564?lang=he,Regular,2D,,,2026-07-28,,,,91,All,Kfar Saba,Cinema City,575
18:00,קופה ראשית: הסרט,קופה ראשית: הסרט,https://tickets.cinema-city.co.il/order/834499?lang=en,https://tickets.cinema-city.co.il/order/834499?lang=he,Regular,2D,,,2026-07-28,,,,91,All,Kfar Saba,Cinema City,575
20:30,קופה ראשית: הסרט,קופה ראשית: הסרט,https://tickets.cinema-city.co.il/order/834554?lang=en,https://tickets.cinema-city.co.il/order/834554?lang=he,Regular,2D,,,2026-07-28,,,,91,All,Kfar Saba,Cinema City,575
22:55,קופה ראשית: הסרט,קופה ראשית: הסרט,https://tickets.cinema-city.co.il/order/834556?lang=en,https://tickets.cinema-city.co.il/order/834556?lang=he,Regular,2D,,,2026-07-28,,,,91,All,Kfar Saba,Cinema City,575
14:00,קופה ראשית: הסרט,קופה ראשית: הסרט,https://tickets.cinema-city.co.il/order/834611?lang=en,https://tickets.cinema-city.co.il/order/834611?lang=he,Regular,2D,,,2026-07-29,,,,91,All,Kfar Saba,Cinema City,575
14:30,קופה ראשית: הסרט,קופה ראשית: הסרט,https://tickets.cinema-city.co.il/order/834616?lang=en,https://tickets.cinema-city.co.il/order/834616?lang=he,Regular,2D,,,2026-07-29,,,,91,All,Kfar Saba,Cinema City,575
16:30,קופה ראשית: הסרט,קופה ראשית: הסרט,https://tickets.cinema-city.co.il/order/834605?lang=en,https://tickets.cinema-city.co.il/order/834605?lang=he,Regular,2D,,,2026-07-29,,,,91,All,Kfar Saba,Cinema City,575
18:50,קופה ראשית: הסרט,קופה ראשית: הסרט,https://tickets.cinema-city.co.il/order/834602?lang=en,https://tickets.cinema-city.co.il/order/834602?lang=he,Regular,2D,,,2026-07-29,,,,91,All,Kfar Saba,Cinema City,575
21:20,קופה ראשית: הסרט,קופה ראשית: הסרט,https://tickets.cinema-city.co.il/order/834626?lang=en,https://tickets.cinema-city.co.il/order/834626?lang=he,Regular,2D,,,2026-07-29,,,,91,All,Kfar Saba,Cinema City,575
22:10,קופה ראשית: הסרט,קופה ראשית: הסרט,https://tickets.cinema-city.co.il/order/834643?lang=en,https://tickets.cinema-city.co.il/order/834643?lang=he,Regular,2D,,,2026-07-29,,,,91,All,Kfar Saba,Cinema City,575
23:30,קופה ראשית: הסרט,קופה ראשית: הסרט,https://tickets.cinema-city.co.il/order/834642?lang=en,https://tickets.cinema-city.co.il/order/834642?lang=he,Regular,2D,,,2026-07-29,,,,91,All,Kfar Saba,Cinema City,575
11:10,GRACIE & PEDRO: PETS TO THE RESCUE,גרייסי ופדרו: חיות המחמד בפעולה,https://tickets.cinema-city.co.il/order/834669?lang=en,https://tickets.cinema-city.co.il/order/834669?lang=he,Prime,2D,,Hebrew,2026-07-29,,,,87,All,Kfar Saba,Cinema City,575
13:00,THE ODYSSEY,האודיסאה,https://tickets.cinema-city.co.il/order/834434?lang=en,https://tickets.cinema-city.co.il/order/834434?lang=he,Prime,2D,,,2026-07-27,,,,172,14+,Kfar Saba,Cinema City,575
19:45,THE ODYSSEY,האודיסאה,https://tickets.cinema-city.co.il/order/834422?lang=en,https://tickets.cinema-city.co.il/order/834422?lang=he,Prime,2D,,,2026-07-27,,,,172,14+,Kfar Saba,Cinema City,575
13:00,THE ODYSSEY,האודיסאה,https://tickets.cinema-city.co.il/order/834515?lang=en,https://tickets.cinema-city.co.il/order/834515?lang=he,Prime,2D,,,2026-07-28,,,,172,14+,Kfar Saba,Cinema City,575
19:45,THE ODYSSEY,האודיסאה,https://tickets.cinema-city.co.il/order/834495?lang=en,https://tickets.cinema-city.co.il/order/834495?lang=he,Prime,2D,,,2026-07-28,,,,172,14+,Kfar Saba,Cinema City,575
17:00,THE ODYSSEY,האודיסאה,https://tickets.cinema-city.co.il/order/834620?lang=en,https://tickets.cinema-city.co.il/order/834620?lang=he,Prime,2D,,,2026-07-29,,,,172,14+,Kfar Saba,Cinema City,575
20:50,THE ODYSSEY,האודיסאה,https://tickets.cinema-city.co.il/order/834599?lang=en,https://tickets.cinema-city.co.il/order/834599?lang=he,Prime,2D,,,2026-07-29,,,,172,14+,Kfar Saba,Cinema City,575
19:00,One Night Only,לגמור את הלילה,https://tickets.cinema-city.co.il/order/834572?lang=en,https://tickets.cinema-city.co.il/order/834572?lang=he,Prime,2D,,,2026-07-28,,,,102,14+,Kfar Saba,Cinema City,575
16:30,סולטיז הסרט,סולטיז הסרט-וולוג ה-100,https://tickets.cinema-city.co.il/order/834420?lang=en,https://tickets.cinema-city.co.il/order/834420?lang=he,Prime,2D,,,2026-07-27,,,,100,All,Kfar Saba,Cinema City,575
10:30,סולטיז הסרט,סולטיז הסרט-וולוג ה-100,https://tickets.cinema-city.co.il/order/834497?lang=en,https://tickets.cinema-city.co.il/order/834497?lang=he,Prime,2D,,,2026-07-28,,,,100,All,Kfar Saba,Cinema City,575
16:30,סולטיז הסרט,סולטיז הסרט-וולוג ה-100,https://tickets.cinema-city.co.il/order/834492?lang=en,https://tickets.cinema-city.co.il/order/834492?lang=he,Prime,2D,,,2026-07-28,,,,100,All,Kfar Saba,Cinema City,575
11:40,סולטיז הסרט,סולטיז הסרט-וולוג ה-100,https://tickets.cinema-city.co.il/order/834601?lang=en,https://tickets.cinema-city.co.il/order/834601?lang=he,Prime,2D,,,2026-07-29,,,,100,All,Kfar Saba,Cinema City,575
14:00,סולטיז הסרט,סולטיז הסרט-וולוג ה-100,https://tickets.cinema-city.co.il/order/834667?lang=en,https://tickets.cinema-city.co.il/order/834667?lang=he,Prime,2D,,,2026-07-29,,,,100,All,Kfar Saba,Cinema City,575
16:50,SPIDERMAN: BRAND NEW DAY,ספיידרמן: יום חדש,https://tickets.cinema-city.co.il/order/834663?lang=en,https://tickets.cinema-city.co.il/order/834663?lang=he,Prime,2D,,,2026-07-29,,,,150,,Kfar Saba,Cinema City,575
20:30,SPIDERMAN: BRAND NEW DAY,ספיידרמן: יום חדש,https://tickets.cinema-city.co.il/order/834661?lang=en,https://tickets.cinema-city.co.il/order/834661?lang=he,Prime,2D,,,2026-07-29,,,,150,,Kfar Saba,Cinema City,575
11:30,קופה ראשית: הסרט,קופה ראשית: הסרט,https://tickets.cinema-city.co.il/order/834469?lang=en,https://tickets.cinema-city.co.il/order/834469?lang=he,Prime,2D,,,2026-07-27,,,,91,All,Kfar Saba,Cinema City,575
14:00,קופה ראשית: הסרט,קופה ראשית: הסרט,https://tickets.cinema-city.co.il/order/834431?lang=en,https://tickets.cinema-city.co.il/order/834431?lang=he,Prime,2D,,,2026-07-27,,,,91,All,Kfar Saba,Cinema City,575
11:30,קופה ראשית: הסרט,קופה ראשית: הסרט,https://tickets.cinema-city.co.il/order/834562?lang=en,https://tickets.cinema-city.co.il/order/834562?lang=he,Prime,2D,,,2026-07-28,,,,91,All,Kfar Saba,Cinema City,575
14:00,קופה ראשית: הסרט,קופה ראשית: הסרט,https://tickets.cinema-city.co.il/order/834509?lang=en,https://tickets.cinema-city.co.il/order/834509?lang=he,Prime,2D,,,2026-07-28,,,,91,All,Kfar Saba,Cinema City,575
14:30,קופה ראשית: הסרט,קופה ראשית: הסרט,https://tickets.cinema-city.co.il/order/834616?lang=en,https://tickets.cinema-city.co.il/order/834616?lang=he,Prime,2D,,,2026-07-29,,,,91,All,Kfar Saba,Cinema City,575
19:15,Just an Illusion,אשליות מתוקות,https://tickets.cinema-city.co.il/order/833251?lang=en,https://tickets.cinema-city.co.il/order/833251?lang=he,Regular,2D,,,2026-07-27,,,,119,All,Netanya,Cinema City,575
15:20,Just an Illusion,אשליות מתוקות,https://tickets.cinema-city.co.il/order/833290?lang=en,https://tickets.cinema-city.co.il/order/833290?lang=he,Regular,2D,,,2026-07-28,,,,119,All,Netanya,Cinema City,575
20:45,Just an Illusion,אשליות מתוקות,https://tickets.cinema-city.co.il/order/833312?lang=en,https://tickets.cinema-city.co.il/order/833312?lang=he,Regular,2D,,,2026-07-28,,,,119,All,Netanya,Cinema City,575
22:00,Just an Illusion,אשליות מתוקות,https://tickets.cinema-city.co.il/order/833333?lang=en,https://tickets.cinema-city.co.il/order/833333?lang=he,Regular,2D,,,2026-07-29,,,,119,All,Netanya,Cinema City,575
10:00,GRACIE & PEDRO: PETS TO THE RESCUE,גרייסי ופדרו: חיות המחמד בפעולה,https://tickets.cinema-city.co.il/order/833243?lang=en,https://tickets.cinema-city.co.il/order/833243?lang=he,Regular,2D,,Hebrew,2026-07-27,,,,87,All,Netanya,Cinema City,575
12:05,GRACIE & PEDRO: PETS TO THE RESCUE,גרייסי ופדרו: חיות המחמד בפעולה,https://tickets.cinema-city.co.il/order/833244?lang=en,https://tickets.cinema-city.co.il/order/833244?lang=he,Regular,2D,,Hebrew,2026-07-27,,,,87,All,Netanya,Cinema City,575
14:10,GRACIE & PEDRO: PETS TO THE RESCUE,גרייסי ופדרו: חיות המחמד בפעולה,https://tickets.cinema-city.co.il/order/833245?lang=en,https://tickets.cinema-city.co.il/order/833245?lang=he,Regular,2D,,Hebrew,2026-07-27,,,,87,All,Netanya,Cinema City,575
16:15,GRACIE & PEDRO: PETS TO THE RESCUE,גרייסי ופדרו: חיות המחמד בפעולה,https://tickets.cinema-city.co.il/order/833246?lang=en,https://tickets.cinema-city.co.il/order/833246?lang=he,Regular,2D,,Hebrew,2026-07-27,,,,87,All,Netanya,Cinema City,575
10:00,GRACIE & PEDRO: PETS TO THE RESCUE,גרייסי ופדרו: חיות המחמד בפעולה,https://tickets.cinema-city.co.il/order/833285?lang=en,https://tickets.cinema-city.co.il/order/833285?lang=he,Regular,2D,,Hebrew,2026-07-28,,,,87,All,Netanya,Cinema City,575
12:10,GRACIE & PEDRO: PETS TO THE RESCUE,גרייסי ופדרו: חיות המחמד בפעולה,https://tickets.cinema-city.co.il/order/833286?lang=en,https://tickets.cinema-city.co.il/order/833286?lang=he,Regular,2D,,Hebrew,2026-07-28,,,,87,All,Netanya,Cinema City,575
14:20,GRACIE & PEDRO: PETS TO THE RESCUE,גרייסי ופדרו: חיות המחמד בפעולה,https://tickets.cinema-city.co.il/order/833287?lang=en,https://tickets.cinema-city.co.il/order/833287?lang=he,Regular,2D,,Hebrew,2026-07-28,,,,87,All,Netanya,Cinema City,575
16:30,GRACIE & PEDRO: PETS TO THE RESCUE,גרייסי ופדרו: חיות המחמד בפעולה,https://tickets.cinema-city.co.il/order/833288?lang=en,https://tickets.cinema-city.co.il/order/833288?lang=he,Regular,2D,,Hebrew,2026-07-28,,,,87,All,Netanya,Cinema City,575
10:40,GRACIE & PEDRO: PETS TO THE RESCUE,גרייסי ופדרו: חיות המחמד בפעולה,https://tickets.cinema-city.co.il/order/834801?lang=en,https://tickets.cinema-city.co.il/order/834801?lang=he,Regular,2D,,Hebrew,2026-07-29,,,,87,All,Netanya,Cinema City,575
12:50,GRACIE & PEDRO: PETS TO THE RESCUE,גרייסי ופדרו: חיות המחמד בפעולה,https://tickets.cinema-city.co.il/order/833330?lang=en,https://tickets.cinema-city.co.il/order/833330?lang=he,Regular,2D,,Hebrew,2026-07-29,,,,87,All,Netanya,Cinema City,575
15:00,GRACIE & PEDRO: PETS TO THE RESCUE,גרייסי ופדרו: חיות המחמד בפעולה,https://tickets.cinema-city.co.il/order/833331?lang=en,https://tickets.cinema-city.co.il/order/833331?lang=he,Regular,2D,,Hebrew,2026-07-29,,,,87,All,Netanya,Cinema City,575
11:00,THE ODYSSEY,האודיסאה,https://tickets.cinema-city.co.il/order/833264?lang=en,https://tickets.cinema-city.co.il/order/833264?lang=he,Regular,2D,,,2026-07-27,,,,172,14+,Netanya,Cinema City,575
14:35,THE ODYSSEY,האודיסאה,https://tickets.cinema-city.co.il/order/833265?lang=en,https://tickets.cinema-city.co.il/order/833265?lang=he,Regular,2D,,,2026-07-27,,,,172,14+,Netanya,Cinema City,575
17:50,THE ODYSSEY,האודיסאה,https://tickets.cinema-city.co.il/order/833257?lang=en,https://tickets.cinema-city.co.il/order/833257?lang=he,Regular,2D,,,2026-07-27,,,,172,14+,Netanya,Cinema City,575
18:15,THE ODYSSEY,האודיסאה,https://tickets.cinema-city.co.il/order/833266?lang=en,https://tickets.cinema-city.co.il/order/833266?lang=he,Regular,2D,,,2026-07-27,,,,172,14+,Netanya,Cinema City,575
19:40,THE ODYSSEY,האודיסאה,https://tickets.cinema-city.co.il/order/833226?lang=en,https://tickets.cinema-city.co.il/order/833226?lang=he,Regular,2D,,,2026-07-27,,,,172,14+,Netanya,Cinema City,575
21:40,THE ODYSSEY,האודיסאה,https://tickets.cinema-city.co.il/order/833258?lang=en,https://tickets.cinema-city.co.il/order/833258?lang=he,Regular,2D,,,2026-07-27,,,,172,14+,Netanya,Cinema City,575
22:00,THE ODYSSEY,האודיסאה,https://tickets.cinema-city.co.il/order/833263?lang=en,https://tickets.cinema-city.co.il/order/833263?lang=he,Regular,2D,,,2026-07-27,,,,172,14+,Netanya,Cinema City,575
10:00,THE ODYSSEY,האודיסאה,https://tickets.cinema-city.co.il/order/833297?lang=en,https://tickets.cinema-city.co.il/order/833297?lang=he,Regular,2D,,,2026-07-28,,,,172,14+,Netanya,Cinema City,575
13:50,THE ODYSSEY,האודיסאה,https://tickets.cinema-city.co.il/order/833298?lang=en,https://tickets.cinema-city.co.il/order/833298?lang=he,Regular,2D,,,2026-07-28,,,,172,14+,Netanya,Cinema City,575
20:00,THE ODYSSEY,האודיסאה,https://tickets.cinema-city.co.il/order/833296?lang=en,https://tickets.cinema-city.co.il/order/833296?lang=he,Regular,2D,,,2026-07-28,,,,172,14+,Netanya,Cinema City,575
18:15,THE ODYSSEY,האודיסאה,https://tickets.cinema-city.co.il/order/833338?lang=en,https://tickets.cinema-city.co.il/order/833338?lang=he,Regular,2D,,,2026-07-29,,,,172,14+,Netanya,Cinema City,575
19:50,THE ODYSSEY,האודיסאה,https://tickets.cinema-city.co.il/order/833321?lang=en,https://tickets.cinema-city.co.il/order/833321?lang=he,Regular,2D,,,2026-07-29,,,,172,14+,Netanya,Cinema City,575
22:00,THE ODYSSEY,האודיסאה,https://tickets.cinema-city.co.il/order/833337?lang=en,https://tickets.cinema-city.co.il/order/833337?lang=he,Regular,2D,,,2026-07-29,,,,172,14+,Netanya,Cinema City,575
11:25,Tafiti: Across the Desert,טפיטי: הרפתקה במדבר,https://tickets.cinema-city.co.il/order/833248?lang=en,https://tickets.cinema-city.co.il/order/833248?lang=he,Regular,2D,,Hebrew,2026-07-27,,,,81,9+,Netanya,Cinema City,575
14:40,Tafiti: Across the Desert,טפיטי: הרפתקה במדבר,https://tickets.cinema-city.co.il/order/833252?lang=en,https://tickets.cinema-city.co.il/order/833252?lang=he,Regular,2D,,Hebrew,2026-07-27,,,,81,9+,Netanya,Cinema City,575
15:40,Tafiti: Across the Desert,טפיטי: הרפתקה במדבר,https://tickets.cinema-city.co.il/order/833253?lang=en,https://tickets.cinema-city.co.il/order/833253?lang=he,Regular,2D,,Hebrew,2026-07-27,,,,81,9+,Netanya,Cinema City,575
10:20,Tafiti: Across the Desert,טפיטי: הרפתקה במדבר,https://tickets.cinema-city.co.il/order/833305?lang=en,https://tickets.cinema-city.co.il/order/833305?lang=he,Regular,2D,,Hebrew,2026-07-28,,,,81,9+,Netanya,Cinema City,575
13:10,Tafiti: Across the Desert,טפיטי: הרפתקה במדבר,https://tickets.cinema-city.co.il/order/833308?lang=en,https://tickets.cinema-city.co.il/order/833308?lang=he,Regular,2D,,Hebrew,2026-07-28,,,,81,9+,Netanya,Cinema City,575
11:20,Tafiti: Across the Desert,טפיטי: הרפתקה במדבר,https://tickets.cinema-city.co.il/order/833332?lang=en,https://tickets.cinema-city.co.il/order/833332?lang=he,Regular,2D,,Hebrew,2026-07-29,,,,81,9+,Netanya,Cinema City,575
15:40,Tafiti: Across the Desert,טפיטי: הרפתקה במדבר,https://tickets.cinema-city.co.il/order/833343?lang=en,https://tickets.cinema-city.co.il/order/833343?lang=he,Regular,2D,,Hebrew,2026-07-29,,,,81,9+,Netanya,Cinema City,575
18:20,Cuz You're Ugly,כי את מכוערת,https://tickets.cinema-city.co.il/order/833242?lang=en,https://tickets.cinema-city.co.il/order/833242?lang=he,Regular,2D,,,2026-07-27,,,,83,12+,Netanya,Cinema City,575
20:20,Cuz You're Ugly,כי את מכוערת,https://tickets.cinema-city.co.il/order/833256?lang=en,https://tickets.cinema-city.co.il/order/833256?lang=he,Regular,2D,,,2026-07-27,,,,83,12+,Netanya,Cinema City,575
22:20,Cuz You're Ugly,כי את מכוערת,https://tickets.cinema-city.co.il/order/833241?lang=en,https://tickets.cinema-city.co.il/order/833241?lang=he,Regular,2D,,,2026-07-27,,,,83,12+,Netanya,Cinema City,575
18:40,Cuz You're Ugly,כי את מכוערת,https://tickets.cinema-city.co.il/order/833284?lang=en,https://tickets.cinema-city.co.il/order/833284?lang=he,Regular,2D,,,2026-07-28,,,,83,12+,Netanya,Cinema City,575
23:30,Cuz You're Ugly,כי את מכוערת,https://tickets.cinema-city.co.il/order/833292?lang=en,https://tickets.cinema-city.co.il/order/833292?lang=he,Regular,2D,,,2026-07-28,,,,83,12+,Netanya,Cinema City,575
20:40,Cuz You're Ugly,כי את מכוערת,https://tickets.cinema-city.co.il/order/833335?lang=en,https://tickets.cinema-city.co.il/order/833335?lang=he,Regular,2D,,,2026-07-29,,,,83,12+,Netanya,Cinema City,575
22:50,Cuz You're Ugly,כי את מכוערת,https://tickets.cinema-city.co.il/order/833328?lang=en,https://tickets.cinema-city.co.il/order/833328?lang=he,Regular,2D,,,2026-07-29,,,,83,12+,Netanya,Cinema City,575
19:50,One Night Only,לגמור את הלילה,https://tickets.cinema-city.co.il/order/830663?lang=en,https://tickets.cinema-city.co.il/order/830663?lang=he,Regular,2D,,,2026-07-28,,,,102,14+,Netanya,Cinema City,575
20:45,One Night Only,לגמור את הלילה,https://tickets.cinema-city.co.il/order/833306?lang=en,https://tickets.cinema-city.co.il/order/833306?lang=he,Regular,2D,,,2026-07-28,,,,102,14+,Netanya,Cinema City,575
22:20,One Night Only,לגמור את הלילה,https://tickets.cinema-city.co.il/order/830665?lang=en,https://tickets.cinema-city.co.il/order/830665?lang=he,Regular,2D,,,2026-07-28,,,,102,14+,Netanya,Cinema City,575
23:10,One Night Only,לגמור את הלילה,https://tickets.cinema-city.co.il/order/833307?lang=en,https://tickets.cinema-city.co.il/order/833307?lang=he,Regular,2D,,,2026-07-28,,,,102,14+,Netanya,Cinema City,575
23:10,One Night Only,לגמור את הלילה,https://tickets.cinema-city.co.il/order/833350?lang=en,https://tickets.cinema-city.co.il/order/833350?lang=he,Regular,2D,,,2026-07-29,,,,102,14+,Netanya,Cinema City,575
23:30,One Night Only,לגמור את הלילה,https://tickets.cinema-city.co.il/order/833349?lang=en,https://tickets.cinema-city.co.il/order/833349?lang=he,Regular,2D,,,2026-07-29,,,,102,14+,Netanya,Cinema City,575
10:15,Moana (Live Action),מואנה (לייב אקשן),https://tickets.cinema-city.co.il/order/833231?lang=en,https://tickets.cinema-city.co.il/order/833231?lang=he,Regular,2D,,Hebrew,2026-07-27,,,,115,All,Netanya,Cinema City,575
13:00,Moana (Live Action),מואנה (לייב אקשן),https://tickets.cinema-city.co.il/order/833217?lang=en,https://tickets.cinema-city.co.il/order/833217?lang=he,Regular,2D,,Hebrew,2026-07-27,,,,115,All,Netanya,Cinema City,575
15:40,Moana (Live Action),מואנה (לייב אקשן),https://tickets.cinema-city.co.il/order/833219?lang=en,https://tickets.cinema-city.co.il/order/833219?lang=he,Regular,2D,,Hebrew,2026-07-27,,,,115,All,Netanya,Cinema City,575
12:30,Moana (Live Action),מואנה (לייב אקשן),https://tickets.cinema-city.co.il/order/833274?lang=en,https://tickets.cinema-city.co.il/order/833274?lang=he,Regular,2D,,Hebrew,2026-07-28,,,,115,All,Netanya,Cinema City,575
15:20,Moana (Live Action),מואנה (לייב אקשן),https://tickets.cinema-city.co.il/order/833311?lang=en,https://tickets.cinema-city.co.il/order/833311?lang=he,Regular,2D,,Hebrew,2026-07-28,,,,115,All,Netanya,Cinema City,575
10:30,Moana (Live Action),מואנה (לייב אקשן),https://tickets.cinema-city.co.il/order/833326?lang=en,https://tickets.cinema-city.co.il/order/833326?lang=he,Regular,2D,,Hebrew,2026-07-29,,,,115,All,Netanya,Cinema City,575
13:15,Moana (Live Action),מואנה (לייב אקשן),https://tickets.cinema-city.co.il/order/833319?lang=en,https://tickets.cinema-city.co.il/order/833319?lang=he,Regular,2D,,Hebrew,2026-07-29,,,,115,All,Netanya,Cinema City,575
12:10,School of Magical Animals 3,סוד החיות הקסומות 3,https://tickets.cinema-city.co.il/order/833255?lang=en,https://tickets.cinema-city.co.il/order/833255?lang=he,Regular,2D,,Hebrew,2026-07-27,,,,105,All,Netanya,Cinema City,575
16:45,School of Magical Animals 3,סוד החיות הקסומות 3,https://tickets.cinema-city.co.il/order/833247?lang=en,https://tickets.cinema-city.co.il/order/833247?lang=he,Regular,2D,,Hebrew,2026-07-27,,,,105,All,Netanya,Cinema City,575
11:10,School of Magical Animals 3,סוד החיות הקסומות 3,https://tickets.cinema-city.co.il/order/833291?lang=en,https://tickets.cinema-city.co.il/order/833291?lang=he,Regular,2D,,Hebrew,2026-07-28,,,,105,All,Netanya,Cinema City,575
16:10,School of Magical Animals 3,סוד החיות הקסומות 3,https://tickets.cinema-city.co.il/order/833289?lang=en,https://tickets.cinema-city.co.il/order/833289?lang=he,Regular,2D,,Hebrew,2026-07-28,,,,105,All,Netanya,Cinema City,575
17:45,סולטיז הסרט,סולטיז הסרט-וולוג ה-100,https://tickets.cinema-city.co.il/order/833262?lang=en,https://tickets.cinema-city.co.il/order/833262?lang=he,Regular,2D,,,2026-07-27,,,,100,All,Netanya,Cinema City,575
18:00,סולטיז הסרט,סולטיז הסרט-וולוג ה-100,https://tickets.cinema-city.co.il/order/833295?lang=en,https://tickets.cinema-city.co.il/order/833295?lang=he,Regular,2D,,,2026-07-28,,,,100,All,Netanya,Cinema City,575
10:00,Three Wishes for Cinderella,סינדרלה ושלוש המשאלות,https://tickets.cinema-city.co.il/order/833249?lang=en,https://tickets.cinema-city.co.il/order/833249?lang=he,Regular,2D,,Hebrew,2026-07-27,,,,85,All,Netanya,Cinema City,575
13:30,Three Wishes for Cinderella,סינדרלה ושלוש המשאלות,https://tickets.cinema-city.co.il/order/833254?lang=en,https://tickets.cinema-city.co.il/order/833254?lang=he,Regular,2D,,Hebrew,2026-07-27,,,,85,All,Netanya,Cinema City,575
13:50,Three Wishes for Cinderella,סינדרלה ושלוש המשאלות,https://tickets.cinema-city.co.il/order/833304?lang=en,https://tickets.cinema-city.co.il/order/833304?lang=he,Regular,2D,,Hebrew,2026-07-28,,,,85,All,Netanya,Cinema City,575
13:30,Three Wishes for Cinderella,סינדרלה ושלוש המשאלות,https://tickets.cinema-city.co.il/order/833334?lang=en,https://tickets.cinema-city.co.il/order/833334?lang=he,Regular,2D,,Hebrew,2026-07-29,,,,85,All,Netanya,Cinema City,575
11:30,SPIDERMAN: BRAND NEW DAY,ספיידרמן: יום חדש,https://tickets.cinema-city.co.il/order/813960?lang=en,https://tickets.cinema-city.co.il/order/813960?lang=he,Regular,2D,,,2026-07-29,,,,150,,Netanya,Cinema City,575
12:20,SPIDERMAN: BRAND NEW DAY,ספיידרמן: יום חדש,https://tickets.cinema-city.co.il/order/833346?lang=en,https://tickets.cinema-city.co.il/order/833346?lang=he,Regular,2D,,,2026-07-29,,,,150,,Netanya,Cinema City,575
14:50,SPIDERMAN: BRAND NEW DAY,ספיידרמן: יום חדש,https://tickets.cinema-city.co.il/order/814454?lang=en,https://tickets.cinema-city.co.il/order/814454?lang=he,Regular,2D,,,2026-07-29,,,,150,,Netanya,Cinema City,575
17:10,SPIDERMAN: BRAND NEW DAY,ספיידרמן: יום חדש,https://tickets.cinema-city.co.il/order/813962?lang=en,https://tickets.cinema-city.co.il/order/813962?lang=he,Regular,2D,,,2026-07-29,,,,150,,Netanya,Cinema City,575
17:50,SPIDERMAN: BRAND NEW DAY,ספיידרמן: יום חדש,https://tickets.cinema-city.co.il/order/833352?lang=en,https://tickets.cinema-city.co.il/order/833352?lang=he,Regular,2D,,,2026-07-29,,,,150,,Netanya,Cinema City,575
18:20,SPIDERMAN: BRAND NEW DAY,ספיידרמן: יום חדש,https://tickets.cinema-city.co.il/order/813958?lang=en,https://tickets.cinema-city.co.il/order/813958?lang=he,Regular,2D,,,2026-07-29,,,,150,,Netanya,Cinema City,575
20:20,SPIDERMAN: BRAND NEW DAY,ספיידרמן: יום חדש,https://tickets.cinema-city.co.il/order/813961?lang=en,https://tickets.cinema-city.co.il/order/813961?lang=he,Regular,2D,,,2026-07-29,,,,150,,Netanya,Cinema City,575
20:20,SPIDERMAN: BRAND NEW DAY,ספיידרמן: יום חדש,https://tickets.cinema-city.co.il/order/833344?lang=en,https://tickets.cinema-city.co.il/order/833344?lang=he,Regular,2D,,,2026-07-29,,,,150,,Netanya,Cinema City,575
21:50,SPIDERMAN: BRAND NEW DAY,ספיידרמן: יום חדש,https://tickets.cinema-city.co.il/order/813957?lang=en,https://tickets.cinema-city.co.il/order/813957?lang=he,Regular,2D,,,2026-07-29,,,,150,,Netanya,Cinema City,575
11:45,SPIDERMAN: BRAND NEW DAY,ספיידרמן: יום חדש,https://tickets.cinema-city.co.il/order/813953?lang=en,https://tickets.cinema-city.co.il/order/813953?lang=he,Regular,2D,,,2026-07-30,,,,150,,Netanya,Cinema City,575
15:10,SPIDERMAN: BRAND NEW DAY,ספיידרמן: יום חדש,https://tickets.cinema-city.co.il/order/813952?lang=en,https://tickets.cinema-city.co.il/order/813952?lang=he,Regular,2D,,,2026-07-30,,,,150,,Netanya,Cinema City,575
17:30,SPIDERMAN: BRAND NEW DAY,ספיידרמן: יום חדש,https://tickets.cinema-city.co.il/order/813955?lang=en,https://tickets.cinema-city.co.il/order/813955?lang=he,Regular,2D,,,2026-07-30,,,,150,,Netanya,Cinema City,575
18:35,SPIDERMAN: BRAND NEW DAY,ספיידרמן: יום חדש,https://tickets.cinema-city.co.il/order/813951?lang=en,https://tickets.cinema-city.co.il/order/813951?lang=he,Regular,2D,,,2026-07-30,,,,150,,Netanya,Cinema City,575
20:50,SPIDERMAN: BRAND NEW DAY,ספיידרמן: יום חדש,https://tickets.cinema-city.co.il/order/813954?lang=en,https://tickets.cinema-city.co.il/order/813954?lang=he,Regular,2D,,,2026-07-30,,,,150,,Netanya,Cinema City,575
22:00,SPIDERMAN: BRAND NEW DAY,ספיידרמן: יום חדש,https://tickets.cinema-city.co.il/order/813950?lang=en,https://tickets.cinema-city.co.il/order/813950?lang=he,Regular,2D,,,2026-07-30,,,,150,,Netanya,Cinema City,575
15:15,SPIDERMAN: BRAND NEW DAY,ספיידרמן: יום חדש,https://tickets.cinema-city.co.il/order/813947?lang=en,https://tickets.cinema-city.co.il/order/813947?lang=he,Regular,2D,,,2026-07-31,,,,150,,Netanya,Cinema City,575
17:50,SPIDERMAN: BRAND NEW DAY,ספיידרמן: יום חדש,https://tickets.cinema-city.co.il/order/813948?lang=en,https://tickets.cinema-city.co.il/order/813948?lang=he,Regular,2D,,,2026-07-31,,,,150,,Netanya,Cinema City,575
18:45,SPIDERMAN: BRAND NEW DAY,ספיידרמן: יום חדש,https://tickets.cinema-city.co.il/order/813946?lang=en,https://tickets.cinema-city.co.il/order/813946?lang=he,Regular,2D,,,2026-07-31,,,,150,,Netanya,Cinema City,575
21:15,SPIDERMAN: BRAND NEW DAY,ספיידרמן: יום חדש,https://tickets.cinema-city.co.il/order/813949?lang=en,https://tickets.cinema-city.co.il/order/813949?lang=he,Regular,2D,,,2026-07-31,,,,150,,Netanya,Cinema City,575
22:20,SPIDERMAN: BRAND NEW DAY,ספיידרמן: יום חדש,https://tickets.cinema-city.co.il/order/813945?lang=en,https://tickets.cinema-city.co.il/order/813945?lang=he,Regular,2D,,,2026-07-31,,,,150,,Netanya,Cinema City,575
11:00,SPIDERMAN: BRAND NEW DAY,ספיידרמן: יום חדש,https://tickets.cinema-city.co.il/order/813942?lang=en,https://tickets.cinema-city.co.il/order/813942?lang=he,Regular,2D,,,2026-08-01,,,,150,,Netanya,Cinema City,575
14:30,SPIDERMAN: BRAND NEW DAY,ספיידרמן: יום חדש,https://tickets.cinema-city.co.il/order/813941?lang=en,https://tickets.cinema-city.co.il/order/813941?lang=he,Regular,2D,,,2026-08-01,,,,150,,Netanya,Cinema City,575
16:30,SPIDERMAN: BRAND NEW DAY,ספיידרמן: יום חדש,https://tickets.cinema-city.co.il/order/813944?lang=en,https://tickets.cinema-city.co.il/order/813944?lang=he,Regular,2D,,,2026-08-01,,,,150,,Netanya,Cinema City,575
18:00,SPIDERMAN: BRAND NEW DAY,ספיידרמן: יום חדש,https://tickets.cinema-city.co.il/order/813940?lang=en,https://tickets.cinema-city.co.il/order/813940?lang=he,Regular,2D,,,2026-08-01,,,,150,,Netanya,Cinema City,575
19:45,SPIDERMAN: BRAND NEW DAY,ספיידרמן: יום חדש,https://tickets.cinema-city.co.il/order/813943?lang=en,https://tickets.cinema-city.co.il/order/813943?lang=he,Regular,2D,,,2026-08-01,,,,150,,Netanya,Cinema City,575
21:30,SPIDERMAN: BRAND NEW DAY,ספיידרמן: יום חדש,https://tickets.cinema-city.co.il/order/813939?lang=en,https://tickets.cinema-city.co.il/order/813939?lang=he,Regular,2D,,,2026-08-01,,,,150,,Netanya,Cinema City,575
10:30,קופה ראשית: הסרט,קופה ראשית: הסרט,https://tickets.cinema-city.co.il/order/833225?lang=en,https://tickets.cinema-city.co.il/order/833225?lang=he,Regular,2D,,,2026-07-27,,,,91,All,Netanya,Cinema City,575
12:40,קופה ראשית: הסרט,קופה ראשית: הסרט,https://tickets.cinema-city.co.il/order/833210?lang=en,https://tickets.cinema-city.co.il/order/833210?lang=he,Regular,2D,,,2026-07-27,,,,91,All,Netanya,Cinema City,575
14:50,קופה ראשית: הסרט,קופה ראשית: הסרט,https://tickets.cinema-city.co.il/order/833229?lang=en,https://tickets.cinema-city.co.il/order/833229?lang=he,Regular,2D,,,2026-07-27,,,,91,All,Netanya,Cinema City,575
16:30,קופה ראשית: הסרט,קופה ראשית: הסרט,https://tickets.cinema-city.co.il/order/833236?lang=en,https://tickets.cinema-city.co.il/order/833236?lang=he,Regular,2D,,,2026-07-27,,,,91,All,Netanya,Cinema City,575
17:00,קופה ראשית: הסרט,קופה ראשית: הסרט,https://tickets.cinema-city.co.il/order/833208?lang=en,https://tickets.cinema-city.co.il/order/833208?lang=he,Regular,2D,,,2026-07-27,,,,91,All,Netanya,Cinema City,575
18:40,קופה ראשית: הסרט,קופה ראשית: הסרט,https://tickets.cinema-city.co.il/order/833234?lang=en,https://tickets.cinema-city.co.il/order/833234?lang=he,Regular,2D,,,2026-07-27,,,,91,All,Netanya,Cinema City,575
19:10,קופה ראשית: הסרט,קופה ראשית: הסרט,https://tickets.cinema-city.co.il/order/833206?lang=en,https://tickets.cinema-city.co.il/order/833206?lang=he,Regular,2D,,,2026-07-27,,,,91,All,Netanya,Cinema City,575
20:50,קופה ראשית: הסרט,קופה ראשית: הסרט,https://tickets.cinema-city.co.il/order/833235?lang=en,https://tickets.cinema-city.co.il/order/833235?lang=he,Regular,2D,,,2026-07-27,,,,91,All,Netanya,Cinema City,575
21:20,קופה ראשית: הסרט,קופה ראשית: הסרט,https://tickets.cinema-city.co.il/order/833212?lang=en,https://tickets.cinema-city.co.il/order/833212?lang=he,Regular,2D,,,2026-07-27,,,,91,All,Netanya,Cinema City,575
23:00,קופה ראשית: הסרט,קופה ראשית: הסרט,https://tickets.cinema-city.co.il/order/833233?lang=en,https://tickets.cinema-city.co.il/order/833233?lang=he,Regular,2D,,,2026-07-27,,,,91,All,Netanya,Cinema City,575
23:30,קופה ראשית: הסרט,קופה ראשית: הסרט,https://tickets.cinema-city.co.il/order/833215?lang=en,https://tickets.cinema-city.co.il/order/833215?lang=he,Regular,2D,,,2026-07-27,,,,91,All,Netanya,Cinema City,575
10:50,קופה ראשית: הסרט,קופה ראשית: הסרט,https://tickets.cinema-city.co.il/order/833275?lang=en,https://tickets.cinema-city.co.il/order/833275?lang=he,Regular,2D,,,2026-07-28,,,,91,All,Netanya,Cinema City,575
13:10,קופה ראשית: הסרט,קופה ראשית: הסרט,https://tickets.cinema-city.co.il/order/833273?lang=en,https://tickets.cinema-city.co.il/order/833273?lang=he,Regular,2D,,,2026-07-28,,,,91,All,Netanya,Cinema City,575
14:10,קופה ראשית: הסרט,קופה ראשית: הסרט,https://tickets.cinema-city.co.il/order/833281?lang=en,https://tickets.cinema-city.co.il/order/833281?lang=he,Regular,2D,,,2026-07-28,,,,91,All,Netanya,Cinema City,575
15:20,קופה ראשית: הסרט,קופה ראשית: הסרט,https://tickets.cinema-city.co.il/order/833277?lang=en,https://tickets.cinema-city.co.il/order/833277?lang=he,Regular,2D,,,2026-07-28,,,,91,All,Netanya,Cinema City,575
17:30,קופה ראשית: הסרט,קופה ראשית: הסרט,https://tickets.cinema-city.co.il/order/833272?lang=en,https://tickets.cinema-city.co.il/order/833272?lang=he,Regular,2D,,,2026-07-28,,,,91,All,Netanya,Cinema City,575
20:20,קופה ראשית: הסרט,קופה ראשית: הסרט,https://tickets.cinema-city.co.il/order/833280?lang=en,https://tickets.cinema-city.co.il/order/833280?lang=he,Regular,2D,,,2026-07-28,,,,91,All,Netanya,Cinema City,575
22:40,קופה ראשית: הסרט,קופה ראשית: הסרט,https://tickets.cinema-city.co.il/order/833279?lang=en,https://tickets.cinema-city.co.il/order/833279?lang=he,Regular,2D,,,2026-07-28,,,,91,All,Netanya,Cinema City,575
13:10,קופה ראשית: הסרט,קופה ראשית: הסרט,https://tickets.cinema-city.co.il/order/833317?lang=en,https://tickets.cinema-city.co.il/order/833317?lang=he,Regular,2D,,,2026-07-29,,,,91,All,Netanya,Cinema City,575
15:20,קופה ראשית: הסרט,קופה ראשית: הסרט,https://tickets.cinema-city.co.il/order/833323?lang=en,https://tickets.cinema-city.co.il/order/833323?lang=he,Regular,2D,,,2026-07-29,,,,91,All,Netanya,Cinema City,575
17:50,קופה ראשית: הסרט,קופה ראשית: הסרט,https://tickets.cinema-city.co.il/order/833316?lang=en,https://tickets.cinema-city.co.il/order/833316?lang=he,Regular,2D,,,2026-07-29,,,,91,All,Netanya,Cinema City,575
23:15,קופה ראשית: הסרט,קופה ראשית: הסרט,https://tickets.cinema-city.co.il/order/833318?lang=en,https://tickets.cinema-city.co.il/order/833318?lang=he,Regular,2D,,,2026-07-29,,,,91,All,Netanya,Cinema City,575
23:30,קופה ראשית: הסרט,קופה ראשית: הסרט,https://tickets.cinema-city.co.il/order/833345?lang=en,https://tickets.cinema-city.co.il/order/833345?lang=he,Regular,2D,,,2026-07-29,,,,91,All,Netanya,Cinema City,575
10:40,GRACIE & PEDRO: PETS TO THE RESCUE,גרייסי ופדרו: חיות המחמד בפעולה,https://tickets.cinema-city.co.il/order/834801?lang=en,https://tickets.cinema-city.co.il/order/834801?lang=he,Prime,2D,,Hebrew,2026-07-29,,,,87,All,Netanya,Cinema City,575
19:40,THE ODYSSEY,האודיסאה,https://tickets.cinema-city.co.il/order/833226?lang=en,https://tickets.cinema-city.co.il/order/833226?lang=he,Prime,2D,,,2026-07-27,,,,172,14+,Netanya,Cinema City,575
20:45,One Night Only,לגמור את הלילה,https://tickets.cinema-city.co.il/order/833306?lang=en,https://tickets.cinema-city.co.il/order/833306?lang=he,Prime,2D,,,2026-07-28,,,,102,14+,Netanya,Cinema City,575
23:10,One Night Only,לגמור את הלילה,https://tickets.cinema-city.co.il/order/833307?lang=en,https://tickets.cinema-city.co.il/order/833307?lang=he,Prime,2D,,,2026-07-28,,,,102,14+,Netanya,Cinema City,575
23:10,One Night Only,לגמור את הלילה,https://tickets.cinema-city.co.il/order/833350?lang=en,https://tickets.cinema-city.co.il/order/833350?lang=he,Prime,2D,,,2026-07-29,,,,102,14+,Netanya,Cinema City,575
12:20,SPIDERMAN: BRAND NEW DAY,ספיידרמן: יום חדש,https://tickets.cinema-city.co.il/order/833346?lang=en,https://tickets.cinema-city.co.il/order/833346?lang=he,Prime,2D,,,2026-07-29,,,,150,,Netanya,Cinema City,575
17:50,SPIDERMAN: BRAND NEW DAY,ספיידרמן: יום חדש,https://tickets.cinema-city.co.il/order/833352?lang=en,https://tickets.cinema-city.co.il/order/833352?lang=he,Prime,2D,,,2026-07-29,,,,150,,Netanya,Cinema City,575
20:20,SPIDERMAN: BRAND NEW DAY,ספיידרמן: יום חדש,https://tickets.cinema-city.co.il/order/833344?lang=en,https://tickets.cinema-city.co.il/order/833344?lang=he,Prime,2D,,,2026-07-29,,,,150,,Netanya,Cinema City,575
16:30,קופה ראשית: הסרט,קופה ראשית: הסרט,https://tickets.cinema-city.co.il/order/833236?lang=en,https://tickets.cinema-city.co.il/order/833236?lang=he,Prime,2D,,,2026-07-27,,,,91,All,Netanya,Cinema City,575
18:40,קופה ראשית: הסרט,קופה ראשית: הסרט,https://tickets.cinema-city.co.il/order/833234?lang=en,https://tickets.cinema-city.co.il/order/833234?lang=he,Prime,2D,,,2026-07-27,,,,91,All,Netanya,Cinema City,575
20:50,קופה ראשית: הסרט,קופה ראשית: הסרט,https://tickets.cinema-city.co.il/order/833235?lang=en,https://tickets.cinema-city.co.il/order/833235?lang=he,Prime,2D,,,2026-07-27,,,,91,All,Netanya,Cinema City,575
23:00,קופה ראשית: הסרט,קופה ראשית: הסרט,https://tickets.cinema-city.co.il/order/833233?lang=en,https://tickets.cinema-city.co.il/order/833233?lang=he,Prime,2D,,,2026-07-27,,,,91,All,Netanya,Cinema City,575
14:10,קופה ראשית: הסרט,קופה ראשית: הסרט,https://tickets.cinema-city.co.il/order/833281?lang=en,https://tickets.cinema-city.co.il/order/833281?lang=he,Prime,2D,,,2026-07-28,,,,91,All,Netanya,Cinema City,575
23:30,קופה ראשית: הסרט,קופה ראשית: הסרט,https://tickets.cinema-city.co.il/order/833345?lang=en,https://tickets.cinema-city.co.il/order/833345?lang=he,Prime,2D,,,2026-07-29,,,,91,All,Netanya,Cinema City,575
19:20,Just an Illusion,אשליות מתוקות,https://tickets.cinema-city.co.il/order/833821?lang=en,https://tickets.cinema-city.co.il/order/833821?lang=he,Regular,2D,,,2026-07-27,,,,119,All,Beer Sheva,Cinema City,575
19:20,Just an Illusion,אשליות מתוקות,https://tickets.cinema-city.co.il/order/833893?lang=en,https://tickets.cinema-city.co.il/order/833893?lang=he,Regular,2D,,,2026-07-28,,,,119,All,Beer Sheva,Cinema City,575
19:20,Just an Illusion,אשליות מתוקות,https://tickets.cinema-city.co.il/order/833983?lang=en,https://tickets.cinema-city.co.il/order/833983?lang=he,Regular,2D,,,2026-07-29,,,,119,All,Beer Sheva,Cinema City,575
10:10,GRACIE & PEDRO: PETS TO THE RESCUE,גרייסי ופדרו: חיות המחמד בפעולה,https://tickets.cinema-city.co.il/order/833792?lang=en,https://tickets.cinema-city.co.il/order/833792?lang=he,Regular,2D,,Hebrew,2026-07-27,,,,87,All,Beer Sheva,Cinema City,575
12:25,GRACIE & PEDRO: PETS TO THE RESCUE,גרייסי ופדרו: חיות המחמד בפעולה,https://tickets.cinema-city.co.il/order/833819?lang=en,https://tickets.cinema-city.co.il/order/833819?lang=he,Regular,2D,,Hebrew,2026-07-27,,,,87,All,Beer Sheva,Cinema City,575
14:40,GRACIE & PEDRO: PETS TO THE RESCUE,גרייסי ופדרו: חיות המחמד בפעולה,https://tickets.cinema-city.co.il/order/833817?lang=en,https://tickets.cinema-city.co.il/order/833817?lang=he,Regular,2D,,Hebrew,2026-07-27,,,,87,All,Beer Sheva,Cinema City,575
16:55,GRACIE & PEDRO: PETS TO THE RESCUE,גרייסי ופדרו: חיות המחמד בפעולה,https://tickets.cinema-city.co.il/order/833793?lang=en,https://tickets.cinema-city.co.il/order/833793?lang=he,Regular,2D,,Hebrew,2026-07-27,,,,87,All,Beer Sheva,Cinema City,575
10:20,GRACIE & PEDRO: PETS TO THE RESCUE,גרייסי ופדרו: חיות המחמד בפעולה,https://tickets.cinema-city.co.il/order/833879?lang=en,https://tickets.cinema-city.co.il/order/833879?lang=he,Regular,2D,,Hebrew,2026-07-28,,,,87,All,Beer Sheva,Cinema City,575
12:35,GRACIE & PEDRO: PETS TO THE RESCUE,גרייסי ופדרו: חיות המחמד בפעולה,https://tickets.cinema-city.co.il/order/833891?lang=en,https://tickets.cinema-city.co.il/order/833891?lang=he,Regular,2D,,Hebrew,2026-07-28,,,,87,All,Beer Sheva,Cinema City,575
14:50,GRACIE & PEDRO: PETS TO THE RESCUE,גרייסי ופדרו: חיות המחמד בפעולה,https://tickets.cinema-city.co.il/order/833890?lang=en,https://tickets.cinema-city.co.il/order/833890?lang=he,Regular,2D,,Hebrew,2026-07-28,,,,87,All,Beer Sheva,Cinema City,575
17:55,GRACIE & PEDRO: PETS TO THE RESCUE,גרייסי ופדרו: חיות המחמד בפעולה,https://tickets.cinema-city.co.il/order/833880?lang=en,https://tickets.cinema-city.co.il/order/833880?lang=he,Regular,2D,,Hebrew,2026-07-28,,,,87,All,Beer Sheva,Cinema City,575
10:00,GRACIE & PEDRO: PETS TO THE RESCUE,גרייסי ופדרו: חיות המחמד בפעולה,https://tickets.cinema-city.co.il/order/834765?lang=en,https://tickets.cinema-city.co.il/order/834765?lang=he,Regular,2D,,Hebrew,2026-07-29,,,,87,All,Beer Sheva,Cinema City,575
12:05,GRACIE & PEDRO: PETS TO THE RESCUE,גרייסי ופדרו: חיות המחמד בפעולה,https://tickets.cinema-city.co.il/order/833971?lang=en,https://tickets.cinema-city.co.il/order/833971?lang=he,Regular,2D,,Hebrew,2026-07-29,,,,87,All,Beer Sheva,Cinema City,575
14:10,GRACIE & PEDRO: PETS TO THE RESCUE,גרייסי ופדרו: חיות המחמד בפעולה,https://tickets.cinema-city.co.il/order/833982?lang=en,https://tickets.cinema-city.co.il/order/833982?lang=he,Regular,2D,,Hebrew,2026-07-29,,,,87,All,Beer Sheva,Cinema City,575
16:20,GRACIE & PEDRO: PETS TO THE RESCUE,גרייסי ופדרו: חיות המחמד בפעולה,https://tickets.cinema-city.co.il/order/833981?lang=en,https://tickets.cinema-city.co.il/order/833981?lang=he,Regular,2D,,Hebrew,2026-07-29,,,,87,All,Beer Sheva,Cinema City,575
16:00,THE ODYSSEY,האודיסאה,https://tickets.cinema-city.co.il/order/833825?lang=en,https://tickets.cinema-city.co.il/order/833825?lang=he,Regular,2D,,,2026-07-27,,,,172,14+,Beer Sheva,Cinema City,575
17:30,THE ODYSSEY,האודיסאה,https://tickets.cinema-city.co.il/order/833758?lang=en,https://tickets.cinema-city.co.il/order/833758?lang=he,Regular,2D,,,2026-07-27,,,,172,14+,Beer Sheva,Cinema City,575
18:00,THE ODYSSEY,האודיסאה,https://tickets.cinema-city.co.il/order/833831?lang=en,https://tickets.cinema-city.co.il/order/833831?lang=he,Regular,2D,,,2026-07-27,,,,172,14+,Beer Sheva,Cinema City,575
19:50,THE ODYSSEY,האודיסאה,https://tickets.cinema-city.co.il/order/833829?lang=en,https://tickets.cinema-city.co.il/order/833829?lang=he,Regular,2D,,,2026-07-27,,,,172,14+,Beer Sheva,Cinema City,575
21:50,THE ODYSSEY,האודיסאה,https://tickets.cinema-city.co.il/order/833827?lang=en,https://tickets.cinema-city.co.il/order/833827?lang=he,Regular,2D,,,2026-07-27,,,,172,14+,Beer Sheva,Cinema City,575
20:10,THE ODYSSEY,האודיסאה,https://tickets.cinema-city.co.il/order/833923?lang=en,https://tickets.cinema-city.co.il/order/833923?lang=he,Regular,2D,,,2026-07-28,,,,172,14+,Beer Sheva,Cinema City,575
21:00,THE ODYSSEY,האודיסאה,https://tickets.cinema-city.co.il/order/833898?lang=en,https://tickets.cinema-city.co.il/order/833898?lang=he,Regular,2D,,,2026-07-28,,,,172,14+,Beer Sheva,Cinema City,575
10:00,THE ODYSSEY,האודיסאה,https://tickets.cinema-city.co.il/order/834766?lang=en,https://tickets.cinema-city.co.il/order/834766?lang=he,Regular,2D,,,2026-07-29,,,,172,14+,Beer Sheva,Cinema City,575
13:40,THE ODYSSEY,האודיסאה,https://tickets.cinema-city.co.il/order/833993?lang=en,https://tickets.cinema-city.co.il/order/833993?lang=he,Regular,2D,,,2026-07-29,,,,172,14+,Beer Sheva,Cinema City,575
17:45,THE ODYSSEY,האודיסאה,https://tickets.cinema-city.co.il/order/833956?lang=en,https://tickets.cinema-city.co.il/order/833956?lang=he,Regular,2D,,,2026-07-29,,,,172,14+,Beer Sheva,Cinema City,575
20:20,THE ODYSSEY,האודיסאה,https://tickets.cinema-city.co.il/order/833985?lang=en,https://tickets.cinema-city.co.il/order/833985?lang=he,Regular,2D,,,2026-07-29,,,,172,14+,Beer Sheva,Cinema City,575
21:30,THE ODYSSEY,האודיסאה,https://tickets.cinema-city.co.il/order/833994?lang=en,https://tickets.cinema-city.co.il/order/833994?lang=he,Regular,2D,,,2026-07-29,,,,172,14+,Beer Sheva,Cinema City,575
10:20,Tafiti: Across the Desert,טפיטי: הרפתקה במדבר,https://tickets.cinema-city.co.il/order/834761?lang=en,https://tickets.cinema-city.co.il/order/834761?lang=he,Regular,2D,,Hebrew,2026-07-27,,,,81,9+,Beer Sheva,Cinema City,575
12:40,Tafiti: Across the Desert,טפיטי: הרפתקה במדבר,https://tickets.cinema-city.co.il/order/833811?lang=en,https://tickets.cinema-city.co.il/order/833811?lang=he,Regular,2D,,Hebrew,2026-07-27,,,,81,9+,Beer Sheva,Cinema City,575
15:00,Tafiti: Across the Desert,טפיטי: הרפתקה במדבר,https://tickets.cinema-city.co.il/order/833809?lang=en,https://tickets.cinema-city.co.il/order/833809?lang=he,Regular,2D,,Hebrew,2026-07-27,,,,81,9+,Beer Sheva,Cinema City,575
17:20,Tafiti: Across the Desert,טפיטי: הרפתקה במדבר,https://tickets.cinema-city.co.il/order/833801?lang=en,https://tickets.cinema-city.co.il/order/833801?lang=he,Regular,2D,,Hebrew,2026-07-27,,,,81,9+,Beer Sheva,Cinema City,575
10:05,Tafiti: Across the Desert,טפיטי: הרפתקה במדבר,https://tickets.cinema-city.co.il/order/833887?lang=en,https://tickets.cinema-city.co.il/order/833887?lang=he,Regular,2D,,Hebrew,2026-07-28,,,,81,9+,Beer Sheva,Cinema City,575
10:05,Tafiti: Across the Desert,טפיטי: הרפתקה במדבר,https://tickets.cinema-city.co.il/order/833991?lang=en,https://tickets.cinema-city.co.il/order/833991?lang=he,Regular,2D,,Hebrew,2026-07-29,,,,81,9+,Beer Sheva,Cinema City,575
12:40,Tafiti: Across the Desert,טפיטי: הרפתקה במדבר,https://tickets.cinema-city.co.il/order/833979?lang=en,https://tickets.cinema-city.co.il/order/833979?lang=he,Regular,2D,,Hebrew,2026-07-29,,,,81,9+,Beer Sheva,Cinema City,575
15:00,Tafiti: Across the Desert,טפיטי: הרפתקה במדבר,https://tickets.cinema-city.co.il/order/833978?lang=en,https://tickets.cinema-city.co.il/order/833978?lang=he,Regular,2D,,Hebrew,2026-07-29,,,,81,9+,Beer Sheva,Cinema City,575
17:30,Tafiti: Across the Desert,טפיטי: הרפתקה במדבר,https://tickets.cinema-city.co.il/order/833974?lang=en,https://tickets.cinema-city.co.il/order/833974?lang=he,Regular,2D,,Hebrew,2026-07-29,,,,81,9+,Beer Sheva,Cinema City,575
13:30,Cuz You're Ugly,כי את מכוערת,https://tickets.cinema-city.co.il/order/833773?lang=en,https://tickets.cinema-city.co.il/order/833773?lang=he,Regular,2D,,,2026-07-27,,,,83,12+,Beer Sheva,Cinema City,575
19:10,Cuz You're Ugly,כי את מכוערת,https://tickets.cinema-city.co.il/order/833815?lang=en,https://tickets.cinema-city.co.il/order/833815?lang=he,Regular,2D,,,2026-07-27,,,,83,12+,Beer Sheva,Cinema City,575
21:20,Cuz You're Ugly,כי את מכוערת,https://tickets.cinema-city.co.il/order/833813?lang=en,https://tickets.cinema-city.co.il/order/833813?lang=he,Regular,2D,,,2026-07-27,,,,83,12+,Beer Sheva,Cinema City,575
13:20,Cuz You're Ugly,כי את מכוערת,https://tickets.cinema-city.co.il/order/833871?lang=en,https://tickets.cinema-city.co.il/order/833871?lang=he,Regular,2D,,,2026-07-28,,,,83,12+,Beer Sheva,Cinema City,575
17:50,Cuz You're Ugly,כי את מכוערת,https://tickets.cinema-city.co.il/order/833888?lang=en,https://tickets.cinema-city.co.il/order/833888?lang=he,Regular,2D,,,2026-07-28,,,,83,12+,Beer Sheva,Cinema City,575
19:50,Cuz You're Ugly,כי את מכוערת,https://tickets.cinema-city.co.il/order/833889?lang=en,https://tickets.cinema-city.co.il/order/833889?lang=he,Regular,2D,,,2026-07-28,,,,83,12+,Beer Sheva,Cinema City,575
20:10,Cuz You're Ugly,כי את מכוערת,https://tickets.cinema-city.co.il/order/833992?lang=en,https://tickets.cinema-city.co.il/order/833992?lang=he,Regular,2D,,,2026-07-29,,,,83,12+,Beer Sheva,Cinema City,575
21:50,Cuz You're Ugly,כי את מכוערת,https://tickets.cinema-city.co.il/order/833980?lang=en,https://tickets.cinema-city.co.il/order/833980?lang=he,Regular,2D,,,2026-07-29,,,,83,12+,Beer Sheva,Cinema City,575
18:00,One Night Only,לגמור את הלילה,https://tickets.cinema-city.co.il/order/833921?lang=en,https://tickets.cinema-city.co.il/order/833921?lang=he,Regular,2D,,,2026-07-28,,,,102,14+,Beer Sheva,Cinema City,575
19:55,One Night Only,לגמור את הלילה,https://tickets.cinema-city.co.il/order/830672?lang=en,https://tickets.cinema-city.co.il/order/830672?lang=he,Regular,2D,,,2026-07-28,,,,102,14+,Beer Sheva,Cinema City,575
20:50,One Night Only,לגמור את הלילה,https://tickets.cinema-city.co.il/order/833919?lang=en,https://tickets.cinema-city.co.il/order/833919?lang=he,Regular,2D,,,2026-07-28,,,,102,14+,Beer Sheva,Cinema City,575
22:30,One Night Only,לגמור את הלילה,https://tickets.cinema-city.co.il/order/830669?lang=en,https://tickets.cinema-city.co.il/order/830669?lang=he,Regular,2D,,,2026-07-28,,,,102,14+,Beer Sheva,Cinema City,575
10:20,Moana (Live Action),מואנה (לייב אקשן),https://tickets.cinema-city.co.il/order/833755?lang=en,https://tickets.cinema-city.co.il/order/833755?lang=he,Regular,2D,,Hebrew,2026-07-27,,,,115,All,Beer Sheva,Cinema City,575
15:20,Moana (Live Action),מואנה (לייב אקשן),https://tickets.cinema-city.co.il/order/833775?lang=en,https://tickets.cinema-city.co.il/order/833775?lang=he,Regular,2D,,Hebrew,2026-07-27,,,,115,All,Beer Sheva,Cinema City,575
11:10,Moana (Live Action),מואנה (לייב אקשן),https://tickets.cinema-city.co.il/order/833861?lang=en,https://tickets.cinema-city.co.il/order/833861?lang=he,Regular,2D,,Hebrew,2026-07-28,,,,115,All,Beer Sheva,Cinema City,575
14:20,Moana (Live Action),מואנה (לייב אקשן),https://tickets.cinema-city.co.il/order/833872?lang=en,https://tickets.cinema-city.co.il/order/833872?lang=he,Regular,2D,,Hebrew,2026-07-28,,,,115,All,Beer Sheva,Cinema City,575
10:20,Moana (Live Action),מואנה (לייב אקשן),https://tickets.cinema-city.co.il/order/833953?lang=en,https://tickets.cinema-city.co.il/order/833953?lang=he,Regular,2D,,Hebrew,2026-07-29,,,,115,All,Beer Sheva,Cinema City,575
15:20,Moana (Live Action),מואנה (לייב אקשן),https://tickets.cinema-city.co.il/order/833962?lang=en,https://tickets.cinema-city.co.il/order/833962?lang=he,Regular,2D,,Hebrew,2026-07-29,,,,115,All,Beer Sheva,Cinema City,575
11:40,School of Magical Animals 3,סוד החיות הקסומות 3,https://tickets.cinema-city.co.il/order/833807?lang=en,https://tickets.cinema-city.co.il/order/833807?lang=he,Regular,2D,,Hebrew,2026-07-27,,,,105,All,Beer Sheva,Cinema City,575
14:15,School of Magical Animals 3,סוד החיות הקסומות 3,https://tickets.cinema-city.co.il/order/833779?lang=en,https://tickets.cinema-city.co.il/order/833779?lang=he,Regular,2D,,Hebrew,2026-07-27,,,,105,All,Beer Sheva,Cinema City,575
16:50,School of Magical Animals 3,סוד החיות הקסומות 3,https://tickets.cinema-city.co.il/order/833795?lang=en,https://tickets.cinema-city.co.il/order/833795?lang=he,Regular,2D,,Hebrew,2026-07-27,,,,105,All,Beer Sheva,Cinema City,575
11:50,School of Magical Animals 3,סוד החיות הקסומות 3,https://tickets.cinema-city.co.il/order/833886?lang=en,https://tickets.cinema-city.co.il/order/833886?lang=he,Regular,2D,,Hebrew,2026-07-28,,,,105,All,Beer Sheva,Cinema City,575
11:40,School of Magical Animals 3,סוד החיות הקסומות 3,https://tickets.cinema-city.co.il/order/833977?lang=en,https://tickets.cinema-city.co.il/order/833977?lang=he,Regular,2D,,Hebrew,2026-07-29,,,,105,All,Beer Sheva,Cinema City,575
14:15,School of Magical Animals 3,סוד החיות הקסומות 3,https://tickets.cinema-city.co.il/order/833964?lang=en,https://tickets.cinema-city.co.il/order/833964?lang=he,Regular,2D,,Hebrew,2026-07-29,,,,105,All,Beer Sheva,Cinema City,575
16:50,School of Magical Animals 3,סוד החיות הקסומות 3,https://tickets.cinema-city.co.il/order/833972?lang=en,https://tickets.cinema-city.co.il/order/833972?lang=he,Regular,2D,,Hebrew,2026-07-29,,,,105,All,Beer Sheva,Cinema City,575
12:45,סולטיז הסרט,סולטיז הסרט-וולוג ה-100,https://tickets.cinema-city.co.il/order/833849?lang=en,https://tickets.cinema-city.co.il/order/833849?lang=he,Regular,2D,,,2026-07-27,,,,100,All,Beer Sheva,Cinema City,575
14:25,סולטיז הסרט,סולטיז הסרט-וולוג ה-100,https://tickets.cinema-city.co.il/order/833925?lang=en,https://tickets.cinema-city.co.il/order/833925?lang=he,Regular,2D,,,2026-07-28,,,,100,All,Beer Sheva,Cinema City,575
11:10,Three Wishes for Cinderella,סינדרלה ושלוש המשאלות,https://tickets.cinema-city.co.il/order/833805?lang=en,https://tickets.cinema-city.co.il/order/833805?lang=he,Regular,2D,,Hebrew,2026-07-27,,,,85,All,Beer Sheva,Cinema City,575
13:30,Three Wishes for Cinderella,סינדרלה ושלוש המשאלות,https://tickets.cinema-city.co.il/order/833803?lang=en,https://tickets.cinema-city.co.il/order/833803?lang=he,Regular,2D,,Hebrew,2026-07-27,,,,85,All,Beer Sheva,Cinema City,575
15:50,Three Wishes for Cinderella,סינדרלה ושלוש המשאלות,https://tickets.cinema-city.co.il/order/833797?lang=en,https://tickets.cinema-city.co.il/order/833797?lang=he,Regular,2D,,Hebrew,2026-07-27,,,,85,All,Beer Sheva,Cinema City,575
10:10,Three Wishes for Cinderella,סינדרלה ושלוש המשאלות,https://tickets.cinema-city.co.il/order/833885?lang=en,https://tickets.cinema-city.co.il/order/833885?lang=he,Regular,2D,,Hebrew,2026-07-28,,,,85,All,Beer Sheva,Cinema City,575
12:30,Three Wishes for Cinderella,סינדרלה ושלוש המשאלות,https://tickets.cinema-city.co.il/order/833884?lang=en,https://tickets.cinema-city.co.il/order/833884?lang=he,Regular,2D,,Hebrew,2026-07-28,,,,85,All,Beer Sheva,Cinema City,575
14:50,Three Wishes for Cinderella,סינדרלה ושלוש המשאלות,https://tickets.cinema-city.co.il/order/833882?lang=en,https://tickets.cinema-city.co.il/order/833882?lang=he,Regular,2D,,Hebrew,2026-07-28,,,,85,All,Beer Sheva,Cinema City,575
11:30,Three Wishes for Cinderella,סינדרלה ושלוש המשאלות,https://tickets.cinema-city.co.il/order/833976?lang=en,https://tickets.cinema-city.co.il/order/833976?lang=he,Regular,2D,,Hebrew,2026-07-29,,,,85,All,Beer Sheva,Cinema City,575
14:00,Three Wishes for Cinderella,סינדרלה ושלוש המשאלות,https://tickets.cinema-city.co.il/order/833975?lang=en,https://tickets.cinema-city.co.il/order/833975?lang=he,Regular,2D,,Hebrew,2026-07-29,,,,85,All,Beer Sheva,Cinema City,575
16:30,Three Wishes for Cinderella,סינדרלה ושלוש המשאלות,https://tickets.cinema-city.co.il/order/833973?lang=en,https://tickets.cinema-city.co.il/order/833973?lang=he,Regular,2D,,Hebrew,2026-07-29,,,,85,All,Beer Sheva,Cinema City,575
11:00,SPIDERMAN: BRAND NEW DAY,ספיידרמן: יום חדש,https://tickets.cinema-city.co.il/order/814041?lang=en,https://tickets.cinema-city.co.il/order/814041?lang=he,Regular,2D,,,2026-07-29,,,,150,,Beer Sheva,Cinema City,575
12:30,SPIDERMAN: BRAND NEW DAY,ספיידרמן: יום חדש,https://tickets.cinema-city.co.il/order/814049?lang=en,https://tickets.cinema-city.co.il/order/814049?lang=he,Regular,2D,,,2026-07-29,,,,150,,Beer Sheva,Cinema City,575
14:30,SPIDERMAN: BRAND NEW DAY,ספיידרמן: יום חדש,https://tickets.cinema-city.co.il/order/814043?lang=en,https://tickets.cinema-city.co.il/order/814043?lang=he,Regular,2D,,,2026-07-29,,,,150,,Beer Sheva,Cinema City,575
16:00,SPIDERMAN: BRAND NEW DAY,ספיידרמן: יום חדש,https://tickets.cinema-city.co.il/order/814048?lang=en,https://tickets.cinema-city.co.il/order/814048?lang=he,Regular,2D,,,2026-07-29,,,,150,,Beer Sheva,Cinema City,575
18:00,SPIDERMAN: BRAND NEW DAY,ספיידרמן: יום חדש,https://tickets.cinema-city.co.il/order/814044?lang=en,https://tickets.cinema-city.co.il/order/814044?lang=he,Regular,2D,,,2026-07-29,,,,150,,Beer Sheva,Cinema City,575
19:30,SPIDERMAN: BRAND NEW DAY,ספיידרמן: יום חדש,https://tickets.cinema-city.co.il/order/814047?lang=en,https://tickets.cinema-city.co.il/order/814047?lang=he,Regular,2D,,,2026-07-29,,,,150,,Beer Sheva,Cinema City,575
21:30,SPIDERMAN: BRAND NEW DAY,ספיידרמן: יום חדש,https://tickets.cinema-city.co.il/order/814046?lang=en,https://tickets.cinema-city.co.il/order/814046?lang=he,Regular,2D,,,2026-07-29,,,,150,,Beer Sheva,Cinema City,575
11:00,SPIDERMAN: BRAND NEW DAY,ספיידרמן: יום חדש,https://tickets.cinema-city.co.il/order/814028?lang=en,https://tickets.cinema-city.co.il/order/814028?lang=he,Regular,2D,,,2026-07-30,,,,150,,Beer Sheva,Cinema City,575
12:30,SPIDERMAN: BRAND NEW DAY,ספיידרמן: יום חדש,https://tickets.cinema-city.co.il/order/814034?lang=en,https://tickets.cinema-city.co.il/order/814034?lang=he,Regular,2D,,,2026-07-30,,,,150,,Beer Sheva,Cinema City,575
14:30,SPIDERMAN: BRAND NEW DAY,ספיידרמן: יום חדש,https://tickets.cinema-city.co.il/order/814029?lang=en,https://tickets.cinema-city.co.il/order/814029?lang=he,Regular,2D,,,2026-07-30,,,,150,,Beer Sheva,Cinema City,575
16:00,SPIDERMAN: BRAND NEW DAY,ספיידרמן: יום חדש,https://tickets.cinema-city.co.il/order/814033?lang=en,https://tickets.cinema-city.co.il/order/814033?lang=he,Regular,2D,,,2026-07-30,,,,150,,Beer Sheva,Cinema City,575
18:00,SPIDERMAN: BRAND NEW DAY,ספיידרמן: יום חדש,https://tickets.cinema-city.co.il/order/814030?lang=en,https://tickets.cinema-city.co.il/order/814030?lang=he,Regular,2D,,,2026-07-30,,,,150,,Beer Sheva,Cinema City,575
19:30,SPIDERMAN: BRAND NEW DAY,ספיידרמן: יום חדש,https://tickets.cinema-city.co.il/order/814032?lang=en,https://tickets.cinema-city.co.il/order/814032?lang=he,Regular,2D,,,2026-07-30,,,,150,,Beer Sheva,Cinema City,575
21:30,SPIDERMAN: BRAND NEW DAY,ספיידרמן: יום חדש,https://tickets.cinema-city.co.il/order/814031?lang=en,https://tickets.cinema-city.co.il/order/814031?lang=he,Regular,2D,,,2026-07-30,,,,150,,Beer Sheva,Cinema City,575
11:00,SPIDERMAN: BRAND NEW DAY,ספיידרמן: יום חדש,https://tickets.cinema-city.co.il/order/814014?lang=en,https://tickets.cinema-city.co.il/order/814014?lang=he,Regular,2D,,,2026-07-31,,,,150,,Beer Sheva,Cinema City,575
12:30,SPIDERMAN: BRAND NEW DAY,ספיידרמן: יום חדש,https://tickets.cinema-city.co.il/order/814022?lang=en,https://tickets.cinema-city.co.il/order/814022?lang=he,Regular,2D,,,2026-07-31,,,,150,,Beer Sheva,Cinema City,575
14:30,SPIDERMAN: BRAND NEW DAY,ספיידרמן: יום חדש,https://tickets.cinema-city.co.il/order/814015?lang=en,https://tickets.cinema-city.co.il/order/814015?lang=he,Regular,2D,,,2026-07-31,,,,150,,Beer Sheva,Cinema City,575
16:00,SPIDERMAN: BRAND NEW DAY,ספיידרמן: יום חדש,https://tickets.cinema-city.co.il/order/814020?lang=en,https://tickets.cinema-city.co.il/order/814020?lang=he,Regular,2D,,,2026-07-31,,,,150,,Beer Sheva,Cinema City,575
18:00,SPIDERMAN: BRAND NEW DAY,ספיידרמן: יום חדש,https://tickets.cinema-city.co.il/order/814016?lang=en,https://tickets.cinema-city.co.il/order/814016?lang=he,Regular,2D,,,2026-07-31,,,,150,,Beer Sheva,Cinema City,575
19:30,SPIDERMAN: BRAND NEW DAY,ספיידרמן: יום חדש,https://tickets.cinema-city.co.il/order/814018?lang=en,https://tickets.cinema-city.co.il/order/814018?lang=he,Regular,2D,,,2026-07-31,,,,150,,Beer Sheva,Cinema City,575
21:30,SPIDERMAN: BRAND NEW DAY,ספיידרמן: יום חדש,https://tickets.cinema-city.co.il/order/814017?lang=en,https://tickets.cinema-city.co.il/order/814017?lang=he,Regular,2D,,,2026-07-31,,,,150,,Beer Sheva,Cinema City,575
11:00,SPIDERMAN: BRAND NEW DAY,ספיידרמן: יום חדש,https://tickets.cinema-city.co.il/order/813991?lang=en,https://tickets.cinema-city.co.il/order/813991?lang=he,Regular,2D,,,2026-08-01,,,,150,,Beer Sheva,Cinema City,575
12:30,SPIDERMAN: BRAND NEW DAY,ספיידרמן: יום חדש,https://tickets.cinema-city.co.il/order/814005?lang=en,https://tickets.cinema-city.co.il/order/814005?lang=he,Regular,2D,,,2026-08-01,,,,150,,Beer Sheva,Cinema City,575
14:30,SPIDERMAN: BRAND NEW DAY,ספיידרמן: יום חדש,https://tickets.cinema-city.co.il/order/813993?lang=en,https://tickets.cinema-city.co.il/order/813993?lang=he,Regular,2D,,,2026-08-01,,,,150,,Beer Sheva,Cinema City,575
16:00,SPIDERMAN: BRAND NEW DAY,ספיידרמן: יום חדש,https://tickets.cinema-city.co.il/order/814002?lang=en,https://tickets.cinema-city.co.il/order/814002?lang=he,Regular,2D,,,2026-08-01,,,,150,,Beer Sheva,Cinema City,575
18:00,SPIDERMAN: BRAND NEW DAY,ספיידרמן: יום חדש,https://tickets.cinema-city.co.il/order/813995?lang=en,https://tickets.cinema-city.co.il/order/813995?lang=he,Regular,2D,,,2026-08-01,,,,150,,Beer Sheva,Cinema City,575
19:30,SPIDERMAN: BRAND NEW DAY,ספיידרמן: יום חדש,https://tickets.cinema-city.co.il/order/814000?lang=en,https://tickets.cinema-city.co.il/order/814000?lang=he,Regular,2D,,,2026-08-01,,,,150,,Beer Sheva,Cinema City,575
21:30,SPIDERMAN: BRAND NEW DAY,ספיידרמן: יום חדש,https://tickets.cinema-city.co.il/order/813997?lang=en,https://tickets.cinema-city.co.il/order/813997?lang=he,Regular,2D,,,2026-08-01,,,,150,,Beer Sheva,Cinema City,575
11:40,קופה ראשית: הסרט,קופה ראשית: הסרט,https://tickets.cinema-city.co.il/order/833757?lang=en,https://tickets.cinema-city.co.il/order/833757?lang=he,Regular,2D,,,2026-07-27,,,,91,All,Beer Sheva,Cinema City,575
13:00,קופה ראשית: הסרט,קופה ראשית: הסרט,https://tickets.cinema-city.co.il/order/833781?lang=en,https://tickets.cinema-city.co.il/order/833781?lang=he,Regular,2D,,,2026-07-27,,,,91,All,Beer Sheva,Cinema City,575
15:10,קופה ראשית: הסרט,קופה ראשית: הסרט,https://tickets.cinema-city.co.il/order/833788?lang=en,https://tickets.cinema-city.co.il/order/833788?lang=he,Regular,2D,,,2026-07-27,,,,91,All,Beer Sheva,Cinema City,575
17:10,קופה ראשית: הסרט,קופה ראשית: הסרט,https://tickets.cinema-city.co.il/order/833823?lang=en,https://tickets.cinema-city.co.il/order/833823?lang=he,Regular,2D,,,2026-07-27,,,,91,All,Beer Sheva,Cinema City,575
18:00,קופה ראשית: הסרט,קופה ראשית: הסרט,https://tickets.cinema-city.co.il/order/833777?lang=en,https://tickets.cinema-city.co.il/order/833777?lang=he,Regular,2D,,,2026-07-27,,,,91,All,Beer Sheva,Cinema City,575
19:30,קופה ראשית: הסרט,קופה ראשית: הסרט,https://tickets.cinema-city.co.il/order/833845?lang=en,https://tickets.cinema-city.co.il/order/833845?lang=he,Regular,2D,,,2026-07-27,,,,91,All,Beer Sheva,Cinema City,575
20:00,קופה ראשית: הסרט,קופה ראשית: הסרט,https://tickets.cinema-city.co.il/order/833841?lang=en,https://tickets.cinema-city.co.il/order/833841?lang=he,Regular,2D,,,2026-07-27,,,,91,All,Beer Sheva,Cinema City,575
21:10,קופה ראשית: הסרט,קופה ראשית: הסרט,https://tickets.cinema-city.co.il/order/833787?lang=en,https://tickets.cinema-city.co.il/order/833787?lang=he,Regular,2D,,,2026-07-27,,,,91,All,Beer Sheva,Cinema City,575
21:50,קופה ראשית: הסרט,קופה ראשית: הסרט,https://tickets.cinema-city.co.il/order/833847?lang=en,https://tickets.cinema-city.co.il/order/833847?lang=he,Regular,2D,,,2026-07-27,,,,91,All,Beer Sheva,Cinema City,575
22:30,קופה ראשית: הסרט,קופה ראשית: הסרט,https://tickets.cinema-city.co.il/order/833843?lang=en,https://tickets.cinema-city.co.il/order/833843?lang=he,Regular,2D,,,2026-07-27,,,,91,All,Beer Sheva,Cinema City,575
11:40,קופה ראשית: הסרט,קופה ראשית: הסרט,https://tickets.cinema-city.co.il/order/833863?lang=en,https://tickets.cinema-city.co.il/order/833863?lang=he,Regular,2D,,,2026-07-28,,,,91,All,Beer Sheva,Cinema City,575
14:10,קופה ראשית: הסרט,קופה ראשית: הסרט,https://tickets.cinema-city.co.il/order/833862?lang=en,https://tickets.cinema-city.co.il/order/833862?lang=he,Regular,2D,,,2026-07-28,,,,91,All,Beer Sheva,Cinema City,575
17:50,קופה ראשית: הסרט,קופה ראשית: הסרט,https://tickets.cinema-city.co.il/order/833915?lang=en,https://tickets.cinema-city.co.il/order/833915?lang=he,Regular,2D,,,2026-07-28,,,,91,All,Beer Sheva,Cinema City,575
21:40,קופה ראשית: הסרט,קופה ראשית: הסרט,https://tickets.cinema-city.co.il/order/833909?lang=en,https://tickets.cinema-city.co.il/order/833909?lang=he,Regular,2D,,,2026-07-28,,,,91,All,Beer Sheva,Cinema City,575
11:40,קופה ראשית: הסרט,קופה ראשית: הסרט,https://tickets.cinema-city.co.il/order/833955?lang=en,https://tickets.cinema-city.co.il/order/833955?lang=he,Regular,2D,,,2026-07-29,,,,91,All,Beer Sheva,Cinema City,575
13:00,קופה ראשית: הסרט,קופה ראשית: הסרט,https://tickets.cinema-city.co.il/order/833965?lang=en,https://tickets.cinema-city.co.il/order/833965?lang=he,Regular,2D,,,2026-07-29,,,,91,All,Beer Sheva,Cinema City,575
14:10,קופה ראשית: הסרט,קופה ראשית: הסרט,https://tickets.cinema-city.co.il/order/833954?lang=en,https://tickets.cinema-city.co.il/order/833954?lang=he,Regular,2D,,,2026-07-29,,,,91,All,Beer Sheva,Cinema City,575
16:40,קופה ראשית: הסרט,קופה ראשית: הסרט,https://tickets.cinema-city.co.il/order/833984?lang=en,https://tickets.cinema-city.co.il/order/833984?lang=he,Regular,2D,,,2026-07-29,,,,91,All,Beer Sheva,Cinema City,575
18:00,קופה ראשית: הסרט,קופה ראשית: הסרט,https://tickets.cinema-city.co.il/order/833963?lang=en,https://tickets.cinema-city.co.il/order/833963?lang=he,Regular,2D,,,2026-07-29,,,,91,All,Beer Sheva,Cinema City,575
19:10,קופה ראשית: הסרט,קופה ראשית: הסרט,https://tickets.cinema-city.co.il/order/833989?lang=en,https://tickets.cinema-city.co.il/order/833989?lang=he,Regular,2D,,,2026-07-29,,,,91,All,Beer Sheva,Cinema City,575
21:40,קופה ראשית: הסרט,קופה ראשית: הסרט,https://tickets.cinema-city.co.il/order/833990?lang=en,https://tickets.cinema-city.co.il/order/833990?lang=he,Regular,2D,,,2026-07-29,,,,91,All,Beer Sheva,Cinema City,575
21:30,SPIDERMAN: BRAND NEW DAY,ספיידרמן: יום חדש,https://tickets.cinema-city.co.il/order/827006?lang=en,https://tickets.cinema-city.co.il/order/827006?lang=he,VIP,2D,,,2026-07-30,,,,150,,Beer Sheva,Cinema City,575
21:30,SPIDERMAN: BRAND NEW DAY,ספיידרמן: יום חדש,https://tickets.cinema-city.co.il/order/835201?lang=en,https://tickets.cinema-city.co.il/order/835201?lang=he,VIP,2D,,,2026-07-30,,,,150,,Beer Sheva,Cinema City,575
22:30,SPIDERMAN: BRAND NEW DAY,ספיידרמן: יום חדש,https://tickets.cinema-city.co.il/order/830121?lang=en,https://tickets.cinema-city.co.il/order/830121?lang=he,VIP,2D,,,2026-08-01,,,,150,,Beer Sheva,Cinema City,575
22:30,SPIDERMAN: BRAND NEW DAY,ספיידרמן: יום חדש,https://tickets.cinema-city.co.il/order/835203?lang=en,https://tickets.cinema-city.co.il/order/835203?lang=he,VIP,2D,,,2026-08-01,,,,150,,Beer Sheva,Cinema City,575
18:00,Just an Illusion,אשליות מתוקות,https://tickets.cinema-city.co.il/order/833734?lang=en,https://tickets.cinema-city.co.il/order/833734?lang=he,Regular,2D,,,2026-07-27,,,,119,All,Chadera,Cinema City,575
10:45,Just an Illusion,אשליות מתוקות,https://tickets.cinema-city.co.il/order/833853?lang=en,https://tickets.cinema-city.co.il/order/833853?lang=he,Regular,2D,,,2026-07-28,,,,119,All,Chadera,Cinema City,575
17:50,Just an Illusion,אשליות מתוקות,https://tickets.cinema-city.co.il/order/833778?lang=en,https://tickets.cinema-city.co.il/order/833778?lang=he,Regular,2D,,,2026-07-28,,,,119,All,Chadera,Cinema City,575
19:15,Just an Illusion,אשליות מתוקות,https://tickets.cinema-city.co.il/order/833931?lang=en,https://tickets.cinema-city.co.il/order/833931?lang=he,Regular,2D,,,2026-07-29,,,,119,All,Chadera,Cinema City,575
10:10,GRACIE & PEDRO: PETS TO THE RESCUE,גרייסי ופדרו: חיות המחמד בפעולה,https://tickets.cinema-city.co.il/order/833742?lang=en,https://tickets.cinema-city.co.il/order/833742?lang=he,Regular,2D,,Hebrew,2026-07-27,,,,87,All,Chadera,Cinema City,575
12:30,GRACIE & PEDRO: PETS TO THE RESCUE,גרייסי ופדרו: חיות המחמד בפעולה,https://tickets.cinema-city.co.il/order/833743?lang=en,https://tickets.cinema-city.co.il/order/833743?lang=he,Regular,2D,,Hebrew,2026-07-27,,,,87,All,Chadera,Cinema City,575
14:10,GRACIE & PEDRO: PETS TO THE RESCUE,גרייסי ופדרו: חיות המחמד בפעולה,https://tickets.cinema-city.co.il/order/833741?lang=en,https://tickets.cinema-city.co.il/order/833741?lang=he,Regular,2D,,Hebrew,2026-07-27,,,,87,All,Chadera,Cinema City,575
16:40,GRACIE & PEDRO: PETS TO THE RESCUE,גרייסי ופדרו: חיות המחמד בפעולה,https://tickets.cinema-city.co.il/order/833744?lang=en,https://tickets.cinema-city.co.il/order/833744?lang=he,Regular,2D,,Hebrew,2026-07-27,,,,87,All,Chadera,Cinema City,575
10:20,GRACIE & PEDRO: PETS TO THE RESCUE,גרייסי ופדרו: חיות המחמד בפעולה,https://tickets.cinema-city.co.il/order/833802?lang=en,https://tickets.cinema-city.co.il/order/833802?lang=he,Regular,2D,,Hebrew,2026-07-28,,,,87,All,Chadera,Cinema City,575
12:30,GRACIE & PEDRO: PETS TO THE RESCUE,גרייסי ופדרו: חיות המחמד בפעולה,https://tickets.cinema-city.co.il/order/833804?lang=en,https://tickets.cinema-city.co.il/order/833804?lang=he,Regular,2D,,Hebrew,2026-07-28,,,,87,All,Chadera,Cinema City,575
14:10,GRACIE & PEDRO: PETS TO THE RESCUE,גרייסי ופדרו: חיות המחמד בפעולה,https://tickets.cinema-city.co.il/order/833800?lang=en,https://tickets.cinema-city.co.il/order/833800?lang=he,Regular,2D,,Hebrew,2026-07-28,,,,87,All,Chadera,Cinema City,575
16:40,GRACIE & PEDRO: PETS TO THE RESCUE,גרייסי ופדרו: חיות המחמד בפעולה,https://tickets.cinema-city.co.il/order/833806?lang=en,https://tickets.cinema-city.co.il/order/833806?lang=he,Regular,2D,,Hebrew,2026-07-28,,,,87,All,Chadera,Cinema City,575
10:40,GRACIE & PEDRO: PETS TO THE RESCUE,גרייסי ופדרו: חיות המחמד בפעולה,https://tickets.cinema-city.co.il/order/833937?lang=en,https://tickets.cinema-city.co.il/order/833937?lang=he,Regular,2D,,Hebrew,2026-07-29,,,,87,All,Chadera,Cinema City,575
12:50,GRACIE & PEDRO: PETS TO THE RESCUE,גרייסי ופדרו: חיות המחמד בפעולה,https://tickets.cinema-city.co.il/order/833938?lang=en,https://tickets.cinema-city.co.il/order/833938?lang=he,Regular,2D,,Hebrew,2026-07-29,,,,87,All,Chadera,Cinema City,575
15:00,GRACIE & PEDRO: PETS TO THE RESCUE,גרייסי ופדרו: חיות המחמד בפעולה,https://tickets.cinema-city.co.il/order/833936?lang=en,https://tickets.cinema-city.co.il/order/833936?lang=he,Regular,2D,,Hebrew,2026-07-29,,,,87,All,Chadera,Cinema City,575
17:10,GRACIE & PEDRO: PETS TO THE RESCUE,גרייסי ופדרו: חיות המחמד בפעולה,https://tickets.cinema-city.co.il/order/833939?lang=en,https://tickets.cinema-city.co.il/order/833939?lang=he,Regular,2D,,Hebrew,2026-07-29,,,,87,All,Chadera,Cinema City,575
12:15,THE ODYSSEY,האודיסאה,https://tickets.cinema-city.co.il/order/833730?lang=en,https://tickets.cinema-city.co.il/order/833730?lang=he,Regular,2D,,,2026-07-27,,,,172,14+,Chadera,Cinema City,575
16:30,THE ODYSSEY,האודיסאה,https://tickets.cinema-city.co.il/order/833729?lang=en,https://tickets.cinema-city.co.il/order/833729?lang=he,Regular,2D,,,2026-07-27,,,,172,14+,Chadera,Cinema City,575
17:30,THE ODYSSEY,האודיסאה,https://tickets.cinema-city.co.il/order/833728?lang=en,https://tickets.cinema-city.co.il/order/833728?lang=he,Regular,2D,,,2026-07-27,,,,172,14+,Chadera,Cinema City,575
18:50,THE ODYSSEY,האודיסאה,https://tickets.cinema-city.co.il/order/833731?lang=en,https://tickets.cinema-city.co.il/order/833731?lang=he,Regular,2D,,,2026-07-27,,,,172,14+,Chadera,Cinema City,575
20:10,THE ODYSSEY,האודיסאה,https://tickets.cinema-city.co.il/order/833719?lang=en,https://tickets.cinema-city.co.il/order/833719?lang=he,Regular,2D,,,2026-07-27,,,,172,14+,Chadera,Cinema City,575
21:15,THE ODYSSEY,האודיסאה,https://tickets.cinema-city.co.il/order/833724?lang=en,https://tickets.cinema-city.co.il/order/833724?lang=he,Regular,2D,,,2026-07-27,,,,172,14+,Chadera,Cinema City,575
22:00,THE ODYSSEY,האודיסאה,https://tickets.cinema-city.co.il/order/833722?lang=en,https://tickets.cinema-city.co.il/order/833722?lang=he,Regular,2D,,,2026-07-27,,,,172,14+,Chadera,Cinema City,575
11:10,THE ODYSSEY,האודיסאה,https://tickets.cinema-city.co.il/order/833854?lang=en,https://tickets.cinema-city.co.il/order/833854?lang=he,Regular,2D,,,2026-07-28,,,,172,14+,Chadera,Cinema City,575
12:50,THE ODYSSEY,האודיסאה,https://tickets.cinema-city.co.il/order/833770?lang=en,https://tickets.cinema-city.co.il/order/833770?lang=he,Regular,2D,,,2026-07-28,,,,172,14+,Chadera,Cinema City,575
16:30,THE ODYSSEY,האודיסאה,https://tickets.cinema-city.co.il/order/833768?lang=en,https://tickets.cinema-city.co.il/order/833768?lang=he,Regular,2D,,,2026-07-28,,,,172,14+,Chadera,Cinema City,575
18:50,THE ODYSSEY,האודיסאה,https://tickets.cinema-city.co.il/order/833772?lang=en,https://tickets.cinema-city.co.il/order/833772?lang=he,Regular,2D,,,2026-07-28,,,,172,14+,Chadera,Cinema City,575
20:00,THE ODYSSEY,האודיסאה,https://tickets.cinema-city.co.il/order/833850?lang=en,https://tickets.cinema-city.co.il/order/833850?lang=he,Regular,2D,,,2026-07-28,,,,172,14+,Chadera,Cinema City,575
21:30,THE ODYSSEY,האודיסאה,https://tickets.cinema-city.co.il/order/833852?lang=en,https://tickets.cinema-city.co.il/order/833852?lang=he,Regular,2D,,,2026-07-28,,,,172,14+,Chadera,Cinema City,575
17:30,THE ODYSSEY,האודיסאה,https://tickets.cinema-city.co.il/order/833951?lang=en,https://tickets.cinema-city.co.il/order/833951?lang=he,Regular,2D,,,2026-07-29,,,,172,14+,Chadera,Cinema City,575
19:10,THE ODYSSEY,האודיסאה,https://tickets.cinema-city.co.il/order/833949?lang=en,https://tickets.cinema-city.co.il/order/833949?lang=he,Regular,2D,,,2026-07-29,,,,172,14+,Chadera,Cinema City,575
20:15,THE ODYSSEY,האודיסאה,https://tickets.cinema-city.co.il/order/833920?lang=en,https://tickets.cinema-city.co.il/order/833920?lang=he,Regular,2D,,,2026-07-29,,,,172,14+,Chadera,Cinema City,575
21:10,THE ODYSSEY,האודיסאה,https://tickets.cinema-city.co.il/order/833950?lang=en,https://tickets.cinema-city.co.il/order/833950?lang=he,Regular,2D,,,2026-07-29,,,,172,14+,Chadera,Cinema City,575
22:00,THE ODYSSEY,האודיסאה,https://tickets.cinema-city.co.il/order/833926?lang=en,https://tickets.cinema-city.co.il/order/833926?lang=he,Regular,2D,,,2026-07-29,,,,172,14+,Chadera,Cinema City,575
10:10,Tafiti: Across the Desert,טפיטי: הרפתקה במדבר,https://tickets.cinema-city.co.il/order/833740?lang=en,https://tickets.cinema-city.co.il/order/833740?lang=he,Regular,2D,,Hebrew,2026-07-27,,,,81,9+,Chadera,Cinema City,575
13:15,Tafiti: Across the Desert,טפיטי: הרפתקה במדבר,https://tickets.cinema-city.co.il/order/833739?lang=en,https://tickets.cinema-city.co.il/order/833739?lang=he,Regular,2D,,Hebrew,2026-07-27,,,,81,9+,Chadera,Cinema City,575
15:20,Tafiti: Across the Desert,טפיטי: הרפתקה במדבר,https://tickets.cinema-city.co.il/order/833737?lang=en,https://tickets.cinema-city.co.il/order/833737?lang=he,Regular,2D,,Hebrew,2026-07-27,,,,81,9+,Chadera,Cinema City,575
17:30,Tafiti: Across the Desert,טפיטי: הרפתקה במדבר,https://tickets.cinema-city.co.il/order/833748?lang=en,https://tickets.cinema-city.co.il/order/833748?lang=he,Regular,2D,,Hebrew,2026-07-27,,,,81,9+,Chadera,Cinema City,575
10:10,Tafiti: Across the Desert,טפיטי: הרפתקה במדבר,https://tickets.cinema-city.co.il/order/833858?lang=en,https://tickets.cinema-city.co.il/order/833858?lang=he,Regular,2D,,Hebrew,2026-07-28,,,,81,9+,Chadera,Cinema City,575
13:30,Tafiti: Across the Desert,טפיטי: הרפתקה במדבר,https://tickets.cinema-city.co.il/order/833798?lang=en,https://tickets.cinema-city.co.il/order/833798?lang=he,Regular,2D,,Hebrew,2026-07-28,,,,81,9+,Chadera,Cinema City,575
15:40,Tafiti: Across the Desert,טפיטי: הרפתקה במדבר,https://tickets.cinema-city.co.il/order/833794?lang=en,https://tickets.cinema-city.co.il/order/833794?lang=he,Regular,2D,,Hebrew,2026-07-28,,,,81,9+,Chadera,Cinema City,575
12:50,Tafiti: Across the Desert,טפיטי: הרפתקה במדבר,https://tickets.cinema-city.co.il/order/833935?lang=en,https://tickets.cinema-city.co.il/order/833935?lang=he,Regular,2D,,Hebrew,2026-07-29,,,,81,9+,Chadera,Cinema City,575
15:00,Tafiti: Across the Desert,טפיטי: הרפתקה במדבר,https://tickets.cinema-city.co.il/order/833933?lang=en,https://tickets.cinema-city.co.il/order/833933?lang=he,Regular,2D,,Hebrew,2026-07-29,,,,81,9+,Chadera,Cinema City,575
17:10,Tafiti: Across the Desert,טפיטי: הרפתקה במדבר,https://tickets.cinema-city.co.il/order/833943?lang=en,https://tickets.cinema-city.co.il/order/833943?lang=he,Regular,2D,,Hebrew,2026-07-29,,,,81,9+,Chadera,Cinema City,575
19:10,Cuz You're Ugly,כי את מכוערת,https://tickets.cinema-city.co.il/order/833732?lang=en,https://tickets.cinema-city.co.il/order/833732?lang=he,Regular,2D,,,2026-07-27,,,,83,12+,Chadera,Cinema City,575
21:20,Cuz You're Ugly,כי את מכוערת,https://tickets.cinema-city.co.il/order/833733?lang=en,https://tickets.cinema-city.co.il/order/833733?lang=he,Regular,2D,,,2026-07-27,,,,83,12+,Chadera,Cinema City,575
20:10,Cuz You're Ugly,כי את מכוערת,https://tickets.cinema-city.co.il/order/833774?lang=en,https://tickets.cinema-city.co.il/order/833774?lang=he,Regular,2D,,,2026-07-28,,,,83,12+,Chadera,Cinema City,575
22:20,Cuz You're Ugly,כי את מכוערת,https://tickets.cinema-city.co.il/order/833776?lang=en,https://tickets.cinema-city.co.il/order/833776?lang=he,Regular,2D,,,2026-07-28,,,,83,12+,Chadera,Cinema City,575
20:40,Cuz You're Ugly,כי את מכוערת,https://tickets.cinema-city.co.il/order/833930?lang=en,https://tickets.cinema-city.co.il/order/833930?lang=he,Regular,2D,,,2026-07-29,,,,83,12+,Chadera,Cinema City,575
19:30,One Night Only,לגמור את הלילה,https://tickets.cinema-city.co.il/order/830618?lang=en,https://tickets.cinema-city.co.il/order/830618?lang=he,Regular,2D,,,2026-07-28,,,,102,14+,Chadera,Cinema City,575
20:40,One Night Only,לגמור את הלילה,https://tickets.cinema-city.co.il/order/830620?lang=en,https://tickets.cinema-city.co.il/order/830620?lang=he,Regular,2D,,,2026-07-28,,,,102,14+,Chadera,Cinema City,575
22:00,One Night Only,לגמור את הלילה,https://tickets.cinema-city.co.il/order/830619?lang=en,https://tickets.cinema-city.co.il/order/830619?lang=he,Regular,2D,,,2026-07-28,,,,102,14+,Chadera,Cinema City,575
11:10,Moana (Live Action),מואנה (לייב אקשן),https://tickets.cinema-city.co.il/order/833749?lang=en,https://tickets.cinema-city.co.il/order/833749?lang=he,Regular,2D,,Hebrew,2026-07-27,,,,115,All,Chadera,Cinema City,575
13:50,Moana (Live Action),מואנה (לייב אקשן),https://tickets.cinema-city.co.il/order/833706?lang=en,https://tickets.cinema-city.co.il/order/833706?lang=he,Regular,2D,,Hebrew,2026-07-27,,,,115,All,Chadera,Cinema City,575
16:30,Moana (Live Action),מואנה (לייב אקשן),https://tickets.cinema-city.co.il/order/833705?lang=en,https://tickets.cinema-city.co.il/order/833705?lang=he,Regular,2D,,Hebrew,2026-07-27,,,,115,All,Chadera,Cinema City,575
11:00,Moana (Live Action),מואנה (לייב אקשן),https://tickets.cinema-city.co.il/order/833812?lang=en,https://tickets.cinema-city.co.il/order/833812?lang=he,Regular,2D,,Hebrew,2026-07-28,,,,115,All,Chadera,Cinema City,575
13:40,Moana (Live Action),מואנה (לייב אקשן),https://tickets.cinema-city.co.il/order/833826?lang=en,https://tickets.cinema-city.co.il/order/833826?lang=he,Regular,2D,,Hebrew,2026-07-28,,,,115,All,Chadera,Cinema City,575
16:20,Moana (Live Action),מואנה (לייב אקשן),https://tickets.cinema-city.co.il/order/833824?lang=en,https://tickets.cinema-city.co.il/order/833824?lang=he,Regular,2D,,Hebrew,2026-07-28,,,,115,All,Chadera,Cinema City,575
11:10,Moana (Live Action),מואנה (לייב אקשן),https://tickets.cinema-city.co.il/order/833944?lang=en,https://tickets.cinema-city.co.il/order/833944?lang=he,Regular,2D,,Hebrew,2026-07-29,,,,115,All,Chadera,Cinema City,575
13:50,Moana (Live Action),מואנה (לייב אקשן),https://tickets.cinema-city.co.il/order/833904?lang=en,https://tickets.cinema-city.co.il/order/833904?lang=he,Regular,2D,,Hebrew,2026-07-29,,,,115,All,Chadera,Cinema City,575
16:30,Moana (Live Action),מואנה (לייב אקשן),https://tickets.cinema-city.co.il/order/833903?lang=en,https://tickets.cinema-city.co.il/order/833903?lang=he,Regular,2D,,Hebrew,2026-07-29,,,,115,All,Chadera,Cinema City,575
10:00,School of Magical Animals 3,סוד החיות הקסומות 3,https://tickets.cinema-city.co.il/order/833738?lang=en,https://tickets.cinema-city.co.il/order/833738?lang=he,Regular,2D,,Hebrew,2026-07-27,,,,105,All,Chadera,Cinema City,575
12:20,School of Magical Animals 3,סוד החיות הקסומות 3,https://tickets.cinema-city.co.il/order/833723?lang=en,https://tickets.cinema-city.co.il/order/833723?lang=he,Regular,2D,,Hebrew,2026-07-27,,,,105,All,Chadera,Cinema City,575
14:50,School of Magical Animals 3,סוד החיות הקסומות 3,https://tickets.cinema-city.co.il/order/833736?lang=en,https://tickets.cinema-city.co.il/order/833736?lang=he,Regular,2D,,Hebrew,2026-07-27,,,,105,All,Chadera,Cinema City,575
18:15,School of Magical Animals 3,סוד החיות הקסומות 3,https://tickets.cinema-city.co.il/order/833735?lang=en,https://tickets.cinema-city.co.il/order/833735?lang=he,Regular,2D,,Hebrew,2026-07-27,,,,105,All,Chadera,Cinema City,575
11:40,School of Magical Animals 3,סוד החיות הקסומות 3,https://tickets.cinema-city.co.il/order/833796?lang=en,https://tickets.cinema-city.co.il/order/833796?lang=he,Regular,2D,,Hebrew,2026-07-28,,,,105,All,Chadera,Cinema City,575
14:30,School of Magical Animals 3,סוד החיות הקסומות 3,https://tickets.cinema-city.co.il/order/833782?lang=en,https://tickets.cinema-city.co.il/order/833782?lang=he,Regular,2D,,Hebrew,2026-07-28,,,,105,All,Chadera,Cinema City,575
18:15,School of Magical Animals 3,סוד החיות הקסומות 3,https://tickets.cinema-city.co.il/order/833780?lang=en,https://tickets.cinema-city.co.il/order/833780?lang=he,Regular,2D,,Hebrew,2026-07-28,,,,105,All,Chadera,Cinema City,575
11:00,School of Magical Animals 3,סוד החיות הקסומות 3,https://tickets.cinema-city.co.il/order/833934?lang=en,https://tickets.cinema-city.co.il/order/833934?lang=he,Regular,2D,,Hebrew,2026-07-29,,,,105,All,Chadera,Cinema City,575
13:30,School of Magical Animals 3,סוד החיות הקסומות 3,https://tickets.cinema-city.co.il/order/833928?lang=en,https://tickets.cinema-city.co.il/order/833928?lang=he,Regular,2D,,Hebrew,2026-07-29,,,,105,All,Chadera,Cinema City,575
16:00,School of Magical Animals 3,סוד החיות הקסומות 3,https://tickets.cinema-city.co.il/order/833932?lang=en,https://tickets.cinema-city.co.il/order/833932?lang=he,Regular,2D,,Hebrew,2026-07-29,,,,105,All,Chadera,Cinema City,575
11:00,סולטיז הסרט,סולטיז הסרט-וולוג ה-100,https://tickets.cinema-city.co.il/order/833750?lang=en,https://tickets.cinema-city.co.il/order/833750?lang=he,Regular,2D,,,2026-07-27,,,,100,All,Chadera,Cinema City,575
13:30,סולטיז הסרט,סולטיז הסרט-וולוג ה-100,https://tickets.cinema-city.co.il/order/833727?lang=en,https://tickets.cinema-city.co.il/order/833727?lang=he,Regular,2D,,,2026-07-27,,,,100,All,Chadera,Cinema City,575
16:00,סולטיז הסרט,סולטיז הסרט-וולוג ה-100,https://tickets.cinema-city.co.il/order/833726?lang=en,https://tickets.cinema-city.co.il/order/833726?lang=he,Regular,2D,,,2026-07-27,,,,100,All,Chadera,Cinema City,575
18:30,סולטיז הסרט,סולטיז הסרט-וולוג ה-100,https://tickets.cinema-city.co.il/order/833725?lang=en,https://tickets.cinema-city.co.il/order/833725?lang=he,Regular,2D,,,2026-07-27,,,,100,All,Chadera,Cinema City,575
14:45,סולטיז הסרט,סולטיז הסרט-וולוג ה-100,https://tickets.cinema-city.co.il/order/833766?lang=en,https://tickets.cinema-city.co.il/order/833766?lang=he,Regular,2D,,,2026-07-28,,,,100,All,Chadera,Cinema City,575
17:10,סולטיז הסרט,סולטיז הסרט-וולוג ה-100,https://tickets.cinema-city.co.il/order/833764?lang=en,https://tickets.cinema-city.co.il/order/833764?lang=he,Regular,2D,,,2026-07-28,,,,100,All,Chadera,Cinema City,575
11:00,סולטיז הסרט,סולטיז הסרט-וולוג ה-100,https://tickets.cinema-city.co.il/order/833929?lang=en,https://tickets.cinema-city.co.il/order/833929?lang=he,Regular,2D,,,2026-07-29,,,,100,All,Chadera,Cinema City,575
10:00,Three Wishes for Cinderella,סינדרלה ושלוש המשאלות,https://tickets.cinema-city.co.il/order/833746?lang=en,https://tickets.cinema-city.co.il/order/833746?lang=he,Regular,2D,,Hebrew,2026-07-27,,,,85,All,Chadera,Cinema City,575
12:10,Three Wishes for Cinderella,סינדרלה ושלוש המשאלות,https://tickets.cinema-city.co.il/order/833745?lang=en,https://tickets.cinema-city.co.il/order/833745?lang=he,Regular,2D,,Hebrew,2026-07-27,,,,85,All,Chadera,Cinema City,575
14:20,Three Wishes for Cinderella,סינדרלה ושלוש המשאלות,https://tickets.cinema-city.co.il/order/833753?lang=en,https://tickets.cinema-city.co.il/order/833753?lang=he,Regular,2D,,Hebrew,2026-07-27,,,,85,All,Chadera,Cinema City,575
15:50,Three Wishes for Cinderella,סינדרלה ושלוש המשאלות,https://tickets.cinema-city.co.il/order/833747?lang=en,https://tickets.cinema-city.co.il/order/833747?lang=he,Regular,2D,,Hebrew,2026-07-27,,,,85,All,Chadera,Cinema City,575
10:40,Three Wishes for Cinderella,סינדרלה ושלוש המשאלות,https://tickets.cinema-city.co.il/order/833810?lang=en,https://tickets.cinema-city.co.il/order/833810?lang=he,Regular,2D,,Hebrew,2026-07-28,,,,85,All,Chadera,Cinema City,575
13:10,Three Wishes for Cinderella,סינדרלה ושלוש המשאלות,https://tickets.cinema-city.co.il/order/833808?lang=en,https://tickets.cinema-city.co.il/order/833808?lang=he,Regular,2D,,Hebrew,2026-07-28,,,,85,All,Chadera,Cinema City,575
15:20,Three Wishes for Cinderella,סינדרלה ושלוש המשאלות,https://tickets.cinema-city.co.il/order/833814?lang=en,https://tickets.cinema-city.co.il/order/833814?lang=he,Regular,2D,,Hebrew,2026-07-28,,,,85,All,Chadera,Cinema City,575
11:30,Three Wishes for Cinderella,סינדרלה ושלוש המשאלות,https://tickets.cinema-city.co.il/order/833941?lang=en,https://tickets.cinema-city.co.il/order/833941?lang=he,Regular,2D,,Hebrew,2026-07-29,,,,85,All,Chadera,Cinema City,575
13:40,Three Wishes for Cinderella,סינדרלה ושלוש המשאלות,https://tickets.cinema-city.co.il/order/833940?lang=en,https://tickets.cinema-city.co.il/order/833940?lang=he,Regular,2D,,Hebrew,2026-07-29,,,,85,All,Chadera,Cinema City,575
15:50,Three Wishes for Cinderella,סינדרלה ושלוש המשאלות,https://tickets.cinema-city.co.il/order/833942?lang=en,https://tickets.cinema-city.co.il/order/833942?lang=he,Regular,2D,,Hebrew,2026-07-29,,,,85,All,Chadera,Cinema City,575
10:30,SPIDERMAN: BRAND NEW DAY,ספיידרמן: יום חדש,https://tickets.cinema-city.co.il/order/814075?lang=en,https://tickets.cinema-city.co.il/order/814075?lang=he,Regular,2D,,,2026-07-29,,,,150,,Chadera,Cinema City,575
11:30,SPIDERMAN: BRAND NEW DAY,ספיידרמן: יום חדש,https://tickets.cinema-city.co.il/order/814070?lang=en,https://tickets.cinema-city.co.il/order/814070?lang=he,Regular,2D,,,2026-07-29,,,,150,,Chadera,Cinema City,575
13:45,SPIDERMAN: BRAND NEW DAY,ספיידרמן: יום חדש,https://tickets.cinema-city.co.il/order/814074?lang=en,https://tickets.cinema-city.co.il/order/814074?lang=he,Regular,2D,,,2026-07-29,,,,150,,Chadera,Cinema City,575
14:50,SPIDERMAN: BRAND NEW DAY,ספיידרמן: יום חדש,https://tickets.cinema-city.co.il/order/814069?lang=en,https://tickets.cinema-city.co.il/order/814069?lang=he,Regular,2D,,,2026-07-29,,,,150,,Chadera,Cinema City,575
17:00,SPIDERMAN: BRAND NEW DAY,ספיידרמן: יום חדש,https://tickets.cinema-city.co.il/order/814073?lang=en,https://tickets.cinema-city.co.il/order/814073?lang=he,Regular,2D,,,2026-07-29,,,,150,,Chadera,Cinema City,575
18:10,SPIDERMAN: BRAND NEW DAY,ספיידרמן: יום חדש,https://tickets.cinema-city.co.il/order/814068?lang=en,https://tickets.cinema-city.co.il/order/814068?lang=he,Regular,2D,,,2026-07-29,,,,150,,Chadera,Cinema City,575
19:10,SPIDERMAN: BRAND NEW DAY,ספיידרמן: יום חדש,https://tickets.cinema-city.co.il/order/814071?lang=en,https://tickets.cinema-city.co.il/order/814071?lang=he,Regular,2D,,,2026-07-29,,,,150,,Chadera,Cinema City,575
21:30,SPIDERMAN: BRAND NEW DAY,ספיידרמן: יום חדש,https://tickets.cinema-city.co.il/order/814067?lang=en,https://tickets.cinema-city.co.il/order/814067?lang=he,Regular,2D,,,2026-07-29,,,,150,,Chadera,Cinema City,575
22:30,SPIDERMAN: BRAND NEW DAY,ספיידרמן: יום חדש,https://tickets.cinema-city.co.il/order/814072?lang=en,https://tickets.cinema-city.co.il/order/814072?lang=he,Regular,2D,,,2026-07-29,,,,150,,Chadera,Cinema City,575
10:30,SPIDERMAN: BRAND NEW DAY,ספיידרמן: יום חדש,https://tickets.cinema-city.co.il/order/814084?lang=en,https://tickets.cinema-city.co.il/order/814084?lang=he,Regular,2D,,,2026-07-30,,,,150,,Chadera,Cinema City,575
11:30,SPIDERMAN: BRAND NEW DAY,ספיידרמן: יום חדש,https://tickets.cinema-city.co.il/order/814079?lang=en,https://tickets.cinema-city.co.il/order/814079?lang=he,Regular,2D,,,2026-07-30,,,,150,,Chadera,Cinema City,575
13:45,SPIDERMAN: BRAND NEW DAY,ספיידרמן: יום חדש,https://tickets.cinema-city.co.il/order/814083?lang=en,https://tickets.cinema-city.co.il/order/814083?lang=he,Regular,2D,,,2026-07-30,,,,150,,Chadera,Cinema City,575
14:50,SPIDERMAN: BRAND NEW DAY,ספיידרמן: יום חדש,https://tickets.cinema-city.co.il/order/814078?lang=en,https://tickets.cinema-city.co.il/order/814078?lang=he,Regular,2D,,,2026-07-30,,,,150,,Chadera,Cinema City,575
17:00,SPIDERMAN: BRAND NEW DAY,ספיידרמן: יום חדש,https://tickets.cinema-city.co.il/order/814082?lang=en,https://tickets.cinema-city.co.il/order/814082?lang=he,Regular,2D,,,2026-07-30,,,,150,,Chadera,Cinema City,575
18:10,SPIDERMAN: BRAND NEW DAY,ספיידרמן: יום חדש,https://tickets.cinema-city.co.il/order/814077?lang=en,https://tickets.cinema-city.co.il/order/814077?lang=he,Regular,2D,,,2026-07-30,,,,150,,Chadera,Cinema City,575
19:10,SPIDERMAN: BRAND NEW DAY,ספיידרמן: יום חדש,https://tickets.cinema-city.co.il/order/814080?lang=en,https://tickets.cinema-city.co.il/order/814080?lang=he,Regular,2D,,,2026-07-30,,,,150,,Chadera,Cinema City,575
21:30,SPIDERMAN: BRAND NEW DAY,ספיידרמן: יום חדש,https://tickets.cinema-city.co.il/order/814076?lang=en,https://tickets.cinema-city.co.il/order/814076?lang=he,Regular,2D,,,2026-07-30,,,,150,,Chadera,Cinema City,575
22:30,SPIDERMAN: BRAND NEW DAY,ספיידרמן: יום חדש,https://tickets.cinema-city.co.il/order/814081?lang=en,https://tickets.cinema-city.co.il/order/814081?lang=he,Regular,2D,,,2026-07-30,,,,150,,Chadera,Cinema City,575
10:30,SPIDERMAN: BRAND NEW DAY,ספיידרמן: יום חדש,https://tickets.cinema-city.co.il/order/814093?lang=en,https://tickets.cinema-city.co.il/order/814093?lang=he,Regular,2D,,,2026-07-31,,,,150,,Chadera,Cinema City,575
11:30,SPIDERMAN: BRAND NEW DAY,ספיידרמן: יום חדש,https://tickets.cinema-city.co.il/order/814088?lang=en,https://tickets.cinema-city.co.il/order/814088?lang=he,Regular,2D,,,2026-07-31,,,,150,,Chadera,Cinema City,575
13:45,SPIDERMAN: BRAND NEW DAY,ספיידרמן: יום חדש,https://tickets.cinema-city.co.il/order/814092?lang=en,https://tickets.cinema-city.co.il/order/814092?lang=he,Regular,2D,,,2026-07-31,,,,150,,Chadera,Cinema City,575
14:50,SPIDERMAN: BRAND NEW DAY,ספיידרמן: יום חדש,https://tickets.cinema-city.co.il/order/814087?lang=en,https://tickets.cinema-city.co.il/order/814087?lang=he,Regular,2D,,,2026-07-31,,,,150,,Chadera,Cinema City,575
17:00,SPIDERMAN: BRAND NEW DAY,ספיידרמן: יום חדש,https://tickets.cinema-city.co.il/order/814091?lang=en,https://tickets.cinema-city.co.il/order/814091?lang=he,Regular,2D,,,2026-07-31,,,,150,,Chadera,Cinema City,575
18:10,SPIDERMAN: BRAND NEW DAY,ספיידרמן: יום חדש,https://tickets.cinema-city.co.il/order/814086?lang=en,https://tickets.cinema-city.co.il/order/814086?lang=he,Regular,2D,,,2026-07-31,,,,150,,Chadera,Cinema City,575
19:10,SPIDERMAN: BRAND NEW DAY,ספיידרמן: יום חדש,https://tickets.cinema-city.co.il/order/814089?lang=en,https://tickets.cinema-city.co.il/order/814089?lang=he,Regular,2D,,,2026-07-31,,,,150,,Chadera,Cinema City,575
21:30,SPIDERMAN: BRAND NEW DAY,ספיידרמן: יום חדש,https://tickets.cinema-city.co.il/order/814085?lang=en,https://tickets.cinema-city.co.il/order/814085?lang=he,Regular,2D,,,2026-07-31,,,,150,,Chadera,Cinema City,575
22:30,SPIDERMAN: BRAND NEW DAY,ספיידרמן: יום חדש,https://tickets.cinema-city.co.il/order/814090?lang=en,https://tickets.cinema-city.co.il/order/814090?lang=he,Regular,2D,,,2026-07-31,,,,150,,Chadera,Cinema City,575
10:10,SPIDERMAN: BRAND NEW DAY,ספיידרמן: יום חדש,https://tickets.cinema-city.co.il/order/814097?lang=en,https://tickets.cinema-city.co.il/order/814097?lang=he,Regular,2D,,,2026-08-01,,,,150,,Chadera,Cinema City,575
11:20,SPIDERMAN: BRAND NEW DAY,ספיידרמן: יום חדש,https://tickets.cinema-city.co.il/order/814101?lang=en,https://tickets.cinema-city.co.il/order/814101?lang=he,Regular,2D,,,2026-08-01,,,,150,,Chadera,Cinema City,575
13:30,SPIDERMAN: BRAND NEW DAY,ספיידרמן: יום חדש,https://tickets.cinema-city.co.il/order/814096?lang=en,https://tickets.cinema-city.co.il/order/814096?lang=he,Regular,2D,,,2026-08-01,,,,150,,Chadera,Cinema City,575
14:40,SPIDERMAN: BRAND NEW DAY,ספיידרמן: יום חדש,https://tickets.cinema-city.co.il/order/814100?lang=en,https://tickets.cinema-city.co.il/order/814100?lang=he,Regular,2D,,,2026-08-01,,,,150,,Chadera,Cinema City,575
16:50,SPIDERMAN: BRAND NEW DAY,ספיידרמן: יום חדש,https://tickets.cinema-city.co.il/order/814094?lang=en,https://tickets.cinema-city.co.il/order/814094?lang=he,Regular,2D,,,2026-08-01,,,,150,,Chadera,Cinema City,575
18:00,SPIDERMAN: BRAND NEW DAY,ספיידרמן: יום חדש,https://tickets.cinema-city.co.il/order/814099?lang=en,https://tickets.cinema-city.co.il/order/814099?lang=he,Regular,2D,,,2026-08-01,,,,150,,Chadera,Cinema City,575
20:10,SPIDERMAN: BRAND NEW DAY,ספיידרמן: יום חדש,https://tickets.cinema-city.co.il/order/814095?lang=en,https://tickets.cinema-city.co.il/order/814095?lang=he,Regular,2D,,,2026-08-01,,,,150,,Chadera,Cinema City,575
21:20,SPIDERMAN: BRAND NEW DAY,ספיידרמן: יום חדש,https://tickets.cinema-city.co.il/order/814098?lang=en,https://tickets.cinema-city.co.il/order/814098?lang=he,Regular,2D,,,2026-08-01,,,,150,,Chadera,Cinema City,575
11:00,קופה ראשית: הסרט,קופה ראשית: הסרט,https://tickets.cinema-city.co.il/order/833752?lang=en,https://tickets.cinema-city.co.il/order/833752?lang=he,Regular,2D,,,2026-07-27,,,,91,All,Chadera,Cinema City,575
12:15,קופה ראשית: הסרט,קופה ראשית: הסרט,https://tickets.cinema-city.co.il/order/833710?lang=en,https://tickets.cinema-city.co.il/order/833710?lang=he,Regular,2D,,,2026-07-27,,,,91,All,Chadera,Cinema City,575
14:30,קופה ראשית: הסרט,קופה ראשית: הסרט,https://tickets.cinema-city.co.il/order/833707?lang=en,https://tickets.cinema-city.co.il/order/833707?lang=he,Regular,2D,,,2026-07-27,,,,91,All,Chadera,Cinema City,575
16:45,קופה ראשית: הסרט,קופה ראשית: הסרט,https://tickets.cinema-city.co.il/order/833702?lang=en,https://tickets.cinema-city.co.il/order/833702?lang=he,Regular,2D,,,2026-07-27,,,,91,All,Chadera,Cinema City,575
19:00,קופה ראשית: הסרט,קופה ראשית: הסרט,https://tickets.cinema-city.co.il/order/833717?lang=en,https://tickets.cinema-city.co.il/order/833717?lang=he,Regular,2D,,,2026-07-27,,,,91,All,Chadera,Cinema City,575
19:45,קופה ראשית: הסרט,קופה ראשית: הסרט,https://tickets.cinema-city.co.il/order/833695?lang=en,https://tickets.cinema-city.co.il/order/833695?lang=he,Regular,2D,,,2026-07-27,,,,91,All,Chadera,Cinema City,575
21:15,קופה ראשית: הסרט,קופה ראשית: הסרט,https://tickets.cinema-city.co.il/order/833718?lang=en,https://tickets.cinema-city.co.il/order/833718?lang=he,Regular,2D,,,2026-07-27,,,,91,All,Chadera,Cinema City,575
22:30,קופה ראשית: הסרט,קופה ראשית: הסרט,https://tickets.cinema-city.co.il/order/833696?lang=en,https://tickets.cinema-city.co.il/order/833696?lang=he,Regular,2D,,,2026-07-27,,,,91,All,Chadera,Cinema City,575
12:15,קופה ראשית: הסרט,קופה ראשית: הסרט,https://tickets.cinema-city.co.il/order/833834?lang=en,https://tickets.cinema-city.co.il/order/833834?lang=he,Regular,2D,,,2026-07-28,,,,91,All,Chadera,Cinema City,575
14:30,קופה ראשית: הסרט,קופה ראשית: הסרט,https://tickets.cinema-city.co.il/order/833828?lang=en,https://tickets.cinema-city.co.il/order/833828?lang=he,Regular,2D,,,2026-07-28,,,,91,All,Chadera,Cinema City,575
16:45,קופה ראשית: הסרט,קופה ראשית: הסרט,https://tickets.cinema-city.co.il/order/833820?lang=en,https://tickets.cinema-city.co.il/order/833820?lang=he,Regular,2D,,,2026-07-28,,,,91,All,Chadera,Cinema City,575
19:00,קופה ראשית: הסרט,קופה ראשית: הסרט,https://tickets.cinema-city.co.il/order/833846?lang=en,https://tickets.cinema-city.co.il/order/833846?lang=he,Regular,2D,,,2026-07-28,,,,91,All,Chadera,Cinema City,575
21:15,קופה ראשית: הסרט,קופה ראשית: הסרט,https://tickets.cinema-city.co.il/order/833848?lang=en,https://tickets.cinema-city.co.il/order/833848?lang=he,Regular,2D,,,2026-07-28,,,,91,All,Chadera,Cinema City,575
22:30,קופה ראשית: הסרט,קופה ראשית: הסרט,https://tickets.cinema-city.co.il/order/833818?lang=en,https://tickets.cinema-city.co.il/order/833818?lang=he,Regular,2D,,,2026-07-28,,,,91,All,Chadera,Cinema City,575
12:15,קופה ראשית: הסרט,קופה ראשית: הסרט,https://tickets.cinema-city.co.il/order/833912?lang=en,https://tickets.cinema-city.co.il/order/833912?lang=he,Regular,2D,,,2026-07-29,,,,91,All,Chadera,Cinema City,575
14:30,קופה ראשית: הסרט,קופה ראשית: הסרט,https://tickets.cinema-city.co.il/order/833906?lang=en,https://tickets.cinema-city.co.il/order/833906?lang=he,Regular,2D,,,2026-07-29,,,,91,All,Chadera,Cinema City,575
16:45,קופה ראשית: הסרט,קופה ראשית: הסרט,https://tickets.cinema-city.co.il/order/833896?lang=en,https://tickets.cinema-city.co.il/order/833896?lang=he,Regular,2D,,,2026-07-29,,,,91,All,Chadera,Cinema City,575
19:00,קופה ראשית: הסרט,קופה ראשית: הסרט,https://tickets.cinema-city.co.il/order/833916?lang=en,https://tickets.cinema-city.co.il/order/833916?lang=he,Regular,2D,,,2026-07-29,,,,91,All,Chadera,Cinema City,575
21:15,קופה ראשית: הסרט,קופה ראשית: הסרט,https://tickets.cinema-city.co.il/order/833918?lang=en,https://tickets.cinema-city.co.il/order/833918?lang=he,Regular,2D,,,2026-07-29,,,,91,All,Chadera,Cinema City,575
10:45,Just an Illusion,אשליות מתוקות,https://tickets.cinema-city.co.il/order/833853?lang=en,https://tickets.cinema-city.co.il/order/833853?lang=he,Prime,2D,,,2026-07-28,,,,119,All,Chadera,Cinema City,575
17:50,Just an Illusion,אשליות מתוקות,https://tickets.cinema-city.co.il/order/833778?lang=en,https://tickets.cinema-city.co.il/order/833778?lang=he,Prime,2D,,,2026-07-28,,,,119,All,Chadera,Cinema City,575
19:15,Just an Illusion,אשליות מתוקות,https://tickets.cinema-city.co.il/order/833931?lang=en,https://tickets.cinema-city.co.il/order/833931?lang=he,Prime,2D,,,2026-07-29,,,,119,All,Chadera,Cinema City,575
22:00,THE ODYSSEY,האודיסאה,https://tickets.cinema-city.co.il/order/833722?lang=en,https://tickets.cinema-city.co.il/order/833722?lang=he,Prime,2D,,,2026-07-27,,,,172,14+,Chadera,Cinema City,575
22:00,THE ODYSSEY,האודיסאה,https://tickets.cinema-city.co.il/order/833926?lang=en,https://tickets.cinema-city.co.il/order/833926?lang=he,Prime,2D,,,2026-07-29,,,,172,14+,Chadera,Cinema City,575
13:15,Tafiti: Across the Desert,טפיטי: הרפתקה במדבר,https://tickets.cinema-city.co.il/order/833739?lang=en,https://tickets.cinema-city.co.il/order/833739?lang=he,Prime,2D,,Hebrew,2026-07-27,,,,81,9+,Chadera,Cinema City,575
15:20,Tafiti: Across the Desert,טפיטי: הרפתקה במדבר,https://tickets.cinema-city.co.il/order/833737?lang=en,https://tickets.cinema-city.co.il/order/833737?lang=he,Prime,2D,,Hebrew,2026-07-27,,,,81,9+,Chadera,Cinema City,575
17:30,Tafiti: Across the Desert,טפיטי: הרפתקה במדבר,https://tickets.cinema-city.co.il/order/833748?lang=en,https://tickets.cinema-city.co.il/order/833748?lang=he,Prime,2D,,Hebrew,2026-07-27,,,,81,9+,Chadera,Cinema City,575
13:30,Tafiti: Across the Desert,טפיטי: הרפתקה במדבר,https://tickets.cinema-city.co.il/order/833798?lang=en,https://tickets.cinema-city.co.il/order/833798?lang=he,Prime,2D,,Hebrew,2026-07-28,,,,81,9+,Chadera,Cinema City,575
15:40,Tafiti: Across the Desert,טפיטי: הרפתקה במדבר,https://tickets.cinema-city.co.il/order/833794?lang=en,https://tickets.cinema-city.co.il/order/833794?lang=he,Prime,2D,,Hebrew,2026-07-28,,,,81,9+,Chadera,Cinema City,575
12:50,Tafiti: Across the Desert,טפיטי: הרפתקה במדבר,https://tickets.cinema-city.co.il/order/833935?lang=en,https://tickets.cinema-city.co.il/order/833935?lang=he,Prime,2D,,Hebrew,2026-07-29,,,,81,9+,Chadera,Cinema City,575
15:00,Tafiti: Across the Desert,טפיטי: הרפתקה במדבר,https://tickets.cinema-city.co.il/order/833933?lang=en,https://tickets.cinema-city.co.il/order/833933?lang=he,Prime,2D,,Hebrew,2026-07-29,,,,81,9+,Chadera,Cinema City,575
17:10,Tafiti: Across the Desert,טפיטי: הרפתקה במדבר,https://tickets.cinema-city.co.il/order/833943?lang=en,https://tickets.cinema-city.co.il/order/833943?lang=he,Prime,2D,,Hebrew,2026-07-29,,,,81,9+,Chadera,Cinema City,575
20:40,One Night Only,לגמור את הלילה,https://tickets.cinema-city.co.il/order/830620?lang=en,https://tickets.cinema-city.co.il/order/830620?lang=he,Prime,2D,,,2026-07-28,,,,102,14+,Chadera,Cinema City,575
11:00,קופה ראשית: הסרט,קופה ראשית: הסרט,https://tickets.cinema-city.co.il/order/833752?lang=en,https://tickets.cinema-city.co.il/order/833752?lang=he,Prime,2D,,,2026-07-27,,,,91,All,Chadera,Cinema City,575
19:45,קופה ראשית: הסרט,קופה ראשית: הסרט,https://tickets.cinema-city.co.il/order/833695?lang=en,https://tickets.cinema-city.co.il/order/833695?lang=he,Prime,2D,,,2026-07-27,,,,91,All,Chadera,Cinema City,575
18:30,Just an Illusion,אשליות מתוקות,https://tickets.cinema-city.co.il/order/832678?lang=en,https://tickets.cinema-city.co.il/order/832678?lang=he,Regular,2D,,,2026-07-27,,,,119,All,Ashdod,Cinema City,575
11:00,Just an Illusion,אשליות מתוקות,https://tickets.cinema-city.co.il/order/832790?lang=en,https://tickets.cinema-city.co.il/order/832790?lang=he,Regular,2D,,,2026-07-28,,,,119,All,Ashdod,Cinema City,575
15:00,Just an Illusion,אשליות מתוקות,https://tickets.cinema-city.co.il/order/832779?lang=en,https://tickets.cinema-city.co.il/order/832779?lang=he,Regular,2D,,,2026-07-28,,,,119,All,Ashdod,Cinema City,575
17:20,Just an Illusion,אשליות מתוקות,https://tickets.cinema-city.co.il/order/832757?lang=en,https://tickets.cinema-city.co.il/order/832757?lang=he,Regular,2D,,,2026-07-28,,,,119,All,Ashdod,Cinema City,575
10:45,GRACIE & PEDRO: PETS TO THE RESCUE,גרייסי ופדרו: חיות המחמד בפעולה,https://tickets.cinema-city.co.il/order/832673?lang=en,https://tickets.cinema-city.co.il/order/832673?lang=he,Regular,2D,,Hebrew,2026-07-27,,,,87,All,Ashdod,Cinema City,575
13:00,GRACIE & PEDRO: PETS TO THE RESCUE,גרייסי ופדרו: חיות המחמד בפעולה,https://tickets.cinema-city.co.il/order/832662?lang=en,https://tickets.cinema-city.co.il/order/832662?lang=he,Regular,2D,,Hebrew,2026-07-27,,,,87,All,Ashdod,Cinema City,575
15:15,GRACIE & PEDRO: PETS TO THE RESCUE,גרייסי ופדרו: חיות המחמד בפעולה,https://tickets.cinema-city.co.il/order/832671?lang=en,https://tickets.cinema-city.co.il/order/832671?lang=he,Regular,2D,,Hebrew,2026-07-27,,,,87,All,Ashdod,Cinema City,575
17:30,GRACIE & PEDRO: PETS TO THE RESCUE,גרייסי ופדרו: חיות המחמד בפעולה,https://tickets.cinema-city.co.il/order/832670?lang=en,https://tickets.cinema-city.co.il/order/832670?lang=he,Regular,2D,,Hebrew,2026-07-27,,,,87,All,Ashdod,Cinema City,575
10:50,GRACIE & PEDRO: PETS TO THE RESCUE,גרייסי ופדרו: חיות המחמד בפעולה,https://tickets.cinema-city.co.il/order/832761?lang=en,https://tickets.cinema-city.co.il/order/832761?lang=he,Regular,2D,,Hebrew,2026-07-28,,,,87,All,Ashdod,Cinema City,575
15:15,GRACIE & PEDRO: PETS TO THE RESCUE,גרייסי ופדרו: חיות המחמד בפעולה,https://tickets.cinema-city.co.il/order/832754?lang=en,https://tickets.cinema-city.co.il/order/832754?lang=he,Regular,2D,,Hebrew,2026-07-28,,,,87,All,Ashdod,Cinema City,575
16:50,GRACIE & PEDRO: PETS TO THE RESCUE,גרייסי ופדרו: חיות המחמד בפעולה,https://tickets.cinema-city.co.il/order/832764?lang=en,https://tickets.cinema-city.co.il/order/832764?lang=he,Regular,2D,,Hebrew,2026-07-28,,,,87,All,Ashdod,Cinema City,575
10:30,GRACIE & PEDRO: PETS TO THE RESCUE,גרייסי ופדרו: חיות המחמד בפעולה,https://tickets.cinema-city.co.il/order/832836?lang=en,https://tickets.cinema-city.co.il/order/832836?lang=he,Regular,2D,,Hebrew,2026-07-29,,,,87,All,Ashdod,Cinema City,575
12:50,GRACIE & PEDRO: PETS TO THE RESCUE,גרייסי ופדרו: חיות המחמד בפעולה,https://tickets.cinema-city.co.il/order/832835?lang=en,https://tickets.cinema-city.co.il/order/832835?lang=he,Regular,2D,,Hebrew,2026-07-29,,,,87,All,Ashdod,Cinema City,575
15:10,GRACIE & PEDRO: PETS TO THE RESCUE,גרייסי ופדרו: חיות המחמד בפעולה,https://tickets.cinema-city.co.il/order/832833?lang=en,https://tickets.cinema-city.co.il/order/832833?lang=he,Regular,2D,,Hebrew,2026-07-29,,,,87,All,Ashdod,Cinema City,575
17:30,GRACIE & PEDRO: PETS TO THE RESCUE,גרייסי ופדרו: חיות המחמד בפעולה,https://tickets.cinema-city.co.il/order/832831?lang=en,https://tickets.cinema-city.co.il/order/832831?lang=he,Regular,2D,,Hebrew,2026-07-29,,,,87,All,Ashdod,Cinema City,575
12:15,THE ODYSSEY,האודיסאה,https://tickets.cinema-city.co.il/order/832721?lang=en,https://tickets.cinema-city.co.il/order/832721?lang=he,Regular,2D,,,2026-07-27,,,,172,14+,Ashdod,Cinema City,575
16:00,THE ODYSSEY,האודיסאה,https://tickets.cinema-city.co.il/order/832723?lang=en,https://tickets.cinema-city.co.il/order/832723?lang=he,Regular,2D,,,2026-07-27,,,,172,14+,Ashdod,Cinema City,575
18:20,THE ODYSSEY,האודיסאה,https://tickets.cinema-city.co.il/order/832680?lang=en,https://tickets.cinema-city.co.il/order/832680?lang=he,Regular,2D,,,2026-07-27,,,,172,14+,Ashdod,Cinema City,575
19:40,THE ODYSSEY,האודיסאה,https://tickets.cinema-city.co.il/order/832718?lang=en,https://tickets.cinema-city.co.il/order/832718?lang=he,Regular,2D,,,2026-07-27,,,,172,14+,Ashdod,Cinema City,575
20:40,THE ODYSSEY,האודיסאה,https://tickets.cinema-city.co.il/order/832724?lang=en,https://tickets.cinema-city.co.il/order/832724?lang=he,Regular,2D,,,2026-07-27,,,,172,14+,Ashdod,Cinema City,575
21:10,THE ODYSSEY,האודיסאה,https://tickets.cinema-city.co.il/order/832687?lang=en,https://tickets.cinema-city.co.il/order/832687?lang=he,Regular,2D,,,2026-07-27,,,,172,14+,Ashdod,Cinema City,575
22:10,THE ODYSSEY,האודיסאה,https://tickets.cinema-city.co.il/order/832689?lang=en,https://tickets.cinema-city.co.il/order/832689?lang=he,Regular,2D,,,2026-07-27,,,,172,14+,Ashdod,Cinema City,575
11:10,THE ODYSSEY,האודיסאה,https://tickets.cinema-city.co.il/order/832788?lang=en,https://tickets.cinema-city.co.il/order/832788?lang=he,Regular,2D,,,2026-07-28,,,,172,14+,Ashdod,Cinema City,575
14:45,THE ODYSSEY,האודיסאה,https://tickets.cinema-city.co.il/order/832787?lang=en,https://tickets.cinema-city.co.il/order/832787?lang=he,Regular,2D,,,2026-07-28,,,,172,14+,Ashdod,Cinema City,575
17:30,THE ODYSSEY,האודיסאה,https://tickets.cinema-city.co.il/order/832755?lang=en,https://tickets.cinema-city.co.il/order/832755?lang=he,Regular,2D,,,2026-07-28,,,,172,14+,Ashdod,Cinema City,575
19:30,THE ODYSSEY,האודיסאה,https://tickets.cinema-city.co.il/order/832739?lang=en,https://tickets.cinema-city.co.il/order/832739?lang=he,Regular,2D,,,2026-07-28,,,,172,14+,Ashdod,Cinema City,575
20:30,THE ODYSSEY,האודיסאה,https://tickets.cinema-city.co.il/order/832753?lang=en,https://tickets.cinema-city.co.il/order/832753?lang=he,Regular,2D,,,2026-07-28,,,,172,14+,Ashdod,Cinema City,575
21:15,THE ODYSSEY,האודיסאה,https://tickets.cinema-city.co.il/order/832774?lang=en,https://tickets.cinema-city.co.il/order/832774?lang=he,Regular,2D,,,2026-07-28,,,,172,14+,Ashdod,Cinema City,575
22:00,THE ODYSSEY,האודיסאה,https://tickets.cinema-city.co.il/order/832775?lang=en,https://tickets.cinema-city.co.il/order/832775?lang=he,Regular,2D,,,2026-07-28,,,,172,14+,Ashdod,Cinema City,575
13:10,THE ODYSSEY,האודיסאה,https://tickets.cinema-city.co.il/order/832897?lang=en,https://tickets.cinema-city.co.il/order/832897?lang=he,Regular,2D,,,2026-07-29,,,,172,14+,Ashdod,Cinema City,575
16:50,THE ODYSSEY,האודיסאה,https://tickets.cinema-city.co.il/order/832812?lang=en,https://tickets.cinema-city.co.il/order/832812?lang=he,Regular,2D,,,2026-07-29,,,,172,14+,Ashdod,Cinema City,575
18:50,THE ODYSSEY,האודיסאה,https://tickets.cinema-city.co.il/order/832808?lang=en,https://tickets.cinema-city.co.il/order/832808?lang=he,Regular,2D,,,2026-07-29,,,,172,14+,Ashdod,Cinema City,575
20:10,THE ODYSSEY,האודיסאה,https://tickets.cinema-city.co.il/order/832814?lang=en,https://tickets.cinema-city.co.il/order/832814?lang=he,Regular,2D,,,2026-07-29,,,,172,14+,Ashdod,Cinema City,575
21:20,THE ODYSSEY,האודיסאה,https://tickets.cinema-city.co.il/order/832816?lang=en,https://tickets.cinema-city.co.il/order/832816?lang=he,Regular,2D,,,2026-07-29,,,,172,14+,Ashdod,Cinema City,575
22:30,THE ODYSSEY,האודיסאה,https://tickets.cinema-city.co.il/order/832810?lang=en,https://tickets.cinema-city.co.il/order/832810?lang=he,Regular,2D,,,2026-07-29,,,,172,14+,Ashdod,Cinema City,575
10:00,Tafiti: Across the Desert,טפיטי: הרפתקה במדבר,https://tickets.cinema-city.co.il/order/832667?lang=en,https://tickets.cinema-city.co.il/order/832667?lang=he,Regular,2D,,Hebrew,2026-07-27,,,,81,9+,Ashdod,Cinema City,575
12:10,Tafiti: Across the Desert,טפיטי: הרפתקה במדבר,https://tickets.cinema-city.co.il/order/832668?lang=en,https://tickets.cinema-city.co.il/order/832668?lang=he,Regular,2D,,Hebrew,2026-07-27,,,,81,9+,Ashdod,Cinema City,575
14:20,Tafiti: Across the Desert,טפיטי: הרפתקה במדבר,https://tickets.cinema-city.co.il/order/832669?lang=en,https://tickets.cinema-city.co.il/order/832669?lang=he,Regular,2D,,Hebrew,2026-07-27,,,,81,9+,Ashdod,Cinema City,575
16:30,Tafiti: Across the Desert,טפיטי: הרפתקה במדבר,https://tickets.cinema-city.co.il/order/832681?lang=en,https://tickets.cinema-city.co.il/order/832681?lang=he,Regular,2D,,Hebrew,2026-07-27,,,,81,9+,Ashdod,Cinema City,575
11:40,Tafiti: Across the Desert,טפיטי: הרפתקה במדבר,https://tickets.cinema-city.co.il/order/832766?lang=en,https://tickets.cinema-city.co.il/order/832766?lang=he,Regular,2D,,Hebrew,2026-07-28,,,,81,9+,Ashdod,Cinema City,575
15:10,Tafiti: Across the Desert,טפיטי: הרפתקה במדבר,https://tickets.cinema-city.co.il/order/832765?lang=en,https://tickets.cinema-city.co.il/order/832765?lang=he,Regular,2D,,Hebrew,2026-07-28,,,,81,9+,Ashdod,Cinema City,575
17:20,Tafiti: Across the Desert,טפיטי: הרפתקה במדבר,https://tickets.cinema-city.co.il/order/832763?lang=en,https://tickets.cinema-city.co.il/order/832763?lang=he,Regular,2D,,Hebrew,2026-07-28,,,,81,9+,Ashdod,Cinema City,575
10:50,Tafiti: Across the Desert,טפיטי: הרפתקה במדבר,https://tickets.cinema-city.co.il/order/832909?lang=en,https://tickets.cinema-city.co.il/order/832909?lang=he,Regular,2D,,Hebrew,2026-07-29,,,,81,9+,Ashdod,Cinema City,575
12:00,Tafiti: Across the Desert,טפיטי: הרפתקה במדבר,https://tickets.cinema-city.co.il/order/832828?lang=en,https://tickets.cinema-city.co.il/order/832828?lang=he,Regular,2D,,Hebrew,2026-07-29,,,,81,9+,Ashdod,Cinema City,575
14:10,Tafiti: Across the Desert,טפיטי: הרפתקה במדבר,https://tickets.cinema-city.co.il/order/832826?lang=en,https://tickets.cinema-city.co.il/order/832826?lang=he,Regular,2D,,Hebrew,2026-07-29,,,,81,9+,Ashdod,Cinema City,575
16:20,Tafiti: Across the Desert,טפיטי: הרפתקה במדבר,https://tickets.cinema-city.co.il/order/832824?lang=en,https://tickets.cinema-city.co.il/order/832824?lang=he,Regular,2D,,Hebrew,2026-07-29,,,,81,9+,Ashdod,Cinema City,575
21:00,Cuz You're Ugly,כי את מכוערת,https://tickets.cinema-city.co.il/order/832679?lang=en,https://tickets.cinema-city.co.il/order/832679?lang=he,Regular,2D,,,2026-07-27,,,,83,12+,Ashdod,Cinema City,575
19:40,Cuz You're Ugly,כי את מכוערת,https://tickets.cinema-city.co.il/order/832756?lang=en,https://tickets.cinema-city.co.il/order/832756?lang=he,Regular,2D,,,2026-07-28,,,,83,12+,Ashdod,Cinema City,575
21:50,Cuz You're Ugly,כי את מכוערת,https://tickets.cinema-city.co.il/order/832758?lang=en,https://tickets.cinema-city.co.il/order/832758?lang=he,Regular,2D,,,2026-07-28,,,,83,12+,Ashdod,Cinema City,575
19:30,One Night Only,לגמור את הלילה,https://tickets.cinema-city.co.il/order/830654?lang=en,https://tickets.cinema-city.co.il/order/830654?lang=he,Regular,2D,,,2026-07-28,,,,102,14+,Ashdod,Cinema City,575
22:00,One Night Only,לגמור את הלילה,https://tickets.cinema-city.co.il/order/830655?lang=en,https://tickets.cinema-city.co.il/order/830655?lang=he,Regular,2D,,,2026-07-28,,,,102,14+,Ashdod,Cinema City,575
23:10,One Night Only,לגמור את הלילה,https://tickets.cinema-city.co.il/order/832786?lang=en,https://tickets.cinema-city.co.il/order/832786?lang=he,Regular,2D,,,2026-07-28,,,,102,14+,Ashdod,Cinema City,575
11:40,Moana (Live Action),מואנה (לייב אקשן),https://tickets.cinema-city.co.il/order/832694?lang=en,https://tickets.cinema-city.co.il/order/832694?lang=he,Regular,2D,,Hebrew,2026-07-27,,,,115,All,Ashdod,Cinema City,575
14:30,Moana (Live Action),מואנה (לייב אקשן),https://tickets.cinema-city.co.il/order/832722?lang=en,https://tickets.cinema-city.co.il/order/832722?lang=he,Regular,2D,,Hebrew,2026-07-27,,,,115,All,Ashdod,Cinema City,575
17:20,Moana (Live Action),מואנה (לייב אקשן),https://tickets.cinema-city.co.il/order/832719?lang=en,https://tickets.cinema-city.co.il/order/832719?lang=he,Regular,2D,,Hebrew,2026-07-27,,,,115,All,Ashdod,Cinema City,575
11:50,Moana (Live Action),מואנה (לייב אקשן),https://tickets.cinema-city.co.il/order/832773?lang=en,https://tickets.cinema-city.co.il/order/832773?lang=he,Regular,2D,,Hebrew,2026-07-28,,,,115,All,Ashdod,Cinema City,575
17:50,Moana (Live Action),מואנה (לייב אקשן),https://tickets.cinema-city.co.il/order/832738?lang=en,https://tickets.cinema-city.co.il/order/832738?lang=he,Regular,2D,,Hebrew,2026-07-28,,,,115,All,Ashdod,Cinema City,575
12:30,Moana (Live Action),מואנה (לייב אקשן),https://tickets.cinema-city.co.il/order/832864?lang=en,https://tickets.cinema-city.co.il/order/832864?lang=he,Regular,2D,,Hebrew,2026-07-29,,,,115,All,Ashdod,Cinema City,575
15:00,Moana (Live Action),מואנה (לייב אקשן),https://tickets.cinema-city.co.il/order/832862?lang=en,https://tickets.cinema-city.co.il/order/832862?lang=he,Regular,2D,,Hebrew,2026-07-29,,,,115,All,Ashdod,Cinema City,575
17:30,Moana (Live Action),מואנה (לייב אקשן),https://tickets.cinema-city.co.il/order/832860?lang=en,https://tickets.cinema-city.co.il/order/832860?lang=he,Regular,2D,,Hebrew,2026-07-29,,,,115,All,Ashdod,Cinema City,575
11:30,School of Magical Animals 3,סוד החיות הקסומות 3,https://tickets.cinema-city.co.il/order/832665?lang=en,https://tickets.cinema-city.co.il/order/832665?lang=he,Regular,2D,,Hebrew,2026-07-27,,,,105,All,Ashdod,Cinema City,575
14:10,School of Magical Animals 3,סוד החיות הקסומות 3,https://tickets.cinema-city.co.il/order/832666?lang=en,https://tickets.cinema-city.co.il/order/832666?lang=he,Regular,2D,,Hebrew,2026-07-27,,,,105,All,Ashdod,Cinema City,575
16:50,School of Magical Animals 3,סוד החיות הקסומות 3,https://tickets.cinema-city.co.il/order/832664?lang=en,https://tickets.cinema-city.co.il/order/832664?lang=he,Regular,2D,,Hebrew,2026-07-27,,,,105,All,Ashdod,Cinema City,575
11:20,School of Magical Animals 3,סוד החיות הקסומות 3,https://tickets.cinema-city.co.il/order/832778?lang=en,https://tickets.cinema-city.co.il/order/832778?lang=he,Regular,2D,,Hebrew,2026-07-28,,,,105,All,Ashdod,Cinema City,575
15:15,School of Magical Animals 3,סוד החיות הקסומות 3,https://tickets.cinema-city.co.il/order/832767?lang=en,https://tickets.cinema-city.co.il/order/832767?lang=he,Regular,2D,,Hebrew,2026-07-28,,,,105,All,Ashdod,Cinema City,575
17:50,School of Magical Animals 3,סוד החיות הקסומות 3,https://tickets.cinema-city.co.il/order/832768?lang=en,https://tickets.cinema-city.co.il/order/832768?lang=he,Regular,2D,,Hebrew,2026-07-28,,,,105,All,Ashdod,Cinema City,575
10:00,School of Magical Animals 3,סוד החיות הקסומות 3,https://tickets.cinema-city.co.il/order/832850?lang=en,https://tickets.cinema-city.co.il/order/832850?lang=he,Regular,2D,,Hebrew,2026-07-29,,,,105,All,Ashdod,Cinema City,575
12:40,School of Magical Animals 3,סוד החיות הקסומות 3,https://tickets.cinema-city.co.il/order/832848?lang=en,https://tickets.cinema-city.co.il/order/832848?lang=he,Regular,2D,,Hebrew,2026-07-29,,,,105,All,Ashdod,Cinema City,575
15:15,School of Magical Animals 3,סוד החיות הקסומות 3,https://tickets.cinema-city.co.il/order/832846?lang=en,https://tickets.cinema-city.co.il/order/832846?lang=he,Regular,2D,,Hebrew,2026-07-29,,,,105,All,Ashdod,Cinema City,575
17:50,School of Magical Animals 3,סוד החיות הקסומות 3,https://tickets.cinema-city.co.il/order/832845?lang=en,https://tickets.cinema-city.co.il/order/832845?lang=he,Regular,2D,,Hebrew,2026-07-29,,,,105,All,Ashdod,Cinema City,575
14:15,סולטיז הסרט,סולטיז הסרט-וולוג ה-100,https://tickets.cinema-city.co.il/order/832675?lang=en,https://tickets.cinema-city.co.il/order/832675?lang=he,Regular,2D,,,2026-07-27,,,,100,All,Ashdod,Cinema City,575
16:45,סולטיז הסרט,סולטיז הסרט-וולוג ה-100,https://tickets.cinema-city.co.il/order/832676?lang=en,https://tickets.cinema-city.co.il/order/832676?lang=he,Regular,2D,,,2026-07-27,,,,100,All,Ashdod,Cinema City,575
18:50,סולטיז הסרט,סולטיז הסרט-וולוג ה-100,https://tickets.cinema-city.co.il/order/832691?lang=en,https://tickets.cinema-city.co.il/order/832691?lang=he,Regular,2D,,,2026-07-27,,,,100,All,Ashdod,Cinema City,575
14:50,סולטיז הסרט,סולטיז הסרט-וולוג ה-100,https://tickets.cinema-city.co.il/order/832760?lang=en,https://tickets.cinema-city.co.il/order/832760?lang=he,Regular,2D,,,2026-07-28,,,,100,All,Ashdod,Cinema City,575
17:00,סולטיז הסרט,סולטיז הסרט-וולוג ה-100,https://tickets.cinema-city.co.il/order/832759?lang=en,https://tickets.cinema-city.co.il/order/832759?lang=he,Regular,2D,,,2026-07-28,,,,100,All,Ashdod,Cinema City,575
10:40,סולטיז הסרט,סולטיז הסרט-וולוג ה-100,https://tickets.cinema-city.co.il/order/832899?lang=en,https://tickets.cinema-city.co.il/order/832899?lang=he,Regular,2D,,,2026-07-29,,,,100,All,Ashdod,Cinema City,575
13:45,סולטיז הסרט,סולטיז הסרט-וולוג ה-100,https://tickets.cinema-city.co.il/order/832895?lang=en,https://tickets.cinema-city.co.il/order/832895?lang=he,Regular,2D,,,2026-07-29,,,,100,All,Ashdod,Cinema City,575
16:15,סולטיז הסרט,סולטיז הסרט-וולוג ה-100,https://tickets.cinema-city.co.il/order/832893?lang=en,https://tickets.cinema-city.co.il/order/832893?lang=he,Regular,2D,,,2026-07-29,,,,100,All,Ashdod,Cinema City,575
10:00,Three Wishes for Cinderella,סינדרלה ושלוש המשאלות,https://tickets.cinema-city.co.il/order/832736?lang=en,https://tickets.cinema-city.co.il/order/832736?lang=he,Regular,2D,,Hebrew,2026-07-27,,,,85,All,Ashdod,Cinema City,575
11:30,Three Wishes for Cinderella,סינדרלה ושלוש המשאלות,https://tickets.cinema-city.co.il/order/832672?lang=en,https://tickets.cinema-city.co.il/order/832672?lang=he,Regular,2D,,Hebrew,2026-07-27,,,,85,All,Ashdod,Cinema City,575
13:40,Three Wishes for Cinderella,סינדרלה ושלוש המשאלות,https://tickets.cinema-city.co.il/order/832663?lang=en,https://tickets.cinema-city.co.il/order/832663?lang=he,Regular,2D,,Hebrew,2026-07-27,,,,85,All,Ashdod,Cinema City,575
15:50,Three Wishes for Cinderella,סינדרלה ושלוש המשאלות,https://tickets.cinema-city.co.il/order/832695?lang=en,https://tickets.cinema-city.co.il/order/832695?lang=he,Regular,2D,,Hebrew,2026-07-27,,,,85,All,Ashdod,Cinema City,575
10:30,Three Wishes for Cinderella,סינדרלה ושלוש המשאלות,https://tickets.cinema-city.co.il/order/832762?lang=en,https://tickets.cinema-city.co.il/order/832762?lang=he,Regular,2D,,Hebrew,2026-07-28,,,,85,All,Ashdod,Cinema City,575
14:45,Three Wishes for Cinderella,סינדרלה ושלוש המשאלות,https://tickets.cinema-city.co.il/order/832769?lang=en,https://tickets.cinema-city.co.il/order/832769?lang=he,Regular,2D,,Hebrew,2026-07-28,,,,85,All,Ashdod,Cinema City,575
10:00,Three Wishes for Cinderella,סינדרלה ושלוש המשאלות,https://tickets.cinema-city.co.il/order/832843?lang=en,https://tickets.cinema-city.co.il/order/832843?lang=he,Regular,2D,,Hebrew,2026-07-29,,,,85,All,Ashdod,Cinema City,575
12:10,Three Wishes for Cinderella,סינדרלה ושלוש המשאלות,https://tickets.cinema-city.co.il/order/832842?lang=en,https://tickets.cinema-city.co.il/order/832842?lang=he,Regular,2D,,Hebrew,2026-07-29,,,,85,All,Ashdod,Cinema City,575
14:20,Three Wishes for Cinderella,סינדרלה ושלוש המשאלות,https://tickets.cinema-city.co.il/order/832840?lang=en,https://tickets.cinema-city.co.il/order/832840?lang=he,Regular,2D,,Hebrew,2026-07-29,,,,85,All,Ashdod,Cinema City,575
16:30,Three Wishes for Cinderella,סינדרלה ושלוש המשאלות,https://tickets.cinema-city.co.il/order/832838?lang=en,https://tickets.cinema-city.co.il/order/832838?lang=he,Regular,2D,,Hebrew,2026-07-29,,,,85,All,Ashdod,Cinema City,575
10:40,SPIDERMAN: BRAND NEW DAY,ספיידרמן: יום חדש,https://tickets.cinema-city.co.il/order/832889?lang=en,https://tickets.cinema-city.co.il/order/832889?lang=he,Regular,2D,,,2026-07-29,,,,150,,Ashdod,Cinema City,575
11:30,SPIDERMAN: BRAND NEW DAY,ספיידרמן: יום חדש,https://tickets.cinema-city.co.il/order/813886?lang=en,https://tickets.cinema-city.co.il/order/813886?lang=he,Regular,2D,,,2026-07-29,,,,150,,Ashdod,Cinema City,575
13:10,SPIDERMAN: BRAND NEW DAY,ספיידרמן: יום חדש,https://tickets.cinema-city.co.il/order/813889?lang=en,https://tickets.cinema-city.co.il/order/813889?lang=he,Regular,2D,,,2026-07-29,,,,150,,Ashdod,Cinema City,575
14:00,SPIDERMAN: BRAND NEW DAY,ספיידרמן: יום חדש,https://tickets.cinema-city.co.il/order/832887?lang=en,https://tickets.cinema-city.co.il/order/832887?lang=he,Regular,2D,,,2026-07-29,,,,150,,Ashdod,Cinema City,575
14:50,SPIDERMAN: BRAND NEW DAY,ספיידרמן: יום חדש,https://tickets.cinema-city.co.il/order/813885?lang=en,https://tickets.cinema-city.co.il/order/813885?lang=he,Regular,2D,,,2026-07-29,,,,150,,Ashdod,Cinema City,575
16:30,SPIDERMAN: BRAND NEW DAY,ספיידרמן: יום חדש,https://tickets.cinema-city.co.il/order/813888?lang=en,https://tickets.cinema-city.co.il/order/813888?lang=he,Regular,2D,,,2026-07-29,,,,150,,Ashdod,Cinema City,575
17:20,SPIDERMAN: BRAND NEW DAY,ספיידרמן: יום חדש,https://tickets.cinema-city.co.il/order/832885?lang=en,https://tickets.cinema-city.co.il/order/832885?lang=he,Regular,2D,,,2026-07-29,,,,150,,Ashdod,Cinema City,575
18:10,SPIDERMAN: BRAND NEW DAY,ספיידרמן: יום חדש,https://tickets.cinema-city.co.il/order/813884?lang=en,https://tickets.cinema-city.co.il/order/813884?lang=he,Regular,2D,,,2026-07-29,,,,150,,Ashdod,Cinema City,575
19:50,SPIDERMAN: BRAND NEW DAY,ספיידרמן: יום חדש,https://tickets.cinema-city.co.il/order/813887?lang=en,https://tickets.cinema-city.co.il/order/813887?lang=he,Regular,2D,,,2026-07-29,,,,150,,Ashdod,Cinema City,575
21:30,SPIDERMAN: BRAND NEW DAY,ספיידרמן: יום חדש,https://tickets.cinema-city.co.il/order/813883?lang=en,https://tickets.cinema-city.co.il/order/813883?lang=he,Regular,2D,,,2026-07-29,,,,150,,Ashdod,Cinema City,575
22:20,SPIDERMAN: BRAND NEW DAY,ספיידרמן: יום חדש,https://tickets.cinema-city.co.il/order/832882?lang=en,https://tickets.cinema-city.co.il/order/832882?lang=he,Regular,2D,,,2026-07-29,,,,150,,Ashdod,Cinema City,575
23:10,SPIDERMAN: BRAND NEW DAY,ספיידרמן: יום חדש,https://tickets.cinema-city.co.il/order/813890?lang=en,https://tickets.cinema-city.co.il/order/813890?lang=he,Regular,2D,,,2026-07-29,,,,150,,Ashdod,Cinema City,575
11:20,SPIDERMAN: BRAND NEW DAY,ספיידרמן: יום חדש,https://tickets.cinema-city.co.il/order/813998?lang=en,https://tickets.cinema-city.co.il/order/813998?lang=he,Regular,2D,,,2026-07-30,,,,150,,Ashdod,Cinema City,575
13:10,SPIDERMAN: BRAND NEW DAY,ספיידרמן: יום חדש,https://tickets.cinema-city.co.il/order/814003?lang=en,https://tickets.cinema-city.co.il/order/814003?lang=he,Regular,2D,,,2026-07-30,,,,150,,Ashdod,Cinema City,575
14:40,SPIDERMAN: BRAND NEW DAY,ספיידרמן: יום חדש,https://tickets.cinema-city.co.il/order/813996?lang=en,https://tickets.cinema-city.co.il/order/813996?lang=he,Regular,2D,,,2026-07-30,,,,150,,Ashdod,Cinema City,575
16:30,SPIDERMAN: BRAND NEW DAY,ספיידרמן: יום חדש,https://tickets.cinema-city.co.il/order/814001?lang=en,https://tickets.cinema-city.co.il/order/814001?lang=he,Regular,2D,,,2026-07-30,,,,150,,Ashdod,Cinema City,575
18:10,SPIDERMAN: BRAND NEW DAY,ספיידרמן: יום חדש,https://tickets.cinema-city.co.il/order/830530?lang=en,https://tickets.cinema-city.co.il/order/830530?lang=he,Regular,2D,,,2026-07-30,,,,150,,Ashdod,Cinema City,575
19:50,SPIDERMAN: BRAND NEW DAY,ספיידרמן: יום חדש,https://tickets.cinema-city.co.il/order/813999?lang=en,https://tickets.cinema-city.co.il/order/813999?lang=he,Regular,2D,,,2026-07-30,,,,150,,Ashdod,Cinema City,575
21:30,SPIDERMAN: BRAND NEW DAY,ספיידרמן: יום חדש,https://tickets.cinema-city.co.il/order/813992?lang=en,https://tickets.cinema-city.co.il/order/813992?lang=he,Regular,2D,,,2026-07-30,,,,150,,Ashdod,Cinema City,575
23:10,SPIDERMAN: BRAND NEW DAY,ספיידרמן: יום חדש,https://tickets.cinema-city.co.il/order/814004?lang=en,https://tickets.cinema-city.co.il/order/814004?lang=he,Regular,2D,,,2026-07-30,,,,150,,Ashdod,Cinema City,575
12:00,SPIDERMAN: BRAND NEW DAY,ספיידרמן: יום חדש,https://tickets.cinema-city.co.il/order/835228?lang=en,https://tickets.cinema-city.co.il/order/835228?lang=he,Regular,2D,,,2026-07-31,,,,150,,Ashdod,Cinema City,575
13:10,SPIDERMAN: BRAND NEW DAY,ספיידרמן: יום חדש,https://tickets.cinema-city.co.il/order/814012?lang=en,https://tickets.cinema-city.co.il/order/814012?lang=he,Regular,2D,,,2026-07-31,,,,150,,Ashdod,Cinema City,575
15:20,SPIDERMAN: BRAND NEW DAY,ספיידרמן: יום חדש,https://tickets.cinema-city.co.il/order/814008?lang=en,https://tickets.cinema-city.co.il/order/814008?lang=he,Regular,2D,,,2026-07-31,,,,150,,Ashdod,Cinema City,575
16:30,SPIDERMAN: BRAND NEW DAY,ספיידרמן: יום חדש,https://tickets.cinema-city.co.il/order/814011?lang=en,https://tickets.cinema-city.co.il/order/814011?lang=he,Regular,2D,,,2026-07-31,,,,150,,Ashdod,Cinema City,575
18:40,SPIDERMAN: BRAND NEW DAY,ספיידרמן: יום חדש,https://tickets.cinema-city.co.il/order/814007?lang=en,https://tickets.cinema-city.co.il/order/814007?lang=he,Regular,2D,,,2026-07-31,,,,150,,Ashdod,Cinema City,575
19:50,SPIDERMAN: BRAND NEW DAY,ספיידרמן: יום חדש,https://tickets.cinema-city.co.il/order/814010?lang=en,https://tickets.cinema-city.co.il/order/814010?lang=he,Regular,2D,,,2026-07-31,,,,150,,Ashdod,Cinema City,575
22:00,SPIDERMAN: BRAND NEW DAY,ספיידרמן: יום חדש,https://tickets.cinema-city.co.il/order/814006?lang=en,https://tickets.cinema-city.co.il/order/814006?lang=he,Regular,2D,,,2026-07-31,,,,150,,Ashdod,Cinema City,575
23:10,SPIDERMAN: BRAND NEW DAY,ספיידרמן: יום חדש,https://tickets.cinema-city.co.il/order/814013?lang=en,https://tickets.cinema-city.co.il/order/814013?lang=he,Regular,2D,,,2026-07-31,,,,150,,Ashdod,Cinema City,575
11:50,SPIDERMAN: BRAND NEW DAY,ספיידרמן: יום חדש,https://tickets.cinema-city.co.il/order/814024?lang=en,https://tickets.cinema-city.co.il/order/814024?lang=he,Regular,2D,,,2026-08-01,,,,150,,Ashdod,Cinema City,575
13:10,SPIDERMAN: BRAND NEW DAY,ספיידרמן: יום חדש,https://tickets.cinema-city.co.il/order/814027?lang=en,https://tickets.cinema-city.co.il/order/814027?lang=he,Regular,2D,,,2026-08-01,,,,150,,Ashdod,Cinema City,575
15:10,SPIDERMAN: BRAND NEW DAY,ספיידרמן: יום חדש,https://tickets.cinema-city.co.il/order/814023?lang=en,https://tickets.cinema-city.co.il/order/814023?lang=he,Regular,2D,,,2026-08-01,,,,150,,Ashdod,Cinema City,575
16:30,SPIDERMAN: BRAND NEW DAY,ספיידרמן: יום חדש,https://tickets.cinema-city.co.il/order/814026?lang=en,https://tickets.cinema-city.co.il/order/814026?lang=he,Regular,2D,,,2026-08-01,,,,150,,Ashdod,Cinema City,575
18:30,SPIDERMAN: BRAND NEW DAY,ספיידרמן: יום חדש,https://tickets.cinema-city.co.il/order/814021?lang=en,https://tickets.cinema-city.co.il/order/814021?lang=he,Regular,2D,,,2026-08-01,,,,150,,Ashdod,Cinema City,575
19:50,SPIDERMAN: BRAND NEW DAY,ספיידרמן: יום חדש,https://tickets.cinema-city.co.il/order/814025?lang=en,https://tickets.cinema-city.co.il/order/814025?lang=he,Regular,2D,,,2026-08-01,,,,150,,Ashdod,Cinema City,575
21:50,SPIDERMAN: BRAND NEW DAY,ספיידרמן: יום חדש,https://tickets.cinema-city.co.il/order/814019?lang=en,https://tickets.cinema-city.co.il/order/814019?lang=he,Regular,2D,,,2026-08-01,,,,150,,Ashdod,Cinema City,575
11:30,קופה ראשית: הסרט,קופה ראשית: הסרט,https://tickets.cinema-city.co.il/order/832700?lang=en,https://tickets.cinema-city.co.il/order/832700?lang=he,Regular,2D,,,2026-07-27,,,,91,All,Ashdod,Cinema City,575
13:50,קופה ראשית: הסרט,קופה ראשית: הסרט,https://tickets.cinema-city.co.il/order/832699?lang=en,https://tickets.cinema-city.co.il/order/832699?lang=he,Regular,2D,,,2026-07-27,,,,91,All,Ashdod,Cinema City,575
15:10,קופה ראשית: הסרט,קופה ראשית: הסרט,https://tickets.cinema-city.co.il/order/832733?lang=en,https://tickets.cinema-city.co.il/order/832733?lang=he,Regular,2D,,,2026-07-27,,,,91,All,Ashdod,Cinema City,575
16:10,קופה ראשית: הסרט,קופה ראשית: הסרט,https://tickets.cinema-city.co.il/order/832708?lang=en,https://tickets.cinema-city.co.il/order/832708?lang=he,Regular,2D,,,2026-07-27,,,,91,All,Ashdod,Cinema City,575
17:30,קופה ראשית: הסרט,קופה ראשית: הסרט,https://tickets.cinema-city.co.il/order/832732?lang=en,https://tickets.cinema-city.co.il/order/832732?lang=he,Regular,2D,,,2026-07-27,,,,91,All,Ashdod,Cinema City,575
18:30,קופה ראשית: הסרט,קופה ראשית: הסרט,https://tickets.cinema-city.co.il/order/832713?lang=en,https://tickets.cinema-city.co.il/order/832713?lang=he,Regular,2D,,,2026-07-27,,,,91,All,Ashdod,Cinema City,575
19:50,קופה ראשית: הסרט,קופה ראשית: הסרט,https://tickets.cinema-city.co.il/order/832730?lang=en,https://tickets.cinema-city.co.il/order/832730?lang=he,Regular,2D,,,2026-07-27,,,,91,All,Ashdod,Cinema City,575
20:50,קופה ראשית: הסרט,קופה ראשית: הסרט,https://tickets.cinema-city.co.il/order/832714?lang=en,https://tickets.cinema-city.co.il/order/832714?lang=he,Regular,2D,,,2026-07-27,,,,91,All,Ashdod,Cinema City,575
21:30,קופה ראשית: הסרט,קופה ראשית: הסרט,https://tickets.cinema-city.co.il/order/832734?lang=en,https://tickets.cinema-city.co.il/order/832734?lang=he,Regular,2D,,,2026-07-27,,,,91,All,Ashdod,Cinema City,575
22:10,קופה ראשית: הסרט,קופה ראשית: הסרט,https://tickets.cinema-city.co.il/order/832731?lang=en,https://tickets.cinema-city.co.il/order/832731?lang=he,Regular,2D,,,2026-07-27,,,,91,All,Ashdod,Cinema City,575
11:30,קופה ראשית: הסרט,קופה ראשית: הסרט,https://tickets.cinema-city.co.il/order/832771?lang=en,https://tickets.cinema-city.co.il/order/832771?lang=he,Regular,2D,,,2026-07-28,,,,91,All,Ashdod,Cinema City,575
16:10,קופה ראשית: הסרט,קופה ראשית: הסרט,https://tickets.cinema-city.co.il/order/832746?lang=en,https://tickets.cinema-city.co.il/order/832746?lang=he,Regular,2D,,,2026-07-28,,,,91,All,Ashdod,Cinema City,575
18:30,קופה ראשית: הסרט,קופה ראשית: הסרט,https://tickets.cinema-city.co.il/order/832743?lang=en,https://tickets.cinema-city.co.il/order/832743?lang=he,Regular,2D,,,2026-07-28,,,,91,All,Ashdod,Cinema City,575
19:30,קופה ראשית: הסרט,קופה ראשית: הסרט,https://tickets.cinema-city.co.il/order/832748?lang=en,https://tickets.cinema-city.co.il/order/832748?lang=he,Regular,2D,,,2026-07-28,,,,91,All,Ashdod,Cinema City,575
20:50,קופה ראשית: הסרט,קופה ראשית: הסרט,https://tickets.cinema-city.co.il/order/832742?lang=en,https://tickets.cinema-city.co.il/order/832742?lang=he,Regular,2D,,,2026-07-28,,,,91,All,Ashdod,Cinema City,575
21:50,קופה ראשית: הסרט,קופה ראשית: הסרט,https://tickets.cinema-city.co.il/order/832750?lang=en,https://tickets.cinema-city.co.il/order/832750?lang=he,Regular,2D,,,2026-07-28,,,,91,All,Ashdod,Cinema City,575
12:30,קופה ראשית: הסרט,קופה ראשית: הסרט,https://tickets.cinema-city.co.il/order/832903?lang=en,https://tickets.cinema-city.co.il/order/832903?lang=he,Regular,2D,,,2026-07-29,,,,91,All,Ashdod,Cinema City,575
14:50,קופה ראשית: הסרט,קופה ראשית: הסרט,https://tickets.cinema-city.co.il/order/832902?lang=en,https://tickets.cinema-city.co.il/order/832902?lang=he,Regular,2D,,,2026-07-29,,,,91,All,Ashdod,Cinema City,575
17:10,קופה ראשית: הסרט,קופה ראשית: הסרט,https://tickets.cinema-city.co.il/order/832901?lang=en,https://tickets.cinema-city.co.il/order/832901?lang=he,Regular,2D,,,2026-07-29,,,,91,All,Ashdod,Cinema City,575
19:30,קופה ראשית: הסרט,קופה ראשית: הסרט,https://tickets.cinema-city.co.il/order/832868?lang=en,https://tickets.cinema-city.co.il/order/832868?lang=he,Regular,2D,,,2026-07-29,,,,91,All,Ashdod,Cinema City,575
20:30,קופה ראשית: הסרט,קופה ראשית: הסרט,https://tickets.cinema-city.co.il/order/832870?lang=en,https://tickets.cinema-city.co.il/order/832870?lang=he,Regular,2D,,,2026-07-29,,,,91,All,Ashdod,Cinema City,575
21:50,קופה ראשית: הסרט,קופה ראשית: הסרט,https://tickets.cinema-city.co.il/order/832872?lang=en,https://tickets.cinema-city.co.il/order/832872?lang=he,Regular,2D,,,2026-07-29,,,,91,All,Ashdod,Cinema City,575
22:50,קופה ראשית: הסרט,קופה ראשית: הסרט,https://tickets.cinema-city.co.il/order/832871?lang=en,https://tickets.cinema-city.co.il/order/832871?lang=he,Regular,2D,,,2026-07-29,,,,91,All,Ashdod,Cinema City,575
